deployment_id,personnel_id,unit_id,location_type,deployment_type,start_date,end_date,is_current
P00001-D001,P00001,U002,field,operational,2026-04-10,,True
P00001-D002,P00001,U002,field,operational,2025-01-29,2026-04-09,False
P00001-D003,P00001,U002,field,training,2024-02-11,2025-01-28,False
P00001-D004,P00001,U002,hard_area,training,2023-07-22,2024-02-10,False
P00001-D005,P00001,U002,static_station,operational,2022-11-18,2023-07-21,False
P00002-D001,P00002,U015,field,operational,2024-06-10,,True
P00002-D002,P00002,U015,hard_area,training,2024-02-06,2024-06-09,False
P00002-D003,P00002,U015,field,operational,2022-09-03,2024-02-05,False
P00002-D004,P00002,U015,static_station,training,2021-05-20,2022-09-02,False
P00002-D005,P00002,U015,static_station,operational,2020-08-11,2021-05-19,False
P00002-D006,P00002,U015,field,training,2018-12-26,2020-08-10,False
P00002-D007,P00002,U015,field,training,2017-05-08,2018-12-25,False
P00002-D008,P00002,U015,hard_area,operational,2016-05-01,2017-05-07,False
P00003-D001,P00003,U013,hard_area,operational,2024-03-06,,True
P00003-D002,P00003,U013,field,operational,2023-08-30,2024-03-05,False
P00004-D001,P00004,U004,static_station,static,2025-08-01,,True
P00004-D002,P00004,U004,static_station,static,2024-10-13,2025-07-31,False
P00005-D001,P00005,U014,static_station,static,2023-12-05,,True
P00005-D002,P00005,U014,hard_area,training,2023-04-12,2023-12-04,False
P00005-D003,P00005,U014,static_station,operational,2021-10-28,2023-04-11,False
P00005-D004,P00005,U014,hard_area,static,2020-11-16,2021-10-27,False
P00005-D005,P00005,U014,field,operational,2019-07-01,2020-11-15,False
P00005-D006,P00005,U014,field,operational,2018-09-20,2019-06-30,False
P00006-D001,P00006,U009,static_station,static,2025-08-03,,True
P00006-D002,P00006,U009,static_station,training,2024-07-18,2025-08-02,False
P00006-D003,P00006,U009,field,static,2022-12-08,2024-07-17,False
P00006-D004,P00006,U009,hard_area,operational,2021-07-01,2022-12-07,False
P00006-D005,P00006,U009,hard_area,static,2020-03-13,2021-06-30,False
P00006-D006,P00006,U009,hard_area,training,2018-07-15,2020-03-12,False
P00006-D007,P00006,U009,field,static,2017-08-07,2018-07-14,False
P00007-D001,P00007,U015,static_station,operational,2025-02-15,,True
P00007-D002,P00007,U015,field,training,2024-07-21,2025-02-14,False
P00007-D003,P00007,U015,static_station,training,2024-03-21,2024-07-20,False
P00007-D004,P00007,U015,hard_area,static,2023-01-31,2024-03-20,False
P00007-D005,P00007,U015,field,operational,2021-10-20,2023-01-30,False
P00007-D006,P00007,U015,static_station,operational,2021-06-19,2021-10-19,False
P00007-D007,P00007,U015,static_station,static,2019-10-07,2021-06-18,False
P00007-D008,P00007,U015,field,operational,2018-08-04,2019-10-06,False
P00008-D001,P00008,U015,hard_area,operational,2026-03-16,,True
P00008-D002,P00008,U015,static_station,operational,2025-11-13,2026-03-15,False
P00008-D003,P00008,U015,static_station,training,2025-01-13,2025-11-12,False
P00009-D001,P00009,U007,static_station,static,2024-10-31,,True
P00009-D002,P00009,U007,static_station,training,2023-11-18,2024-10-30,False
P00009-D003,P00009,U007,field,static,2022-04-09,2023-11-17,False
P00010-D001,P00010,U006,field,operational,2024-11-30,,True
P00010-D002,P00010,U006,field,static,2024-07-30,2024-11-29,False
P00010-D003,P00010,U006,field,training,2023-03-16,2024-07-29,False
P00010-D004,P00010,U006,static_station,static,2022-04-16,2023-03-15,False
P00010-D005,P00010,U006,hard_area,training,2021-04-21,2022-04-15,False
P00011-D001,P00011,U007,static_station,static,2026-01-08,,True
P00011-D002,P00011,U007,static_station,static,2024-08-07,2026-01-07,False
P00011-D003,P00011,U007,field,training,2023-08-11,2024-08-06,False
P00011-D004,P00011,U007,field,operational,2022-05-30,2023-08-10,False
P00011-D005,P00011,U007,hard_area,training,2021-02-09,2022-05-29,False
P00011-D006,P00011,U007,field,static,2018-08-17,2021-02-08,False
P00011-D007,P00011,U007,field,static,2017-03-09,2018-08-16,False
P00011-D008,P00011,U007,field,training,2014-12-28,2017-03-08,False
P00012-D001,P00012,U001,static_station,operational,2025-08-19,,True
P00012-D002,P00012,U001,hard_area,training,2024-02-19,2025-08-18,False
P00012-D003,P00012,U001,field,static,2022-02-02,2024-02-18,False
P00012-D004,P00012,U001,field,operational,2020-04-07,2022-02-01,False
P00012-D005,P00012,U001,hard_area,static,2018-12-01,2020-04-06,False
P00012-D006,P00012,U001,field,static,2017-04-24,2018-11-30,False
P00012-D007,P00012,U001,static_station,operational,2016-04-12,2017-04-23,False
P00012-D008,P00012,U001,field,static,2015-04-23,2016-04-11,False
P00013-D001,P00013,U013,field,operational,2024-10-18,,True
P00013-D002,P00013,U013,field,training,2023-10-29,2024-10-17,False
P00013-D003,P00013,U013,static_station,static,2022-11-19,2023-10-28,False
P00014-D001,P00014,U004,static_station,static,2024-04-23,,True
P00014-D002,P00014,U004,hard_area,operational,2022-11-20,2024-04-22,False
P00014-D003,P00014,U004,field,training,2022-04-05,2022-11-19,False
P00014-D004,P00014,U004,hard_area,static,2021-02-26,2022-04-04,False
P00014-D005,P00014,U004,field,static,2020-01-07,2021-02-25,False
P00014-D006,P00014,U004,hard_area,operational,2019-07-23,2020-01-06,False
P00015-D001,P00015,U008,field,operational,2026-02-10,,True
P00015-D002,P00015,U008,static_station,training,2023-12-26,2026-02-09,False
P00016-D001,P00016,U016,field,operational,2025-08-22,,True
P00016-D002,P00016,U016,field,static,2024-07-21,2025-08-21,False
P00016-D003,P00016,U016,hard_area,operational,2023-04-19,2024-07-20,False
P00016-D004,P00016,U016,static_station,training,2021-12-23,2023-04-18,False
P00016-D005,P00016,U016,field,static,2021-04-15,2021-12-22,False
P00016-D006,P00016,U016,static_station,static,2020-06-29,2021-04-14,False
P00017-D001,P00017,U003,static_station,static,2024-11-14,,True
P00017-D002,P00017,U003,static_station,training,2022-10-08,2024-11-13,False
P00017-D003,P00017,U003,hard_area,static,2022-01-30,2022-10-07,False
P00017-D004,P00017,U003,static_station,operational,2019-08-17,2022-01-29,False
P00017-D005,P00017,U003,static_station,static,2018-07-01,2019-08-16,False
P00017-D006,P00017,U003,static_station,operational,2016-08-29,2018-06-30,False
P00017-D007,P00017,U003,field,static,2015-07-08,2016-08-28,False
P00017-D008,P00017,U003,hard_area,operational,2014-04-26,2015-07-07,False
P00018-D001,P00018,U003,static_station,static,2024-08-25,,True
P00019-D001,P00019,U009,field,static,2023-07-28,,True
P00019-D002,P00019,U009,field,training,2022-03-09,2023-07-27,False
P00019-D003,P00019,U009,field,training,2021-05-05,2022-03-08,False
P00019-D004,P00019,U009,hard_area,training,2020-09-03,2021-05-04,False
P00019-D005,P00019,U009,hard_area,operational,2019-12-13,2020-09-02,False
P00020-D001,P00020,U012,field,operational,2024-05-01,,True
P00020-D002,P00020,U012,field,static,2023-07-16,2024-04-30,False
P00020-D003,P00020,U012,field,training,2022-03-24,2023-07-15,False
P00020-D004,P00020,U012,static_station,operational,2021-04-06,2022-03-23,False
P00020-D005,P00020,U012,field,operational,2020-11-03,2021-04-05,False
P00021-D001,P00021,U015,hard_area,operational,2026-04-10,,True
P00021-D002,P00021,U015,field,static,2025-04-19,2026-04-09,False
P00021-D003,P00021,U015,static_station,training,2024-12-07,2025-04-18,False
P00021-D004,P00021,U015,hard_area,training,2023-12-27,2024-12-06,False
P00021-D005,P00021,U015,hard_area,static,2022-05-29,2023-12-26,False
P00021-D006,P00021,U015,static_station,operational,2020-11-11,2022-05-28,False
P00021-D007,P00021,U015,static_station,static,2019-11-24,2020-11-10,False
P00021-D008,P00021,U015,static_station,static,2019-03-27,2019-11-23,False
P00022-D001,P00022,U007,static_station,static,2025-03-14,,True
P00022-D002,P00022,U007,hard_area,static,2024-11-11,2025-03-13,False
P00022-D003,P00022,U007,field,operational,2023-05-19,2024-11-10,False
P00022-D004,P00022,U007,hard_area,operational,2020-10-25,2023-05-18,False
P00022-D005,P00022,U007,field,operational,2018-11-15,2020-10-24,False
P00022-D006,P00022,U007,hard_area,operational,2017-07-28,2018-11-14,False
P00022-D007,P00022,U007,hard_area,training,2016-07-02,2017-07-27,False
P00022-D008,P00022,U007,hard_area,static,2015-11-19,2016-07-01,False
P00023-D001,P00023,U014,hard_area,static,2023-06-05,,True
P00023-D002,P00023,U014,field,static,2021-08-06,2023-06-04,False
P00023-D003,P00023,U014,static_station,static,2020-01-29,2021-08-05,False
P00023-D004,P00023,U014,static_station,training,2019-07-21,2020-01-28,False
P00024-D001,P00024,U010,hard_area,operational,2025-03-01,,True
P00024-D002,P00024,U010,hard_area,operational,2024-05-14,2025-02-28,False
P00025-D001,P00025,U014,static_station,static,2023-10-19,,True
P00025-D002,P00025,U014,hard_area,static,2022-10-24,2023-10-18,False
P00025-D003,P00025,U014,static_station,operational,2022-01-28,2022-10-23,False
P00025-D004,P00025,U014,field,training,2020-02-23,2022-01-27,False
P00025-D005,P00025,U014,field,static,2019-06-01,2020-02-22,False
P00025-D006,P00025,U014,field,training,2018-04-23,2019-05-31,False
P00025-D007,P00025,U014,hard_area,static,2016-07-26,2018-04-22,False
P00025-D008,P00025,U014,hard_area,training,2015-03-14,2016-07-25,False
P00026-D001,P00026,U016,field,operational,2025-10-16,,True
P00026-D002,P00026,U016,hard_area,operational,2025-02-16,2025-10-15,False
P00026-D003,P00026,U016,static_station,operational,2024-03-23,2025-02-15,False
P00026-D004,P00026,U016,field,training,2022-12-09,2024-03-22,False
P00026-D005,P00026,U016,field,training,2021-01-16,2022-12-08,False
P00026-D006,P00026,U016,field,operational,2020-05-14,2021-01-15,False
P00026-D007,P00026,U016,hard_area,training,2019-07-20,2020-05-13,False
P00026-D008,P00026,U016,field,training,2018-12-09,2019-07-19,False
P00027-D001,P00027,U011,hard_area,operational,2024-03-06,,True
P00027-D002,P00027,U011,hard_area,static,2023-10-22,2024-03-05,False
P00028-D001,P00028,U010,hard_area,operational,2025-04-10,,True
P00028-D002,P00028,U010,static_station,static,2023-07-01,2025-04-09,False
P00028-D003,P00028,U010,hard_area,training,2022-04-25,2023-06-30,False
P00028-D004,P00028,U010,field,static,2021-06-28,2022-04-24,False
P00028-D005,P00028,U010,hard_area,training,2020-05-13,2021-06-27,False
P00029-D001,P00029,U009,static_station,static,2024-08-01,,True
P00029-D002,P00029,U009,field,static,2023-08-12,2024-07-31,False
P00029-D003,P00029,U009,hard_area,static,2022-01-27,2023-08-11,False
P00029-D004,P00029,U009,static_station,training,2020-10-01,2022-01-26,False
P00029-D005,P00029,U009,hard_area,static,2019-07-14,2020-09-30,False
P00029-D006,P00029,U009,static_station,static,2018-03-15,2019-07-13,False
P00029-D007,P00029,U009,field,static,2016-09-04,2018-03-14,False
P00029-D008,P00029,U009,static_station,operational,2015-05-31,2016-09-03,False
P00030-D001,P00030,U016,static_station,operational,2026-03-07,,True
P00030-D002,P00030,U016,static_station,training,2024-11-28,2026-03-06,False
P00030-D003,P00030,U016,field,operational,2023-12-30,2024-11-27,False
P00031-D001,P00031,U006,hard_area,operational,2024-10-04,,True
P00031-D002,P00031,U006,hard_area,static,2024-02-11,2024-10-03,False
P00031-D003,P00031,U006,static_station,static,2023-10-12,2024-02-10,False
P00031-D004,P00031,U006,hard_area,static,2023-06-11,2023-10-11,False
P00031-D005,P00031,U006,hard_area,static,2022-08-09,2023-06-10,False
P00031-D006,P00031,U006,static_station,operational,2021-11-10,2022-08-08,False
P00031-D007,P00031,U006,field,training,2020-11-13,2021-11-09,False
P00031-D008,P00031,U006,hard_area,static,2020-06-28,2020-11-12,False
P00032-D001,P00032,U006,hard_area,operational,2025-08-02,,True
P00032-D002,P00032,U006,hard_area,training,2025-04-01,2025-08-01,False
P00032-D003,P00032,U006,static_station,static,2024-07-09,2025-03-31,False
P00032-D004,P00032,U006,hard_area,operational,2023-02-06,2024-07-08,False
P00032-D005,P00032,U006,static_station,training,2020-12-05,2023-02-05,False
P00032-D006,P00032,U006,field,static,2020-03-20,2020-12-04,False
P00032-D007,P00032,U006,hard_area,training,2018-08-12,2020-03-19,False
P00032-D008,P00032,U006,field,training,2018-01-17,2018-08-11,False
P00033-D001,P00033,U014,field,static,2025-09-26,,True
P00033-D002,P00033,U014,hard_area,training,2024-03-30,2025-09-25,False
P00033-D003,P00033,U014,hard_area,operational,2023-06-29,2024-03-29,False
P00034-D001,P00034,U012,hard_area,operational,2024-12-06,,True
P00034-D002,P00034,U012,hard_area,training,2023-01-24,2024-12-05,False
P00034-D003,P00034,U012,hard_area,operational,2022-09-14,2023-01-23,False
P00034-D004,P00034,U012,hard_area,operational,2021-10-02,2022-09-13,False
P00035-D001,P00035,U002,hard_area,operational,2026-04-08,,True
P00035-D002,P00035,U002,static_station,training,2024-03-16,2026-04-07,False
P00035-D003,P00035,U002,hard_area,training,2022-11-24,2024-03-15,False
P00036-D001,P00036,U014,hard_area,static,2024-07-05,,True
P00036-D002,P00036,U014,hard_area,operational,2022-06-22,2024-07-04,False
P00036-D003,P00036,U014,static_station,training,2020-05-02,2022-06-21,False
P00036-D004,P00036,U014,field,operational,2018-09-11,2020-05-01,False
P00036-D005,P00036,U014,hard_area,training,2017-03-31,2018-09-10,False
P00036-D006,P00036,U014,field,training,2016-11-28,2017-03-30,False
P00036-D007,P00036,U014,field,static,2015-11-14,2016-11-27,False
P00036-D008,P00036,U014,hard_area,static,2014-08-10,2015-11-13,False
P00037-D001,P00037,U003,field,static,2025-09-08,,True
P00037-D002,P00037,U003,static_station,training,2025-03-19,2025-09-07,False
P00038-D001,P00038,U016,field,operational,2024-02-07,,True
P00038-D002,P00038,U016,static_station,static,2023-04-20,2024-02-06,False
P00038-D003,P00038,U016,field,static,2021-10-10,2023-04-19,False
P00038-D004,P00038,U016,hard_area,operational,2021-01-27,2021-10-09,False
P00038-D005,P00038,U016,hard_area,static,2020-01-06,2021-01-26,False
P00038-D006,P00038,U016,hard_area,static,2019-09-06,2020-01-05,False
P00038-D007,P00038,U016,static_station,training,2018-03-16,2019-09-05,False
P00039-D001,P00039,U004,field,static,2023-07-11,,True
P00039-D002,P00039,U004,static_station,static,2022-02-21,2023-07-10,False
P00039-D003,P00039,U004,field,static,2020-09-06,2022-02-20,False
P00039-D004,P00039,U004,hard_area,static,2019-04-16,2020-09-05,False
P00039-D005,P00039,U004,static_station,static,2017-07-05,2019-04-15,False
P00039-D006,P00039,U004,hard_area,static,2016-12-14,2017-07-04,False
P00040-D001,P00040,U012,hard_area,operational,2025-01-23,,True
P00040-D002,P00040,U012,hard_area,static,2024-02-15,2025-01-22,False
P00041-D001,P00041,U001,static_station,operational,2023-12-18,,True
P00041-D002,P00041,U001,field,static,2023-07-28,2023-12-17,False
P00041-D003,P00041,U001,static_station,operational,2021-10-17,2023-07-27,False
P00041-D004,P00041,U001,hard_area,training,2020-08-25,2021-10-16,False
P00041-D005,P00041,U001,static_station,operational,2019-12-23,2020-08-24,False
P00041-D006,P00041,U001,hard_area,static,2018-12-24,2019-12-22,False
P00041-D007,P00041,U001,field,training,2018-01-05,2018-12-23,False
P00041-D008,P00041,U001,field,training,2016-08-07,2018-01-04,False
P00042-D001,P00042,U015,hard_area,operational,2024-12-04,,True
P00042-D002,P00042,U015,static_station,static,2024-05-16,2024-12-03,False
P00042-D003,P00042,U015,field,operational,2023-10-04,2024-05-15,False
P00042-D004,P00042,U015,field,operational,2022-06-25,2023-10-03,False
P00042-D005,P00042,U015,hard_area,static,2020-12-05,2022-06-24,False
P00042-D006,P00042,U015,static_station,training,2020-08-04,2020-12-04,False
P00043-D001,P00043,U010,hard_area,operational,2024-12-18,,True
P00043-D002,P00043,U010,field,operational,2023-11-15,2024-12-17,False
P00043-D003,P00043,U010,field,static,2022-04-24,2023-11-14,False
P00044-D001,P00044,U003,field,static,2025-03-20,,True
P00044-D002,P00044,U003,field,operational,2023-12-11,2025-03-19,False
P00044-D003,P00044,U003,hard_area,static,2022-04-21,2023-12-10,False
P00044-D004,P00044,U003,static_station,static,2021-06-07,2022-04-20,False
P00044-D005,P00044,U003,field,operational,2020-06-06,2021-06-06,False
P00044-D006,P00044,U003,static_station,training,2019-05-28,2020-06-05,False
P00045-D001,P00045,U003,static_station,static,2024-09-22,,True
P00045-D002,P00045,U003,hard_area,operational,2024-01-08,2024-09-21,False
P00045-D003,P00045,U003,static_station,static,2022-12-04,2024-01-07,False
P00045-D004,P00045,U003,hard_area,training,2021-06-30,2022-12-03,False
P00045-D005,P00045,U003,field,training,2021-02-27,2021-06-29,False
P00045-D006,P00045,U003,hard_area,operational,2019-06-15,2021-02-26,False
P00046-D001,P00046,U007,static_station,static,2026-07-29,,True
P00046-D002,P00046,U007,static_station,static,2025-09-12,2026-07-28,False
P00046-D003,P00046,U007,hard_area,operational,2024-11-30,2025-09-11,False
P00046-D004,P00046,U007,hard_area,training,2024-04-10,2024-11-29,False
P00046-D005,P00046,U007,static_station,operational,2022-06-12,2024-04-09,False
P00046-D006,P00046,U007,hard_area,operational,2021-06-25,2022-06-11,False
P00046-D007,P00046,U007,static_station,training,2020-06-17,2021-06-24,False
P00046-D008,P00046,U007,static_station,training,2019-08-18,2020-06-16,False
P00047-D001,P00047,U012,hard_area,operational,2025-04-11,,True
P00047-D002,P00047,U012,static_station,training,2024-04-16,2025-04-10,False
P00047-D003,P00047,U012,hard_area,static,2023-05-20,2024-04-15,False
P00047-D004,P00047,U012,field,static,2022-09-04,2023-05-19,False
P00047-D005,P00047,U012,hard_area,training,2021-08-18,2022-09-03,False
P00047-D006,P00047,U012,hard_area,static,2019-09-10,2021-08-17,False
P00047-D007,P00047,U012,hard_area,operational,2018-03-23,2019-09-09,False
P00047-D008,P00047,U012,static_station,training,2017-09-10,2018-03-22,False
P00048-D001,P00048,U016,hard_area,operational,2024-02-16,,True
P00048-D002,P00048,U016,static_station,static,2022-08-07,2024-02-15,False
P00048-D003,P00048,U016,static_station,static,2021-09-28,2022-08-06,False
P00049-D001,P00049,U003,static_station,static,2026-04-12,,True
P00049-D002,P00049,U003,static_station,training,2024-07-15,2026-04-11,False
P00049-D003,P00049,U003,static_station,static,2022-06-08,2024-07-14,False
P00049-D004,P00049,U003,field,static,2021-01-29,2022-06-07,False
P00049-D005,P00049,U003,field,training,2019-12-08,2021-01-28,False
P00049-D006,P00049,U003,static_station,training,2017-10-19,2019-12-07,False
P00049-D007,P00049,U003,hard_area,training,2016-07-05,2017-10-18,False
P00049-D008,P00049,U003,static_station,operational,2015-05-31,2016-07-04,False
P00050-D001,P00050,U013,hard_area,operational,2025-11-10,,True
P00050-D002,P00050,U013,static_station,training,2024-03-07,2025-11-09,False
P00050-D003,P00050,U013,hard_area,training,2021-12-06,2024-03-06,False
P00050-D004,P00050,U013,hard_area,operational,2021-04-21,2021-12-05,False
P00051-D001,P00051,U001,field,operational,2024-03-02,,True
P00051-D002,P00051,U001,hard_area,training,2022-05-11,2024-03-01,False
P00051-D003,P00051,U001,hard_area,static,2020-06-09,2022-05-10,False
P00051-D004,P00051,U001,field,static,2019-12-06,2020-06-08,False
P00051-D005,P00051,U001,field,training,2017-11-01,2019-12-05,False
P00051-D006,P00051,U001,field,operational,2016-10-21,2017-10-31,False
P00051-D007,P00051,U001,hard_area,operational,2015-12-27,2016-10-20,False
P00052-D001,P00052,U016,hard_area,operational,2025-01-09,,True
P00052-D002,P00052,U016,hard_area,training,2024-05-27,2025-01-08,False
P00052-D003,P00052,U016,hard_area,static,2023-04-16,2024-05-26,False
P00052-D004,P00052,U016,field,training,2022-05-04,2023-04-15,False
P00052-D005,P00052,U016,field,static,2020-10-11,2022-05-03,False
P00052-D006,P00052,U016,static_station,operational,2020-02-25,2020-10-10,False
P00052-D007,P00052,U016,hard_area,static,2018-11-29,2020-02-24,False
P00052-D008,P00052,U016,hard_area,static,2018-01-31,2018-11-28,False
P00053-D001,P00053,U011,field,operational,2025-10-31,,True
P00053-D002,P00053,U011,field,operational,2025-02-24,2025-10-30,False
P00053-D003,P00053,U011,field,operational,2023-10-28,2025-02-23,False
P00053-D004,P00053,U011,field,operational,2023-06-09,2023-10-27,False
P00053-D005,P00053,U011,static_station,static,2023-01-26,2023-06-08,False
P00053-D006,P00053,U011,field,static,2021-04-08,2023-01-25,False
P00053-D007,P00053,U011,field,operational,2019-02-05,2021-04-07,False
P00053-D008,P00053,U011,static_station,operational,2018-01-02,2019-02-04,False
P00054-D001,P00054,U009,static_station,static,2023-09-13,,True
P00054-D002,P00054,U009,hard_area,training,2022-12-01,2023-09-12,False
P00054-D003,P00054,U009,field,training,2021-11-22,2022-11-30,False
P00055-D001,P00055,U015,hard_area,operational,2025-11-10,,True
P00055-D002,P00055,U015,hard_area,static,2025-05-16,2025-11-09,False
P00055-D003,P00055,U015,hard_area,training,2024-01-01,2025-05-15,False
P00055-D004,P00055,U015,static_station,operational,2022-09-15,2023-12-31,False
P00055-D005,P00055,U015,static_station,training,2021-10-06,2022-09-14,False
P00055-D006,P00055,U015,static_station,static,2021-06-05,2021-10-05,False
P00055-D007,P00055,U015,field,operational,2020-02-22,2021-06-04,False
P00055-D008,P00055,U015,field,static,2019-02-22,2020-02-21,False
P00056-D001,P00056,U004,field,static,2024-07-19,,True
P00056-D002,P00056,U004,hard_area,training,2022-08-08,2024-07-18,False
P00056-D003,P00056,U004,static_station,static,2020-09-25,2022-08-07,False
P00056-D004,P00056,U004,field,operational,2020-03-11,2020-09-24,False
P00057-D001,P00057,U012,hard_area,operational,2024-05-01,,True
P00057-D002,P00057,U012,hard_area,operational,2022-12-24,2024-04-30,False
P00057-D003,P00057,U012,field,static,2022-07-07,2022-12-23,False
P00057-D004,P00057,U012,static_station,operational,2021-10-03,2022-07-06,False
P00058-D001,P00058,U013,field,operational,2023-07-03,,True
P00058-D002,P00058,U013,hard_area,operational,2022-05-17,2023-07-02,False
P00058-D003,P00058,U013,hard_area,training,2021-03-15,2022-05-16,False
P00058-D004,P00058,U013,hard_area,static,2020-08-13,2021-03-14,False
P00058-D005,P00058,U013,hard_area,static,2018-08-21,2020-08-12,False
P00058-D006,P00058,U013,field,operational,2017-11-08,2018-08-20,False
P00059-D001,P00059,U009,static_station,static,2026-06-01,,True
P00059-D002,P00059,U009,hard_area,static,2023-12-22,2026-05-31,False
P00059-D003,P00059,U009,field,static,2022-08-14,2023-12-21,False
P00060-D001,P00060,U012,hard_area,operational,2025-07-07,,True
P00060-D002,P00060,U012,static_station,operational,2025-03-06,2025-07-06,False
P00060-D003,P00060,U012,hard_area,operational,2023-10-17,2025-03-05,False
P00060-D004,P00060,U012,hard_area,static,2022-02-02,2023-10-16,False
P00060-D005,P00060,U012,field,operational,2020-09-16,2022-02-01,False
P00060-D006,P00060,U012,static_station,training,2019-10-24,2020-09-15,False
P00060-D007,P00060,U012,hard_area,operational,2018-07-09,2019-10-23,False
P00060-D008,P00060,U012,static_station,training,2017-01-14,2018-07-08,False
P00061-D001,P00061,U016,field,operational,2024-04-11,,True
P00061-D002,P00061,U016,static_station,operational,2023-05-15,2024-04-10,False
P00062-D001,P00062,U005,field,operational,2026-06-14,,True
P00062-D002,P00062,U005,field,static,2024-12-05,2026-06-13,False
P00062-D003,P00062,U005,hard_area,static,2023-08-10,2024-12-04,False
P00062-D004,P00062,U005,static_station,training,2023-04-09,2023-08-09,False
P00062-D005,P00062,U005,hard_area,operational,2022-02-10,2023-04-08,False
P00062-D006,P00062,U005,hard_area,static,2021-01-25,2022-02-09,False
P00062-D007,P00062,U005,hard_area,operational,2019-10-27,2021-01-24,False
P00062-D008,P00062,U005,static_station,training,2019-04-07,2019-10-26,False
P00063-D001,P00063,U015,field,operational,2025-12-03,,True
P00063-D002,P00063,U015,field,operational,2023-04-24,2025-12-02,False
P00063-D003,P00063,U015,field,operational,2021-07-15,2023-04-23,False
P00063-D004,P00063,U015,field,training,2021-02-26,2021-07-14,False
P00063-D005,P00063,U015,hard_area,training,2019-10-20,2021-02-25,False
P00063-D006,P00063,U015,hard_area,static,2019-02-27,2019-10-19,False
P00063-D007,P00063,U015,hard_area,training,2017-04-02,2019-02-26,False
P00063-D008,P00063,U015,field,training,2016-03-09,2017-04-01,False
P00064-D001,P00064,U004,static_station,static,2024-11-13,,True
P00064-D002,P00064,U004,field,operational,2024-07-13,2024-11-12,False
P00064-D003,P00064,U004,field,static,2023-12-05,2024-07-12,False
P00064-D004,P00064,U004,field,operational,2023-02-09,2023-12-04,False
P00064-D005,P00064,U004,hard_area,training,2022-01-25,2023-02-08,False
P00064-D006,P00064,U004,hard_area,training,2020-06-02,2022-01-24,False
P00064-D007,P00064,U004,static_station,static,2019-01-03,2020-06-01,False
P00064-D008,P00064,U004,hard_area,static,2017-11-25,2019-01-02,False
P00065-D001,P00065,U016,field,operational,2024-09-28,,True
P00065-D002,P00065,U016,hard_area,training,2024-04-25,2024-09-27,False
P00066-D001,P00066,U003,static_station,static,2024-10-29,,True
P00066-D002,P00066,U003,static_station,static,2023-03-29,2024-10-28,False
P00066-D003,P00066,U003,field,training,2021-06-26,2023-03-28,False
P00066-D004,P00066,U003,hard_area,training,2021-01-22,2021-06-25,False
P00066-D005,P00066,U003,hard_area,training,2019-08-04,2021-01-21,False
P00066-D006,P00066,U003,static_station,static,2017-12-01,2019-08-03,False
P00066-D007,P00066,U003,hard_area,operational,2017-07-18,2017-11-30,False
P00067-D001,P00067,U010,hard_area,operational,2026-03-02,,True
P00067-D002,P00067,U010,field,training,2025-03-30,2026-03-01,False
P00068-D001,P00068,U014,static_station,static,2026-06-17,,True
P00068-D002,P00068,U014,static_station,operational,2025-08-21,2026-06-16,False
P00068-D003,P00068,U014,field,training,2024-07-29,2025-08-20,False
P00068-D004,P00068,U014,field,training,2023-12-27,2024-07-28,False
P00069-D001,P00069,U001,field,operational,2026-07-21,,True
P00069-D002,P00069,U001,field,operational,2025-01-03,2026-07-20,False
P00069-D003,P00069,U001,field,training,2023-09-13,2025-01-02,False
P00069-D004,P00069,U001,static_station,training,2022-03-22,2023-09-12,False
P00069-D005,P00069,U001,field,training,2021-05-28,2022-03-21,False
P00069-D006,P00069,U001,field,operational,2019-07-31,2021-05-27,False
P00069-D007,P00069,U001,field,training,2018-01-25,2019-07-30,False
P00069-D008,P00069,U001,static_station,static,2016-04-19,2018-01-24,False
P00070-D001,P00070,U006,static_station,operational,2025-08-03,,True
P00070-D002,P00070,U006,hard_area,training,2023-09-07,2025-08-02,False
P00070-D003,P00070,U006,static_station,static,2023-02-23,2023-09-06,False
P00070-D004,P00070,U006,hard_area,operational,2022-04-02,2023-02-22,False
P00070-D005,P00070,U006,static_station,operational,2021-03-19,2022-04-01,False
P00071-D001,P00071,U010,hard_area,operational,2025-04-29,,True
P00071-D002,P00071,U010,field,operational,2023-11-05,2025-04-28,False
P00071-D003,P00071,U010,static_station,training,2022-05-25,2023-11-04,False
P00071-D004,P00071,U010,field,training,2021-10-04,2022-05-24,False
P00071-D005,P00071,U010,field,operational,2020-12-26,2021-10-03,False
P00071-D006,P00071,U010,field,training,2020-03-24,2020-12-25,False
P00071-D007,P00071,U010,field,training,2019-03-17,2020-03-23,False
P00071-D008,P00071,U010,field,operational,2017-11-12,2019-03-16,False
P00072-D001,P00072,U010,hard_area,operational,2026-04-11,,True
P00072-D002,P00072,U010,field,operational,2024-06-09,2026-04-10,False
P00072-D003,P00072,U010,static_station,static,2023-10-30,2024-06-08,False
P00073-D001,P00073,U016,field,operational,2025-07-09,,True
P00073-D002,P00073,U016,hard_area,training,2025-02-14,2025-07-08,False
P00073-D003,P00073,U016,field,operational,2023-12-30,2025-02-13,False
P00074-D001,P00074,U005,field,operational,2025-05-16,,True
P00074-D002,P00074,U005,hard_area,operational,2024-09-19,2025-05-15,False
P00075-D001,P00075,U015,hard_area,operational,2023-06-02,,True
P00075-D002,P00075,U015,hard_area,static,2022-03-12,2023-06-01,False
P00075-D003,P00075,U015,static_station,training,2021-05-11,2022-03-11,False
P00075-D004,P00075,U015,field,operational,2021-01-08,2021-05-10,False
P00075-D005,P00075,U015,hard_area,training,2020-08-22,2021-01-07,False
P00075-D006,P00075,U015,field,operational,2020-04-21,2020-08-21,False
P00075-D007,P00075,U015,field,static,2019-10-11,2020-04-20,False
P00075-D008,P00075,U015,hard_area,operational,2017-10-16,2019-10-10,False
P00076-D001,P00076,U007,static_station,static,2026-01-14,,True
P00076-D002,P00076,U007,field,training,2024-06-27,2026-01-13,False
P00076-D003,P00076,U007,field,static,2023-05-08,2024-06-26,False
P00076-D004,P00076,U007,hard_area,operational,2022-03-27,2023-05-07,False
P00076-D005,P00076,U007,static_station,operational,2020-03-04,2022-03-26,False
P00076-D006,P00076,U007,field,operational,2018-08-06,2020-03-03,False
P00076-D007,P00076,U007,static_station,training,2018-01-02,2018-08-05,False
P00076-D008,P00076,U007,hard_area,static,2017-04-15,2018-01-01,False
P00077-D001,P00077,U002,hard_area,operational,2023-09-03,,True
P00077-D002,P00077,U002,static_station,static,2022-01-22,2023-09-02,False
P00077-D003,P00077,U002,static_station,operational,2021-09-20,2022-01-21,False
P00077-D004,P00077,U002,static_station,operational,2020-12-30,2021-09-19,False
P00078-D001,P00078,U005,hard_area,operational,2023-11-23,,True
P00078-D002,P00078,U005,hard_area,static,2023-06-25,2023-11-22,False
P00078-D003,P00078,U005,field,training,2023-02-22,2023-06-24,False
P00078-D004,P00078,U005,field,training,2022-09-06,2023-02-21,False
P00079-D001,P00079,U015,hard_area,operational,2025-03-04,,True
P00079-D002,P00079,U015,field,operational,2024-08-10,2025-03-03,False
P00079-D003,P00079,U015,hard_area,operational,2023-03-21,2024-08-09,False
P00079-D004,P00079,U015,hard_area,training,2021-12-05,2023-03-20,False
P00079-D005,P00079,U015,hard_area,training,2020-04-24,2021-12-04,False
P00079-D006,P00079,U015,field,operational,2019-08-15,2020-04-23,False
P00079-D007,P00079,U015,field,operational,2017-12-01,2019-08-14,False
P00079-D008,P00079,U015,hard_area,static,2016-06-28,2017-11-30,False
P00080-D001,P00080,U016,hard_area,operational,2023-08-27,,True
P00080-D002,P00080,U016,static_station,training,2022-01-20,2023-08-26,False
P00080-D003,P00080,U016,static_station,operational,2020-12-15,2022-01-19,False
P00080-D004,P00080,U016,field,static,2019-12-15,2020-12-14,False
P00081-D001,P00081,U015,hard_area,operational,2023-06-19,,True
P00081-D002,P00081,U015,hard_area,static,2022-03-28,2023-06-18,False
P00082-D001,P00082,U003,static_station,static,2023-05-15,,True
P00082-D002,P00082,U003,static_station,training,2022-07-02,2023-05-14,False
P00082-D003,P00082,U003,hard_area,operational,2020-08-19,2022-07-01,False
P00082-D004,P00082,U003,hard_area,static,2019-04-27,2020-08-18,False
P00082-D005,P00082,U003,hard_area,training,2018-12-25,2019-04-26,False
P00082-D006,P00082,U003,static_station,operational,2018-05-25,2018-12-24,False
P00083-D001,P00083,U006,hard_area,operational,2025-04-24,,True
P00083-D002,P00083,U006,static_station,training,2024-01-02,2025-04-23,False
P00083-D003,P00083,U006,static_station,training,2023-01-01,2024-01-01,False
P00083-D004,P00083,U006,static_station,static,2022-06-02,2022-12-31,False
P00084-D001,P00084,U003,static_station,static,2023-10-04,,True
P00084-D002,P00084,U003,hard_area,static,2021-09-17,2023-10-03,False
P00084-D003,P00084,U003,field,operational,2021-03-23,2021-09-16,False
P00084-D004,P00084,U003,field,operational,2018-12-18,2021-03-22,False
P00084-D005,P00084,U003,field,operational,2017-03-09,2018-12-17,False
P00084-D006,P00084,U003,field,static,2015-12-25,2017-03-08,False
P00084-D007,P00084,U003,field,static,2014-11-23,2015-12-24,False
P00084-D008,P00084,U003,static_station,training,2014-04-21,2014-11-22,False
P00085-D001,P00085,U014,static_station,static,2023-12-03,,True
P00085-D002,P00085,U014,static_station,static,2022-04-06,2023-12-02,False
P00085-D003,P00085,U014,hard_area,training,2021-05-07,2022-04-05,False
P00085-D004,P00085,U014,field,static,2019-07-24,2021-05-06,False
P00085-D005,P00085,U014,field,operational,2018-09-29,2019-07-23,False
P00086-D001,P00086,U005,field,operational,2025-09-28,,True
P00087-D001,P00087,U008,hard_area,operational,2024-11-23,,True
P00087-D002,P00087,U008,hard_area,training,2023-06-12,2024-11-22,False
P00088-D001,P00088,U010,hard_area,operational,2024-12-19,,True
P00088-D002,P00088,U010,hard_area,static,2023-12-27,2024-12-18,False
P00088-D003,P00088,U010,field,static,2022-11-18,2023-12-26,False
P00088-D004,P00088,U010,field,operational,2022-02-09,2022-11-17,False
P00088-D005,P00088,U010,hard_area,operational,2020-12-19,2022-02-08,False
P00089-D001,P00089,U014,static_station,static,2025-12-29,,True
P00090-D001,P00090,U015,field,operational,2025-06-02,,True
P00090-D002,P00090,U015,field,operational,2024-06-29,2025-06-01,False
P00090-D003,P00090,U015,field,operational,2023-04-22,2024-06-28,False
P00090-D004,P00090,U015,field,training,2022-12-20,2023-04-21,False
P00091-D001,P00091,U009,static_station,static,2023-06-15,,True
P00091-D002,P00091,U009,static_station,training,2022-11-30,2023-06-14,False
P00092-D001,P00092,U006,field,operational,2024-04-22,,True
P00092-D002,P00092,U006,static_station,static,2023-01-06,2024-04-21,False
P00092-D003,P00092,U006,hard_area,training,2021-11-11,2023-01-05,False
P00092-D004,P00092,U006,hard_area,static,2021-07-11,2021-11-10,False
P00092-D005,P00092,U006,field,static,2020-03-09,2021-07-10,False
P00092-D006,P00092,U006,static_station,static,2018-12-20,2020-03-08,False
P00092-D007,P00092,U006,static_station,training,2018-05-06,2018-12-19,False
P00092-D008,P00092,U006,field,static,2016-12-14,2018-05-05,False
P00093-D001,P00093,U010,hard_area,operational,2023-03-03,,True
P00093-D002,P00093,U010,static_station,static,2022-01-24,2023-03-02,False
P00093-D003,P00093,U010,hard_area,operational,2021-07-07,2022-01-23,False
P00094-D001,P00094,U004,field,static,2025-04-18,,True
P00094-D002,P00094,U004,hard_area,training,2024-11-30,2025-04-17,False
P00094-D003,P00094,U004,field,static,2023-09-30,2024-11-29,False
P00094-D004,P00094,U004,static_station,operational,2023-01-06,2023-09-29,False
P00094-D005,P00094,U004,field,static,2021-01-17,2023-01-05,False
P00094-D006,P00094,U004,static_station,static,2020-06-10,2021-01-16,False
P00094-D007,P00094,U004,hard_area,static,2019-09-23,2020-06-09,False
P00094-D008,P00094,U004,field,training,2018-02-24,2019-09-22,False
P00095-D001,P00095,U002,field,operational,2025-09-27,,True
P00096-D001,P00096,U016,static_station,operational,2024-01-01,,True
P00096-D002,P00096,U016,hard_area,training,2022-10-21,2023-12-31,False
P00096-D003,P00096,U016,hard_area,static,2021-05-03,2022-10-20,False
P00096-D004,P00096,U016,static_station,training,2020-01-30,2021-05-02,False
P00096-D005,P00096,U016,static_station,static,2018-10-24,2020-01-29,False
P00096-D006,P00096,U016,static_station,operational,2017-06-03,2018-10-23,False
P00096-D007,P00096,U016,static_station,training,2015-11-14,2017-06-02,False
P00096-D008,P00096,U016,hard_area,operational,2014-03-24,2015-11-13,False
P00097-D001,P00097,U005,hard_area,operational,2024-09-27,,True
P00097-D002,P00097,U005,field,static,2023-11-22,2024-09-26,False
P00097-D003,P00097,U005,field,static,2022-06-15,2023-11-21,False
P00097-D004,P00097,U005,hard_area,static,2020-11-05,2022-06-14,False
P00097-D005,P00097,U005,field,static,2020-07-06,2020-11-04,False
P00097-D006,P00097,U005,field,training,2017-12-29,2020-07-05,False
P00097-D007,P00097,U005,field,operational,2016-05-29,2017-12-28,False
P00097-D008,P00097,U005,hard_area,training,2015-04-30,2016-05-28,False
P00098-D001,P00098,U015,hard_area,operational,2025-05-07,,True
P00098-D002,P00098,U015,hard_area,operational,2024-08-19,2025-05-06,False
P00098-D003,P00098,U015,hard_area,training,2023-06-16,2024-08-18,False
P00098-D004,P00098,U015,hard_area,static,2021-12-20,2023-06-15,False
P00098-D005,P00098,U015,field,training,2020-09-06,2021-12-19,False
P00098-D006,P00098,U015,field,training,2020-05-06,2020-09-05,False
P00098-D007,P00098,U015,hard_area,static,2019-04-10,2020-05-05,False
P00099-D001,P00099,U012,hard_area,operational,2025-10-12,,True
P00099-D002,P00099,U012,field,operational,2024-07-23,2025-10-11,False
P00099-D003,P00099,U012,field,static,2022-05-05,2024-07-22,False
P00099-D004,P00099,U012,field,static,2021-05-19,2022-05-04,False
P00099-D005,P00099,U012,hard_area,operational,2020-04-16,2021-05-18,False
P00099-D006,P00099,U012,field,operational,2019-07-26,2020-04-15,False
P00099-D007,P00099,U012,static_station,operational,2018-05-12,2019-07-25,False
P00099-D008,P00099,U012,hard_area,operational,2017-01-22,2018-05-11,False
P00100-D001,P00100,U007,field,static,2024-01-30,,True
P00100-D002,P00100,U007,hard_area,training,2022-08-19,2024-01-29,False
P00100-D003,P00100,U007,static_station,static,2020-10-22,2022-08-18,False
P00101-D001,P00101,U002,hard_area,operational,2025-10-15,,True
P00101-D002,P00101,U002,field,static,2024-10-04,2025-10-14,False
P00101-D003,P00101,U002,hard_area,static,2023-12-09,2024-10-03,False
P00101-D004,P00101,U002,static_station,static,2022-12-26,2023-12-08,False
P00101-D005,P00101,U002,static_station,operational,2021-03-16,2022-12-25,False
P00101-D006,P00101,U002,field,training,2020-02-27,2021-03-15,False
P00101-D007,P00101,U002,hard_area,static,2019-08-08,2020-02-26,False
P00101-D008,P00101,U002,hard_area,operational,2018-05-08,2019-08-07,False
P00102-D001,P00102,U003,static_station,static,2026-07-03,,True
P00102-D002,P00102,U003,hard_area,training,2025-01-30,2026-07-02,False
P00102-D003,P00102,U003,field,training,2023-08-17,2025-01-29,False
P00102-D004,P00102,U003,static_station,static,2022-09-05,2023-08-16,False
P00102-D005,P00102,U003,field,operational,2021-06-04,2022-09-04,False
P00102-D006,P00102,U003,static_station,training,2020-04-20,2021-06-03,False
P00102-D007,P00102,U003,hard_area,training,2019-09-15,2020-04-19,False
P00102-D008,P00102,U003,static_station,operational,2018-08-17,2019-09-14,False
P00103-D001,P00103,U010,hard_area,operational,2025-09-24,,True
P00103-D002,P00103,U010,hard_area,static,2024-06-17,2025-09-23,False
P00103-D003,P00103,U010,field,operational,2022-11-02,2024-06-16,False
P00103-D004,P00103,U010,field,static,2022-03-26,2022-11-01,False
P00103-D005,P00103,U010,field,training,2021-11-23,2022-03-25,False
P00103-D006,P00103,U010,hard_area,static,2021-02-26,2021-11-22,False
P00103-D007,P00103,U010,static_station,static,2019-10-17,2021-02-25,False
P00103-D008,P00103,U010,field,operational,2019-06-16,2019-10-16,False
P00104-D001,P00104,U015,field,operational,2023-11-11,,True
P00104-D002,P00104,U015,hard_area,training,2022-08-04,2023-11-10,False
P00104-D003,P00104,U015,field,operational,2021-09-25,2022-08-03,False
P00104-D004,P00104,U015,field,operational,2021-03-23,2021-09-24,False
P00104-D005,P00104,U015,hard_area,static,2019-07-02,2021-03-22,False
P00104-D006,P00104,U015,static_station,static,2018-08-22,2019-07-01,False
P00105-D001,P00105,U002,hard_area,operational,2023-01-19,,True
P00105-D002,P00105,U002,field,training,2022-02-25,2023-01-18,False
P00105-D003,P00105,U002,hard_area,operational,2021-10-25,2022-02-24,False
P00105-D004,P00105,U002,static_station,training,2020-12-26,2021-10-24,False
P00105-D005,P00105,U002,hard_area,training,2020-07-24,2020-12-25,False
P00105-D006,P00105,U002,static_station,training,2018-06-11,2020-07-23,False
P00105-D007,P00105,U002,field,operational,2017-08-13,2018-06-10,False
P00105-D008,P00105,U002,hard_area,training,2017-02-01,2017-08-12,False
P00106-D001,P00106,U004,static_station,static,2025-02-04,,True
P00106-D002,P00106,U004,hard_area,training,2023-06-09,2025-02-03,False
P00106-D003,P00106,U004,field,operational,2022-12-09,2023-06-08,False
P00106-D004,P00106,U004,hard_area,training,2021-10-20,2022-12-08,False
P00106-D005,P00106,U004,field,operational,2019-06-28,2021-10-19,False
P00106-D006,P00106,U004,hard_area,training,2018-06-23,2019-06-27,False
P00106-D007,P00106,U004,hard_area,static,2016-12-22,2018-06-22,False
P00106-D008,P00106,U004,hard_area,training,2015-05-13,2016-12-21,False
P00107-D001,P00107,U008,hard_area,operational,2025-05-15,,True
P00108-D001,P00108,U002,hard_area,operational,2024-12-22,,True
P00109-D001,P00109,U013,static_station,operational,2026-02-27,,True
P00109-D002,P00109,U013,static_station,static,2024-07-16,2026-02-26,False
P00109-D003,P00109,U013,field,operational,2023-04-14,2024-07-15,False
P00109-D004,P00109,U013,hard_area,static,2022-04-10,2023-04-13,False
P00109-D005,P00109,U013,static_station,static,2021-07-21,2022-04-09,False
P00109-D006,P00109,U013,hard_area,training,2021-02-28,2021-07-20,False
P00110-D001,P00110,U015,hard_area,operational,2026-05-10,,True
P00110-D002,P00110,U015,static_station,training,2024-10-24,2026-05-09,False
P00111-D001,P00111,U013,field,operational,2026-06-28,,True
P00111-D002,P00111,U013,hard_area,operational,2025-10-31,2026-06-27,False
P00111-D003,P00111,U013,hard_area,training,2024-09-15,2025-10-30,False
P00111-D004,P00111,U013,hard_area,operational,2023-10-04,2024-09-14,False
P00111-D005,P00111,U013,static_station,operational,2023-02-10,2023-10-03,False
P00111-D006,P00111,U013,hard_area,operational,2022-08-18,2023-02-09,False
P00111-D007,P00111,U013,field,training,2021-05-18,2022-08-17,False
P00111-D008,P00111,U013,field,training,2021-01-15,2021-05-17,False
P00112-D001,P00112,U015,field,operational,2025-03-04,,True
P00112-D002,P00112,U015,hard_area,operational,2024-04-04,2025-03-03,False
P00112-D003,P00112,U015,static_station,operational,2023-10-30,2024-04-03,False
P00112-D004,P00112,U015,field,operational,2022-08-11,2023-10-29,False
P00112-D005,P00112,U015,hard_area,training,2021-08-06,2022-08-10,False
P00112-D006,P00112,U015,static_station,training,2021-01-27,2021-08-05,False
P00112-D007,P00112,U015,field,static,2020-06-29,2021-01-26,False
P00112-D008,P00112,U015,static_station,training,2019-11-29,2020-06-28,False
P00113-D001,P00113,U006,hard_area,operational,2024-07-16,,True
P00113-D002,P00113,U006,hard_area,operational,2023-04-27,2024-07-15,False
P00113-D003,P00113,U006,static_station,training,2021-11-06,2023-04-26,False
P00113-D004,P00113,U006,static_station,static,2020-05-04,2021-11-05,False
P00114-D001,P00114,U005,field,operational,2025-03-08,,True
P00114-D002,P00114,U005,static_station,operational,2024-08-02,2025-03-07,False
P00114-D003,P00114,U005,static_station,training,2023-11-15,2024-08-01,False
P00114-D004,P00114,U005,field,operational,2022-11-19,2023-11-14,False
P00114-D005,P00114,U005,field,training,2022-03-18,2022-11-18,False
P00114-D006,P00114,U005,field,training,2020-10-22,2022-03-17,False
P00114-D007,P00114,U005,field,static,2019-09-30,2020-10-21,False
P00114-D008,P00114,U005,hard_area,training,2018-11-16,2019-09-29,False
P00115-D001,P00115,U007,static_station,static,2025-03-31,,True
P00115-D002,P00115,U007,static_station,operational,2023-08-31,2025-03-30,False
P00116-D001,P00116,U011,static_station,operational,2024-04-05,,True
P00116-D002,P00116,U011,hard_area,static,2022-06-12,2024-04-04,False
P00116-D003,P00116,U011,static_station,training,2021-05-24,2022-06-11,False
P00116-D004,P00116,U011,hard_area,operational,2021-01-22,2021-05-23,False
P00116-D005,P00116,U011,static_station,operational,2020-02-27,2021-01-21,False
P00116-D006,P00116,U011,hard_area,training,2018-08-31,2020-02-26,False
P00116-D007,P00116,U011,static_station,operational,2017-08-21,2018-08-30,False
P00117-D001,P00117,U003,hard_area,static,2025-04-04,,True
P00117-D002,P00117,U003,static_station,operational,2023-12-04,2025-04-03,False
P00117-D003,P00117,U003,field,static,2022-03-11,2023-12-03,False
P00117-D004,P00117,U003,hard_area,operational,2021-03-16,2022-03-10,False
P00117-D005,P00117,U003,field,training,2020-02-04,2021-03-15,False
P00118-D001,P00118,U001,static_station,operational,2024-03-04,,True
P00118-D002,P00118,U001,static_station,training,2023-03-16,2024-03-03,False
P00118-D003,P00118,U001,field,operational,2021-03-29,2023-03-15,False
P00118-D004,P00118,U001,hard_area,operational,2020-03-09,2021-03-28,False
P00118-D005,P00118,U001,hard_area,operational,2018-12-06,2020-03-08,False
P00119-D001,P00119,U011,field,operational,2024-07-22,,True
P00119-D002,P00119,U011,static_station,training,2023-07-19,2024-07-21,False
P00119-D003,P00119,U011,static_station,static,2022-03-19,2023-07-18,False
P00119-D004,P00119,U011,field,static,2020-09-22,2022-03-18,False
P00119-D005,P00119,U011,static_station,training,2020-02-23,2020-09-21,False
P00119-D006,P00119,U011,hard_area,training,2019-01-28,2020-02-22,False
P00119-D007,P00119,U011,static_station,operational,2017-09-17,2019-01-27,False
P00119-D008,P00119,U011,hard_area,static,2016-07-16,2017-09-16,False
P00120-D001,P00120,U009,static_station,static,2025-03-31,,True
P00120-D002,P00120,U009,field,training,2023-09-26,2025-03-30,False
P00120-D003,P00120,U009,hard_area,training,2023-03-28,2023-09-25,False
P00120-D004,P00120,U009,static_station,static,2022-11-25,2023-03-27,False
P00120-D005,P00120,U009,hard_area,training,2021-08-09,2022-11-24,False
P00120-D006,P00120,U009,static_station,operational,2020-02-25,2021-08-08,False
P00120-D007,P00120,U009,hard_area,training,2018-06-02,2020-02-24,False
P00120-D008,P00120,U009,static_station,operational,2018-01-21,2018-06-01,False
P00121-D001,P00121,U015,hard_area,operational,2026-04-14,,True
P00121-D002,P00121,U015,hard_area,operational,2024-12-31,2026-04-13,False
P00121-D003,P00121,U015,hard_area,static,2024-02-08,2024-12-30,False
P00121-D004,P00121,U015,hard_area,static,2022-03-19,2024-02-07,False
P00121-D005,P00121,U015,static_station,static,2021-03-03,2022-03-18,False
P00121-D006,P00121,U015,field,static,2019-05-08,2021-03-02,False
P00122-D001,P00122,U008,field,operational,2024-01-28,,True
P00122-D002,P00122,U008,field,static,2022-11-13,2024-01-27,False
P00122-D003,P00122,U008,hard_area,static,2022-01-12,2022-11-12,False
P00122-D004,P00122,U008,hard_area,operational,2020-03-16,2022-01-11,False
P00122-D005,P00122,U008,static_station,operational,2019-01-27,2020-03-15,False
P00122-D006,P00122,U008,field,static,2018-08-20,2019-01-26,False
P00123-D001,P00123,U013,field,operational,2025-04-07,,True
P00124-D001,P00124,U010,hard_area,operational,2023-07-19,,True
P00124-D002,P00124,U010,field,training,2023-03-18,2023-07-18,False
P00124-D003,P00124,U010,static_station,operational,2022-03-28,2023-03-17,False
P00124-D004,P00124,U010,static_station,operational,2021-07-21,2022-03-27,False
P00124-D005,P00124,U010,static_station,training,2020-12-09,2021-07-20,False
P00124-D006,P00124,U010,static_station,static,2019-05-10,2020-12-08,False
P00125-D001,P00125,U004,field,static,2026-05-14,,True
P00125-D002,P00125,U004,hard_area,static,2025-04-02,2026-05-13,False
P00125-D003,P00125,U004,field,operational,2023-03-11,2025-04-01,False
P00125-D004,P00125,U004,hard_area,training,2022-01-22,2023-03-10,False
P00125-D005,P00125,U004,hard_area,static,2020-01-18,2022-01-21,False
P00125-D006,P00125,U004,field,training,2018-06-11,2020-01-17,False
P00125-D007,P00125,U004,static_station,training,2016-06-16,2018-06-10,False
P00126-D001,P00126,U002,hard_area,operational,2024-12-19,,True
P00126-D002,P00126,U002,static_station,operational,2023-08-26,2024-12-18,False
P00126-D003,P00126,U002,hard_area,training,2022-08-05,2023-08-25,False
P00126-D004,P00126,U002,hard_area,training,2021-10-15,2022-08-04,False
P00126-D005,P00126,U002,static_station,operational,2021-06-14,2021-10-14,False
P00126-D006,P00126,U002,hard_area,operational,2019-12-09,2021-06-13,False
P00126-D007,P00126,U002,static_station,training,2018-10-13,2019-12-08,False
P00126-D008,P00126,U002,static_station,static,2017-07-31,2018-10-12,False
P00127-D001,P00127,U005,hard_area,operational,2025-03-18,,True
P00127-D002,P00127,U005,static_station,static,2024-08-09,2025-03-17,False
P00127-D003,P00127,U005,hard_area,static,2023-04-12,2024-08-08,False
P00127-D004,P00127,U005,hard_area,static,2022-10-27,2023-04-11,False
P00127-D005,P00127,U005,hard_area,operational,2022-03-03,2022-10-26,False
P00127-D006,P00127,U005,field,static,2020-09-23,2022-03-02,False
P00127-D007,P00127,U005,hard_area,training,2019-12-26,2020-09-22,False
P00127-D008,P00127,U005,hard_area,training,2019-05-03,2019-12-25,False
P00128-D001,P00128,U016,hard_area,operational,2024-09-29,,True
P00128-D002,P00128,U016,static_station,training,2023-09-13,2024-09-28,False
P00128-D003,P00128,U016,static_station,training,2022-10-03,2023-09-12,False
P00128-D004,P00128,U016,hard_area,operational,2021-06-22,2022-10-02,False
P00128-D005,P00128,U016,hard_area,static,2021-02-15,2021-06-21,False
P00128-D006,P00128,U016,field,training,2019-07-01,2021-02-14,False
P00128-D007,P00128,U016,static_station,training,2018-02-06,2019-06-30,False
P00128-D008,P00128,U016,static_station,training,2016-05-30,2018-02-05,False
P00129-D001,P00129,U006,field,operational,2025-07-12,,True
P00129-D002,P00129,U006,static_station,static,2023-09-10,2025-07-11,False
P00129-D003,P00129,U006,field,static,2022-12-18,2023-09-09,False
P00129-D004,P00129,U006,field,operational,2021-12-15,2022-12-17,False
P00129-D005,P00129,U006,field,operational,2020-05-27,2021-12-14,False
P00130-D001,P00130,U008,field,operational,2025-05-21,,True
P00130-D002,P00130,U008,hard_area,operational,2024-05-17,2025-05-20,False
P00130-D003,P00130,U008,static_station,operational,2023-07-23,2024-05-16,False
P00130-D004,P00130,U008,field,training,2022-04-30,2023-07-22,False
P00130-D005,P00130,U008,field,operational,2020-08-17,2022-04-29,False
P00130-D006,P00130,U008,static_station,static,2019-03-10,2020-08-16,False
P00130-D007,P00130,U008,field,operational,2017-08-28,2019-03-09,False
P00130-D008,P00130,U008,field,operational,2015-12-21,2017-08-27,False
P00131-D001,P00131,U016,field,operational,2026-05-02,,True
P00131-D002,P00131,U016,hard_area,operational,2024-07-22,2026-05-01,False
P00131-D003,P00131,U016,field,static,2023-03-20,2024-07-21,False
P00131-D004,P00131,U016,hard_area,training,2021-08-02,2023-03-19,False
P00131-D005,P00131,U016,field,training,2020-05-21,2021-08-01,False
P00131-D006,P00131,U016,field,static,2019-01-06,2020-05-20,False
P00131-D007,P00131,U016,field,training,2017-07-18,2019-01-05,False
P00131-D008,P00131,U016,hard_area,training,2017-03-18,2017-07-17,False
P00132-D001,P00132,U008,field,operational,2026-03-12,,True
P00132-D002,P00132,U008,field,static,2024-05-17,2026-03-11,False
P00132-D003,P00132,U008,static_station,static,2023-10-10,2024-05-16,False
P00132-D004,P00132,U008,hard_area,static,2022-01-12,2023-10-09,False
P00132-D005,P00132,U008,field,static,2021-03-17,2022-01-11,False
P00132-D006,P00132,U008,static_station,static,2020-10-07,2021-03-16,False
P00132-D007,P00132,U008,hard_area,operational,2019-01-29,2020-10-06,False
P00132-D008,P00132,U008,field,training,2018-05-09,2019-01-28,False
P00133-D001,P00133,U009,static_station,static,2025-10-30,,True
P00133-D002,P00133,U009,field,static,2024-09-09,2025-10-29,False
P00133-D003,P00133,U009,field,static,2023-07-26,2024-09-08,False
P00133-D004,P00133,U009,hard_area,operational,2021-06-19,2023-07-25,False
P00133-D005,P00133,U009,hard_area,training,2019-10-09,2021-06-18,False
P00133-D006,P00133,U009,hard_area,static,2019-05-08,2019-10-08,False
P00133-D007,P00133,U009,hard_area,static,2018-03-27,2019-05-07,False
P00134-D001,P00134,U006,hard_area,operational,2025-06-28,,True
P00134-D002,P00134,U006,hard_area,training,2024-11-29,2025-06-27,False
P00134-D003,P00134,U006,field,training,2024-07-25,2024-11-28,False
P00135-D001,P00135,U006,field,operational,2024-12-06,,True
P00135-D002,P00135,U006,static_station,operational,2023-12-16,2024-12-05,False
P00135-D003,P00135,U006,static_station,static,2021-11-22,2023-12-15,False
P00135-D004,P00135,U006,static_station,training,2021-06-26,2021-11-21,False
P00135-D005,P00135,U006,static_station,operational,2020-08-20,2021-06-25,False
P00135-D006,P00135,U006,static_station,training,2019-04-17,2020-08-19,False
P00135-D007,P00135,U006,static_station,training,2018-11-19,2019-04-16,False
P00136-D001,P00136,U009,field,static,2025-12-31,,True
P00136-D002,P00136,U009,field,operational,2025-03-17,2025-12-30,False
P00136-D003,P00136,U009,hard_area,static,2023-03-18,2025-03-16,False
P00136-D004,P00136,U009,hard_area,operational,2022-04-29,2023-03-17,False
P00136-D005,P00136,U009,field,static,2020-03-30,2022-04-28,False
P00136-D006,P00136,U009,static_station,static,2018-12-23,2020-03-29,False
P00136-D007,P00136,U009,hard_area,training,2018-02-01,2018-12-22,False
P00136-D008,P00136,U009,field,static,2016-08-28,2018-01-31,False
P00137-D001,P00137,U016,field,operational,2023-11-08,,True
P00137-D002,P00137,U016,static_station,operational,2023-01-23,2023-11-07,False
P00138-D001,P00138,U003,field,static,2025-12-17,,True
P00138-D002,P00138,U003,static_station,operational,2024-11-20,2025-12-16,False
P00138-D003,P00138,U003,field,static,2023-10-11,2024-11-19,False
P00138-D004,P00138,U003,static_station,static,2022-04-15,2023-10-10,False
P00138-D005,P00138,U003,static_station,static,2021-05-20,2022-04-14,False
P00138-D006,P00138,U003,hard_area,operational,2020-01-12,2021-05-19,False
P00138-D007,P00138,U003,hard_area,static,2018-12-24,2020-01-11,False
P00139-D001,P00139,U008,static_station,operational,2025-04-09,,True
P00139-D002,P00139,U008,field,training,2023-11-16,2025-04-08,False
P00139-D003,P00139,U008,hard_area,training,2022-11-18,2023-11-15,False
P00139-D004,P00139,U008,hard_area,static,2021-08-05,2022-11-17,False
P00139-D005,P00139,U008,hard_area,training,2019-11-16,2021-08-04,False
P00139-D006,P00139,U008,field,training,2018-09-16,2019-11-15,False
P00139-D007,P00139,U008,static_station,operational,2017-08-15,2018-09-15,False
P00139-D008,P00139,U008,field,static,2017-04-14,2017-08-14,False
P00140-D001,P00140,U001,static_station,operational,2023-11-27,,True
P00140-D002,P00140,U001,hard_area,training,2023-06-05,2023-11-26,False
P00140-D003,P00140,U001,field,training,2023-01-18,2023-06-04,False
P00140-D004,P00140,U001,field,static,2021-11-26,2023-01-17,False
P00140-D005,P00140,U001,hard_area,training,2020-04-26,2021-11-25,False
P00140-D006,P00140,U001,static_station,training,2019-05-31,2020-04-25,False
P00140-D007,P00140,U001,hard_area,static,2018-05-23,2019-05-30,False
P00141-D001,P00141,U016,hard_area,operational,2026-07-30,,True
P00141-D002,P00141,U016,field,training,2025-03-14,2026-07-29,False
P00141-D003,P00141,U016,hard_area,operational,2023-08-25,2025-03-13,False
P00141-D004,P00141,U016,hard_area,static,2022-12-17,2023-08-24,False
P00141-D005,P00141,U016,hard_area,training,2021-05-27,2022-12-16,False
P00141-D006,P00141,U016,hard_area,operational,2019-11-24,2021-05-26,False
P00141-D007,P00141,U016,static_station,operational,2018-08-25,2019-11-23,False
P00141-D008,P00141,U016,hard_area,training,2017-06-17,2018-08-24,False
P00142-D001,P00142,U001,field,operational,2023-10-30,,True
P00142-D002,P00142,U001,static_station,static,2022-06-09,2023-10-29,False
P00142-D003,P00142,U001,hard_area,static,2020-07-28,2022-06-08,False
P00142-D004,P00142,U001,field,training,2019-07-04,2020-07-27,False
P00142-D005,P00142,U001,static_station,static,2018-06-23,2019-07-03,False
P00142-D006,P00142,U001,hard_area,operational,2016-07-20,2018-06-22,False
P00142-D007,P00142,U001,field,operational,2015-04-16,2016-07-19,False
P00142-D008,P00142,U001,hard_area,static,2014-05-03,2015-04-15,False
P00143-D001,P00143,U013,field,operational,2024-05-26,,True
P00143-D002,P00143,U013,static_station,operational,2023-10-29,2024-05-25,False
P00144-D001,P00144,U001,static_station,operational,2026-06-07,,True
P00144-D002,P00144,U001,hard_area,operational,2025-04-10,2026-06-06,False
P00144-D003,P00144,U001,static_station,static,2024-10-13,2025-04-09,False
P00144-D004,P00144,U001,field,static,2024-02-11,2024-10-12,False
P00144-D005,P00144,U001,static_station,operational,2022-08-07,2024-02-10,False
P00144-D006,P00144,U001,field,operational,2020-11-23,2022-08-06,False
P00145-D001,P00145,U010,hard_area,operational,2024-12-29,,True
P00145-D002,P00145,U010,static_station,operational,2023-11-04,2024-12-28,False
P00145-D003,P00145,U010,hard_area,training,2023-04-12,2023-11-03,False
P00145-D004,P00145,U010,hard_area,operational,2021-02-26,2023-04-11,False
P00145-D005,P00145,U010,hard_area,static,2019-04-10,2021-02-25,False
P00145-D006,P00145,U010,static_station,operational,2018-01-15,2019-04-09,False
P00145-D007,P00145,U010,hard_area,static,2017-04-26,2018-01-14,False
P00145-D008,P00145,U010,field,operational,2016-12-15,2017-04-25,False
P00146-D001,P00146,U003,field,static,2024-04-15,,True
P00146-D002,P00146,U003,static_station,training,2023-07-12,2024-04-14,False
P00146-D003,P00146,U003,field,training,2022-08-10,2023-07-11,False
P00146-D004,P00146,U003,hard_area,static,2021-03-29,2022-08-09,False
P00146-D005,P00146,U003,static_station,static,2020-02-07,2021-03-28,False
P00146-D006,P00146,U003,hard_area,static,2018-10-23,2020-02-06,False
P00147-D001,P00147,U011,field,operational,2025-06-06,,True
P00147-D002,P00147,U011,hard_area,training,2023-10-11,2025-06-05,False
P00147-D003,P00147,U011,hard_area,static,2022-02-21,2023-10-10,False
P00147-D004,P00147,U011,static_station,operational,2021-07-02,2022-02-20,False
P00147-D005,P00147,U011,field,static,2020-12-28,2021-07-01,False
P00147-D006,P00147,U011,hard_area,static,2020-08-12,2020-12-27,False
P00148-D001,P00148,U012,hard_area,operational,2024-12-20,,True
P00148-D002,P00148,U012,hard_area,training,2023-11-09,2024-12-19,False
P00149-D001,P00149,U004,static_station,static,2023-10-27,,True
P00149-D002,P00149,U004,field,operational,2022-05-30,2023-10-26,False
P00149-D003,P00149,U004,static_station,operational,2021-07-09,2022-05-29,False
P00149-D004,P00149,U004,hard_area,training,2020-02-06,2021-07-08,False
P00149-D005,P00149,U004,hard_area,operational,2019-01-07,2020-02-05,False
P00149-D006,P00149,U004,static_station,training,2017-11-13,2019-01-06,False
P00149-D007,P00149,U004,field,static,2017-05-21,2017-11-12,False
P00150-D001,P00150,U009,static_station,static,2024-09-22,,True
P00150-D002,P00150,U009,hard_area,operational,2022-11-06,2024-09-21,False
P00150-D003,P00150,U009,field,operational,2021-07-21,2022-11-05,False
P00150-D004,P00150,U009,field,static,2019-12-28,2021-07-20,False
P00150-D005,P00150,U009,hard_area,static,2019-03-11,2019-12-27,False
P00150-D006,P00150,U009,field,static,2018-01-17,2019-03-10,False
P00151-D001,P00151,U015,hard_area,operational,2026-03-16,,True
P00151-D002,P00151,U015,hard_area,static,2025-02-25,2026-03-15,False
P00151-D003,P00151,U015,field,training,2024-10-15,2025-02-24,False
P00151-D004,P00151,U015,field,training,2023-10-16,2024-10-14,False
P00151-D005,P00151,U015,static_station,training,2022-10-05,2023-10-15,False
P00151-D006,P00151,U015,field,training,2021-11-07,2022-10-04,False
P00151-D007,P00151,U015,static_station,static,2020-06-20,2021-11-06,False
P00151-D008,P00151,U015,field,static,2018-03-08,2020-06-19,False
P00152-D001,P00152,U015,hard_area,operational,2025-10-11,,True
P00152-D002,P00152,U015,static_station,operational,2024-02-01,2025-10-10,False
P00152-D003,P00152,U015,static_station,static,2023-08-10,2024-01-31,False
P00153-D001,P00153,U005,static_station,operational,2025-11-03,,True
P00153-D002,P00153,U005,hard_area,training,2024-08-12,2025-11-02,False
P00153-D003,P00153,U005,static_station,static,2023-12-12,2024-08-11,False
P00154-D001,P00154,U006,field,operational,2023-12-29,,True
P00155-D001,P00155,U014,field,static,2025-03-18,,True
P00155-D002,P00155,U014,hard_area,operational,2024-03-16,2025-03-17,False
P00155-D003,P00155,U014,static_station,training,2022-12-05,2024-03-15,False
P00155-D004,P00155,U014,field,static,2021-04-30,2022-12-04,False
P00155-D005,P00155,U014,hard_area,operational,2020-04-03,2021-04-29,False
P00155-D006,P00155,U014,field,training,2019-07-06,2020-04-02,False
P00155-D007,P00155,U014,field,operational,2017-04-12,2019-07-05,False
P00155-D008,P00155,U014,static_station,operational,2016-09-15,2017-04-11,False
P00156-D001,P00156,U010,hard_area,operational,2026-05-20,,True
P00156-D002,P00156,U010,field,training,2025-04-05,2026-05-19,False
P00156-D003,P00156,U010,static_station,training,2023-12-09,2025-04-04,False
P00156-D004,P00156,U010,static_station,static,2023-02-15,2023-12-08,False
P00156-D005,P00156,U010,hard_area,static,2022-02-09,2023-02-14,False
P00157-D001,P00157,U006,hard_area,operational,2026-05-20,,True
P00157-D002,P00157,U006,field,operational,2025-06-27,2026-05-19,False
P00157-D003,P00157,U006,static_station,static,2024-02-15,2025-06-26,False
P00157-D004,P00157,U006,static_station,static,2022-08-09,2024-02-14,False
P00157-D005,P00157,U006,field,operational,2020-12-15,2022-08-08,False
P00158-D001,P00158,U004,field,static,2026-01-02,,True
P00158-D002,P00158,U004,static_station,operational,2024-11-09,2026-01-01,False
P00158-D003,P00158,U004,field,operational,2023-01-06,2024-11-08,False
P00158-D004,P00158,U004,static_station,static,2021-10-11,2023-01-05,False
P00158-D005,P00158,U004,hard_area,static,2020-09-04,2021-10-10,False
P00158-D006,P00158,U004,hard_area,training,2019-01-01,2020-09-03,False
P00158-D007,P00158,U004,hard_area,static,2018-02-24,2018-12-31,False
P00159-D001,P00159,U006,hard_area,operational,2026-07-26,,True
P00159-D002,P00159,U006,static_station,training,2024-06-24,2026-07-25,False
P00159-D003,P00159,U006,field,operational,2023-09-19,2024-06-23,False
P00159-D004,P00159,U006,field,static,2022-09-21,2023-09-18,False
P00159-D005,P00159,U006,static_station,operational,2021-12-06,2022-09-20,False
P00159-D006,P00159,U006,field,operational,2021-06-14,2021-12-05,False
P00160-D001,P00160,U011,hard_area,operational,2026-05-08,,True
P00160-D002,P00160,U011,hard_area,static,2025-08-12,2026-05-07,False
P00160-D003,P00160,U011,static_station,training,2024-10-06,2025-08-11,False
P00160-D004,P00160,U011,field,static,2023-02-05,2024-10-05,False
P00160-D005,P00160,U011,field,training,2021-10-15,2023-02-04,False
P00160-D006,P00160,U011,hard_area,static,2020-06-01,2021-10-14,False
P00160-D007,P00160,U011,hard_area,operational,2019-05-06,2020-05-31,False
P00160-D008,P00160,U011,static_station,operational,2017-02-11,2019-05-05,False
P00161-D001,P00161,U014,hard_area,static,2024-11-03,,True
P00161-D002,P00161,U014,static_station,static,2022-05-14,2024-11-02,False
P00161-D003,P00161,U014,static_station,static,2019-06-08,2022-05-13,False
P00161-D004,P00161,U014,static_station,operational,2018-03-04,2019-06-07,False
P00161-D005,P00161,U014,field,training,2016-10-02,2018-03-03,False
P00161-D006,P00161,U014,field,training,2015-03-28,2016-10-01,False
P00161-D007,P00161,U014,hard_area,operational,2013-01-27,2015-03-27,False
P00162-D001,P00162,U012,field,operational,2025-09-14,,True
P00162-D002,P00162,U012,static_station,static,2023-10-29,2025-09-13,False
P00162-D003,P00162,U012,static_station,training,2023-01-03,2023-10-28,False
P00162-D004,P00162,U012,hard_area,static,2022-09-02,2023-01-02,False
P00162-D005,P00162,U012,field,operational,2020-12-20,2022-09-01,False
P00162-D006,P00162,U012,hard_area,static,2018-11-10,2020-12-19,False
P00162-D007,P00162,U012,hard_area,operational,2016-12-14,2018-11-09,False
P00162-D008,P00162,U012,field,operational,2015-12-08,2016-12-13,False
P00163-D001,P00163,U006,hard_area,operational,2024-08-16,,True
P00163-D002,P00163,U006,static_station,operational,2023-05-22,2024-08-15,False
P00164-D001,P00164,U014,field,static,2025-05-22,,True
P00164-D002,P00164,U014,field,training,2024-12-23,2025-05-21,False
P00164-D003,P00164,U014,hard_area,static,2022-09-12,2024-12-22,False
P00164-D004,P00164,U014,hard_area,static,2020-03-20,2022-09-11,False
P00164-D005,P00164,U014,static_station,operational,2018-07-03,2020-03-19,False
P00164-D006,P00164,U014,static_station,static,2017-06-21,2018-07-02,False
P00164-D007,P00164,U014,static_station,training,2016-03-28,2017-06-20,False
P00164-D008,P00164,U014,hard_area,static,2015-02-21,2016-03-27,False
P00165-D001,P00165,U015,hard_area,operational,2024-04-04,,True
P00166-D001,P00166,U009,static_station,static,2025-04-28,,True
P00166-D002,P00166,U009,hard_area,static,2023-09-07,2025-04-27,False
P00166-D003,P00166,U009,static_station,static,2021-12-21,2023-09-06,False
P00167-D001,P00167,U010,hard_area,operational,2025-01-22,,True
P00167-D002,P00167,U010,field,operational,2023-09-30,2025-01-21,False
P00167-D003,P00167,U010,static_station,operational,2023-05-11,2023-09-29,False
P00167-D004,P00167,U010,static_station,operational,2021-08-17,2023-05-10,False
P00167-D005,P00167,U010,field,static,2021-02-14,2021-08-16,False
P00167-D006,P00167,U010,hard_area,training,2019-12-16,2021-02-13,False
P00168-D001,P00168,U004,static_station,static,2024-05-08,,True
P00168-D002,P00168,U004,field,static,2021-07-14,2024-05-07,False
P00168-D003,P00168,U004,field,static,2019-11-14,2021-07-13,False
P00168-D004,P00168,U004,hard_area,operational,2019-01-30,2019-11-13,False
P00168-D005,P00168,U004,field,static,2017-10-31,2019-01-29,False
P00168-D006,P00168,U004,static_station,static,2016-05-24,2017-10-30,False
P00169-D001,P00169,U003,field,static,2026-07-06,,True
P00169-D002,P00169,U003,static_station,operational,2025-01-28,2026-07-05,False
P00169-D003,P00169,U003,static_station,training,2024-05-19,2025-01-27,False
P00169-D004,P00169,U003,field,training,2023-12-10,2024-05-18,False
P00169-D005,P00169,U003,field,static,2022-09-02,2023-12-09,False
P00169-D006,P00169,U003,field,training,2020-12-30,2022-09-01,False
P00169-D007,P00169,U003,field,training,2019-03-22,2020-12-29,False
P00169-D008,P00169,U003,static_station,operational,2017-09-18,2019-03-21,False
P00170-D001,P00170,U009,static_station,static,2025-09-24,,True
P00170-D002,P00170,U009,field,training,2024-07-21,2025-09-23,False
P00170-D003,P00170,U009,static_station,static,2023-03-29,2024-07-20,False
P00170-D004,P00170,U009,static_station,training,2021-08-14,2023-03-28,False
P00170-D005,P00170,U009,field,training,2020-08-08,2021-08-13,False
P00170-D006,P00170,U009,hard_area,static,2019-03-11,2020-08-07,False
P00170-D007,P00170,U009,field,static,2018-04-26,2019-03-10,False
P00170-D008,P00170,U009,hard_area,static,2017-06-05,2018-04-25,False
P00171-D001,P00171,U012,static_station,operational,2024-01-12,,True
P00171-D002,P00171,U012,field,static,2023-01-17,2024-01-11,False
P00171-D003,P00171,U012,field,training,2021-01-31,2023-01-16,False
P00171-D004,P00171,U012,hard_area,training,2019-09-02,2021-01-30,False
P00171-D005,P00171,U012,static_station,operational,2018-06-03,2019-09-01,False
P00171-D006,P00171,U012,static_station,training,2016-08-29,2018-06-02,False
P00171-D007,P00171,U012,static_station,training,2015-11-25,2016-08-28,False
P00172-D001,P00172,U012,field,operational,2024-09-21,,True
P00173-D001,P00173,U010,hard_area,operational,2026-05-18,,True
P00173-D002,P00173,U010,field,static,2025-04-24,2026-05-17,False
P00173-D003,P00173,U010,static_station,training,2023-12-10,2025-04-23,False
P00173-D004,P00173,U010,hard_area,static,2021-12-06,2023-12-09,False
P00173-D005,P00173,U010,field,static,2020-08-28,2021-12-05,False
P00173-D006,P00173,U010,field,training,2019-05-28,2020-08-27,False
P00173-D007,P00173,U010,field,operational,2018-01-11,2019-05-27,False
P00173-D008,P00173,U010,field,static,2017-01-26,2018-01-10,False
P00174-D001,P00174,U003,static_station,static,2023-09-18,,True
P00174-D002,P00174,U003,hard_area,static,2022-06-18,2023-09-17,False
P00174-D003,P00174,U003,field,static,2021-07-19,2022-06-17,False
P00174-D004,P00174,U003,field,training,2020-11-10,2021-07-18,False
P00174-D005,P00174,U003,field,operational,2019-05-24,2020-11-09,False
P00174-D006,P00174,U003,hard_area,operational,2018-04-27,2019-05-23,False
P00174-D007,P00174,U003,field,operational,2016-11-04,2018-04-26,False
P00174-D008,P00174,U003,hard_area,operational,2015-05-18,2016-11-03,False
P00175-D001,P00175,U012,hard_area,operational,2026-03-16,,True
P00175-D002,P00175,U012,hard_area,training,2024-12-26,2026-03-15,False
P00175-D003,P00175,U012,static_station,operational,2024-01-05,2024-12-25,False
P00175-D004,P00175,U012,static_station,training,2022-10-29,2024-01-04,False
P00175-D005,P00175,U012,hard_area,static,2022-04-06,2022-10-28,False
P00176-D001,P00176,U001,static_station,operational,2025-11-02,,True
P00176-D002,P00176,U001,static_station,training,2024-10-13,2025-11-01,False
P00176-D003,P00176,U001,field,static,2024-01-11,2024-10-12,False
P00176-D004,P00176,U001,hard_area,operational,2022-08-29,2024-01-10,False
P00176-D005,P00176,U001,static_station,training,2020-10-08,2022-08-28,False
P00176-D006,P00176,U001,static_station,operational,2019-03-10,2020-10-07,False
P00176-D007,P00176,U001,static_station,static,2017-11-21,2019-03-09,False
P00176-D008,P00176,U001,field,operational,2017-06-02,2017-11-20,False
P00177-D001,P00177,U006,field,operational,2023-12-07,,True
P00177-D002,P00177,U006,hard_area,operational,2023-05-12,2023-12-06,False
P00177-D003,P00177,U006,static_station,training,2022-06-13,2023-05-11,False
P00177-D004,P00177,U006,field,operational,2021-02-11,2022-06-12,False
P00177-D005,P00177,U006,hard_area,static,2019-06-25,2021-02-10,False
P00177-D006,P00177,U006,field,operational,2017-12-01,2019-06-24,False
P00177-D007,P00177,U006,hard_area,static,2017-03-15,2017-11-30,False
P00178-D001,P00178,U005,field,operational,2024-08-02,,True
P00178-D002,P00178,U005,field,training,2022-10-07,2024-08-01,False
P00178-D003,P00178,U005,static_station,static,2021-05-08,2022-10-06,False
P00178-D004,P00178,U005,static_station,operational,2020-12-04,2021-05-07,False
P00178-D005,P00178,U005,field,static,2020-08-03,2020-12-03,False
P00178-D006,P00178,U005,static_station,static,2019-07-16,2020-08-02,False
P00178-D007,P00178,U005,hard_area,operational,2018-11-28,2019-07-15,False
P00179-D001,P00179,U014,hard_area,static,2025-01-12,,True
P00179-D002,P00179,U014,static_station,training,2023-11-07,2025-01-11,False
P00179-D003,P00179,U014,static_station,static,2022-05-04,2023-11-06,False
P00179-D004,P00179,U014,static_station,training,2021-09-21,2022-05-03,False
P00180-D001,P00180,U010,hard_area,operational,2025-10-26,,True
P00180-D002,P00180,U010,field,static,2024-02-13,2025-10-25,False
P00180-D003,P00180,U010,field,training,2021-05-29,2024-02-12,False
P00180-D004,P00180,U010,static_station,training,2020-11-30,2021-05-28,False
P00180-D005,P00180,U010,field,static,2019-09-19,2020-11-29,False
P00180-D006,P00180,U010,hard_area,training,2017-12-24,2019-09-18,False
P00180-D007,P00180,U010,field,training,2016-07-18,2017-12-23,False
P00180-D008,P00180,U010,hard_area,training,2015-10-04,2016-07-17,False
P00181-D001,P00181,U010,field,operational,2025-11-07,,True
P00181-D002,P00181,U010,field,operational,2025-04-06,2025-11-06,False
P00181-D003,P00181,U010,static_station,operational,2024-04-13,2025-04-05,False
P00181-D004,P00181,U010,static_station,training,2021-12-29,2024-04-12,False
P00181-D005,P00181,U010,static_station,operational,2020-09-05,2021-12-28,False
P00182-D001,P00182,U001,static_station,operational,2025-02-09,,True
P00182-D002,P00182,U001,hard_area,static,2023-06-22,2025-02-08,False
P00182-D003,P00182,U001,static_station,static,2022-03-02,2023-06-21,False
P00183-D001,P00183,U002,field,operational,2024-05-12,,True
P00183-D002,P00183,U002,field,training,2023-06-17,2024-05-11,False
P00183-D003,P00183,U002,field,static,2022-01-05,2023-06-16,False
P00183-D004,P00183,U002,field,operational,2020-12-14,2022-01-04,False
P00183-D005,P00183,U002,hard_area,operational,2019-12-19,2020-12-13,False
P00183-D006,P00183,U002,static_station,operational,2018-12-23,2019-12-18,False
P00183-D007,P00183,U002,field,training,2017-06-22,2018-12-22,False
P00183-D008,P00183,U002,hard_area,training,2015-10-18,2017-06-21,False
P00184-D001,P00184,U013,static_station,operational,2024-07-15,,True
P00184-D002,P00184,U013,hard_area,operational,2023-07-27,2024-07-14,False
P00184-D003,P00184,U013,static_station,training,2022-11-16,2023-07-26,False
P00185-D001,P00185,U003,static_station,static,2024-09-06,,True
P00185-D002,P00185,U003,field,operational,2024-01-24,2024-09-05,False
P00185-D003,P00185,U003,static_station,operational,2023-01-22,2024-01-23,False
P00185-D004,P00185,U003,static_station,static,2022-04-18,2023-01-21,False
P00185-D005,P00185,U003,static_station,static,2021-02-22,2022-04-17,False
P00185-D006,P00185,U003,hard_area,training,2020-01-08,2021-02-21,False
P00185-D007,P00185,U003,field,static,2019-07-28,2020-01-07,False
P00186-D001,P00186,U005,field,operational,2025-07-15,,True
P00186-D002,P00186,U005,hard_area,static,2024-03-21,2025-07-14,False
P00186-D003,P00186,U005,static_station,training,2022-07-14,2024-03-20,False
P00187-D001,P00187,U010,hard_area,operational,2025-05-10,,True
P00187-D002,P00187,U010,field,static,2025-01-07,2025-05-09,False
P00187-D003,P00187,U010,static_station,operational,2023-11-21,2025-01-06,False
P00187-D004,P00187,U010,static_station,training,2022-08-15,2023-11-20,False
P00187-D005,P00187,U010,static_station,static,2021-01-05,2022-08-14,False
P00187-D006,P00187,U010,field,operational,2019-04-26,2021-01-04,False
P00187-D007,P00187,U010,field,operational,2018-12-24,2019-04-25,False
P00187-D008,P00187,U010,static_station,static,2017-07-08,2018-12-23,False
P00188-D001,P00188,U014,hard_area,static,2024-10-24,,True
P00188-D002,P00188,U014,hard_area,training,2023-05-29,2024-10-23,False
P00188-D003,P00188,U014,field,operational,2022-08-19,2023-05-28,False
P00188-D004,P00188,U014,hard_area,operational,2021-04-26,2022-08-18,False
P00188-D005,P00188,U014,field,static,2020-04-03,2021-04-25,False
P00188-D006,P00188,U014,hard_area,training,2019-01-05,2020-04-02,False
P00188-D007,P00188,U014,field,training,2018-01-02,2019-01-04,False
P00188-D008,P00188,U014,hard_area,operational,2016-07-07,2018-01-01,False
P00189-D001,P00189,U007,field,static,2025-09-22,,True
P00189-D002,P00189,U007,static_station,training,2024-02-06,2025-09-21,False
P00189-D003,P00189,U007,static_station,training,2023-08-13,2024-02-05,False
P00189-D004,P00189,U007,field,operational,2021-11-20,2023-08-12,False
P00189-D005,P00189,U007,field,training,2020-10-03,2021-11-19,False
P00189-D006,P00189,U007,hard_area,training,2018-02-04,2020-10-02,False
P00189-D007,P00189,U007,static_station,static,2017-10-04,2018-02-03,False
P00189-D008,P00189,U007,field,operational,2016-02-22,2017-10-03,False
P00190-D001,P00190,U014,static_station,static,2026-01-19,,True
P00190-D002,P00190,U014,static_station,training,2025-01-01,2026-01-18,False
P00191-D001,P00191,U006,hard_area,operational,2025-01-09,,True
P00191-D002,P00191,U006,static_station,training,2024-02-17,2025-01-08,False
P00191-D003,P00191,U006,field,training,2023-05-27,2024-02-16,False
P00192-D001,P00192,U002,field,operational,2023-05-16,,True
P00192-D002,P00192,U002,static_station,training,2023-01-13,2023-05-15,False
P00192-D003,P00192,U002,field,operational,2022-09-12,2023-01-12,False
P00192-D004,P00192,U002,field,training,2021-06-24,2022-09-11,False
P00192-D005,P00192,U002,hard_area,operational,2020-02-11,2021-06-23,False
P00192-D006,P00192,U002,field,static,2018-08-29,2020-02-10,False
P00192-D007,P00192,U002,static_station,training,2017-01-02,2018-08-28,False
P00192-D008,P00192,U002,hard_area,operational,2016-06-08,2017-01-01,False
P00193-D001,P00193,U005,hard_area,operational,2025-03-10,,True
P00193-D002,P00193,U005,hard_area,static,2024-07-02,2025-03-09,False
P00193-D003,P00193,U005,hard_area,training,2023-10-19,2024-07-01,False
P00194-D001,P00194,U009,static_station,static,2024-04-01,,True
P00194-D002,P00194,U009,hard_area,operational,2022-12-15,2024-03-31,False
P00195-D001,P00195,U011,field,operational,2023-09-03,,True
P00195-D002,P00195,U011,static_station,static,2023-04-25,2023-09-02,False
P00196-D001,P00196,U016,static_station,operational,2023-10-19,,True
P00196-D002,P00196,U016,field,static,2023-02-14,2023-10-18,False
P00196-D003,P00196,U016,field,training,2021-12-26,2023-02-13,False
P00196-D004,P00196,U016,hard_area,operational,2021-05-04,2021-12-25,False
P00196-D005,P00196,U016,field,operational,2020-08-10,2021-05-03,False
P00196-D006,P00196,U016,static_station,static,2019-07-16,2020-08-09,False
P00196-D007,P00196,U016,static_station,static,2018-05-26,2019-07-15,False
P00196-D008,P00196,U016,static_station,operational,2016-07-08,2018-05-25,False
P00197-D001,P00197,U008,field,operational,2023-05-27,,True
P00197-D002,P00197,U008,hard_area,static,2022-10-23,2023-05-26,False
P00197-D003,P00197,U008,field,operational,2021-07-27,2022-10-22,False
P00197-D004,P00197,U008,static_station,operational,2021-03-09,2021-07-26,False
P00198-D001,P00198,U010,hard_area,operational,2023-01-27,,True
P00198-D002,P00198,U010,hard_area,static,2022-02-07,2023-01-26,False
P00198-D003,P00198,U010,field,operational,2021-01-01,2022-02-06,False
P00198-D004,P00198,U010,field,operational,2019-10-11,2020-12-31,False
P00198-D005,P00198,U010,field,training,2018-02-01,2019-10-10,False
P00198-D006,P00198,U010,hard_area,static,2017-04-17,2018-01-31,False
P00199-D001,P00199,U007,static_station,static,2023-06-26,,True
P00199-D002,P00199,U007,field,training,2022-12-15,2023-06-25,False
P00199-D003,P00199,U007,hard_area,training,2021-08-01,2022-12-14,False
P00200-D001,P00200,U016,hard_area,operational,2026-06-26,,True
P00200-D002,P00200,U016,field,operational,2025-05-22,2026-06-25,False
P00200-D003,P00200,U016,field,training,2024-02-21,2025-05-21,False
P00200-D004,P00200,U016,field,static,2023-07-06,2024-02-20,False
P00200-D005,P00200,U016,field,operational,2021-09-11,2023-07-05,False
P00200-D006,P00200,U016,hard_area,operational,2020-11-07,2021-09-10,False
P00200-D007,P00200,U016,field,static,2020-07-07,2020-11-06,False
P00200-D008,P00200,U016,field,operational,2019-09-14,2020-07-06,False
P00201-D001,P00201,U012,field,operational,2025-07-06,,True
P00202-D001,P00202,U007,field,static,2024-11-09,,True
P00202-D002,P00202,U007,hard_area,training,2023-07-28,2024-11-08,False
P00202-D003,P00202,U007,static_station,operational,2022-03-06,2023-07-27,False
P00203-D001,P00203,U004,static_station,static,2025-03-09,,True
P00203-D002,P00203,U004,static_station,operational,2024-06-02,2025-03-08,False
P00203-D003,P00203,U004,hard_area,training,2022-10-07,2024-06-01,False
P00203-D004,P00203,U004,hard_area,static,2021-12-13,2022-10-06,False
P00203-D005,P00203,U004,hard_area,operational,2020-09-28,2021-12-12,False
P00203-D006,P00203,U004,field,static,2019-12-21,2020-09-27,False
P00203-D007,P00203,U004,static_station,static,2018-10-18,2019-12-20,False
P00203-D008,P00203,U004,field,static,2017-03-17,2018-10-17,False
P00204-D001,P00204,U014,static_station,static,2024-02-07,,True
P00204-D002,P00204,U014,static_station,static,2023-10-07,2024-02-06,False
P00204-D003,P00204,U014,static_station,static,2021-12-20,2023-10-06,False
P00204-D004,P00204,U014,hard_area,operational,2019-12-19,2021-12-19,False
P00204-D005,P00204,U014,field,training,2018-09-21,2019-12-18,False
P00204-D006,P00204,U014,hard_area,static,2017-08-08,2018-09-20,False
P00205-D001,P00205,U001,static_station,operational,2024-08-09,,True
P00205-D002,P00205,U001,static_station,training,2023-09-14,2024-08-08,False
P00205-D003,P00205,U001,hard_area,static,2021-12-16,2023-09-13,False
P00205-D004,P00205,U001,hard_area,operational,2019-11-16,2021-12-15,False
P00205-D005,P00205,U001,field,operational,2019-01-25,2019-11-15,False
P00205-D006,P00205,U001,hard_area,operational,2016-12-26,2019-01-24,False
P00205-D007,P00205,U001,hard_area,training,2016-02-18,2016-12-25,False
P00205-D008,P00205,U001,field,operational,2014-06-28,2016-02-17,False
P00206-D001,P00206,U002,hard_area,operational,2025-11-16,,True
P00206-D002,P00206,U002,static_station,operational,2025-04-29,2025-11-15,False
P00206-D003,P00206,U002,field,static,2024-07-21,2025-04-28,False
P00206-D004,P00206,U002,hard_area,static,2022-12-14,2024-07-20,False
P00206-D005,P00206,U002,static_station,operational,2022-03-27,2022-12-13,False
P00206-D006,P00206,U002,static_station,static,2020-11-10,2022-03-26,False
P00206-D007,P00206,U002,static_station,operational,2019-11-29,2020-11-09,False
P00206-D008,P00206,U002,hard_area,operational,2019-01-14,2019-11-28,False
P00207-D001,P00207,U009,static_station,static,2023-12-17,,True
P00207-D002,P00207,U009,static_station,training,2022-11-29,2023-12-16,False
P00207-D003,P00207,U009,field,operational,2021-05-19,2022-11-28,False
P00207-D004,P00207,U009,hard_area,operational,2019-12-28,2021-05-18,False
P00207-D005,P00207,U009,hard_area,static,2019-05-05,2019-12-27,False
P00208-D001,P00208,U010,hard_area,operational,2025-08-09,,True
P00208-D002,P00208,U010,static_station,static,2025-01-16,2025-08-08,False
P00208-D003,P00208,U010,field,static,2024-01-09,2025-01-15,False
P00208-D004,P00208,U010,field,operational,2022-02-09,2024-01-08,False
P00208-D005,P00208,U010,hard_area,operational,2020-05-16,2022-02-08,False
P00208-D006,P00208,U010,hard_area,static,2018-09-26,2020-05-15,False
P00208-D007,P00208,U010,hard_area,static,2018-05-09,2018-09-25,False
P00208-D008,P00208,U010,field,operational,2017-02-09,2018-05-08,False
P00209-D001,P00209,U011,field,operational,2025-08-24,,True
P00209-D002,P00209,U011,field,operational,2024-05-14,2025-08-23,False
P00209-D003,P00209,U011,hard_area,operational,2023-10-06,2024-05-13,False
P00209-D004,P00209,U011,hard_area,static,2022-01-21,2023-10-05,False
P00209-D005,P00209,U011,field,static,2020-01-08,2022-01-20,False
P00209-D006,P00209,U011,field,training,2019-01-01,2020-01-07,False
P00209-D007,P00209,U011,field,operational,2018-05-30,2018-12-31,False
P00209-D008,P00209,U011,hard_area,operational,2018-01-26,2018-05-29,False
P00210-D001,P00210,U010,hard_area,operational,2024-06-30,,True
P00210-D002,P00210,U010,field,training,2023-11-27,2024-06-29,False
P00211-D001,P00211,U007,static_station,static,2023-10-25,,True
P00212-D001,P00212,U002,field,operational,2025-09-09,,True
P00212-D002,P00212,U002,static_station,training,2024-02-18,2025-09-08,False
P00212-D003,P00212,U002,hard_area,training,2022-08-14,2024-02-17,False
P00212-D004,P00212,U002,field,static,2021-05-12,2022-08-13,False
P00212-D005,P00212,U002,static_station,operational,2019-10-20,2021-05-11,False
P00212-D006,P00212,U002,static_station,training,2019-06-19,2019-10-19,False
P00212-D007,P00212,U002,hard_area,static,2018-08-03,2019-06-18,False
P00212-D008,P00212,U002,static_station,training,2017-07-14,2018-08-02,False
P00213-D001,P00213,U011,hard_area,operational,2024-11-07,,True
P00214-D001,P00214,U011,field,operational,2024-07-05,,True
P00214-D002,P00214,U011,hard_area,static,2022-03-05,2024-07-04,False
P00214-D003,P00214,U011,static_station,operational,2019-10-02,2022-03-04,False
P00214-D004,P00214,U011,static_station,training,2019-05-01,2019-10-01,False
P00214-D005,P00214,U011,field,operational,2018-05-30,2019-04-30,False
P00214-D006,P00214,U011,field,static,2017-09-10,2018-05-29,False
P00214-D007,P00214,U011,field,static,2016-07-06,2017-09-09,False
P00214-D008,P00214,U011,field,operational,2015-10-08,2016-07-05,False
P00215-D001,P00215,U001,static_station,operational,2024-02-27,,True
P00215-D002,P00215,U001,hard_area,training,2023-01-02,2024-02-26,False
P00215-D003,P00215,U001,hard_area,operational,2022-04-26,2023-01-01,False
P00215-D004,P00215,U001,static_station,static,2020-12-31,2022-04-25,False
P00215-D005,P00215,U001,field,training,2019-11-24,2020-12-30,False
P00215-D006,P00215,U001,hard_area,training,2018-11-19,2019-11-23,False
P00216-D001,P00216,U014,field,static,2025-07-19,,True
P00216-D002,P00216,U014,static_station,static,2023-09-18,2025-07-18,False
P00216-D003,P00216,U014,static_station,operational,2022-06-10,2023-09-17,False
P00217-D001,P00217,U006,hard_area,operational,2025-03-24,,True
P00217-D002,P00217,U006,field,operational,2023-01-05,2025-03-23,False
P00217-D003,P00217,U006,hard_area,operational,2021-09-15,2023-01-04,False
P00217-D004,P00217,U006,static_station,operational,2021-03-14,2021-09-14,False
P00217-D005,P00217,U006,static_station,training,2020-06-02,2021-03-13,False
P00217-D006,P00217,U006,field,training,2019-10-13,2020-06-01,False
P00217-D007,P00217,U006,field,operational,2018-07-10,2019-10-12,False
P00217-D008,P00217,U006,field,static,2016-11-09,2018-07-09,False
P00218-D001,P00218,U001,static_station,operational,2023-11-04,,True
P00218-D002,P00218,U001,static_station,training,2023-01-28,2023-11-03,False
P00218-D003,P00218,U001,field,static,2021-05-10,2023-01-27,False
P00218-D004,P00218,U001,static_station,operational,2019-11-27,2021-05-09,False
P00218-D005,P00218,U001,hard_area,training,2018-09-03,2019-11-26,False
P00219-D001,P00219,U005,hard_area,operational,2025-11-24,,True
P00219-D002,P00219,U005,hard_area,static,2024-08-13,2025-11-23,False
P00219-D003,P00219,U005,static_station,operational,2024-03-15,2024-08-12,False
P00219-D004,P00219,U005,static_station,training,2023-06-20,2024-03-14,False
P00219-D005,P00219,U005,field,operational,2022-12-28,2023-06-19,False
P00219-D006,P00219,U005,hard_area,static,2022-05-02,2022-12-27,False
P00219-D007,P00219,U005,hard_area,training,2021-06-19,2022-05-01,False
P00219-D008,P00219,U005,static_station,static,2020-01-06,2021-06-18,False
P00220-D001,P00220,U009,static_station,static,2026-01-25,,True
P00220-D002,P00220,U009,field,training,2024-08-22,2026-01-24,False
P00220-D003,P00220,U009,static_station,static,2024-02-29,2024-08-21,False
P00220-D004,P00220,U009,hard_area,operational,2023-07-25,2024-02-28,False
P00221-D001,P00221,U009,static_station,static,2023-06-05,,True
P00221-D002,P00221,U009,static_station,training,2022-08-30,2023-06-04,False
P00221-D003,P00221,U009,hard_area,training,2020-10-25,2022-08-29,False
P00221-D004,P00221,U009,field,training,2019-03-28,2020-10-24,False
P00221-D005,P00221,U009,hard_area,static,2018-05-04,2019-03-27,False
P00221-D006,P00221,U009,static_station,static,2016-09-11,2018-05-03,False
P00221-D007,P00221,U009,static_station,training,2015-09-04,2016-09-10,False
P00221-D008,P00221,U009,hard_area,static,2014-11-11,2015-09-03,False
P00222-D001,P00222,U004,field,static,2024-10-12,,True
P00222-D002,P00222,U004,field,static,2023-08-02,2024-10-11,False
P00222-D003,P00222,U004,field,static,2021-05-22,2023-08-01,False
P00222-D004,P00222,U004,static_station,static,2019-06-09,2021-05-21,False
P00222-D005,P00222,U004,field,operational,2017-10-20,2019-06-08,False
P00222-D006,P00222,U004,hard_area,operational,2016-01-25,2017-10-19,False
P00222-D007,P00222,U004,field,training,2014-07-14,2016-01-24,False
P00222-D008,P00222,U004,field,static,2013-09-15,2014-07-13,False
P00223-D001,P00223,U013,field,operational,2025-06-01,,True
P00223-D002,P00223,U013,field,static,2024-11-09,2025-05-31,False
P00223-D003,P00223,U013,hard_area,static,2023-12-07,2024-11-08,False
P00223-D004,P00223,U013,static_station,training,2022-07-29,2023-12-06,False
P00224-D001,P00224,U014,static_station,static,2026-02-06,,True
P00224-D002,P00224,U014,static_station,static,2023-11-27,2026-02-05,False
P00224-D003,P00224,U014,hard_area,static,2022-07-04,2023-11-26,False
P00224-D004,P00224,U014,static_station,static,2020-12-01,2022-07-03,False
P00224-D005,P00224,U014,static_station,training,2019-11-08,2020-11-30,False
P00224-D006,P00224,U014,static_station,static,2018-07-06,2019-11-07,False
P00224-D007,P00224,U014,field,static,2017-04-14,2018-07-05,False
P00224-D008,P00224,U014,static_station,training,2015-10-24,2017-04-13,False
P00225-D001,P00225,U010,hard_area,operational,2025-11-30,,True
P00225-D002,P00225,U010,field,static,2023-12-16,2025-11-29,False
P00225-D003,P00225,U010,field,static,2023-04-18,2023-12-15,False
P00225-D004,P00225,U010,static_station,operational,2022-08-21,2023-04-17,False
P00225-D005,P00225,U010,hard_area,static,2022-01-12,2022-08-20,False
P00226-D001,P00226,U002,hard_area,operational,2026-07-11,,True
P00226-D002,P00226,U002,field,operational,2025-02-21,2026-07-10,False
P00226-D003,P00226,U002,hard_area,static,2023-08-25,2025-02-20,False
P00226-D004,P00226,U002,hard_area,operational,2023-04-24,2023-08-24,False
P00226-D005,P00226,U002,static_station,static,2022-07-13,2023-04-23,False
P00226-D006,P00226,U002,field,training,2021-08-16,2022-07-12,False
P00226-D007,P00226,U002,field,operational,2020-11-20,2021-08-15,False
P00227-D001,P00227,U006,static_station,operational,2024-08-17,,True
P00227-D002,P00227,U006,field,training,2023-10-07,2024-08-16,False
P00227-D003,P00227,U006,field,operational,2023-03-31,2023-10-06,False
P00227-D004,P00227,U006,static_station,training,2022-07-11,2023-03-30,False
P00227-D005,P00227,U006,static_station,static,2021-08-08,2022-07-10,False
P00227-D006,P00227,U006,field,operational,2020-04-26,2021-08-07,False
P00227-D007,P00227,U006,hard_area,operational,2018-11-14,2020-04-25,False
P00227-D008,P00227,U006,static_station,operational,2017-03-02,2018-11-13,False
P00228-D001,P00228,U009,static_station,static,2025-04-08,,True
P00228-D002,P00228,U009,hard_area,operational,2024-07-11,2025-04-07,False
P00228-D003,P00228,U009,static_station,static,2023-08-26,2024-07-10,False
P00228-D004,P00228,U009,hard_area,training,2021-09-22,2023-08-25,False
P00228-D005,P00228,U009,hard_area,static,2020-07-24,2021-09-21,False
P00228-D006,P00228,U009,static_station,operational,2018-07-27,2020-07-23,False
P00228-D007,P00228,U009,static_station,operational,2017-04-20,2018-07-26,False
P00228-D008,P00228,U009,hard_area,training,2016-09-13,2017-04-19,False
P00229-D001,P00229,U011,hard_area,operational,2026-06-12,,True
P00229-D002,P00229,U011,static_station,training,2025-12-14,2026-06-11,False
P00229-D003,P00229,U011,hard_area,training,2024-12-21,2025-12-13,False
P00229-D004,P00229,U011,field,operational,2023-09-27,2024-12-20,False
P00229-D005,P00229,U011,hard_area,static,2021-10-31,2023-09-26,False
P00229-D006,P00229,U011,field,operational,2020-10-26,2021-10-30,False
P00229-D007,P00229,U011,static_station,training,2020-02-27,2020-10-25,False
P00229-D008,P00229,U011,hard_area,static,2019-02-13,2020-02-26,False
P00230-D001,P00230,U008,hard_area,operational,2025-10-25,,True
P00230-D002,P00230,U008,field,operational,2025-01-20,2025-10-24,False
P00230-D003,P00230,U008,static_station,training,2023-12-14,2025-01-19,False
P00230-D004,P00230,U008,hard_area,operational,2023-02-26,2023-12-13,False
P00231-D001,P00231,U016,hard_area,operational,2024-12-24,,True
P00231-D002,P00231,U016,hard_area,training,2024-03-19,2024-12-23,False
P00232-D001,P00232,U005,field,operational,2026-06-01,,True
P00232-D002,P00232,U005,field,static,2024-11-06,2026-05-31,False
P00232-D003,P00232,U005,static_station,static,2023-04-14,2024-11-05,False
P00232-D004,P00232,U005,field,training,2022-04-12,2023-04-13,False
P00232-D005,P00232,U005,static_station,static,2021-03-17,2022-04-11,False
P00232-D006,P00232,U005,static_station,operational,2020-07-29,2021-03-16,False
P00232-D007,P00232,U005,static_station,static,2020-02-21,2020-07-28,False
P00232-D008,P00232,U005,static_station,static,2018-05-17,2020-02-20,False
P00233-D001,P00233,U014,static_station,static,2023-08-14,,True
P00233-D002,P00233,U014,static_station,training,2022-01-24,2023-08-13,False
P00233-D003,P00233,U014,static_station,training,2020-10-31,2022-01-23,False
P00233-D004,P00233,U014,static_station,static,2019-06-28,2020-10-30,False
P00233-D005,P00233,U014,static_station,static,2018-04-29,2019-06-27,False
P00233-D006,P00233,U014,hard_area,static,2016-05-21,2018-04-28,False
P00233-D007,P00233,U014,field,static,2015-02-08,2016-05-20,False
P00233-D008,P00233,U014,static_station,static,2013-11-03,2015-02-07,False
P00234-D001,P00234,U016,hard_area,operational,2024-04-17,,True
P00234-D002,P00234,U016,static_station,operational,2023-03-28,2024-04-16,False
P00234-D003,P00234,U016,hard_area,static,2022-03-01,2023-03-27,False
P00234-D004,P00234,U016,static_station,static,2020-07-24,2022-02-28,False
P00234-D005,P00234,U016,hard_area,static,2020-02-07,2020-07-23,False
P00234-D006,P00234,U016,static_station,operational,2018-11-06,2020-02-06,False
P00234-D007,P00234,U016,field,static,2017-08-06,2018-11-05,False
P00234-D008,P00234,U016,hard_area,training,2017-03-27,2017-08-05,False
P00235-D001,P00235,U009,static_station,static,2024-05-11,,True
P00235-D002,P00235,U009,static_station,training,2023-02-13,2024-05-10,False
P00235-D003,P00235,U009,static_station,operational,2021-09-19,2023-02-12,False
P00235-D004,P00235,U009,static_station,training,2019-09-11,2021-09-18,False
P00235-D005,P00235,U009,static_station,static,2018-01-30,2019-09-10,False
P00235-D006,P00235,U009,static_station,static,2017-08-09,2018-01-29,False
P00236-D001,P00236,U004,field,static,2026-06-06,,True
P00236-D002,P00236,U004,field,operational,2025-02-25,2026-06-05,False
P00236-D003,P00236,U004,field,static,2023-05-30,2025-02-24,False
P00236-D004,P00236,U004,static_station,training,2022-03-09,2023-05-29,False
P00236-D005,P00236,U004,static_station,static,2020-10-31,2022-03-08,False
P00236-D006,P00236,U004,field,training,2019-01-31,2020-10-30,False
P00236-D007,P00236,U004,field,training,2016-05-07,2019-01-30,False
P00236-D008,P00236,U004,hard_area,static,2015-07-29,2016-05-06,False
P00237-D001,P00237,U013,hard_area,operational,2025-06-19,,True
P00237-D002,P00237,U013,field,static,2024-07-05,2025-06-18,False
P00237-D003,P00237,U013,static_station,static,2023-09-29,2024-07-04,False
P00237-D004,P00237,U013,static_station,training,2023-02-05,2023-09-28,False
P00237-D005,P00237,U013,static_station,training,2021-02-12,2023-02-04,False
P00237-D006,P00237,U013,field,static,2019-09-28,2021-02-11,False
P00237-D007,P00237,U013,hard_area,training,2017-08-31,2019-09-27,False
P00237-D008,P00237,U013,hard_area,operational,2016-10-27,2017-08-30,False
P00238-D001,P00238,U009,static_station,static,2023-12-14,,True
P00238-D002,P00238,U009,hard_area,operational,2023-07-11,2023-12-13,False
P00239-D001,P00239,U011,hard_area,operational,2024-12-15,,True
P00239-D002,P00239,U011,hard_area,training,2024-01-26,2024-12-14,False
P00240-D001,P00240,U001,static_station,operational,2025-11-16,,True
P00240-D002,P00240,U001,static_station,training,2024-03-07,2025-11-15,False
P00240-D003,P00240,U001,static_station,static,2022-03-15,2024-03-06,False
P00240-D004,P00240,U001,static_station,training,2020-09-03,2022-03-14,False
P00241-D001,P00241,U004,field,static,2025-04-07,,True
P00241-D002,P00241,U004,hard_area,operational,2024-03-28,2025-04-06,False
P00241-D003,P00241,U004,static_station,training,2022-12-30,2024-03-27,False
P00241-D004,P00241,U004,field,operational,2021-08-24,2022-12-29,False
P00241-D005,P00241,U004,static_station,static,2020-04-13,2021-08-23,False
P00241-D006,P00241,U004,field,training,2019-12-13,2020-04-12,False
P00241-D007,P00241,U004,field,operational,2019-03-25,2019-12-12,False
P00242-D001,P00242,U015,hard_area,operational,2025-11-09,,True
P00243-D001,P00243,U005,field,operational,2026-01-26,,True
P00243-D002,P00243,U005,field,training,2025-08-28,2026-01-25,False
P00243-D003,P00243,U005,static_station,training,2025-01-17,2025-08-27,False
P00243-D004,P00243,U005,field,operational,2023-09-23,2025-01-16,False
P00243-D005,P00243,U005,static_station,static,2022-07-21,2023-09-22,False
P00243-D006,P00243,U005,hard_area,static,2021-11-21,2022-07-20,False
P00243-D007,P00243,U005,field,training,2020-12-15,2021-11-20,False
P00243-D008,P00243,U005,field,operational,2018-12-28,2020-12-14,False
P00244-D001,P00244,U016,field,operational,2024-02-23,,True
P00244-D002,P00244,U016,static_station,training,2023-03-16,2024-02-22,False
P00245-D001,P00245,U004,field,static,2025-06-13,,True
P00245-D002,P00245,U004,hard_area,training,2024-12-12,2025-06-12,False
P00245-D003,P00245,U004,static_station,training,2023-10-27,2024-12-11,False
P00245-D004,P00245,U004,hard_area,operational,2022-04-07,2023-10-26,False
P00245-D005,P00245,U004,static_station,static,2021-04-28,2022-04-06,False
P00245-D006,P00245,U004,hard_area,operational,2019-12-19,2021-04-27,False
P00246-D001,P00246,U016,field,operational,2023-11-03,,True
P00246-D002,P00246,U016,field,static,2022-11-22,2023-11-02,False
P00246-D003,P00246,U016,hard_area,static,2021-01-19,2022-11-21,False
P00246-D004,P00246,U016,static_station,training,2019-10-12,2021-01-18,False
P00246-D005,P00246,U016,hard_area,training,2018-07-15,2019-10-11,False
P00246-D006,P00246,U016,hard_area,training,2016-11-09,2018-07-14,False
P00246-D007,P00246,U016,field,static,2015-12-02,2016-11-08,False
P00246-D008,P00246,U016,field,operational,2014-05-18,2015-12-01,False
P00247-D001,P00247,U014,hard_area,static,2025-04-19,,True
P00248-D001,P00248,U015,hard_area,operational,2026-04-13,,True
P00248-D002,P00248,U015,field,training,2025-11-20,2026-04-12,False
P00248-D003,P00248,U015,field,static,2025-02-14,2025-11-19,False
P00248-D004,P00248,U015,static_station,training,2023-06-15,2025-02-13,False
P00249-D001,P00249,U006,field,operational,2023-10-19,,True
P00249-D002,P00249,U006,static_station,static,2023-02-01,2023-10-18,False
P00249-D003,P00249,U006,static_station,static,2022-03-31,2023-01-31,False
P00249-D004,P00249,U006,static_station,static,2021-02-13,2022-03-30,False
P00249-D005,P00249,U006,field,training,2020-01-13,2021-02-12,False
P00249-D006,P00249,U006,hard_area,training,2019-02-22,2020-01-12,False
P00250-D001,P00250,U015,hard_area,operational,2024-06-10,,True
P00250-D002,P00250,U015,field,operational,2023-04-20,2024-06-09,False
P00250-D003,P00250,U015,hard_area,static,2022-03-06,2023-04-19,False
P00250-D004,P00250,U015,hard_area,operational,2021-09-11,2022-03-05,False
P00250-D005,P00250,U015,hard_area,training,2020-03-29,2021-09-10,False
P00251-D001,P00251,U006,hard_area,operational,2025-01-11,,True
P00251-D002,P00251,U006,hard_area,training,2022-12-18,2025-01-10,False
P00251-D003,P00251,U006,hard_area,operational,2021-08-19,2022-12-17,False
P00251-D004,P00251,U006,static_station,training,2020-09-04,2021-08-18,False
P00251-D005,P00251,U006,static_station,operational,2018-10-02,2020-09-03,False
P00251-D006,P00251,U006,static_station,operational,2017-09-08,2018-10-01,False
P00251-D007,P00251,U006,hard_area,training,2016-02-08,2017-09-07,False
P00251-D008,P00251,U006,hard_area,static,2015-03-05,2016-02-07,False
P00252-D001,P00252,U013,field,operational,2024-09-30,,True
P00253-D001,P00253,U002,field,operational,2025-10-30,,True
P00253-D002,P00253,U002,field,training,2024-10-02,2025-10-29,False
P00253-D003,P00253,U002,hard_area,operational,2023-05-17,2024-10-01,False
P00253-D004,P00253,U002,hard_area,static,2022-01-29,2023-05-16,False
P00253-D005,P00253,U002,field,training,2020-04-28,2022-01-28,False
P00253-D006,P00253,U002,static_station,static,2018-09-21,2020-04-27,False
P00253-D007,P00253,U002,field,training,2018-04-16,2018-09-20,False
P00253-D008,P00253,U002,static_station,training,2017-07-23,2018-04-15,False
P00254-D001,P00254,U015,hard_area,operational,2023-06-07,,True
P00254-D002,P00254,U015,static_station,operational,2022-06-06,2023-06-06,False
P00254-D003,P00254,U015,static_station,training,2021-07-07,2022-06-05,False
P00254-D004,P00254,U015,hard_area,training,2020-08-19,2021-07-06,False
P00254-D005,P00254,U015,static_station,training,2019-02-09,2020-08-18,False
P00254-D006,P00254,U015,static_station,static,2017-05-12,2019-02-08,False
P00254-D007,P00254,U015,field,operational,2017-01-09,2017-05-11,False
P00254-D008,P00254,U015,hard_area,static,2016-02-22,2017-01-08,False
P00255-D001,P00255,U011,hard_area,operational,2025-08-03,,True
P00255-D002,P00255,U011,field,static,2025-03-29,2025-08-02,False
P00255-D003,P00255,U011,field,static,2024-11-27,2025-03-28,False
P00255-D004,P00255,U011,hard_area,static,2024-02-06,2024-11-26,False
P00255-D005,P00255,U011,hard_area,static,2022-09-21,2024-02-05,False
P00256-D001,P00256,U011,hard_area,operational,2025-06-26,,True
P00256-D002,P00256,U011,static_station,static,2025-02-23,2025-06-25,False
P00256-D003,P00256,U011,static_station,training,2023-08-12,2025-02-22,False
P00256-D004,P00256,U011,static_station,static,2022-06-24,2023-08-11,False
P00256-D005,P00256,U011,field,static,2021-07-27,2022-06-23,False
P00256-D006,P00256,U011,hard_area,static,2020-11-04,2021-07-26,False
P00256-D007,P00256,U011,static_station,operational,2019-08-10,2020-11-03,False
P00256-D008,P00256,U011,hard_area,training,2018-12-06,2019-08-09,False
P00257-D001,P00257,U004,field,static,2025-05-15,,True
P00257-D002,P00257,U004,hard_area,static,2023-05-28,2025-05-14,False
P00257-D003,P00257,U004,field,training,2021-10-21,2023-05-27,False
P00257-D004,P00257,U004,field,static,2020-04-03,2021-10-20,False
P00257-D005,P00257,U004,static_station,static,2018-12-17,2020-04-02,False
P00257-D006,P00257,U004,static_station,training,2018-01-15,2018-12-16,False
P00257-D007,P00257,U004,hard_area,operational,2016-06-17,2018-01-14,False
P00258-D001,P00258,U013,field,operational,2025-03-21,,True
P00258-D002,P00258,U013,field,static,2023-08-18,2025-03-20,False
P00258-D003,P00258,U013,hard_area,operational,2021-10-22,2023-08-17,False
P00258-D004,P00258,U013,field,static,2021-06-21,2021-10-21,False
P00258-D005,P00258,U013,static_station,static,2020-01-27,2021-06-20,False
P00258-D006,P00258,U013,hard_area,static,2018-11-02,2020-01-26,False
P00258-D007,P00258,U013,static_station,training,2018-01-06,2018-11-01,False
P00258-D008,P00258,U013,field,operational,2017-01-26,2018-01-05,False
P00259-D001,P00259,U005,static_station,operational,2026-01-09,,True
P00259-D002,P00259,U005,field,training,2025-05-19,2026-01-08,False
P00259-D003,P00259,U005,hard_area,training,2023-07-07,2025-05-18,False
P00259-D004,P00259,U005,static_station,static,2022-06-11,2023-07-06,False
P00259-D005,P00259,U005,static_station,static,2021-07-11,2022-06-10,False
P00259-D006,P00259,U005,field,operational,2020-06-21,2021-07-10,False
P00260-D001,P00260,U003,field,static,2024-03-01,,True
P00260-D002,P00260,U003,field,static,2023-02-02,2024-02-29,False
P00260-D003,P00260,U003,static_station,training,2022-05-06,2023-02-01,False
P00260-D004,P00260,U003,static_station,static,2020-10-19,2022-05-05,False
P00260-D005,P00260,U003,hard_area,operational,2019-05-14,2020-10-18,False
P00260-D006,P00260,U003,static_station,training,2018-06-04,2019-05-13,False
P00260-D007,P00260,U003,static_station,training,2017-08-28,2018-06-03,False
P00260-D008,P00260,U003,field,operational,2016-08-28,2017-08-27,False
P00261-D001,P00261,U007,static_station,static,2024-02-02,,True
P00261-D002,P00261,U007,hard_area,training,2022-09-16,2024-02-01,False
P00261-D003,P00261,U007,hard_area,static,2021-09-04,2022-09-15,False
P00261-D004,P00261,U007,static_station,static,2019-11-22,2021-09-03,False
P00261-D005,P00261,U007,hard_area,training,2018-11-17,2019-11-21,False
P00261-D006,P00261,U007,static_station,static,2016-11-09,2018-11-16,False
P00261-D007,P00261,U007,hard_area,training,2015-04-21,2016-11-08,False
P00261-D008,P00261,U007,field,operational,2013-07-11,2015-04-20,False
P00262-D001,P00262,U006,field,operational,2023-06-14,,True
P00262-D002,P00262,U006,hard_area,operational,2023-01-24,2023-06-13,False
P00262-D003,P00262,U006,hard_area,operational,2022-09-23,2023-01-23,False
P00262-D004,P00262,U006,hard_area,operational,2022-05-23,2022-09-22,False
P00262-D005,P00262,U006,static_station,operational,2021-05-15,2022-05-22,False
P00262-D006,P00262,U006,hard_area,operational,2020-12-24,2021-05-14,False
P00262-D007,P00262,U006,hard_area,static,2019-05-23,2020-12-23,False
P00262-D008,P00262,U006,field,training,2017-11-14,2019-05-22,False
P00263-D001,P00263,U013,hard_area,operational,2025-09-03,,True
P00263-D002,P00263,U013,field,training,2025-03-15,2025-09-02,False
P00264-D001,P00264,U003,static_station,static,2024-09-07,,True
P00264-D002,P00264,U003,field,operational,2024-01-03,2024-09-06,False
P00264-D003,P00264,U003,static_station,operational,2023-03-01,2024-01-02,False
P00264-D004,P00264,U003,hard_area,static,2020-10-16,2023-02-28,False
P00264-D005,P00264,U003,static_station,training,2020-06-09,2020-10-15,False
P00265-D001,P00265,U002,hard_area,operational,2023-04-20,,True
P00265-D002,P00265,U002,field,operational,2022-01-04,2023-04-19,False
P00265-D003,P00265,U002,field,operational,2021-01-12,2022-01-03,False
P00265-D004,P00265,U002,static_station,training,2020-04-02,2021-01-11,False
P00266-D001,P00266,U002,hard_area,operational,2026-02-15,,True
P00266-D002,P00266,U002,field,static,2024-08-02,2026-02-14,False
P00266-D003,P00266,U002,hard_area,training,2023-09-18,2024-08-01,False
P00266-D004,P00266,U002,static_station,operational,2021-10-09,2023-09-17,False
P00267-D001,P00267,U006,hard_area,operational,2026-04-26,,True
P00267-D002,P00267,U006,static_station,static,2025-06-25,2026-04-25,False
P00267-D003,P00267,U006,static_station,operational,2023-07-19,2025-06-24,False
P00267-D004,P00267,U006,hard_area,training,2022-08-09,2023-07-18,False
P00267-D005,P00267,U006,hard_area,static,2021-11-15,2022-08-08,False
P00267-D006,P00267,U006,hard_area,operational,2019-12-21,2021-11-14,False
P00267-D007,P00267,U006,field,training,2018-04-04,2019-12-20,False
P00267-D008,P00267,U006,hard_area,training,2017-01-15,2018-04-03,False
P00268-D001,P00268,U010,hard_area,operational,2024-11-07,,True
P00268-D002,P00268,U010,static_station,static,2024-02-19,2024-11-06,False
P00268-D003,P00268,U010,field,training,2023-08-20,2024-02-18,False
P00268-D004,P00268,U010,field,training,2023-01-20,2023-08-19,False
P00269-D001,P00269,U007,field,static,2026-02-27,,True
P00269-D002,P00269,U007,static_station,training,2025-05-27,2026-02-26,False
P00269-D003,P00269,U007,hard_area,operational,2023-12-05,2025-05-26,False
P00269-D004,P00269,U007,field,operational,2022-05-18,2023-12-04,False
P00269-D005,P00269,U007,field,operational,2020-10-15,2022-05-17,False
P00269-D006,P00269,U007,static_station,training,2019-01-03,2020-10-14,False
P00269-D007,P00269,U007,field,operational,2018-01-27,2019-01-02,False
P00269-D008,P00269,U007,field,training,2016-04-04,2018-01-26,False
P00270-D001,P00270,U005,hard_area,operational,2026-03-18,,True
P00270-D002,P00270,U005,field,static,2025-04-03,2026-03-17,False
P00270-D003,P00270,U005,hard_area,operational,2023-12-01,2025-04-02,False
P00270-D004,P00270,U005,field,training,2021-11-22,2023-11-30,False
P00270-D005,P00270,U005,field,training,2020-10-27,2021-11-21,False
P00270-D006,P00270,U005,field,training,2020-06-26,2020-10-26,False
P00270-D007,P00270,U005,static_station,training,2019-08-06,2020-06-25,False
P00270-D008,P00270,U005,hard_area,operational,2019-03-10,2019-08-05,False
P00271-D001,P00271,U012,field,operational,2025-05-11,,True
P00272-D001,P00272,U013,field,operational,2026-02-10,,True
P00272-D002,P00272,U013,static_station,operational,2024-07-11,2026-02-09,False
P00272-D003,P00272,U013,field,operational,2023-09-15,2024-07-10,False
P00272-D004,P00272,U013,hard_area,static,2022-04-10,2023-09-14,False
P00272-D005,P00272,U013,static_station,static,2021-08-11,2022-04-09,False
P00273-D001,P00273,U007,static_station,static,2023-09-06,,True
P00273-D002,P00273,U007,field,operational,2022-07-10,2023-09-05,False
P00273-D003,P00273,U007,field,operational,2021-02-20,2022-07-09,False
P00273-D004,P00273,U007,hard_area,operational,2019-02-02,2021-02-19,False
P00273-D005,P00273,U007,static_station,operational,2018-01-23,2019-02-01,False
P00273-D006,P00273,U007,static_station,operational,2016-08-12,2018-01-22,False
P00273-D007,P00273,U007,hard_area,operational,2014-07-28,2016-08-11,False
P00273-D008,P00273,U007,hard_area,static,2013-10-25,2014-07-27,False
P00274-D001,P00274,U008,hard_area,operational,2024-05-03,,True
P00274-D002,P00274,U008,field,training,2022-11-13,2024-05-02,False
P00274-D003,P00274,U008,field,operational,2020-11-23,2022-11-12,False
P00275-D001,P00275,U007,static_station,static,2024-09-17,,True
P00275-D002,P00275,U007,static_station,training,2023-02-07,2024-09-16,False
P00275-D003,P00275,U007,field,training,2022-05-26,2023-02-06,False
P00275-D004,P00275,U007,field,operational,2021-10-15,2022-05-25,False
P00275-D005,P00275,U007,field,operational,2020-11-04,2021-10-14,False
P00275-D006,P00275,U007,hard_area,operational,2019-05-18,2020-11-03,False
P00275-D007,P00275,U007,hard_area,operational,2017-07-01,2019-05-17,False
P00275-D008,P00275,U007,static_station,operational,2015-03-27,2017-06-30,False
P00276-D001,P00276,U012,hard_area,operational,2024-08-19,,True
P00276-D002,P00276,U012,field,static,2023-07-01,2024-08-18,False
P00276-D003,P00276,U012,static_station,static,2022-04-12,2023-06-30,False
P00276-D004,P00276,U012,static_station,operational,2021-01-28,2022-04-11,False
P00276-D005,P00276,U012,hard_area,operational,2019-11-12,2021-01-27,False
P00276-D006,P00276,U012,hard_area,operational,2018-12-21,2019-11-11,False
P00276-D007,P00276,U012,field,training,2018-02-10,2018-12-20,False
P00276-D008,P00276,U012,static_station,static,2016-10-03,2018-02-09,False
P00277-D001,P00277,U008,hard_area,operational,2024-12-27,,True
P00277-D002,P00277,U008,field,operational,2023-12-21,2024-12-26,False
P00277-D003,P00277,U008,hard_area,operational,2022-10-15,2023-12-20,False
P00277-D004,P00277,U008,static_station,training,2021-02-22,2022-10-14,False
P00277-D005,P00277,U008,field,operational,2019-11-25,2021-02-21,False
P00278-D001,P00278,U014,field,static,2026-05-23,,True
P00278-D002,P00278,U014,hard_area,operational,2024-07-27,2026-05-22,False
P00278-D003,P00278,U014,static_station,static,2023-08-23,2024-07-26,False
P00278-D004,P00278,U014,static_station,operational,2022-04-12,2023-08-22,False
P00278-D005,P00278,U014,static_station,training,2021-03-23,2022-04-11,False
P00278-D006,P00278,U014,static_station,static,2018-11-22,2021-03-22,False
P00278-D007,P00278,U014,static_station,operational,2018-01-22,2018-11-21,False
P00278-D008,P00278,U014,field,static,2016-08-18,2018-01-21,False
P00279-D001,P00279,U005,hard_area,operational,2025-11-26,,True
P00279-D002,P00279,U005,field,operational,2025-01-30,2025-11-25,False
P00279-D003,P00279,U005,hard_area,operational,2024-04-24,2025-01-29,False
P00279-D004,P00279,U005,hard_area,operational,2023-07-31,2024-04-23,False
P00279-D005,P00279,U005,hard_area,training,2022-09-20,2023-07-30,False
P00279-D006,P00279,U005,static_station,training,2021-08-03,2022-09-19,False
P00280-D001,P00280,U013,hard_area,operational,2024-09-08,,True
P00280-D002,P00280,U013,static_station,operational,2024-05-08,2024-09-07,False
P00280-D003,P00280,U013,static_station,training,2023-07-07,2024-05-07,False
P00280-D004,P00280,U013,hard_area,training,2021-09-12,2023-07-06,False
P00280-D005,P00280,U013,hard_area,operational,2021-04-13,2021-09-11,False
P00280-D006,P00280,U013,static_station,training,2020-04-27,2021-04-12,False
P00281-D001,P00281,U006,field,operational,2023-12-08,,True
P00281-D002,P00281,U006,field,operational,2022-05-13,2023-12-07,False
P00281-D003,P00281,U006,static_station,static,2021-02-27,2022-05-12,False
P00281-D004,P00281,U006,field,operational,2020-04-01,2021-02-26,False
P00281-D005,P00281,U006,field,operational,2018-08-03,2020-03-31,False
P00281-D006,P00281,U006,field,static,2016-12-23,2018-08-02,False
P00281-D007,P00281,U006,field,static,2015-07-09,2016-12-22,False
P00282-D001,P00282,U009,field,static,2025-11-08,,True
P00282-D002,P00282,U009,hard_area,training,2024-12-22,2025-11-07,False
P00282-D003,P00282,U009,hard_area,static,2022-09-14,2024-12-21,False
P00282-D004,P00282,U009,static_station,operational,2020-05-25,2022-09-13,False
P00283-D001,P00283,U014,field,static,2024-10-05,,True
P00283-D002,P00283,U014,field,operational,2023-06-03,2024-10-04,False
P00283-D003,P00283,U014,field,static,2021-10-09,2023-06-02,False
P00283-D004,P00283,U014,field,static,2019-10-20,2021-10-08,False
P00283-D005,P00283,U014,static_station,training,2018-01-02,2019-10-19,False
P00283-D006,P00283,U014,static_station,operational,2017-03-06,2018-01-01,False
P00283-D007,P00283,U014,field,operational,2015-09-26,2017-03-05,False
P00284-D001,P00284,U011,field,operational,2025-11-24,,True
P00284-D002,P00284,U011,hard_area,static,2024-08-28,2025-11-23,False
P00284-D003,P00284,U011,hard_area,training,2023-05-29,2024-08-27,False
P00284-D004,P00284,U011,hard_area,operational,2021-12-09,2023-05-28,False
P00284-D005,P00284,U011,hard_area,training,2020-11-16,2021-12-08,False
P00284-D006,P00284,U011,hard_area,static,2019-09-28,2020-11-15,False
P00284-D007,P00284,U011,field,operational,2018-04-02,2019-09-27,False
P00284-D008,P00284,U011,static_station,static,2016-10-15,2018-04-01,False
P00285-D001,P00285,U007,static_station,static,2023-10-04,,True
P00286-D001,P00286,U007,static_station,static,2025-05-25,,True
P00286-D002,P00286,U007,field,training,2023-03-13,2025-05-24,False
P00286-D003,P00286,U007,static_station,static,2022-05-31,2023-03-12,False
P00287-D001,P00287,U005,field,operational,2026-02-09,,True
P00288-D001,P00288,U006,hard_area,operational,2025-11-18,,True
P00288-D002,P00288,U006,static_station,operational,2024-11-17,2025-11-17,False
P00288-D003,P00288,U006,static_station,operational,2023-11-19,2024-11-16,False
P00288-D004,P00288,U006,hard_area,operational,2022-03-04,2023-11-18,False
P00288-D005,P00288,U006,static_station,static,2020-08-14,2022-03-03,False
P00288-D006,P00288,U006,static_station,training,2019-11-25,2020-08-13,False
P00288-D007,P00288,U006,hard_area,static,2018-08-01,2019-11-24,False
P00288-D008,P00288,U006,field,training,2017-02-01,2018-07-31,False
P00289-D001,P00289,U012,field,operational,2023-08-03,,True
P00289-D002,P00289,U012,field,operational,2021-12-25,2023-08-02,False
P00289-D003,P00289,U012,field,operational,2020-12-06,2021-12-24,False
P00289-D004,P00289,U012,static_station,operational,2020-06-25,2020-12-05,False
P00289-D005,P00289,U012,field,static,2019-03-02,2020-06-24,False
P00289-D006,P00289,U012,hard_area,static,2017-08-11,2019-03-01,False
P00289-D007,P00289,U012,static_station,training,2016-01-05,2017-08-10,False
P00289-D008,P00289,U012,static_station,training,2015-01-22,2016-01-04,False
P00290-D001,P00290,U002,hard_area,operational,2025-04-30,,True
P00290-D002,P00290,U002,field,static,2023-08-02,2025-04-29,False
P00290-D003,P00290,U002,static_station,operational,2023-04-01,2023-08-01,False
P00290-D004,P00290,U002,field,operational,2022-01-27,2023-03-31,False
P00290-D005,P00290,U002,static_station,training,2021-09-27,2022-01-26,False
P00290-D006,P00290,U002,hard_area,training,2021-03-25,2021-09-26,False
P00291-D001,P00291,U003,static_station,static,2023-06-19,,True
P00291-D002,P00291,U003,static_station,static,2022-05-17,2023-06-18,False
P00291-D003,P00291,U003,static_station,operational,2020-08-19,2022-05-16,False
P00291-D004,P00291,U003,hard_area,static,2019-08-14,2020-08-18,False
P00291-D005,P00291,U003,field,operational,2017-02-15,2019-08-13,False
P00291-D006,P00291,U003,hard_area,training,2016-10-01,2017-02-14,False
P00292-D001,P00292,U014,field,static,2023-09-09,,True
P00292-D002,P00292,U014,static_station,operational,2023-05-09,2023-09-08,False
P00293-D001,P00293,U002,field,operational,2025-11-25,,True
P00293-D002,P00293,U002,hard_area,training,2023-07-26,2025-11-24,False
P00293-D003,P00293,U002,static_station,static,2022-06-12,2023-07-25,False
P00293-D004,P00293,U002,static_station,static,2021-07-11,2022-06-11,False
P00293-D005,P00293,U002,field,static,2019-07-04,2021-07-10,False
P00293-D006,P00293,U002,field,static,2018-11-18,2019-07-03,False
P00293-D007,P00293,U002,hard_area,training,2017-09-29,2018-11-17,False
P00293-D008,P00293,U002,static_station,training,2017-04-07,2017-09-28,False
P00294-D001,P00294,U002,hard_area,operational,2023-04-18,,True
P00294-D002,P00294,U002,static_station,operational,2021-06-19,2023-04-17,False
P00294-D003,P00294,U002,field,static,2020-07-10,2021-06-18,False
P00294-D004,P00294,U002,hard_area,operational,2019-12-08,2020-07-09,False
P00294-D005,P00294,U002,hard_area,operational,2018-08-27,2019-12-07,False
P00294-D006,P00294,U002,static_station,static,2017-04-23,2018-08-26,False
P00294-D007,P00294,U002,field,training,2016-03-14,2017-04-22,False
P00294-D008,P00294,U002,static_station,training,2014-11-28,2016-03-13,False
P00295-D001,P00295,U016,hard_area,operational,2026-07-16,,True
P00295-D002,P00295,U016,static_station,operational,2024-11-13,2026-07-15,False
P00295-D003,P00295,U016,field,operational,2023-01-27,2024-11-12,False
P00295-D004,P00295,U016,hard_area,training,2021-03-20,2023-01-26,False
P00295-D005,P00295,U016,field,operational,2019-12-06,2021-03-19,False
P00295-D006,P00295,U016,static_station,operational,2018-10-27,2019-12-05,False
P00295-D007,P00295,U016,field,operational,2017-01-13,2018-10-26,False
P00295-D008,P00295,U016,hard_area,training,2016-09-12,2017-01-12,False
P00296-D001,P00296,U010,hard_area,operational,2024-12-25,,True
P00296-D002,P00296,U010,static_station,training,2024-01-04,2024-12-24,False
P00296-D003,P00296,U010,static_station,static,2023-03-16,2024-01-03,False
P00296-D004,P00296,U010,field,training,2021-12-16,2023-03-15,False
P00296-D005,P00296,U010,field,operational,2021-01-04,2021-12-15,False
P00297-D001,P00297,U012,hard_area,operational,2024-10-01,,True
P00298-D001,P00298,U012,field,operational,2025-05-15,,True
P00298-D002,P00298,U012,static_station,static,2024-08-20,2025-05-14,False
P00298-D003,P00298,U012,static_station,operational,2023-07-10,2024-08-19,False
P00298-D004,P00298,U012,static_station,training,2022-07-27,2023-07-09,False
P00298-D005,P00298,U012,field,training,2020-07-14,2022-07-26,False
P00298-D006,P00298,U012,field,operational,2019-12-12,2020-07-13,False
P00298-D007,P00298,U012,field,operational,2018-12-29,2019-12-11,False
P00298-D008,P00298,U012,hard_area,training,2017-08-11,2018-12-28,False
P00299-D001,P00299,U012,hard_area,operational,2025-01-27,,True
P00299-D002,P00299,U012,static_station,training,2023-10-13,2025-01-26,False
P00299-D003,P00299,U012,field,training,2022-04-15,2023-10-12,False
P00299-D004,P00299,U012,hard_area,operational,2020-10-31,2022-04-14,False
P00299-D005,P00299,U012,hard_area,operational,2019-02-23,2020-10-30,False
P00299-D006,P00299,U012,hard_area,static,2018-01-17,2019-02-22,False
P00299-D007,P00299,U012,field,training,2016-08-05,2018-01-16,False
P00299-D008,P00299,U012,hard_area,operational,2015-02-08,2016-08-04,False
P00300-D001,P00300,U008,hard_area,operational,2024-11-29,,True
P00300-D002,P00300,U008,static_station,operational,2023-05-08,2024-11-28,False
P00300-D003,P00300,U008,static_station,static,2022-03-13,2023-05-07,False
P00300-D004,P00300,U008,static_station,operational,2021-03-24,2022-03-12,False
P00300-D005,P00300,U008,hard_area,training,2020-01-23,2021-03-23,False
P00300-D006,P00300,U008,hard_area,training,2018-08-27,2020-01-22,False
P00301-D001,P00301,U013,field,operational,2026-05-23,,True
P00301-D002,P00301,U013,hard_area,static,2025-03-23,2026-05-22,False
P00301-D003,P00301,U013,static_station,static,2024-07-05,2025-03-22,False
P00301-D004,P00301,U013,field,static,2023-07-26,2024-07-04,False
P00301-D005,P00301,U013,field,training,2022-12-07,2023-07-25,False
P00301-D006,P00301,U013,static_station,training,2022-03-06,2022-12-06,False
P00301-D007,P00301,U013,field,training,2021-01-14,2022-03-05,False
P00301-D008,P00301,U013,static_station,operational,2020-08-15,2021-01-13,False
P00302-D001,P00302,U007,static_station,static,2024-11-20,,True
P00302-D002,P00302,U007,hard_area,static,2023-10-09,2024-11-19,False
P00302-D003,P00302,U007,hard_area,static,2022-05-01,2023-10-08,False
P00302-D004,P00302,U007,field,operational,2021-02-20,2022-04-30,False
P00302-D005,P00302,U007,hard_area,static,2020-05-12,2021-02-19,False
P00302-D006,P00302,U007,field,static,2019-11-06,2020-05-11,False
P00303-D001,P00303,U002,hard_area,operational,2025-03-21,,True
P00303-D002,P00303,U002,field,static,2024-01-29,2025-03-20,False
P00303-D003,P00303,U002,hard_area,training,2023-02-02,2024-01-28,False
P00303-D004,P00303,U002,field,static,2021-08-12,2023-02-01,False
P00303-D005,P00303,U002,hard_area,operational,2020-02-15,2021-08-11,False
P00303-D006,P00303,U002,static_station,training,2019-07-24,2020-02-14,False
P00304-D001,P00304,U013,hard_area,operational,2024-03-02,,True
P00305-D001,P00305,U014,field,static,2025-06-02,,True
P00305-D002,P00305,U014,hard_area,training,2025-01-30,2025-06-01,False
P00305-D003,P00305,U014,field,static,2023-08-18,2025-01-29,False
P00305-D004,P00305,U014,field,training,2022-06-08,2023-08-17,False
P00305-D005,P00305,U014,field,training,2020-12-16,2022-06-07,False
P00305-D006,P00305,U014,static_station,training,2018-07-17,2020-12-15,False
P00305-D007,P00305,U014,static_station,training,2017-07-26,2018-07-16,False
P00305-D008,P00305,U014,field,operational,2016-03-11,2017-07-25,False
P00306-D001,P00306,U004,static_station,static,2024-09-05,,True
P00306-D002,P00306,U004,field,training,2023-08-03,2024-09-04,False
P00306-D003,P00306,U004,static_station,static,2022-07-22,2023-08-02,False
P00306-D004,P00306,U004,static_station,training,2022-01-03,2022-07-21,False
P00306-D005,P00306,U004,hard_area,static,2020-05-03,2022-01-02,False
P00306-D006,P00306,U004,static_station,static,2019-05-03,2020-05-02,False
P00306-D007,P00306,U004,field,static,2018-06-28,2019-05-02,False
P00306-D008,P00306,U004,field,operational,2016-09-13,2018-06-27,False
P00307-D001,P00307,U011,field,operational,2023-05-23,,True
P00307-D002,P00307,U011,hard_area,static,2022-08-22,2023-05-22,False
P00307-D003,P00307,U011,hard_area,static,2020-11-07,2022-08-21,False
P00307-D004,P00307,U011,static_station,training,2020-03-05,2020-11-06,False
P00307-D005,P00307,U011,static_station,operational,2019-05-22,2020-03-04,False
P00307-D006,P00307,U011,field,operational,2017-10-12,2019-05-21,False
P00307-D007,P00307,U011,hard_area,static,2017-06-11,2017-10-11,False
P00307-D008,P00307,U011,field,static,2016-08-01,2017-06-10,False
P00308-D001,P00308,U015,field,operational,2025-04-12,,True
P00308-D002,P00308,U015,hard_area,operational,2023-08-31,2025-04-11,False
P00308-D003,P00308,U015,hard_area,operational,2021-12-12,2023-08-30,False
P00308-D004,P00308,U015,hard_area,operational,2020-07-30,2021-12-11,False
P00308-D005,P00308,U015,hard_area,operational,2019-06-20,2020-07-29,False
P00308-D006,P00308,U015,field,operational,2018-08-03,2019-06-19,False
P00308-D007,P00308,U015,hard_area,operational,2018-02-03,2018-08-02,False
P00309-D001,P00309,U012,hard_area,operational,2025-03-16,,True
P00309-D002,P00309,U012,static_station,training,2024-06-24,2025-03-15,False
P00309-D003,P00309,U012,static_station,static,2023-07-07,2024-06-23,False
P00309-D004,P00309,U012,static_station,training,2021-08-18,2023-07-06,False
P00309-D005,P00309,U012,hard_area,static,2020-01-22,2021-08-17,False
P00309-D006,P00309,U012,hard_area,static,2019-06-17,2020-01-21,False
P00309-D007,P00309,U012,static_station,training,2018-02-13,2019-06-16,False
P00309-D008,P00309,U012,hard_area,operational,2016-11-02,2018-02-12,False
P00310-D001,P00310,U004,field,static,2026-07-09,,True
P00310-D002,P00310,U004,hard_area,static,2024-08-06,2026-07-08,False
P00310-D003,P00310,U004,static_station,static,2024-04-05,2024-08-05,False
P00310-D004,P00310,U004,static_station,operational,2023-05-27,2024-04-04,False
P00311-D001,P00311,U012,hard_area,operational,2024-06-11,,True
P00311-D002,P00311,U012,hard_area,static,2023-05-19,2024-06-10,False
P00311-D003,P00311,U012,field,training,2022-08-07,2023-05-18,False
P00311-D004,P00311,U012,field,static,2021-09-28,2022-08-06,False
P00311-D005,P00311,U012,hard_area,static,2019-06-21,2021-09-27,False
P00311-D006,P00311,U012,hard_area,training,2019-02-18,2019-06-20,False
P00311-D007,P00311,U012,hard_area,static,2017-11-12,2019-02-17,False
P00311-D008,P00311,U012,hard_area,operational,2017-07-13,2017-11-11,False
P00312-D001,P00312,U006,hard_area,operational,2024-09-02,,True
P00312-D002,P00312,U006,static_station,training,2023-07-30,2024-09-01,False
P00312-D003,P00312,U006,field,operational,2022-10-16,2023-07-29,False
P00312-D004,P00312,U006,hard_area,static,2021-08-04,2022-10-15,False
P00312-D005,P00312,U006,static_station,static,2020-01-15,2021-08-03,False
P00312-D006,P00312,U006,hard_area,static,2018-10-31,2020-01-14,False
P00312-D007,P00312,U006,static_station,training,2017-12-05,2018-10-30,False
P00312-D008,P00312,U006,hard_area,operational,2015-12-06,2017-12-04,False
P00313-D001,P00313,U003,field,static,2023-09-27,,True
P00313-D002,P00313,U003,hard_area,training,2022-08-26,2023-09-26,False
P00313-D003,P00313,U003,field,training,2021-03-31,2022-08-25,False
P00313-D004,P00313,U003,static_station,training,2020-11-28,2021-03-30,False
P00313-D005,P00313,U003,static_station,training,2019-03-30,2020-11-27,False
P00314-D001,P00314,U013,field,operational,2024-10-19,,True
P00314-D002,P00314,U013,static_station,operational,2024-02-29,2024-10-18,False
P00314-D003,P00314,U013,field,operational,2022-06-15,2024-02-28,False
P00314-D004,P00314,U013,static_station,static,2021-10-13,2022-06-14,False
P00314-D005,P00314,U013,field,static,2021-03-07,2021-10-12,False
P00314-D006,P00314,U013,static_station,operational,2019-10-30,2021-03-06,False
P00314-D007,P00314,U013,static_station,training,2018-09-07,2019-10-29,False
P00314-D008,P00314,U013,hard_area,training,2017-10-13,2018-09-06,False
P00315-D001,P00315,U015,hard_area,operational,2025-07-01,,True
P00315-D002,P00315,U015,field,training,2023-08-23,2025-06-30,False
P00315-D003,P00315,U015,hard_area,static,2022-01-06,2023-08-22,False
P00315-D004,P00315,U015,field,operational,2021-06-08,2022-01-05,False
P00315-D005,P00315,U015,field,static,2019-11-10,2021-06-07,False
P00315-D006,P00315,U015,field,static,2019-05-24,2019-11-09,False
P00315-D007,P00315,U015,static_station,operational,2017-11-27,2019-05-23,False
P00315-D008,P00315,U015,field,training,2017-03-27,2017-11-26,False
P00316-D001,P00316,U014,static_station,static,2025-05-25,,True
P00316-D002,P00316,U014,hard_area,operational,2024-06-30,2025-05-24,False
P00316-D003,P00316,U014,hard_area,training,2023-06-14,2024-06-29,False
P00316-D004,P00316,U014,hard_area,operational,2022-12-05,2023-06-13,False
P00316-D005,P00316,U014,static_station,operational,2021-10-01,2022-12-04,False
P00316-D006,P00316,U014,hard_area,training,2019-02-15,2021-09-30,False
P00316-D007,P00316,U014,field,training,2017-01-27,2019-02-14,False
P00316-D008,P00316,U014,hard_area,operational,2016-06-25,2017-01-26,False
P00317-D001,P00317,U011,hard_area,operational,2024-05-24,,True
P00317-D002,P00317,U011,field,training,2024-01-07,2024-05-23,False
P00317-D003,P00317,U011,static_station,operational,2022-10-07,2024-01-06,False
P00317-D004,P00317,U011,static_station,operational,2021-04-22,2022-10-06,False
P00317-D005,P00317,U011,hard_area,training,2020-05-15,2021-04-21,False
P00317-D006,P00317,U011,field,operational,2019-04-22,2020-05-14,False
P00317-D007,P00317,U011,hard_area,static,2017-10-29,2019-04-21,False
P00317-D008,P00317,U011,field,operational,2015-10-17,2017-10-28,False
P00318-D001,P00318,U004,static_station,static,2026-07-09,,True
P00318-D002,P00318,U004,hard_area,operational,2026-03-02,2026-07-08,False
P00318-D003,P00318,U004,static_station,static,2025-03-03,2026-03-01,False
P00318-D004,P00318,U004,static_station,training,2024-05-25,2025-03-02,False
P00318-D005,P00318,U004,hard_area,static,2023-07-09,2024-05-24,False
P00318-D006,P00318,U004,hard_area,training,2023-02-03,2023-07-08,False
P00318-D007,P00318,U004,hard_area,static,2021-03-31,2023-02-02,False
P00319-D001,P00319,U012,hard_area,operational,2025-10-03,,True
P00319-D002,P00319,U012,hard_area,training,2024-08-01,2025-10-02,False
P00319-D003,P00319,U012,hard_area,operational,2023-08-30,2024-07-31,False
P00319-D004,P00319,U012,field,training,2023-02-17,2023-08-29,False
P00319-D005,P00319,U012,field,operational,2022-02-02,2023-02-16,False
P00320-D001,P00320,U014,static_station,static,2023-06-17,,True
P00320-D002,P00320,U014,field,operational,2022-11-14,2023-06-16,False
P00320-D003,P00320,U014,hard_area,operational,2022-01-13,2022-11-13,False
P00320-D004,P00320,U014,static_station,training,2020-02-19,2022-01-12,False
P00320-D005,P00320,U014,static_station,static,2019-06-10,2020-02-18,False
P00320-D006,P00320,U014,hard_area,training,2019-02-08,2019-06-09,False
P00320-D007,P00320,U014,hard_area,static,2017-11-28,2019-02-07,False
P00320-D008,P00320,U014,static_station,training,2017-02-16,2017-11-27,False
P00321-D001,P00321,U004,static_station,static,2025-03-27,,True
P00321-D002,P00321,U004,static_station,static,2024-03-24,2025-03-26,False
P00321-D003,P00321,U004,static_station,static,2023-02-28,2024-03-23,False
P00321-D004,P00321,U004,hard_area,static,2022-01-24,2023-02-27,False
P00321-D005,P00321,U004,static_station,operational,2020-06-09,2022-01-23,False
P00321-D006,P00321,U004,static_station,operational,2019-07-20,2020-06-08,False
P00321-D007,P00321,U004,field,static,2018-06-28,2019-07-19,False
P00322-D001,P00322,U004,static_station,static,2026-04-05,,True
P00322-D002,P00322,U004,field,static,2025-03-04,2026-04-04,False
P00322-D003,P00322,U004,field,training,2023-07-14,2025-03-03,False
P00322-D004,P00322,U004,field,training,2022-07-11,2023-07-13,False
P00322-D005,P00322,U004,hard_area,training,2021-09-25,2022-07-10,False
P00322-D006,P00322,U004,hard_area,operational,2020-05-15,2021-09-24,False
P00322-D007,P00322,U004,hard_area,operational,2018-06-18,2020-05-14,False
P00322-D008,P00322,U004,field,operational,2017-05-27,2018-06-17,False
P00323-D001,P00323,U011,field,operational,2026-04-08,,True
P00323-D002,P00323,U011,field,static,2025-04-05,2026-04-07,False
P00323-D003,P00323,U011,hard_area,operational,2024-09-05,2025-04-04,False
P00323-D004,P00323,U011,field,training,2023-03-27,2024-09-04,False
P00323-D005,P00323,U011,field,operational,2022-01-08,2023-03-26,False
P00323-D006,P00323,U011,hard_area,training,2021-01-08,2022-01-07,False
P00323-D007,P00323,U011,static_station,training,2019-05-13,2021-01-07,False
P00323-D008,P00323,U011,static_station,operational,2018-09-26,2019-05-12,False
P00324-D001,P00324,U003,static_station,static,2023-05-14,,True
P00324-D002,P00324,U003,field,operational,2021-12-23,2023-05-13,False
P00324-D003,P00324,U003,static_station,static,2020-02-10,2021-12-22,False
P00324-D004,P00324,U003,static_station,training,2019-07-25,2020-02-09,False
P00324-D005,P00324,U003,static_station,training,2018-10-28,2019-07-24,False
P00324-D006,P00324,U003,static_station,static,2018-06-27,2018-10-27,False
P00324-D007,P00324,U003,field,training,2017-11-05,2018-06-26,False
P00324-D008,P00324,U003,static_station,operational,2016-09-16,2017-11-04,False
P00325-D001,P00325,U003,static_station,static,2025-09-03,,True
P00325-D002,P00325,U003,static_station,training,2024-10-16,2025-09-02,False
P00325-D003,P00325,U003,static_station,static,2022-12-16,2024-10-15,False
P00325-D004,P00325,U003,static_station,training,2021-05-06,2022-12-15,False
P00326-D001,P00326,U012,hard_area,operational,2023-01-29,,True
P00326-D002,P00326,U012,static_station,operational,2022-01-02,2023-01-28,False
P00326-D003,P00326,U012,static_station,static,2020-04-06,2022-01-01,False
P00326-D004,P00326,U012,static_station,static,2019-05-07,2020-04-05,False
P00326-D005,P00326,U012,hard_area,operational,2018-05-05,2019-05-06,False
P00326-D006,P00326,U012,hard_area,static,2016-06-27,2018-05-04,False
P00326-D007,P00326,U012,static_station,static,2015-03-17,2016-06-26,False
P00326-D008,P00326,U012,field,operational,2013-06-22,2015-03-16,False
P00327-D001,P00327,U013,field,operational,2026-05-31,,True
P00327-D002,P00327,U013,field,static,2024-11-26,2026-05-30,False
P00327-D003,P00327,U013,hard_area,static,2022-08-14,2024-11-25,False
P00327-D004,P00327,U013,hard_area,operational,2022-04-14,2022-08-13,False
P00327-D005,P00327,U013,static_station,training,2020-01-01,2022-04-13,False
P00327-D006,P00327,U013,static_station,operational,2018-05-03,2019-12-31,False
P00327-D007,P00327,U013,static_station,static,2017-08-22,2018-05-02,False
P00327-D008,P00327,U013,hard_area,operational,2015-10-16,2017-08-21,False
P00328-D001,P00328,U001,hard_area,operational,2025-01-22,,True
P00328-D002,P00328,U001,field,operational,2024-03-01,2025-01-21,False
P00329-D001,P00329,U013,hard_area,operational,2024-07-02,,True
P00329-D002,P00329,U013,static_station,training,2022-12-28,2024-07-01,False
P00329-D003,P00329,U013,field,operational,2021-11-08,2022-12-27,False
P00329-D004,P00329,U013,field,static,2020-04-27,2021-11-07,False
P00329-D005,P00329,U013,hard_area,training,2019-09-10,2020-04-26,False
P00329-D006,P00329,U013,field,operational,2018-01-27,2019-09-09,False
P00329-D007,P00329,U013,static_station,training,2016-09-01,2018-01-26,False
P00329-D008,P00329,U013,field,static,2016-04-24,2016-08-31,False
P00330-D001,P00330,U014,static_station,static,2024-01-21,,True
P00330-D002,P00330,U014,static_station,static,2023-07-23,2024-01-20,False
P00331-D001,P00331,U004,static_station,static,2026-01-12,,True
P00331-D002,P00331,U004,static_station,static,2025-01-10,2026-01-11,False
P00331-D003,P00331,U004,static_station,static,2024-05-11,2025-01-09,False
P00331-D004,P00331,U004,hard_area,operational,2022-09-28,2024-05-10,False
P00331-D005,P00331,U004,hard_area,training,2020-11-12,2022-09-27,False
P00331-D006,P00331,U004,hard_area,static,2020-07-12,2020-11-11,False
P00331-D007,P00331,U004,field,static,2020-03-08,2020-07-11,False
P00331-D008,P00331,U004,field,training,2018-08-12,2020-03-07,False
P00332-D001,P00332,U007,static_station,static,2024-06-24,,True
P00332-D002,P00332,U007,field,operational,2023-01-30,2024-06-23,False
P00332-D003,P00332,U007,field,training,2021-09-20,2023-01-29,False
P00332-D004,P00332,U007,static_station,operational,2020-07-31,2021-09-19,False
P00332-D005,P00332,U007,field,static,2019-09-28,2020-07-30,False
P00332-D006,P00332,U007,static_station,static,2017-08-04,2019-09-27,False
P00332-D007,P00332,U007,hard_area,training,2017-02-10,2017-08-03,False
P00333-D001,P00333,U010,field,operational,2024-06-04,,True
P00333-D002,P00333,U010,hard_area,operational,2023-03-20,2024-06-03,False
P00333-D003,P00333,U010,field,operational,2022-05-05,2023-03-19,False
P00333-D004,P00333,U010,field,static,2020-03-12,2022-05-04,False
P00333-D005,P00333,U010,static_station,operational,2019-03-06,2020-03-11,False
P00333-D006,P00333,U010,static_station,training,2018-05-01,2019-03-05,False
P00333-D007,P00333,U010,static_station,training,2017-12-30,2018-04-30,False
P00333-D008,P00333,U010,field,training,2015-11-07,2017-12-29,False
P00334-D001,P00334,U007,static_station,static,2024-03-13,,True
P00334-D002,P00334,U007,static_station,static,2022-08-22,2024-03-12,False
P00334-D003,P00334,U007,hard_area,training,2021-04-30,2022-08-21,False
P00334-D004,P00334,U007,hard_area,static,2019-12-27,2021-04-29,False
P00334-D005,P00334,U007,static_station,training,2018-01-16,2019-12-26,False
P00334-D006,P00334,U007,field,training,2017-09-15,2018-01-15,False
P00334-D007,P00334,U007,static_station,operational,2016-10-23,2017-09-14,False
P00335-D001,P00335,U001,static_station,operational,2024-03-16,,True
P00335-D002,P00335,U001,hard_area,training,2023-03-14,2024-03-15,False
P00336-D001,P00336,U003,static_station,static,2026-01-29,,True
P00336-D002,P00336,U003,static_station,operational,2024-07-10,2026-01-28,False
P00336-D003,P00336,U003,hard_area,static,2023-01-25,2024-07-09,False
P00336-D004,P00336,U003,static_station,static,2022-01-26,2023-01-24,False
P00336-D005,P00336,U003,hard_area,training,2020-09-09,2022-01-25,False
P00336-D006,P00336,U003,hard_area,training,2019-09-11,2020-09-08,False
P00336-D007,P00336,U003,field,training,2017-11-10,2019-09-10,False
P00336-D008,P00336,U003,field,operational,2016-12-29,2017-11-09,False
P00337-D001,P00337,U008,static_station,operational,2026-01-08,,True
P00337-D002,P00337,U008,static_station,operational,2024-07-25,2026-01-07,False
P00338-D001,P00338,U016,static_station,operational,2026-07-05,,True
P00338-D002,P00338,U016,static_station,operational,2025-07-16,2026-07-04,False
P00338-D003,P00338,U016,field,static,2024-08-17,2025-07-15,False
P00338-D004,P00338,U016,hard_area,operational,2023-07-28,2024-08-16,False
P00338-D005,P00338,U016,hard_area,static,2022-11-09,2023-07-27,False
P00338-D006,P00338,U016,field,static,2021-12-06,2022-11-08,False
P00339-D001,P00339,U009,static_station,static,2023-07-22,,True
P00339-D002,P00339,U009,hard_area,training,2022-03-13,2023-07-21,False
P00339-D003,P00339,U009,field,operational,2020-10-14,2022-03-12,False
P00339-D004,P00339,U009,static_station,training,2019-11-23,2020-10-13,False
P00339-D005,P00339,U009,field,training,2018-04-23,2019-11-22,False
P00339-D006,P00339,U009,field,training,2016-05-17,2018-04-22,False
P00339-D007,P00339,U009,field,operational,2015-05-24,2016-05-16,False
P00339-D008,P00339,U009,field,static,2013-08-16,2015-05-23,False
P00340-D001,P00340,U003,static_station,static,2025-01-27,,True
P00340-D002,P00340,U003,field,training,2024-09-26,2025-01-26,False
P00340-D003,P00340,U003,hard_area,operational,2023-11-04,2024-09-25,False
P00341-D001,P00341,U001,hard_area,operational,2026-07-27,,True
P00341-D002,P00341,U001,hard_area,training,2025-01-31,2026-07-26,False
P00341-D003,P00341,U001,hard_area,operational,2024-02-18,2025-01-30,False
P00341-D004,P00341,U001,hard_area,operational,2023-01-20,2024-02-17,False
P00341-D005,P00341,U001,field,training,2021-12-14,2023-01-19,False
P00342-D001,P00342,U013,hard_area,operational,2026-03-06,,True
P00342-D002,P00342,U013,field,training,2025-08-18,2026-03-05,False
P00342-D003,P00342,U013,field,static,2024-12-25,2025-08-17,False
P00343-D001,P00343,U016,hard_area,operational,2025-10-04,,True
P00344-D001,P00344,U012,hard_area,operational,2023-07-20,,True
P00344-D002,P00344,U012,hard_area,training,2020-11-06,2023-07-19,False
P00344-D003,P00344,U012,hard_area,static,2019-03-13,2020-11-05,False
P00344-D004,P00344,U012,hard_area,operational,2018-01-02,2019-03-12,False
P00344-D005,P00344,U012,hard_area,static,2017-05-19,2018-01-01,False
P00344-D006,P00344,U012,static_station,static,2015-02-05,2017-05-18,False
P00344-D007,P00344,U012,hard_area,training,2014-01-25,2015-02-04,False
P00344-D008,P00344,U012,hard_area,static,2012-11-17,2014-01-24,False
P00345-D001,P00345,U002,hard_area,operational,2026-02-11,,True
P00345-D002,P00345,U002,field,training,2025-01-29,2026-02-10,False
P00345-D003,P00345,U002,field,operational,2023-06-08,2025-01-28,False
P00345-D004,P00345,U002,hard_area,training,2021-12-20,2023-06-07,False
P00345-D005,P00345,U002,field,static,2021-03-23,2021-12-19,False
P00345-D006,P00345,U002,hard_area,training,2019-11-17,2021-03-22,False
P00345-D007,P00345,U002,hard_area,static,2018-08-09,2019-11-16,False
P00346-D001,P00346,U009,static_station,static,2025-06-28,,True
P00347-D001,P00347,U014,static_station,static,2025-12-28,,True
P00347-D002,P00347,U014,field,training,2024-03-08,2025-12-27,False
P00347-D003,P00347,U014,static_station,training,2022-04-06,2024-03-07,False
P00347-D004,P00347,U014,hard_area,operational,2020-09-09,2022-04-05,False
P00347-D005,P00347,U014,static_station,static,2019-10-03,2020-09-08,False
P00347-D006,P00347,U014,hard_area,operational,2018-05-07,2019-10-02,False
P00347-D007,P00347,U014,static_station,operational,2017-03-13,2018-05-06,False
P00348-D001,P00348,U011,hard_area,operational,2026-02-17,,True
P00348-D002,P00348,U011,field,operational,2025-10-06,2026-02-16,False
P00348-D003,P00348,U011,static_station,training,2024-12-19,2025-10-05,False
P00348-D004,P00348,U011,hard_area,static,2023-12-14,2024-12-18,False
P00348-D005,P00348,U011,hard_area,training,2022-10-01,2023-12-13,False
P00348-D006,P00348,U011,static_station,training,2021-09-11,2022-09-30,False
P00348-D007,P00348,U011,field,operational,2020-12-17,2021-09-10,False
P00348-D008,P00348,U011,field,static,2019-02-10,2020-12-16,False
P00349-D001,P00349,U006,hard_area,operational,2023-08-09,,True
P00349-D002,P00349,U006,field,operational,2022-07-12,2023-08-08,False
P00349-D003,P00349,U006,field,operational,2021-10-29,2022-07-11,False
P00350-D001,P00350,U016,field,operational,2025-02-27,,True
P00350-D002,P00350,U016,hard_area,static,2023-07-01,2025-02-26,False
P00350-D003,P00350,U016,hard_area,operational,2022-05-30,2023-06-30,False
P00350-D004,P00350,U016,static_station,static,2021-09-22,2022-05-29,False
P00350-D005,P00350,U016,field,training,2020-12-05,2021-09-21,False
P00350-D006,P00350,U016,static_station,training,2020-08-04,2020-12-04,False
P00350-D007,P00350,U016,hard_area,training,2019-01-13,2020-08-03,False
P00350-D008,P00350,U016,field,training,2017-05-19,2019-01-12,False
P00351-D001,P00351,U014,field,static,2026-05-20,,True
P00351-D002,P00351,U014,field,training,2024-03-13,2026-05-19,False
P00351-D003,P00351,U014,hard_area,training,2022-12-12,2024-03-12,False
P00351-D004,P00351,U014,static_station,training,2021-11-23,2022-12-11,False
P00351-D005,P00351,U014,field,operational,2020-10-31,2021-11-22,False
P00351-D006,P00351,U014,field,operational,2019-09-26,2020-10-30,False
P00351-D007,P00351,U014,hard_area,static,2019-05-26,2019-09-25,False
P00351-D008,P00351,U014,static_station,operational,2018-12-30,2019-05-25,False
P00352-D001,P00352,U008,hard_area,operational,2024-08-06,,True
P00352-D002,P00352,U008,static_station,operational,2024-01-15,2024-08-05,False
P00353-D001,P00353,U015,field,operational,2025-09-16,,True
P00353-D002,P00353,U015,static_station,static,2025-02-14,2025-09-15,False
P00353-D003,P00353,U015,hard_area,static,2024-01-07,2025-02-13,False
P00353-D004,P00353,U015,hard_area,operational,2023-01-19,2024-01-06,False
P00353-D005,P00353,U015,field,static,2022-04-08,2023-01-18,False
P00353-D006,P00353,U015,hard_area,training,2021-09-06,2022-04-07,False
P00354-D001,P00354,U006,hard_area,operational,2025-09-05,,True
P00354-D002,P00354,U006,static_station,static,2025-01-20,2025-09-04,False
P00354-D003,P00354,U006,static_station,operational,2023-05-31,2025-01-19,False
P00354-D004,P00354,U006,field,operational,2022-04-29,2023-05-30,False
P00354-D005,P00354,U006,hard_area,static,2021-06-26,2022-04-28,False
P00355-D001,P00355,U015,hard_area,operational,2025-12-31,,True
P00355-D002,P00355,U015,field,static,2024-08-22,2025-12-30,False
P00355-D003,P00355,U015,static_station,training,2023-12-26,2024-08-21,False
P00356-D001,P00356,U003,static_station,static,2023-11-29,,True
P00356-D002,P00356,U003,static_station,operational,2022-07-26,2023-11-28,False
P00356-D003,P00356,U003,field,operational,2022-02-27,2022-07-25,False
P00357-D001,P00357,U001,field,operational,2026-01-24,,True
P00357-D002,P00357,U001,hard_area,training,2025-02-21,2026-01-23,False
P00357-D003,P00357,U001,static_station,static,2024-04-11,2025-02-20,False
P00357-D004,P00357,U001,hard_area,training,2023-10-31,2024-04-10,False
P00358-D001,P00358,U001,field,operational,2023-12-18,,True
P00358-D002,P00358,U001,field,static,2023-01-23,2023-12-17,False
P00358-D003,P00358,U001,hard_area,operational,2022-05-20,2023-01-22,False
P00358-D004,P00358,U001,static_station,training,2022-01-17,2022-05-19,False
P00358-D005,P00358,U001,hard_area,training,2020-06-27,2022-01-16,False
P00358-D006,P00358,U001,hard_area,static,2018-11-12,2020-06-26,False
P00358-D007,P00358,U001,static_station,operational,2017-12-10,2018-11-11,False
P00358-D008,P00358,U001,field,static,2017-01-25,2017-12-09,False
P00359-D001,P00359,U004,static_station,static,2024-10-01,,True
P00359-D002,P00359,U004,hard_area,static,2023-04-16,2024-09-30,False
P00359-D003,P00359,U004,hard_area,operational,2021-05-03,2023-04-15,False
P00359-D004,P00359,U004,hard_area,static,2020-01-08,2021-05-02,False
P00359-D005,P00359,U004,field,training,2018-12-03,2020-01-07,False
P00359-D006,P00359,U004,field,operational,2017-05-08,2018-12-02,False
P00359-D007,P00359,U004,field,operational,2015-09-20,2017-05-07,False
P00359-D008,P00359,U004,static_station,operational,2015-05-14,2015-09-19,False
P00360-D001,P00360,U003,static_station,static,2024-04-22,,True
P00360-D002,P00360,U003,hard_area,static,2023-01-11,2024-04-21,False
P00360-D003,P00360,U003,static_station,operational,2021-08-17,2023-01-10,False
P00360-D004,P00360,U003,hard_area,training,2019-10-06,2021-08-16,False
P00360-D005,P00360,U003,field,operational,2018-08-04,2019-10-05,False
P00360-D006,P00360,U003,hard_area,static,2016-04-27,2018-08-03,False
P00360-D007,P00360,U003,field,operational,2015-05-20,2016-04-26,False
P00360-D008,P00360,U003,static_station,static,2014-12-20,2015-05-19,False
P00361-D001,P00361,U016,hard_area,operational,2023-05-17,,True
P00362-D001,P00362,U009,static_station,static,2026-04-18,,True
P00362-D002,P00362,U009,static_station,operational,2023-04-17,2026-04-17,False
P00362-D003,P00362,U009,field,training,2022-06-11,2023-04-16,False
P00362-D004,P00362,U009,static_station,training,2021-10-11,2022-06-10,False
P00362-D005,P00362,U009,hard_area,operational,2020-12-07,2021-10-10,False
P00362-D006,P00362,U009,hard_area,static,2019-11-23,2020-12-06,False
P00362-D007,P00362,U009,hard_area,training,2018-09-10,2019-11-22,False
P00362-D008,P00362,U009,static_station,static,2016-09-24,2018-09-09,False
P00363-D001,P00363,U001,field,operational,2025-05-04,,True
P00364-D001,P00364,U011,field,operational,2024-05-07,,True
P00365-D001,P00365,U007,static_station,static,2024-09-22,,True
P00365-D002,P00365,U007,static_station,static,2022-11-03,2024-09-21,False
P00365-D003,P00365,U007,hard_area,training,2021-06-22,2022-11-02,False
P00365-D004,P00365,U007,static_station,operational,2020-08-21,2021-06-21,False
P00365-D005,P00365,U007,static_station,training,2019-11-26,2020-08-20,False
P00366-D001,P00366,U001,static_station,operational,2026-02-27,,True
P00366-D002,P00366,U001,field,static,2025-07-02,2026-02-26,False
P00366-D003,P00366,U001,static_station,static,2024-08-01,2025-07-01,False
P00366-D004,P00366,U001,static_station,operational,2023-04-06,2024-07-31,False
P00366-D005,P00366,U001,field,operational,2021-04-10,2023-04-05,False
P00366-D006,P00366,U001,hard_area,static,2020-08-14,2021-04-09,False
P00366-D007,P00366,U001,field,operational,2019-05-08,2020-08-13,False
P00366-D008,P00366,U001,static_station,operational,2018-04-11,2019-05-07,False
P00367-D001,P00367,U002,hard_area,operational,2024-12-27,,True
P00367-D002,P00367,U002,hard_area,static,2024-06-27,2024-12-26,False
P00368-D001,P00368,U006,hard_area,operational,2025-09-12,,True
P00368-D002,P00368,U006,field,operational,2025-03-11,2025-09-11,False
P00368-D003,P00368,U006,hard_area,training,2023-11-15,2025-03-10,False
P00368-D004,P00368,U006,hard_area,training,2022-10-10,2023-11-14,False
P00368-D005,P00368,U006,static_station,training,2020-09-27,2022-10-09,False
P00368-D006,P00368,U006,hard_area,training,2019-11-04,2020-09-26,False
P00368-D007,P00368,U006,field,static,2018-09-11,2019-11-03,False
P00368-D008,P00368,U006,field,static,2017-03-13,2018-09-10,False
P00369-D001,P00369,U004,static_station,static,2026-07-11,,True
P00369-D002,P00369,U004,hard_area,static,2025-08-14,2026-07-10,False
P00369-D003,P00369,U004,hard_area,training,2025-01-27,2025-08-13,False
P00370-D001,P00370,U003,static_station,static,2024-10-23,,True
P00370-D002,P00370,U003,static_station,static,2023-06-14,2024-10-22,False
P00370-D003,P00370,U003,static_station,training,2021-11-20,2023-06-13,False
P00370-D004,P00370,U003,field,training,2020-07-29,2021-11-19,False
P00370-D005,P00370,U003,field,training,2019-03-14,2020-07-28,False
P00370-D006,P00370,U003,field,operational,2018-09-30,2019-03-13,False
P00371-D001,P00371,U004,static_station,static,2024-08-12,,True
P00371-D002,P00371,U004,hard_area,operational,2023-06-19,2024-08-11,False
P00371-D003,P00371,U004,hard_area,training,2022-02-18,2023-06-18,False
P00372-D001,P00372,U016,field,operational,2024-04-10,,True
P00372-D002,P00372,U016,hard_area,operational,2023-02-20,2024-04-09,False
P00372-D003,P00372,U016,static_station,static,2021-09-11,2023-02-19,False
P00373-D001,P00373,U005,field,operational,2023-12-14,,True
P00373-D002,P00373,U005,static_station,static,2023-01-06,2023-12-13,False
P00373-D003,P00373,U005,field,training,2022-06-13,2023-01-05,False
P00374-D001,P00374,U015,field,operational,2025-02-07,,True
P00374-D002,P00374,U015,hard_area,static,2024-09-05,2025-02-06,False
P00374-D003,P00374,U015,hard_area,static,2022-04-03,2024-09-04,False
P00375-D001,P00375,U006,field,operational,2025-09-03,,True
P00375-D002,P00375,U006,field,static,2024-05-22,2025-09-02,False
P00375-D003,P00375,U006,field,training,2022-12-30,2024-05-21,False
P00375-D004,P00375,U006,field,static,2021-05-17,2022-12-29,False
P00375-D005,P00375,U006,field,training,2020-06-13,2021-05-16,False
P00375-D006,P00375,U006,hard_area,operational,2019-04-07,2020-06-12,False
P00375-D007,P00375,U006,hard_area,training,2018-05-09,2019-04-06,False
P00375-D008,P00375,U006,field,training,2018-01-06,2018-05-08,False
P00376-D001,P00376,U010,hard_area,operational,2023-07-09,,True
P00376-D002,P00376,U010,hard_area,training,2022-03-14,2023-07-08,False
P00377-D001,P00377,U015,hard_area,operational,2024-09-22,,True
P00377-D002,P00377,U015,hard_area,training,2023-12-21,2024-09-21,False
P00377-D003,P00377,U015,hard_area,training,2023-03-04,2023-12-20,False
P00377-D004,P00377,U015,field,static,2022-11-02,2023-03-03,False
P00377-D005,P00377,U015,field,static,2021-11-18,2022-11-01,False
P00377-D006,P00377,U015,field,operational,2021-01-25,2021-11-17,False
P00377-D007,P00377,U015,hard_area,operational,2019-04-25,2021-01-24,False
P00377-D008,P00377,U015,static_station,static,2017-10-14,2019-04-24,False
P00378-D001,P00378,U015,hard_area,operational,2024-01-20,,True
P00378-D002,P00378,U015,hard_area,training,2023-08-15,2024-01-19,False
P00379-D001,P00379,U011,field,operational,2024-07-13,,True
P00379-D002,P00379,U011,hard_area,operational,2023-07-10,2024-07-12,False
P00379-D003,P00379,U011,static_station,operational,2021-04-25,2023-07-09,False
P00379-D004,P00379,U011,hard_area,operational,2020-07-09,2021-04-24,False
P00379-D005,P00379,U011,field,static,2019-03-01,2020-07-08,False
P00379-D006,P00379,U011,field,training,2017-11-17,2019-02-28,False
P00379-D007,P00379,U011,field,training,2016-09-30,2017-11-16,False
P00379-D008,P00379,U011,hard_area,static,2014-08-09,2016-09-29,False
P00380-D001,P00380,U012,field,operational,2025-06-06,,True
P00380-D002,P00380,U012,static_station,operational,2023-06-08,2025-06-05,False
P00380-D003,P00380,U012,static_station,training,2022-11-12,2023-06-07,False
P00380-D004,P00380,U012,static_station,operational,2021-10-30,2022-11-11,False
P00380-D005,P00380,U012,hard_area,operational,2020-10-09,2021-10-29,False
P00380-D006,P00380,U012,hard_area,training,2020-06-08,2020-10-08,False
P00380-D007,P00380,U012,hard_area,training,2018-10-04,2020-06-07,False
P00380-D008,P00380,U012,field,operational,2018-01-24,2018-10-03,False
P00381-D001,P00381,U011,field,operational,2023-10-08,,True
P00381-D002,P00381,U011,field,training,2022-08-25,2023-10-07,False
P00381-D003,P00381,U011,hard_area,static,2021-04-03,2022-08-24,False
P00381-D004,P00381,U011,hard_area,operational,2020-06-20,2021-04-02,False
P00381-D005,P00381,U011,hard_area,operational,2019-04-18,2020-06-19,False
P00381-D006,P00381,U011,hard_area,training,2018-01-31,2019-04-17,False
P00381-D007,P00381,U011,field,training,2017-09-30,2018-01-30,False
P00381-D008,P00381,U011,field,operational,2017-04-21,2017-09-29,False
P00382-D001,P00382,U014,field,static,2024-12-08,,True
P00382-D002,P00382,U014,hard_area,training,2023-12-19,2024-12-07,False
P00383-D001,P00383,U013,field,operational,2025-04-04,,True
P00383-D002,P00383,U013,field,static,2024-02-20,2025-04-03,False
P00383-D003,P00383,U013,field,operational,2023-06-15,2024-02-19,False
P00383-D004,P00383,U013,hard_area,operational,2021-07-17,2023-06-14,False
P00383-D005,P00383,U013,hard_area,static,2020-10-18,2021-07-16,False
P00383-D006,P00383,U013,field,training,2019-11-24,2020-10-17,False
P00384-D001,P00384,U001,static_station,operational,2024-07-08,,True
P00384-D002,P00384,U001,field,training,2023-03-11,2024-07-07,False
P00384-D003,P00384,U001,field,operational,2021-09-04,2023-03-10,False
P00384-D004,P00384,U001,static_station,operational,2020-01-26,2021-09-03,False
P00384-D005,P00384,U001,hard_area,static,2018-08-06,2020-01-25,False
P00384-D006,P00384,U001,static_station,operational,2017-07-16,2018-08-05,False
P00384-D007,P00384,U001,hard_area,operational,2016-11-28,2017-07-15,False
P00384-D008,P00384,U001,static_station,operational,2016-02-05,2016-11-27,False
P00385-D001,P00385,U009,static_station,static,2025-08-17,,True
P00385-D002,P00385,U009,static_station,static,2024-05-28,2025-08-16,False
P00385-D003,P00385,U009,static_station,static,2021-05-27,2024-05-27,False
P00385-D004,P00385,U009,hard_area,training,2020-06-01,2021-05-26,False
P00385-D005,P00385,U009,static_station,training,2018-05-10,2020-05-31,False
P00385-D006,P00385,U009,field,operational,2016-12-27,2018-05-09,False
P00385-D007,P00385,U009,field,static,2016-05-13,2016-12-26,False
P00386-D001,P00386,U006,field,operational,2025-04-10,,True
P00386-D002,P00386,U006,field,training,2024-02-08,2025-04-09,False
P00386-D003,P00386,U006,hard_area,static,2023-10-08,2024-02-07,False
P00386-D004,P00386,U006,field,training,2023-01-01,2023-10-07,False
P00387-D001,P00387,U010,field,operational,2023-06-07,,True
P00387-D002,P00387,U010,static_station,training,2022-05-30,2023-06-06,False
P00387-D003,P00387,U010,static_station,static,2021-07-18,2022-05-29,False
P00387-D004,P00387,U010,hard_area,training,2021-01-28,2021-07-17,False
P00387-D005,P00387,U010,hard_area,training,2020-09-28,2021-01-27,False
P00387-D006,P00387,U010,field,operational,2019-03-19,2020-09-27,False
P00387-D007,P00387,U010,static_station,static,2016-11-27,2019-03-18,False
P00387-D008,P00387,U010,field,operational,2016-07-27,2016-11-26,False
P00388-D001,P00388,U002,field,operational,2023-12-30,,True
P00388-D002,P00388,U002,field,operational,2023-07-03,2023-12-29,False
P00388-D003,P00388,U002,static_station,training,2022-05-18,2023-07-02,False
P00388-D004,P00388,U002,static_station,static,2021-07-29,2022-05-17,False
P00389-D001,P00389,U010,hard_area,operational,2023-03-21,,True
P00389-D002,P00389,U010,field,training,2022-02-17,2023-03-20,False
P00389-D003,P00389,U010,field,static,2021-04-07,2022-02-16,False
P00389-D004,P00389,U010,hard_area,training,2020-12-06,2021-04-06,False
P00389-D005,P00389,U010,static_station,training,2019-01-11,2020-12-05,False
P00389-D006,P00389,U010,hard_area,training,2017-12-30,2019-01-10,False
P00389-D007,P00389,U010,static_station,operational,2017-06-02,2017-12-29,False
P00389-D008,P00389,U010,static_station,static,2016-05-04,2017-06-01,False
P00390-D001,P00390,U015,hard_area,operational,2025-11-24,,True
P00390-D002,P00390,U015,hard_area,static,2024-09-02,2025-11-23,False
P00390-D003,P00390,U015,hard_area,static,2023-01-03,2024-09-01,False
P00390-D004,P00390,U015,static_station,static,2022-04-01,2023-01-02,False
P00390-D005,P00390,U015,hard_area,operational,2021-07-19,2022-03-31,False
P00390-D006,P00390,U015,static_station,operational,2021-03-19,2021-07-18,False
P00390-D007,P00390,U015,hard_area,training,2020-02-21,2021-03-18,False
P00391-D001,P00391,U012,hard_area,operational,2024-01-12,,True
P00391-D002,P00391,U012,field,operational,2022-10-27,2024-01-11,False
P00391-D003,P00391,U012,field,training,2020-08-02,2022-10-26,False
P00391-D004,P00391,U012,field,operational,2018-04-12,2020-08-01,False
P00391-D005,P00391,U012,field,training,2017-11-08,2018-04-11,False
P00391-D006,P00391,U012,static_station,static,2017-03-23,2017-11-07,False
P00391-D007,P00391,U012,static_station,static,2016-03-19,2017-03-22,False
P00391-D008,P00391,U012,static_station,operational,2015-04-16,2016-03-18,False
P00392-D001,P00392,U005,hard_area,operational,2024-08-13,,True
P00392-D002,P00392,U005,field,static,2023-10-27,2024-08-12,False
P00392-D003,P00392,U005,field,static,2022-11-23,2023-10-26,False
P00392-D004,P00392,U005,hard_area,training,2021-03-28,2022-11-22,False
P00392-D005,P00392,U005,hard_area,operational,2020-08-26,2021-03-27,False
P00392-D006,P00392,U005,field,static,2019-10-20,2020-08-25,False
P00393-D001,P00393,U012,hard_area,operational,2024-10-25,,True
P00393-D002,P00393,U012,hard_area,operational,2023-12-15,2024-10-24,False
P00394-D001,P00394,U013,field,operational,2026-05-26,,True
P00394-D002,P00394,U013,hard_area,static,2025-01-10,2026-05-25,False
P00394-D003,P00394,U013,static_station,static,2024-07-05,2025-01-09,False
P00394-D004,P00394,U013,field,training,2023-04-26,2024-07-04,False
P00394-D005,P00394,U013,hard_area,operational,2022-09-17,2023-04-25,False
P00394-D006,P00394,U013,hard_area,static,2021-03-28,2022-09-16,False
P00394-D007,P00394,U013,field,operational,2020-05-11,2021-03-27,False
P00394-D008,P00394,U013,hard_area,operational,2019-08-04,2020-05-10,False
P00395-D001,P00395,U001,static_station,operational,2024-10-20,,True
P00395-D002,P00395,U001,field,static,2023-09-06,2024-10-19,False
P00395-D003,P00395,U001,hard_area,training,2022-03-15,2023-09-05,False
P00395-D004,P00395,U001,field,training,2020-09-26,2022-03-14,False
P00395-D005,P00395,U001,hard_area,operational,2020-05-26,2020-09-25,False
P00395-D006,P00395,U001,static_station,operational,2019-01-15,2020-05-25,False
P00395-D007,P00395,U001,static_station,operational,2018-02-05,2019-01-14,False
P00396-D001,P00396,U002,static_station,operational,2023-07-20,,True
P00396-D002,P00396,U002,field,operational,2022-10-20,2023-07-19,False
P00396-D003,P00396,U002,field,static,2022-03-03,2022-10-19,False
P00396-D004,P00396,U002,static_station,training,2021-06-02,2022-03-02,False
P00396-D005,P00396,U002,hard_area,operational,2020-05-27,2021-06-01,False
P00396-D006,P00396,U002,static_station,training,2018-04-15,2020-05-26,False
P00396-D007,P00396,U002,static_station,operational,2017-07-05,2018-04-14,False
P00396-D008,P00396,U002,field,operational,2016-05-15,2017-07-04,False
P00397-D001,P00397,U004,static_station,static,2026-01-08,,True
P00397-D002,P00397,U004,field,static,2024-08-22,2026-01-07,False
P00397-D003,P00397,U004,static_station,training,2023-02-08,2024-08-21,False
P00398-D001,P00398,U008,field,operational,2024-08-17,,True
P00398-D002,P00398,U008,field,static,2023-09-05,2024-08-16,False
P00398-D003,P00398,U008,field,training,2022-04-22,2023-09-04,False
P00398-D004,P00398,U008,field,operational,2020-11-01,2022-04-21,False
P00398-D005,P00398,U008,static_station,training,2019-05-11,2020-10-31,False
P00398-D006,P00398,U008,field,training,2018-01-06,2019-05-10,False
P00398-D007,P00398,U008,hard_area,training,2017-05-04,2018-01-05,False
P00399-D001,P00399,U010,field,operational,2025-11-20,,True
P00399-D002,P00399,U010,field,operational,2024-10-03,2025-11-19,False
P00399-D003,P00399,U010,static_station,static,2023-11-12,2024-10-02,False
P00399-D004,P00399,U010,static_station,training,2023-01-31,2023-11-11,False
P00399-D005,P00399,U010,hard_area,static,2022-03-02,2023-01-30,False
P00399-D006,P00399,U010,hard_area,training,2021-06-23,2022-03-01,False
P00400-D001,P00400,U015,hard_area,operational,2024-04-26,,True
P00400-D002,P00400,U015,static_station,training,2023-04-13,2024-04-25,False
P00400-D003,P00400,U015,hard_area,operational,2022-06-19,2023-04-12,False
P00400-D004,P00400,U015,field,operational,2020-10-09,2022-06-18,False
P00400-D005,P00400,U015,field,training,2019-11-02,2020-10-08,False
P00400-D006,P00400,U015,static_station,training,2019-03-20,2019-11-01,False
P00401-D001,P00401,U005,static_station,operational,2024-03-06,,True
P00402-D001,P00402,U010,static_station,operational,2025-12-03,,True
P00402-D002,P00402,U010,static_station,static,2024-07-15,2025-12-02,False
P00402-D003,P00402,U010,hard_area,operational,2024-02-19,2024-07-14,False
P00403-D001,P00403,U010,static_station,operational,2024-01-17,,True
P00403-D002,P00403,U010,field,operational,2022-05-28,2024-01-16,False
P00404-D001,P00404,U011,field,operational,2024-05-03,,True
P00404-D002,P00404,U011,static_station,static,2023-03-30,2024-05-02,False
P00404-D003,P00404,U011,static_station,training,2022-11-27,2023-03-29,False
P00404-D004,P00404,U011,static_station,static,2022-07-27,2022-11-26,False
P00404-D005,P00404,U011,hard_area,static,2021-10-17,2022-07-26,False
P00405-D001,P00405,U009,static_station,static,2025-04-14,,True
P00405-D002,P00405,U009,field,operational,2024-01-11,2025-04-13,False
P00405-D003,P00405,U009,static_station,operational,2022-06-21,2024-01-10,False
P00405-D004,P00405,U009,static_station,static,2020-11-12,2022-06-20,False
P00406-D001,P00406,U002,hard_area,operational,2026-02-20,,True
P00406-D002,P00406,U002,static_station,training,2024-10-24,2026-02-19,False
P00406-D003,P00406,U002,field,static,2024-06-24,2024-10-23,False
P00406-D004,P00406,U002,hard_area,operational,2023-11-12,2024-06-23,False
P00406-D005,P00406,U002,hard_area,operational,2022-12-08,2023-11-11,False
P00406-D006,P00406,U002,hard_area,operational,2020-10-16,2022-12-07,False
P00406-D007,P00406,U002,static_station,training,2020-06-16,2020-10-15,False
P00406-D008,P00406,U002,hard_area,static,2019-12-18,2020-06-15,False
P00407-D001,P00407,U010,hard_area,operational,2024-07-18,,True
P00408-D001,P00408,U013,field,operational,2024-02-13,,True
P00408-D002,P00408,U013,static_station,static,2023-02-07,2024-02-12,False
P00408-D003,P00408,U013,hard_area,operational,2021-12-31,2023-02-06,False
P00409-D001,P00409,U008,hard_area,operational,2024-06-05,,True
P00409-D002,P00409,U008,hard_area,static,2023-04-22,2024-06-04,False
P00409-D003,P00409,U008,static_station,static,2022-02-08,2023-04-21,False
P00409-D004,P00409,U008,hard_area,training,2020-12-30,2022-02-07,False
P00409-D005,P00409,U008,static_station,operational,2019-11-09,2020-12-29,False
P00409-D006,P00409,U008,field,operational,2019-06-20,2019-11-08,False
P00409-D007,P00409,U008,field,operational,2017-07-11,2019-06-19,False
P00409-D008,P00409,U008,static_station,static,2016-02-07,2017-07-10,False
P00410-D001,P00410,U009,static_station,static,2023-07-25,,True
P00410-D002,P00410,U009,hard_area,static,2023-03-10,2023-07-24,False
P00410-D003,P00410,U009,static_station,training,2021-12-31,2023-03-09,False
P00410-D004,P00410,U009,static_station,operational,2020-10-07,2021-12-30,False
P00410-D005,P00410,U009,hard_area,training,2019-03-31,2020-10-06,False
P00410-D006,P00410,U009,field,training,2018-06-23,2019-03-30,False
P00410-D007,P00410,U009,static_station,training,2016-03-13,2018-06-22,False
P00411-D001,P00411,U006,hard_area,operational,2025-11-02,,True
P00411-D002,P00411,U006,hard_area,training,2024-05-10,2025-11-01,False
P00411-D003,P00411,U006,hard_area,operational,2023-07-29,2024-05-09,False
P00411-D004,P00411,U006,hard_area,static,2021-12-05,2023-07-28,False
P00412-D001,P00412,U012,hard_area,operational,2025-08-04,,True
P00412-D002,P00412,U012,hard_area,operational,2024-01-06,2025-08-03,False
P00412-D003,P00412,U012,field,static,2022-05-04,2024-01-05,False
P00412-D004,P00412,U012,hard_area,static,2021-04-28,2022-05-03,False
P00413-D001,P00413,U013,hard_area,operational,2026-02-10,,True
P00413-D002,P00413,U013,field,static,2024-12-23,2026-02-09,False
P00413-D003,P00413,U013,field,training,2024-01-15,2024-12-22,False
P00413-D004,P00413,U013,hard_area,training,2023-08-12,2024-01-14,False
P00413-D005,P00413,U013,hard_area,training,2022-06-08,2023-08-11,False
P00413-D006,P00413,U013,static_station,static,2021-05-23,2022-06-07,False
P00413-D007,P00413,U013,static_station,static,2020-10-04,2021-05-22,False
P00413-D008,P00413,U013,field,static,2019-07-07,2020-10-03,False
P00414-D001,P00414,U016,hard_area,operational,2023-08-10,,True
P00414-D002,P00414,U016,static_station,static,2023-04-07,2023-08-09,False
P00415-D001,P00415,U015,hard_area,operational,2025-07-01,,True
P00416-D001,P00416,U007,static_station,static,2023-08-22,,True
P00416-D002,P00416,U007,hard_area,training,2022-04-24,2023-08-21,False
P00416-D003,P00416,U007,hard_area,static,2021-02-09,2022-04-23,False
P00416-D004,P00416,U007,hard_area,static,2019-07-23,2021-02-08,False
P00416-D005,P00416,U007,hard_area,training,2019-03-12,2019-07-22,False
P00417-D001,P00417,U016,field,operational,2025-01-04,,True
P00417-D002,P00417,U016,field,training,2023-07-23,2025-01-03,False
P00417-D003,P00417,U016,field,static,2022-10-08,2023-07-22,False
P00417-D004,P00417,U016,hard_area,operational,2021-03-07,2022-10-07,False
P00417-D005,P00417,U016,static_station,training,2020-04-20,2021-03-06,False
P00417-D006,P00417,U016,field,static,2018-11-16,2020-04-19,False
P00417-D007,P00417,U016,static_station,training,2017-04-16,2018-11-15,False
P00417-D008,P00417,U016,hard_area,static,2016-09-24,2017-04-15,False
P00418-D001,P00418,U008,field,operational,2025-12-24,,True
P00418-D002,P00418,U008,static_station,training,2025-06-25,2025-12-23,False
P00418-D003,P00418,U008,hard_area,static,2024-08-29,2025-06-24,False
P00418-D004,P00418,U008,field,static,2024-04-28,2024-08-28,False
P00418-D005,P00418,U008,static_station,training,2023-06-07,2024-04-27,False
P00418-D006,P00418,U008,static_station,static,2023-01-12,2023-06-06,False
P00418-D007,P00418,U008,static_station,training,2021-07-27,2023-01-11,False
P00418-D008,P00418,U008,hard_area,operational,2020-11-13,2021-07-26,False
P00419-D001,P00419,U012,static_station,operational,2023-07-18,,True
P00419-D002,P00419,U012,static_station,operational,2022-05-06,2023-07-17,False
P00419-D003,P00419,U012,field,training,2021-06-18,2022-05-05,False
P00420-D001,P00420,U004,field,static,2024-04-01,,True
P00420-D002,P00420,U004,field,operational,2023-01-27,2024-03-31,False
P00420-D003,P00420,U004,hard_area,static,2021-05-24,2023-01-26,False
P00420-D004,P00420,U004,hard_area,training,2020-09-07,2021-05-23,False
P00420-D005,P00420,U004,static_station,operational,2020-04-27,2020-09-06,False
P00421-D001,P00421,U006,field,operational,2023-11-09,,True
P00421-D002,P00421,U006,static_station,operational,2021-12-07,2023-11-08,False
P00421-D003,P00421,U006,field,training,2019-10-25,2021-12-06,False
P00421-D004,P00421,U006,hard_area,operational,2018-02-11,2019-10-24,False
P00421-D005,P00421,U006,field,static,2016-12-10,2018-02-10,False
P00421-D006,P00421,U006,field,static,2015-08-24,2016-12-09,False
P00421-D007,P00421,U006,field,static,2014-11-03,2015-08-23,False
P00421-D008,P00421,U006,field,training,2013-11-01,2014-11-02,False
P00422-D001,P00422,U003,static_station,static,2024-02-26,,True
P00422-D002,P00422,U003,field,static,2022-07-14,2024-02-25,False
P00422-D003,P00422,U003,hard_area,training,2021-07-20,2022-07-13,False
P00423-D001,P00423,U010,hard_area,operational,2026-07-23,,True
P00423-D002,P00423,U010,field,static,2025-08-28,2026-07-22,False
P00423-D003,P00423,U010,static_station,operational,2024-03-09,2025-08-27,False
P00423-D004,P00423,U010,static_station,training,2023-11-07,2024-03-08,False
P00423-D005,P00423,U010,hard_area,static,2023-07-07,2023-11-06,False
P00423-D006,P00423,U010,hard_area,operational,2022-01-03,2023-07-06,False
P00424-D001,P00424,U007,static_station,static,2023-12-04,,True
P00425-D001,P00425,U002,static_station,operational,2025-01-19,,True
P00425-D002,P00425,U002,field,static,2024-02-19,2025-01-18,False
P00425-D003,P00425,U002,hard_area,training,2022-12-07,2024-02-18,False
P00425-D004,P00425,U002,hard_area,operational,2021-11-06,2022-12-06,False
P00425-D005,P00425,U002,hard_area,training,2020-11-25,2021-11-05,False
P00426-D001,P00426,U014,static_station,static,2025-04-27,,True
P00426-D002,P00426,U014,field,training,2024-03-09,2025-04-26,False
P00426-D003,P00426,U014,static_station,training,2023-01-05,2024-03-08,False
P00426-D004,P00426,U014,hard_area,static,2020-11-28,2023-01-04,False
P00426-D005,P00426,U014,field,training,2019-04-27,2020-11-27,False
P00427-D001,P00427,U015,field,operational,2025-01-14,,True
P00427-D002,P00427,U015,field,training,2024-08-27,2025-01-13,False
P00427-D003,P00427,U015,hard_area,static,2022-10-18,2024-08-26,False
P00427-D004,P00427,U015,hard_area,training,2021-08-01,2022-10-17,False
P00427-D005,P00427,U015,static_station,training,2021-03-07,2021-07-31,False
P00428-D001,P00428,U009,static_station,static,2025-11-22,,True
P00428-D002,P00428,U009,hard_area,training,2024-05-25,2025-11-21,False
P00428-D003,P00428,U009,static_station,static,2022-07-12,2024-05-24,False
P00428-D004,P00428,U009,field,static,2021-11-20,2022-07-11,False
P00428-D005,P00428,U009,hard_area,static,2021-06-26,2021-11-19,False
P00429-D001,P00429,U015,field,operational,2025-01-26,,True
P00429-D002,P00429,U015,field,static,2023-03-10,2025-01-25,False
P00429-D003,P00429,U015,field,static,2022-02-08,2023-03-09,False
P00429-D004,P00429,U015,static_station,operational,2020-09-28,2022-02-07,False
P00429-D005,P00429,U015,hard_area,operational,2020-05-20,2020-09-27,False
P00429-D006,P00429,U015,static_station,static,2019-01-18,2020-05-19,False
P00429-D007,P00429,U015,hard_area,static,2017-09-07,2019-01-17,False
P00429-D008,P00429,U015,static_station,training,2017-05-07,2017-09-06,False
P00430-D001,P00430,U006,hard_area,operational,2024-06-06,,True
P00430-D002,P00430,U006,static_station,operational,2023-02-01,2024-06-05,False
P00430-D003,P00430,U006,static_station,operational,2021-10-06,2023-01-31,False
P00430-D004,P00430,U006,static_station,operational,2021-06-06,2021-10-05,False
P00430-D005,P00430,U006,static_station,training,2020-01-16,2021-06-05,False
P00430-D006,P00430,U006,hard_area,training,2018-12-05,2020-01-15,False
P00431-D001,P00431,U007,static_station,static,2024-02-03,,True
P00431-D002,P00431,U007,static_station,static,2022-11-06,2024-02-02,False
P00432-D001,P00432,U001,static_station,operational,2025-06-14,,True
P00432-D002,P00432,U001,hard_area,training,2025-02-11,2025-06-13,False
P00432-D003,P00432,U001,static_station,static,2023-12-13,2025-02-10,False
P00432-D004,P00432,U001,static_station,training,2022-12-09,2023-12-12,False
P00432-D005,P00432,U001,static_station,static,2021-08-23,2022-12-08,False
P00432-D006,P00432,U001,hard_area,training,2021-02-08,2021-08-22,False
P00432-D007,P00432,U001,static_station,operational,2020-06-28,2021-02-07,False
P00433-D001,P00433,U006,static_station,operational,2025-11-20,,True
P00433-D002,P00433,U006,field,operational,2023-06-08,2025-11-19,False
P00433-D003,P00433,U006,field,training,2021-08-12,2023-06-07,False
P00433-D004,P00433,U006,field,operational,2020-12-10,2021-08-11,False
P00433-D005,P00433,U006,static_station,training,2019-10-07,2020-12-09,False
P00433-D006,P00433,U006,static_station,training,2018-11-22,2019-10-06,False
P00433-D007,P00433,U006,hard_area,operational,2017-12-15,2018-11-21,False
P00433-D008,P00433,U006,hard_area,operational,2016-05-24,2017-12-14,False
P00434-D001,P00434,U008,field,operational,2026-06-09,,True
P00434-D002,P00434,U008,field,training,2025-02-21,2026-06-08,False
P00434-D003,P00434,U008,static_station,static,2023-09-01,2025-02-20,False
P00434-D004,P00434,U008,field,static,2022-04-28,2023-08-31,False
P00434-D005,P00434,U008,hard_area,static,2021-11-22,2022-04-27,False
P00434-D006,P00434,U008,field,training,2020-09-06,2021-11-21,False
P00434-D007,P00434,U008,hard_area,training,2019-09-08,2020-09-05,False
P00434-D008,P00434,U008,field,training,2018-03-14,2019-09-07,False
P00435-D001,P00435,U010,hard_area,operational,2026-03-21,,True
P00435-D002,P00435,U010,field,training,2025-11-18,2026-03-20,False
P00435-D003,P00435,U010,static_station,static,2025-07-18,2025-11-17,False
P00435-D004,P00435,U010,hard_area,training,2024-05-20,2025-07-17,False
P00435-D005,P00435,U010,static_station,training,2022-05-24,2024-05-19,False
P00435-D006,P00435,U010,field,static,2020-12-10,2022-05-23,False
P00435-D007,P00435,U010,field,training,2019-12-06,2020-12-09,False
P00435-D008,P00435,U010,static_station,static,2018-10-22,2019-12-05,False
P00436-D001,P00436,U005,field,operational,2025-09-23,,True
P00436-D002,P00436,U005,hard_area,static,2024-12-15,2025-09-22,False
P00436-D003,P00436,U005,hard_area,training,2023-04-30,2024-12-14,False
P00436-D004,P00436,U005,hard_area,operational,2022-12-28,2023-04-29,False
P00436-D005,P00436,U005,hard_area,operational,2021-04-17,2022-12-27,False
P00436-D006,P00436,U005,hard_area,training,2020-07-15,2021-04-16,False
P00436-D007,P00436,U005,field,operational,2019-03-11,2020-07-14,False
P00436-D008,P00436,U005,field,operational,2017-11-27,2019-03-10,False
P00437-D001,P00437,U003,field,static,2025-06-23,,True
P00437-D002,P00437,U003,field,static,2024-08-23,2025-06-22,False
P00437-D003,P00437,U003,field,operational,2023-04-22,2024-08-22,False
P00437-D004,P00437,U003,field,training,2021-11-03,2023-04-21,False
P00437-D005,P00437,U003,hard_area,static,2020-04-17,2021-11-02,False
P00437-D006,P00437,U003,static_station,static,2018-11-03,2020-04-16,False
P00437-D007,P00437,U003,field,training,2016-06-19,2018-11-02,False
P00437-D008,P00437,U003,field,static,2015-08-08,2016-06-18,False
P00438-D001,P00438,U007,static_station,static,2024-07-30,,True
P00438-D002,P00438,U007,static_station,operational,2023-04-24,2024-07-29,False
P00438-D003,P00438,U007,field,static,2022-01-30,2023-04-23,False
P00438-D004,P00438,U007,field,operational,2019-09-07,2022-01-29,False
P00438-D005,P00438,U007,hard_area,static,2018-12-06,2019-09-06,False
P00438-D006,P00438,U007,field,static,2017-02-03,2018-12-05,False
P00438-D007,P00438,U007,hard_area,training,2015-05-30,2017-02-02,False
P00438-D008,P00438,U007,hard_area,operational,2014-01-21,2015-05-29,False
P00439-D001,P00439,U010,hard_area,operational,2026-07-12,,True
P00439-D002,P00439,U010,hard_area,operational,2025-01-11,2026-07-11,False
P00439-D003,P00439,U010,field,static,2023-09-14,2025-01-10,False
P00439-D004,P00439,U010,static_station,operational,2021-10-29,2023-09-13,False
P00439-D005,P00439,U010,hard_area,training,2020-05-24,2021-10-28,False
P00439-D006,P00439,U010,hard_area,operational,2019-07-02,2020-05-23,False
P00439-D007,P00439,U010,field,training,2018-08-30,2019-07-01,False
P00439-D008,P00439,U010,field,training,2017-12-12,2018-08-29,False
P00440-D001,P00440,U006,static_station,operational,2024-04-01,,True
P00440-D002,P00440,U006,static_station,static,2023-07-15,2024-03-31,False
P00440-D003,P00440,U006,field,static,2023-01-22,2023-07-14,False
P00440-D004,P00440,U006,hard_area,static,2020-12-30,2023-01-21,False
P00440-D005,P00440,U006,hard_area,training,2020-05-07,2020-12-29,False
P00441-D001,P00441,U004,static_station,static,2025-12-26,,True
P00441-D002,P00441,U004,static_station,operational,2024-03-24,2025-12-25,False
P00441-D003,P00441,U004,field,training,2023-05-01,2024-03-23,False
P00441-D004,P00441,U004,hard_area,static,2022-05-22,2023-04-30,False
P00441-D005,P00441,U004,static_station,operational,2021-08-14,2022-05-21,False
P00441-D006,P00441,U004,field,static,2019-07-12,2021-08-13,False
P00441-D007,P00441,U004,field,operational,2017-05-19,2019-07-11,False
P00441-D008,P00441,U004,field,static,2015-03-13,2017-05-18,False
P00442-D001,P00442,U007,static_station,static,2023-10-10,,True
P00442-D002,P00442,U007,static_station,static,2022-11-04,2023-10-09,False
P00442-D003,P00442,U007,static_station,training,2021-07-05,2022-11-03,False
P00442-D004,P00442,U007,static_station,training,2020-06-21,2021-07-04,False
P00443-D001,P00443,U009,static_station,static,2025-12-29,,True
P00443-D002,P00443,U009,hard_area,operational,2025-05-01,2025-12-28,False
P00444-D001,P00444,U010,hard_area,operational,2024-10-26,,True
P00444-D002,P00444,U010,hard_area,static,2023-04-30,2024-10-25,False
P00444-D003,P00444,U010,field,training,2022-10-21,2023-04-29,False
P00444-D004,P00444,U010,static_station,training,2022-04-20,2022-10-20,False
P00444-D005,P00444,U010,static_station,static,2020-10-05,2022-04-19,False
P00444-D006,P00444,U010,field,training,2019-02-09,2020-10-04,False
P00444-D007,P00444,U010,field,training,2017-08-02,2019-02-08,False
P00444-D008,P00444,U010,field,training,2016-03-12,2017-08-01,False
P00445-D001,P00445,U005,hard_area,operational,2023-12-11,,True
P00445-D002,P00445,U005,field,training,2023-05-08,2023-12-10,False
P00445-D003,P00445,U005,static_station,training,2022-10-29,2023-05-07,False
P00445-D004,P00445,U005,static_station,training,2021-02-02,2022-10-28,False
P00445-D005,P00445,U005,field,static,2019-04-14,2021-02-01,False
P00445-D006,P00445,U005,hard_area,operational,2018-02-03,2019-04-13,False
P00445-D007,P00445,U005,field,static,2017-01-06,2018-02-02,False
P00445-D008,P00445,U005,hard_area,operational,2015-08-11,2017-01-05,False
P00446-D001,P00446,U001,static_station,operational,2025-01-31,,True
P00446-D002,P00446,U001,hard_area,operational,2023-07-06,2025-01-30,False
P00446-D003,P00446,U001,static_station,training,2022-12-02,2023-07-05,False
P00446-D004,P00446,U001,field,training,2020-10-29,2022-12-01,False
P00446-D005,P00446,U001,hard_area,static,2019-10-03,2020-10-28,False
P00446-D006,P00446,U001,field,training,2018-10-28,2019-10-02,False
P00447-D001,P00447,U011,hard_area,operational,2026-06-21,,True
P00447-D002,P00447,U011,static_station,operational,2025-05-22,2026-06-20,False
P00447-D003,P00447,U011,hard_area,training,2024-06-09,2025-05-21,False
P00447-D004,P00447,U011,field,training,2022-12-15,2024-06-08,False
P00447-D005,P00447,U011,hard_area,operational,2021-09-30,2022-12-14,False
P00447-D006,P00447,U011,field,operational,2020-07-25,2021-09-29,False
P00447-D007,P00447,U011,static_station,operational,2019-07-04,2020-07-24,False
P00448-D001,P00448,U004,static_station,static,2024-05-28,,True
P00448-D002,P00448,U004,static_station,static,2023-09-03,2024-05-27,False
P00448-D003,P00448,U004,static_station,operational,2022-11-22,2023-09-02,False
P00448-D004,P00448,U004,field,static,2021-11-14,2022-11-21,False
P00448-D005,P00448,U004,static_station,training,2020-05-22,2021-11-13,False
P00448-D006,P00448,U004,field,operational,2019-04-26,2020-05-21,False
P00449-D001,P00449,U001,static_station,operational,2023-08-02,,True
P00449-D002,P00449,U001,field,static,2022-05-26,2023-08-01,False
P00449-D003,P00449,U001,static_station,training,2022-01-04,2022-05-25,False
P00449-D004,P00449,U001,hard_area,training,2021-03-20,2022-01-03,False
P00449-D005,P00449,U001,field,operational,2020-03-09,2021-03-19,False
P00450-D001,P00450,U001,static_station,operational,2026-07-18,,True
P00450-D002,P00450,U001,static_station,operational,2025-05-14,2026-07-17,False
P00450-D003,P00450,U001,static_station,static,2024-02-04,2025-05-13,False
P00450-D004,P00450,U001,static_station,static,2023-07-08,2024-02-03,False
P00451-D001,P00451,U008,hard_area,operational,2025-04-29,,True
P00451-D002,P00451,U008,field,static,2024-01-30,2025-04-28,False
P00451-D003,P00451,U008,static_station,operational,2022-12-09,2024-01-29,False
P00451-D004,P00451,U008,field,training,2021-10-07,2022-12-08,False
P00451-D005,P00451,U008,hard_area,static,2020-01-18,2021-10-06,False
P00451-D006,P00451,U008,hard_area,operational,2018-10-13,2020-01-17,False
P00451-D007,P00451,U008,static_station,static,2016-11-23,2018-10-12,False
P00451-D008,P00451,U008,hard_area,training,2014-09-30,2016-11-22,False
P00452-D001,P00452,U003,static_station,static,2026-04-13,,True
P00452-D002,P00452,U003,field,operational,2024-04-28,2026-04-12,False
P00452-D003,P00452,U003,static_station,static,2022-07-08,2024-04-27,False
P00452-D004,P00452,U003,field,training,2020-12-27,2022-07-07,False
P00452-D005,P00452,U003,static_station,static,2019-10-12,2020-12-26,False
P00452-D006,P00452,U003,hard_area,operational,2017-07-27,2019-10-11,False
P00452-D007,P00452,U003,static_station,training,2016-03-06,2017-07-26,False
P00452-D008,P00452,U003,hard_area,training,2014-04-26,2016-03-05,False
P00453-D001,P00453,U003,static_station,static,2023-08-12,,True
P00453-D002,P00453,U003,static_station,training,2021-05-10,2023-08-11,False
P00453-D003,P00453,U003,field,training,2019-06-11,2021-05-09,False
P00453-D004,P00453,U003,field,training,2018-10-02,2019-06-10,False
P00454-D001,P00454,U003,static_station,static,2023-11-08,,True
P00454-D002,P00454,U003,field,operational,2022-12-06,2023-11-07,False
P00454-D003,P00454,U003,field,training,2021-07-17,2022-12-05,False
P00454-D004,P00454,U003,field,operational,2020-08-13,2021-07-16,False
P00454-D005,P00454,U003,field,static,2020-04-12,2020-08-12,False
P00455-D001,P00455,U016,hard_area,operational,2025-05-13,,True
P00455-D002,P00455,U016,static_station,static,2024-06-27,2025-05-12,False
P00455-D003,P00455,U016,static_station,operational,2024-02-25,2024-06-26,False
P00455-D004,P00455,U016,static_station,operational,2022-10-14,2024-02-24,False
P00455-D005,P00455,U016,hard_area,training,2021-09-27,2022-10-13,False
P00455-D006,P00455,U016,hard_area,training,2019-11-21,2021-09-26,False
P00455-D007,P00455,U016,hard_area,operational,2019-07-22,2019-11-20,False
P00455-D008,P00455,U016,hard_area,static,2018-02-18,2019-07-21,False
P00456-D001,P00456,U014,static_station,static,2025-03-04,,True
P00456-D002,P00456,U014,field,operational,2023-10-06,2025-03-03,False
P00456-D003,P00456,U014,static_station,static,2022-12-24,2023-10-05,False
P00456-D004,P00456,U014,field,static,2021-03-28,2022-12-23,False
P00456-D005,P00456,U014,hard_area,operational,2020-06-05,2021-03-27,False
P00456-D006,P00456,U014,hard_area,operational,2019-05-25,2020-06-04,False
P00457-D001,P00457,U013,field,operational,2024-01-16,,True
P00457-D002,P00457,U013,field,training,2023-02-24,2024-01-15,False
P00457-D003,P00457,U013,field,training,2021-12-01,2023-02-23,False
P00457-D004,P00457,U013,hard_area,static,2020-07-07,2021-11-30,False
P00457-D005,P00457,U013,static_station,training,2019-08-23,2020-07-06,False
P00457-D006,P00457,U013,hard_area,static,2017-12-11,2019-08-22,False
P00457-D007,P00457,U013,hard_area,operational,2016-06-19,2017-12-10,False
P00457-D008,P00457,U013,field,training,2015-09-03,2016-06-18,False
P00458-D001,P00458,U008,static_station,operational,2024-11-28,,True
P00458-D002,P00458,U008,hard_area,static,2024-04-23,2024-11-27,False
P00458-D003,P00458,U008,hard_area,operational,2023-04-21,2024-04-22,False
P00458-D004,P00458,U008,hard_area,training,2022-12-19,2023-04-20,False
P00458-D005,P00458,U008,hard_area,static,2022-06-11,2022-12-18,False
P00459-D001,P00459,U015,hard_area,operational,2024-10-27,,True
P00459-D002,P00459,U015,hard_area,operational,2023-02-21,2024-10-26,False
P00459-D003,P00459,U015,static_station,operational,2021-06-09,2023-02-20,False
P00459-D004,P00459,U015,hard_area,static,2020-09-21,2021-06-08,False
P00459-D005,P00459,U015,static_station,training,2019-06-13,2020-09-20,False
P00459-D006,P00459,U015,field,operational,2018-03-26,2019-06-12,False
P00459-D007,P00459,U015,field,static,2017-05-28,2018-03-25,False
P00459-D008,P00459,U015,static_station,training,2016-10-28,2017-05-27,False
P00460-D001,P00460,U015,field,operational,2024-02-26,,True
P00460-D002,P00460,U015,field,static,2023-06-02,2024-02-25,False
P00460-D003,P00460,U015,field,operational,2022-03-13,2023-06-01,False
P00460-D004,P00460,U015,static_station,static,2020-11-07,2022-03-12,False
P00460-D005,P00460,U015,field,training,2019-01-18,2020-11-06,False
P00461-D001,P00461,U009,static_station,static,2025-12-25,,True
P00461-D002,P00461,U009,hard_area,training,2024-09-16,2025-12-24,False
P00461-D003,P00461,U009,hard_area,static,2023-12-15,2024-09-15,False
P00462-D001,P00462,U008,field,operational,2023-06-17,,True
P00462-D002,P00462,U008,static_station,training,2022-08-31,2023-06-16,False
P00462-D003,P00462,U008,hard_area,operational,2021-09-27,2022-08-30,False
P00462-D004,P00462,U008,static_station,training,2020-06-20,2021-09-26,False
P00462-D005,P00462,U008,static_station,training,2018-10-24,2020-06-19,False
P00462-D006,P00462,U008,hard_area,training,2016-11-20,2018-10-23,False
P00463-D001,P00463,U005,hard_area,operational,2026-05-05,,True
P00463-D002,P00463,U005,static_station,training,2025-01-13,2026-05-04,False
P00463-D003,P00463,U005,static_station,static,2024-09-13,2025-01-12,False
P00463-D004,P00463,U005,static_station,operational,2024-04-25,2024-09-12,False
P00463-D005,P00463,U005,hard_area,static,2023-12-20,2024-04-24,False
P00464-D001,P00464,U008,hard_area,operational,2026-04-06,,True
P00464-D002,P00464,U008,static_station,training,2024-05-04,2026-04-05,False
P00464-D003,P00464,U008,hard_area,static,2022-08-20,2024-05-03,False
P00464-D004,P00464,U008,hard_area,training,2021-11-30,2022-08-19,False
P00464-D005,P00464,U008,field,static,2020-09-06,2021-11-29,False
P00464-D006,P00464,U008,field,operational,2019-08-07,2020-09-05,False
P00464-D007,P00464,U008,field,operational,2019-01-13,2019-08-06,False
P00464-D008,P00464,U008,field,training,2018-05-05,2019-01-12,False
P00465-D001,P00465,U016,hard_area,operational,2026-06-08,,True
P00465-D002,P00465,U016,static_station,static,2025-03-11,2026-06-07,False
P00465-D003,P00465,U016,static_station,static,2024-11-02,2025-03-10,False
P00466-D001,P00466,U016,hard_area,operational,2024-12-30,,True
P00467-D001,P00467,U004,static_station,static,2024-09-25,,True
P00468-D001,P00468,U011,field,operational,2024-02-17,,True
P00468-D002,P00468,U011,hard_area,training,2022-10-09,2024-02-16,False
P00468-D003,P00468,U011,field,operational,2021-07-15,2022-10-08,False
P00468-D004,P00468,U011,static_station,training,2020-05-27,2021-07-14,False
P00468-D005,P00468,U011,static_station,static,2019-03-11,2020-05-26,False
P00468-D006,P00468,U011,hard_area,static,2018-07-10,2019-03-10,False
P00468-D007,P00468,U011,field,static,2017-03-18,2018-07-09,False
P00468-D008,P00468,U011,field,operational,2016-07-24,2017-03-17,False
P00469-D001,P00469,U010,hard_area,operational,2025-08-08,,True
P00469-D002,P00469,U010,hard_area,operational,2024-08-20,2025-08-07,False
P00469-D003,P00469,U010,hard_area,static,2023-01-28,2024-08-19,False
P00469-D004,P00469,U010,field,operational,2021-07-03,2023-01-27,False
P00469-D005,P00469,U010,field,training,2019-05-27,2021-07-02,False
P00469-D006,P00469,U010,field,operational,2019-01-04,2019-05-26,False
P00470-D001,P00470,U013,field,operational,2024-03-03,,True
P00470-D002,P00470,U013,field,static,2023-03-05,2024-03-02,False
P00470-D003,P00470,U013,field,training,2022-02-06,2023-03-04,False
P00470-D004,P00470,U013,field,training,2020-12-11,2022-02-05,False
P00470-D005,P00470,U013,hard_area,training,2020-03-27,2020-12-10,False
P00471-D001,P00471,U004,static_station,static,2026-07-27,,True
P00471-D002,P00471,U004,field,training,2024-07-01,2026-07-26,False
P00471-D003,P00471,U004,hard_area,training,2022-12-06,2024-06-30,False
P00471-D004,P00471,U004,hard_area,static,2021-10-24,2022-12-05,False
P00471-D005,P00471,U004,hard_area,static,2020-06-18,2021-10-23,False
P00471-D006,P00471,U004,hard_area,static,2019-06-10,2020-06-17,False
P00471-D007,P00471,U004,field,operational,2017-11-04,2019-06-09,False
P00471-D008,P00471,U004,hard_area,training,2016-07-01,2017-11-03,False
P00472-D001,P00472,U004,static_station,static,2024-11-16,,True
P00472-D002,P00472,U004,hard_area,static,2023-06-13,2024-11-15,False
P00472-D003,P00472,U004,hard_area,operational,2022-09-02,2023-06-12,False
P00472-D004,P00472,U004,hard_area,static,2021-04-06,2022-09-01,False
P00472-D005,P00472,U004,hard_area,training,2020-10-10,2021-04-05,False
P00472-D006,P00472,U004,hard_area,training,2020-03-15,2020-10-09,False
P00472-D007,P00472,U004,hard_area,training,2018-11-11,2020-03-14,False
P00472-D008,P00472,U004,field,training,2017-04-29,2018-11-10,False
P00473-D001,P00473,U011,field,operational,2026-03-30,,True
P00473-D002,P00473,U011,hard_area,operational,2025-03-17,2026-03-29,False
P00473-D003,P00473,U011,hard_area,training,2022-12-09,2025-03-16,False
P00473-D004,P00473,U011,hard_area,operational,2021-02-14,2022-12-08,False
P00473-D005,P00473,U011,hard_area,operational,2019-09-16,2021-02-13,False
P00473-D006,P00473,U011,static_station,training,2018-05-14,2019-09-15,False
P00473-D007,P00473,U011,static_station,training,2017-02-01,2018-05-13,False
P00473-D008,P00473,U011,field,training,2016-07-25,2017-01-31,False
P00474-D001,P00474,U015,hard_area,operational,2024-09-20,,True
P00474-D002,P00474,U015,hard_area,static,2023-04-29,2024-09-19,False
P00474-D003,P00474,U015,hard_area,static,2022-01-21,2023-04-28,False
P00474-D004,P00474,U015,hard_area,static,2020-03-21,2022-01-20,False
P00474-D005,P00474,U015,static_station,training,2019-04-08,2020-03-20,False
P00474-D006,P00474,U015,hard_area,training,2017-12-31,2019-04-07,False
P00474-D007,P00474,U015,static_station,operational,2016-04-20,2017-12-30,False
P00474-D008,P00474,U015,hard_area,static,2015-10-12,2016-04-19,False
P00475-D001,P00475,U005,field,operational,2025-07-16,,True
P00475-D002,P00475,U005,hard_area,operational,2024-05-12,2025-07-15,False
P00475-D003,P00475,U005,hard_area,static,2023-07-02,2024-05-11,False
P00475-D004,P00475,U005,static_station,training,2021-08-04,2023-07-01,False
P00475-D005,P00475,U005,field,static,2020-05-28,2021-08-03,False
P00475-D006,P00475,U005,static_station,static,2019-09-28,2020-05-27,False
P00476-D001,P00476,U009,static_station,static,2026-03-04,,True
P00476-D002,P00476,U009,static_station,static,2024-12-10,2026-03-03,False
P00476-D003,P00476,U009,field,training,2022-12-31,2024-12-09,False
P00476-D004,P00476,U009,field,training,2021-12-22,2022-12-30,False
P00476-D005,P00476,U009,field,operational,2021-01-30,2021-12-21,False
P00477-D001,P00477,U002,hard_area,operational,2025-04-24,,True
P00477-D002,P00477,U002,field,operational,2023-08-19,2025-04-23,False
P00477-D003,P00477,U002,hard_area,training,2022-04-04,2023-08-18,False
P00477-D004,P00477,U002,static_station,operational,2020-12-31,2022-04-03,False
P00477-D005,P00477,U002,hard_area,operational,2020-01-16,2020-12-30,False
P00478-D001,P00478,U003,static_station,static,2025-06-30,,True
P00478-D002,P00478,U003,static_station,static,2024-08-18,2025-06-29,False
P00478-D003,P00478,U003,hard_area,static,2024-02-08,2024-08-17,False
P00478-D004,P00478,U003,field,operational,2022-07-14,2024-02-07,False
P00479-D001,P00479,U014,field,static,2023-08-28,,True
P00479-D002,P00479,U014,field,operational,2022-11-15,2023-08-27,False
P00480-D001,P00480,U002,hard_area,operational,2024-11-07,,True
P00480-D002,P00480,U002,static_station,training,2023-05-12,2024-11-06,False
P00480-D003,P00480,U002,field,operational,2022-12-13,2023-05-11,False
P00480-D004,P00480,U002,static_station,operational,2022-08-13,2022-12-12,False
P00481-D001,P00481,U004,field,static,2026-01-01,,True
P00481-D002,P00481,U004,field,operational,2025-03-04,2025-12-31,False
P00481-D003,P00481,U004,static_station,static,2024-03-19,2025-03-03,False
P00481-D004,P00481,U004,static_station,static,2022-11-13,2024-03-18,False
P00482-D001,P00482,U001,field,operational,2023-09-25,,True
P00482-D002,P00482,U001,hard_area,training,2022-08-12,2023-09-24,False
P00482-D003,P00482,U001,hard_area,training,2021-02-27,2022-08-11,False
P00482-D004,P00482,U001,field,operational,2019-03-26,2021-02-26,False
P00482-D005,P00482,U001,field,static,2017-08-21,2019-03-25,False
P00482-D006,P00482,U001,static_station,training,2015-09-26,2017-08-20,False
P00482-D007,P00482,U001,field,operational,2014-08-17,2015-09-25,False
P00482-D008,P00482,U001,field,operational,2012-04-15,2014-08-16,False
P00483-D001,P00483,U009,field,static,2023-05-15,,True
P00483-D002,P00483,U009,field,training,2023-01-12,2023-05-14,False
P00483-D003,P00483,U009,field,operational,2022-02-15,2023-01-11,False
P00483-D004,P00483,U009,field,operational,2021-01-01,2022-02-14,False
P00483-D005,P00483,U009,field,operational,2018-09-27,2020-12-31,False
P00483-D006,P00483,U009,static_station,operational,2017-11-20,2018-09-26,False
P00483-D007,P00483,U009,static_station,static,2016-05-10,2017-11-19,False
P00483-D008,P00483,U009,field,static,2015-02-17,2016-05-09,False
P00484-D001,P00484,U013,hard_area,operational,2025-07-27,,True
P00484-D002,P00484,U013,static_station,training,2024-09-02,2025-07-26,False
P00484-D003,P00484,U013,hard_area,static,2024-05-03,2024-09-01,False
P00484-D004,P00484,U013,hard_area,static,2023-08-31,2024-05-02,False
P00484-D005,P00484,U013,field,static,2022-08-01,2023-08-30,False
P00484-D006,P00484,U013,hard_area,training,2020-12-10,2022-07-31,False
P00484-D007,P00484,U013,static_station,operational,2020-06-05,2020-12-09,False
P00484-D008,P00484,U013,field,training,2019-04-05,2020-06-04,False
P00485-D001,P00485,U016,field,operational,2025-05-09,,True
P00485-D002,P00485,U016,static_station,static,2024-08-01,2025-05-08,False
P00485-D003,P00485,U016,field,training,2024-02-07,2024-07-31,False
P00485-D004,P00485,U016,hard_area,operational,2023-03-15,2024-02-06,False
P00485-D005,P00485,U016,hard_area,static,2022-02-28,2023-03-14,False
P00485-D006,P00485,U016,static_station,operational,2020-02-24,2022-02-27,False
P00485-D007,P00485,U016,static_station,operational,2019-10-24,2020-02-23,False
P00485-D008,P00485,U016,hard_area,static,2017-12-08,2019-10-23,False
P00486-D001,P00486,U006,hard_area,operational,2026-02-24,,True
P00486-D002,P00486,U006,hard_area,training,2025-07-17,2026-02-23,False
P00486-D003,P00486,U006,hard_area,operational,2023-08-01,2025-07-16,False
P00486-D004,P00486,U006,hard_area,operational,2022-05-28,2023-07-31,False
P00487-D001,P00487,U011,field,operational,2025-03-12,,True
P00487-D002,P00487,U011,static_station,operational,2024-08-16,2025-03-11,False
P00487-D003,P00487,U011,field,operational,2023-07-01,2024-08-15,False
P00488-D001,P00488,U008,hard_area,operational,2025-07-27,,True
P00488-D002,P00488,U008,field,operational,2024-05-17,2025-07-26,False
P00488-D003,P00488,U008,static_station,static,2022-10-10,2024-05-16,False
P00488-D004,P00488,U008,hard_area,operational,2021-02-01,2022-10-09,False
P00488-D005,P00488,U008,hard_area,training,2019-10-31,2021-01-31,False
P00489-D001,P00489,U006,field,operational,2024-01-02,,True
P00489-D002,P00489,U006,field,operational,2022-09-30,2024-01-01,False
P00489-D003,P00489,U006,field,training,2021-04-29,2022-09-29,False
P00489-D004,P00489,U006,static_station,static,2020-12-27,2021-04-28,False
P00489-D005,P00489,U006,hard_area,training,2020-06-13,2020-12-26,False
P00489-D006,P00489,U006,hard_area,static,2019-07-03,2020-06-12,False
P00489-D007,P00489,U006,static_station,training,2018-03-25,2019-07-02,False
P00489-D008,P00489,U006,field,operational,2017-09-04,2018-03-24,False
P00490-D001,P00490,U012,hard_area,operational,2025-05-20,,True
P00490-D002,P00490,U012,static_station,training,2024-04-14,2025-05-19,False
P00490-D003,P00490,U012,static_station,operational,2023-02-19,2024-04-13,False
P00490-D004,P00490,U012,hard_area,training,2022-07-21,2023-02-18,False
P00491-D001,P00491,U003,static_station,static,2025-01-01,,True
P00491-D002,P00491,U003,static_station,training,2023-05-11,2024-12-31,False
P00491-D003,P00491,U003,hard_area,static,2021-06-08,2023-05-10,False
P00491-D004,P00491,U003,static_station,training,2020-01-28,2021-06-07,False
P00491-D005,P00491,U003,hard_area,static,2019-02-07,2020-01-27,False
P00491-D006,P00491,U003,static_station,training,2017-07-22,2019-02-06,False
P00491-D007,P00491,U003,hard_area,training,2016-04-07,2017-07-21,False
P00491-D008,P00491,U003,hard_area,static,2015-04-05,2016-04-06,False
P00492-D001,P00492,U003,static_station,static,2024-01-03,,True
P00492-D002,P00492,U003,static_station,training,2022-01-26,2024-01-02,False
P00492-D003,P00492,U003,static_station,static,2021-09-12,2022-01-25,False
P00493-D001,P00493,U005,hard_area,operational,2024-04-15,,True
P00493-D002,P00493,U005,hard_area,training,2022-12-27,2024-04-14,False
P00493-D003,P00493,U005,field,training,2022-02-22,2022-12-26,False
P00493-D004,P00493,U005,static_station,static,2020-12-21,2022-02-21,False
P00493-D005,P00493,U005,static_station,training,2019-11-12,2020-12-20,False
P00493-D006,P00493,U005,static_station,training,2019-06-20,2019-11-11,False
P00493-D007,P00493,U005,field,static,2018-09-04,2019-06-19,False
P00493-D008,P00493,U005,field,training,2016-09-16,2018-09-03,False
P00494-D001,P00494,U014,field,static,2024-02-04,,True
P00494-D002,P00494,U014,field,operational,2022-07-23,2024-02-03,False
P00494-D003,P00494,U014,static_station,static,2022-01-03,2022-07-22,False
P00495-D001,P00495,U015,field,operational,2026-02-12,,True
P00495-D002,P00495,U015,hard_area,training,2024-02-14,2026-02-11,False
P00495-D003,P00495,U015,hard_area,static,2023-02-13,2024-02-13,False
P00495-D004,P00495,U015,field,static,2021-12-08,2023-02-12,False
P00495-D005,P00495,U015,field,training,2021-05-29,2021-12-07,False
P00496-D001,P00496,U001,static_station,operational,2024-01-12,,True
P00496-D002,P00496,U001,field,operational,2022-01-11,2024-01-11,False
P00496-D003,P00496,U001,hard_area,training,2020-04-07,2022-01-10,False
P00496-D004,P00496,U001,field,operational,2019-02-14,2020-04-06,False
P00496-D005,P00496,U001,hard_area,training,2017-11-12,2019-02-13,False
P00497-D001,P00497,U008,hard_area,operational,2023-05-21,,True
P00497-D002,P00497,U008,static_station,operational,2022-04-29,2023-05-20,False
P00498-D001,P00498,U013,field,operational,2025-02-01,,True
P00498-D002,P00498,U013,static_station,operational,2024-04-13,2025-01-31,False
P00498-D003,P00498,U013,field,training,2022-04-24,2024-04-12,False
P00498-D004,P00498,U013,hard_area,operational,2020-09-21,2022-04-23,False
P00498-D005,P00498,U013,static_station,operational,2020-03-23,2020-09-20,False
P00498-D006,P00498,U013,field,operational,2019-10-09,2020-03-22,False
P00498-D007,P00498,U013,field,training,2018-10-13,2019-10-08,False
P00499-D001,P00499,U012,hard_area,operational,2024-12-11,,True
P00499-D002,P00499,U012,static_station,training,2023-12-13,2024-12-10,False
P00499-D003,P00499,U012,hard_area,training,2022-11-07,2023-12-12,False
P00499-D004,P00499,U012,field,operational,2021-05-05,2022-11-06,False
P00499-D005,P00499,U012,field,static,2020-03-19,2021-05-04,False
P00499-D006,P00499,U012,hard_area,training,2019-04-21,2020-03-18,False
P00499-D007,P00499,U012,static_station,static,2017-11-27,2019-04-20,False
P00499-D008,P00499,U012,hard_area,static,2017-07-15,2017-11-26,False
P00500-D001,P00500,U007,field,static,2025-09-12,,True
P00500-D002,P00500,U007,hard_area,operational,2024-08-24,2025-09-11,False
P00500-D003,P00500,U007,static_station,training,2023-02-14,2024-08-23,False
P00500-D004,P00500,U007,hard_area,training,2021-10-05,2023-02-13,False
P00500-D005,P00500,U007,hard_area,training,2020-08-11,2021-10-04,False
P00500-D006,P00500,U007,hard_area,static,2020-04-11,2020-08-10,False
P00500-D007,P00500,U007,field,static,2017-11-25,2020-04-10,False
P00500-D008,P00500,U007,hard_area,operational,2016-12-30,2017-11-24,False
P00501-D001,P00501,U012,hard_area,operational,2025-07-31,,True
P00501-D002,P00501,U012,static_station,operational,2024-07-08,2025-07-30,False
P00501-D003,P00501,U012,field,static,2024-03-08,2024-07-07,False
P00501-D004,P00501,U012,hard_area,operational,2023-06-15,2024-03-07,False
P00501-D005,P00501,U012,static_station,operational,2023-02-13,2023-06-14,False
P00501-D006,P00501,U012,hard_area,static,2022-10-13,2023-02-12,False
P00501-D007,P00501,U012,static_station,training,2021-04-23,2022-10-12,False
P00501-D008,P00501,U012,static_station,static,2020-04-25,2021-04-22,False
P00502-D001,P00502,U010,hard_area,operational,2024-07-31,,True
P00502-D002,P00502,U010,hard_area,training,2023-12-10,2024-07-30,False
P00502-D003,P00502,U010,static_station,training,2023-05-27,2023-12-09,False
P00502-D004,P00502,U010,hard_area,operational,2022-06-23,2023-05-26,False
P00502-D005,P00502,U010,hard_area,operational,2021-05-26,2022-06-22,False
P00502-D006,P00502,U010,hard_area,static,2020-03-29,2021-05-25,False
P00502-D007,P00502,U010,field,training,2018-02-02,2020-03-28,False
P00502-D008,P00502,U010,hard_area,static,2016-01-13,2018-02-01,False
P00503-D001,P00503,U005,hard_area,operational,2022-12-31,,True
P00503-D002,P00503,U005,field,training,2022-03-16,2022-12-30,False
P00503-D003,P00503,U005,hard_area,static,2021-04-16,2022-03-15,False
P00503-D004,P00503,U005,field,operational,2020-08-30,2021-04-15,False
P00504-D001,P00504,U013,field,operational,2023-11-19,,True
P00504-D002,P00504,U013,hard_area,static,2022-10-11,2023-11-18,False
P00504-D003,P00504,U013,static_station,static,2021-08-11,2022-10-10,False
P00504-D004,P00504,U013,static_station,static,2020-01-30,2021-08-10,False
P00504-D005,P00504,U013,hard_area,operational,2019-09-11,2020-01-29,False
P00505-D001,P00505,U002,hard_area,operational,2024-11-12,,True
P00505-D002,P00505,U002,hard_area,operational,2023-08-08,2024-11-11,False
P00505-D003,P00505,U002,hard_area,training,2022-09-18,2023-08-07,False
P00505-D004,P00505,U002,field,training,2021-10-30,2022-09-17,False
P00505-D005,P00505,U002,hard_area,training,2020-09-06,2021-10-29,False
P00505-D006,P00505,U002,static_station,training,2019-09-30,2020-09-05,False
P00505-D007,P00505,U002,hard_area,operational,2018-07-11,2019-09-29,False
P00505-D008,P00505,U002,field,static,2017-05-22,2018-07-10,False
P00506-D001,P00506,U007,static_station,static,2024-12-16,,True
P00506-D002,P00506,U007,field,static,2023-11-23,2024-12-15,False
P00507-D001,P00507,U012,hard_area,operational,2026-04-22,,True
P00507-D002,P00507,U012,field,operational,2024-05-30,2026-04-21,False
P00507-D003,P00507,U012,hard_area,training,2022-09-28,2024-05-29,False
P00507-D004,P00507,U012,field,static,2021-05-16,2022-09-27,False
P00507-D005,P00507,U012,hard_area,static,2020-02-22,2021-05-15,False
P00507-D006,P00507,U012,field,static,2019-07-16,2020-02-21,False
P00507-D007,P00507,U012,field,static,2017-02-19,2019-07-15,False
P00507-D008,P00507,U012,field,operational,2016-06-20,2017-02-18,False
P00508-D001,P00508,U009,static_station,static,2025-07-08,,True
P00508-D002,P00508,U009,hard_area,static,2025-02-04,2025-07-07,False
P00508-D003,P00508,U009,static_station,operational,2023-07-01,2025-02-03,False
P00508-D004,P00508,U009,field,operational,2022-02-16,2023-06-30,False
P00508-D005,P00508,U009,static_station,static,2020-08-27,2022-02-15,False
P00508-D006,P00508,U009,static_station,static,2018-10-17,2020-08-26,False
P00508-D007,P00508,U009,hard_area,static,2017-06-28,2018-10-16,False
P00508-D008,P00508,U009,field,operational,2016-04-07,2017-06-27,False
P00509-D001,P00509,U005,static_station,operational,2026-06-19,,True
P00509-D002,P00509,U005,field,static,2025-04-23,2026-06-18,False
P00510-D001,P00510,U014,static_station,static,2025-04-27,,True
P00510-D002,P00510,U014,hard_area,training,2024-01-26,2025-04-26,False
P00510-D003,P00510,U014,hard_area,static,2023-03-13,2024-01-25,False
P00510-D004,P00510,U014,hard_area,training,2022-03-02,2023-03-12,False
P00510-D005,P00510,U014,hard_area,training,2020-08-31,2022-03-01,False
P00510-D006,P00510,U014,static_station,static,2020-05-01,2020-08-30,False
P00510-D007,P00510,U014,static_station,operational,2018-08-22,2020-04-30,False
P00510-D008,P00510,U014,hard_area,operational,2017-07-14,2018-08-21,False
P00511-D001,P00511,U004,static_station,static,2025-02-23,,True
P00511-D002,P00511,U004,static_station,operational,2023-06-26,2025-02-22,False
P00511-D003,P00511,U004,field,static,2021-12-25,2023-06-25,False
P00511-D004,P00511,U004,field,static,2021-06-14,2021-12-24,False
P00511-D005,P00511,U004,field,operational,2019-03-06,2021-06-13,False
P00511-D006,P00511,U004,field,training,2018-02-19,2019-03-05,False
P00511-D007,P00511,U004,field,training,2017-04-30,2018-02-18,False
P00512-D001,P00512,U002,hard_area,operational,2023-03-28,,True
P00512-D002,P00512,U002,field,operational,2021-06-28,2023-03-27,False
P00512-D003,P00512,U002,hard_area,training,2019-12-24,2021-06-27,False
P00512-D004,P00512,U002,hard_area,static,2019-02-21,2019-12-23,False
P00512-D005,P00512,U002,static_station,training,2017-08-12,2019-02-20,False
P00513-D001,P00513,U012,hard_area,operational,2026-01-09,,True
P00513-D002,P00513,U012,field,training,2025-01-17,2026-01-08,False
P00513-D003,P00513,U012,field,operational,2024-03-29,2025-01-16,False
P00513-D004,P00513,U012,field,training,2023-11-27,2024-03-28,False
P00513-D005,P00513,U012,static_station,operational,2021-12-20,2023-11-26,False
P00513-D006,P00513,U012,field,operational,2021-05-17,2021-12-19,False
P00513-D007,P00513,U012,static_station,training,2020-09-27,2021-05-16,False
P00513-D008,P00513,U012,field,static,2020-05-28,2020-09-26,False
P00514-D001,P00514,U012,hard_area,operational,2026-07-20,,True
P00514-D002,P00514,U012,hard_area,static,2025-05-10,2026-07-19,False
P00514-D003,P00514,U012,static_station,static,2024-07-17,2025-05-09,False
P00514-D004,P00514,U012,hard_area,static,2023-04-03,2024-07-16,False
P00514-D005,P00514,U012,static_station,operational,2021-09-13,2023-04-02,False
P00514-D006,P00514,U012,static_station,static,2020-05-12,2021-09-12,False
P00514-D007,P00514,U012,field,static,2019-03-22,2020-05-11,False
P00514-D008,P00514,U012,static_station,training,2017-11-06,2019-03-21,False
P00515-D001,P00515,U002,field,operational,2023-07-08,,True
P00515-D002,P00515,U002,hard_area,training,2022-12-07,2023-07-07,False
P00516-D001,P00516,U015,hard_area,operational,2025-09-26,,True
P00516-D002,P00516,U015,field,static,2024-10-30,2025-09-25,False
P00516-D003,P00516,U015,static_station,operational,2023-06-22,2024-10-29,False
P00516-D004,P00516,U015,static_station,operational,2022-07-24,2023-06-21,False
P00517-D001,P00517,U016,hard_area,operational,2025-09-02,,True
P00517-D002,P00517,U016,field,training,2023-11-20,2025-09-01,False
P00517-D003,P00517,U016,field,operational,2022-12-05,2023-11-19,False
P00517-D004,P00517,U016,static_station,operational,2021-05-20,2022-12-04,False
P00517-D005,P00517,U016,field,static,2019-06-30,2021-05-19,False
P00517-D006,P00517,U016,hard_area,operational,2017-08-07,2019-06-29,False
P00517-D007,P00517,U016,hard_area,static,2016-04-21,2017-08-06,False
P00517-D008,P00517,U016,static_station,static,2015-01-01,2016-04-20,False
P00518-D001,P00518,U007,static_station,static,2024-09-20,,True
P00518-D002,P00518,U007,field,static,2023-08-12,2024-09-19,False
P00518-D003,P00518,U007,static_station,static,2022-07-31,2023-08-11,False
P00518-D004,P00518,U007,static_station,training,2020-04-10,2022-07-30,False
P00518-D005,P00518,U007,field,operational,2018-08-30,2020-04-09,False
P00518-D006,P00518,U007,hard_area,operational,2017-10-21,2018-08-29,False
P00518-D007,P00518,U007,hard_area,static,2016-06-17,2017-10-20,False
P00518-D008,P00518,U007,hard_area,operational,2014-08-28,2016-06-16,False
P00519-D001,P00519,U016,hard_area,operational,2025-08-10,,True
P00519-D002,P00519,U016,hard_area,static,2024-06-27,2025-08-09,False
P00519-D003,P00519,U016,static_station,static,2023-11-29,2024-06-26,False
P00519-D004,P00519,U016,hard_area,operational,2023-02-20,2023-11-28,False
P00519-D005,P00519,U016,field,static,2022-02-08,2023-02-19,False
P00519-D006,P00519,U016,field,static,2021-02-05,2022-02-07,False
P00519-D007,P00519,U016,hard_area,static,2020-03-06,2021-02-04,False
P00519-D008,P00519,U016,field,operational,2019-08-26,2020-03-05,False
P00520-D001,P00520,U009,static_station,static,2025-01-28,,True
P00520-D002,P00520,U009,hard_area,static,2024-04-23,2025-01-27,False
P00520-D003,P00520,U009,static_station,operational,2022-08-25,2024-04-22,False
P00520-D004,P00520,U009,hard_area,operational,2022-02-05,2022-08-24,False
P00521-D001,P00521,U014,static_station,static,2024-07-04,,True
P00521-D002,P00521,U014,field,training,2022-10-31,2024-07-03,False
P00521-D003,P00521,U014,hard_area,training,2021-07-18,2022-10-30,False
P00521-D004,P00521,U014,hard_area,operational,2020-10-05,2021-07-17,False
P00521-D005,P00521,U014,static_station,operational,2019-10-28,2020-10-04,False
P00521-D006,P00521,U014,field,static,2018-08-03,2019-10-27,False
P00522-D001,P00522,U006,field,operational,2025-10-14,,True
P00522-D002,P00522,U006,field,operational,2024-09-16,2025-10-13,False
P00522-D003,P00522,U006,static_station,operational,2023-11-22,2024-09-15,False
P00522-D004,P00522,U006,hard_area,training,2022-08-12,2023-11-21,False
P00522-D005,P00522,U006,field,static,2020-08-18,2022-08-11,False
P00522-D006,P00522,U006,hard_area,training,2019-02-05,2020-08-17,False
P00522-D007,P00522,U006,static_station,operational,2018-03-02,2019-02-04,False
P00522-D008,P00522,U006,hard_area,training,2016-12-03,2018-03-01,False
P00523-D001,P00523,U012,field,operational,2026-06-12,,True
P00523-D002,P00523,U012,static_station,static,2024-08-05,2026-06-11,False
P00523-D003,P00523,U012,hard_area,training,2022-12-08,2024-08-04,False
P00523-D004,P00523,U012,hard_area,operational,2022-02-21,2022-12-07,False
P00524-D001,P00524,U009,static_station,static,2025-07-24,,True
P00524-D002,P00524,U009,hard_area,operational,2024-03-10,2025-07-23,False
P00525-D001,P00525,U009,field,static,2026-06-30,,True
P00525-D002,P00525,U009,field,static,2025-08-11,2026-06-29,False
P00525-D003,P00525,U009,hard_area,static,2024-01-12,2025-08-10,False
P00525-D004,P00525,U009,static_station,training,2022-06-29,2024-01-11,False
P00525-D005,P00525,U009,field,static,2021-08-01,2022-06-28,False
P00526-D001,P00526,U016,field,operational,2025-05-13,,True
P00526-D002,P00526,U016,hard_area,static,2024-01-27,2025-05-12,False
P00526-D003,P00526,U016,field,training,2023-04-20,2024-01-26,False
P00526-D004,P00526,U016,static_station,operational,2021-11-18,2023-04-19,False
P00526-D005,P00526,U016,hard_area,training,2020-12-27,2021-11-17,False
P00526-D006,P00526,U016,hard_area,static,2019-10-13,2020-12-26,False
P00526-D007,P00526,U016,hard_area,static,2019-05-02,2019-10-12,False
P00526-D008,P00526,U016,field,training,2017-03-25,2019-05-01,False
P00527-D001,P00527,U005,field,operational,2025-04-18,,True
P00527-D002,P00527,U005,field,static,2024-08-19,2025-04-17,False
P00527-D003,P00527,U005,static_station,training,2023-03-06,2024-08-18,False
P00527-D004,P00527,U005,field,operational,2022-09-28,2023-03-05,False
P00527-D005,P00527,U005,field,static,2021-12-08,2022-09-27,False
P00527-D006,P00527,U005,hard_area,operational,2020-10-02,2021-12-07,False
P00527-D007,P00527,U005,static_station,operational,2019-02-16,2020-10-01,False
P00527-D008,P00527,U005,hard_area,operational,2018-09-15,2019-02-15,False
P00528-D001,P00528,U011,field,operational,2024-10-08,,True
P00528-D002,P00528,U011,hard_area,static,2023-08-07,2024-10-07,False
P00528-D003,P00528,U011,hard_area,static,2022-07-14,2023-08-06,False
P00528-D004,P00528,U011,hard_area,training,2021-03-22,2022-07-13,False
P00528-D005,P00528,U011,static_station,static,2018-12-13,2021-03-21,False
P00528-D006,P00528,U011,hard_area,static,2018-08-12,2018-12-12,False
P00528-D007,P00528,U011,field,training,2017-02-26,2018-08-11,False
P00528-D008,P00528,U011,static_station,static,2016-01-30,2017-02-25,False
P00529-D001,P00529,U015,hard_area,operational,2024-11-25,,True
P00530-D001,P00530,U010,hard_area,operational,2024-09-07,,True
P00530-D002,P00530,U010,hard_area,operational,2024-04-04,2024-09-06,False
P00530-D003,P00530,U010,field,operational,2022-06-11,2024-04-03,False
P00530-D004,P00530,U010,static_station,training,2021-03-18,2022-06-10,False
P00530-D005,P00530,U010,field,training,2019-07-15,2021-03-17,False
P00530-D006,P00530,U010,static_station,static,2019-03-14,2019-07-14,False
P00530-D007,P00530,U010,hard_area,operational,2017-01-29,2019-03-13,False
P00530-D008,P00530,U010,field,training,2016-05-04,2017-01-28,False
P00531-D001,P00531,U014,static_station,static,2023-12-28,,True
P00531-D002,P00531,U014,field,training,2022-10-21,2023-12-27,False
P00531-D003,P00531,U014,field,static,2021-07-02,2022-10-20,False
P00531-D004,P00531,U014,hard_area,operational,2020-08-18,2021-07-01,False
P00531-D005,P00531,U014,static_station,operational,2019-10-23,2020-08-17,False
P00532-D001,P00532,U006,hard_area,operational,2024-12-02,,True
P00532-D002,P00532,U006,static_station,static,2023-12-04,2024-12-01,False
P00532-D003,P00532,U006,static_station,operational,2022-02-04,2023-12-03,False
P00533-D001,P00533,U006,field,operational,2024-03-14,,True
P00533-D002,P00533,U006,hard_area,static,2022-07-21,2024-03-13,False
P00533-D003,P00533,U006,static_station,static,2020-08-27,2022-07-20,False
P00533-D004,P00533,U006,hard_area,operational,2019-11-14,2020-08-26,False
P00534-D001,P00534,U008,field,operational,2025-11-05,,True
P00534-D002,P00534,U008,static_station,operational,2024-10-21,2025-11-04,False
P00534-D003,P00534,U008,field,static,2022-10-25,2024-10-20,False
P00534-D004,P00534,U008,static_station,static,2022-04-25,2022-10-24,False
P00534-D005,P00534,U008,field,training,2020-05-15,2022-04-24,False
P00534-D006,P00534,U008,hard_area,operational,2019-09-29,2020-05-14,False
P00534-D007,P00534,U008,field,training,2019-01-19,2019-09-28,False
P00535-D001,P00535,U009,static_station,static,2023-09-22,,True
P00535-D002,P00535,U009,hard_area,training,2023-04-12,2023-09-21,False
P00535-D003,P00535,U009,hard_area,operational,2022-03-27,2023-04-11,False
P00535-D004,P00535,U009,hard_area,static,2020-08-29,2022-03-26,False
P00535-D005,P00535,U009,field,operational,2019-11-27,2020-08-28,False
P00535-D006,P00535,U009,field,operational,2018-07-01,2019-11-26,False
P00535-D007,P00535,U009,static_station,operational,2017-08-03,2018-06-30,False
P00535-D008,P00535,U009,field,static,2015-10-13,2017-08-02,False
P00536-D001,P00536,U015,hard_area,operational,2025-06-23,,True
P00536-D002,P00536,U015,static_station,training,2024-05-01,2025-06-22,False
P00536-D003,P00536,U015,field,training,2022-11-20,2024-04-30,False
P00536-D004,P00536,U015,hard_area,training,2022-07-20,2022-11-19,False
P00536-D005,P00536,U015,static_station,training,2021-09-23,2022-07-19,False
P00536-D006,P00536,U015,field,static,2020-11-11,2021-09-22,False
P00536-D007,P00536,U015,hard_area,training,2019-12-08,2020-11-10,False
P00536-D008,P00536,U015,hard_area,static,2018-11-08,2019-12-07,False
P00537-D001,P00537,U013,static_station,operational,2025-04-03,,True
P00537-D002,P00537,U013,hard_area,operational,2022-10-17,2025-04-02,False
P00537-D003,P00537,U013,field,static,2022-06-16,2022-10-16,False
P00537-D004,P00537,U013,hard_area,operational,2021-10-18,2022-06-15,False
P00537-D005,P00537,U013,static_station,training,2021-05-28,2021-10-17,False
P00537-D006,P00537,U013,hard_area,operational,2020-01-30,2021-05-27,False
P00538-D001,P00538,U007,static_station,static,2023-07-17,,True
P00538-D002,P00538,U007,hard_area,static,2023-02-08,2023-07-16,False
P00538-D003,P00538,U007,static_station,training,2021-12-18,2023-02-07,False
P00539-D001,P00539,U008,field,operational,2025-02-13,,True
P00539-D002,P00539,U008,field,static,2023-07-14,2025-02-12,False
P00539-D003,P00539,U008,static_station,training,2020-09-22,2023-07-13,False
P00539-D004,P00539,U008,field,training,2019-02-08,2020-09-21,False
P00539-D005,P00539,U008,field,static,2018-02-20,2019-02-07,False
P00539-D006,P00539,U008,hard_area,training,2017-04-03,2018-02-19,False
P00539-D007,P00539,U008,field,operational,2015-12-01,2017-04-02,False
P00539-D008,P00539,U008,field,training,2015-07-01,2015-11-30,False
P00540-D001,P00540,U005,field,operational,2025-08-02,,True
P00540-D002,P00540,U005,hard_area,static,2023-10-10,2025-08-01,False
P00540-D003,P00540,U005,field,operational,2021-11-19,2023-10-09,False
P00540-D004,P00540,U005,hard_area,static,2020-08-21,2021-11-18,False
P00540-D005,P00540,U005,field,operational,2019-09-22,2020-08-20,False
P00541-D001,P00541,U015,hard_area,operational,2024-06-28,,True
P00541-D002,P00541,U015,field,training,2023-06-13,2024-06-27,False
P00542-D001,P00542,U002,hard_area,operational,2025-04-24,,True
P00543-D001,P00543,U009,static_station,static,2024-05-20,,True
P00543-D002,P00543,U009,static_station,operational,2022-11-03,2024-05-19,False
P00543-D003,P00543,U009,hard_area,training,2022-06-13,2022-11-02,False
P00544-D001,P00544,U014,static_station,static,2025-02-06,,True
P00544-D002,P00544,U014,hard_area,static,2023-09-17,2025-02-05,False
P00544-D003,P00544,U014,static_station,training,2022-05-21,2023-09-16,False
P00544-D004,P00544,U014,hard_area,static,2021-01-12,2022-05-20,False
P00544-D005,P00544,U014,static_station,operational,2020-09-11,2021-01-11,False
P00544-D006,P00544,U014,field,training,2019-03-09,2020-09-10,False
P00544-D007,P00544,U014,field,training,2017-07-09,2019-03-08,False
P00544-D008,P00544,U014,field,training,2016-04-16,2017-07-08,False
P00545-D001,P00545,U014,field,static,2026-07-17,,True
P00545-D002,P00545,U014,field,training,2025-03-05,2026-07-16,False
P00546-D001,P00546,U008,hard_area,operational,2025-06-01,,True
P00547-D001,P00547,U012,hard_area,operational,2024-11-05,,True
P00547-D002,P00547,U012,static_station,static,2024-03-25,2024-11-04,False
P00547-D003,P00547,U012,static_station,static,2023-02-21,2024-03-24,False
P00548-D001,P00548,U007,static_station,static,2024-02-10,,True
P00548-D002,P00548,U007,hard_area,operational,2022-04-12,2024-02-09,False
P00548-D003,P00548,U007,hard_area,operational,2020-11-06,2022-04-11,False
P00548-D004,P00548,U007,static_station,training,2019-04-25,2020-11-05,False
P00548-D005,P00548,U007,hard_area,training,2018-01-18,2019-04-24,False
P00548-D006,P00548,U007,hard_area,static,2016-09-11,2018-01-17,False
P00548-D007,P00548,U007,hard_area,static,2015-03-27,2016-09-10,False
P00548-D008,P00548,U007,static_station,static,2013-12-17,2015-03-26,False
P00549-D001,P00549,U011,field,operational,2023-06-23,,True
P00549-D002,P00549,U011,static_station,training,2022-11-12,2023-06-22,False
P00550-D001,P00550,U008,field,operational,2024-12-28,,True
P00550-D002,P00550,U008,field,training,2023-11-13,2024-12-27,False
P00550-D003,P00550,U008,hard_area,static,2022-08-06,2023-11-12,False
P00550-D004,P00550,U008,static_station,training,2022-04-06,2022-08-05,False
P00550-D005,P00550,U008,static_station,operational,2021-03-12,2022-04-05,False
P00550-D006,P00550,U008,hard_area,static,2019-09-27,2021-03-11,False
P00550-D007,P00550,U008,hard_area,operational,2019-01-21,2019-09-26,False
P00550-D008,P00550,U008,static_station,training,2018-02-21,2019-01-20,False
P00551-D001,P00551,U015,field,operational,2023-05-20,,True
P00551-D002,P00551,U015,hard_area,static,2022-04-03,2023-05-19,False
P00551-D003,P00551,U015,static_station,training,2020-08-02,2022-04-02,False
P00551-D004,P00551,U015,hard_area,static,2018-09-28,2020-08-01,False
P00551-D005,P00551,U015,static_station,operational,2017-06-20,2018-09-27,False
P00551-D006,P00551,U015,hard_area,static,2016-12-20,2017-06-19,False
P00551-D007,P00551,U015,static_station,operational,2015-10-19,2016-12-19,False
P00551-D008,P00551,U015,hard_area,training,2013-09-02,2015-10-18,False
P00552-D001,P00552,U014,field,static,2026-02-20,,True
P00552-D002,P00552,U014,static_station,operational,2023-12-14,2026-02-19,False
P00552-D003,P00552,U014,static_station,training,2023-01-27,2023-12-13,False
P00553-D001,P00553,U013,hard_area,operational,2025-04-07,,True
P00554-D001,P00554,U003,field,static,2023-10-24,,True
P00554-D002,P00554,U003,hard_area,static,2023-05-03,2023-10-23,False
P00554-D003,P00554,U003,static_station,training,2021-04-08,2023-05-02,False
P00554-D004,P00554,U003,static_station,operational,2020-07-08,2021-04-07,False
P00554-D005,P00554,U003,field,static,2019-04-20,2020-07-07,False
P00554-D006,P00554,U003,hard_area,static,2017-03-04,2019-04-19,False
P00554-D007,P00554,U003,hard_area,training,2014-12-31,2017-03-03,False
P00554-D008,P00554,U003,hard_area,training,2014-05-04,2014-12-30,False
P00555-D001,P00555,U015,hard_area,operational,2024-09-25,,True
P00555-D002,P00555,U015,hard_area,static,2023-11-27,2024-09-24,False
P00555-D003,P00555,U015,static_station,static,2022-05-27,2023-11-26,False
P00555-D004,P00555,U015,static_station,operational,2020-12-21,2022-05-26,False
P00555-D005,P00555,U015,hard_area,static,2019-05-23,2020-12-20,False
P00555-D006,P00555,U015,hard_area,operational,2018-04-14,2019-05-22,False
P00555-D007,P00555,U015,field,static,2017-08-28,2018-04-13,False
P00555-D008,P00555,U015,field,operational,2016-04-20,2017-08-27,False
P00556-D001,P00556,U004,static_station,static,2025-11-28,,True
P00556-D002,P00556,U004,static_station,operational,2024-08-08,2025-11-27,False
P00556-D003,P00556,U004,static_station,operational,2022-06-21,2024-08-07,False
P00556-D004,P00556,U004,field,static,2021-02-07,2022-06-20,False
P00556-D005,P00556,U004,field,training,2019-11-20,2021-02-06,False
P00556-D006,P00556,U004,hard_area,static,2018-12-24,2019-11-19,False
P00556-D007,P00556,U004,hard_area,static,2018-02-11,2018-12-23,False
P00557-D001,P00557,U009,field,static,2023-10-23,,True
P00558-D001,P00558,U006,hard_area,operational,2025-06-15,,True
P00558-D002,P00558,U006,field,static,2025-02-08,2025-06-14,False
P00558-D003,P00558,U006,hard_area,operational,2023-05-15,2025-02-07,False
P00558-D004,P00558,U006,field,static,2021-07-22,2023-05-14,False
P00558-D005,P00558,U006,field,operational,2020-03-03,2021-07-21,False
P00558-D006,P00558,U006,field,training,2019-04-05,2020-03-02,False
P00558-D007,P00558,U006,hard_area,static,2018-06-02,2019-04-04,False
P00558-D008,P00558,U006,hard_area,operational,2016-10-25,2018-06-01,False
P00559-D001,P00559,U006,hard_area,operational,2026-05-11,,True
P00559-D002,P00559,U006,hard_area,operational,2024-10-27,2026-05-10,False
P00559-D003,P00559,U006,static_station,static,2023-08-06,2024-10-26,False
P00559-D004,P00559,U006,field,training,2022-02-01,2023-08-05,False
P00559-D005,P00559,U006,hard_area,static,2020-05-03,2022-01-31,False
P00559-D006,P00559,U006,hard_area,static,2019-06-10,2020-05-02,False
P00559-D007,P00559,U006,static_station,operational,2018-05-23,2019-06-09,False
P00559-D008,P00559,U006,static_station,static,2016-12-08,2018-05-22,False
P00560-D001,P00560,U008,field,operational,2025-03-17,,True
P00560-D002,P00560,U008,field,operational,2024-11-14,2025-03-16,False
P00560-D003,P00560,U008,static_station,training,2022-12-30,2024-11-13,False
P00560-D004,P00560,U008,field,training,2020-06-25,2022-12-29,False
P00560-D005,P00560,U008,hard_area,training,2019-01-05,2020-06-24,False
P00560-D006,P00560,U008,static_station,operational,2018-02-11,2019-01-04,False
P00560-D007,P00560,U008,hard_area,training,2017-10-07,2018-02-10,False
P00560-D008,P00560,U008,static_station,training,2017-03-29,2017-10-06,False
P00561-D001,P00561,U002,hard_area,operational,2025-10-31,,True
P00561-D002,P00561,U002,static_station,static,2025-01-10,2025-10-30,False
P00561-D003,P00561,U002,hard_area,training,2023-03-11,2025-01-09,False
P00561-D004,P00561,U002,field,static,2021-01-04,2023-03-10,False
P00561-D005,P00561,U002,static_station,training,2019-07-13,2021-01-03,False
P00561-D006,P00561,U002,static_station,training,2018-11-22,2019-07-12,False
P00561-D007,P00561,U002,static_station,operational,2018-06-07,2018-11-21,False
P00562-D001,P00562,U007,static_station,static,2024-07-10,,True
P00562-D002,P00562,U007,hard_area,training,2021-11-12,2024-07-09,False
P00563-D001,P00563,U009,static_station,static,2023-10-10,,True
P00563-D002,P00563,U009,static_station,operational,2021-12-14,2023-10-09,False
P00563-D003,P00563,U009,field,training,2020-05-05,2021-12-13,False
P00564-D001,P00564,U015,hard_area,operational,2025-11-11,,True
P00564-D002,P00564,U015,field,training,2025-05-23,2025-11-10,False
P00564-D003,P00564,U015,static_station,static,2024-02-18,2025-05-22,False
P00564-D004,P00564,U015,hard_area,operational,2022-09-24,2024-02-17,False
P00565-D001,P00565,U016,hard_area,operational,2023-12-18,,True
P00565-D002,P00565,U016,static_station,static,2023-08-17,2023-12-17,False
P00565-D003,P00565,U016,static_station,training,2022-07-16,2023-08-16,False
P00565-D004,P00565,U016,field,training,2021-10-31,2022-07-15,False
P00565-D005,P00565,U016,field,operational,2021-06-16,2021-10-30,False
P00566-D001,P00566,U010,hard_area,operational,2026-06-06,,True
P00566-D002,P00566,U010,hard_area,static,2025-06-17,2026-06-05,False
P00566-D003,P00566,U010,field,operational,2024-11-17,2025-06-16,False
P00566-D004,P00566,U010,static_station,static,2023-05-23,2024-11-16,False
P00566-D005,P00566,U010,field,training,2022-02-28,2023-05-22,False
P00566-D006,P00566,U010,field,operational,2020-09-21,2022-02-27,False
P00566-D007,P00566,U010,hard_area,training,2019-09-04,2020-09-20,False
P00566-D008,P00566,U010,static_station,training,2018-04-23,2019-09-03,False
P00567-D001,P00567,U006,field,operational,2025-11-21,,True
P00567-D002,P00567,U006,field,training,2025-05-22,2025-11-20,False
P00568-D001,P00568,U011,hard_area,operational,2025-04-17,,True
P00568-D002,P00568,U011,field,training,2024-02-16,2025-04-16,False
P00568-D003,P00568,U011,hard_area,training,2023-02-20,2024-02-15,False
P00568-D004,P00568,U011,field,static,2021-12-13,2023-02-19,False
P00569-D001,P00569,U013,hard_area,operational,2025-06-02,,True
P00569-D002,P00569,U013,field,operational,2023-09-30,2025-06-01,False
P00569-D003,P00569,U013,static_station,static,2021-04-30,2023-09-29,False
P00569-D004,P00569,U013,hard_area,operational,2019-05-22,2021-04-29,False
P00569-D005,P00569,U013,static_station,static,2018-01-29,2019-05-21,False
P00569-D006,P00569,U013,hard_area,operational,2017-02-15,2018-01-28,False
P00569-D007,P00569,U013,static_station,operational,2016-02-01,2017-02-14,False
P00569-D008,P00569,U013,field,operational,2014-03-10,2016-01-31,False
P00570-D001,P00570,U007,static_station,static,2023-09-25,,True
P00570-D002,P00570,U007,hard_area,operational,2022-08-30,2023-09-24,False
P00570-D003,P00570,U007,static_station,operational,2022-04-29,2022-08-29,False
P00570-D004,P00570,U007,static_station,static,2021-01-07,2022-04-28,False
P00570-D005,P00570,U007,field,static,2019-08-23,2021-01-06,False
P00570-D006,P00570,U007,field,training,2017-11-26,2019-08-22,False
P00570-D007,P00570,U007,hard_area,training,2016-11-19,2017-11-25,False
P00570-D008,P00570,U007,static_station,training,2015-12-08,2016-11-18,False
P00571-D001,P00571,U015,hard_area,operational,2025-01-03,,True
P00571-D002,P00571,U015,field,static,2023-07-11,2025-01-02,False
P00571-D003,P00571,U015,field,operational,2022-07-20,2023-07-10,False
P00571-D004,P00571,U015,hard_area,static,2021-04-06,2022-07-19,False
P00571-D005,P00571,U015,static_station,static,2020-10-02,2021-04-05,False
P00572-D001,P00572,U002,hard_area,operational,2025-08-08,,True
P00572-D002,P00572,U002,static_station,operational,2024-08-04,2025-08-07,False
P00572-D003,P00572,U002,static_station,operational,2023-10-04,2024-08-03,False
P00572-D004,P00572,U002,hard_area,training,2022-09-09,2023-10-03,False
P00572-D005,P00572,U002,field,operational,2021-07-26,2022-09-08,False
P00572-D006,P00572,U002,field,operational,2020-08-13,2021-07-25,False
P00572-D007,P00572,U002,hard_area,training,2019-11-10,2020-08-12,False
P00573-D001,P00573,U011,field,operational,2023-07-01,,True
P00573-D002,P00573,U011,field,static,2021-11-22,2023-06-30,False
P00574-D001,P00574,U007,static_station,static,2025-04-25,,True
P00574-D002,P00574,U007,static_station,operational,2023-10-27,2025-04-24,False
P00574-D003,P00574,U007,static_station,operational,2022-04-19,2023-10-26,False
P00574-D004,P00574,U007,static_station,training,2020-02-26,2022-04-18,False
P00574-D005,P00574,U007,hard_area,static,2018-10-22,2020-02-25,False
P00574-D006,P00574,U007,field,training,2017-03-07,2018-10-21,False
P00574-D007,P00574,U007,hard_area,training,2016-08-02,2017-03-06,False
P00574-D008,P00574,U007,static_station,operational,2015-02-17,2016-08-01,False
P00575-D001,P00575,U012,hard_area,operational,2026-04-04,,True
P00575-D002,P00575,U012,field,training,2024-08-03,2026-04-03,False
P00576-D001,P00576,U015,hard_area,operational,2024-06-10,,True
P00577-D001,P00577,U015,hard_area,operational,2025-10-10,,True
P00578-D001,P00578,U011,field,operational,2024-12-18,,True
P00578-D002,P00578,U011,static_station,static,2023-11-09,2024-12-17,False
P00578-D003,P00578,U011,hard_area,operational,2022-09-28,2023-11-08,False
P00578-D004,P00578,U011,static_station,training,2021-07-09,2022-09-27,False
P00578-D005,P00578,U011,hard_area,static,2020-05-20,2021-07-08,False
P00578-D006,P00578,U011,hard_area,training,2019-05-15,2020-05-19,False
P00578-D007,P00578,U011,static_station,static,2018-09-08,2019-05-14,False
P00579-D001,P00579,U014,field,static,2023-07-23,,True
P00579-D002,P00579,U014,static_station,operational,2022-01-14,2023-07-22,False
P00579-D003,P00579,U014,field,training,2020-08-05,2022-01-13,False
P00579-D004,P00579,U014,static_station,operational,2018-08-14,2020-08-04,False
P00579-D005,P00579,U014,field,operational,2017-08-01,2018-08-13,False
P00580-D001,P00580,U012,hard_area,operational,2023-10-29,,True
P00580-D002,P00580,U012,hard_area,training,2022-10-07,2023-10-28,False
P00580-D003,P00580,U012,static_station,training,2021-11-01,2022-10-06,False
P00580-D004,P00580,U012,hard_area,operational,2021-02-05,2021-10-31,False
P00580-D005,P00580,U012,hard_area,static,2020-09-21,2021-02-04,False
P00581-D001,P00581,U001,field,operational,2026-06-29,,True
P00581-D002,P00581,U001,static_station,operational,2024-09-19,2026-06-28,False
P00581-D003,P00581,U001,static_station,static,2023-09-07,2024-09-18,False
P00581-D004,P00581,U001,hard_area,operational,2022-08-03,2023-09-06,False
P00581-D005,P00581,U001,static_station,operational,2021-06-30,2022-08-02,False
P00582-D001,P00582,U010,hard_area,operational,2024-01-11,,True
P00582-D002,P00582,U010,hard_area,operational,2023-05-03,2024-01-10,False
P00582-D003,P00582,U010,field,operational,2022-08-23,2023-05-02,False
P00582-D004,P00582,U010,hard_area,operational,2020-12-17,2022-08-22,False
P00582-D005,P00582,U010,hard_area,static,2020-01-13,2020-12-16,False
P00582-D006,P00582,U010,field,training,2019-09-12,2020-01-12,False
P00582-D007,P00582,U010,field,operational,2017-08-07,2019-09-11,False
P00582-D008,P00582,U010,hard_area,training,2016-09-23,2017-08-06,False
P00583-D001,P00583,U001,static_station,operational,2026-07-30,,True
P00583-D002,P00583,U001,field,static,2025-03-01,2026-07-29,False
P00584-D001,P00584,U008,field,operational,2024-06-02,,True
P00584-D002,P00584,U008,field,operational,2023-03-22,2024-06-01,False
P00585-D001,P00585,U016,field,operational,2025-12-18,,True
P00585-D002,P00585,U016,field,operational,2024-08-28,2025-12-17,False
P00585-D003,P00585,U016,hard_area,static,2023-01-11,2024-08-27,False
P00585-D004,P00585,U016,static_station,operational,2021-11-15,2023-01-10,False
P00585-D005,P00585,U016,hard_area,static,2021-04-11,2021-11-14,False
P00585-D006,P00585,U016,static_station,static,2019-06-29,2021-04-10,False
P00585-D007,P00585,U016,static_station,operational,2018-05-18,2019-06-28,False
P00586-D001,P00586,U010,static_station,operational,2025-07-07,,True
P00586-D002,P00586,U010,hard_area,training,2024-11-26,2025-07-06,False
P00586-D003,P00586,U010,hard_area,operational,2023-07-09,2024-11-25,False
P00586-D004,P00586,U010,field,training,2022-01-29,2023-07-08,False
P00586-D005,P00586,U010,hard_area,training,2020-09-25,2022-01-28,False
P00586-D006,P00586,U010,field,operational,2019-04-26,2020-09-24,False
P00586-D007,P00586,U010,hard_area,training,2018-07-23,2019-04-25,False
P00586-D008,P00586,U010,static_station,training,2017-06-10,2018-07-22,False
P00587-D001,P00587,U003,static_station,static,2026-01-15,,True
P00587-D002,P00587,U003,hard_area,training,2024-03-22,2026-01-14,False
P00587-D003,P00587,U003,hard_area,operational,2023-04-18,2024-03-21,False
P00587-D004,P00587,U003,static_station,training,2021-12-07,2023-04-17,False
P00587-D005,P00587,U003,static_station,static,2020-10-23,2021-12-06,False
P00587-D006,P00587,U003,static_station,training,2020-01-02,2020-10-22,False
P00587-D007,P00587,U003,hard_area,operational,2019-03-26,2020-01-01,False
P00587-D008,P00587,U003,static_station,static,2018-03-23,2019-03-25,False
P00588-D001,P00588,U006,field,operational,2025-08-29,,True
P00588-D002,P00588,U006,static_station,static,2024-03-04,2025-08-28,False
P00588-D003,P00588,U006,static_station,training,2023-11-03,2024-03-03,False
P00588-D004,P00588,U006,hard_area,operational,2022-09-04,2023-11-02,False
P00588-D005,P00588,U006,static_station,operational,2021-11-09,2022-09-03,False
P00588-D006,P00588,U006,hard_area,operational,2020-06-24,2021-11-08,False
P00588-D007,P00588,U006,hard_area,operational,2019-11-28,2020-06-23,False
P00588-D008,P00588,U006,static_station,operational,2018-06-15,2019-11-27,False
P00589-D001,P00589,U004,static_station,static,2026-01-04,,True
P00589-D002,P00589,U004,hard_area,operational,2024-04-19,2026-01-03,False
P00589-D003,P00589,U004,field,training,2022-01-17,2024-04-18,False
P00589-D004,P00589,U004,hard_area,static,2021-07-22,2022-01-16,False
P00589-D005,P00589,U004,static_station,operational,2019-08-07,2021-07-21,False
P00590-D001,P00590,U013,field,operational,2025-02-12,,True
P00590-D002,P00590,U013,static_station,training,2024-02-06,2025-02-11,False
P00590-D003,P00590,U013,hard_area,operational,2022-07-05,2024-02-05,False
P00590-D004,P00590,U013,hard_area,operational,2020-04-17,2022-07-04,False
P00590-D005,P00590,U013,field,static,2019-12-17,2020-04-16,False
P00590-D006,P00590,U013,static_station,operational,2018-06-28,2019-12-16,False
P00590-D007,P00590,U013,field,static,2017-06-01,2018-06-27,False
P00590-D008,P00590,U013,hard_area,operational,2016-05-22,2017-05-31,False
P00591-D001,P00591,U013,static_station,operational,2025-12-20,,True
P00591-D002,P00591,U013,static_station,static,2024-02-10,2025-12-19,False
P00591-D003,P00591,U013,static_station,operational,2022-06-26,2024-02-09,False
P00591-D004,P00591,U013,hard_area,static,2021-09-14,2022-06-25,False
P00591-D005,P00591,U013,hard_area,training,2020-07-07,2021-09-13,False
P00592-D001,P00592,U010,hard_area,operational,2025-07-21,,True
P00592-D002,P00592,U010,hard_area,operational,2024-04-07,2025-07-20,False
P00592-D003,P00592,U010,static_station,operational,2023-02-27,2024-04-06,False
P00592-D004,P00592,U010,static_station,static,2022-03-10,2023-02-26,False
P00592-D005,P00592,U010,static_station,static,2021-08-28,2022-03-09,False
P00592-D006,P00592,U010,field,training,2019-09-25,2021-08-27,False
P00592-D007,P00592,U010,static_station,operational,2018-05-10,2019-09-24,False
P00592-D008,P00592,U010,static_station,static,2017-01-10,2018-05-09,False
P00593-D001,P00593,U005,field,operational,2024-05-14,,True
P00593-D002,P00593,U005,static_station,training,2023-10-02,2024-05-13,False
P00593-D003,P00593,U005,hard_area,training,2022-02-02,2023-10-01,False
P00593-D004,P00593,U005,static_station,static,2020-06-02,2022-02-01,False
P00593-D005,P00593,U005,hard_area,static,2019-05-28,2020-06-01,False
P00593-D006,P00593,U005,hard_area,training,2018-12-12,2019-05-27,False
P00593-D007,P00593,U005,field,operational,2018-08-11,2018-12-11,False
P00593-D008,P00593,U005,field,training,2018-04-08,2018-08-10,False
P00594-D001,P00594,U007,field,static,2025-10-27,,True
P00594-D002,P00594,U007,static_station,operational,2023-09-25,2025-10-26,False
P00594-D003,P00594,U007,field,training,2021-10-29,2023-09-24,False
P00594-D004,P00594,U007,field,static,2020-08-08,2021-10-28,False
P00594-D005,P00594,U007,field,operational,2019-04-05,2020-08-07,False
P00594-D006,P00594,U007,static_station,operational,2018-11-09,2019-04-04,False
P00594-D007,P00594,U007,field,static,2017-10-21,2018-11-08,False
P00594-D008,P00594,U007,static_station,static,2016-11-11,2017-10-20,False
P00595-D001,P00595,U004,static_station,static,2025-03-02,,True
P00595-D002,P00595,U004,hard_area,training,2024-03-01,2025-03-01,False
P00596-D001,P00596,U009,static_station,static,2026-02-05,,True
P00596-D002,P00596,U009,hard_area,static,2025-07-17,2026-02-04,False
P00596-D003,P00596,U009,field,static,2024-05-30,2025-07-16,False
P00596-D004,P00596,U009,field,static,2023-02-08,2024-05-29,False
P00596-D005,P00596,U009,hard_area,operational,2021-10-10,2023-02-07,False
P00596-D006,P00596,U009,static_station,operational,2020-10-02,2021-10-09,False
P00596-D007,P00596,U009,hard_area,operational,2019-06-22,2020-10-01,False
P00597-D001,P00597,U014,field,static,2024-09-16,,True
P00597-D002,P00597,U014,static_station,training,2023-03-12,2024-09-15,False
P00597-D003,P00597,U014,static_station,static,2022-02-26,2023-03-11,False
P00597-D004,P00597,U014,field,operational,2020-01-22,2022-02-25,False
P00597-D005,P00597,U014,field,training,2018-07-18,2020-01-21,False
P00597-D006,P00597,U014,static_station,training,2017-07-22,2018-07-17,False
P00597-D007,P00597,U014,hard_area,training,2017-02-24,2017-07-21,False
P00598-D001,P00598,U001,field,operational,2025-12-01,,True
P00598-D002,P00598,U001,static_station,static,2025-03-05,2025-11-30,False
P00598-D003,P00598,U001,hard_area,operational,2024-10-29,2025-03-04,False
P00598-D004,P00598,U001,static_station,operational,2023-04-10,2024-10-28,False
P00598-D005,P00598,U001,hard_area,static,2021-04-23,2023-04-09,False
P00598-D006,P00598,U001,hard_area,static,2020-01-06,2021-04-22,False
P00598-D007,P00598,U001,static_station,static,2019-09-06,2020-01-05,False
P00598-D008,P00598,U001,field,training,2019-03-13,2019-09-05,False
P00599-D001,P00599,U012,hard_area,operational,2025-05-03,,True
P00599-D002,P00599,U012,field,training,2023-11-24,2025-05-02,False
P00599-D003,P00599,U012,field,operational,2022-12-02,2023-11-23,False
P00599-D004,P00599,U012,static_station,training,2022-02-10,2022-12-01,False
P00599-D005,P00599,U012,field,operational,2021-08-11,2022-02-09,False
P00600-D001,P00600,U009,field,static,2025-07-02,,True
P00600-D002,P00600,U009,hard_area,training,2024-04-05,2025-07-01,False
P00600-D003,P00600,U009,hard_area,training,2022-09-18,2024-04-04,False
P00600-D004,P00600,U009,field,training,2021-08-10,2022-09-17,False
P00601-D001,P00601,U003,static_station,static,2024-11-25,,True
P00601-D002,P00601,U003,hard_area,operational,2023-09-29,2024-11-24,False
P00601-D003,P00601,U003,static_station,operational,2022-11-19,2023-09-28,False
P00601-D004,P00601,U003,field,operational,2021-12-15,2022-11-18,False
P00601-D005,P00601,U003,field,training,2019-09-04,2021-12-14,False
P00601-D006,P00601,U003,hard_area,static,2019-04-20,2019-09-03,False
P00602-D001,P00602,U014,static_station,static,2025-06-09,,True
P00603-D001,P00603,U013,hard_area,operational,2025-10-30,,True
P00603-D002,P00603,U013,field,static,2024-10-07,2025-10-29,False
P00603-D003,P00603,U013,field,training,2023-11-02,2024-10-06,False
P00603-D004,P00603,U013,static_station,operational,2022-07-18,2023-11-01,False
P00603-D005,P00603,U013,static_station,static,2021-05-15,2022-07-17,False
P00603-D006,P00603,U013,field,training,2020-08-26,2021-05-14,False
P00603-D007,P00603,U013,static_station,training,2019-11-11,2020-08-25,False
P00603-D008,P00603,U013,field,training,2018-05-04,2019-11-10,False
P00604-D001,P00604,U006,hard_area,operational,2025-10-05,,True
P00604-D002,P00604,U006,field,training,2024-09-11,2025-10-04,False
P00604-D003,P00604,U006,static_station,training,2023-10-15,2024-09-10,False
P00604-D004,P00604,U006,static_station,static,2021-07-12,2023-10-14,False
P00604-D005,P00604,U006,field,operational,2019-05-28,2021-07-11,False
P00604-D006,P00604,U006,field,training,2019-01-01,2019-05-27,False
P00605-D001,P00605,U005,field,operational,2025-05-06,,True
P00605-D002,P00605,U005,field,static,2024-02-29,2025-05-05,False
P00605-D003,P00605,U005,static_station,static,2022-05-12,2024-02-28,False
P00605-D004,P00605,U005,field,operational,2021-04-28,2022-05-11,False
P00605-D005,P00605,U005,static_station,operational,2019-08-07,2021-04-27,False
P00605-D006,P00605,U005,hard_area,static,2019-01-30,2019-08-06,False
P00605-D007,P00605,U005,field,operational,2017-10-09,2019-01-29,False
P00605-D008,P00605,U005,hard_area,training,2016-09-10,2017-10-08,False
P00606-D001,P00606,U014,static_station,static,2025-05-26,,True
P00606-D002,P00606,U014,field,static,2023-06-14,2025-05-25,False
P00606-D003,P00606,U014,hard_area,operational,2022-02-14,2023-06-13,False
P00606-D004,P00606,U014,hard_area,static,2021-06-29,2022-02-13,False
P00607-D001,P00607,U005,field,operational,2023-05-28,,True
P00607-D002,P00607,U005,field,training,2022-03-29,2023-05-27,False
P00607-D003,P00607,U005,field,static,2021-11-27,2022-03-28,False
P00607-D004,P00607,U005,field,operational,2020-07-05,2021-11-26,False
P00607-D005,P00607,U005,field,operational,2020-01-23,2020-07-04,False
P00607-D006,P00607,U005,hard_area,static,2019-08-23,2020-01-22,False
P00608-D001,P00608,U009,hard_area,static,2025-02-22,,True
P00608-D002,P00608,U009,field,training,2023-09-18,2025-02-21,False
P00608-D003,P00608,U009,static_station,static,2022-04-29,2023-09-17,False
P00608-D004,P00608,U009,static_station,operational,2021-03-01,2022-04-28,False
P00608-D005,P00608,U009,static_station,static,2020-01-23,2021-02-28,False
P00608-D006,P00608,U009,field,operational,2019-01-23,2020-01-22,False
P00608-D007,P00608,U009,static_station,static,2018-04-04,2019-01-22,False
P00609-D001,P00609,U003,static_station,static,2026-01-15,,True
P00609-D002,P00609,U003,hard_area,operational,2024-01-03,2026-01-14,False
P00609-D003,P00609,U003,hard_area,operational,2022-12-04,2024-01-02,False
P00609-D004,P00609,U003,field,operational,2021-11-25,2022-12-03,False
P00609-D005,P00609,U003,field,static,2021-01-10,2021-11-24,False
P00609-D006,P00609,U003,hard_area,training,2020-01-15,2021-01-09,False
P00609-D007,P00609,U003,static_station,operational,2018-09-09,2020-01-14,False
P00609-D008,P00609,U003,static_station,static,2016-08-23,2018-09-08,False
P00610-D001,P00610,U009,static_station,static,2024-09-20,,True
P00611-D001,P00611,U005,hard_area,operational,2023-01-10,,True
P00611-D002,P00611,U005,field,static,2021-08-15,2023-01-09,False
P00611-D003,P00611,U005,static_station,operational,2020-05-08,2021-08-14,False
P00611-D004,P00611,U005,field,operational,2019-01-08,2020-05-07,False
P00611-D005,P00611,U005,hard_area,static,2018-05-15,2019-01-07,False
P00611-D006,P00611,U005,static_station,operational,2017-05-07,2018-05-14,False
P00611-D007,P00611,U005,hard_area,training,2015-10-13,2017-05-06,False
P00612-D001,P00612,U012,field,operational,2026-02-24,,True
P00612-D002,P00612,U012,hard_area,operational,2025-03-05,2026-02-23,False
P00612-D003,P00612,U012,hard_area,static,2023-06-26,2025-03-04,False
P00612-D004,P00612,U012,field,operational,2021-09-21,2023-06-25,False
P00612-D005,P00612,U012,hard_area,operational,2020-07-20,2021-09-20,False
P00612-D006,P00612,U012,static_station,static,2019-02-20,2020-07-19,False
P00612-D007,P00612,U012,static_station,operational,2017-09-24,2019-02-19,False
P00612-D008,P00612,U012,hard_area,training,2017-05-25,2017-09-23,False
P00613-D001,P00613,U014,static_station,static,2026-07-29,,True
P00613-D002,P00613,U014,hard_area,static,2025-07-02,2026-07-28,False
P00613-D003,P00613,U014,hard_area,operational,2025-01-09,2025-07-01,False
P00613-D004,P00613,U014,hard_area,static,2024-02-13,2025-01-08,False
P00613-D005,P00613,U014,hard_area,training,2022-06-02,2024-02-12,False
P00613-D006,P00613,U014,hard_area,operational,2021-10-19,2022-06-01,False
P00614-D001,P00614,U006,hard_area,operational,2025-10-27,,True
P00614-D002,P00614,U006,field,training,2024-06-02,2025-10-26,False
P00614-D003,P00614,U006,field,static,2023-08-03,2024-06-01,False
P00614-D004,P00614,U006,static_station,static,2022-07-24,2023-08-02,False
P00615-D001,P00615,U001,field,operational,2024-03-24,,True
P00615-D002,P00615,U001,hard_area,training,2023-02-24,2024-03-23,False
P00615-D003,P00615,U001,field,operational,2021-09-24,2023-02-23,False
P00615-D004,P00615,U001,static_station,operational,2020-11-09,2021-09-23,False
P00615-D005,P00615,U001,field,operational,2019-11-19,2020-11-08,False
P00615-D006,P00615,U001,hard_area,static,2018-11-24,2019-11-18,False
P00615-D007,P00615,U001,static_station,static,2017-11-17,2018-11-23,False
P00616-D001,P00616,U006,field,operational,2025-08-23,,True
P00616-D002,P00616,U006,static_station,training,2024-08-02,2025-08-22,False
P00616-D003,P00616,U006,static_station,training,2024-01-27,2024-08-01,False
P00616-D004,P00616,U006,field,training,2022-10-19,2024-01-26,False
P00616-D005,P00616,U006,static_station,operational,2021-04-16,2022-10-18,False
P00616-D006,P00616,U006,hard_area,training,2020-05-05,2021-04-15,False
P00616-D007,P00616,U006,static_station,training,2018-12-10,2020-05-04,False
P00616-D008,P00616,U006,hard_area,operational,2017-10-05,2018-12-09,False
P00617-D001,P00617,U009,field,static,2024-03-14,,True
P00617-D002,P00617,U009,static_station,training,2022-05-05,2024-03-13,False
P00617-D003,P00617,U009,static_station,training,2022-01-02,2022-05-04,False
P00617-D004,P00617,U009,static_station,training,2020-10-21,2022-01-01,False
P00618-D001,P00618,U008,field,operational,2024-01-11,,True
P00619-D001,P00619,U014,static_station,static,2024-11-03,,True
P00620-D001,P00620,U002,hard_area,operational,2025-10-11,,True
P00620-D002,P00620,U002,hard_area,static,2025-02-22,2025-10-10,False
P00620-D003,P00620,U002,field,training,2024-02-10,2025-02-21,False
P00620-D004,P00620,U002,static_station,static,2023-04-29,2024-02-09,False
P00620-D005,P00620,U002,static_station,training,2021-11-16,2023-04-28,False
P00620-D006,P00620,U002,static_station,training,2020-04-05,2021-11-15,False
P00620-D007,P00620,U002,static_station,operational,2018-09-13,2020-04-04,False
P00620-D008,P00620,U002,hard_area,static,2018-04-15,2018-09-12,False
P00621-D001,P00621,U001,hard_area,operational,2025-07-10,,True
P00621-D002,P00621,U001,static_station,operational,2025-01-03,2025-07-09,False
P00621-D003,P00621,U001,static_station,training,2024-01-08,2025-01-02,False
P00621-D004,P00621,U001,field,static,2022-10-10,2024-01-07,False
P00621-D005,P00621,U001,static_station,static,2021-07-05,2022-10-09,False
P00621-D006,P00621,U001,hard_area,static,2020-09-14,2021-07-04,False
P00621-D007,P00621,U001,hard_area,training,2019-05-03,2020-09-13,False
P00622-D001,P00622,U007,static_station,static,2024-10-26,,True
P00623-D001,P00623,U008,field,operational,2025-06-15,,True
P00624-D001,P00624,U001,static_station,operational,2024-03-18,,True
P00625-D001,P00625,U002,hard_area,operational,2025-09-04,,True
P00625-D002,P00625,U002,field,static,2024-07-26,2025-09-03,False
P00625-D003,P00625,U002,static_station,static,2023-05-22,2024-07-25,False
P00625-D004,P00625,U002,static_station,static,2022-05-13,2023-05-21,False
P00626-D001,P00626,U004,static_station,static,2025-09-24,,True
P00626-D002,P00626,U004,static_station,training,2025-02-04,2025-09-23,False
P00626-D003,P00626,U004,hard_area,training,2023-08-10,2025-02-03,False
P00626-D004,P00626,U004,static_station,operational,2023-02-02,2023-08-09,False
P00627-D001,P00627,U010,hard_area,operational,2024-12-31,,True
P00627-D002,P00627,U010,field,static,2024-01-19,2024-12-30,False
P00627-D003,P00627,U010,static_station,operational,2022-10-30,2024-01-18,False
P00627-D004,P00627,U010,hard_area,operational,2021-10-07,2022-10-29,False
P00627-D005,P00627,U010,field,operational,2020-10-18,2021-10-06,False
P00628-D001,P00628,U008,hard_area,operational,2025-07-17,,True
P00628-D002,P00628,U008,hard_area,static,2025-01-12,2025-07-16,False
P00628-D003,P00628,U008,hard_area,operational,2024-03-30,2025-01-11,False
P00628-D004,P00628,U008,static_station,training,2022-12-22,2024-03-29,False
P00628-D005,P00628,U008,static_station,operational,2021-07-18,2022-12-21,False
P00628-D006,P00628,U008,field,training,2020-06-01,2021-07-17,False
P00628-D007,P00628,U008,hard_area,static,2018-12-23,2020-05-31,False
P00628-D008,P00628,U008,field,operational,2017-07-10,2018-12-22,False
P00629-D001,P00629,U002,field,operational,2025-10-16,,True
P00629-D002,P00629,U002,hard_area,operational,2024-11-02,2025-10-15,False
P00630-D001,P00630,U003,static_station,static,2025-11-29,,True
P00630-D002,P00630,U003,field,operational,2024-08-13,2025-11-28,False
P00630-D003,P00630,U003,hard_area,operational,2023-06-28,2024-08-12,False
P00630-D004,P00630,U003,static_station,training,2021-09-24,2023-06-27,False
P00630-D005,P00630,U003,hard_area,operational,2021-04-30,2021-09-23,False
P00630-D006,P00630,U003,field,static,2020-12-29,2021-04-29,False
P00630-D007,P00630,U003,field,operational,2019-04-16,2020-12-28,False
P00630-D008,P00630,U003,static_station,operational,2018-05-09,2019-04-15,False
P00631-D001,P00631,U002,hard_area,operational,2023-12-20,,True
P00631-D002,P00631,U002,static_station,training,2023-03-18,2023-12-19,False
P00631-D003,P00631,U002,hard_area,operational,2021-11-19,2023-03-17,False
P00631-D004,P00631,U002,field,training,2020-06-15,2021-11-18,False
P00631-D005,P00631,U002,static_station,training,2019-01-05,2020-06-14,False
P00631-D006,P00631,U002,field,static,2018-01-09,2019-01-04,False
P00631-D007,P00631,U002,static_station,training,2016-03-25,2018-01-08,False
P00631-D008,P00631,U002,static_station,static,2015-07-02,2016-03-24,False
P00632-D001,P00632,U008,static_station,operational,2023-10-14,,True
P00632-D002,P00632,U008,hard_area,training,2022-07-21,2023-10-13,False
P00632-D003,P00632,U008,field,static,2021-05-20,2022-07-20,False
P00632-D004,P00632,U008,field,training,2020-06-05,2021-05-19,False
P00632-D005,P00632,U008,hard_area,training,2018-08-13,2020-06-04,False
P00632-D006,P00632,U008,static_station,training,2018-04-12,2018-08-12,False
P00632-D007,P00632,U008,static_station,static,2016-12-04,2018-04-11,False
P00632-D008,P00632,U008,static_station,training,2015-06-05,2016-12-03,False
P00633-D001,P00633,U001,static_station,operational,2024-07-19,,True
P00633-D002,P00633,U001,hard_area,training,2023-10-05,2024-07-18,False
P00633-D003,P00633,U001,static_station,operational,2022-05-01,2023-10-04,False
P00633-D004,P00633,U001,field,operational,2020-02-18,2022-04-30,False
P00633-D005,P00633,U001,hard_area,training,2017-05-30,2020-02-17,False
P00633-D006,P00633,U001,static_station,training,2015-12-02,2017-05-29,False
P00634-D001,P00634,U009,static_station,static,2024-07-08,,True
P00634-D002,P00634,U009,hard_area,operational,2022-09-23,2024-07-07,False
P00634-D003,P00634,U009,static_station,operational,2022-04-15,2022-09-22,False
P00634-D004,P00634,U009,static_station,operational,2020-12-17,2022-04-14,False
P00634-D005,P00634,U009,static_station,training,2019-10-02,2020-12-16,False
P00634-D006,P00634,U009,hard_area,operational,2019-02-06,2019-10-01,False
P00634-D007,P00634,U009,static_station,operational,2017-10-11,2019-02-05,False
P00634-D008,P00634,U009,static_station,training,2016-02-14,2017-10-10,False
P00635-D001,P00635,U012,field,operational,2026-06-25,,True
P00635-D002,P00635,U012,field,operational,2026-02-22,2026-06-24,False
P00635-D003,P00635,U012,hard_area,operational,2024-12-24,2026-02-21,False
P00635-D004,P00635,U012,field,operational,2023-07-27,2024-12-23,False
P00636-D001,P00636,U007,static_station,static,2025-09-21,,True
P00636-D002,P00636,U007,field,static,2023-08-31,2025-09-20,False
P00636-D003,P00636,U007,field,training,2022-01-24,2023-08-30,False
P00636-D004,P00636,U007,hard_area,operational,2020-04-06,2022-01-23,False
P00636-D005,P00636,U007,static_station,training,2018-12-31,2020-04-05,False
P00636-D006,P00636,U007,field,training,2017-03-27,2018-12-30,False
P00636-D007,P00636,U007,field,training,2015-09-09,2017-03-26,False
P00636-D008,P00636,U007,hard_area,operational,2014-09-28,2015-09-08,False
P00637-D001,P00637,U008,field,operational,2025-10-23,,True
P00637-D002,P00637,U008,static_station,training,2024-10-12,2025-10-22,False
P00637-D003,P00637,U008,hard_area,static,2023-09-06,2024-10-11,False
P00637-D004,P00637,U008,hard_area,training,2023-02-17,2023-09-05,False
P00637-D005,P00637,U008,field,static,2021-12-18,2023-02-16,False
P00638-D001,P00638,U007,field,static,2026-06-08,,True
P00638-D002,P00638,U007,field,training,2024-08-13,2026-06-07,False
P00638-D003,P00638,U007,static_station,training,2022-11-19,2024-08-12,False
P00638-D004,P00638,U007,field,static,2021-04-30,2022-11-18,False
P00638-D005,P00638,U007,static_station,operational,2019-10-03,2021-04-29,False
P00639-D001,P00639,U012,hard_area,operational,2025-06-01,,True
P00639-D002,P00639,U012,static_station,static,2024-10-21,2025-05-31,False
P00639-D003,P00639,U012,static_station,training,2024-06-20,2024-10-20,False
P00639-D004,P00639,U012,static_station,training,2023-11-10,2024-06-19,False
P00640-D001,P00640,U004,static_station,static,2024-09-14,,True
P00640-D002,P00640,U004,field,operational,2023-08-24,2024-09-13,False
P00640-D003,P00640,U004,hard_area,static,2022-12-19,2023-08-23,False
P00641-D001,P00641,U006,hard_area,operational,2025-01-03,,True
P00641-D002,P00641,U006,field,operational,2024-04-21,2025-01-02,False
P00641-D003,P00641,U006,field,operational,2023-02-14,2024-04-20,False
P00641-D004,P00641,U006,hard_area,training,2022-03-23,2023-02-13,False
P00641-D005,P00641,U006,static_station,static,2021-11-18,2022-03-22,False
P00642-D001,P00642,U007,static_station,static,2026-02-02,,True
P00642-D002,P00642,U007,field,static,2024-01-20,2026-02-01,False
P00642-D003,P00642,U007,hard_area,training,2022-09-21,2024-01-19,False
P00642-D004,P00642,U007,field,static,2021-11-30,2022-09-20,False
P00642-D005,P00642,U007,field,training,2021-07-31,2021-11-29,False
P00643-D001,P00643,U015,hard_area,operational,2023-12-10,,True
P00643-D002,P00643,U015,hard_area,training,2023-08-09,2023-12-09,False
P00643-D003,P00643,U015,field,operational,2023-04-08,2023-08-08,False
P00644-D001,P00644,U003,static_station,static,2026-01-17,,True
P00644-D002,P00644,U003,field,operational,2024-09-30,2026-01-16,False
P00644-D003,P00644,U003,field,static,2023-12-22,2024-09-29,False
P00644-D004,P00644,U003,hard_area,static,2022-06-05,2023-12-21,False
P00644-D005,P00644,U003,hard_area,static,2021-12-04,2022-06-04,False
P00644-D006,P00644,U003,field,operational,2020-10-29,2021-12-03,False
P00645-D001,P00645,U005,static_station,operational,2025-12-25,,True
P00645-D002,P00645,U005,static_station,operational,2024-09-06,2025-12-24,False
P00645-D003,P00645,U005,hard_area,operational,2022-10-05,2024-09-05,False
P00645-D004,P00645,U005,field,training,2020-12-02,2022-10-04,False
P00645-D005,P00645,U005,hard_area,static,2019-10-09,2020-12-01,False
P00646-D001,P00646,U014,static_station,static,2025-05-06,,True
P00646-D002,P00646,U014,hard_area,operational,2024-12-09,2025-05-05,False
P00646-D003,P00646,U014,static_station,operational,2023-10-29,2024-12-08,False
P00646-D004,P00646,U014,field,operational,2022-07-14,2023-10-28,False
P00646-D005,P00646,U014,static_station,training,2021-01-21,2022-07-13,False
P00646-D006,P00646,U014,hard_area,operational,2019-12-13,2021-01-20,False
P00646-D007,P00646,U014,hard_area,training,2018-04-12,2019-12-12,False
P00646-D008,P00646,U014,static_station,operational,2017-10-14,2018-04-11,False
P00647-D001,P00647,U003,static_station,static,2026-01-10,,True
P00647-D002,P00647,U003,field,static,2024-09-16,2026-01-09,False
P00647-D003,P00647,U003,static_station,operational,2023-01-02,2024-09-15,False
P00648-D001,P00648,U006,field,operational,2026-01-15,,True
P00648-D002,P00648,U006,static_station,operational,2025-04-06,2026-01-14,False
P00648-D003,P00648,U006,field,static,2024-12-05,2025-04-05,False
P00648-D004,P00648,U006,hard_area,static,2023-09-06,2024-12-04,False
P00648-D005,P00648,U006,static_station,training,2021-11-15,2023-09-05,False
P00648-D006,P00648,U006,hard_area,training,2019-11-15,2021-11-14,False
P00648-D007,P00648,U006,static_station,operational,2018-06-29,2019-11-14,False
P00648-D008,P00648,U006,hard_area,static,2017-06-08,2018-06-28,False
P00649-D001,P00649,U013,hard_area,operational,2024-12-09,,True
P00650-D001,P00650,U009,static_station,static,2024-11-24,,True
P00650-D002,P00650,U009,hard_area,operational,2024-01-22,2024-11-23,False
P00650-D003,P00650,U009,static_station,operational,2022-10-01,2024-01-21,False
P00650-D004,P00650,U009,hard_area,static,2021-06-04,2022-09-30,False
P00650-D005,P00650,U009,field,training,2019-12-23,2021-06-03,False
P00650-D006,P00650,U009,static_station,static,2018-11-07,2019-12-22,False
P00650-D007,P00650,U009,hard_area,operational,2018-03-09,2018-11-06,False
P00651-D001,P00651,U002,field,operational,2024-03-28,,True
P00651-D002,P00651,U002,hard_area,training,2023-01-22,2024-03-27,False
P00651-D003,P00651,U002,static_station,training,2022-04-16,2023-01-21,False
P00651-D004,P00651,U002,field,operational,2021-02-17,2022-04-15,False
P00651-D005,P00651,U002,static_station,operational,2020-05-23,2021-02-16,False
P00651-D006,P00651,U002,field,operational,2019-11-27,2020-05-22,False
P00651-D007,P00651,U002,hard_area,operational,2018-08-18,2019-11-26,False
P00651-D008,P00651,U002,hard_area,training,2017-08-13,2018-08-17,False
P00652-D001,P00652,U003,static_station,static,2024-06-17,,True
P00652-D002,P00652,U003,static_station,operational,2023-05-02,2024-06-16,False
P00652-D003,P00652,U003,hard_area,training,2022-12-30,2023-05-01,False
P00652-D004,P00652,U003,field,static,2021-09-17,2022-12-29,False
P00652-D005,P00652,U003,field,operational,2020-10-12,2021-09-16,False
P00653-D001,P00653,U002,field,operational,2024-11-25,,True
P00653-D002,P00653,U002,hard_area,static,2023-10-11,2024-11-24,False
P00653-D003,P00653,U002,static_station,training,2021-08-26,2023-10-10,False
P00653-D004,P00653,U002,field,operational,2020-02-04,2021-08-25,False
P00653-D005,P00653,U002,field,static,2018-05-10,2020-02-03,False
P00653-D006,P00653,U002,static_station,static,2017-08-14,2018-05-09,False
P00653-D007,P00653,U002,static_station,static,2016-02-02,2017-08-13,False
P00653-D008,P00653,U002,hard_area,training,2015-03-09,2016-02-01,False
P00654-D001,P00654,U001,static_station,operational,2023-07-20,,True
P00654-D002,P00654,U001,field,static,2022-03-21,2023-07-19,False
P00654-D003,P00654,U001,hard_area,operational,2020-05-03,2022-03-20,False
P00655-D001,P00655,U014,static_station,static,2026-01-12,,True
P00655-D002,P00655,U014,hard_area,operational,2024-05-20,2026-01-11,False
P00655-D003,P00655,U014,hard_area,static,2023-10-08,2024-05-19,False
P00655-D004,P00655,U014,field,operational,2022-09-22,2023-10-07,False
P00655-D005,P00655,U014,static_station,operational,2021-02-01,2022-09-21,False
P00655-D006,P00655,U014,hard_area,operational,2019-10-02,2021-01-31,False
P00655-D007,P00655,U014,hard_area,static,2018-08-09,2019-10-01,False
P00655-D008,P00655,U014,field,operational,2017-04-23,2018-08-08,False
P00656-D001,P00656,U015,hard_area,operational,2024-09-11,,True
P00656-D002,P00656,U015,field,operational,2024-01-09,2024-09-10,False
P00657-D001,P00657,U004,static_station,static,2025-10-31,,True
P00657-D002,P00657,U004,field,training,2024-06-20,2025-10-30,False
P00657-D003,P00657,U004,static_station,training,2024-02-19,2024-06-19,False
P00657-D004,P00657,U004,hard_area,operational,2022-12-03,2024-02-18,False
P00657-D005,P00657,U004,field,training,2022-02-12,2022-12-02,False
P00657-D006,P00657,U004,static_station,operational,2020-08-25,2022-02-11,False
P00657-D007,P00657,U004,hard_area,static,2019-03-29,2020-08-24,False
P00657-D008,P00657,U004,field,training,2018-04-06,2019-03-28,False
P00658-D001,P00658,U011,hard_area,operational,2025-02-15,,True
P00658-D002,P00658,U011,hard_area,static,2023-12-23,2025-02-14,False
P00659-D001,P00659,U007,static_station,static,2025-11-07,,True
P00659-D002,P00659,U007,field,static,2024-03-20,2025-11-06,False
P00659-D003,P00659,U007,hard_area,training,2021-10-22,2024-03-19,False
P00659-D004,P00659,U007,hard_area,training,2020-07-18,2021-10-21,False
P00659-D005,P00659,U007,hard_area,operational,2018-08-11,2020-07-17,False
P00659-D006,P00659,U007,static_station,static,2017-09-17,2018-08-10,False
P00659-D007,P00659,U007,static_station,training,2016-01-03,2017-09-16,False
P00659-D008,P00659,U007,static_station,operational,2015-04-23,2016-01-02,False
P00660-D001,P00660,U007,static_station,static,2025-03-03,,True
P00660-D002,P00660,U007,hard_area,static,2024-02-01,2025-03-02,False
P00660-D003,P00660,U007,static_station,training,2022-06-03,2024-01-31,False
P00660-D004,P00660,U007,field,static,2021-12-05,2022-06-02,False
P00660-D005,P00660,U007,static_station,static,2020-08-17,2021-12-04,False
P00660-D006,P00660,U007,field,operational,2018-07-12,2020-08-16,False
P00660-D007,P00660,U007,hard_area,static,2017-06-21,2018-07-11,False
P00660-D008,P00660,U007,static_station,static,2016-04-23,2017-06-20,False
P00661-D001,P00661,U001,static_station,operational,2024-01-07,,True
P00661-D002,P00661,U001,field,operational,2023-02-13,2024-01-06,False
P00661-D003,P00661,U001,field,static,2021-04-21,2023-02-12,False
P00661-D004,P00661,U001,static_station,operational,2020-03-09,2021-04-20,False
P00661-D005,P00661,U001,hard_area,static,2018-02-04,2020-03-08,False
P00661-D006,P00661,U001,static_station,operational,2017-09-15,2018-02-03,False
P00661-D007,P00661,U001,field,training,2015-11-12,2017-09-14,False
P00661-D008,P00661,U001,hard_area,training,2014-02-03,2015-11-11,False
P00662-D001,P00662,U016,hard_area,operational,2025-08-10,,True
P00662-D002,P00662,U016,field,static,2025-01-03,2025-08-09,False
P00662-D003,P00662,U016,field,training,2023-12-21,2025-01-02,False
P00662-D004,P00662,U016,hard_area,training,2022-02-08,2023-12-20,False
P00662-D005,P00662,U016,hard_area,training,2020-01-14,2022-02-07,False
P00662-D006,P00662,U016,static_station,training,2019-06-09,2020-01-13,False
P00662-D007,P00662,U016,field,training,2018-08-13,2019-06-08,False
P00662-D008,P00662,U016,hard_area,static,2017-11-09,2018-08-12,False
P00663-D001,P00663,U002,field,operational,2023-09-18,,True
P00663-D002,P00663,U002,static_station,operational,2022-06-14,2023-09-17,False
P00663-D003,P00663,U002,field,training,2021-10-09,2022-06-13,False
P00663-D004,P00663,U002,hard_area,static,2020-06-07,2021-10-08,False
P00663-D005,P00663,U002,field,static,2018-08-22,2020-06-06,False
P00663-D006,P00663,U002,static_station,training,2017-04-05,2018-08-21,False
P00663-D007,P00663,U002,field,training,2016-01-21,2017-04-04,False
P00663-D008,P00663,U002,field,static,2014-03-04,2016-01-20,False
P00664-D001,P00664,U004,static_station,static,2024-04-29,,True
P00665-D001,P00665,U002,field,operational,2025-05-15,,True
P00665-D002,P00665,U002,hard_area,static,2025-01-12,2025-05-14,False
P00665-D003,P00665,U002,static_station,static,2023-05-19,2025-01-11,False
P00665-D004,P00665,U002,field,operational,2022-03-07,2023-05-18,False
P00665-D005,P00665,U002,field,static,2020-10-19,2022-03-06,False
P00665-D006,P00665,U002,field,static,2018-10-05,2020-10-18,False
P00665-D007,P00665,U002,static_station,operational,2017-12-20,2018-10-04,False
P00665-D008,P00665,U002,field,training,2017-07-14,2017-12-19,False
P00666-D001,P00666,U004,static_station,static,2025-12-13,,True
P00666-D002,P00666,U004,field,training,2024-10-16,2025-12-12,False
P00666-D003,P00666,U004,hard_area,operational,2023-07-27,2024-10-15,False
P00666-D004,P00666,U004,static_station,training,2022-07-06,2023-07-26,False
P00666-D005,P00666,U004,static_station,training,2022-02-06,2022-07-05,False
P00666-D006,P00666,U004,hard_area,training,2020-10-22,2022-02-05,False
P00666-D007,P00666,U004,static_station,training,2019-10-26,2020-10-21,False
P00666-D008,P00666,U004,field,training,2018-04-09,2019-10-25,False
P00667-D001,P00667,U008,field,operational,2024-10-17,,True
P00667-D002,P00667,U008,static_station,training,2024-02-28,2024-10-16,False
P00667-D003,P00667,U008,static_station,training,2022-05-12,2024-02-27,False
P00667-D004,P00667,U008,hard_area,static,2021-02-24,2022-05-11,False
P00667-D005,P00667,U008,static_station,training,2019-11-06,2021-02-23,False
P00667-D006,P00667,U008,hard_area,training,2017-06-10,2019-11-05,False
P00668-D001,P00668,U007,field,static,2024-08-29,,True
P00668-D002,P00668,U007,hard_area,training,2023-05-11,2024-08-28,False
P00668-D003,P00668,U007,hard_area,static,2021-05-30,2023-05-10,False
P00668-D004,P00668,U007,field,operational,2019-07-08,2021-05-29,False
P00668-D005,P00668,U007,hard_area,operational,2018-10-14,2019-07-07,False
P00668-D006,P00668,U007,field,operational,2018-01-18,2018-10-13,False
P00669-D001,P00669,U008,hard_area,operational,2026-02-14,,True
P00669-D002,P00669,U008,static_station,training,2024-03-12,2026-02-13,False
P00669-D003,P00669,U008,static_station,training,2022-02-13,2024-03-11,False
P00669-D004,P00669,U008,field,training,2021-04-13,2022-02-12,False
P00669-D005,P00669,U008,static_station,training,2020-12-11,2021-04-12,False
P00669-D006,P00669,U008,static_station,training,2019-07-23,2020-12-10,False
P00669-D007,P00669,U008,static_station,training,2018-05-22,2019-07-22,False
P00669-D008,P00669,U008,static_station,training,2018-01-19,2018-05-21,False
P00670-D001,P00670,U014,field,static,2025-02-23,,True
P00670-D002,P00670,U014,field,operational,2023-09-09,2025-02-22,False
P00670-D003,P00670,U014,field,static,2022-11-26,2023-09-08,False
P00670-D004,P00670,U014,hard_area,static,2021-07-30,2022-11-25,False
P00670-D005,P00670,U014,hard_area,operational,2020-11-30,2021-07-29,False
P00670-D006,P00670,U014,field,training,2020-03-30,2020-11-29,False
P00670-D007,P00670,U014,hard_area,operational,2019-02-05,2020-03-29,False
P00671-D001,P00671,U004,static_station,static,2026-06-05,,True
P00671-D002,P00671,U004,static_station,static,2025-07-24,2026-06-04,False
P00671-D003,P00671,U004,hard_area,static,2024-10-24,2025-07-23,False
P00671-D004,P00671,U004,hard_area,static,2022-07-01,2024-10-23,False
P00671-D005,P00671,U004,hard_area,training,2021-08-23,2022-06-30,False
P00671-D006,P00671,U004,hard_area,training,2020-09-08,2021-08-22,False
P00672-D001,P00672,U008,hard_area,operational,2024-02-29,,True
P00673-D001,P00673,U007,static_station,static,2024-10-10,,True
P00674-D001,P00674,U009,static_station,static,2026-07-03,,True
P00674-D002,P00674,U009,field,operational,2025-01-10,2026-07-02,False
P00674-D003,P00674,U009,static_station,static,2024-05-04,2025-01-09,False
P00674-D004,P00674,U009,hard_area,training,2023-03-01,2024-05-03,False
P00674-D005,P00674,U009,static_station,training,2021-04-01,2023-02-28,False
P00674-D006,P00674,U009,field,training,2019-11-19,2021-03-31,False
P00674-D007,P00674,U009,static_station,operational,2018-10-04,2019-11-18,False
P00674-D008,P00674,U009,hard_area,operational,2017-06-20,2018-10-03,False
P00675-D001,P00675,U002,field,operational,2026-04-14,,True
P00675-D002,P00675,U002,hard_area,training,2024-11-11,2026-04-13,False
P00675-D003,P00675,U002,field,static,2023-12-06,2024-11-10,False
P00675-D004,P00675,U002,hard_area,static,2022-09-24,2023-12-05,False
P00675-D005,P00675,U002,field,static,2022-05-25,2022-09-23,False
P00675-D006,P00675,U002,field,training,2022-01-20,2022-05-24,False
P00675-D007,P00675,U002,field,training,2021-07-08,2022-01-19,False
P00675-D008,P00675,U002,static_station,static,2020-09-24,2021-07-07,False
P00676-D001,P00676,U010,field,operational,2024-01-30,,True
P00676-D002,P00676,U010,hard_area,static,2022-04-06,2024-01-29,False
P00677-D001,P00677,U001,static_station,operational,2024-11-12,,True
P00677-D002,P00677,U001,static_station,operational,2023-09-09,2024-11-11,False
P00677-D003,P00677,U001,field,training,2023-02-26,2023-09-08,False
P00678-D001,P00678,U005,field,operational,2024-08-29,,True
P00678-D002,P00678,U005,hard_area,static,2023-05-10,2024-08-28,False
P00678-D003,P00678,U005,field,operational,2022-11-05,2023-05-09,False
P00678-D004,P00678,U005,field,training,2022-02-04,2022-11-04,False
P00678-D005,P00678,U005,static_station,operational,2020-04-11,2022-02-03,False
P00678-D006,P00678,U005,static_station,static,2018-11-14,2020-04-10,False
P00678-D007,P00678,U005,field,static,2018-07-15,2018-11-13,False
P00678-D008,P00678,U005,field,training,2017-09-11,2018-07-14,False
P00679-D001,P00679,U014,static_station,static,2024-12-05,,True
P00679-D002,P00679,U014,hard_area,static,2024-02-19,2024-12-04,False
P00679-D003,P00679,U014,static_station,training,2023-03-08,2024-02-18,False
P00679-D004,P00679,U014,field,static,2021-01-12,2023-03-07,False
P00679-D005,P00679,U014,static_station,operational,2019-02-14,2021-01-11,False
P00679-D006,P00679,U014,static_station,operational,2017-07-06,2019-02-13,False
P00679-D007,P00679,U014,field,static,2016-04-30,2017-07-05,False
P00679-D008,P00679,U014,hard_area,training,2015-03-20,2016-04-29,False
P00680-D001,P00680,U016,hard_area,operational,2025-09-20,,True
P00681-D001,P00681,U004,static_station,static,2023-05-28,,True
P00681-D002,P00681,U004,hard_area,static,2022-10-28,2023-05-27,False
P00681-D003,P00681,U004,field,operational,2021-10-10,2022-10-27,False
P00681-D004,P00681,U004,field,operational,2020-09-21,2021-10-09,False
P00681-D005,P00681,U004,static_station,training,2018-08-24,2020-09-20,False
P00681-D006,P00681,U004,hard_area,static,2017-12-17,2018-08-23,False
P00681-D007,P00681,U004,hard_area,operational,2016-10-05,2017-12-16,False
P00681-D008,P00681,U004,static_station,training,2015-01-26,2016-10-04,False
P00682-D001,P00682,U010,hard_area,operational,2025-10-07,,True
P00682-D002,P00682,U010,field,operational,2024-10-31,2025-10-06,False
P00682-D003,P00682,U010,hard_area,operational,2023-03-22,2024-10-30,False
P00682-D004,P00682,U010,field,training,2021-10-15,2023-03-21,False
P00682-D005,P00682,U010,static_station,static,2019-10-04,2021-10-14,False
P00682-D006,P00682,U010,static_station,training,2018-09-29,2019-10-03,False
P00682-D007,P00682,U010,static_station,static,2018-04-06,2018-09-28,False
P00682-D008,P00682,U010,hard_area,operational,2017-01-28,2018-04-05,False
P00683-D001,P00683,U008,hard_area,operational,2026-02-26,,True
P00684-D001,P00684,U010,hard_area,operational,2024-06-27,,True
P00684-D002,P00684,U010,hard_area,operational,2023-10-31,2024-06-26,False
P00685-D001,P00685,U003,static_station,static,2025-01-10,,True
P00685-D002,P00685,U003,static_station,training,2024-07-13,2025-01-09,False
P00686-D001,P00686,U016,hard_area,operational,2025-05-12,,True
P00686-D002,P00686,U016,hard_area,static,2023-05-23,2025-05-11,False
P00686-D003,P00686,U016,hard_area,operational,2023-01-17,2023-05-22,False
P00687-D001,P00687,U005,hard_area,operational,2026-05-04,,True
P00687-D002,P00687,U005,hard_area,static,2025-05-04,2026-05-03,False
P00687-D003,P00687,U005,field,operational,2024-09-14,2025-05-03,False
P00687-D004,P00687,U005,field,training,2024-02-01,2024-09-13,False
P00687-D005,P00687,U005,hard_area,static,2022-12-27,2024-01-31,False
P00688-D001,P00688,U007,static_station,static,2025-12-28,,True
P00688-D002,P00688,U007,hard_area,operational,2024-06-25,2025-12-27,False
P00688-D003,P00688,U007,field,operational,2023-05-30,2024-06-24,False
P00688-D004,P00688,U007,static_station,operational,2022-02-01,2023-05-29,False
P00688-D005,P00688,U007,static_station,training,2021-06-14,2022-01-31,False
P00688-D006,P00688,U007,hard_area,training,2019-12-13,2021-06-13,False
P00688-D007,P00688,U007,hard_area,static,2018-05-02,2019-12-12,False
P00688-D008,P00688,U007,static_station,static,2016-12-18,2018-05-01,False
P00689-D001,P00689,U006,field,operational,2025-04-13,,True
P00689-D002,P00689,U006,field,static,2024-06-01,2025-04-12,False
P00689-D003,P00689,U006,field,training,2022-08-02,2024-05-31,False
P00689-D004,P00689,U006,static_station,static,2020-12-16,2022-08-01,False
P00689-D005,P00689,U006,hard_area,training,2020-02-06,2020-12-15,False
P00689-D006,P00689,U006,field,operational,2018-08-18,2020-02-05,False
P00689-D007,P00689,U006,field,operational,2018-03-12,2018-08-17,False
P00689-D008,P00689,U006,field,operational,2017-02-15,2018-03-11,False
P00690-D001,P00690,U015,hard_area,operational,2023-09-09,,True
P00690-D002,P00690,U015,static_station,training,2022-04-20,2023-09-08,False
P00690-D003,P00690,U015,hard_area,training,2021-03-07,2022-04-19,False
P00690-D004,P00690,U015,hard_area,training,2020-10-15,2021-03-06,False
P00690-D005,P00690,U015,hard_area,static,2019-12-19,2020-10-14,False
P00690-D006,P00690,U015,hard_area,operational,2019-04-01,2019-12-18,False
P00690-D007,P00690,U015,hard_area,static,2018-11-29,2019-03-31,False
P00690-D008,P00690,U015,hard_area,training,2018-07-29,2018-11-28,False
P00691-D001,P00691,U001,static_station,operational,2025-05-24,,True
P00692-D001,P00692,U007,field,static,2024-10-19,,True
P00692-D002,P00692,U007,hard_area,operational,2023-06-26,2024-10-18,False
P00692-D003,P00692,U007,static_station,training,2021-11-15,2023-06-25,False
P00692-D004,P00692,U007,hard_area,static,2020-11-14,2021-11-14,False
P00692-D005,P00692,U007,field,training,2019-08-26,2020-11-13,False
P00693-D001,P00693,U013,hard_area,operational,2023-03-30,,True
P00693-D002,P00693,U013,static_station,operational,2021-07-19,2023-03-29,False
P00693-D003,P00693,U013,static_station,static,2021-03-18,2021-07-18,False
P00693-D004,P00693,U013,hard_area,static,2020-02-14,2021-03-17,False
P00693-D005,P00693,U013,static_station,static,2019-07-04,2020-02-13,False
P00694-D001,P00694,U009,static_station,static,2026-07-30,,True
P00694-D002,P00694,U009,hard_area,static,2025-06-20,2026-07-29,False
P00694-D003,P00694,U009,static_station,training,2023-09-16,2025-06-19,False
P00694-D004,P00694,U009,static_station,operational,2022-10-15,2023-09-15,False
P00695-D001,P00695,U015,hard_area,operational,2024-10-07,,True
P00695-D002,P00695,U015,static_station,static,2023-05-04,2024-10-06,False
P00695-D003,P00695,U015,static_station,operational,2021-12-05,2023-05-03,False
P00695-D004,P00695,U015,static_station,operational,2020-05-17,2021-12-04,False
P00695-D005,P00695,U015,field,static,2019-06-14,2020-05-16,False
P00695-D006,P00695,U015,field,operational,2018-05-28,2019-06-13,False
P00695-D007,P00695,U015,field,training,2017-03-10,2018-05-27,False
P00696-D001,P00696,U007,static_station,static,2025-07-02,,True
P00696-D002,P00696,U007,hard_area,operational,2024-09-23,2025-07-01,False
P00696-D003,P00696,U007,field,operational,2023-04-22,2024-09-22,False
P00696-D004,P00696,U007,hard_area,static,2022-04-10,2023-04-21,False
P00696-D005,P00696,U007,field,static,2020-10-21,2022-04-09,False
P00696-D006,P00696,U007,field,training,2018-10-17,2020-10-20,False
P00697-D001,P00697,U004,static_station,static,2024-09-17,,True
P00697-D002,P00697,U004,static_station,training,2023-05-27,2024-09-16,False
P00697-D003,P00697,U004,static_station,operational,2022-07-06,2023-05-26,False
P00697-D004,P00697,U004,static_station,operational,2021-08-11,2022-07-05,False
P00697-D005,P00697,U004,hard_area,static,2020-06-28,2021-08-10,False
P00697-D006,P00697,U004,hard_area,training,2019-05-26,2020-06-27,False
P00697-D007,P00697,U004,hard_area,operational,2018-09-05,2019-05-25,False
P00698-D001,P00698,U003,static_station,static,2024-09-28,,True
P00698-D002,P00698,U003,field,operational,2023-02-14,2024-09-27,False
P00698-D003,P00698,U003,hard_area,operational,2021-02-13,2023-02-13,False
P00698-D004,P00698,U003,field,training,2019-04-15,2021-02-12,False
P00698-D005,P00698,U003,static_station,training,2017-08-16,2019-04-14,False
P00698-D006,P00698,U003,hard_area,operational,2017-04-16,2017-08-15,False
P00698-D007,P00698,U003,static_station,operational,2015-09-06,2017-04-15,False
P00698-D008,P00698,U003,static_station,training,2014-06-10,2015-09-05,False
P00699-D001,P00699,U004,static_station,static,2025-04-05,,True
P00699-D002,P00699,U004,field,operational,2024-12-05,2025-04-04,False
P00700-D001,P00700,U003,static_station,static,2024-10-12,,True
P00701-D001,P00701,U012,hard_area,operational,2024-09-07,,True
P00701-D002,P00701,U012,static_station,operational,2024-02-09,2024-09-06,False
P00701-D003,P00701,U012,hard_area,static,2022-10-02,2024-02-08,False
P00701-D004,P00701,U012,field,training,2021-08-07,2022-10-01,False
P00701-D005,P00701,U012,static_station,static,2020-10-22,2021-08-06,False
P00701-D006,P00701,U012,hard_area,training,2018-11-24,2020-10-21,False
P00701-D007,P00701,U012,field,training,2017-05-28,2018-11-23,False
P00701-D008,P00701,U012,static_station,static,2015-01-19,2017-05-27,False
P00702-D001,P00702,U003,static_station,static,2024-12-20,,True
P00702-D002,P00702,U003,field,training,2022-10-25,2024-12-19,False
P00702-D003,P00702,U003,static_station,static,2020-08-06,2022-10-24,False
P00702-D004,P00702,U003,static_station,training,2019-05-10,2020-08-05,False
P00702-D005,P00702,U003,static_station,operational,2018-11-24,2019-05-09,False
P00703-D001,P00703,U014,static_station,static,2026-04-17,,True
P00703-D002,P00703,U014,field,operational,2025-03-09,2026-04-16,False
P00703-D003,P00703,U014,hard_area,operational,2023-09-17,2025-03-08,False
P00703-D004,P00703,U014,field,training,2021-10-11,2023-09-16,False
P00703-D005,P00703,U014,static_station,operational,2020-10-15,2021-10-10,False
P00703-D006,P00703,U014,static_station,operational,2020-01-14,2020-10-14,False
P00703-D007,P00703,U014,hard_area,static,2018-02-12,2020-01-13,False
P00703-D008,P00703,U014,field,static,2017-10-12,2018-02-11,False
P00704-D001,P00704,U001,field,operational,2026-03-07,,True
P00704-D002,P00704,U001,static_station,static,2023-11-04,2026-03-06,False
P00704-D003,P00704,U001,static_station,static,2022-07-27,2023-11-03,False
P00704-D004,P00704,U001,static_station,training,2021-07-08,2022-07-26,False
P00704-D005,P00704,U001,hard_area,training,2020-04-01,2021-07-07,False
P00704-D006,P00704,U001,static_station,operational,2018-07-20,2020-03-31,False
P00704-D007,P00704,U001,static_station,training,2016-12-30,2018-07-19,False
P00704-D008,P00704,U001,hard_area,static,2015-03-09,2016-12-29,False
P00705-D001,P00705,U003,static_station,static,2025-10-13,,True
P00705-D002,P00705,U003,static_station,operational,2025-05-12,2025-10-12,False
P00705-D003,P00705,U003,field,training,2024-05-12,2025-05-11,False
P00705-D004,P00705,U003,static_station,static,2022-08-11,2024-05-11,False
P00705-D005,P00705,U003,static_station,operational,2020-12-19,2022-08-10,False
P00705-D006,P00705,U003,static_station,training,2019-07-05,2020-12-18,False
P00705-D007,P00705,U003,field,static,2018-03-27,2019-07-04,False
P00705-D008,P00705,U003,field,operational,2016-08-02,2018-03-26,False
P00706-D001,P00706,U010,hard_area,operational,2025-02-26,,True
P00706-D002,P00706,U010,field,operational,2024-10-26,2025-02-25,False
P00706-D003,P00706,U010,hard_area,training,2023-10-08,2024-10-25,False
P00706-D004,P00706,U010,static_station,static,2022-08-01,2023-10-07,False
P00706-D005,P00706,U010,field,static,2021-11-05,2022-07-31,False
P00707-D001,P00707,U002,hard_area,operational,2026-04-12,,True
P00707-D002,P00707,U002,field,static,2025-05-30,2026-04-11,False
P00707-D003,P00707,U002,field,training,2024-05-23,2025-05-29,False
P00707-D004,P00707,U002,static_station,operational,2023-03-04,2024-05-22,False
P00707-D005,P00707,U002,static_station,training,2022-11-01,2023-03-03,False
P00707-D006,P00707,U002,static_station,training,2021-02-26,2022-10-31,False
P00707-D007,P00707,U002,static_station,operational,2020-03-25,2021-02-25,False
P00708-D001,P00708,U004,field,static,2024-04-20,,True
P00708-D002,P00708,U004,field,operational,2022-06-03,2024-04-19,False
P00708-D003,P00708,U004,hard_area,operational,2021-07-06,2022-06-02,False
P00709-D001,P00709,U005,field,operational,2025-11-30,,True
P00709-D002,P00709,U005,field,static,2024-10-28,2025-11-29,False
P00709-D003,P00709,U005,static_station,operational,2023-08-24,2024-10-27,False
P00709-D004,P00709,U005,hard_area,static,2022-09-22,2023-08-23,False
P00709-D005,P00709,U005,static_station,operational,2022-03-15,2022-09-21,False
P00710-D001,P00710,U003,static_station,static,2024-02-03,,True
P00710-D002,P00710,U003,hard_area,static,2022-06-16,2024-02-02,False
P00710-D003,P00710,U003,field,operational,2020-06-27,2022-06-15,False
P00710-D004,P00710,U003,static_station,training,2019-12-16,2020-06-26,False
P00711-D001,P00711,U003,static_station,static,2024-11-03,,True
P00711-D002,P00711,U003,hard_area,training,2024-02-19,2024-11-02,False
P00711-D003,P00711,U003,field,operational,2022-11-15,2024-02-18,False
P00711-D004,P00711,U003,hard_area,static,2021-06-25,2022-11-14,False
P00711-D005,P00711,U003,static_station,operational,2019-12-02,2021-06-24,False
P00711-D006,P00711,U003,field,static,2018-06-07,2019-12-01,False
P00711-D007,P00711,U003,field,static,2017-07-10,2018-06-06,False
P00711-D008,P00711,U003,hard_area,operational,2016-01-01,2017-07-09,False
P00712-D001,P00712,U015,hard_area,operational,2026-05-08,,True
P00712-D002,P00712,U015,hard_area,static,2025-02-09,2026-05-07,False
P00712-D003,P00712,U015,hard_area,training,2024-10-09,2025-02-08,False
P00712-D004,P00712,U015,hard_area,training,2024-01-02,2024-10-08,False
P00712-D005,P00712,U015,static_station,training,2023-02-05,2024-01-01,False
P00712-D006,P00712,U015,hard_area,operational,2022-04-27,2023-02-04,False
P00712-D007,P00712,U015,static_station,static,2020-11-25,2022-04-26,False
P00712-D008,P00712,U015,field,static,2020-02-08,2020-11-24,False
P00713-D001,P00713,U008,hard_area,operational,2026-01-08,,True
P00713-D002,P00713,U008,field,operational,2024-12-23,2026-01-07,False
P00714-D001,P00714,U015,field,operational,2025-06-17,,True
P00714-D002,P00714,U015,static_station,static,2024-03-13,2025-06-16,False
P00714-D003,P00714,U015,static_station,static,2022-11-09,2024-03-12,False
P00714-D004,P00714,U015,hard_area,training,2022-06-15,2022-11-08,False
P00714-D005,P00714,U015,hard_area,static,2021-10-22,2022-06-14,False
P00715-D001,P00715,U004,static_station,static,2026-06-18,,True
P00715-D002,P00715,U004,field,training,2025-11-21,2026-06-17,False
P00716-D001,P00716,U007,static_station,static,2025-07-02,,True
P00716-D002,P00716,U007,static_station,static,2023-09-21,2025-07-01,False
P00716-D003,P00716,U007,field,operational,2022-04-14,2023-09-20,False
P00716-D004,P00716,U007,static_station,training,2020-12-20,2022-04-13,False
P00716-D005,P00716,U007,hard_area,training,2019-12-23,2020-12-19,False
P00716-D006,P00716,U007,hard_area,static,2019-03-20,2019-12-22,False
P00716-D007,P00716,U007,hard_area,training,2017-07-13,2019-03-19,False
P00716-D008,P00716,U007,static_station,operational,2015-11-23,2017-07-12,False
P00717-D001,P00717,U010,hard_area,operational,2026-02-24,,True
P00717-D002,P00717,U010,field,static,2024-12-02,2026-02-23,False
P00717-D003,P00717,U010,static_station,static,2023-12-13,2024-12-01,False
P00717-D004,P00717,U010,static_station,static,2023-03-29,2023-12-12,False
P00717-D005,P00717,U010,field,training,2022-11-20,2023-03-28,False
P00717-D006,P00717,U010,static_station,training,2021-05-20,2022-11-19,False
P00717-D007,P00717,U010,field,training,2021-01-17,2021-05-19,False
P00717-D008,P00717,U010,field,training,2020-01-27,2021-01-16,False
P00718-D001,P00718,U001,static_station,operational,2026-04-11,,True
P00718-D002,P00718,U001,field,operational,2025-10-11,2026-04-10,False
P00718-D003,P00718,U001,static_station,training,2023-11-01,2025-10-10,False
P00718-D004,P00718,U001,field,training,2022-08-17,2023-10-31,False
P00718-D005,P00718,U001,static_station,operational,2022-04-17,2022-08-16,False
P00718-D006,P00718,U001,hard_area,static,2020-03-08,2022-04-16,False
P00718-D007,P00718,U001,hard_area,static,2018-08-06,2020-03-07,False
P00718-D008,P00718,U001,hard_area,static,2018-03-24,2018-08-05,False
P00719-D001,P00719,U010,field,operational,2023-11-26,,True
P00719-D002,P00719,U010,static_station,operational,2023-07-26,2023-11-25,False
P00719-D003,P00719,U010,static_station,operational,2022-12-29,2023-07-25,False
P00719-D004,P00719,U010,field,operational,2022-07-21,2022-12-28,False
P00720-D001,P00720,U009,static_station,static,2023-10-08,,True
P00720-D002,P00720,U009,field,static,2022-08-10,2023-10-07,False
P00720-D003,P00720,U009,hard_area,static,2021-01-30,2022-08-09,False
P00721-D001,P00721,U010,hard_area,operational,2023-12-17,,True
P00721-D002,P00721,U010,static_station,training,2023-08-16,2023-12-16,False
P00721-D003,P00721,U010,static_station,static,2022-04-30,2023-08-15,False
P00721-D004,P00721,U010,hard_area,training,2021-12-28,2022-04-29,False
P00721-D005,P00721,U010,hard_area,operational,2020-10-18,2021-12-27,False
P00721-D006,P00721,U010,static_station,operational,2019-09-14,2020-10-17,False
P00721-D007,P00721,U010,static_station,static,2019-05-08,2019-09-13,False
P00721-D008,P00721,U010,field,static,2018-09-08,2019-05-07,False
P00722-D001,P00722,U001,field,operational,2024-10-21,,True
P00722-D002,P00722,U001,static_station,static,2023-12-16,2024-10-20,False
P00722-D003,P00722,U001,field,operational,2023-03-23,2023-12-15,False
P00722-D004,P00722,U001,static_station,operational,2022-08-12,2023-03-22,False
P00722-D005,P00722,U001,static_station,static,2021-09-01,2022-08-11,False
P00722-D006,P00722,U001,field,training,2020-09-06,2021-08-31,False
P00722-D007,P00722,U001,static_station,static,2019-07-30,2020-09-05,False
P00723-D001,P00723,U007,static_station,static,2026-06-25,,True
P00723-D002,P00723,U007,static_station,training,2025-12-22,2026-06-24,False
P00723-D003,P00723,U007,hard_area,operational,2024-06-07,2025-12-21,False
P00723-D004,P00723,U007,field,operational,2022-08-29,2024-06-06,False
P00723-D005,P00723,U007,field,operational,2022-03-13,2022-08-28,False
P00723-D006,P00723,U007,hard_area,training,2020-09-17,2022-03-12,False
P00723-D007,P00723,U007,field,operational,2019-01-23,2020-09-16,False
P00723-D008,P00723,U007,field,static,2017-12-19,2019-01-22,False
P00724-D001,P00724,U011,static_station,operational,2025-03-05,,True
P00725-D001,P00725,U003,static_station,static,2025-10-07,,True
P00726-D001,P00726,U001,static_station,operational,2024-10-25,,True
P00726-D002,P00726,U001,field,training,2024-04-22,2024-10-24,False
P00727-D001,P00727,U006,field,operational,2024-01-23,,True
P00727-D002,P00727,U006,field,static,2022-12-12,2024-01-22,False
P00728-D001,P00728,U015,hard_area,operational,2025-07-03,,True
P00728-D002,P00728,U015,field,operational,2023-11-15,2025-07-02,False
P00728-D003,P00728,U015,static_station,training,2022-06-27,2023-11-14,False
P00728-D004,P00728,U015,static_station,operational,2021-11-06,2022-06-26,False
P00729-D001,P00729,U004,static_station,static,2024-11-02,,True
P00729-D002,P00729,U004,static_station,operational,2023-06-18,2024-11-01,False
P00729-D003,P00729,U004,field,operational,2022-03-10,2023-06-17,False
P00729-D004,P00729,U004,hard_area,training,2021-02-13,2022-03-09,False
P00730-D001,P00730,U009,static_station,static,2024-10-24,,True
P00730-D002,P00730,U009,hard_area,training,2023-09-19,2024-10-23,False
P00730-D003,P00730,U009,static_station,operational,2022-02-11,2023-09-18,False
P00730-D004,P00730,U009,hard_area,static,2020-03-15,2022-02-10,False
P00730-D005,P00730,U009,static_station,training,2018-07-09,2020-03-14,False
P00730-D006,P00730,U009,hard_area,static,2017-04-27,2018-07-08,False
P00730-D007,P00730,U009,field,static,2015-12-27,2017-04-26,False
P00731-D001,P00731,U003,static_station,static,2025-07-31,,True
P00732-D001,P00732,U009,static_station,static,2025-10-24,,True
P00732-D002,P00732,U009,hard_area,static,2023-10-03,2025-10-23,False
P00732-D003,P00732,U009,field,training,2023-03-18,2023-10-02,False
P00732-D004,P00732,U009,field,static,2020-08-26,2023-03-17,False
P00732-D005,P00732,U009,static_station,operational,2019-04-03,2020-08-25,False
P00732-D006,P00732,U009,hard_area,training,2017-08-01,2019-04-02,False
P00732-D007,P00732,U009,hard_area,static,2016-04-12,2017-07-31,False
P00732-D008,P00732,U009,static_station,static,2015-04-07,2016-04-11,False
P00733-D001,P00733,U001,static_station,operational,2025-08-31,,True
P00734-D001,P00734,U006,field,operational,2026-02-20,,True
P00734-D002,P00734,U006,static_station,static,2025-06-12,2026-02-19,False
P00734-D003,P00734,U006,static_station,static,2023-12-11,2025-06-11,False
P00734-D004,P00734,U006,static_station,training,2023-06-15,2023-12-10,False
P00735-D001,P00735,U014,static_station,static,2026-01-15,,True
P00736-D001,P00736,U002,field,operational,2025-07-12,,True
P00736-D002,P00736,U002,hard_area,static,2023-11-21,2025-07-11,False
P00736-D003,P00736,U002,static_station,training,2023-04-25,2023-11-20,False
P00736-D004,P00736,U002,hard_area,static,2022-09-15,2023-04-24,False
P00736-D005,P00736,U002,hard_area,training,2020-06-03,2022-09-14,False
P00736-D006,P00736,U002,field,training,2019-01-16,2020-06-02,False
P00737-D001,P00737,U009,static_station,static,2025-09-11,,True
P00737-D002,P00737,U009,field,operational,2024-08-02,2025-09-10,False
P00737-D003,P00737,U009,hard_area,training,2023-06-07,2024-08-01,False
P00737-D004,P00737,U009,hard_area,operational,2022-01-19,2023-06-06,False
P00737-D005,P00737,U009,static_station,static,2020-11-27,2022-01-18,False
P00737-D006,P00737,U009,static_station,operational,2019-04-05,2020-11-26,False
P00737-D007,P00737,U009,hard_area,static,2018-01-29,2019-04-04,False
P00737-D008,P00737,U009,static_station,static,2016-01-18,2018-01-28,False
P00738-D001,P00738,U001,static_station,operational,2024-08-07,,True
P00738-D002,P00738,U001,static_station,static,2024-04-06,2024-08-06,False
P00738-D003,P00738,U001,static_station,operational,2022-08-15,2024-04-05,False
P00738-D004,P00738,U001,hard_area,static,2020-12-18,2022-08-14,False
P00738-D005,P00738,U001,static_station,static,2019-01-15,2020-12-17,False
P00738-D006,P00738,U001,field,operational,2018-03-23,2019-01-14,False
P00738-D007,P00738,U001,hard_area,static,2017-01-18,2018-03-22,False
P00738-D008,P00738,U001,hard_area,operational,2015-02-06,2017-01-17,False
P00739-D001,P00739,U014,static_station,static,2025-09-26,,True
P00739-D002,P00739,U014,static_station,training,2023-12-01,2025-09-25,False
P00739-D003,P00739,U014,hard_area,static,2022-04-04,2023-11-30,False
P00739-D004,P00739,U014,hard_area,operational,2021-04-13,2022-04-03,False
P00739-D005,P00739,U014,field,operational,2020-06-20,2021-04-12,False
P00739-D006,P00739,U014,static_station,static,2019-01-30,2020-06-19,False
P00739-D007,P00739,U014,field,static,2017-09-20,2019-01-29,False
P00739-D008,P00739,U014,field,operational,2016-06-18,2017-09-19,False
P00740-D001,P00740,U007,static_station,static,2025-08-27,,True
P00740-D002,P00740,U007,hard_area,static,2024-08-10,2025-08-26,False
P00740-D003,P00740,U007,field,training,2022-03-19,2024-08-09,False
P00740-D004,P00740,U007,hard_area,training,2021-06-07,2022-03-18,False
P00740-D005,P00740,U007,field,training,2019-11-01,2021-06-06,False
P00740-D006,P00740,U007,field,operational,2018-09-25,2019-10-31,False
P00741-D001,P00741,U014,static_station,static,2025-09-04,,True
P00741-D002,P00741,U014,hard_area,operational,2024-05-31,2025-09-03,False
P00741-D003,P00741,U014,hard_area,operational,2022-11-01,2024-05-30,False
P00741-D004,P00741,U014,field,operational,2021-07-07,2022-10-31,False
P00742-D001,P00742,U015,hard_area,operational,2025-02-01,,True
P00742-D002,P00742,U015,static_station,training,2023-10-10,2025-01-31,False
P00742-D003,P00742,U015,field,static,2022-09-01,2023-10-09,False
P00742-D004,P00742,U015,hard_area,static,2021-04-01,2022-08-31,False
P00742-D005,P00742,U015,static_station,training,2020-06-01,2021-03-31,False
P00742-D006,P00742,U015,field,operational,2019-07-09,2020-05-31,False
P00742-D007,P00742,U015,static_station,static,2018-03-10,2019-07-08,False
P00743-D001,P00743,U016,static_station,operational,2025-08-10,,True
P00743-D002,P00743,U016,static_station,training,2024-10-25,2025-08-09,False
P00743-D003,P00743,U016,static_station,static,2022-08-10,2024-10-24,False
P00743-D004,P00743,U016,field,operational,2021-03-09,2022-08-09,False
P00743-D005,P00743,U016,hard_area,operational,2019-04-03,2021-03-08,False
P00743-D006,P00743,U016,field,operational,2018-04-11,2019-04-02,False
P00743-D007,P00743,U016,static_station,training,2017-09-22,2018-04-10,False
P00743-D008,P00743,U016,hard_area,operational,2017-04-06,2017-09-21,False
P00744-D001,P00744,U015,hard_area,operational,2026-07-18,,True
P00744-D002,P00744,U015,hard_area,training,2025-08-29,2026-07-17,False
P00745-D001,P00745,U001,static_station,operational,2023-07-27,,True
P00745-D002,P00745,U001,static_station,training,2021-12-29,2023-07-26,False
P00745-D003,P00745,U001,hard_area,training,2020-10-18,2021-12-28,False
P00745-D004,P00745,U001,static_station,operational,2019-04-06,2020-10-17,False
P00746-D001,P00746,U015,hard_area,operational,2024-05-04,,True
P00746-D002,P00746,U015,hard_area,static,2023-07-12,2024-05-03,False
P00746-D003,P00746,U015,static_station,training,2022-01-30,2023-07-11,False
P00746-D004,P00746,U015,static_station,operational,2021-02-14,2022-01-29,False
P00746-D005,P00746,U015,hard_area,static,2019-12-31,2021-02-13,False
P00746-D006,P00746,U015,hard_area,training,2018-10-29,2019-12-30,False
P00746-D007,P00746,U015,field,operational,2018-06-28,2018-10-28,False
P00746-D008,P00746,U015,static_station,training,2016-09-21,2018-06-27,False
P00747-D001,P00747,U007,static_station,static,2024-05-14,,True
P00747-D002,P00747,U007,hard_area,training,2022-06-22,2024-05-13,False
P00747-D003,P00747,U007,hard_area,training,2021-10-20,2022-06-21,False
P00747-D004,P00747,U007,static_station,training,2019-10-27,2021-10-19,False
P00748-D001,P00748,U006,field,operational,2024-09-18,,True
P00748-D002,P00748,U006,field,static,2024-02-10,2024-09-17,False
P00748-D003,P00748,U006,static_station,training,2022-07-02,2024-02-09,False
P00748-D004,P00748,U006,static_station,training,2020-09-19,2022-07-01,False
P00748-D005,P00748,U006,static_station,static,2019-04-16,2020-09-18,False
P00748-D006,P00748,U006,hard_area,static,2018-07-18,2019-04-15,False
P00749-D001,P00749,U007,static_station,static,2024-01-26,,True
P00749-D002,P00749,U007,hard_area,operational,2023-08-10,2024-01-25,False
P00749-D003,P00749,U007,static_station,training,2022-11-27,2023-08-09,False
P00749-D004,P00749,U007,hard_area,operational,2020-12-20,2022-11-26,False
P00749-D005,P00749,U007,field,operational,2019-11-01,2020-12-19,False
P00750-D001,P00750,U003,field,static,2026-02-07,,True
P00750-D002,P00750,U003,field,operational,2024-08-14,2026-02-06,False
P00751-D001,P00751,U007,static_station,static,2024-12-13,,True
P00751-D002,P00751,U007,static_station,training,2022-12-30,2024-12-12,False
P00751-D003,P00751,U007,field,operational,2020-12-09,2022-12-29,False
P00751-D004,P00751,U007,hard_area,static,2018-10-23,2020-12-08,False
P00751-D005,P00751,U007,hard_area,operational,2016-10-04,2018-10-22,False
P00751-D006,P00751,U007,field,operational,2015-05-04,2016-10-03,False
P00751-D007,P00751,U007,hard_area,operational,2014-10-06,2015-05-03,False
P00751-D008,P00751,U007,hard_area,training,2012-10-18,2014-10-05,False
P00752-D001,P00752,U014,static_station,static,2024-07-08,,True
P00752-D002,P00752,U014,hard_area,training,2024-01-03,2024-07-07,False
P00752-D003,P00752,U014,static_station,operational,2022-01-28,2024-01-02,False
P00752-D004,P00752,U014,static_station,operational,2021-01-28,2022-01-27,False
P00752-D005,P00752,U014,hard_area,operational,2020-06-23,2021-01-27,False
P00753-D001,P00753,U006,hard_area,operational,2023-12-29,,True
P00753-D002,P00753,U006,hard_area,training,2023-04-19,2023-12-28,False
P00753-D003,P00753,U006,static_station,training,2022-01-26,2023-04-18,False
P00753-D004,P00753,U006,field,training,2020-07-16,2022-01-25,False
P00753-D005,P00753,U006,static_station,operational,2019-03-16,2020-07-15,False
P00753-D006,P00753,U006,static_station,operational,2018-01-03,2019-03-15,False
P00753-D007,P00753,U006,hard_area,static,2016-04-27,2018-01-02,False
P00754-D001,P00754,U015,hard_area,operational,2026-06-26,,True
P00754-D002,P00754,U015,static_station,training,2025-11-05,2026-06-25,False
P00754-D003,P00754,U015,field,static,2024-12-29,2025-11-04,False
P00755-D001,P00755,U006,field,operational,2024-12-04,,True
P00755-D002,P00755,U006,field,static,2023-07-31,2024-12-03,False
P00755-D003,P00755,U006,static_station,static,2023-01-13,2023-07-30,False
P00755-D004,P00755,U006,static_station,static,2021-10-01,2023-01-12,False
P00755-D005,P00755,U006,static_station,operational,2021-05-11,2021-09-30,False
P00755-D006,P00755,U006,static_station,operational,2019-09-16,2021-05-10,False
P00755-D007,P00755,U006,static_station,operational,2018-07-29,2019-09-15,False
P00755-D008,P00755,U006,hard_area,static,2017-11-27,2018-07-28,False
P00756-D001,P00756,U001,static_station,operational,2024-06-27,,True
P00756-D002,P00756,U001,static_station,training,2022-12-25,2024-06-26,False
P00756-D003,P00756,U001,hard_area,static,2022-04-10,2022-12-24,False
P00756-D004,P00756,U001,static_station,static,2021-03-02,2022-04-09,False
P00756-D005,P00756,U001,hard_area,training,2020-08-31,2021-03-01,False
P00757-D001,P00757,U016,hard_area,operational,2024-07-12,,True
P00757-D002,P00757,U016,hard_area,static,2023-05-07,2024-07-11,False
P00757-D003,P00757,U016,hard_area,operational,2021-10-23,2023-05-06,False
P00757-D004,P00757,U016,hard_area,static,2020-11-03,2021-10-22,False
P00758-D001,P00758,U016,field,operational,2023-11-12,,True
P00758-D002,P00758,U016,static_station,training,2022-05-05,2023-11-11,False
P00758-D003,P00758,U016,field,training,2020-12-17,2022-05-04,False
P00758-D004,P00758,U016,hard_area,operational,2020-01-06,2020-12-16,False
P00758-D005,P00758,U016,static_station,training,2018-12-03,2020-01-05,False
P00759-D001,P00759,U015,hard_area,operational,2025-12-09,,True
P00759-D002,P00759,U015,hard_area,operational,2025-04-27,2025-12-08,False
P00759-D003,P00759,U015,field,operational,2024-08-25,2025-04-26,False
P00759-D004,P00759,U015,static_station,training,2023-10-22,2024-08-24,False
P00760-D001,P00760,U012,static_station,operational,2024-01-03,,True
P00760-D002,P00760,U012,static_station,operational,2023-01-19,2024-01-02,False
P00760-D003,P00760,U012,field,training,2022-05-21,2023-01-18,False
P00760-D004,P00760,U012,static_station,training,2022-01-06,2022-05-20,False
P00760-D005,P00760,U012,hard_area,static,2020-12-16,2022-01-05,False
P00761-D001,P00761,U003,hard_area,static,2026-06-13,,True
P00761-D002,P00761,U003,field,operational,2024-07-26,2026-06-12,False
P00761-D003,P00761,U003,static_station,static,2023-07-22,2024-07-25,False
P00761-D004,P00761,U003,static_station,static,2021-11-30,2023-07-21,False
P00761-D005,P00761,U003,hard_area,operational,2021-03-14,2021-11-29,False
P00761-D006,P00761,U003,field,operational,2019-01-05,2021-03-13,False
P00761-D007,P00761,U003,static_station,operational,2017-10-11,2019-01-04,False
P00761-D008,P00761,U003,hard_area,static,2016-05-21,2017-10-10,False
P00762-D001,P00762,U002,field,operational,2023-09-02,,True
P00762-D002,P00762,U002,field,operational,2022-06-02,2023-09-01,False
P00762-D003,P00762,U002,hard_area,static,2021-02-07,2022-06-01,False
P00762-D004,P00762,U002,static_station,static,2020-04-13,2021-02-06,False
P00762-D005,P00762,U002,static_station,static,2018-12-17,2020-04-12,False
P00762-D006,P00762,U002,field,static,2017-07-19,2018-12-16,False
P00763-D001,P00763,U010,hard_area,operational,2025-05-10,,True
P00763-D002,P00763,U010,static_station,operational,2024-10-12,2025-05-09,False
P00764-D001,P00764,U010,hard_area,operational,2023-01-16,,True
P00764-D002,P00764,U010,field,operational,2021-11-13,2023-01-15,False
P00765-D001,P00765,U004,field,static,2024-11-02,,True
P00765-D002,P00765,U004,hard_area,training,2023-05-13,2024-11-01,False
P00765-D003,P00765,U004,hard_area,operational,2022-10-01,2023-05-12,False
P00766-D001,P00766,U015,hard_area,operational,2026-02-11,,True
P00767-D001,P00767,U007,static_station,static,2024-02-25,,True
P00768-D001,P00768,U002,hard_area,operational,2025-01-23,,True
P00768-D002,P00768,U002,field,training,2024-01-29,2025-01-22,False
P00768-D003,P00768,U002,static_station,static,2023-05-04,2024-01-28,False
P00768-D004,P00768,U002,field,training,2022-03-12,2023-05-03,False
P00768-D005,P00768,U002,hard_area,static,2021-01-23,2022-03-11,False
P00768-D006,P00768,U002,hard_area,training,2019-07-05,2021-01-22,False
P00769-D001,P00769,U001,static_station,operational,2025-12-15,,True
P00769-D002,P00769,U001,field,training,2025-02-08,2025-12-14,False
P00769-D003,P00769,U001,field,operational,2024-06-06,2025-02-07,False
P00769-D004,P00769,U001,field,operational,2023-03-30,2024-06-05,False
P00769-D005,P00769,U001,field,training,2022-11-27,2023-03-29,False
P00769-D006,P00769,U001,static_station,training,2021-11-01,2022-11-26,False
P00769-D007,P00769,U001,hard_area,training,2020-06-26,2021-10-31,False
P00770-D001,P00770,U005,hard_area,operational,2025-05-04,,True
P00770-D002,P00770,U005,static_station,training,2024-01-11,2025-05-03,False
P00770-D003,P00770,U005,static_station,operational,2023-01-29,2024-01-10,False
P00770-D004,P00770,U005,static_station,static,2021-05-10,2023-01-28,False
P00770-D005,P00770,U005,static_station,operational,2020-10-09,2021-05-09,False
P00771-D001,P00771,U013,field,operational,2025-08-03,,True
P00771-D002,P00771,U013,field,operational,2024-06-06,2025-08-02,False
P00771-D003,P00771,U013,static_station,training,2023-10-05,2024-06-05,False
P00772-D001,P00772,U015,field,operational,2026-06-21,,True
P00772-D002,P00772,U015,hard_area,static,2025-09-10,2026-06-20,False
P00772-D003,P00772,U015,hard_area,static,2024-08-19,2025-09-09,False
P00772-D004,P00772,U015,field,static,2023-09-05,2024-08-18,False
P00772-D005,P00772,U015,field,operational,2022-04-11,2023-09-04,False
P00773-D001,P00773,U008,field,operational,2024-02-14,,True
P00773-D002,P00773,U008,hard_area,static,2023-06-29,2024-02-13,False
P00773-D003,P00773,U008,hard_area,training,2021-12-23,2023-06-28,False
P00773-D004,P00773,U008,field,operational,2020-06-28,2021-12-22,False
P00773-D005,P00773,U008,field,operational,2019-05-13,2020-06-27,False
P00774-D001,P00774,U005,field,operational,2025-07-21,,True
P00774-D002,P00774,U005,static_station,operational,2024-06-08,2025-07-20,False
P00774-D003,P00774,U005,field,static,2024-01-09,2024-06-07,False
P00774-D004,P00774,U005,field,training,2022-07-12,2024-01-08,False
P00774-D005,P00774,U005,hard_area,operational,2021-05-29,2022-07-11,False
P00774-D006,P00774,U005,hard_area,static,2020-01-14,2021-05-28,False
P00774-D007,P00774,U005,field,static,2019-06-06,2020-01-13,False
P00774-D008,P00774,U005,hard_area,training,2017-06-20,2019-06-05,False
P00775-D001,P00775,U007,static_station,static,2023-09-26,,True
P00775-D002,P00775,U007,static_station,operational,2023-02-26,2023-09-25,False
P00775-D003,P00775,U007,field,operational,2022-04-07,2023-02-25,False
P00775-D004,P00775,U007,field,static,2020-09-04,2022-04-06,False
P00775-D005,P00775,U007,field,training,2017-11-02,2020-09-03,False
P00775-D006,P00775,U007,static_station,training,2016-06-24,2017-11-01,False
P00776-D001,P00776,U007,static_station,static,2024-06-09,,True
P00776-D002,P00776,U007,static_station,operational,2022-05-08,2024-06-08,False
P00776-D003,P00776,U007,field,operational,2020-10-19,2022-05-07,False
P00776-D004,P00776,U007,static_station,static,2019-06-11,2020-10-18,False
P00776-D005,P00776,U007,hard_area,static,2018-07-18,2019-06-10,False
P00776-D006,P00776,U007,field,static,2017-12-29,2018-07-17,False
P00776-D007,P00776,U007,hard_area,training,2017-05-17,2017-12-28,False
P00777-D001,P00777,U015,hard_area,operational,2025-11-18,,True
P00777-D002,P00777,U015,static_station,training,2025-05-02,2025-11-17,False
P00777-D003,P00777,U015,field,training,2024-05-29,2025-05-01,False
P00777-D004,P00777,U015,hard_area,training,2022-07-29,2024-05-28,False
P00777-D005,P00777,U015,hard_area,training,2020-04-09,2022-07-28,False
P00777-D006,P00777,U015,field,static,2018-09-30,2020-04-08,False
P00777-D007,P00777,U015,hard_area,static,2018-02-03,2018-09-29,False
P00777-D008,P00777,U015,static_station,static,2017-07-28,2018-02-02,False
P00778-D001,P00778,U004,field,static,2024-01-10,,True
P00778-D002,P00778,U004,field,training,2022-08-27,2024-01-09,False
P00778-D003,P00778,U004,field,static,2020-12-06,2022-08-26,False
P00778-D004,P00778,U004,hard_area,training,2019-06-24,2020-12-05,False
P00778-D005,P00778,U004,field,operational,2018-10-17,2019-06-23,False
P00778-D006,P00778,U004,hard_area,operational,2017-03-30,2018-10-16,False
P00778-D007,P00778,U004,hard_area,training,2015-11-22,2017-03-29,False
P00778-D008,P00778,U004,field,static,2014-03-07,2015-11-21,False
P00779-D001,P00779,U014,static_station,static,2024-03-28,,True
P00779-D002,P00779,U014,static_station,static,2022-07-20,2024-03-27,False
P00779-D003,P00779,U014,static_station,static,2021-04-18,2022-07-19,False
P00779-D004,P00779,U014,static_station,training,2020-04-08,2021-04-17,False
P00779-D005,P00779,U014,field,operational,2019-10-27,2020-04-07,False
P00779-D006,P00779,U014,static_station,training,2018-03-21,2019-10-26,False
P00779-D007,P00779,U014,hard_area,training,2016-10-19,2018-03-20,False
P00779-D008,P00779,U014,static_station,operational,2015-09-06,2016-10-18,False
P00780-D001,P00780,U010,hard_area,operational,2024-10-15,,True
P00780-D002,P00780,U010,field,training,2024-01-05,2024-10-14,False
P00780-D003,P00780,U010,field,training,2023-02-21,2024-01-04,False
P00781-D001,P00781,U015,hard_area,operational,2025-11-16,,True
P00781-D002,P00781,U015,hard_area,training,2024-07-20,2025-11-15,False
P00781-D003,P00781,U015,static_station,operational,2023-05-28,2024-07-19,False
P00781-D004,P00781,U015,hard_area,training,2023-01-25,2023-05-27,False
P00781-D005,P00781,U015,hard_area,operational,2022-08-02,2023-01-24,False
P00781-D006,P00781,U015,hard_area,training,2021-05-15,2022-08-01,False
P00781-D007,P00781,U015,field,training,2019-02-25,2021-05-14,False
P00781-D008,P00781,U015,static_station,static,2017-12-25,2019-02-24,False
P00782-D001,P00782,U009,static_station,static,2024-11-17,,True
P00782-D002,P00782,U009,field,operational,2023-10-18,2024-11-16,False
P00782-D003,P00782,U009,static_station,training,2023-03-09,2023-10-17,False
P00782-D004,P00782,U009,field,operational,2022-07-18,2023-03-08,False
P00782-D005,P00782,U009,static_station,training,2021-04-12,2022-07-17,False
P00782-D006,P00782,U009,static_station,training,2019-08-18,2021-04-11,False
P00782-D007,P00782,U009,hard_area,static,2018-12-09,2019-08-17,False
P00783-D001,P00783,U009,static_station,static,2023-06-05,,True
P00783-D002,P00783,U009,hard_area,training,2021-11-09,2023-06-04,False
P00783-D003,P00783,U009,hard_area,static,2020-10-03,2021-11-08,False
P00783-D004,P00783,U009,hard_area,operational,2019-06-26,2020-10-02,False
P00783-D005,P00783,U009,field,static,2018-08-11,2019-06-25,False
P00783-D006,P00783,U009,field,training,2017-02-28,2018-08-10,False
P00783-D007,P00783,U009,hard_area,operational,2015-12-13,2017-02-27,False
P00783-D008,P00783,U009,field,training,2015-01-06,2015-12-12,False
P00784-D001,P00784,U002,hard_area,operational,2025-06-22,,True
P00784-D002,P00784,U002,hard_area,operational,2023-08-11,2025-06-21,False
P00784-D003,P00784,U002,field,training,2023-04-11,2023-08-10,False
P00785-D001,P00785,U009,static_station,static,2023-11-29,,True
P00785-D002,P00785,U009,hard_area,training,2022-11-04,2023-11-28,False
P00785-D003,P00785,U009,static_station,static,2021-05-22,2022-11-03,False
P00785-D004,P00785,U009,hard_area,operational,2019-06-29,2021-05-21,False
P00785-D005,P00785,U009,field,operational,2018-12-11,2019-06-28,False
P00785-D006,P00785,U009,hard_area,operational,2017-08-26,2018-12-10,False
P00786-D001,P00786,U013,field,operational,2024-05-19,,True
P00786-D002,P00786,U013,hard_area,operational,2021-05-18,2024-05-18,False
P00786-D003,P00786,U013,hard_area,operational,2019-03-27,2021-05-17,False
P00786-D004,P00786,U013,hard_area,static,2018-06-21,2019-03-26,False
P00786-D005,P00786,U013,hard_area,static,2017-07-12,2018-06-20,False
P00786-D006,P00786,U013,hard_area,training,2017-02-21,2017-07-11,False
P00787-D001,P00787,U006,field,operational,2025-09-15,,True
P00787-D002,P00787,U006,field,static,2024-06-25,2025-09-14,False
P00787-D003,P00787,U006,static_station,training,2022-08-24,2024-06-24,False
P00787-D004,P00787,U006,hard_area,operational,2021-05-22,2022-08-23,False
P00787-D005,P00787,U006,hard_area,training,2020-04-11,2021-05-21,False
P00788-D001,P00788,U015,hard_area,operational,2025-11-14,,True
P00788-D002,P00788,U015,hard_area,operational,2024-12-08,2025-11-13,False
P00788-D003,P00788,U015,static_station,static,2023-06-29,2024-12-07,False
P00788-D004,P00788,U015,static_station,operational,2022-04-29,2023-06-28,False
P00788-D005,P00788,U015,static_station,training,2020-10-04,2022-04-28,False
P00788-D006,P00788,U015,field,operational,2019-09-08,2020-10-03,False
P00788-D007,P00788,U015,static_station,static,2018-09-01,2019-09-07,False
P00789-D001,P00789,U008,hard_area,operational,2025-09-30,,True
P00789-D002,P00789,U008,field,training,2024-07-07,2025-09-29,False
P00789-D003,P00789,U008,hard_area,training,2023-11-03,2024-07-06,False
P00789-D004,P00789,U008,static_station,static,2022-07-03,2023-11-02,False
P00789-D005,P00789,U008,hard_area,static,2021-09-27,2022-07-02,False
P00789-D006,P00789,U008,hard_area,static,2021-04-13,2021-09-26,False
P00789-D007,P00789,U008,field,operational,2020-12-11,2021-04-12,False
P00789-D008,P00789,U008,field,operational,2019-11-20,2020-12-10,False
P00790-D001,P00790,U004,static_station,static,2026-02-25,,True
P00790-D002,P00790,U004,hard_area,training,2025-04-03,2026-02-24,False
P00791-D001,P00791,U002,hard_area,operational,2025-06-06,,True
P00791-D002,P00791,U002,static_station,static,2024-06-22,2025-06-05,False
P00791-D003,P00791,U002,static_station,operational,2023-06-30,2024-06-21,False
P00791-D004,P00791,U002,static_station,operational,2021-10-03,2023-06-29,False
P00791-D005,P00791,U002,static_station,training,2019-10-21,2021-10-02,False
P00791-D006,P00791,U002,hard_area,training,2018-08-02,2019-10-20,False
P00791-D007,P00791,U002,static_station,static,2017-11-22,2018-08-01,False
P00792-D001,P00792,U006,hard_area,operational,2024-09-08,,True
P00792-D002,P00792,U006,hard_area,training,2023-10-20,2024-09-07,False
P00792-D003,P00792,U006,static_station,operational,2021-12-13,2023-10-19,False
P00792-D004,P00792,U006,field,training,2021-02-21,2021-12-12,False
P00792-D005,P00792,U006,static_station,static,2019-07-30,2021-02-20,False
P00792-D006,P00792,U006,field,operational,2018-12-26,2019-07-29,False
P00793-D001,P00793,U012,hard_area,operational,2025-07-07,,True
P00793-D002,P00793,U012,hard_area,operational,2024-04-16,2025-07-06,False
P00793-D003,P00793,U012,hard_area,training,2022-07-23,2024-04-15,False
P00793-D004,P00793,U012,hard_area,operational,2021-05-08,2022-07-22,False
P00793-D005,P00793,U012,field,training,2020-06-10,2021-05-07,False
P00794-D001,P00794,U001,static_station,operational,2026-07-12,,True
P00794-D002,P00794,U001,field,training,2024-07-06,2026-07-11,False
P00794-D003,P00794,U001,hard_area,operational,2022-04-05,2024-07-05,False
P00794-D004,P00794,U001,field,static,2021-07-28,2022-04-04,False
P00794-D005,P00794,U001,field,static,2019-07-22,2021-07-27,False
P00794-D006,P00794,U001,field,training,2018-11-22,2019-07-21,False
P00795-D001,P00795,U012,hard_area,operational,2025-05-07,,True
P00795-D002,P00795,U012,hard_area,training,2023-12-12,2025-05-06,False
P00796-D001,P00796,U014,static_station,static,2023-09-25,,True
P00796-D002,P00796,U014,field,training,2022-03-27,2023-09-24,False
P00797-D001,P00797,U014,static_station,static,2023-10-01,,True
P00797-D002,P00797,U014,field,training,2022-08-11,2023-09-30,False
P00797-D003,P00797,U014,hard_area,operational,2021-07-22,2022-08-10,False
P00797-D004,P00797,U014,field,training,2021-01-03,2021-07-21,False
P00797-D005,P00797,U014,field,static,2020-03-22,2021-01-02,False
P00797-D006,P00797,U014,static_station,static,2018-12-25,2020-03-21,False
P00797-D007,P00797,U014,field,training,2017-10-13,2018-12-24,False
P00797-D008,P00797,U014,static_station,training,2016-07-21,2017-10-12,False
P00798-D001,P00798,U002,hard_area,operational,2026-01-29,,True
P00798-D002,P00798,U002,static_station,operational,2025-02-21,2026-01-28,False
P00798-D003,P00798,U002,field,static,2023-04-16,2025-02-20,False
P00798-D004,P00798,U002,field,static,2022-03-23,2023-04-15,False
P00798-D005,P00798,U002,static_station,static,2019-12-27,2022-03-22,False
P00798-D006,P00798,U002,hard_area,static,2019-02-28,2019-12-26,False
P00798-D007,P00798,U002,static_station,operational,2018-04-13,2019-02-27,False
P00798-D008,P00798,U002,hard_area,static,2017-04-14,2018-04-12,False
P00799-D001,P00799,U002,hard_area,operational,2026-04-16,,True
P00799-D002,P00799,U002,static_station,static,2025-12-14,2026-04-15,False
P00799-D003,P00799,U002,hard_area,static,2024-09-23,2025-12-13,False
P00799-D004,P00799,U002,static_station,training,2024-05-24,2024-09-22,False
P00799-D005,P00799,U002,static_station,static,2022-12-10,2024-05-23,False
P00800-D001,P00800,U015,hard_area,operational,2025-01-07,,True
P00800-D002,P00800,U015,field,operational,2024-09-06,2025-01-06,False
P00800-D003,P00800,U015,hard_area,static,2024-04-20,2024-09-05,False
P00800-D004,P00800,U015,hard_area,static,2023-02-24,2024-04-19,False
P00800-D005,P00800,U015,hard_area,training,2022-04-25,2023-02-23,False
P00800-D006,P00800,U015,static_station,operational,2021-08-13,2022-04-24,False
P00800-D007,P00800,U015,field,static,2020-02-27,2021-08-12,False
P00800-D008,P00800,U015,hard_area,static,2019-06-09,2020-02-26,False
