personnel_id,month_start,days_on_duty,total_duty_hours,mean_daily_duty_hours,daily_duty_hours_sd,night_shifts,weekly_offs_entitled,weekly_offs_availed
P00001,2024-08-31,27,238.8,8.84,2.38,2,4,1
P00001,2024-09-30,28,246.9,8.82,1.23,10,4,0
P00001,2024-10-31,26,219.1,8.43,3.52,6,4,3
P00001,2024-11-30,29,258.4,8.91,1.85,6,4,3
P00001,2024-12-31,29,261.1,9.0,1.71,15,4,3
P00001,2025-01-30,30,277.2,9.24,1.84,8,4,3
P00001,2025-03-02,29,286.9,9.89,3.62,9,4,3
P00001,2025-04-01,28,281.5,10.05,3.99,10,4,1
P00001,2025-05-01,29,294.1,10.14,2.32,8,4,0
P00001,2025-06-01,29,264.4,9.12,6.0,7,4,2
P00001,2025-07-01,26,253.9,9.76,1.9,7,4,1
P00001,2025-08-01,29,268.0,9.24,2.17,7,4,3
P00001,2025-08-31,28,280.0,10.0,2.48,5,4,3
P00001,2025-10-01,27,268.0,9.92,2.52,3,4,3
P00001,2025-10-31,30,288.8,9.63,2.43,7,4,2
P00001,2025-12-01,30,301.8,10.06,3.49,6,4,3
P00001,2025-12-31,30,282.6,9.42,2.65,7,4,1
P00001,2026-01-30,29,279.0,9.62,1.42,4,4,2
P00001,2026-03-02,28,262.1,9.36,0.84,5,4,2
P00001,2026-04-01,31,273.9,8.84,5.03,7,4,4
P00001,2026-05-02,29,295.3,10.18,2.52,5,4,3
P00001,2026-06-01,28,265.7,9.49,1.55,12,4,3
P00001,2026-07-02,30,285.3,9.51,0.4,6,4,2
P00001,2026-08-01,25,237.9,9.52,3.51,6,4,3
P00002,2024-08-31,29,405.9,14.0,0.45,9,4,1
P00002,2024-09-30,29,402.4,13.87,0.54,9,4,2
P00002,2024-10-31,31,431.9,13.93,0.81,3,4,0
P00002,2024-11-30,28,390.6,13.95,2.76,6,4,0
P00002,2024-12-31,28,383.7,13.7,2.0,8,4,1
P00002,2025-01-30,29,394.5,13.6,4.06,4,4,2
P00002,2025-03-02,31,415.9,13.42,5.49,10,4,0
P00002,2025-04-01,27,371.9,13.77,2.35,8,4,1
P00002,2025-05-01,31,435.3,14.04,0.97,16,4,0
P00002,2025-06-01,27,384.7,14.25,4.45,6,4,2
P00002,2025-07-01,27,390.8,14.47,1.15,3,4,1
P00002,2025-08-01,30,429.2,14.31,0.81,6,4,1
P00002,2025-08-31,28,381.4,13.62,4.77,6,4,1
P00002,2025-10-01,30,433.7,14.46,3.48,5,4,2
P00002,2025-10-31,31,465.4,15.01,2.79,5,4,0
P00002,2025-12-01,28,399.8,14.28,0.86,2,4,0
P00002,2025-12-31,27,381.8,14.14,3.01,10,4,1
P00002,2026-01-30,27,387.4,14.35,3.88,6,4,0
P00002,2026-03-02,29,422.4,14.57,2.67,2,4,0
P00002,2026-04-01,29,436.0,15.04,2.35,10,4,3
P00002,2026-05-02,30,452.7,15.09,1.1,7,4,3
P00002,2026-06-01,27,402.6,14.91,5.67,7,4,1
P00002,2026-07-02,31,456.7,14.73,4.31,6,4,0
P00002,2026-08-01,31,467.2,15.07,1.17,11,4,0
P00003,2024-08-31,26,348.2,13.39,5.53,6,4,2
P00003,2024-09-30,26,352.3,13.55,1.8,4,4,4
P00003,2024-10-31,26,332.3,12.78,1.4,3,4,2
P00003,2024-11-30,26,319.5,12.29,1.29,4,4,0
P00003,2024-12-31,27,330.6,12.24,2.35,6,4,0
P00003,2025-01-30,27,349.3,12.94,2.45,6,4,2
P00003,2025-03-02,28,341.1,12.18,0.87,7,4,1
P00003,2025-04-01,27,353.7,13.1,1.0,3,4,0
P00003,2025-05-01,29,360.0,12.41,5.13,5,4,0
P00003,2025-06-01,29,352.9,12.17,2.66,5,4,0
P00003,2025-07-01,26,333.1,12.81,1.44,5,4,0
P00003,2025-08-01,31,362.4,11.69,1.11,6,4,1
P00003,2025-08-31,26,322.0,12.38,0.31,6,4,0
P00003,2025-10-01,28,327.5,11.7,3.57,4,4,0
P00003,2025-10-31,28,358.3,12.8,2.08,4,4,0
P00003,2025-12-01,27,356.0,13.18,4.75,5,4,1
P00003,2025-12-31,27,336.7,12.47,5.24,3,4,3
P00003,2026-01-30,31,403.2,13.01,2.22,4,4,1
P00003,2026-03-02,28,350.1,12.5,0.2,11,4,2
P00003,2026-04-01,29,370.3,12.77,1.8,4,4,0
P00003,2026-05-02,31,393.5,12.69,5.12,3,4,0
P00003,2026-06-01,25,324.1,12.96,1.86,3,4,1
P00003,2026-07-02,27,341.4,12.64,1.12,8,4,0
P00003,2026-08-01,25,303.1,12.13,5.77,7,4,0
P00004,2024-08-31,27,335.3,12.42,4.64,6,4,1
P00004,2024-09-30,29,361.6,12.47,2.14,5,4,0
P00004,2024-10-31,26,324.1,12.47,4.12,4,4,2
P00004,2024-11-30,28,333.6,11.92,0.81,3,4,1
P00004,2024-12-31,27,342.6,12.69,2.45,4,4,2
P00004,2025-01-30,26,310.4,11.94,2.09,4,4,2
P00004,2025-03-02,26,314.6,12.1,0.78,6,4,0
P00004,2025-04-01,27,321.4,11.9,2.65,3,4,1
P00004,2025-05-01,30,376.8,12.56,1.18,4,4,0
P00004,2025-06-01,30,365.3,12.18,1.38,0,4,0
P00004,2025-07-01,23,269.9,11.74,4.48,7,4,1
P00004,2025-08-01,29,324.3,11.18,0.4,1,4,2
P00004,2025-08-31,29,359.8,12.41,2.17,6,4,1
P00004,2025-10-01,27,322.0,11.93,2.84,2,4,2
P00004,2025-10-31,29,343.8,11.85,6.0,2,4,1
P00004,2025-12-01,27,340.5,12.61,0.37,3,4,2
P00004,2025-12-31,26,302.7,11.64,1.93,5,4,1
P00004,2026-01-30,26,298.1,11.47,0.5,7,4,1
P00004,2026-03-02,27,317.7,11.77,1.47,6,4,3
P00004,2026-04-01,29,335.3,11.56,2.72,7,4,0
P00004,2026-05-02,26,305.4,11.75,0.53,6,4,1
P00004,2026-06-01,28,323.8,11.56,0.26,6,4,1
P00004,2026-07-02,27,332.5,12.31,4.21,7,4,1
P00004,2026-08-01,29,354.2,12.21,3.01,3,4,0
P00005,2024-08-31,25,298.2,11.93,2.69,2,4,1
P00005,2024-09-30,26,320.2,12.32,2.58,3,4,0
P00005,2024-10-31,27,326.0,12.07,1.02,3,4,1
P00005,2024-11-30,29,375.8,12.96,1.59,7,4,0
P00005,2024-12-31,25,314.9,12.59,0.89,2,4,0
P00005,2025-01-30,26,299.8,11.53,3.0,4,4,0
P00005,2025-03-02,28,345.0,12.32,2.38,5,4,0
P00005,2025-04-01,28,358.0,12.78,2.21,2,4,1
P00005,2025-05-01,25,322.4,12.9,2.07,3,4,0
P00005,2025-06-01,27,358.3,13.27,2.38,3,4,1
P00005,2025-07-01,30,367.0,12.23,5.73,4,4,0
P00005,2025-08-01,27,334.8,12.4,2.81,5,4,2
P00005,2025-08-31,31,379.8,12.25,1.15,9,4,1
P00005,2025-10-01,29,366.7,12.65,2.48,2,4,1
P00005,2025-10-31,28,329.5,11.77,0.8,2,4,1
P00005,2025-12-01,28,359.4,12.84,3.88,6,4,1
P00005,2025-12-31,27,345.8,12.81,0.58,4,4,1
P00005,2026-01-30,28,363.7,12.99,1.61,3,4,2
P00005,2026-03-02,27,364.4,13.5,1.76,6,4,2
P00005,2026-04-01,30,386.8,12.89,1.47,6,4,0
P00005,2026-05-02,28,377.6,13.49,1.76,7,4,0
P00005,2026-06-01,27,357.7,13.25,1.97,4,4,1
P00005,2026-07-02,28,378.5,13.52,1.68,4,4,1
P00005,2026-08-01,28,377.9,13.5,2.31,3,4,1
P00006,2024-08-31,27,347.7,12.88,0.42,2,4,0
P00006,2024-09-30,28,379.7,13.56,0.61,6,4,1
P00006,2024-10-31,29,391.7,13.51,0.54,4,4,1
P00006,2024-11-30,28,353.8,12.63,2.29,3,4,1
P00006,2024-12-31,27,371.3,13.75,1.06,3,4,1
P00006,2025-01-30,27,388.2,14.38,2.57,6,4,2
P00006,2025-03-02,27,386.5,14.31,2.9,2,4,1
P00006,2025-04-01,28,393.5,14.05,2.69,4,4,1
P00006,2025-05-01,26,345.7,13.3,2.06,6,4,0
P00006,2025-06-01,28,391.9,14.0,2.2,5,4,0
P00006,2025-07-01,26,355.2,13.66,1.64,4,4,1
P00006,2025-08-01,26,391.3,15.05,6.0,4,4,1
P00006,2025-08-31,29,405.3,13.98,0.44,3,4,2
P00006,2025-10-01,27,377.3,13.97,2.42,2,4,2
P00006,2025-10-31,27,374.8,13.88,0.66,3,4,0
P00006,2025-12-01,29,397.5,13.71,0.36,6,4,1
P00006,2025-12-31,29,407.1,14.04,2.28,4,4,1
P00006,2026-01-30,28,434.5,15.52,0.94,3,4,1
P00006,2026-03-02,30,463.3,15.44,4.56,4,4,0
P00006,2026-04-01,27,392.3,14.53,1.17,7,4,0
P00006,2026-05-02,29,434.5,14.98,0.32,8,4,0
P00006,2026-06-01,27,391.0,14.48,2.61,2,4,1
P00006,2026-07-02,28,420.4,15.02,2.92,5,4,0
P00006,2026-08-01,27,406.3,15.05,1.44,3,4,1
P00007,2024-08-31,25,376.7,15.07,1.4,3,4,0
P00007,2024-09-30,29,391.3,13.49,0.82,6,4,0
P00007,2024-10-31,28,416.7,14.88,0.52,6,4,0
P00007,2024-11-30,28,397.7,14.2,3.12,12,4,0
P00007,2024-12-31,29,415.8,14.34,1.65,7,4,2
P00007,2025-01-30,30,433.6,14.45,1.8,1,4,2
P00007,2025-03-02,30,410.9,13.7,0.79,8,4,0
P00007,2025-04-01,31,435.8,14.06,1.28,7,4,0
P00007,2025-05-01,27,396.6,14.69,4.22,8,4,1
P00007,2025-06-01,30,426.1,14.2,6.0,8,4,0
P00007,2025-07-01,29,400.1,13.8,1.27,7,4,1
P00007,2025-08-01,31,461.7,14.89,2.45,8,4,0
P00007,2025-08-31,31,464.2,14.97,2.35,3,4,1
P00007,2025-10-01,28,420.6,15.02,0.39,5,4,0
P00007,2025-10-31,28,412.1,14.72,3.84,3,4,2
P00007,2025-12-01,29,448.1,15.45,0.94,3,4,1
P00007,2025-12-31,27,411.7,15.25,5.09,7,4,2
P00007,2026-01-30,29,427.1,14.73,1.81,7,4,0
P00007,2026-03-02,30,474.5,15.82,1.58,2,4,2
P00007,2026-04-01,28,419.4,14.98,2.0,9,4,0
P00007,2026-05-02,30,446.2,14.87,0.72,7,4,1
P00007,2026-06-01,28,418.5,14.95,1.47,4,4,1
P00007,2026-07-02,27,405.5,15.02,4.7,5,4,0
P00007,2026-08-01,29,450.4,15.53,6.0,6,4,0
P00008,2024-08-31,31,426.0,13.74,2.03,10,4,1
P00008,2024-09-30,30,432.5,14.42,2.31,6,4,1
P00008,2024-10-31,27,379.9,14.07,1.56,6,4,1
P00008,2024-11-30,31,435.4,14.05,1.84,5,4,1
P00008,2024-12-31,29,426.4,14.7,2.74,11,4,2
P00008,2025-01-30,29,435.9,15.03,3.55,6,4,0
P00008,2025-03-02,31,467.0,15.06,5.51,7,4,0
P00008,2025-04-01,31,469.9,15.16,6.0,3,4,0
P00008,2025-05-01,31,454.3,14.66,5.3,6,4,1
P00008,2025-06-01,29,424.0,14.62,1.28,8,4,1
P00008,2025-07-01,29,405.8,13.99,6.0,13,4,2
P00008,2025-08-01,30,459.2,15.31,6.0,8,4,1
P00008,2025-08-31,30,430.8,14.36,4.15,6,4,2
P00008,2025-10-01,30,420.0,14.0,2.91,8,4,0
P00008,2025-10-31,28,389.9,13.93,0.88,6,4,0
P00008,2025-12-01,29,405.9,14.0,2.24,11,4,1
P00008,2025-12-31,30,419.6,13.99,5.68,13,4,1
P00008,2026-01-30,27,386.8,14.33,1.18,8,4,1
P00008,2026-03-02,28,385.1,13.75,2.91,2,4,0
P00008,2026-04-01,30,398.7,13.29,3.63,11,4,0
P00008,2026-05-02,31,458.8,14.8,4.22,9,4,0
P00008,2026-06-01,28,395.2,14.11,3.76,12,4,2
P00008,2026-07-02,31,431.8,13.93,2.1,4,4,1
P00008,2026-08-01,27,371.4,13.75,0.75,7,4,0
P00009,2024-08-31,29,345.2,11.9,2.94,4,4,1
P00009,2024-09-30,26,324.7,12.49,1.88,3,4,0
P00009,2024-10-31,28,322.6,11.52,1.3,5,4,1
P00009,2024-11-30,27,314.7,11.66,0.73,3,4,1
P00009,2024-12-31,28,336.4,12.01,1.58,8,4,1
P00009,2025-01-30,29,336.9,11.62,3.19,9,4,2
P00009,2025-03-02,25,302.4,12.09,0.5,5,4,0
P00009,2025-04-01,28,331.6,11.84,3.17,3,4,0
P00009,2025-05-01,25,292.8,11.71,1.9,0,4,0
P00009,2025-06-01,25,284.2,11.37,2.05,3,4,2
P00009,2025-07-01,27,298.9,11.07,2.03,2,4,0
P00009,2025-08-01,26,289.7,11.14,1.3,3,4,1
P00009,2025-08-31,27,320.5,11.87,1.53,5,4,2
P00009,2025-10-01,28,311.0,11.11,1.08,3,4,1
P00009,2025-10-31,26,288.7,11.1,0.96,4,4,1
P00009,2025-12-01,26,304.4,11.71,2.64,6,4,3
P00009,2025-12-31,31,357.9,11.54,1.46,2,4,1
P00009,2026-01-30,30,350.0,11.67,1.82,2,4,1
P00009,2026-03-02,28,343.4,12.26,0.86,3,4,0
P00009,2026-04-01,27,330.7,12.25,3.3,1,4,2
P00009,2026-05-02,28,348.3,12.44,1.24,3,4,2
P00009,2026-06-01,26,309.7,11.91,0.6,4,4,1
P00009,2026-07-02,25,306.8,12.27,1.08,1,4,2
P00009,2026-08-01,29,350.1,12.07,2.5,4,4,0
P00010,2024-08-31,28,370.5,13.23,0.88,7,4,3
P00010,2024-09-30,31,429.6,13.86,1.05,4,4,0
P00010,2024-10-31,28,407.2,14.54,6.0,4,4,1
P00010,2024-11-30,26,376.3,14.47,2.47,5,4,0
P00010,2024-12-31,29,405.9,14.0,6.0,4,4,0
P00010,2025-01-30,30,403.4,13.45,2.42,5,4,1
P00010,2025-03-02,29,408.4,14.08,4.22,7,4,1
P00010,2025-04-01,29,423.0,14.59,1.01,4,4,1
P00010,2025-05-01,28,410.2,14.65,1.43,12,4,0
P00010,2025-06-01,29,415.1,14.31,1.02,9,4,0
P00010,2025-07-01,28,411.8,14.71,0.27,5,4,0
P00010,2025-08-01,28,398.8,14.24,0.85,7,4,1
P00010,2025-08-31,26,386.2,14.85,1.31,3,4,1
P00010,2025-10-01,28,420.2,15.01,0.83,6,4,0
P00010,2025-10-31,28,413.5,14.77,2.58,7,4,0
P00010,2025-12-01,28,401.5,14.34,2.44,3,4,1
P00010,2025-12-31,29,428.9,14.79,1.98,7,4,1
P00010,2026-01-30,28,416.0,14.86,0.44,7,4,0
P00010,2026-03-02,31,439.4,14.17,0.95,10,4,1
P00010,2026-04-01,31,451.5,14.56,0.46,4,4,2
P00010,2026-05-02,28,398.9,14.25,1.71,6,4,1
P00010,2026-06-01,30,407.0,13.57,4.76,7,4,0
P00010,2026-07-02,31,448.2,14.46,3.44,8,4,1
P00010,2026-08-01,29,413.2,14.25,3.53,6,4,0
P00011,2024-08-31,30,210.7,7.02,0.93,4,4,2
P00011,2024-09-30,26,194.1,7.47,3.2,3,4,3
P00011,2024-10-31,27,209.7,7.77,0.83,2,4,3
P00011,2024-11-30,28,215.6,7.7,1.9,5,4,2
P00011,2024-12-31,27,197.2,7.3,3.43,3,4,4
P00011,2025-01-30,27,222.6,8.25,2.48,3,4,1
P00011,2025-03-02,27,198.1,7.34,1.18,1,4,3
P00011,2025-04-01,29,218.7,7.54,0.6,4,4,1
P00011,2025-05-01,26,199.4,7.67,0.52,2,4,3
P00011,2025-06-01,27,203.0,7.52,0.9,4,4,3
P00011,2025-07-01,28,231.3,8.26,2.03,3,4,1
P00011,2025-08-01,28,223.6,7.99,2.04,2,4,3
P00011,2025-08-31,26,204.9,7.88,3.79,5,4,1
P00011,2025-10-01,28,227.9,8.14,1.32,4,4,4
P00011,2025-10-31,28,234.5,8.38,1.6,5,4,3
P00011,2025-12-01,27,228.1,8.45,2.6,3,4,1
P00011,2025-12-31,26,215.4,8.28,1.66,5,4,2
P00011,2026-01-30,25,206.7,8.27,1.65,4,4,2
P00011,2026-03-02,25,214.8,8.59,1.09,5,4,4
P00011,2026-04-01,27,234.5,8.68,1.09,4,4,0
P00011,2026-05-02,27,217.9,8.07,0.2,5,4,2
P00011,2026-06-01,27,211.8,7.84,1.05,6,4,3
P00011,2026-07-02,29,265.6,9.16,1.42,10,4,2
P00011,2026-08-01,26,210.4,8.09,0.88,3,4,2
P00012,2024-08-31,29,374.5,12.91,4.42,5,4,0
P00012,2024-09-30,31,392.9,12.67,0.28,6,4,1
P00012,2024-10-31,26,353.5,13.59,2.68,6,4,0
P00012,2024-11-30,24,312.9,13.04,3.17,8,4,0
P00012,2024-12-31,27,370.9,13.74,1.51,5,4,1
P00012,2025-01-30,26,337.3,12.97,0.2,3,4,0
P00012,2025-03-02,29,389.2,13.42,2.08,2,4,1
P00012,2025-04-01,28,407.7,14.56,1.18,8,4,2
P00012,2025-05-01,26,361.9,13.92,1.51,2,4,0
P00012,2025-06-01,27,362.7,13.43,1.23,8,4,1
P00012,2025-07-01,28,382.3,13.65,4.67,9,4,0
P00012,2025-08-01,29,389.0,13.41,1.51,11,4,0
P00012,2025-08-31,28,378.8,13.53,1.05,6,4,2
P00012,2025-10-01,28,381.9,13.64,1.69,9,4,1
P00012,2025-10-31,27,372.8,13.81,0.34,5,4,1
P00012,2025-12-01,31,422.7,13.64,1.21,5,4,1
P00012,2025-12-31,30,432.7,14.42,2.58,6,4,2
P00012,2026-01-30,31,426.6,13.76,1.07,8,4,3
P00012,2026-03-02,28,417.3,14.91,3.93,7,4,2
P00012,2026-04-01,25,362.5,14.5,5.06,3,4,1
P00012,2026-05-02,27,388.0,14.37,2.86,5,4,1
P00012,2026-06-01,29,405.3,13.98,0.7,2,4,1
P00012,2026-07-02,27,387.4,14.35,2.55,5,4,1
P00012,2026-08-01,30,437.7,14.59,5.66,10,4,0
P00013,2024-08-31,27,347.0,12.85,2.19,7,4,0
P00013,2024-09-30,29,379.9,13.1,6.0,9,4,1
P00013,2024-10-31,28,378.4,13.52,6.0,9,4,1
P00013,2024-11-30,27,380.2,14.08,2.42,4,4,2
P00013,2024-12-31,28,367.3,13.12,4.27,5,4,1
P00013,2025-01-30,29,391.4,13.49,0.5,3,4,1
P00013,2025-03-02,29,397.2,13.69,1.66,10,4,1
P00013,2025-04-01,27,358.7,13.29,1.42,6,4,0
P00013,2025-05-01,29,363.5,12.53,2.81,3,4,1
P00013,2025-06-01,28,383.9,13.71,3.59,5,4,2
P00013,2025-07-01,26,375.4,14.44,3.52,6,4,1
P00013,2025-08-01,30,410.6,13.69,3.06,1,4,0
P00013,2025-08-31,29,376.1,12.97,2.17,7,4,1
P00013,2025-10-01,27,366.6,13.58,2.97,3,4,2
P00013,2025-10-31,29,381.9,13.17,3.86,6,4,1
P00013,2025-12-01,30,412.2,13.74,0.98,6,4,1
P00013,2025-12-31,28,395.9,14.14,5.82,2,4,0
P00013,2026-01-30,27,362.5,13.42,2.75,3,4,0
P00013,2026-03-02,26,349.6,13.44,4.47,4,4,0
P00013,2026-04-01,28,395.5,14.12,5.4,6,4,1
P00013,2026-05-02,27,389.0,14.41,1.85,1,4,2
P00013,2026-06-01,28,401.4,14.34,4.57,4,4,1
P00013,2026-07-02,29,429.7,14.82,0.67,5,4,2
P00013,2026-08-01,31,457.9,14.77,0.75,3,4,3
P00014,2024-08-31,26,186.8,7.18,1.79,8,4,2
P00014,2024-09-30,29,219.3,7.56,0.5,3,4,1
P00014,2024-10-31,27,202.9,7.52,2.87,6,4,2
P00014,2024-11-30,28,227.6,8.13,1.23,2,4,2
P00014,2024-12-31,29,211.7,7.3,1.93,8,4,3
P00014,2025-01-30,24,170.6,7.11,1.74,8,4,3
P00014,2025-03-02,29,217.6,7.51,2.08,8,4,1
P00014,2025-04-01,28,209.4,7.48,2.77,3,4,1
P00014,2025-05-01,27,178.2,6.6,0.51,6,4,1
P00014,2025-06-01,30,211.3,7.04,3.92,4,4,3
P00014,2025-07-01,28,215.3,7.69,2.24,4,4,3
P00014,2025-08-01,28,191.9,6.85,0.31,4,4,3
P00014,2025-08-31,30,191.2,6.37,1.06,8,4,1
P00014,2025-10-01,28,186.2,6.65,0.34,6,4,4
P00014,2025-10-31,30,165.6,5.52,1.68,5,4,3
P00014,2025-12-01,25,162.9,6.52,1.93,6,4,4
P00014,2025-12-31,29,185.0,6.38,2.58,5,4,3
P00014,2026-01-30,29,170.4,5.87,1.99,4,4,2
P00014,2026-03-02,30,217.5,7.25,0.59,6,4,0
P00014,2026-04-01,27,181.1,6.71,2.36,4,4,2
P00014,2026-05-02,27,174.5,6.46,1.65,2,4,4
P00014,2026-06-01,27,193.0,7.15,4.41,2,4,2
P00014,2026-07-02,29,198.5,6.85,1.57,4,4,3
P00014,2026-08-01,29,213.5,7.36,0.89,5,4,2
P00015,2024-08-31,28,368.5,13.16,2.35,3,4,2
P00015,2024-09-30,30,382.1,12.74,0.63,6,4,1
P00015,2024-10-31,29,387.9,13.37,1.5,7,4,1
P00015,2024-11-30,26,339.0,13.04,2.59,3,4,0
P00015,2024-12-31,28,384.6,13.73,1.84,4,4,2
P00015,2025-01-30,29,375.3,12.94,1.64,5,4,0
P00015,2025-03-02,27,378.8,14.03,3.66,10,4,0
P00015,2025-04-01,30,415.3,13.84,1.11,7,4,0
P00015,2025-05-01,28,392.3,14.01,2.65,7,4,1
P00015,2025-06-01,31,426.9,13.77,1.56,6,4,1
P00015,2025-07-01,27,368.2,13.64,0.23,3,4,2
P00015,2025-08-01,27,385.1,14.26,3.09,7,4,3
P00015,2025-08-31,30,420.5,14.02,2.12,6,4,1
P00015,2025-10-01,28,389.4,13.91,2.6,5,4,1
P00015,2025-10-31,28,403.6,14.41,1.88,1,4,1
P00015,2025-12-01,28,388.3,13.87,1.89,6,4,0
P00015,2025-12-31,27,368.4,13.64,3.76,9,4,2
P00015,2026-01-30,27,382.3,14.16,4.29,1,4,0
P00015,2026-03-02,29,400.6,13.81,0.74,9,4,0
P00015,2026-04-01,28,402.6,14.38,3.85,6,4,1
P00015,2026-05-02,28,399.1,14.25,0.68,6,4,1
P00015,2026-06-01,26,379.5,14.6,2.7,5,4,0
P00015,2026-07-02,28,404.7,14.45,1.34,8,4,0
P00015,2026-08-01,29,406.2,14.01,1.07,9,4,1
P00016,2024-08-31,31,388.9,12.54,0.88,4,4,0
P00016,2024-09-30,28,364.2,13.01,2.95,5,4,0
P00016,2024-10-31,30,386.4,12.88,1.29,6,4,1
P00016,2024-11-30,29,373.1,12.87,3.12,6,4,1
P00016,2024-12-31,30,393.0,13.1,2.23,4,4,0
P00016,2025-01-30,27,381.9,14.14,2.3,7,4,0
P00016,2025-03-02,31,416.8,13.44,1.12,5,4,0
P00016,2025-04-01,29,383.7,13.23,3.53,8,4,1
P00016,2025-05-01,27,373.4,13.83,1.9,3,4,1
P00016,2025-06-01,29,400.5,13.81,4.52,8,4,0
P00016,2025-07-01,29,409.7,14.13,0.79,5,4,1
P00016,2025-08-01,30,401.0,13.37,3.02,4,4,0
P00016,2025-08-31,30,413.2,13.77,1.43,9,4,0
P00016,2025-10-01,30,411.3,13.71,2.05,6,4,0
P00016,2025-10-31,28,376.8,13.46,0.82,6,4,1
P00016,2025-12-01,31,430.2,13.88,2.94,9,4,1
P00016,2025-12-31,31,420.5,13.56,3.95,7,4,1
P00016,2026-01-30,29,384.5,13.26,4.71,4,4,0
P00016,2026-03-02,31,398.1,12.84,4.7,1,4,1
P00016,2026-04-01,30,379.3,12.64,2.08,4,4,0
P00016,2026-05-02,30,399.2,13.31,1.44,13,4,1
P00016,2026-06-01,30,397.9,13.26,3.05,9,4,3
P00016,2026-07-02,29,383.6,13.23,1.8,7,4,0
P00016,2026-08-01,27,366.1,13.56,1.31,6,4,2
P00017,2024-08-31,27,351.9,13.03,1.97,7,4,1
P00017,2024-09-30,28,345.8,12.35,0.35,4,4,0
P00017,2024-10-31,25,324.8,12.99,1.3,3,4,2
P00017,2024-11-30,26,315.0,12.12,1.34,2,4,1
P00017,2024-12-31,28,348.5,12.44,2.52,6,4,0
P00017,2025-01-30,26,335.4,12.9,1.38,2,4,0
P00017,2025-03-02,27,346.0,12.81,3.54,7,4,2
P00017,2025-04-01,29,373.4,12.88,0.3,3,4,2
P00017,2025-05-01,28,360.0,12.86,4.63,6,4,0
P00017,2025-06-01,26,342.8,13.19,0.61,4,4,0
P00017,2025-07-01,27,353.1,13.08,1.34,4,4,0
P00017,2025-08-01,30,391.0,13.03,0.93,1,4,1
P00017,2025-08-31,28,342.3,12.22,0.93,2,4,0
P00017,2025-10-01,27,347.5,12.87,2.88,4,4,1
P00017,2025-10-31,26,339.3,13.05,1.93,9,4,0
P00017,2025-12-01,30,389.6,12.99,0.86,6,4,0
P00017,2025-12-31,28,375.6,13.41,1.35,3,4,2
P00017,2026-01-30,26,352.6,13.56,2.49,5,4,0
P00017,2026-03-02,30,377.3,12.58,0.63,3,4,1
P00017,2026-04-01,28,349.4,12.48,1.4,2,4,1
P00017,2026-05-02,25,333.6,13.34,2.2,5,4,1
P00017,2026-06-01,29,361.4,12.46,1.08,6,4,1
P00017,2026-07-02,28,356.0,12.71,2.3,6,4,0
P00017,2026-08-01,26,329.3,12.66,0.47,2,4,0
P00018,2024-08-31,28,351.6,12.56,1.84,5,4,1
P00018,2024-09-30,28,347.4,12.41,1.13,4,4,0
P00018,2024-10-31,27,334.2,12.38,2.73,5,4,3
P00018,2024-11-30,27,341.2,12.64,0.96,8,4,1
P00018,2024-12-31,31,399.3,12.88,0.32,8,4,1
P00018,2025-01-30,28,366.5,13.09,5.14,4,4,0
P00018,2025-03-02,26,316.1,12.16,0.83,5,4,0
P00018,2025-04-01,25,318.4,12.74,0.96,5,4,1
P00018,2025-05-01,25,328.3,13.13,0.68,3,4,3
P00018,2025-06-01,29,376.0,12.96,2.24,4,4,0
P00018,2025-07-01,26,340.9,13.11,1.73,4,4,1
P00018,2025-08-01,29,374.1,12.9,1.28,6,4,1
P00018,2025-08-31,27,346.9,12.85,0.22,2,4,0
P00018,2025-10-01,27,349.1,12.93,1.26,8,4,0
P00018,2025-10-31,26,326.7,12.56,2.87,1,4,2
P00018,2025-12-01,29,364.3,12.56,2.1,3,4,1
P00018,2025-12-31,27,337.0,12.48,2.99,3,4,0
P00018,2026-01-30,29,364.8,12.58,0.2,6,4,1
P00018,2026-03-02,26,341.5,13.14,0.71,6,4,0
P00018,2026-04-01,25,336.3,13.45,0.32,5,4,2
P00018,2026-05-02,28,379.6,13.56,2.42,3,4,0
P00018,2026-06-01,28,364.5,13.02,3.13,2,4,0
P00018,2026-07-02,28,380.4,13.59,0.47,6,4,0
P00018,2026-08-01,26,337.2,12.97,2.36,6,4,0
P00019,2024-08-31,26,345.0,13.27,1.72,5,4,1
P00019,2024-09-30,28,350.2,12.51,1.26,3,4,1
P00019,2024-10-31,29,366.1,12.62,1.35,6,4,1
P00019,2024-11-30,25,340.0,13.6,0.5,4,4,0
P00019,2024-12-31,26,342.0,13.15,1.86,9,4,1
P00019,2025-01-30,30,380.8,12.69,2.3,7,4,0
P00019,2025-03-02,28,367.1,13.11,0.21,2,4,0
P00019,2025-04-01,27,324.9,12.03,1.31,2,4,1
P00019,2025-05-01,25,316.4,12.66,2.39,9,4,1
P00019,2025-06-01,28,369.0,13.18,3.81,7,4,2
P00019,2025-07-01,28,358.9,12.82,1.43,4,4,0
P00019,2025-08-01,27,378.7,14.02,3.5,6,4,0
P00019,2025-08-31,28,369.1,13.18,1.7,2,4,1
P00019,2025-10-01,27,370.2,13.71,3.29,2,4,1
P00019,2025-10-31,27,366.8,13.59,1.68,5,4,4
P00019,2025-12-01,29,403.1,13.9,3.32,2,4,1
P00019,2025-12-31,28,377.7,13.49,0.42,4,4,0
P00019,2026-01-30,29,384.0,13.24,0.62,5,4,1
P00019,2026-03-02,29,421.7,14.54,0.56,7,4,2
P00019,2026-04-01,29,400.1,13.8,6.0,4,4,1
P00019,2026-05-02,28,379.4,13.55,1.74,6,4,1
P00019,2026-06-01,27,389.6,14.43,3.29,3,4,1
P00019,2026-07-02,28,395.2,14.11,2.86,9,4,0
P00019,2026-08-01,29,426.4,14.7,3.14,5,4,1
P00020,2024-08-31,29,248.1,8.56,0.72,6,4,2
P00020,2024-09-30,29,249.7,8.61,0.78,7,4,2
P00020,2024-10-31,30,293.9,9.8,2.46,7,4,2
P00020,2024-11-30,30,302.8,10.09,1.51,8,4,3
P00020,2024-12-31,29,303.9,10.48,1.79,6,4,4
P00020,2025-01-30,27,274.2,10.16,1.99,6,4,3
P00020,2025-03-02,29,295.0,10.17,3.38,6,4,4
P00020,2025-04-01,31,320.9,10.35,1.93,7,4,2
P00020,2025-05-01,26,267.0,10.27,1.5,5,4,1
P00020,2025-06-01,29,291.7,10.06,1.0,6,4,0
P00020,2025-07-01,29,287.3,9.91,3.55,6,4,4
P00020,2025-08-01,26,248.6,9.56,2.41,4,4,3
P00020,2025-08-31,26,259.3,9.97,3.02,5,4,2
P00020,2025-10-01,26,241.7,9.3,1.69,5,4,2
P00020,2025-10-31,28,271.2,9.68,0.49,8,4,1
P00020,2025-12-01,31,267.6,8.63,0.76,8,4,1
P00020,2025-12-31,27,232.4,8.61,3.78,7,4,2
P00020,2026-01-30,27,221.9,8.22,3.07,11,4,1
P00020,2026-03-02,29,277.6,9.57,1.52,10,4,2
P00020,2026-04-01,27,240.7,8.92,6.0,6,4,3
P00020,2026-05-02,28,251.0,8.96,0.61,4,4,3
P00020,2026-06-01,31,286.9,9.26,2.35,8,4,1
P00020,2026-07-02,29,261.8,9.03,2.68,6,4,1
P00020,2026-08-01,26,239.0,9.19,5.11,4,4,2
P00021,2024-08-31,29,429.5,14.81,4.56,6,4,1
P00021,2024-09-30,29,418.9,14.45,2.87,11,4,1
P00021,2024-10-31,30,428.0,14.27,1.39,8,4,1
P00021,2024-11-30,28,386.1,13.79,1.56,6,4,2
P00021,2024-12-31,30,408.8,13.63,5.91,6,4,2
P00021,2025-01-30,27,383.7,14.21,2.31,9,4,1
P00021,2025-03-02,31,430.5,13.89,2.61,7,4,1
P00021,2025-04-01,28,405.5,14.48,2.78,6,4,2
P00021,2025-05-01,31,410.9,13.25,1.39,6,4,2
P00021,2025-06-01,28,400.6,14.31,1.26,7,4,1
P00021,2025-07-01,28,383.9,13.71,1.49,6,4,1
P00021,2025-08-01,31,437.3,14.11,5.6,12,4,0
P00021,2025-08-31,31,428.0,13.81,2.98,5,4,0
P00021,2025-10-01,29,405.7,13.99,1.47,11,4,1
P00021,2025-10-31,27,378.4,14.02,3.93,9,4,1
P00021,2025-12-01,29,392.0,13.52,3.0,11,4,0
P00021,2025-12-31,27,387.5,14.35,4.45,8,4,1
P00021,2026-01-30,29,412.0,14.21,1.52,6,4,2
P00021,2026-03-02,31,452.2,14.59,6.0,14,4,4
P00021,2026-04-01,25,343.1,13.72,5.34,9,4,1
P00021,2026-05-02,28,389.1,13.9,3.7,6,4,2
P00021,2026-06-01,27,376.4,13.94,2.31,8,4,2
P00021,2026-07-02,28,392.6,14.02,6.0,8,4,0
P00021,2026-08-01,27,372.7,13.8,0.98,9,4,0
P00022,2024-08-31,28,346.4,12.37,0.89,6,4,0
P00022,2024-09-30,27,343.2,12.71,3.99,5,4,0
P00022,2024-10-31,26,351.3,13.51,0.76,2,4,0
P00022,2024-11-30,28,349.0,12.46,1.23,5,4,2
P00022,2024-12-31,24,315.0,13.12,3.06,2,4,1
P00022,2025-01-30,27,348.0,12.89,3.31,4,4,2
P00022,2025-03-02,27,337.9,12.51,0.81,4,4,2
P00022,2025-04-01,26,343.9,13.23,1.11,1,4,1
P00022,2025-05-01,23,301.4,13.1,0.91,1,4,1
P00022,2025-06-01,27,350.7,12.99,3.06,4,4,0
P00022,2025-07-01,28,368.5,13.16,1.79,1,4,1
P00022,2025-08-01,26,341.7,13.14,0.89,4,4,0
P00022,2025-08-31,29,387.7,13.37,0.37,0,4,1
P00022,2025-10-01,26,344.8,13.26,1.77,3,4,1
P00022,2025-10-31,27,352.0,13.04,2.76,6,4,0
P00022,2025-12-01,26,339.9,13.07,0.2,3,4,1
P00022,2025-12-31,28,362.2,12.94,1.48,2,4,1
P00022,2026-01-30,26,361.0,13.88,1.36,1,4,0
P00022,2026-03-02,26,350.6,13.48,0.73,6,4,2
P00022,2026-04-01,27,353.4,13.09,2.04,4,4,1
P00022,2026-05-02,27,345.4,12.79,0.4,1,4,0
P00022,2026-06-01,28,367.8,13.13,1.69,9,4,0
P00022,2026-07-02,23,310.8,13.51,0.94,4,4,1
P00022,2026-08-01,28,379.0,13.54,1.19,3,4,0
P00023,2024-08-31,26,187.3,7.21,2.98,6,4,1
P00023,2024-09-30,30,231.5,7.72,3.6,3,4,3
P00023,2024-10-31,29,229.8,7.93,0.2,5,4,3
P00023,2024-11-30,27,223.0,8.26,3.09,2,4,2
P00023,2024-12-31,28,215.9,7.71,0.77,3,4,2
P00023,2025-01-30,28,219.2,7.83,3.27,6,4,2
P00023,2025-03-02,24,192.4,8.01,0.71,6,4,1
P00023,2025-04-01,27,220.0,8.15,0.98,3,4,3
P00023,2025-05-01,26,178.0,6.85,0.86,3,4,3
P00023,2025-06-01,26,201.7,7.76,2.08,8,4,3
P00023,2025-07-01,26,214.2,8.24,1.1,5,4,3
P00023,2025-08-01,27,217.0,8.04,0.49,4,4,1
P00023,2025-08-31,27,232.6,8.61,1.34,5,4,2
P00023,2025-10-01,26,197.8,7.61,1.0,7,4,2
P00023,2025-10-31,28,197.8,7.07,3.63,5,4,3
P00023,2025-12-01,26,210.1,8.08,0.77,1,4,2
P00023,2025-12-31,28,205.8,7.35,0.36,3,4,2
P00023,2026-01-30,28,215.9,7.71,1.53,4,4,2
P00023,2026-03-02,28,214.9,7.67,0.2,2,4,2
P00023,2026-04-01,27,205.0,7.59,2.35,0,4,2
P00023,2026-05-02,28,209.0,7.46,0.2,3,4,3
P00023,2026-06-01,27,227.5,8.43,0.94,5,4,3
P00023,2026-07-02,27,228.1,8.45,1.89,5,4,2
P00023,2026-08-01,28,241.7,8.63,0.86,3,4,2
P00024,2024-08-31,28,383.3,13.69,6.0,5,4,0
P00024,2024-09-30,31,420.6,13.57,0.36,17,4,0
P00024,2024-10-31,29,403.7,13.92,3.05,8,4,1
P00024,2024-11-30,28,378.2,13.51,6.0,7,4,0
P00024,2024-12-31,28,372.6,13.31,4.05,6,4,1
P00024,2025-01-30,29,423.7,14.61,0.73,10,4,2
P00024,2025-03-02,31,449.7,14.51,1.02,6,4,1
P00024,2025-04-01,28,390.6,13.95,2.94,3,4,1
P00024,2025-05-01,30,438.4,14.61,3.1,11,4,1
P00024,2025-06-01,27,377.7,13.99,3.66,4,4,0
P00024,2025-07-01,28,399.0,14.25,3.53,6,4,1
P00024,2025-08-01,31,439.0,14.16,5.09,3,4,1
P00024,2025-08-31,30,433.2,14.44,0.24,8,4,1
P00024,2025-10-01,29,425.8,14.68,0.5,8,4,0
P00024,2025-10-31,30,424.7,14.16,2.78,7,4,1
P00024,2025-12-01,31,439.1,14.17,3.07,8,4,0
P00024,2025-12-31,31,436.7,14.09,5.42,5,4,0
P00024,2026-01-30,28,392.6,14.02,3.73,7,4,0
P00024,2026-03-02,31,438.9,14.16,4.46,4,4,1
P00024,2026-04-01,28,402.2,14.36,5.39,6,4,1
P00024,2026-05-02,29,395.7,13.65,3.02,7,4,1
P00024,2026-06-01,30,419.5,13.98,1.13,5,4,0
P00024,2026-07-02,29,417.1,14.38,0.7,10,4,0
P00024,2026-08-01,31,398.9,12.87,0.44,7,4,1
P00025,2024-08-31,28,361.5,12.91,1.03,5,4,0
P00025,2024-09-30,28,341.0,12.18,0.2,8,4,1
P00025,2024-10-31,29,375.5,12.95,0.48,3,4,1
P00025,2024-11-30,23,303.8,13.21,2.42,0,4,2
P00025,2024-12-31,28,359.5,12.84,1.52,3,4,1
P00025,2025-01-30,29,381.7,13.16,0.64,5,4,1
P00025,2025-03-02,27,355.9,13.18,0.67,1,4,0
P00025,2025-04-01,26,329.5,12.67,1.37,5,4,2
P00025,2025-05-01,28,345.1,12.33,2.37,6,4,0
P00025,2025-06-01,27,333.0,12.33,4.25,5,4,1
P00025,2025-07-01,29,353.6,12.19,1.59,4,4,0
P00025,2025-08-01,26,329.6,12.68,1.87,6,4,0
P00025,2025-08-31,27,318.0,11.78,0.74,3,4,1
P00025,2025-10-01,28,337.1,12.04,1.68,4,4,2
P00025,2025-10-31,26,317.1,12.2,1.06,6,4,0
P00025,2025-12-01,26,303.1,11.66,1.75,5,4,1
P00025,2025-12-31,25,282.3,11.29,3.3,5,4,2
P00025,2026-01-30,29,320.1,11.04,3.23,3,4,2
P00025,2026-03-02,28,301.5,10.77,0.85,2,4,0
P00025,2026-04-01,26,294.8,11.34,1.74,4,4,2
P00025,2026-05-02,31,325.1,10.49,1.58,6,4,0
P00025,2026-06-01,26,286.3,11.01,1.6,2,4,0
P00025,2026-07-02,27,283.2,10.49,2.16,5,4,2
P00025,2026-08-01,29,318.1,10.97,0.56,4,4,2
P00026,2024-08-31,27,370.2,13.71,2.97,8,4,0
P00026,2024-09-30,26,347.6,13.37,1.7,7,4,1
P00026,2024-10-31,28,391.9,14.0,1.64,12,4,2
P00026,2024-11-30,28,379.6,13.56,3.49,3,4,1
P00026,2024-12-31,31,423.1,13.65,4.04,11,4,2
P00026,2025-01-30,28,385.1,13.75,5.55,4,4,0
P00026,2025-03-02,31,438.1,14.13,2.07,5,4,1
P00026,2025-04-01,28,393.9,14.07,1.25,4,4,1
P00026,2025-05-01,30,437.6,14.59,2.97,4,4,3
P00026,2025-06-01,28,386.0,13.78,2.44,8,4,2
P00026,2025-07-01,31,434.9,14.03,0.93,9,4,2
P00026,2025-08-01,29,402.0,13.86,1.56,6,4,1
P00026,2025-08-31,31,439.3,14.17,3.47,5,4,0
P00026,2025-10-01,29,406.9,14.03,4.29,2,4,1
P00026,2025-10-31,29,413.9,14.27,5.31,8,4,2
P00026,2025-12-01,29,417.8,14.41,0.56,4,4,0
P00026,2025-12-31,30,453.5,15.12,1.7,5,4,0
P00026,2026-01-30,28,408.9,14.6,1.53,6,4,1
P00026,2026-03-02,31,476.4,15.37,3.98,9,4,1
P00026,2026-04-01,29,428.6,14.78,2.21,10,4,2
P00026,2026-05-02,29,437.3,15.08,2.52,11,4,1
P00026,2026-06-01,30,446.4,14.88,2.09,9,4,0
P00026,2026-07-02,25,385.2,15.41,2.08,3,4,0
P00026,2026-08-01,28,447.9,16.0,6.0,6,4,0
P00027,2024-08-31,30,229.6,7.65,2.28,6,4,3
P00027,2024-09-30,28,241.8,8.63,0.29,1,4,2
P00027,2024-10-31,30,262.6,8.75,4.01,4,4,0
P00027,2024-11-30,28,247.5,8.84,4.7,7,4,2
P00027,2024-12-31,28,248.1,8.86,3.78,2,4,3
P00027,2025-01-30,27,235.7,8.73,2.03,2,4,1
P00027,2025-03-02,27,226.5,8.39,0.67,5,4,3
P00027,2025-04-01,29,266.3,9.18,4.14,5,4,3
P00027,2025-05-01,29,287.5,9.91,1.32,8,4,1
P00027,2025-06-01,28,256.9,9.17,0.97,6,4,2
P00027,2025-07-01,30,256.0,8.53,3.21,3,4,2
P00027,2025-08-01,27,253.6,9.39,2.92,10,4,1
P00027,2025-08-31,29,246.9,8.51,0.5,5,4,3
P00027,2025-10-01,27,232.7,8.62,6.0,1,4,2
P00027,2025-10-31,31,285.1,9.2,0.97,5,4,2
P00027,2025-12-01,28,252.6,9.02,3.48,4,4,2
P00027,2025-12-31,30,281.0,9.37,1.77,7,4,2
P00027,2026-01-30,25,248.9,9.95,2.79,1,4,2
P00027,2026-03-02,29,271.8,9.37,0.52,5,4,3
P00027,2026-04-01,31,275.1,8.88,0.79,7,4,0
P00027,2026-05-02,31,295.7,9.54,2.63,4,4,0
P00027,2026-06-01,29,283.5,9.77,1.97,6,4,3
P00027,2026-07-02,30,307.6,10.25,0.69,7,4,3
P00027,2026-08-01,29,290.4,10.01,3.13,5,4,0
P00028,2024-08-31,31,432.6,13.96,2.44,7,4,1
P00028,2024-09-30,29,388.4,13.39,0.34,8,4,0
P00028,2024-10-31,29,406.3,14.01,0.43,7,4,1
P00028,2024-11-30,31,432.4,13.95,3.07,7,4,1
P00028,2024-12-31,31,415.2,13.39,2.99,7,4,1
P00028,2025-01-30,31,432.1,13.94,0.79,3,4,1
P00028,2025-03-02,31,403.5,13.02,1.26,8,4,1
P00028,2025-04-01,31,406.2,13.1,5.56,6,4,1
P00028,2025-05-01,28,368.5,13.16,1.04,6,4,0
P00028,2025-06-01,28,386.0,13.79,0.5,12,4,1
P00028,2025-07-01,31,403.8,13.03,0.75,12,4,1
P00028,2025-08-01,28,389.2,13.9,2.74,7,4,0
P00028,2025-08-31,30,420.1,14.0,1.06,10,4,1
P00028,2025-10-01,31,398.7,12.86,1.3,5,4,1
P00028,2025-10-31,28,387.6,13.84,1.28,7,4,0
P00028,2025-12-01,31,412.2,13.3,1.81,13,4,2
P00028,2025-12-31,27,369.2,13.67,0.86,8,4,0
P00028,2026-01-30,28,368.6,13.16,2.15,7,4,0
P00028,2026-03-02,28,376.2,13.44,3.66,2,4,0
P00028,2026-04-01,31,426.6,13.76,1.45,5,4,1
P00028,2026-05-02,31,420.0,13.55,3.11,5,4,1
P00028,2026-06-01,29,406.2,14.01,3.5,9,4,2
P00028,2026-07-02,29,396.8,13.68,5.65,7,4,1
P00028,2026-08-01,31,418.1,13.49,3.56,7,4,0
P00029,2024-08-31,28,362.3,12.94,2.03,8,4,0
P00029,2024-09-30,28,368.0,13.14,4.09,7,4,0
P00029,2024-10-31,29,393.2,13.56,0.93,2,4,0
P00029,2024-11-30,27,357.1,13.23,1.21,4,4,2
P00029,2024-12-31,25,321.7,12.87,1.64,3,4,0
P00029,2025-01-30,27,391.7,14.51,3.23,5,4,0
P00029,2025-03-02,30,409.4,13.65,0.2,2,4,2
P00029,2025-04-01,29,383.4,13.22,1.97,5,4,1
P00029,2025-05-01,28,372.9,13.32,3.0,3,4,0
P00029,2025-06-01,27,356.1,13.19,0.94,0,4,1
P00029,2025-07-01,26,364.0,14.0,0.4,4,4,0
P00029,2025-08-01,30,414.5,13.82,0.2,4,4,1
P00029,2025-08-31,29,389.8,13.44,1.09,6,4,2
P00029,2025-10-01,26,348.4,13.4,3.58,5,4,0
P00029,2025-10-31,27,350.8,12.99,2.65,4,4,1
P00029,2025-12-01,25,326.7,13.07,1.5,4,4,0
P00029,2025-12-31,27,351.8,13.03,0.57,3,4,0
P00029,2026-01-30,26,338.8,13.03,0.5,5,4,1
P00029,2026-03-02,27,355.1,13.15,1.6,2,4,1
P00029,2026-04-01,27,372.3,13.79,3.25,6,4,2
P00029,2026-05-02,28,378.8,13.53,2.49,4,4,1
P00029,2026-06-01,25,326.7,13.07,4.99,6,4,1
P00029,2026-07-02,26,341.0,13.12,3.81,4,4,1
P00029,2026-08-01,28,359.2,12.83,6.0,5,4,1
P00030,2024-08-31,29,397.0,13.69,2.71,1,4,0
P00030,2024-09-30,27,342.9,12.7,6.0,7,4,1
P00030,2024-10-31,26,365.8,14.07,0.54,9,4,1
P00030,2024-11-30,30,409.7,13.66,6.0,4,4,1
P00030,2024-12-31,31,386.4,12.46,2.84,4,4,1
P00030,2025-01-30,29,357.9,12.34,3.1,0,4,2
P00030,2025-03-02,29,372.6,12.85,3.0,8,4,0
P00030,2025-04-01,30,368.9,12.3,2.44,11,4,0
P00030,2025-05-01,29,371.7,12.82,1.11,7,4,0
P00030,2025-06-01,27,342.9,12.7,2.54,6,4,1
P00030,2025-07-01,28,372.6,13.31,3.72,8,4,1
P00030,2025-08-01,27,347.3,12.86,1.73,5,4,0
P00030,2025-08-31,30,386.7,12.89,2.98,5,4,1
P00030,2025-10-01,27,350.3,12.97,2.09,2,4,1
P00030,2025-10-31,30,403.0,13.43,2.56,9,4,1
P00030,2025-12-01,30,394.2,13.14,0.89,5,4,0
P00030,2025-12-31,31,402.5,12.99,0.69,2,4,0
P00030,2026-01-30,30,400.4,13.35,1.98,5,4,1
P00030,2026-03-02,28,366.6,13.09,1.51,8,4,2
P00030,2026-04-01,28,385.6,13.77,2.51,3,4,0
P00030,2026-05-02,28,367.2,13.11,3.09,5,4,1
P00030,2026-06-01,27,358.1,13.26,0.2,3,4,0
P00030,2026-07-02,26,358.1,13.77,1.78,6,4,1
P00030,2026-08-01,30,411.1,13.7,2.94,4,4,1
P00031,2024-08-31,29,377.2,13.01,2.71,5,4,0
P00031,2024-09-30,29,358.8,12.37,2.57,7,4,0
P00031,2024-10-31,28,358.1,12.79,4.02,7,4,1
P00031,2024-11-30,31,394.4,12.72,6.0,5,4,2
P00031,2024-12-31,28,357.4,12.76,1.09,5,4,2
P00031,2025-01-30,28,357.6,12.77,2.75,2,4,2
P00031,2025-03-02,29,368.0,12.69,3.02,3,4,0
P00031,2025-04-01,29,371.0,12.79,1.27,8,4,1
P00031,2025-05-01,29,368.9,12.72,3.49,3,4,1
P00031,2025-06-01,25,313.9,12.56,2.01,4,4,0
P00031,2025-07-01,27,351.3,13.01,3.63,5,4,1
P00031,2025-08-01,30,369.9,12.33,0.61,7,4,2
P00031,2025-08-31,28,362.6,12.95,3.34,3,4,0
P00031,2025-10-01,30,380.4,12.68,2.31,11,4,2
P00031,2025-10-31,29,381.3,13.15,3.39,4,4,2
P00031,2025-12-01,27,354.5,13.13,1.5,8,4,0
P00031,2025-12-31,27,352.8,13.07,0.2,5,4,0
P00031,2026-01-30,26,325.4,12.51,2.93,5,4,2
P00031,2026-03-02,29,356.3,12.29,5.97,7,4,2
P00031,2026-04-01,30,387.2,12.91,2.78,7,4,1
P00031,2026-05-02,29,375.3,12.94,0.88,4,4,3
P00031,2026-06-01,29,372.1,12.83,2.72,4,4,1
P00031,2026-07-02,25,322.3,12.89,2.32,8,4,1
P00031,2026-08-01,26,344.0,13.23,0.71,11,4,1
P00032,2024-08-31,31,285.8,9.22,3.29,3,4,3
P00032,2024-09-30,30,264.2,8.81,2.72,6,4,2
P00032,2024-10-31,28,244.2,8.72,1.47,9,4,3
P00032,2024-11-30,28,266.1,9.5,1.71,3,4,2
P00032,2024-12-31,30,276.5,9.22,1.75,4,4,1
P00032,2025-01-30,27,230.1,8.52,6.0,6,4,3
P00032,2025-03-02,28,244.1,8.72,1.55,8,4,3
P00032,2025-04-01,29,240.6,8.3,2.25,8,4,1
P00032,2025-05-01,26,215.6,8.29,5.06,9,4,1
P00032,2025-06-01,30,255.2,8.51,3.23,4,4,2
P00032,2025-07-01,26,225.8,8.68,5.62,6,4,1
P00032,2025-08-01,31,292.9,9.45,5.12,6,4,2
P00032,2025-08-31,29,264.9,9.14,4.71,5,4,2
P00032,2025-10-01,29,247.8,8.55,0.2,6,4,2
P00032,2025-10-31,27,220.2,8.16,0.2,7,4,3
P00032,2025-12-01,29,244.4,8.43,2.51,8,4,1
P00032,2025-12-31,26,211.3,8.13,6.0,2,4,2
P00032,2026-01-30,28,212.7,7.6,1.53,10,4,2
P00032,2026-03-02,27,217.4,8.05,2.37,6,4,1
P00032,2026-04-01,26,195.0,7.5,2.22,6,4,3
P00032,2026-05-02,30,226.2,7.54,3.83,4,4,1
P00032,2026-06-01,29,237.4,8.19,1.63,10,4,3
P00032,2026-07-02,29,263.9,9.1,4.46,5,4,2
P00032,2026-08-01,28,235.1,8.4,1.24,5,4,2
P00033,2024-08-31,27,358.9,13.29,1.62,4,4,0
P00033,2024-09-30,31,392.4,12.66,3.01,5,4,0
P00033,2024-10-31,27,333.9,12.37,1.96,4,4,2
P00033,2024-11-30,26,349.6,13.45,4.37,4,4,0
P00033,2024-12-31,27,350.8,12.99,2.36,6,4,0
P00033,2025-01-30,28,371.6,13.27,1.01,5,4,0
P00033,2025-03-02,26,329.9,12.69,3.31,7,4,2
P00033,2025-04-01,29,372.8,12.86,1.8,2,4,1
P00033,2025-05-01,29,362.2,12.49,1.11,7,4,0
P00033,2025-06-01,28,381.1,13.61,1.7,5,4,0
P00033,2025-07-01,29,398.4,13.74,3.51,4,4,1
P00033,2025-08-01,24,319.9,13.33,1.85,1,4,3
P00033,2025-08-31,28,365.2,13.04,1.33,8,4,1
P00033,2025-10-01,25,325.7,13.03,1.85,7,4,1
P00033,2025-10-31,28,355.9,12.71,2.38,5,4,1
P00033,2025-12-01,27,357.3,13.23,1.64,1,4,0
P00033,2025-12-31,27,375.0,13.89,1.23,6,4,0
P00033,2026-01-30,27,372.8,13.81,2.21,6,4,1
P00033,2026-03-02,28,385.4,13.76,2.69,7,4,1
P00033,2026-04-01,26,362.4,13.94,0.81,7,4,1
P00033,2026-05-02,29,407.8,14.06,0.39,3,4,1
P00033,2026-06-01,28,381.1,13.61,6.0,4,4,0
P00033,2026-07-02,25,342.5,13.7,1.91,3,4,2
P00033,2026-08-01,28,395.5,14.13,1.13,3,4,0
P00034,2024-08-31,26,231.7,8.91,4.18,7,4,3
P00034,2024-09-30,28,260.5,9.3,1.24,7,4,2
P00034,2024-10-31,31,272.3,8.78,1.66,3,4,2
P00034,2024-11-30,30,248.1,8.27,0.83,4,4,1
P00034,2024-12-31,27,226.8,8.4,3.38,6,4,4
P00034,2025-01-30,28,230.8,8.24,3.9,6,4,3
P00034,2025-03-02,29,236.1,8.14,1.14,6,4,1
P00034,2025-04-01,28,235.1,8.4,1.91,7,4,2
P00034,2025-05-01,28,221.3,7.9,2.31,8,4,3
P00034,2025-06-01,31,258.7,8.34,3.22,3,4,4
P00034,2025-07-01,25,208.5,8.34,5.03,10,4,1
P00034,2025-08-01,27,230.0,8.52,2.96,6,4,1
P00034,2025-08-31,29,229.2,7.9,3.59,4,4,4
P00034,2025-10-01,30,231.6,7.72,1.01,7,4,4
P00034,2025-10-31,31,251.8,8.12,1.08,14,4,3
P00034,2025-12-01,31,257.8,8.32,1.2,10,4,1
P00034,2025-12-31,28,234.2,8.36,2.57,9,4,2
P00034,2026-01-30,28,268.0,9.57,6.0,8,4,3
P00034,2026-03-02,29,257.3,8.87,1.27,7,4,2
P00034,2026-04-01,26,227.9,8.77,1.06,5,4,2
P00034,2026-05-02,29,259.4,8.94,0.58,7,4,3
P00034,2026-06-01,29,257.1,8.87,1.58,10,4,3
P00034,2026-07-02,27,237.3,8.79,4.29,9,4,3
P00034,2026-08-01,28,234.0,8.36,6.0,7,4,2
P00035,2024-08-31,30,271.3,9.04,0.32,5,4,3
P00035,2024-09-30,31,291.7,9.41,1.33,6,4,3
P00035,2024-10-31,30,287.9,9.6,1.59,4,4,3
P00035,2024-11-30,28,266.6,9.52,3.92,5,4,2
P00035,2024-12-31,27,265.8,9.85,4.11,3,4,3
P00035,2025-01-30,27,257.7,9.55,5.1,10,4,3
P00035,2025-03-02,28,263.4,9.41,1.61,9,4,4
P00035,2025-04-01,29,263.2,9.08,5.22,8,4,3
P00035,2025-05-01,27,263.9,9.78,2.58,10,4,3
P00035,2025-06-01,31,303.5,9.79,4.71,6,4,2
P00035,2025-07-01,28,276.8,9.89,1.25,9,4,1
P00035,2025-08-01,30,290.0,9.67,6.0,7,4,3
P00035,2025-08-31,30,313.6,10.45,4.45,5,4,2
P00035,2025-10-01,31,323.5,10.43,0.38,10,4,1
P00035,2025-10-31,31,299.9,9.67,5.38,8,4,1
P00035,2025-12-01,30,276.7,9.22,1.33,4,4,2
P00035,2025-12-31,31,295.9,9.55,0.53,5,4,2
P00035,2026-01-30,29,267.6,9.23,1.32,7,4,4
P00035,2026-03-02,31,301.9,9.74,5.56,9,4,1
P00035,2026-04-01,30,306.8,10.23,4.83,6,4,0
P00035,2026-05-02,30,280.9,9.36,0.71,5,4,3
P00035,2026-06-01,28,272.2,9.72,2.94,3,4,2
P00035,2026-07-02,30,301.8,10.06,4.1,12,4,2
P00035,2026-08-01,30,286.9,9.56,0.75,2,4,2
P00036,2024-08-31,30,370.6,12.35,1.33,5,4,1
P00036,2024-09-30,29,377.1,13.0,3.79,4,4,1
P00036,2024-10-31,27,365.6,13.54,2.37,4,4,0
P00036,2024-11-30,27,348.5,12.91,0.93,4,4,1
P00036,2024-12-31,29,372.2,12.83,2.51,3,4,2
P00036,2025-01-30,27,338.3,12.53,1.93,6,4,1
P00036,2025-03-02,29,354.3,12.22,1.56,9,4,0
P00036,2025-04-01,26,343.6,13.22,0.86,4,4,1
P00036,2025-05-01,28,332.8,11.89,0.77,2,4,0
P00036,2025-06-01,27,311.9,11.55,2.13,3,4,0
P00036,2025-07-01,30,366.3,12.21,2.06,5,4,0
P00036,2025-08-01,26,327.9,12.61,2.13,5,4,1
P00036,2025-08-31,26,319.4,12.29,1.56,5,4,0
P00036,2025-10-01,26,328.6,12.64,1.61,8,4,1
P00036,2025-10-31,26,309.6,11.91,2.26,1,4,0
P00036,2025-12-01,27,301.1,11.15,1.12,3,4,0
P00036,2025-12-31,29,347.6,11.99,1.79,2,4,1
P00036,2026-01-30,28,327.2,11.68,1.93,7,4,1
P00036,2026-03-02,27,320.7,11.88,1.06,6,4,2
P00036,2026-04-01,27,311.0,11.52,2.17,7,4,0
P00036,2026-05-02,29,366.1,12.62,1.83,4,4,0
P00036,2026-06-01,27,336.4,12.46,4.58,7,4,1
P00036,2026-07-02,27,329.6,12.21,3.07,2,4,2
P00036,2026-08-01,29,376.7,12.99,1.18,4,4,0
P00037,2024-08-31,27,346.3,12.83,0.87,7,4,0
P00037,2024-09-30,30,380.9,12.7,6.0,3,4,0
P00037,2024-10-31,24,284.0,11.83,1.4,6,4,1
P00037,2024-11-30,27,343.0,12.7,0.42,3,4,0
P00037,2024-12-31,26,329.0,12.65,1.74,10,4,2
P00037,2025-01-30,30,386.5,12.88,2.03,1,4,2
P00037,2025-03-02,25,316.0,12.64,2.09,4,4,1
P00037,2025-04-01,24,308.9,12.87,5.74,9,4,1
P00037,2025-05-01,26,329.7,12.68,1.93,2,4,0
P00037,2025-06-01,26,312.1,12.01,2.19,2,4,1
P00037,2025-07-01,27,349.0,12.93,4.46,4,4,1
P00037,2025-08-01,28,358.5,12.8,1.01,9,4,1
P00037,2025-08-31,28,376.8,13.46,2.29,2,4,0
P00037,2025-10-01,26,345.6,13.29,1.61,4,4,0
P00037,2025-10-31,28,357.2,12.76,3.17,5,4,0
P00037,2025-12-01,30,367.2,12.24,2.32,3,4,1
P00037,2025-12-31,27,354.7,13.14,0.36,6,4,3
P00037,2026-01-30,30,387.2,12.91,1.14,2,4,2
P00037,2026-03-02,29,372.3,12.84,6.0,5,4,0
P00037,2026-04-01,30,390.2,13.01,1.55,3,4,1
P00037,2026-05-02,25,323.0,12.92,1.24,4,4,2
P00037,2026-06-01,27,362.2,13.42,4.16,5,4,1
P00037,2026-07-02,30,398.7,13.29,4.66,5,4,1
P00037,2026-08-01,25,340.2,13.61,1.31,5,4,0
P00038,2024-08-31,28,380.6,13.59,2.82,9,4,1
P00038,2024-09-30,29,405.8,13.99,2.65,6,4,0
P00038,2024-10-31,27,379.2,14.04,1.24,5,4,0
P00038,2024-11-30,29,377.2,13.01,0.44,3,4,0
P00038,2024-12-31,31,410.7,13.25,4.16,6,4,1
P00038,2025-01-30,29,398.4,13.74,4.54,8,4,1
P00038,2025-03-02,29,403.8,13.92,2.73,6,4,0
P00038,2025-04-01,28,395.5,14.13,2.93,12,4,0
P00038,2025-05-01,28,371.9,13.28,3.56,8,4,1
P00038,2025-06-01,30,427.1,14.24,4.2,5,4,0
P00038,2025-07-01,30,417.0,13.9,1.77,9,4,1
P00038,2025-08-01,28,422.6,15.09,6.0,2,4,1
P00038,2025-08-31,30,424.7,14.16,4.36,6,4,2
P00038,2025-10-01,27,382.9,14.18,1.92,8,4,0
P00038,2025-10-31,29,410.6,14.16,1.49,7,4,1
P00038,2025-12-01,28,384.9,13.74,1.64,9,4,1
P00038,2025-12-31,27,389.0,14.41,1.44,4,4,2
P00038,2026-01-30,30,420.7,14.02,1.5,9,4,0
P00038,2026-03-02,28,400.7,14.31,2.72,4,4,1
P00038,2026-04-01,27,374.6,13.88,1.33,9,4,0
P00038,2026-05-02,28,397.9,14.21,6.0,3,4,3
P00038,2026-06-01,30,425.9,14.2,2.85,8,4,1
P00038,2026-07-02,28,408.5,14.59,5.77,6,4,1
P00038,2026-08-01,26,378.5,14.56,0.71,11,4,1
P00039,2024-08-31,27,359.3,13.31,2.6,7,4,1
P00039,2024-09-30,28,358.2,12.79,1.78,3,4,1
P00039,2024-10-31,28,351.9,12.57,0.62,1,4,0
P00039,2024-11-30,31,400.7,12.93,3.92,9,4,1
P00039,2024-12-31,29,373.3,12.87,2.93,3,4,1
P00039,2025-01-30,27,329.4,12.2,1.63,2,4,0
P00039,2025-03-02,28,349.7,12.49,2.15,4,4,1
P00039,2025-04-01,30,387.2,12.91,0.92,5,4,0
P00039,2025-05-01,26,320.5,12.33,2.41,4,4,1
P00039,2025-06-01,27,320.7,11.88,0.91,2,4,0
P00039,2025-07-01,28,340.6,12.17,1.23,5,4,3
P00039,2025-08-01,28,326.5,11.66,1.41,4,4,0
P00039,2025-08-31,27,327.6,12.13,2.35,4,4,1
P00039,2025-10-01,29,358.0,12.34,1.21,7,4,1
P00039,2025-10-31,26,313.2,12.04,6.0,9,4,1
P00039,2025-12-01,27,328.2,12.16,0.59,5,4,0
P00039,2025-12-31,31,361.7,11.67,0.2,5,4,0
P00039,2026-01-30,27,332.2,12.31,0.26,5,4,1
P00039,2026-03-02,28,352.9,12.6,0.49,4,4,0
P00039,2026-04-01,28,351.7,12.56,3.55,7,4,1
P00039,2026-05-02,28,366.9,13.11,3.84,4,4,1
P00039,2026-06-01,28,350.2,12.51,2.23,4,4,2
P00039,2026-07-02,24,307.6,12.82,6.0,4,4,0
P00039,2026-08-01,26,335.9,12.92,3.7,4,4,1
P00040,2024-08-31,26,355.4,13.67,0.65,4,4,0
P00040,2024-09-30,29,395.9,13.65,1.68,7,4,0
P00040,2024-10-31,30,391.1,13.04,1.43,9,4,0
P00040,2024-11-30,28,391.2,13.97,2.17,9,4,1
P00040,2024-12-31,29,446.2,15.38,1.2,7,4,0
P00040,2025-01-30,29,416.9,14.38,1.43,5,4,2
P00040,2025-03-02,30,446.0,14.87,1.46,11,4,1
P00040,2025-04-01,28,391.7,13.99,5.0,10,4,0
P00040,2025-05-01,27,365.9,13.55,3.21,7,4,2
P00040,2025-06-01,28,401.8,14.35,1.71,8,4,0
P00040,2025-07-01,31,439.9,14.19,0.97,6,4,0
P00040,2025-08-01,30,443.7,14.79,3.97,6,4,0
P00040,2025-08-31,29,419.2,14.46,0.2,8,4,1
P00040,2025-10-01,30,427.0,14.23,1.81,8,4,1
P00040,2025-10-31,29,436.4,15.05,3.17,10,4,1
P00040,2025-12-01,30,450.6,15.02,2.87,4,4,0
P00040,2025-12-31,25,361.1,14.44,0.54,4,4,1
P00040,2026-01-30,31,480.5,15.5,4.59,4,4,1
P00040,2026-03-02,28,424.7,15.17,6.0,6,4,0
P00040,2026-04-01,28,420.6,15.02,5.08,5,4,0
P00040,2026-05-02,29,397.9,13.72,6.0,4,4,0
P00040,2026-06-01,29,430.7,14.85,1.69,7,4,1
P00040,2026-07-02,31,460.9,14.87,3.21,8,4,1
P00040,2026-08-01,28,423.3,15.12,0.99,8,4,0
P00041,2024-08-31,30,395.7,13.19,3.75,5,4,1
P00041,2024-09-30,31,408.4,13.18,4.28,3,4,1
P00041,2024-10-31,26,332.8,12.8,1.09,6,4,1
P00041,2024-11-30,27,359.5,13.32,4.67,4,4,0
P00041,2024-12-31,26,326.3,12.55,6.0,10,4,1
P00041,2025-01-30,29,365.6,12.61,0.93,2,4,1
P00041,2025-03-02,29,387.0,13.35,3.22,4,4,1
P00041,2025-04-01,30,382.6,12.75,4.96,3,4,1
P00041,2025-05-01,29,374.6,12.92,0.85,2,4,0
P00041,2025-06-01,31,396.3,12.78,0.79,5,4,1
P00041,2025-07-01,29,401.0,13.83,3.26,2,4,0
P00041,2025-08-01,27,340.7,12.62,3.21,4,4,0
P00041,2025-08-31,29,395.6,13.64,2.23,4,4,1
P00041,2025-10-01,28,374.0,13.36,0.2,11,4,0
P00041,2025-10-31,31,400.8,12.93,3.36,8,4,0
P00041,2025-12-01,29,385.1,13.28,0.2,4,4,0
P00041,2025-12-31,26,342.9,13.19,2.65,8,4,0
P00041,2026-01-30,29,403.0,13.9,3.58,6,4,0
P00041,2026-03-02,28,359.6,12.84,0.2,6,4,1
P00041,2026-04-01,28,383.3,13.69,6.0,1,4,0
P00041,2026-05-02,29,359.8,12.41,1.73,8,4,1
P00041,2026-06-01,28,374.7,13.38,5.49,5,4,0
P00041,2026-07-02,27,352.9,13.07,1.52,8,4,0
P00041,2026-08-01,28,369.8,13.21,2.07,7,4,2
P00042,2024-08-31,30,389.7,12.99,0.63,4,4,1
P00042,2024-09-30,29,387.5,13.36,1.44,4,4,2
P00042,2024-10-31,28,361.8,12.92,3.98,4,4,0
P00042,2024-11-30,28,350.6,12.52,0.49,5,4,0
P00042,2024-12-31,29,353.7,12.19,2.08,11,4,0
P00042,2025-01-30,31,393.5,12.69,6.0,4,4,0
P00042,2025-03-02,30,365.3,12.18,2.24,6,4,1
P00042,2025-04-01,29,348.0,12.0,2.45,5,4,1
P00042,2025-05-01,31,382.1,12.32,2.38,8,4,1
P00042,2025-06-01,31,381.4,12.3,2.73,6,4,0
P00042,2025-07-01,29,345.3,11.91,3.62,10,4,1
P00042,2025-08-01,31,388.2,12.52,2.2,3,4,1
P00042,2025-08-31,31,378.8,12.22,4.88,8,4,1
P00042,2025-10-01,31,381.0,12.29,1.97,5,4,2
P00042,2025-10-31,29,377.8,13.03,0.67,5,4,1
P00042,2025-12-01,31,404.8,13.06,2.87,8,4,0
P00042,2025-12-31,30,391.3,13.04,1.18,5,4,1
P00042,2026-01-30,27,346.0,12.82,0.97,5,4,1
P00042,2026-03-02,31,413.5,13.34,1.17,10,4,2
P00042,2026-04-01,31,402.2,12.97,3.04,6,4,1
P00042,2026-05-02,29,357.8,12.34,0.63,7,4,2
P00042,2026-06-01,29,366.5,12.64,5.17,9,4,2
P00042,2026-07-02,30,381.1,12.7,2.99,4,4,1
P00042,2026-08-01,31,408.9,13.19,2.4,8,4,2
P00043,2024-08-31,29,386.3,13.32,2.04,5,4,1
P00043,2024-09-30,28,400.3,14.3,1.33,10,4,3
P00043,2024-10-31,29,396.4,13.67,3.43,6,4,0
P00043,2024-11-30,28,367.5,13.12,3.29,6,4,0
P00043,2024-12-31,29,395.9,13.65,2.32,8,4,0
P00043,2025-01-30,29,397.6,13.71,3.8,9,4,3
P00043,2025-03-02,28,404.7,14.45,6.0,4,4,3
P00043,2025-04-01,28,409.5,14.63,3.71,4,4,0
P00043,2025-05-01,27,388.5,14.39,1.09,5,4,1
P00043,2025-06-01,26,369.1,14.2,2.47,8,4,1
P00043,2025-07-01,31,451.9,14.58,0.94,7,4,0
P00043,2025-08-01,31,458.4,14.79,2.78,9,4,1
P00043,2025-08-31,29,417.4,14.39,2.17,3,4,1
P00043,2025-10-01,30,437.5,14.58,1.01,9,4,1
P00043,2025-10-31,31,446.5,14.4,3.23,5,4,0
P00043,2025-12-01,28,389.1,13.9,2.19,6,4,0
P00043,2025-12-31,29,393.2,13.56,2.35,6,4,0
P00043,2026-01-30,25,339.6,13.58,4.62,5,4,1
P00043,2026-03-02,30,418.7,13.96,3.54,3,4,1
P00043,2026-04-01,28,374.6,13.38,5.14,8,4,0
P00043,2026-05-02,31,411.8,13.29,3.91,7,4,0
P00043,2026-06-01,30,384.6,12.82,2.39,6,4,1
P00043,2026-07-02,28,392.8,14.03,0.91,6,4,1
P00043,2026-08-01,31,436.4,14.08,6.0,8,4,2
P00044,2024-08-31,28,345.6,12.34,2.22,10,4,0
P00044,2024-09-30,29,387.1,13.35,2.08,5,4,1
P00044,2024-10-31,29,346.9,11.96,0.52,2,4,0
P00044,2024-11-30,24,308.5,12.85,1.58,3,4,2
P00044,2024-12-31,28,362.6,12.95,0.73,6,4,0
P00044,2025-01-30,28,362.5,12.95,0.2,3,4,0
P00044,2025-03-02,27,366.3,13.57,1.33,5,4,1
P00044,2025-04-01,26,339.3,13.05,3.55,7,4,0
P00044,2025-05-01,29,383.9,13.24,0.54,5,4,1
P00044,2025-06-01,26,336.2,12.93,0.64,0,4,1
P00044,2025-07-01,29,386.2,13.32,2.03,8,4,1
P00044,2025-08-01,28,351.1,12.54,0.28,6,4,1
P00044,2025-08-31,26,339.8,13.07,1.86,5,4,2
P00044,2025-10-01,25,331.4,13.26,2.41,2,4,1
P00044,2025-10-31,28,367.6,13.13,0.48,6,4,1
P00044,2025-12-01,24,309.5,12.9,1.55,4,4,1
P00044,2025-12-31,31,419.3,13.53,0.99,3,4,2
P00044,2026-01-30,28,367.2,13.12,0.63,2,4,1
P00044,2026-03-02,28,366.5,13.09,1.26,4,4,0
P00044,2026-04-01,29,388.4,13.39,0.52,4,4,0
P00044,2026-05-02,24,325.3,13.55,1.06,8,4,1
P00044,2026-06-01,26,376.4,14.48,1.38,3,4,1
P00044,2026-07-02,25,331.4,13.26,3.32,1,4,1
P00044,2026-08-01,26,350.8,13.49,2.53,4,4,2
P00045,2024-08-31,28,355.4,12.69,2.05,4,4,0
P00045,2024-09-30,27,335.7,12.43,2.43,6,4,2
P00045,2024-10-31,26,327.3,12.59,1.82,7,4,1
P00045,2024-11-30,28,349.9,12.5,1.12,4,4,1
P00045,2024-12-31,27,359.3,13.31,1.41,7,4,0
P00045,2025-01-30,25,305.7,12.23,0.85,3,4,0
P00045,2025-03-02,30,395.2,13.17,0.77,5,4,1
P00045,2025-04-01,29,347.7,11.99,3.41,6,4,1
P00045,2025-05-01,27,330.7,12.25,0.73,4,4,0
P00045,2025-06-01,26,316.5,12.17,2.27,3,4,0
P00045,2025-07-01,29,337.1,11.63,0.76,4,4,1
P00045,2025-08-01,26,309.2,11.89,5.52,2,4,0
P00045,2025-08-31,29,332.7,11.47,0.63,3,4,2
P00045,2025-10-01,25,293.6,11.74,1.44,5,4,0
P00045,2025-10-31,28,336.1,12.0,2.46,1,4,0
P00045,2025-12-01,30,359.0,11.97,3.25,2,4,1
P00045,2025-12-31,31,376.9,12.16,0.47,4,4,1
P00045,2026-01-30,24,281.8,11.74,2.02,3,4,1
P00045,2026-03-02,27,324.7,12.03,2.31,5,4,1
P00045,2026-04-01,26,323.9,12.46,1.65,4,4,2
P00045,2026-05-02,27,320.7,11.88,3.67,1,4,0
P00045,2026-06-01,28,332.1,11.86,2.25,3,4,0
P00045,2026-07-02,26,308.5,11.86,2.08,2,4,0
P00045,2026-08-01,27,320.2,11.86,2.89,3,4,2
P00046,2024-08-31,31,222.3,7.17,2.0,3,4,3
P00046,2024-09-30,28,195.4,6.98,1.03,2,4,2
P00046,2024-10-31,28,207.5,7.41,0.6,4,4,2
P00046,2024-11-30,26,182.6,7.02,0.69,3,4,2
P00046,2024-12-31,26,186.0,7.15,0.36,7,4,3
P00046,2025-01-30,29,218.4,7.53,4.15,2,4,1
P00046,2025-03-02,28,224.1,8.0,1.56,2,4,1
P00046,2025-04-01,28,234.0,8.36,2.81,2,4,2
P00046,2025-05-01,24,226.2,9.42,2.03,1,4,2
P00046,2025-06-01,28,227.3,8.12,1.14,1,4,2
P00046,2025-07-01,27,218.3,8.09,2.76,8,4,3
P00046,2025-08-01,29,233.8,8.06,3.18,5,4,3
P00046,2025-08-31,26,197.6,7.6,0.2,2,4,3
P00046,2025-10-01,23,188.7,8.21,1.5,5,4,3
P00046,2025-10-31,26,226.9,8.73,1.41,4,4,4
P00046,2025-12-01,26,207.6,7.99,3.94,6,4,2
P00046,2025-12-31,26,196.2,7.55,1.72,3,4,3
P00046,2026-01-30,24,169.5,7.06,1.77,0,4,2
P00046,2026-03-02,30,196.9,6.56,3.69,3,4,3
P00046,2026-04-01,27,206.5,7.65,2.42,3,4,1
P00046,2026-05-02,27,225.2,8.34,1.91,1,4,1
P00046,2026-06-01,28,222.8,7.96,0.56,3,4,2
P00046,2026-07-02,29,212.6,7.33,2.39,2,4,2
P00046,2026-08-01,26,189.4,7.28,3.08,3,4,1
P00047,2024-08-31,31,280.9,9.06,3.82,3,4,3
P00047,2024-09-30,26,229.0,8.81,3.55,8,4,1
P00047,2024-10-31,30,280.5,9.35,2.33,5,4,3
P00047,2024-11-30,28,260.5,9.3,2.35,7,4,2
P00047,2024-12-31,31,278.8,8.99,6.0,5,4,3
P00047,2025-01-30,28,247.8,8.85,1.89,5,4,2
P00047,2025-03-02,28,264.1,9.43,1.41,4,4,2
P00047,2025-04-01,30,258.5,8.62,0.2,5,4,3
P00047,2025-05-01,30,258.7,8.62,1.24,3,4,3
P00047,2025-06-01,30,257.1,8.57,0.8,6,4,1
P00047,2025-07-01,27,248.9,9.22,1.81,4,4,0
P00047,2025-08-01,30,256.8,8.56,6.0,8,4,0
P00047,2025-08-31,29,254.6,8.78,0.7,7,4,2
P00047,2025-10-01,29,232.9,8.03,4.62,6,4,2
P00047,2025-10-31,26,233.8,8.99,1.61,0,4,3
P00047,2025-12-01,27,238.0,8.82,2.06,6,4,3
P00047,2025-12-31,30,258.4,8.61,0.97,5,4,0
P00047,2026-01-30,30,269.3,8.98,1.16,11,4,2
P00047,2026-03-02,28,245.7,8.78,1.83,6,4,3
P00047,2026-04-01,29,244.8,8.44,3.24,2,4,3
P00047,2026-05-02,29,233.9,8.07,3.92,9,4,3
P00047,2026-06-01,30,231.7,7.72,1.82,3,4,2
P00047,2026-07-02,29,226.3,7.8,6.0,6,4,2
P00047,2026-08-01,28,235.3,8.4,1.18,8,4,3
P00048,2024-08-31,31,421.1,13.58,2.31,6,4,2
P00048,2024-09-30,28,374.3,13.37,2.95,7,4,0
P00048,2024-10-31,31,390.3,12.59,3.38,7,4,1
P00048,2024-11-30,30,392.9,13.1,1.31,12,4,0
P00048,2024-12-31,29,376.5,12.98,1.27,5,4,2
P00048,2025-01-30,28,381.8,13.64,4.41,6,4,0
P00048,2025-03-02,28,367.5,13.12,4.8,6,4,0
P00048,2025-04-01,30,413.7,13.79,1.25,5,4,2
P00048,2025-05-01,27,357.4,13.24,4.63,4,4,0
P00048,2025-06-01,28,364.4,13.01,2.14,4,4,0
P00048,2025-07-01,28,361.9,12.93,5.15,4,4,1
P00048,2025-08-01,25,309.0,12.36,2.21,8,4,2
P00048,2025-08-31,31,414.0,13.35,1.02,6,4,1
P00048,2025-10-01,30,398.4,13.28,2.28,8,4,2
P00048,2025-10-31,27,366.7,13.58,2.66,6,4,2
P00048,2025-12-01,30,384.0,12.8,4.34,6,4,1
P00048,2025-12-31,26,325.4,12.52,3.98,7,4,1
P00048,2026-01-30,27,335.9,12.44,3.85,5,4,1
P00048,2026-03-02,29,350.4,12.08,0.35,5,4,0
P00048,2026-04-01,31,371.3,11.98,2.66,13,4,0
P00048,2026-05-02,29,346.3,11.94,4.64,5,4,0
P00048,2026-06-01,29,345.3,11.91,0.8,7,4,1
P00048,2026-07-02,29,343.2,11.83,2.25,3,4,2
P00048,2026-08-01,29,352.2,12.15,1.05,3,4,0
P00049,2024-08-31,24,175.3,7.3,0.2,2,4,3
P00049,2024-09-30,26,193.8,7.45,1.19,3,4,3
P00049,2024-10-31,26,190.0,7.31,1.9,2,4,4
P00049,2024-11-30,28,199.7,7.13,0.58,5,4,2
P00049,2024-12-31,24,171.8,7.16,0.27,3,4,2
P00049,2025-01-30,28,203.4,7.26,4.17,4,4,2
P00049,2025-03-02,26,197.9,7.61,1.41,3,4,2
P00049,2025-04-01,28,210.1,7.5,1.89,5,4,1
P00049,2025-05-01,29,205.7,7.09,5.21,5,4,1
P00049,2025-06-01,28,214.5,7.66,5.39,3,4,2
P00049,2025-07-01,27,211.4,7.83,1.83,7,4,3
P00049,2025-08-01,29,216.1,7.45,1.22,4,4,3
P00049,2025-08-31,26,197.6,7.6,2.66,3,4,3
P00049,2025-10-01,26,189.9,7.3,0.79,3,4,4
P00049,2025-10-31,27,182.6,6.76,0.94,3,4,1
P00049,2025-12-01,28,201.1,7.18,0.64,4,4,2
P00049,2025-12-31,28,200.1,7.14,2.44,3,4,3
P00049,2026-01-30,27,179.8,6.66,0.36,2,4,2
P00049,2026-03-02,31,195.9,6.32,2.48,3,4,1
P00049,2026-04-01,27,183.2,6.79,0.63,4,4,1
P00049,2026-05-02,26,174.7,6.72,1.33,1,4,3
P00049,2026-06-01,29,183.0,6.31,0.66,4,4,4
P00049,2026-07-02,27,197.9,7.33,0.89,6,4,1
P00049,2026-08-01,29,205.0,7.07,0.96,6,4,2
P00050,2024-08-31,26,352.5,13.56,6.0,4,4,0
P00050,2024-09-30,26,352.2,13.55,3.44,5,4,1
P00050,2024-10-31,27,367.5,13.61,1.49,2,4,1
P00050,2024-11-30,28,374.0,13.36,1.53,9,4,0
P00050,2024-12-31,30,403.7,13.46,0.95,9,4,1
P00050,2025-01-30,27,353.4,13.09,0.98,3,4,0
P00050,2025-03-02,29,365.7,12.61,4.31,5,4,2
P00050,2025-04-01,27,348.0,12.89,1.52,9,4,1
P00050,2025-05-01,30,380.0,12.67,4.46,7,4,1
P00050,2025-06-01,30,387.4,12.91,1.25,2,4,0
P00050,2025-07-01,28,382.9,13.67,0.69,8,4,1
P00050,2025-08-01,31,412.4,13.3,1.33,6,4,1
P00050,2025-08-31,29,383.8,13.23,3.87,6,4,0
P00050,2025-10-01,31,406.0,13.1,0.8,3,4,1
P00050,2025-10-31,30,389.8,12.99,1.68,7,4,1
P00050,2025-12-01,28,357.2,12.76,0.94,1,4,1
P00050,2025-12-31,27,344.5,12.76,2.77,7,4,2
P00050,2026-01-30,29,362.1,12.49,2.35,2,4,1
P00050,2026-03-02,31,398.7,12.86,0.42,6,4,1
P00050,2026-04-01,26,332.4,12.78,1.35,6,4,2
P00050,2026-05-02,29,351.3,12.11,0.74,4,4,2
P00050,2026-06-01,30,385.3,12.84,0.65,3,4,0
P00050,2026-07-02,30,383.9,12.8,1.15,4,4,1
P00050,2026-08-01,29,364.4,12.57,1.55,5,4,2
P00051,2024-08-31,28,353.8,12.63,0.28,7,4,3
P00051,2024-09-30,26,341.6,13.14,1.85,0,4,2
P00051,2024-10-31,28,354.2,12.65,2.1,6,4,1
P00051,2024-11-30,30,368.8,12.29,1.61,4,4,0
P00051,2024-12-31,26,342.4,13.17,0.57,5,4,1
P00051,2025-01-30,28,352.6,12.59,1.65,2,4,1
P00051,2025-03-02,27,342.9,12.7,3.36,5,4,2
P00051,2025-04-01,28,364.0,13.0,1.45,7,4,3
P00051,2025-05-01,28,360.0,12.86,2.12,4,4,2
P00051,2025-06-01,28,368.9,13.17,0.27,6,4,1
P00051,2025-07-01,25,313.9,12.56,0.59,3,4,2
P00051,2025-08-01,30,370.5,12.35,1.62,6,4,0
P00051,2025-08-31,29,358.8,12.37,2.17,5,4,0
P00051,2025-10-01,28,339.4,12.12,1.75,6,4,0
P00051,2025-10-31,30,386.2,12.87,3.98,3,4,1
P00051,2025-12-01,29,363.5,12.54,0.34,2,4,1
P00051,2025-12-31,26,326.4,12.55,3.09,7,4,1
P00051,2026-01-30,27,359.1,13.3,2.37,4,4,1
P00051,2026-03-02,27,363.1,13.45,3.89,6,4,1
P00051,2026-04-01,29,365.6,12.61,0.81,3,4,1
P00051,2026-05-02,30,416.0,13.87,0.69,6,4,2
P00051,2026-06-01,28,375.6,13.42,0.77,8,4,0
P00051,2026-07-02,30,383.5,12.78,0.54,6,4,1
P00051,2026-08-01,27,347.1,12.86,1.76,6,4,0
P00052,2024-08-31,28,367.5,13.12,1.61,3,4,0
P00052,2024-09-30,30,384.7,12.82,2.91,8,4,1
P00052,2024-10-31,29,367.2,12.66,5.2,7,4,1
P00052,2024-11-30,29,392.2,13.52,0.4,7,4,1
P00052,2024-12-31,27,345.9,12.81,3.52,7,4,0
P00052,2025-01-30,25,295.5,11.82,1.42,9,4,1
P00052,2025-03-02,30,371.2,12.37,1.76,6,4,0
P00052,2025-04-01,30,377.7,12.59,1.3,9,4,0
P00052,2025-05-01,30,379.8,12.66,2.83,8,4,0
P00052,2025-06-01,27,339.2,12.56,1.01,9,4,0
P00052,2025-07-01,29,381.4,13.15,2.63,6,4,3
P00052,2025-08-01,29,367.2,12.66,3.24,3,4,1
P00052,2025-08-31,31,368.1,11.88,3.1,3,4,2
P00052,2025-10-01,29,366.2,12.63,3.47,2,4,1
P00052,2025-10-31,31,386.2,12.46,5.37,9,4,2
P00052,2025-12-01,27,341.1,12.63,6.0,5,4,1
P00052,2025-12-31,30,367.2,12.24,5.44,5,4,1
P00052,2026-01-30,31,393.4,12.69,1.26,6,4,2
P00052,2026-03-02,28,339.1,12.11,3.83,6,4,1
P00052,2026-04-01,31,375.6,12.12,4.15,8,4,0
P00052,2026-05-02,29,353.9,12.2,1.98,6,4,1
P00052,2026-06-01,28,336.4,12.01,2.51,7,4,0
P00052,2026-07-02,30,373.6,12.45,0.73,11,4,0
P00052,2026-08-01,29,337.2,11.63,1.08,3,4,0
P00053,2024-08-31,26,232.6,8.95,1.87,2,4,2
P00053,2024-09-30,29,258.1,8.9,2.8,10,4,4
P00053,2024-10-31,26,223.6,8.6,1.64,11,4,2
P00053,2024-11-30,29,260.5,8.98,1.51,7,4,2
P00053,2024-12-31,27,236.2,8.75,3.99,2,4,3
P00053,2025-01-30,28,247.5,8.84,1.97,7,4,3
P00053,2025-03-02,29,283.4,9.77,1.75,10,4,1
P00053,2025-04-01,28,269.8,9.63,1.82,2,4,2
P00053,2025-05-01,31,293.9,9.48,1.09,5,4,1
P00053,2025-06-01,31,283.0,9.13,0.52,6,4,1
P00053,2025-07-01,30,266.5,8.88,0.79,8,4,2
P00053,2025-08-01,28,242.6,8.67,1.17,9,4,1
P00053,2025-08-31,31,290.6,9.38,5.74,5,4,2
P00053,2025-10-01,27,233.7,8.66,3.78,5,4,4
P00053,2025-10-31,30,244.3,8.14,2.31,3,4,4
P00053,2025-12-01,30,240.1,8.0,0.67,4,4,3
P00053,2025-12-31,30,243.3,8.11,3.7,7,4,2
P00053,2026-01-30,26,203.0,7.81,1.2,6,4,2
P00053,2026-03-02,29,244.6,8.43,0.24,8,4,2
P00053,2026-04-01,31,263.3,8.5,1.37,8,4,1
P00053,2026-05-02,29,241.6,8.33,3.35,3,4,3
P00053,2026-06-01,27,243.8,9.03,2.78,2,4,3
P00053,2026-07-02,27,241.7,8.95,2.38,8,4,3
P00053,2026-08-01,30,264.7,8.82,3.7,4,4,3
P00054,2024-08-31,25,316.1,12.64,2.45,4,4,0
P00054,2024-09-30,27,341.0,12.63,1.38,9,4,0
P00054,2024-10-31,28,354.4,12.66,2.26,2,4,1
P00054,2024-11-30,27,345.0,12.78,1.56,4,4,2
P00054,2024-12-31,23,289.0,12.57,0.35,4,4,0
P00054,2025-01-30,27,344.2,12.75,3.18,4,4,1
P00054,2025-03-02,28,354.0,12.64,2.89,3,4,2
P00054,2025-04-01,29,362.6,12.5,1.21,2,4,1
P00054,2025-05-01,29,358.2,12.35,1.02,3,4,2
P00054,2025-06-01,29,352.8,12.17,1.15,6,4,0
P00054,2025-07-01,26,322.7,12.41,1.05,3,4,0
P00054,2025-08-01,28,345.3,12.33,1.18,3,4,0
P00054,2025-08-31,25,319.5,12.78,0.24,3,4,0
P00054,2025-10-01,28,310.3,11.08,1.79,6,4,0
P00054,2025-10-31,26,292.8,11.26,1.92,2,4,0
P00054,2025-12-01,28,311.5,11.13,1.46,2,4,1
P00054,2025-12-31,24,259.2,10.8,1.44,5,4,1
P00054,2026-01-30,28,332.0,11.86,0.32,6,4,0
P00054,2026-03-02,27,330.3,12.23,1.18,5,4,2
P00054,2026-04-01,28,322.5,11.52,1.48,2,4,2
P00054,2026-05-02,30,342.4,11.41,1.07,6,4,1
P00054,2026-06-01,29,349.4,12.05,3.65,4,4,0
P00054,2026-07-02,29,341.0,11.76,0.67,5,4,1
P00054,2026-08-01,25,289.4,11.57,0.2,6,4,1
P00055,2024-08-31,26,368.8,14.19,3.51,12,4,0
P00055,2024-09-30,30,399.8,13.33,2.09,12,4,0
P00055,2024-10-31,29,376.0,12.97,1.94,8,4,0
P00055,2024-11-30,30,404.1,13.47,3.38,10,4,2
P00055,2024-12-31,28,376.1,13.43,1.15,8,4,0
P00055,2025-01-30,30,386.4,12.88,1.66,10,4,1
P00055,2025-03-02,30,403.7,13.46,2.82,6,4,2
P00055,2025-04-01,29,404.3,13.94,6.0,9,4,1
P00055,2025-05-01,31,433.4,13.98,5.2,9,4,1
P00055,2025-06-01,31,464.5,14.98,4.04,3,4,0
P00055,2025-07-01,31,450.1,14.52,3.72,5,4,0
P00055,2025-08-01,29,400.2,13.8,2.13,11,4,1
P00055,2025-08-31,30,431.0,14.37,1.9,5,4,1
P00055,2025-10-01,29,414.0,14.28,4.32,9,4,0
P00055,2025-10-31,31,435.7,14.05,1.97,5,4,0
P00055,2025-12-01,31,447.9,14.45,2.47,10,4,2
P00055,2025-12-31,26,351.1,13.51,1.94,2,4,0
P00055,2026-01-30,31,420.1,13.55,2.01,7,4,1
P00055,2026-03-02,29,394.7,13.61,0.98,5,4,2
P00055,2026-04-01,29,423.8,14.61,1.34,8,4,1
P00055,2026-05-02,30,410.5,13.68,2.0,6,4,1
P00055,2026-06-01,30,416.1,13.87,1.57,9,4,1
P00055,2026-07-02,28,403.6,14.42,2.59,10,4,1
P00055,2026-08-01,27,370.9,13.74,0.72,7,4,0
P00056,2024-08-31,26,338.6,13.02,2.93,7,4,0
P00056,2024-09-30,30,375.9,12.53,0.84,3,4,2
P00056,2024-10-31,28,343.7,12.28,1.92,4,4,0
P00056,2024-11-30,27,330.8,12.25,3.87,8,4,0
P00056,2024-12-31,27,339.3,12.57,3.62,4,4,0
P00056,2025-01-30,29,357.5,12.33,0.55,6,4,0
P00056,2025-03-02,28,338.4,12.09,1.85,9,4,1
P00056,2025-04-01,24,298.7,12.45,2.82,2,4,0
P00056,2025-05-01,27,320.4,11.87,1.72,1,4,2
P00056,2025-06-01,27,345.2,12.79,3.06,8,4,0
P00056,2025-07-01,28,350.4,12.51,2.75,7,4,2
P00056,2025-08-01,26,309.2,11.89,0.46,2,4,1
P00056,2025-08-31,27,333.4,12.35,1.7,8,4,0
P00056,2025-10-01,28,348.4,12.44,1.4,5,4,0
P00056,2025-10-31,27,349.8,12.96,1.36,4,4,1
P00056,2025-12-01,28,333.8,11.92,1.84,9,4,1
P00056,2025-12-31,25,311.9,12.48,0.2,10,4,0
P00056,2026-01-30,26,335.1,12.89,1.22,4,4,1
P00056,2026-03-02,30,344.2,11.47,1.39,5,4,0
P00056,2026-04-01,28,334.2,11.94,2.09,5,4,1
P00056,2026-05-02,27,338.5,12.54,1.31,4,4,1
P00056,2026-06-01,28,356.6,12.74,1.44,8,4,2
P00056,2026-07-02,27,339.8,12.59,0.76,2,4,1
P00056,2026-08-01,27,342.2,12.67,1.0,6,4,1
P00057,2024-08-31,31,289.3,9.33,3.05,5,4,1
P00057,2024-09-30,31,297.2,9.59,3.95,4,4,3
P00057,2024-10-31,26,229.3,8.82,1.23,7,4,2
P00057,2024-11-30,29,260.1,8.97,1.48,4,4,3
P00057,2024-12-31,26,220.4,8.48,2.33,4,4,3
P00057,2025-01-30,30,272.2,9.07,5.33,7,4,4
P00057,2025-03-02,28,243.3,8.69,0.52,3,4,1
P00057,2025-04-01,28,262.3,9.37,5.53,7,4,2
P00057,2025-05-01,28,252.7,9.03,1.29,5,4,3
P00057,2025-06-01,31,276.3,8.91,2.66,8,4,2
P00057,2025-07-01,24,230.8,9.62,2.2,5,4,3
P00057,2025-08-01,30,276.9,9.23,1.49,8,4,2
P00057,2025-08-31,29,274.5,9.47,5.32,10,4,1
P00057,2025-10-01,29,244.3,8.43,3.04,5,4,0
P00057,2025-10-31,27,238.5,8.83,2.21,2,4,2
P00057,2025-12-01,27,231.9,8.59,6.0,8,4,2
P00057,2025-12-31,30,258.6,8.62,3.66,5,4,3
P00057,2026-01-30,29,261.5,9.02,5.06,3,4,4
P00057,2026-03-02,26,228.1,8.77,0.84,7,4,3
P00057,2026-04-01,31,255.4,8.24,1.38,6,4,3
P00057,2026-05-02,27,250.5,9.28,6.0,1,4,1
P00057,2026-06-01,30,252.9,8.43,1.78,6,4,3
P00057,2026-07-02,28,253.2,9.04,2.37,8,4,3
P00057,2026-08-01,30,245.3,8.18,1.51,7,4,2
P00058,2024-08-31,26,343.7,13.22,5.42,3,4,1
P00058,2024-09-30,29,368.2,12.7,2.72,8,4,2
P00058,2024-10-31,28,376.1,13.43,3.34,5,4,0
P00058,2024-11-30,29,382.8,13.2,2.08,4,4,1
P00058,2024-12-31,26,337.3,12.97,2.03,9,4,1
P00058,2025-01-30,26,343.9,13.23,3.76,8,4,1
P00058,2025-03-02,29,363.0,12.52,1.27,7,4,0
P00058,2025-04-01,24,312.1,13.0,2.23,5,4,0
P00058,2025-05-01,28,379.7,13.56,3.31,3,4,0
P00058,2025-06-01,31,399.9,12.9,4.47,9,4,2
P00058,2025-07-01,28,352.3,12.58,0.34,5,4,1
P00058,2025-08-01,29,371.3,12.8,0.95,1,4,1
P00058,2025-08-31,29,361.8,12.48,2.71,7,4,0
P00058,2025-10-01,28,357.0,12.75,1.96,4,4,2
P00058,2025-10-31,28,372.7,13.31,3.49,7,4,1
P00058,2025-12-01,28,357.6,12.77,2.22,4,4,0
P00058,2025-12-31,28,358.6,12.81,1.24,3,4,0
P00058,2026-01-30,28,341.1,12.18,2.98,4,4,0
P00058,2026-03-02,26,313.1,12.04,1.87,5,4,2
P00058,2026-04-01,29,352.7,12.16,1.67,1,4,2
P00058,2026-05-02,28,337.4,12.05,3.77,5,4,3
P00058,2026-06-01,28,352.4,12.59,1.95,1,4,1
P00058,2026-07-02,27,319.0,11.81,1.52,7,4,2
P00058,2026-08-01,31,379.9,12.25,5.29,7,4,1
P00059,2024-08-31,27,346.8,12.84,0.68,3,4,1
P00059,2024-09-30,27,339.8,12.58,5.19,8,4,0
P00059,2024-10-31,25,332.9,13.32,1.94,6,4,0
P00059,2024-11-30,26,329.4,12.67,1.06,5,4,1
P00059,2024-12-31,30,382.1,12.74,1.83,3,4,0
P00059,2025-01-30,26,329.5,12.67,3.42,9,4,2
P00059,2025-03-02,28,369.7,13.2,1.54,8,4,1
P00059,2025-04-01,28,359.2,12.83,0.47,4,4,1
P00059,2025-05-01,29,365.6,12.61,2.61,3,4,0
P00059,2025-06-01,28,341.2,12.19,0.85,1,4,2
P00059,2025-07-01,26,315.4,12.13,1.58,5,4,2
P00059,2025-08-01,27,325.4,12.05,1.69,7,4,1
P00059,2025-08-31,26,330.2,12.7,0.74,6,4,2
P00059,2025-10-01,28,331.2,11.83,2.05,3,4,0
P00059,2025-10-31,26,323.5,12.44,2.25,4,4,1
P00059,2025-12-01,27,319.6,11.84,5.46,4,4,2
P00059,2025-12-31,28,334.8,11.96,0.4,3,4,0
P00059,2026-01-30,28,319.0,11.39,0.93,6,4,2
P00059,2026-03-02,29,364.1,12.55,1.76,4,4,1
P00059,2026-04-01,27,323.3,11.97,2.77,3,4,0
P00059,2026-05-02,26,295.8,11.38,2.01,3,4,2
P00059,2026-06-01,29,334.5,11.53,0.65,3,4,2
P00059,2026-07-02,28,295.5,10.55,1.1,1,4,0
P00059,2026-08-01,26,302.4,11.63,0.36,3,4,2
P00060,2024-08-31,31,405.3,13.07,2.92,5,4,0
P00060,2024-09-30,30,400.1,13.34,4.29,10,4,1
P00060,2024-10-31,31,423.1,13.65,6.0,7,4,1
P00060,2024-11-30,31,426.3,13.75,2.02,6,4,3
P00060,2024-12-31,28,393.4,14.05,0.29,9,4,1
P00060,2025-01-30,29,407.5,14.05,2.63,9,4,1
P00060,2025-03-02,29,409.8,14.13,2.93,9,4,0
P00060,2025-04-01,29,397.8,13.72,1.18,6,4,0
P00060,2025-05-01,31,453.3,14.62,1.11,7,4,0
P00060,2025-06-01,29,416.8,14.37,0.98,1,4,1
P00060,2025-07-01,29,409.5,14.12,0.89,4,4,0
P00060,2025-08-01,27,366.1,13.56,1.05,8,4,0
P00060,2025-08-31,31,462.6,14.92,2.01,6,4,0
P00060,2025-10-01,27,370.6,13.73,2.51,5,4,0
P00060,2025-10-31,28,391.9,14.0,3.29,8,4,1
P00060,2025-12-01,30,402.8,13.43,2.68,8,4,2
P00060,2025-12-31,27,370.4,13.72,2.41,3,4,1
P00060,2026-01-30,28,383.5,13.7,0.82,9,4,1
P00060,2026-03-02,26,329.1,12.66,1.38,7,4,1
P00060,2026-04-01,31,388.1,12.52,2.16,5,4,2
P00060,2026-05-02,31,391.2,12.62,0.97,6,4,1
P00060,2026-06-01,28,369.9,13.21,3.46,4,4,1
P00060,2026-07-02,28,353.4,12.62,3.61,3,4,0
P00060,2026-08-01,31,380.7,12.28,3.72,5,4,1
P00061,2024-08-31,30,372.4,12.41,0.99,11,4,2
P00061,2024-09-30,26,331.8,12.76,1.13,4,4,0
P00061,2024-10-31,29,384.1,13.24,1.02,8,4,1
P00061,2024-11-30,28,373.1,13.32,0.45,7,4,0
P00061,2024-12-31,28,369.1,13.18,0.7,4,4,0
P00061,2025-01-30,31,427.1,13.78,2.02,1,4,1
P00061,2025-03-02,30,407.8,13.59,5.23,5,4,1
P00061,2025-04-01,29,390.1,13.45,4.4,6,4,2
P00061,2025-05-01,30,414.8,13.83,6.0,10,4,0
P00061,2025-06-01,29,410.0,14.14,0.69,11,4,1
P00061,2025-07-01,31,425.8,13.73,6.0,6,4,0
P00061,2025-08-01,29,400.5,13.81,2.02,5,4,1
P00061,2025-08-31,28,375.9,13.43,2.62,8,4,1
P00061,2025-10-01,30,397.7,13.26,1.89,6,4,2
P00061,2025-10-31,29,399.5,13.78,3.25,6,4,0
P00061,2025-12-01,29,386.7,13.33,5.36,10,4,1
P00061,2025-12-31,28,393.0,14.04,1.42,10,4,2
P00061,2026-01-30,30,419.1,13.97,2.42,5,4,0
P00061,2026-03-02,31,431.6,13.92,2.06,9,4,0
P00061,2026-04-01,27,372.7,13.8,6.0,9,4,2
P00061,2026-05-02,27,377.9,14.0,3.86,10,4,1
P00061,2026-06-01,27,364.3,13.49,0.61,5,4,2
P00061,2026-07-02,28,360.2,12.86,1.06,6,4,2
P00061,2026-08-01,25,314.7,12.59,1.74,5,4,0
P00062,2024-08-31,29,255.3,8.8,2.12,4,4,2
P00062,2024-09-30,29,263.0,9.07,6.0,12,4,3
P00062,2024-10-31,29,265.9,9.17,2.51,8,4,2
P00062,2024-11-30,29,262.3,9.04,0.81,8,4,2
P00062,2024-12-31,29,258.6,8.92,5.19,10,4,1
P00062,2025-01-30,27,246.6,9.13,1.23,12,4,2
P00062,2025-03-02,30,281.6,9.39,2.24,7,4,4
P00062,2025-04-01,28,245.4,8.76,4.21,3,4,2
P00062,2025-05-01,28,270.1,9.65,5.21,7,4,3
P00062,2025-06-01,27,254.3,9.42,0.71,10,4,3
P00062,2025-07-01,29,268.4,9.26,4.27,7,4,1
P00062,2025-08-01,31,304.9,9.84,2.66,5,4,3
P00062,2025-08-31,31,298.5,9.63,0.61,6,4,3
P00062,2025-10-01,31,290.7,9.38,1.09,4,4,2
P00062,2025-10-31,28,263.2,9.4,0.49,3,4,4
P00062,2025-12-01,29,277.8,9.58,2.59,8,4,1
P00062,2025-12-31,28,284.6,10.17,4.53,7,4,3
P00062,2026-01-30,30,301.3,10.04,0.48,7,4,2
P00062,2026-03-02,29,288.1,9.93,1.1,6,4,1
P00062,2026-04-01,30,318.2,10.61,1.14,3,4,2
P00062,2026-05-02,30,300.4,10.01,4.66,6,4,1
P00062,2026-06-01,28,275.6,9.84,1.35,5,4,3
P00062,2026-07-02,29,274.0,9.45,3.37,10,4,2
P00062,2026-08-01,29,267.1,9.21,1.55,4,4,2
P00063,2024-08-31,29,404.4,13.95,1.44,8,4,1
P00063,2024-09-30,30,405.6,13.52,2.39,5,4,1
P00063,2024-10-31,28,371.1,13.25,1.97,6,4,0
P00063,2024-11-30,30,400.9,13.36,6.0,4,4,1
P00063,2024-12-31,28,386.3,13.8,1.57,6,4,0
P00063,2025-01-30,30,426.1,14.2,3.99,9,4,1
P00063,2025-03-02,27,355.0,13.15,2.71,2,4,0
P00063,2025-04-01,29,406.1,14.0,6.0,5,4,2
P00063,2025-05-01,30,416.5,13.88,1.19,6,4,1
P00063,2025-06-01,29,431.7,14.89,0.23,6,4,1
P00063,2025-07-01,31,445.3,14.37,1.32,5,4,1
P00063,2025-08-01,31,446.3,14.4,5.6,7,4,0
P00063,2025-08-31,30,439.0,14.63,3.7,6,4,0
P00063,2025-10-01,31,439.9,14.19,1.33,7,4,1
P00063,2025-10-31,30,423.1,14.1,4.65,9,4,0
P00063,2025-12-01,29,438.6,15.12,4.05,6,4,0
P00063,2025-12-31,29,420.2,14.49,1.23,4,4,1
P00063,2026-01-30,30,433.7,14.46,2.34,14,4,0
P00063,2026-03-02,30,422.2,14.07,2.26,7,4,1
P00063,2026-04-01,30,407.2,13.57,1.54,9,4,2
P00063,2026-05-02,28,387.8,13.85,1.53,6,4,1
P00063,2026-06-01,29,388.3,13.39,5.6,8,4,1
P00063,2026-07-02,31,412.2,13.3,5.29,12,4,0
P00063,2026-08-01,31,399.3,12.88,0.66,6,4,0
P00064,2024-08-31,27,337.4,12.5,0.49,1,4,1
P00064,2024-09-30,30,391.8,13.06,0.7,3,4,1
P00064,2024-10-31,25,313.9,12.55,3.74,4,4,1
P00064,2024-11-30,29,368.5,12.71,3.27,3,4,1
P00064,2024-12-31,28,358.1,12.79,1.86,3,4,2
P00064,2025-01-30,28,363.4,12.98,4.03,4,4,0
P00064,2025-03-02,26,341.9,13.15,0.47,4,4,2
P00064,2025-04-01,29,380.8,13.13,6.0,8,4,1
P00064,2025-05-01,29,364.3,12.56,0.4,12,4,1
P00064,2025-06-01,28,356.4,12.73,1.03,4,4,0
P00064,2025-07-01,31,432.4,13.95,1.41,5,4,0
P00064,2025-08-01,28,370.5,13.23,2.28,5,4,1
P00064,2025-08-31,27,346.4,12.83,3.54,3,4,2
P00064,2025-10-01,27,350.4,12.98,4.83,4,4,0
P00064,2025-10-31,29,369.1,12.73,1.37,3,4,1
P00064,2025-12-01,30,402.6,13.42,2.53,7,4,0
P00064,2025-12-31,31,408.4,13.17,0.81,5,4,0
P00064,2026-01-30,29,406.2,14.01,1.19,5,4,1
P00064,2026-03-02,29,376.0,12.96,1.09,2,4,2
P00064,2026-04-01,27,350.6,12.99,1.46,2,4,0
P00064,2026-05-02,27,344.8,12.77,3.11,8,4,0
P00064,2026-06-01,28,362.8,12.96,2.39,3,4,1
P00064,2026-07-02,27,355.6,13.17,3.63,4,4,1
P00064,2026-08-01,29,353.1,12.18,3.8,4,4,1
P00065,2024-08-31,28,370.3,13.23,3.87,6,4,0
P00065,2024-09-30,27,361.1,13.38,2.77,8,4,2
P00065,2024-10-31,29,406.8,14.03,2.77,4,4,0
P00065,2024-11-30,27,390.8,14.47,2.28,6,4,1
P00065,2024-12-31,30,403.6,13.45,3.78,6,4,1
P00065,2025-01-30,30,418.8,13.96,1.19,7,4,1
P00065,2025-03-02,30,397.3,13.24,2.61,4,4,0
P00065,2025-04-01,31,402.1,12.97,1.63,8,4,0
P00065,2025-05-01,27,372.3,13.79,3.88,9,4,1
P00065,2025-06-01,28,402.6,14.38,2.43,9,4,0
P00065,2025-07-01,30,429.6,14.32,1.85,4,4,1
P00065,2025-08-01,29,430.5,14.85,3.5,9,4,0
P00065,2025-08-31,27,393.1,14.56,0.86,7,4,0
P00065,2025-10-01,30,441.2,14.71,4.6,9,4,0
P00065,2025-10-31,28,426.5,15.23,5.22,6,4,0
P00065,2025-12-01,28,413.0,14.75,4.59,2,4,0
P00065,2025-12-31,28,407.1,14.54,2.54,8,4,0
P00065,2026-01-30,30,446.6,14.89,2.57,4,4,0
P00065,2026-03-02,30,435.2,14.51,1.41,6,4,1
P00065,2026-04-01,26,370.8,14.26,4.0,5,4,1
P00065,2026-05-02,29,397.6,13.71,3.91,6,4,0
P00065,2026-06-01,29,408.4,14.08,4.47,4,4,0
P00065,2026-07-02,28,378.5,13.52,5.63,5,4,1
P00065,2026-08-01,31,458.6,14.79,2.37,7,4,1
P00066,2024-08-31,27,347.4,12.87,0.51,4,4,0
P00066,2024-09-30,29,357.3,12.32,1.19,9,4,0
P00066,2024-10-31,28,341.7,12.2,0.2,0,4,1
P00066,2024-11-30,28,342.5,12.23,0.48,5,4,0
P00066,2024-12-31,28,342.1,12.22,3.35,6,4,0
P00066,2025-01-30,29,354.0,12.21,2.74,3,4,1
P00066,2025-03-02,27,330.3,12.23,1.7,4,4,0
P00066,2025-04-01,27,327.1,12.11,2.18,1,4,0
P00066,2025-05-01,30,351.9,11.73,0.23,4,4,1
P00066,2025-06-01,29,330.3,11.39,2.25,3,4,1
P00066,2025-07-01,27,327.2,12.12,3.09,5,4,1
P00066,2025-08-01,26,303.6,11.68,2.45,2,4,3
P00066,2025-08-31,27,297.6,11.02,0.42,2,4,2
P00066,2025-10-01,28,301.2,10.76,1.32,2,4,0
P00066,2025-10-31,30,332.2,11.07,1.87,4,4,0
P00066,2025-12-01,26,307.4,11.82,2.21,8,4,0
P00066,2025-12-31,30,348.5,11.62,1.27,6,4,0
P00066,2026-01-30,27,314.6,11.65,1.68,3,4,1
P00066,2026-03-02,26,297.6,11.45,4.77,6,4,0
P00066,2026-04-01,28,311.3,11.12,3.6,5,4,1
P00066,2026-05-02,24,284.6,11.86,2.2,7,4,2
P00066,2026-06-01,28,326.8,11.67,0.63,3,4,0
P00066,2026-07-02,27,329.2,12.19,2.58,8,4,1
P00066,2026-08-01,27,327.5,12.13,2.68,2,4,0
P00067,2024-08-31,28,274.9,9.82,0.26,5,4,2
P00067,2024-09-30,29,271.1,9.35,3.82,4,4,1
P00067,2024-10-31,31,301.9,9.74,3.22,7,4,3
P00067,2024-11-30,30,271.4,9.05,6.0,3,4,3
P00067,2024-12-31,29,277.0,9.55,1.49,5,4,4
P00067,2025-01-30,30,290.0,9.67,2.61,7,4,3
P00067,2025-03-02,29,245.9,8.48,0.84,19,4,3
P00067,2025-04-01,31,273.3,8.82,1.67,7,4,4
P00067,2025-05-01,29,241.9,8.34,2.95,7,4,2
P00067,2025-06-01,29,265.0,9.14,1.05,6,4,1
P00067,2025-07-01,27,267.4,9.9,2.94,10,4,3
P00067,2025-08-01,26,250.6,9.64,1.49,7,4,2
P00067,2025-08-31,29,264.5,9.12,5.86,9,4,4
P00067,2025-10-01,27,240.4,8.9,3.32,6,4,3
P00067,2025-10-31,27,222.5,8.24,1.62,6,4,3
P00067,2025-12-01,31,267.5,8.63,2.94,10,4,3
P00067,2025-12-31,29,250.8,8.65,2.37,6,4,2
P00067,2026-01-30,30,255.4,8.51,2.18,11,4,2
P00067,2026-03-02,31,282.5,9.11,4.26,4,4,1
P00067,2026-04-01,28,254.7,9.1,4.96,4,4,2
P00067,2026-05-02,28,236.7,8.45,4.82,7,4,2
P00067,2026-06-01,31,259.5,8.37,3.59,11,4,1
P00067,2026-07-02,31,255.9,8.25,3.62,9,4,2
P00067,2026-08-01,29,239.8,8.27,0.73,11,4,1
P00068,2024-08-31,26,327.1,12.58,1.55,5,4,1
P00068,2024-09-30,29,363.1,12.52,1.96,6,4,1
P00068,2024-10-31,27,324.6,12.02,1.23,5,4,0
P00068,2024-11-30,26,330.8,12.72,1.51,5,4,1
P00068,2024-12-31,27,338.8,12.55,0.58,8,4,1
P00068,2025-01-30,29,363.1,12.52,0.95,6,4,2
P00068,2025-03-02,26,322.8,12.41,6.0,3,4,1
P00068,2025-04-01,27,341.7,12.65,0.87,6,4,3
P00068,2025-05-01,28,365.2,13.04,2.39,4,4,2
P00068,2025-06-01,27,369.7,13.69,0.39,6,4,2
P00068,2025-07-01,25,343.0,13.72,5.02,5,4,0
P00068,2025-08-01,29,400.4,13.81,2.18,3,4,0
P00068,2025-08-31,28,367.3,13.12,0.25,1,4,3
P00068,2025-10-01,30,412.2,13.74,3.51,6,4,1
P00068,2025-10-31,27,366.5,13.57,1.71,3,4,1
P00068,2025-12-01,26,342.9,13.19,0.97,5,4,1
P00068,2025-12-31,29,387.5,13.36,3.78,6,4,0
P00068,2026-01-30,29,396.9,13.68,0.68,3,4,2
P00068,2026-03-02,28,369.2,13.19,2.59,12,4,1
P00068,2026-04-01,29,396.1,13.66,3.12,8,4,0
P00068,2026-05-02,30,404.1,13.47,0.45,3,4,1
P00068,2026-06-01,29,398.7,13.75,0.45,3,4,1
P00068,2026-07-02,28,382.1,13.64,1.64,4,4,1
P00068,2026-08-01,27,385.2,14.27,3.88,5,4,0
P00069,2024-08-31,29,383.5,13.22,2.81,4,4,0
P00069,2024-09-30,28,360.1,12.86,1.28,7,4,1
P00069,2024-10-31,30,387.0,12.9,1.48,2,4,0
P00069,2024-11-30,27,378.3,14.01,5.38,7,4,1
P00069,2024-12-31,27,359.2,13.3,2.72,8,4,1
P00069,2025-01-30,29,398.4,13.74,1.39,2,4,1
P00069,2025-03-02,29,396.4,13.67,1.76,2,4,0
P00069,2025-04-01,28,390.2,13.93,1.28,11,4,1
P00069,2025-05-01,26,340.0,13.08,1.54,5,4,1
P00069,2025-06-01,26,355.6,13.68,2.67,5,4,1
P00069,2025-07-01,28,375.5,13.41,2.4,7,4,0
P00069,2025-08-01,28,391.2,13.97,3.95,3,4,1
P00069,2025-08-31,25,340.5,13.62,1.15,6,4,1
P00069,2025-10-01,28,388.3,13.87,6.0,4,4,1
P00069,2025-10-31,30,415.4,13.85,3.55,7,4,0
P00069,2025-12-01,30,411.2,13.71,2.74,4,4,1
P00069,2025-12-31,31,427.1,13.78,0.57,3,4,0
P00069,2026-01-30,24,332.2,13.84,4.27,6,4,3
P00069,2026-03-02,27,346.5,12.83,2.12,3,4,0
P00069,2026-04-01,26,367.1,14.12,4.36,1,4,0
P00069,2026-05-02,25,328.6,13.15,1.45,5,4,0
P00069,2026-06-01,31,394.6,12.73,2.54,4,4,1
P00069,2026-07-02,30,410.7,13.69,6.0,4,4,0
P00069,2026-08-01,29,396.4,13.67,0.31,8,4,1
P00070,2024-08-31,29,381.8,13.17,2.28,3,4,1
P00070,2024-09-30,31,396.7,12.8,6.0,2,4,0
P00070,2024-10-31,28,374.3,13.37,3.06,6,4,0
P00070,2024-11-30,31,429.7,13.86,1.81,2,4,1
P00070,2024-12-31,31,414.1,13.36,3.75,6,4,0
P00070,2025-01-30,31,440.5,14.21,6.0,4,4,1
P00070,2025-03-02,30,412.4,13.75,2.92,8,4,2
P00070,2025-04-01,30,387.8,12.93,6.0,6,4,1
P00070,2025-05-01,29,392.4,13.53,1.3,7,4,0
P00070,2025-06-01,29,363.6,12.54,1.44,3,4,1
P00070,2025-07-01,27,349.3,12.94,0.51,9,4,0
P00070,2025-08-01,30,406.8,13.56,3.27,9,4,2
P00070,2025-08-31,28,370.7,13.24,3.3,2,4,1
P00070,2025-10-01,29,387.0,13.34,1.48,8,4,2
P00070,2025-10-31,31,400.3,12.91,3.66,7,4,0
P00070,2025-12-01,29,359.3,12.39,1.93,8,4,1
P00070,2025-12-31,30,395.7,13.19,3.96,3,4,1
P00070,2026-01-30,28,334.7,11.95,1.15,5,4,1
P00070,2026-03-02,31,371.6,11.99,0.29,8,4,1
P00070,2026-04-01,28,333.8,11.92,1.94,4,4,2
P00070,2026-05-02,29,354.9,12.24,1.43,6,4,3
P00070,2026-06-01,26,304.4,11.71,2.61,6,4,2
P00070,2026-07-02,27,325.8,12.07,3.73,7,4,1
P00070,2026-08-01,27,316.0,11.7,3.92,4,4,1
P00071,2024-08-31,29,390.7,13.47,4.56,8,4,1
P00071,2024-09-30,31,425.9,13.74,1.86,11,4,0
P00071,2024-10-31,26,374.1,14.39,1.61,9,4,0
P00071,2024-11-30,30,418.5,13.95,1.27,10,4,1
P00071,2024-12-31,30,431.7,14.39,2.54,8,4,2
P00071,2025-01-30,30,447.0,14.9,2.32,6,4,0
P00071,2025-03-02,30,420.0,14.0,3.34,6,4,0
P00071,2025-04-01,31,417.4,13.46,4.6,7,4,1
P00071,2025-05-01,31,422.6,13.63,6.0,10,4,1
P00071,2025-06-01,31,411.8,13.29,0.57,6,4,1
P00071,2025-07-01,31,416.9,13.45,3.13,5,4,1
P00071,2025-08-01,29,373.5,12.88,1.21,8,4,1
P00071,2025-08-31,29,402.0,13.86,2.34,7,4,1
P00071,2025-10-01,31,415.2,13.39,2.21,5,4,0
P00071,2025-10-31,29,406.5,14.02,3.76,11,4,0
P00071,2025-12-01,31,413.6,13.34,1.15,2,4,1
P00071,2025-12-31,24,312.0,13.0,3.52,7,4,2
P00071,2026-01-30,29,400.3,13.8,0.54,6,4,0
P00071,2026-03-02,31,416.5,13.44,1.54,6,4,0
P00071,2026-04-01,28,372.7,13.31,0.87,7,4,1
P00071,2026-05-02,29,404.2,13.94,3.14,4,4,0
P00071,2026-06-01,30,433.3,14.44,5.71,6,4,0
P00071,2026-07-02,29,406.5,14.02,2.1,7,4,2
P00071,2026-08-01,30,425.6,14.19,1.28,9,4,2
P00072,2024-08-31,30,276.4,9.21,2.46,5,4,3
P00072,2024-09-30,28,257.0,9.18,0.2,4,4,2
P00072,2024-10-31,31,287.9,9.29,0.88,7,4,1
P00072,2024-11-30,29,293.6,10.12,0.47,9,4,3
P00072,2024-12-31,29,294.2,10.14,4.0,10,4,2
P00072,2025-01-30,28,285.9,10.21,4.76,12,4,3
P00072,2025-03-02,30,316.7,10.56,1.03,7,4,3
P00072,2025-04-01,31,338.3,10.91,2.09,5,4,2
P00072,2025-05-01,31,336.7,10.86,3.62,1,4,4
P00072,2025-06-01,29,314.8,10.85,4.31,3,4,4
P00072,2025-07-01,28,312.5,11.16,2.53,10,4,2
P00072,2025-08-01,31,343.5,11.08,2.1,8,4,2
P00072,2025-08-31,30,322.7,10.76,3.98,6,4,3
P00072,2025-10-01,28,295.6,10.56,1.66,10,4,4
P00072,2025-10-31,30,316.3,10.54,3.07,4,4,2
P00072,2025-12-01,28,299.8,10.71,0.99,5,4,3
P00072,2025-12-31,31,344.3,11.11,0.95,5,4,3
P00072,2026-01-30,30,321.9,10.73,2.57,8,4,2
P00072,2026-03-02,31,333.6,10.76,1.46,8,4,3
P00072,2026-04-01,27,297.3,11.01,1.44,4,4,1
P00072,2026-05-02,30,305.3,10.18,0.2,9,4,3
P00072,2026-06-01,27,277.1,10.26,3.0,6,4,3
P00072,2026-07-02,29,294.5,10.15,1.25,5,4,3
P00072,2026-08-01,30,323.8,10.79,2.31,7,4,1
P00073,2024-08-31,28,377.7,13.49,6.0,12,4,1
P00073,2024-09-30,29,378.8,13.06,0.74,5,4,1
P00073,2024-10-31,28,356.0,12.72,1.7,4,4,0
P00073,2024-11-30,28,378.5,13.52,1.8,3,4,2
P00073,2024-12-31,28,385.0,13.75,3.24,4,4,0
P00073,2025-01-30,29,415.4,14.32,0.39,7,4,0
P00073,2025-03-02,27,367.7,13.62,2.47,6,4,0
P00073,2025-04-01,26,370.9,14.27,0.75,5,4,1
P00073,2025-05-01,30,406.8,13.56,4.18,5,4,1
P00073,2025-06-01,29,400.8,13.82,1.85,4,4,0
P00073,2025-07-01,29,409.9,14.13,2.36,6,4,0
P00073,2025-08-01,31,420.3,13.56,1.24,6,4,0
P00073,2025-08-31,29,409.0,14.1,1.75,9,4,0
P00073,2025-10-01,27,374.3,13.86,1.25,5,4,1
P00073,2025-10-31,28,399.6,14.27,1.55,4,4,2
P00073,2025-12-01,31,432.0,13.94,2.11,11,4,2
P00073,2025-12-31,25,356.3,14.25,1.04,3,4,1
P00073,2026-01-30,31,480.2,15.49,0.89,9,4,1
P00073,2026-03-02,28,421.4,15.05,3.95,4,4,2
P00073,2026-04-01,28,402.6,14.38,2.71,9,4,0
P00073,2026-05-02,27,380.8,14.1,5.24,3,4,2
P00073,2026-06-01,28,398.1,14.22,2.23,10,4,0
P00073,2026-07-02,31,443.9,14.32,2.66,5,4,0
P00073,2026-08-01,28,394.9,14.1,2.85,4,4,1
P00074,2024-08-31,29,411.0,14.17,4.19,5,4,1
P00074,2024-09-30,31,441.1,14.23,1.09,7,4,1
P00074,2024-10-31,29,399.6,13.78,3.27,7,4,1
P00074,2024-11-30,29,412.5,14.22,3.47,6,4,2
P00074,2024-12-31,28,394.3,14.08,6.0,7,4,0
P00074,2025-01-30,28,400.5,14.3,0.75,3,4,0
P00074,2025-03-02,30,421.0,14.03,5.69,8,4,1
P00074,2025-04-01,31,454.4,14.66,1.53,5,4,0
P00074,2025-05-01,30,432.1,14.4,3.54,4,4,0
P00074,2025-06-01,29,415.4,14.32,1.63,8,4,2
P00074,2025-07-01,30,438.4,14.61,2.54,2,4,1
P00074,2025-08-01,31,455.0,14.68,2.87,5,4,2
P00074,2025-08-31,28,404.9,14.46,2.94,9,4,2
P00074,2025-10-01,28,409.6,14.63,4.3,6,4,1
P00074,2025-10-31,26,370.8,14.26,1.41,6,4,2
P00074,2025-12-01,29,402.6,13.88,2.12,6,4,1
P00074,2025-12-31,27,383.4,14.2,0.95,2,4,1
P00074,2026-01-30,27,395.0,14.63,6.0,6,4,0
P00074,2026-03-02,31,449.5,14.5,1.83,7,4,2
P00074,2026-04-01,24,349.4,14.56,2.86,3,4,1
P00074,2026-05-02,31,461.6,14.89,0.68,8,4,2
P00074,2026-06-01,30,448.5,14.95,0.31,7,4,0
P00074,2026-07-02,26,400.1,15.39,4.34,6,4,1
P00074,2026-08-01,31,446.9,14.42,3.62,5,4,2
P00075,2024-08-31,29,418.6,14.43,2.95,7,4,0
P00075,2024-09-30,26,357.2,13.74,2.38,11,4,0
P00075,2024-10-31,28,389.2,13.9,1.25,2,4,1
P00075,2024-11-30,31,453.2,14.62,6.0,7,4,0
P00075,2024-12-31,30,421.5,14.05,2.03,7,4,1
P00075,2025-01-30,31,426.1,13.75,2.62,4,4,2
P00075,2025-03-02,29,410.6,14.16,3.35,6,4,1
P00075,2025-04-01,27,392.8,14.55,2.5,6,4,1
P00075,2025-05-01,31,444.1,14.33,0.44,9,4,1
P00075,2025-06-01,31,429.2,13.84,3.95,7,4,0
P00075,2025-07-01,31,431.5,13.92,3.27,3,4,0
P00075,2025-08-01,26,363.4,13.98,0.76,6,4,1
P00075,2025-08-31,28,393.0,14.04,2.37,14,4,1
P00075,2025-10-01,31,429.6,13.86,0.5,8,4,0
P00075,2025-10-31,28,390.2,13.94,5.42,13,4,0
P00075,2025-12-01,30,390.5,13.02,1.16,8,4,0
P00075,2025-12-31,28,358.2,12.79,2.42,7,4,0
P00075,2026-01-30,29,401.6,13.85,0.88,11,4,1
P00075,2026-03-02,30,431.9,14.4,2.15,5,4,1
P00075,2026-04-01,29,384.7,13.26,1.9,6,4,2
P00075,2026-05-02,26,365.5,14.06,4.68,7,4,1
P00075,2026-06-01,31,424.3,13.69,1.62,8,4,1
P00075,2026-07-02,28,377.6,13.48,0.58,5,4,1
P00075,2026-08-01,31,420.1,13.55,2.05,3,4,0
P00076,2024-08-31,24,159.9,6.66,2.27,5,4,3
P00076,2024-09-30,26,204.2,7.85,1.68,4,4,2
P00076,2024-10-31,26,198.5,7.63,1.1,4,4,3
P00076,2024-11-30,31,240.5,7.76,0.2,6,4,2
P00076,2024-12-31,26,197.3,7.59,3.11,3,4,3
P00076,2025-01-30,28,198.0,7.07,0.94,5,4,3
P00076,2025-03-02,29,203.4,7.01,2.12,5,4,2
P00076,2025-04-01,26,182.8,7.03,0.55,3,4,3
P00076,2025-05-01,27,202.6,7.5,1.15,6,4,4
P00076,2025-06-01,24,178.0,7.42,3.11,3,4,3
P00076,2025-07-01,29,213.1,7.35,0.33,4,4,1
P00076,2025-08-01,25,179.1,7.16,2.65,4,4,4
P00076,2025-08-31,31,204.0,6.58,0.8,3,4,3
P00076,2025-10-01,26,171.6,6.6,2.48,2,4,3
P00076,2025-10-31,26,174.2,6.7,0.61,4,4,1
P00076,2025-12-01,29,221.4,7.63,1.56,4,4,1
P00076,2025-12-31,28,206.8,7.38,2.21,6,4,1
P00076,2026-01-30,29,220.1,7.59,1.25,4,4,3
P00076,2026-03-02,26,190.2,7.31,2.16,5,4,1
P00076,2026-04-01,28,212.9,7.6,1.72,6,4,4
P00076,2026-05-02,26,209.8,8.07,4.29,2,4,1
P00076,2026-06-01,26,232.1,8.93,0.99,4,4,3
P00076,2026-07-02,27,224.1,8.3,1.7,5,4,2
P00076,2026-08-01,26,188.6,7.25,1.39,5,4,3
P00077,2024-08-31,28,366.8,13.1,1.41,13,4,0
P00077,2024-09-30,28,380.3,13.58,1.3,5,4,1
P00077,2024-10-31,30,395.7,13.19,4.78,10,4,1
P00077,2024-11-30,29,379.2,13.08,1.79,4,4,0
P00077,2024-12-31,28,377.7,13.49,3.59,5,4,0
P00077,2025-01-30,31,407.7,13.15,2.55,5,4,2
P00077,2025-03-02,28,367.3,13.12,6.0,10,4,0
P00077,2025-04-01,30,413.5,13.78,1.25,4,4,0
P00077,2025-05-01,31,424.9,13.71,5.09,4,4,1
P00077,2025-06-01,28,383.3,13.69,1.8,5,4,0
P00077,2025-07-01,29,382.8,13.2,3.0,6,4,1
P00077,2025-08-01,25,330.8,13.23,1.03,9,4,3
P00077,2025-08-31,31,424.8,13.7,5.09,6,4,0
P00077,2025-10-01,28,377.1,13.47,2.61,4,4,2
P00077,2025-10-31,30,392.1,13.07,6.0,7,4,0
P00077,2025-12-01,29,396.1,13.66,2.41,9,4,2
P00077,2025-12-31,28,364.5,13.02,6.0,8,4,1
P00077,2026-01-30,30,389.2,12.97,4.87,7,4,2
P00077,2026-03-02,31,393.1,12.68,2.56,7,4,0
P00077,2026-04-01,31,390.8,12.61,2.96,2,4,1
P00077,2026-05-02,31,392.7,12.67,2.25,8,4,1
P00077,2026-06-01,30,390.9,13.03,1.33,2,4,1
P00077,2026-07-02,30,415.6,13.85,2.51,3,4,1
P00077,2026-08-01,30,399.6,13.32,6.0,9,4,0
P00078,2024-08-31,31,402.6,12.99,3.65,4,4,1
P00078,2024-09-30,27,373.0,13.81,2.34,2,4,0
P00078,2024-10-31,30,404.5,13.48,3.95,8,4,1
P00078,2024-11-30,30,398.3,13.28,4.91,10,4,0
P00078,2024-12-31,30,378.3,12.61,6.0,7,4,0
P00078,2025-01-30,31,404.1,13.04,3.07,8,4,2
P00078,2025-03-02,28,355.1,12.68,3.35,7,4,1
P00078,2025-04-01,28,358.0,12.78,3.54,7,4,1
P00078,2025-05-01,30,383.5,12.78,1.38,5,4,0
P00078,2025-06-01,29,384.0,13.24,1.74,6,4,1
P00078,2025-07-01,29,394.0,13.59,3.38,5,4,0
P00078,2025-08-01,28,349.5,12.48,2.28,9,4,0
P00078,2025-08-31,30,395.7,13.19,1.85,11,4,0
P00078,2025-10-01,30,381.4,12.71,1.32,7,4,2
P00078,2025-10-31,30,387.0,12.9,4.43,4,4,2
P00078,2025-12-01,27,346.3,12.82,0.81,9,4,0
P00078,2025-12-31,29,359.9,12.41,4.4,8,4,0
P00078,2026-01-30,29,371.5,12.81,5.47,6,4,1
P00078,2026-03-02,30,381.5,12.72,6.0,2,4,1
P00078,2026-04-01,28,343.0,12.25,4.27,11,4,1
P00078,2026-05-02,29,342.9,11.82,0.76,6,4,1
P00078,2026-06-01,26,318.6,12.25,3.15,8,4,0
P00078,2026-07-02,29,343.5,11.84,2.41,6,4,0
P00078,2026-08-01,30,344.3,11.48,3.43,6,4,1
P00079,2024-08-31,31,286.1,9.23,1.55,6,4,2
P00079,2024-09-30,31,273.8,8.83,3.22,6,4,4
P00079,2024-10-31,31,276.2,8.91,5.19,8,4,0
P00079,2024-11-30,31,293.0,9.45,2.63,10,4,0
P00079,2024-12-31,28,241.6,8.63,2.67,7,4,2
P00079,2025-01-30,28,263.8,9.42,3.74,7,4,3
P00079,2025-03-02,29,251.9,8.69,3.65,7,4,2
P00079,2025-04-01,28,242.2,8.65,1.08,5,4,4
P00079,2025-05-01,29,261.3,9.01,5.05,5,4,0
P00079,2025-06-01,31,283.4,9.14,2.15,3,4,3
P00079,2025-07-01,31,285.2,9.2,3.53,4,4,3
P00079,2025-08-01,29,248.2,8.56,6.0,6,4,2
P00079,2025-08-31,29,258.5,8.91,4.74,13,4,3
P00079,2025-10-01,27,245.5,9.09,2.41,7,4,2
P00079,2025-10-31,27,241.3,8.94,2.42,8,4,3
P00079,2025-12-01,29,262.3,9.05,2.72,2,4,4
P00079,2025-12-31,30,273.2,9.11,1.83,8,4,3
P00079,2026-01-30,31,282.9,9.13,1.84,7,4,2
P00079,2026-03-02,26,233.0,8.96,0.34,6,4,3
P00079,2026-04-01,29,237.3,8.18,3.11,5,4,2
P00079,2026-05-02,31,220.7,7.12,1.94,7,4,3
P00079,2026-06-01,30,241.7,8.06,1.38,4,4,3
P00079,2026-07-02,29,215.8,7.44,3.89,5,4,1
P00079,2026-08-01,30,215.3,7.18,6.0,8,4,3
P00080,2024-08-31,30,399.2,13.31,5.9,7,4,0
P00080,2024-09-30,30,420.4,14.01,2.78,4,4,0
P00080,2024-10-31,31,460.9,14.87,1.02,5,4,0
P00080,2024-11-30,31,435.1,14.04,4.42,11,4,0
P00080,2024-12-31,28,393.9,14.07,1.11,9,4,1
P00080,2025-01-30,31,425.6,13.73,6.0,10,4,1
P00080,2025-03-02,29,422.7,14.57,3.29,7,4,0
P00080,2025-04-01,29,392.1,13.52,1.49,3,4,0
P00080,2025-05-01,29,396.6,13.67,5.27,5,4,1
P00080,2025-06-01,29,413.4,14.25,0.94,5,4,2
P00080,2025-07-01,30,419.1,13.97,6.0,4,4,0
P00080,2025-08-01,29,439.9,15.17,1.61,7,4,0
P00080,2025-08-31,27,385.1,14.26,2.45,5,4,1
P00080,2025-10-01,28,397.6,14.2,1.86,9,4,0
P00080,2025-10-31,30,447.3,14.91,6.0,9,4,2
P00080,2025-12-01,31,455.3,14.69,1.52,6,4,3
P00080,2025-12-31,28,418.8,14.96,2.4,4,4,1
P00080,2026-01-30,29,439.4,15.15,6.0,2,4,1
P00080,2026-03-02,29,442.8,15.27,2.76,8,4,1
P00080,2026-04-01,28,417.0,14.89,2.04,4,4,0
P00080,2026-05-02,27,426.5,15.8,4.8,1,4,1
P00080,2026-06-01,28,430.8,15.39,2.63,6,4,1
P00080,2026-07-02,30,451.3,15.04,1.8,9,4,1
P00080,2026-08-01,29,441.4,15.22,1.6,8,4,0
P00081,2024-08-31,28,260.0,9.29,2.48,12,4,1
P00081,2024-09-30,30,282.9,9.43,4.03,7,4,1
P00081,2024-10-31,30,303.7,10.12,4.05,3,4,2
P00081,2024-11-30,31,268.3,8.66,1.71,6,4,2
P00081,2024-12-31,27,266.9,9.89,3.88,6,4,2
P00081,2025-01-30,29,283.9,9.79,3.49,9,4,2
P00081,2025-03-02,29,284.2,9.8,6.0,9,4,2
P00081,2025-04-01,30,282.7,9.42,0.86,9,4,4
P00081,2025-05-01,29,280.0,9.65,2.18,9,4,1
P00081,2025-06-01,28,267.7,9.56,2.27,7,4,2
P00081,2025-07-01,29,265.5,9.16,1.37,2,4,2
P00081,2025-08-01,29,283.4,9.77,3.47,1,4,2
P00081,2025-08-31,29,277.4,9.57,3.58,5,4,3
P00081,2025-10-01,27,243.2,9.01,4.95,11,4,2
P00081,2025-10-31,28,271.5,9.7,0.72,7,4,1
P00081,2025-12-01,31,292.1,9.42,6.0,9,4,3
P00081,2025-12-31,31,280.4,9.05,0.74,10,4,2
P00081,2026-01-30,25,238.8,9.55,2.26,12,4,4
P00081,2026-03-02,29,260.7,8.99,4.77,8,4,3
P00081,2026-04-01,31,285.9,9.22,1.45,5,4,2
P00081,2026-05-02,29,253.5,8.74,3.56,12,4,3
P00081,2026-06-01,29,245.6,8.47,4.36,6,4,1
P00081,2026-07-02,29,270.9,9.34,1.57,7,4,3
P00081,2026-08-01,30,257.4,8.58,1.34,6,4,3
P00082,2024-08-31,29,216.5,7.47,0.53,8,4,2
P00082,2024-09-30,29,236.3,8.15,1.29,6,4,2
P00082,2024-10-31,28,227.5,8.13,0.7,2,4,2
P00082,2024-11-30,26,207.6,7.98,4.85,6,4,3
P00082,2024-12-31,27,235.0,8.71,0.2,7,4,3
P00082,2025-01-30,25,189.9,7.6,2.0,5,4,3
P00082,2025-03-02,28,218.9,7.82,2.38,4,4,2
P00082,2025-04-01,29,218.9,7.55,0.44,3,4,3
P00082,2025-05-01,28,210.0,7.5,1.62,7,4,1
P00082,2025-06-01,30,241.9,8.06,1.79,7,4,1
P00082,2025-07-01,28,221.4,7.91,0.66,9,4,3
P00082,2025-08-01,25,218.5,8.74,3.5,7,4,4
P00082,2025-08-31,28,237.2,8.47,1.09,3,4,2
P00082,2025-10-01,27,227.3,8.42,3.78,2,4,3
P00082,2025-10-31,27,231.8,8.59,2.23,2,4,2
P00082,2025-12-01,27,228.4,8.46,0.21,3,4,2
P00082,2025-12-31,29,226.4,7.81,0.65,7,4,1
P00082,2026-01-30,30,253.9,8.46,1.22,4,4,2
P00082,2026-03-02,30,274.3,9.14,1.45,5,4,2
P00082,2026-04-01,30,272.2,9.07,5.6,8,4,2
P00082,2026-05-02,28,237.1,8.47,2.79,3,4,2
P00082,2026-06-01,31,259.5,8.37,1.77,1,4,2
P00082,2026-07-02,26,213.5,8.21,1.54,8,4,1
P00082,2026-08-01,26,192.0,7.38,3.43,4,4,1
P00083,2024-08-31,29,372.3,12.84,0.76,8,4,1
P00083,2024-09-30,31,428.3,13.82,6.0,4,4,2
P00083,2024-10-31,29,386.0,13.31,2.29,4,4,1
P00083,2024-11-30,29,382.5,13.19,0.23,7,4,0
P00083,2024-12-31,31,394.6,12.73,2.12,6,4,0
P00083,2025-01-30,28,343.3,12.26,4.48,6,4,1
P00083,2025-03-02,31,381.0,12.29,2.02,10,4,3
P00083,2025-04-01,29,368.6,12.71,0.56,5,4,1
P00083,2025-05-01,26,338.3,13.01,3.1,5,4,1
P00083,2025-06-01,27,330.9,12.26,3.86,7,4,0
P00083,2025-07-01,26,347.3,13.36,0.4,2,4,1
P00083,2025-08-01,30,381.4,12.71,2.13,4,4,2
P00083,2025-08-31,28,379.4,13.55,0.46,4,4,0
P00083,2025-10-01,28,342.5,12.23,6.0,7,4,1
P00083,2025-10-31,29,364.8,12.58,4.95,5,4,0
P00083,2025-12-01,30,371.2,12.37,0.47,1,4,1
P00083,2025-12-31,24,283.4,11.81,2.26,5,4,1
P00083,2026-01-30,28,336.3,12.01,1.89,5,4,1
P00083,2026-03-02,29,354.5,12.22,0.68,5,4,0
P00083,2026-04-01,26,331.2,12.74,6.0,2,4,1
P00083,2026-05-02,27,336.3,12.45,1.69,4,4,1
P00083,2026-06-01,25,326.1,13.04,3.46,6,4,1
P00083,2026-07-02,28,347.3,12.4,0.84,7,4,1
P00083,2026-08-01,31,376.4,12.14,1.52,1,4,0
P00084,2024-08-31,26,329.8,12.68,2.44,4,4,1
P00084,2024-09-30,24,303.7,12.66,0.97,4,4,1
P00084,2024-10-31,27,342.2,12.67,4.0,4,4,2
P00084,2024-11-30,28,384.8,13.74,1.55,3,4,1
P00084,2024-12-31,25,325.0,13.0,2.04,9,4,0
P00084,2025-01-30,29,373.8,12.89,3.32,6,4,0
P00084,2025-03-02,29,391.5,13.5,0.57,4,4,1
P00084,2025-04-01,31,410.7,13.25,5.97,7,4,2
P00084,2025-05-01,28,356.1,12.72,2.59,1,4,0
P00084,2025-06-01,27,366.9,13.59,1.42,3,4,1
P00084,2025-07-01,27,357.1,13.23,2.26,5,4,0
P00084,2025-08-01,28,370.4,13.23,2.3,4,4,1
P00084,2025-08-31,29,372.0,12.83,1.38,4,4,0
P00084,2025-10-01,28,380.3,13.58,0.76,4,4,0
P00084,2025-10-31,28,384.9,13.75,1.84,5,4,2
P00084,2025-12-01,27,364.3,13.49,1.05,6,4,2
P00084,2025-12-31,26,357.2,13.74,1.4,4,4,0
P00084,2026-01-30,28,373.5,13.34,1.55,6,4,1
P00084,2026-03-02,25,308.9,12.36,1.84,4,4,2
P00084,2026-04-01,26,337.2,12.97,1.05,7,4,1
P00084,2026-05-02,27,358.7,13.29,1.5,6,4,1
P00084,2026-06-01,28,361.9,12.93,1.15,5,4,2
P00084,2026-07-02,25,333.6,13.34,2.78,2,4,1
P00084,2026-08-01,29,369.8,12.75,0.67,7,4,2
P00085,2024-08-31,31,266.2,8.59,0.37,5,4,3
P00085,2024-09-30,28,240.2,8.58,0.27,1,4,3
P00085,2024-10-31,30,264.2,8.81,0.39,5,4,4
P00085,2024-11-30,26,233.3,8.97,0.32,6,4,2
P00085,2024-12-31,28,228.8,8.17,0.88,4,4,2
P00085,2025-01-30,25,198.9,7.96,0.43,4,4,3
P00085,2025-03-02,29,244.7,8.44,1.29,3,4,4
P00085,2025-04-01,30,245.4,8.18,0.31,5,4,3
P00085,2025-05-01,26,222.1,8.54,0.29,4,4,3
P00085,2025-06-01,27,208.6,7.73,1.05,7,4,3
P00085,2025-07-01,27,224.0,8.3,1.23,3,4,2
P00085,2025-08-01,29,250.0,8.62,0.29,4,4,3
P00085,2025-08-31,27,223.8,8.29,0.2,4,4,2
P00085,2025-10-01,27,237.2,8.79,0.22,5,4,3
P00085,2025-10-31,30,239.0,7.97,0.2,5,4,2
P00085,2025-12-01,28,226.7,8.1,0.36,5,4,4
P00085,2025-12-31,26,211.7,8.14,1.33,2,4,3
P00085,2026-01-30,27,197.4,7.31,0.24,4,4,4
P00085,2026-03-02,25,217.6,8.7,0.69,5,4,4
P00085,2026-04-01,26,197.0,7.58,0.34,2,4,4
P00085,2026-05-02,29,227.2,7.83,0.98,6,4,4
P00085,2026-06-01,27,203.2,7.53,0.46,0,4,3
P00085,2026-07-02,28,241.6,8.63,2.18,4,4,3
P00085,2026-08-01,30,241.5,8.05,0.28,8,4,3
P00086,2024-08-31,29,249.2,8.59,2.19,7,4,3
P00086,2024-09-30,28,243.7,8.7,2.68,6,4,2
P00086,2024-10-31,31,271.1,8.74,1.96,8,4,4
P00086,2024-11-30,28,241.7,8.63,3.57,5,4,3
P00086,2024-12-31,29,253.6,8.74,3.69,5,4,4
P00086,2025-01-30,29,249.7,8.61,2.47,7,4,3
P00086,2025-03-02,29,293.0,10.1,4.35,9,4,3
P00086,2025-04-01,31,309.1,9.97,3.5,4,4,1
P00086,2025-05-01,29,287.5,9.91,0.96,3,4,2
P00086,2025-06-01,29,286.6,9.88,3.09,6,4,1
P00086,2025-07-01,30,288.7,9.62,1.31,8,4,2
P00086,2025-08-01,28,266.7,9.53,1.22,5,4,2
P00086,2025-08-31,26,243.9,9.38,3.1,4,4,3
P00086,2025-10-01,28,263.2,9.4,4.56,3,4,2
P00086,2025-10-31,31,303.0,9.78,1.99,7,4,2
P00086,2025-12-01,30,273.6,9.12,3.3,4,4,0
P00086,2025-12-31,30,313.0,10.43,2.51,6,4,2
P00086,2026-01-30,29,306.5,10.57,0.28,8,4,3
P00086,2026-03-02,28,272.9,9.75,0.46,4,4,2
P00086,2026-04-01,28,290.8,10.39,2.63,5,4,3
P00086,2026-05-02,29,284.9,9.82,0.36,5,4,2
P00086,2026-06-01,31,290.4,9.37,0.2,12,4,3
P00086,2026-07-02,30,297.0,9.9,3.23,8,4,2
P00086,2026-08-01,30,300.1,10.0,2.26,6,4,1
P00087,2024-08-31,27,352.0,13.04,3.49,3,4,0
P00087,2024-09-30,28,384.6,13.74,0.48,6,4,2
P00087,2024-10-31,27,361.7,13.4,1.85,7,4,0
P00087,2024-11-30,31,411.9,13.29,1.27,3,4,1
P00087,2024-12-31,26,354.2,13.62,2.84,5,4,1
P00087,2025-01-30,28,379.8,13.56,1.01,6,4,3
P00087,2025-03-02,27,363.0,13.45,3.16,4,4,0
P00087,2025-04-01,27,367.1,13.6,5.88,4,4,1
P00087,2025-05-01,26,349.2,13.43,2.03,2,4,1
P00087,2025-06-01,29,380.6,13.12,0.9,5,4,1
P00087,2025-07-01,26,337.9,13.0,1.95,4,4,1
P00087,2025-08-01,29,396.5,13.67,1.47,6,4,1
P00087,2025-08-31,28,387.9,13.85,3.58,5,4,1
P00087,2025-10-01,28,391.0,13.97,1.15,6,4,1
P00087,2025-10-31,28,370.0,13.21,5.61,3,4,0
P00087,2025-12-01,29,400.1,13.8,4.98,2,4,1
P00087,2025-12-31,28,368.0,13.14,0.51,1,4,1
P00087,2026-01-30,31,414.1,13.36,0.8,2,4,0
P00087,2026-03-02,31,402.8,12.99,2.4,4,4,0
P00087,2026-04-01,30,411.4,13.71,1.58,6,4,1
P00087,2026-05-02,28,388.2,13.87,3.5,6,4,0
P00087,2026-06-01,31,432.2,13.94,4.12,2,4,1
P00087,2026-07-02,29,400.8,13.82,3.33,2,4,1
P00087,2026-08-01,25,346.6,13.86,1.84,8,4,1
P00088,2024-08-31,31,440.1,14.2,0.54,1,4,0
P00088,2024-09-30,28,384.0,13.71,3.58,10,4,0
P00088,2024-10-31,29,392.3,13.53,1.62,5,4,0
P00088,2024-11-30,30,398.4,13.28,1.56,5,4,2
P00088,2024-12-31,30,429.0,14.3,0.2,4,4,2
P00088,2025-01-30,28,377.4,13.48,1.51,5,4,1
P00088,2025-03-02,30,434.1,14.47,5.63,4,4,1
P00088,2025-04-01,28,406.2,14.51,2.61,9,4,1
P00088,2025-05-01,29,395.2,13.63,1.27,9,4,1
P00088,2025-06-01,29,398.9,13.76,4.68,8,4,0
P00088,2025-07-01,29,418.9,14.45,1.33,3,4,2
P00088,2025-08-01,31,428.6,13.83,1.74,6,4,1
P00088,2025-08-31,29,429.7,14.82,6.0,9,4,2
P00088,2025-10-01,30,455.4,15.18,6.0,6,4,0
P00088,2025-10-31,31,456.8,14.73,1.2,7,4,1
P00088,2025-12-01,27,409.6,15.17,5.07,10,4,0
P00088,2025-12-31,26,375.4,14.44,1.6,10,4,2
P00088,2026-01-30,30,430.6,14.35,4.81,11,4,0
P00088,2026-03-02,30,434.4,14.48,3.59,6,4,2
P00088,2026-04-01,30,429.6,14.32,6.0,8,4,0
P00088,2026-05-02,30,441.8,14.73,2.82,9,4,1
P00088,2026-06-01,31,453.8,14.64,4.17,3,4,1
P00088,2026-07-02,27,390.3,14.45,2.39,11,4,2
P00088,2026-08-01,27,366.9,13.59,0.48,11,4,0
P00089,2024-08-31,29,353.6,12.19,0.82,6,4,1
P00089,2024-09-30,26,324.3,12.47,1.29,6,4,2
P00089,2024-10-31,28,349.5,12.48,1.52,3,4,0
P00089,2024-11-30,26,332.1,12.77,4.68,7,4,0
P00089,2024-12-31,27,337.2,12.49,0.67,2,4,0
P00089,2025-01-30,29,359.5,12.4,0.38,5,4,2
P00089,2025-03-02,28,360.2,12.87,2.21,3,4,1
P00089,2025-04-01,27,346.4,12.83,0.97,3,4,0
P00089,2025-05-01,23,292.3,12.71,1.49,9,4,1
P00089,2025-06-01,28,359.5,12.84,0.64,3,4,0
P00089,2025-07-01,27,332.6,12.32,0.6,4,4,1
P00089,2025-08-01,28,358.0,12.79,1.44,6,4,1
P00089,2025-08-31,26,344.8,13.26,1.32,5,4,1
P00089,2025-10-01,26,341.0,13.11,3.81,2,4,1
P00089,2025-10-31,26,342.7,13.18,2.45,3,4,1
P00089,2025-12-01,25,331.6,13.27,0.26,4,4,0
P00089,2025-12-31,28,349.6,12.48,1.22,5,4,2
P00089,2026-01-30,27,369.2,13.68,1.66,4,4,1
P00089,2026-03-02,29,385.1,13.28,2.23,6,4,1
P00089,2026-04-01,28,359.7,12.85,0.44,12,4,3
P00089,2026-05-02,31,382.6,12.34,1.35,1,4,0
P00089,2026-06-01,28,352.2,12.58,0.51,2,4,0
P00089,2026-07-02,27,349.6,12.95,1.29,7,4,0
P00089,2026-08-01,27,356.9,13.22,3.3,3,4,0
P00090,2024-08-31,30,411.6,13.72,1.74,10,4,0
P00090,2024-09-30,30,420.7,14.02,0.55,12,4,1
P00090,2024-10-31,29,390.2,13.46,5.12,9,4,1
P00090,2024-11-30,28,369.5,13.2,6.0,8,4,0
P00090,2024-12-31,31,403.7,13.02,4.25,8,4,1
P00090,2025-01-30,28,378.8,13.53,1.08,8,4,1
P00090,2025-03-02,30,417.5,13.92,1.6,9,4,0
P00090,2025-04-01,31,417.3,13.46,0.93,7,4,0
P00090,2025-05-01,29,401.0,13.83,3.57,10,4,1
P00090,2025-06-01,27,365.2,13.53,1.96,8,4,0
P00090,2025-07-01,28,383.0,13.68,3.47,6,4,1
P00090,2025-08-01,27,378.1,14.0,0.75,9,4,0
P00090,2025-08-31,31,408.2,13.17,1.16,9,4,0
P00090,2025-10-01,29,390.3,13.46,3.16,6,4,1
P00090,2025-10-31,30,419.9,14.0,3.57,7,4,0
P00090,2025-12-01,28,398.1,14.22,4.26,8,4,1
P00090,2025-12-31,29,423.1,14.59,3.24,4,4,0
P00090,2026-01-30,29,393.5,13.57,2.17,2,4,2
P00090,2026-03-02,30,409.4,13.65,2.94,9,4,0
P00090,2026-04-01,30,414.4,13.81,1.03,10,4,3
P00090,2026-05-02,30,401.4,13.38,5.36,8,4,1
P00090,2026-06-01,31,425.5,13.73,1.4,10,4,1
P00090,2026-07-02,31,433.8,13.99,3.43,1,4,0
P00090,2026-08-01,28,385.2,13.76,6.0,10,4,2
P00091,2024-08-31,26,195.6,7.52,0.99,3,4,3
P00091,2024-09-30,26,190.4,7.32,1.27,4,4,4
P00091,2024-10-31,26,195.5,7.52,4.02,3,4,2
P00091,2024-11-30,27,189.1,7.0,1.06,5,4,1
P00091,2024-12-31,26,197.7,7.61,3.85,3,4,2
P00091,2025-01-30,28,200.8,7.17,2.37,4,4,3
P00091,2025-03-02,27,188.1,6.97,2.74,7,4,3
P00091,2025-04-01,30,213.0,7.1,1.73,4,4,3
P00091,2025-05-01,29,199.1,6.86,1.25,3,4,1
P00091,2025-06-01,26,185.8,7.14,0.27,3,4,3
P00091,2025-07-01,29,181.4,6.26,2.47,4,4,3
P00091,2025-08-01,27,205.9,7.63,0.71,4,4,1
P00091,2025-08-31,28,201.4,7.19,2.38,3,4,2
P00091,2025-10-01,25,167.2,6.69,1.62,2,4,2
P00091,2025-10-31,29,196.0,6.76,1.99,3,4,3
P00091,2025-12-01,29,215.4,7.43,3.38,4,4,4
P00091,2025-12-31,27,182.7,6.76,0.31,3,4,3
P00091,2026-01-30,28,180.4,6.44,3.09,9,4,3
P00091,2026-03-02,27,185.7,6.88,1.89,4,4,3
P00091,2026-04-01,28,172.5,6.16,1.45,5,4,2
P00091,2026-05-02,25,163.3,6.53,1.5,7,4,3
P00091,2026-06-01,27,176.1,6.52,3.95,4,4,0
P00091,2026-07-02,27,178.9,6.63,3.16,3,4,4
P00091,2026-08-01,26,171.9,6.61,2.1,4,4,2
P00092,2024-08-31,27,361.8,13.4,2.2,8,4,1
P00092,2024-09-30,29,367.4,12.67,6.0,4,4,0
P00092,2024-10-31,28,351.7,12.56,2.26,6,4,0
P00092,2024-11-30,30,384.3,12.81,5.38,4,4,0
P00092,2024-12-31,30,394.9,13.16,2.93,8,4,0
P00092,2025-01-30,31,398.5,12.85,0.88,8,4,0
P00092,2025-03-02,29,377.6,13.02,2.95,7,4,1
P00092,2025-04-01,30,379.5,12.65,3.67,5,4,1
P00092,2025-05-01,28,359.2,12.83,0.26,5,4,2
P00092,2025-06-01,28,365.1,13.04,4.85,7,4,1
P00092,2025-07-01,30,382.0,12.73,3.02,6,4,1
P00092,2025-08-01,27,333.9,12.37,0.94,8,4,1
P00092,2025-08-31,30,384.3,12.81,4.63,7,4,0
P00092,2025-10-01,27,366.2,13.56,4.56,2,4,1
P00092,2025-10-31,27,348.8,12.92,1.05,5,4,2
P00092,2025-12-01,28,360.1,12.86,3.91,5,4,1
P00092,2025-12-31,28,381.6,13.63,1.6,8,4,1
P00092,2026-01-30,30,390.9,13.03,1.03,6,4,0
P00092,2026-03-02,30,397.0,13.23,2.08,4,4,0
P00092,2026-04-01,28,386.2,13.79,2.18,5,4,2
P00092,2026-05-02,29,389.7,13.44,1.64,7,4,2
P00092,2026-06-01,30,403.8,13.46,2.86,4,4,0
P00092,2026-07-02,28,369.6,13.2,5.94,4,4,1
P00092,2026-08-01,29,373.2,12.87,1.04,3,4,1
P00093,2024-08-31,29,409.0,14.1,1.54,6,4,1
P00093,2024-09-30,31,386.2,12.46,2.36,4,4,2
P00093,2024-10-31,29,383.7,13.23,0.27,9,4,1
P00093,2024-11-30,30,398.5,13.28,0.32,4,4,0
P00093,2024-12-31,31,385.0,12.42,3.8,11,4,1
P00093,2025-01-30,29,381.8,13.17,5.18,9,4,1
P00093,2025-03-02,31,406.3,13.11,3.08,7,4,1
P00093,2025-04-01,27,361.4,13.38,0.99,6,4,2
P00093,2025-05-01,28,376.9,13.46,2.05,12,4,0
P00093,2025-06-01,30,408.6,13.62,4.84,8,4,0
P00093,2025-07-01,25,341.8,13.67,5.95,6,4,1
P00093,2025-08-01,26,348.9,13.42,5.09,3,4,0
P00093,2025-08-31,30,407.3,13.58,1.46,4,4,1
P00093,2025-10-01,27,369.2,13.67,1.09,6,4,0
P00093,2025-10-31,28,398.4,14.23,1.67,15,4,3
P00093,2025-12-01,28,381.0,13.61,1.03,11,4,3
P00093,2025-12-31,27,365.9,13.55,2.49,9,4,0
P00093,2026-01-30,29,398.3,13.73,5.52,9,4,1
P00093,2026-03-02,31,430.8,13.9,2.62,6,4,0
P00093,2026-04-01,29,397.1,13.69,2.16,5,4,1
P00093,2026-05-02,29,393.5,13.57,2.54,7,4,1
P00093,2026-06-01,31,425.1,13.71,0.93,9,4,0
P00093,2026-07-02,31,423.9,13.67,2.76,7,4,1
P00093,2026-08-01,28,378.2,13.51,2.39,11,4,1
P00094,2024-08-31,28,353.3,12.62,0.94,4,4,1
P00094,2024-09-30,30,377.3,12.58,1.18,4,4,0
P00094,2024-10-31,29,378.4,13.05,0.71,4,4,0
P00094,2024-11-30,29,353.3,12.18,0.96,7,4,1
P00094,2024-12-31,29,365.3,12.6,0.48,3,4,0
P00094,2025-01-30,27,341.0,12.63,1.13,3,4,2
P00094,2025-03-02,28,356.0,12.71,1.4,7,4,2
P00094,2025-04-01,28,371.4,13.26,3.92,3,4,1
P00094,2025-05-01,26,347.0,13.35,2.17,2,4,1
P00094,2025-06-01,30,410.0,13.67,1.71,5,4,0
P00094,2025-07-01,28,368.6,13.16,3.05,3,4,2
P00094,2025-08-01,27,350.4,12.98,0.82,7,4,1
P00094,2025-08-31,25,335.1,13.41,0.67,2,4,2
P00094,2025-10-01,28,358.3,12.8,0.36,4,4,0
P00094,2025-10-31,26,349.8,13.45,4.46,1,4,1
P00094,2025-12-01,27,361.4,13.39,0.74,6,4,2
P00094,2025-12-31,29,380.6,13.13,2.7,2,4,1
P00094,2026-01-30,25,354.0,14.16,4.65,6,4,1
P00094,2026-03-02,28,389.8,13.92,0.96,7,4,2
P00094,2026-04-01,29,386.3,13.32,2.47,3,4,1
P00094,2026-05-02,28,368.7,13.17,3.49,5,4,0
P00094,2026-06-01,27,328.9,12.18,3.24,3,4,1
P00094,2026-07-02,30,373.0,12.43,2.64,3,4,0
P00094,2026-08-01,30,346.9,11.56,1.37,4,4,0
P00095,2024-08-31,31,438.1,14.13,0.86,4,4,0
P00095,2024-09-30,29,392.2,13.52,6.0,4,4,1
P00095,2024-10-31,29,410.5,14.16,5.45,7,4,2
P00095,2024-11-30,28,391.8,13.99,1.16,10,4,2
P00095,2024-12-31,28,400.5,14.3,3.38,7,4,1
P00095,2025-01-30,30,421.5,14.05,3.94,4,4,0
P00095,2025-03-02,29,370.8,12.79,3.5,9,4,0
P00095,2025-04-01,28,384.6,13.74,2.41,7,4,1
P00095,2025-05-01,29,410.6,14.16,6.0,2,4,0
P00095,2025-06-01,31,439.0,14.16,4.74,7,4,1
P00095,2025-07-01,28,369.4,13.19,1.15,7,4,1
P00095,2025-08-01,30,383.8,12.79,3.67,11,4,1
P00095,2025-08-31,29,399.0,13.76,1.38,6,4,1
P00095,2025-10-01,29,369.1,12.73,2.08,1,4,1
P00095,2025-10-31,31,381.9,12.32,2.76,4,4,2
P00095,2025-12-01,31,396.9,12.8,3.4,12,4,0
P00095,2025-12-31,31,391.3,12.62,0.56,7,4,1
P00095,2026-01-30,28,351.3,12.55,1.75,5,4,0
P00095,2026-03-02,31,382.9,12.35,5.17,12,4,0
P00095,2026-04-01,27,349.1,12.93,2.16,8,4,1
P00095,2026-05-02,30,374.8,12.49,5.44,4,4,0
P00095,2026-06-01,29,372.4,12.84,4.31,7,4,2
P00095,2026-07-02,28,383.1,13.68,1.21,5,4,0
P00095,2026-08-01,30,402.6,13.42,2.54,5,4,2
P00096,2024-08-31,31,414.4,13.37,0.39,7,4,0
P00096,2024-09-30,31,401.5,12.95,4.3,4,4,1
P00096,2024-10-31,30,381.6,12.72,2.31,8,4,0
P00096,2024-11-30,27,359.1,13.3,2.18,3,4,2
P00096,2024-12-31,30,393.7,13.12,5.2,2,4,0
P00096,2025-01-30,31,423.4,13.66,3.5,5,4,0
P00096,2025-03-02,28,389.3,13.91,3.06,7,4,0
P00096,2025-04-01,26,349.2,13.43,0.49,9,4,1
P00096,2025-05-01,30,405.3,13.51,1.34,6,4,0
P00096,2025-06-01,28,372.3,13.3,3.64,5,4,3
P00096,2025-07-01,29,368.5,12.71,3.82,7,4,0
P00096,2025-08-01,28,361.6,12.91,4.61,10,4,3
P00096,2025-08-31,27,342.9,12.7,4.95,9,4,2
P00096,2025-10-01,29,361.4,12.46,3.41,5,4,0
P00096,2025-10-31,31,372.1,12.0,5.82,5,4,0
P00096,2025-12-01,28,344.8,12.32,3.98,9,4,2
P00096,2025-12-31,29,363.4,12.53,1.44,10,4,0
P00096,2026-01-30,28,356.6,12.73,5.82,8,4,1
P00096,2026-03-02,28,336.1,12.0,3.83,4,4,2
P00096,2026-04-01,30,394.0,13.13,6.0,4,4,2
P00096,2026-05-02,30,356.4,11.88,2.12,13,4,2
P00096,2026-06-01,31,372.7,12.02,3.43,9,4,0
P00096,2026-07-02,28,343.3,12.26,3.65,9,4,2
P00096,2026-08-01,31,372.4,12.01,2.14,5,4,0
P00097,2024-08-31,31,424.9,13.71,6.0,11,4,1
P00097,2024-09-30,27,350.2,12.97,1.5,5,4,0
P00097,2024-10-31,29,363.2,12.52,1.88,5,4,1
P00097,2024-11-30,30,393.5,13.12,5.17,2,4,0
P00097,2024-12-31,29,355.8,12.27,4.74,4,4,2
P00097,2025-01-30,29,368.3,12.7,1.05,5,4,3
P00097,2025-03-02,30,392.1,13.07,3.73,5,4,0
P00097,2025-04-01,29,351.8,12.13,4.91,7,4,0
P00097,2025-05-01,29,353.1,12.18,1.26,7,4,0
P00097,2025-06-01,29,337.6,11.64,0.66,7,4,2
P00097,2025-07-01,29,360.7,12.44,1.94,4,4,1
P00097,2025-08-01,29,333.5,11.5,1.85,4,4,0
P00097,2025-08-31,30,382.7,12.76,4.22,7,4,1
P00097,2025-10-01,31,367.5,11.86,2.65,4,4,0
P00097,2025-10-31,28,363.5,12.98,1.53,9,4,0
P00097,2025-12-01,31,409.4,13.21,0.29,4,4,1
P00097,2025-12-31,28,358.7,12.81,3.72,4,4,0
P00097,2026-01-30,28,388.6,13.88,6.0,1,4,0
P00097,2026-03-02,25,335.3,13.41,1.05,3,4,1
P00097,2026-04-01,31,420.2,13.55,6.0,11,4,1
P00097,2026-05-02,30,421.3,14.04,2.19,0,4,1
P00097,2026-06-01,29,424.6,14.64,0.91,4,4,1
P00097,2026-07-02,30,423.0,14.1,1.23,5,4,1
P00097,2026-08-01,29,416.0,14.35,3.26,3,4,0
P00098,2024-08-31,30,395.4,13.18,3.22,6,4,0
P00098,2024-09-30,29,403.0,13.9,5.34,4,4,0
P00098,2024-10-31,31,413.4,13.33,1.58,8,4,1
P00098,2024-11-30,30,375.8,12.53,4.28,11,4,1
P00098,2024-12-31,26,339.7,13.06,2.58,9,4,0
P00098,2025-01-30,30,398.3,13.28,3.88,8,4,1
P00098,2025-03-02,27,351.9,13.03,2.03,6,4,0
P00098,2025-04-01,30,397.9,13.26,2.99,9,4,2
P00098,2025-05-01,30,400.2,13.34,2.27,6,4,2
P00098,2025-06-01,28,363.2,12.97,0.39,4,4,2
P00098,2025-07-01,31,430.1,13.87,0.62,4,4,1
P00098,2025-08-01,30,390.4,13.01,0.2,7,4,0
P00098,2025-08-31,29,405.4,13.98,3.12,8,4,0
P00098,2025-10-01,29,383.1,13.21,3.48,9,4,2
P00098,2025-10-31,30,435.9,14.53,2.64,9,4,1
P00098,2025-12-01,27,366.3,13.57,1.59,7,4,0
P00098,2025-12-31,27,368.1,13.64,6.0,9,4,1
P00098,2026-01-30,28,384.8,13.74,6.0,5,4,1
P00098,2026-03-02,29,391.4,13.5,2.37,7,4,1
P00098,2026-04-01,27,382.4,14.16,1.56,9,4,1
P00098,2026-05-02,29,407.9,14.07,1.84,4,4,0
P00098,2026-06-01,29,374.2,12.9,6.0,14,4,0
P00098,2026-07-02,26,344.6,13.25,2.37,4,4,2
P00098,2026-08-01,29,371.2,12.8,2.17,12,4,1
P00099,2024-08-31,31,266.7,8.6,2.04,2,4,1
P00099,2024-09-30,29,242.2,8.35,1.77,5,4,2
P00099,2024-10-31,29,256.1,8.83,1.87,6,4,1
P00099,2024-11-30,28,262.0,9.36,2.25,4,4,3
P00099,2024-12-31,29,290.2,10.01,0.89,4,4,2
P00099,2025-01-30,29,242.2,8.35,1.63,11,4,1
P00099,2025-03-02,30,257.9,8.6,1.77,9,4,3
P00099,2025-04-01,30,281.5,9.38,0.6,7,4,3
P00099,2025-05-01,30,306.4,10.21,1.63,5,4,1
P00099,2025-06-01,28,272.7,9.74,1.22,7,4,3
P00099,2025-07-01,29,290.0,10.0,2.46,9,4,2
P00099,2025-08-01,28,300.6,10.73,1.61,7,4,2
P00099,2025-08-31,29,296.7,10.23,5.36,6,4,2
P00099,2025-10-01,31,329.8,10.64,1.06,7,4,2
P00099,2025-10-31,26,272.9,10.5,6.0,9,4,2
P00099,2025-12-01,28,295.4,10.55,3.89,2,4,1
P00099,2025-12-31,28,283.0,10.11,2.25,7,4,2
P00099,2026-01-30,29,324.9,11.2,1.85,6,4,2
P00099,2026-03-02,27,286.0,10.59,2.01,12,4,2
P00099,2026-04-01,30,309.8,10.33,3.81,4,4,3
P00099,2026-05-02,31,338.7,10.93,5.33,7,4,0
P00099,2026-06-01,29,316.8,10.92,0.34,9,4,1
P00099,2026-07-02,29,328.5,11.33,2.9,8,4,2
P00099,2026-08-01,31,350.8,11.31,2.69,8,4,2
P00100,2024-08-31,28,217.6,7.77,0.75,2,4,2
P00100,2024-09-30,25,176.4,7.06,0.76,6,4,4
P00100,2024-10-31,27,203.6,7.54,1.74,4,4,2
P00100,2024-11-30,29,204.9,7.07,1.57,3,4,2
P00100,2024-12-31,24,163.4,6.81,1.05,3,4,2
P00100,2025-01-30,30,208.3,6.94,1.92,3,4,3
P00100,2025-03-02,28,186.0,6.64,1.4,4,4,4
P00100,2025-04-01,26,153.5,5.9,2.9,5,4,3
P00100,2025-05-01,26,188.1,7.23,2.04,2,4,1
P00100,2025-06-01,28,194.8,6.96,1.8,3,4,3
P00100,2025-07-01,28,222.6,7.95,2.27,6,4,2
P00100,2025-08-01,25,200.7,8.03,0.2,4,4,3
P00100,2025-08-31,28,205.0,7.32,0.71,5,4,2
P00100,2025-10-01,28,195.8,6.99,2.2,5,4,1
P00100,2025-10-31,28,213.0,7.61,2.0,4,4,3
P00100,2025-12-01,29,202.0,6.96,0.98,0,4,4
P00100,2025-12-31,28,200.3,7.16,0.79,4,4,2
P00100,2026-01-30,25,197.2,7.89,2.77,2,4,2
P00100,2026-03-02,28,221.3,7.9,0.75,4,4,1
P00100,2026-04-01,25,193.2,7.73,3.12,6,4,3
P00100,2026-05-02,28,209.7,7.49,3.22,4,4,2
P00100,2026-06-01,25,201.6,8.06,1.99,3,4,3
P00100,2026-07-02,27,192.6,7.13,3.14,3,4,4
P00100,2026-08-01,27,213.7,7.91,1.6,5,4,2
P00101,2024-08-31,29,257.6,8.88,0.85,5,4,1
P00101,2024-09-30,29,263.6,9.09,1.34,3,4,3
P00101,2024-10-31,29,257.7,8.88,0.49,13,4,2
P00101,2024-11-30,28,249.0,8.89,1.89,8,4,2
P00101,2024-12-31,29,263.6,9.09,4.49,4,4,3
P00101,2025-01-30,28,245.6,8.77,0.71,6,4,3
P00101,2025-03-02,27,228.0,8.45,2.0,8,4,3
P00101,2025-04-01,27,253.6,9.39,1.24,9,4,2
P00101,2025-05-01,29,254.1,8.76,0.82,11,4,2
P00101,2025-06-01,29,248.4,8.56,0.87,8,4,3
P00101,2025-07-01,29,260.3,8.97,0.69,3,4,4
P00101,2025-08-01,28,247.5,8.84,5.44,5,4,2
P00101,2025-08-31,28,257.2,9.19,2.78,7,4,3
P00101,2025-10-01,28,232.2,8.29,2.6,8,4,2
P00101,2025-10-31,30,251.3,8.38,2.71,7,4,3
P00101,2025-12-01,30,242.2,8.07,2.75,9,4,1
P00101,2025-12-31,31,254.4,8.21,2.04,6,4,2
P00101,2026-01-30,28,235.1,8.39,2.3,9,4,2
P00101,2026-03-02,30,267.4,8.91,0.58,6,4,2
P00101,2026-04-01,30,267.8,8.93,2.94,6,4,2
P00101,2026-05-02,31,262.9,8.48,1.76,8,4,2
P00101,2026-06-01,28,241.4,8.62,1.11,8,4,1
P00101,2026-07-02,29,253.5,8.74,0.68,8,4,2
P00101,2026-08-01,31,281.3,9.08,5.03,5,4,2
P00102,2024-08-31,30,392.2,13.07,3.32,2,4,1
P00102,2024-09-30,26,352.6,13.56,0.68,5,4,0
P00102,2024-10-31,27,354.5,13.13,2.49,7,4,0
P00102,2024-11-30,27,385.5,14.28,4.09,2,4,1
P00102,2024-12-31,27,371.8,13.77,1.11,4,4,3
P00102,2025-01-30,25,342.5,13.7,1.1,2,4,1
P00102,2025-03-02,30,408.5,13.62,0.65,5,4,2
P00102,2025-04-01,26,358.8,13.8,0.7,3,4,0
P00102,2025-05-01,26,337.5,12.98,1.95,3,4,1
P00102,2025-06-01,26,340.3,13.09,2.32,5,4,0
P00102,2025-07-01,26,360.3,13.86,1.15,7,4,1
P00102,2025-08-01,26,342.5,13.17,0.89,5,4,2
P00102,2025-08-31,27,383.8,14.21,0.66,4,4,1
P00102,2025-10-01,27,383.3,14.2,1.02,8,4,1
P00102,2025-10-31,27,372.9,13.81,0.61,3,4,0
P00102,2025-12-01,26,343.5,13.21,1.59,5,4,0
P00102,2025-12-31,25,338.6,13.54,1.98,4,4,0
P00102,2026-01-30,28,374.5,13.38,4.3,5,4,1
P00102,2026-03-02,26,360.9,13.88,0.43,3,4,0
P00102,2026-04-01,29,397.1,13.69,0.69,4,4,0
P00102,2026-05-02,27,363.1,13.45,5.34,8,4,1
P00102,2026-06-01,26,360.4,13.86,2.04,3,4,2
P00102,2026-07-02,28,402.6,14.38,2.91,10,4,0
P00102,2026-08-01,27,397.8,14.73,3.75,4,4,1
P00103,2024-08-31,27,362.4,13.42,1.9,10,4,0
P00103,2024-09-30,28,379.4,13.55,1.53,8,4,0
P00103,2024-10-31,28,362.5,12.95,4.17,4,4,1
P00103,2024-11-30,30,376.5,12.55,2.14,9,4,2
P00103,2024-12-31,31,419.5,13.53,2.95,9,4,1
P00103,2025-01-30,28,364.8,13.03,1.88,7,4,1
P00103,2025-03-02,31,428.8,13.83,4.17,8,4,1
P00103,2025-04-01,29,382.9,13.2,2.4,11,4,2
P00103,2025-05-01,31,416.6,13.44,3.92,14,4,0
P00103,2025-06-01,29,403.2,13.9,6.0,6,4,0
P00103,2025-07-01,28,378.0,13.5,6.0,10,4,0
P00103,2025-08-01,28,380.2,13.58,2.04,7,4,0
P00103,2025-08-31,29,419.9,14.48,3.27,5,4,1
P00103,2025-10-01,31,433.2,13.97,5.79,11,4,2
P00103,2025-10-31,29,424.5,14.64,0.74,8,4,1
P00103,2025-12-01,29,423.6,14.61,1.98,10,4,0
P00103,2025-12-31,30,423.9,14.13,2.19,4,4,2
P00103,2026-01-30,27,389.0,14.41,0.62,8,4,0
P00103,2026-03-02,31,436.7,14.09,1.53,4,4,1
P00103,2026-04-01,29,400.4,13.81,6.0,3,4,0
P00103,2026-05-02,28,395.2,14.11,1.83,8,4,1
P00103,2026-06-01,31,401.0,12.94,0.46,8,4,2
P00103,2026-07-02,30,398.6,13.29,5.62,2,4,1
P00103,2026-08-01,31,448.3,14.46,2.79,9,4,0
P00104,2024-08-31,28,409.7,14.63,1.52,9,4,0
P00104,2024-09-30,30,396.2,13.21,1.83,5,4,0
P00104,2024-10-31,31,412.7,13.31,2.01,4,4,1
P00104,2024-11-30,25,322.6,12.91,1.73,6,4,1
P00104,2024-12-31,28,379.3,13.55,4.39,10,4,1
P00104,2025-01-30,28,394.3,14.08,0.2,9,4,0
P00104,2025-03-02,31,414.5,13.37,5.86,5,4,1
P00104,2025-04-01,26,340.9,13.11,3.49,6,4,0
P00104,2025-05-01,29,416.6,14.37,6.0,9,4,3
P00104,2025-06-01,27,389.3,14.42,3.35,4,4,0
P00104,2025-07-01,30,410.3,13.68,1.29,1,4,0
P00104,2025-08-01,31,421.6,13.6,3.32,7,4,2
P00104,2025-08-31,31,429.2,13.84,4.17,9,4,0
P00104,2025-10-01,29,391.5,13.5,1.24,11,4,1
P00104,2025-10-31,30,425.2,14.17,1.89,3,4,0
P00104,2025-12-01,29,406.6,14.02,1.69,10,4,1
P00104,2025-12-31,27,374.5,13.87,6.0,6,4,0
P00104,2026-01-30,31,436.1,14.07,2.23,1,4,1
P00104,2026-03-02,29,417.9,14.41,5.17,7,4,0
P00104,2026-04-01,28,417.4,14.91,0.45,4,4,1
P00104,2026-05-02,29,423.1,14.59,6.0,6,4,0
P00104,2026-06-01,28,374.7,13.38,2.37,6,4,0
P00104,2026-07-02,28,415.7,14.85,2.64,7,4,0
P00104,2026-08-01,31,447.5,14.44,3.7,8,4,2
P00105,2024-08-31,26,240.4,9.25,2.6,5,4,2
P00105,2024-09-30,28,244.3,8.72,3.29,6,4,3
P00105,2024-10-31,29,268.7,9.27,1.33,9,4,4
P00105,2024-11-30,29,265.6,9.16,2.01,6,4,3
P00105,2024-12-31,31,264.4,8.53,0.56,5,4,3
P00105,2025-01-30,28,249.2,8.9,0.26,10,4,3
P00105,2025-03-02,30,271.1,9.04,0.63,9,4,2
P00105,2025-04-01,30,254.6,8.49,1.37,11,4,3
P00105,2025-05-01,31,287.1,9.26,5.25,5,4,3
P00105,2025-06-01,28,261.5,9.34,3.64,3,4,1
P00105,2025-07-01,29,267.4,9.22,1.26,5,4,2
P00105,2025-08-01,29,251.5,8.67,1.38,4,4,3
P00105,2025-08-31,31,265.2,8.55,2.26,7,4,1
P00105,2025-10-01,27,221.0,8.18,2.72,5,4,3
P00105,2025-10-31,28,232.2,8.29,2.36,4,4,2
P00105,2025-12-01,29,233.4,8.05,2.4,6,4,1
P00105,2025-12-31,30,255.8,8.53,4.36,10,4,0
P00105,2026-01-30,28,250.5,8.95,3.49,4,4,2
P00105,2026-03-02,25,225.9,9.03,2.97,6,4,1
P00105,2026-04-01,31,236.1,7.62,3.79,3,4,3
P00105,2026-05-02,26,219.4,8.44,4.52,5,4,2
P00105,2026-06-01,31,285.4,9.21,4.42,6,4,3
P00105,2026-07-02,31,258.1,8.32,6.0,8,4,2
P00105,2026-08-01,30,280.0,9.33,3.77,4,4,1
P00106,2024-08-31,26,210.1,8.08,1.02,5,4,3
P00106,2024-09-30,26,182.9,7.03,1.14,6,4,4
P00106,2024-10-31,28,193.8,6.92,2.15,9,4,2
P00106,2024-11-30,30,206.5,6.88,1.35,5,4,4
P00106,2024-12-31,29,188.2,6.49,1.5,6,4,2
P00106,2025-01-30,28,172.0,6.14,6.0,5,4,2
P00106,2025-03-02,27,180.1,6.67,1.15,4,4,2
P00106,2025-04-01,28,208.9,7.46,1.84,3,4,3
P00106,2025-05-01,28,218.1,7.79,1.62,7,4,1
P00106,2025-06-01,26,175.3,6.74,1.03,9,4,1
P00106,2025-07-01,28,190.2,6.79,1.56,3,4,2
P00106,2025-08-01,24,171.6,7.15,0.93,6,4,3
P00106,2025-08-31,27,182.2,6.75,0.23,4,4,1
P00106,2025-10-01,29,192.3,6.63,1.07,3,4,2
P00106,2025-10-31,27,196.6,7.28,1.04,2,4,3
P00106,2025-12-01,27,197.8,7.33,4.88,3,4,1
P00106,2025-12-31,28,216.4,7.73,4.42,4,4,4
P00106,2026-01-30,28,189.6,6.77,3.28,4,4,4
P00106,2026-03-02,27,198.5,7.35,0.7,4,4,0
P00106,2026-04-01,28,190.8,6.82,1.58,4,4,2
P00106,2026-05-02,25,165.0,6.6,1.43,1,4,3
P00106,2026-06-01,26,185.3,7.13,1.63,3,4,1
P00106,2026-07-02,31,231.3,7.46,0.73,4,4,0
P00106,2026-08-01,24,164.0,6.83,0.25,6,4,2
P00107,2024-08-31,27,355.2,13.16,6.0,5,4,1
P00107,2024-09-30,28,375.4,13.41,3.32,5,4,0
P00107,2024-10-31,26,319.4,12.28,2.0,6,4,0
P00107,2024-11-30,30,376.6,12.55,1.8,9,4,1
P00107,2024-12-31,28,378.7,13.52,3.04,3,4,0
P00107,2025-01-30,29,393.3,13.56,1.25,8,4,0
P00107,2025-03-02,26,331.8,12.76,0.93,3,4,0
P00107,2025-04-01,31,399.5,12.89,2.51,4,4,2
P00107,2025-05-01,29,374.9,12.93,0.96,4,4,1
P00107,2025-06-01,30,365.6,12.19,3.55,6,4,0
P00107,2025-07-01,26,330.9,12.73,2.76,8,4,0
P00107,2025-08-01,26,339.1,13.04,1.96,3,4,0
P00107,2025-08-31,27,353.2,13.08,0.6,4,4,1
P00107,2025-10-01,30,413.8,13.79,3.03,4,4,1
P00107,2025-10-31,29,377.8,13.03,2.56,3,4,0
P00107,2025-12-01,29,390.2,13.45,1.6,12,4,1
P00107,2025-12-31,29,404.5,13.95,0.2,9,4,1
P00107,2026-01-30,29,391.3,13.49,0.82,7,4,2
P00107,2026-03-02,29,378.6,13.06,6.0,3,4,0
P00107,2026-04-01,28,366.7,13.09,5.83,6,4,0
P00107,2026-05-02,27,382.0,14.15,4.58,4,4,1
P00107,2026-06-01,30,426.7,14.22,1.09,3,4,1
P00107,2026-07-02,27,362.5,13.43,2.28,4,4,1
P00107,2026-08-01,28,391.0,13.96,0.78,2,4,1
P00108,2024-08-31,29,366.2,12.63,3.55,3,4,1
P00108,2024-09-30,30,403.8,13.46,5.26,4,4,0
P00108,2024-10-31,29,381.5,13.16,4.96,2,4,0
P00108,2024-11-30,29,393.3,13.56,1.72,11,4,1
P00108,2024-12-31,28,369.6,13.2,4.3,8,4,0
P00108,2025-01-30,27,389.5,14.43,0.37,5,4,0
P00108,2025-03-02,29,397.4,13.7,1.09,9,4,0
P00108,2025-04-01,28,377.6,13.48,1.55,5,4,2
P00108,2025-05-01,31,424.7,13.7,2.93,8,4,0
P00108,2025-06-01,31,424.6,13.7,3.15,8,4,1
P00108,2025-07-01,28,395.3,14.12,1.48,7,4,1
P00108,2025-08-01,31,422.8,13.64,2.18,12,4,1
P00108,2025-08-31,27,347.3,12.86,2.9,5,4,0
P00108,2025-10-01,29,389.3,13.42,3.29,8,4,0
P00108,2025-10-31,28,361.6,12.91,1.54,6,4,1
P00108,2025-12-01,30,399.0,13.3,1.25,5,4,1
P00108,2025-12-31,28,371.0,13.25,2.55,6,4,3
P00108,2026-01-30,31,428.3,13.82,2.67,8,4,1
P00108,2026-03-02,28,388.9,13.89,0.8,4,4,0
P00108,2026-04-01,28,384.4,13.73,5.11,10,4,0
P00108,2026-05-02,31,421.3,13.59,6.0,8,4,0
P00108,2026-06-01,28,393.1,14.04,1.27,2,4,0
P00108,2026-07-02,28,375.7,13.42,0.67,3,4,0
P00108,2026-08-01,28,371.2,13.26,2.95,11,4,2
P00109,2024-08-31,29,362.8,12.51,2.28,5,4,1
P00109,2024-09-30,28,355.7,12.7,1.41,5,4,0
P00109,2024-10-31,31,389.1,12.55,4.0,7,4,1
P00109,2024-11-30,30,401.3,13.38,1.6,11,4,2
P00109,2024-12-31,27,344.6,12.76,3.56,4,4,2
P00109,2025-01-30,28,346.9,12.39,0.95,6,4,1
P00109,2025-03-02,27,333.9,12.37,2.53,1,4,0
P00109,2025-04-01,29,367.1,12.66,2.28,3,4,0
P00109,2025-05-01,29,349.6,12.06,0.49,4,4,0
P00109,2025-06-01,28,333.6,11.91,0.4,6,4,0
P00109,2025-07-01,29,368.9,12.72,3.42,6,4,2
P00109,2025-08-01,29,380.6,13.12,0.59,5,4,1
P00109,2025-08-31,27,329.1,12.19,1.33,6,4,0
P00109,2025-10-01,30,359.9,12.0,5.78,7,4,2
P00109,2025-10-31,30,368.3,12.28,1.26,7,4,1
P00109,2025-12-01,27,326.3,12.09,0.53,6,4,3
P00109,2025-12-31,28,340.8,12.17,0.37,8,4,2
P00109,2026-01-30,26,326.9,12.57,3.55,4,4,0
P00109,2026-03-02,27,307.8,11.4,3.98,3,4,0
P00109,2026-04-01,31,361.2,11.65,0.38,10,4,1
P00109,2026-05-02,29,335.1,11.55,1.09,5,4,1
P00109,2026-06-01,27,327.1,12.11,3.22,3,4,0
P00109,2026-07-02,27,315.7,11.69,1.23,3,4,1
P00109,2026-08-01,28,324.0,11.57,1.64,3,4,1
P00110,2024-08-31,30,406.4,13.55,0.67,5,4,1
P00110,2024-09-30,30,398.4,13.28,2.26,6,4,1
P00110,2024-10-31,29,394.9,13.62,4.17,7,4,0
P00110,2024-11-30,27,364.0,13.48,1.02,10,4,3
P00110,2024-12-31,30,414.0,13.8,0.83,6,4,1
P00110,2025-01-30,30,424.1,14.14,2.51,13,4,3
P00110,2025-03-02,30,419.2,13.97,1.87,12,4,1
P00110,2025-04-01,29,407.7,14.06,5.97,6,4,0
P00110,2025-05-01,30,430.9,14.36,2.18,4,4,2
P00110,2025-06-01,28,402.2,14.37,1.26,1,4,1
P00110,2025-07-01,28,403.7,14.42,1.09,6,4,0
P00110,2025-08-01,27,386.5,14.31,1.79,8,4,0
P00110,2025-08-31,30,440.5,14.68,5.36,4,4,1
P00110,2025-10-01,26,372.5,14.33,0.36,10,4,2
P00110,2025-10-31,29,465.0,16.03,5.15,10,4,0
P00110,2025-12-01,31,465.6,15.02,1.37,7,4,2
P00110,2025-12-31,28,400.1,14.29,0.75,7,4,2
P00110,2026-01-30,31,461.2,14.88,1.86,8,4,0
P00110,2026-03-02,31,481.7,15.54,2.13,6,4,0
P00110,2026-04-01,31,465.1,15.0,5.78,3,4,1
P00110,2026-05-02,26,385.4,14.82,2.84,6,4,0
P00110,2026-06-01,30,454.9,15.16,5.4,10,4,0
P00110,2026-07-02,31,449.2,14.49,2.95,6,4,1
P00110,2026-08-01,30,460.9,15.36,1.94,5,4,1
P00111,2024-08-31,27,225.4,8.35,2.41,8,4,2
P00111,2024-09-30,26,220.9,8.5,2.8,7,4,3
P00111,2024-10-31,30,262.3,8.74,1.43,6,4,3
P00111,2024-11-30,28,230.8,8.24,1.67,2,4,3
P00111,2024-12-31,27,199.5,7.39,0.93,5,4,2
P00111,2025-01-30,31,237.8,7.67,0.55,7,4,1
P00111,2025-03-02,26,228.5,8.79,4.35,2,4,1
P00111,2025-04-01,29,232.1,8.0,1.53,5,4,3
P00111,2025-05-01,30,239.4,7.98,2.35,6,4,2
P00111,2025-06-01,29,227.4,7.84,0.6,3,4,3
P00111,2025-07-01,29,232.1,8.0,1.58,3,4,1
P00111,2025-08-01,28,249.9,8.92,0.92,8,4,3
P00111,2025-08-31,31,254.7,8.22,0.53,9,4,3
P00111,2025-10-01,28,239.4,8.55,2.27,6,4,2
P00111,2025-10-31,28,206.0,7.36,3.31,4,4,3
P00111,2025-12-01,27,199.1,7.37,4.89,3,4,3
P00111,2025-12-31,28,211.9,7.57,3.48,5,4,1
P00111,2026-01-30,26,192.1,7.39,1.01,4,4,0
P00111,2026-03-02,28,209.8,7.49,3.62,5,4,1
P00111,2026-04-01,24,170.9,7.12,1.8,7,4,3
P00111,2026-05-02,28,245.2,8.76,4.17,2,4,3
P00111,2026-06-01,29,217.8,7.51,1.93,5,4,4
P00111,2026-07-02,26,181.7,6.99,6.0,4,4,1
P00111,2026-08-01,31,253.0,8.16,1.23,3,4,0
P00112,2024-08-31,30,294.4,9.81,1.11,6,4,2
P00112,2024-09-30,27,272.2,10.08,3.77,4,4,2
P00112,2024-10-31,26,247.1,9.5,3.58,3,4,1
P00112,2024-11-30,29,276.6,9.54,2.02,10,4,0
P00112,2024-12-31,29,281.4,9.7,2.99,12,4,1
P00112,2025-01-30,30,323.1,10.77,1.9,5,4,2
P00112,2025-03-02,29,290.9,10.03,0.49,9,4,2
P00112,2025-04-01,27,283.9,10.52,1.91,11,4,2
P00112,2025-05-01,28,271.4,9.69,3.14,8,4,4
P00112,2025-06-01,31,324.4,10.47,3.07,4,4,2
P00112,2025-07-01,29,296.5,10.22,1.85,6,4,2
P00112,2025-08-01,29,298.8,10.3,2.63,10,4,4
P00112,2025-08-31,31,342.4,11.05,2.03,9,4,3
P00112,2025-10-01,27,295.9,10.96,5.14,3,4,3
P00112,2025-10-31,30,312.3,10.41,4.58,8,4,0
P00112,2025-12-01,31,353.3,11.4,0.56,6,4,2
P00112,2025-12-31,27,291.2,10.78,1.07,9,4,3
P00112,2026-01-30,31,343.8,11.09,4.7,4,4,3
P00112,2026-03-02,28,309.8,11.07,3.88,6,4,2
P00112,2026-04-01,29,313.1,10.8,2.75,7,4,3
P00112,2026-05-02,30,338.3,11.28,3.33,6,4,3
P00112,2026-06-01,30,321.8,10.73,6.0,8,4,1
P00112,2026-07-02,31,361.6,11.67,5.81,4,4,1
P00112,2026-08-01,28,321.2,11.47,4.84,7,4,3
P00113,2024-08-31,29,370.8,12.79,3.54,8,4,0
P00113,2024-09-30,30,362.0,12.07,1.18,6,4,1
P00113,2024-10-31,29,376.7,12.99,0.56,4,4,1
P00113,2024-11-30,27,352.7,13.06,1.0,7,4,2
P00113,2024-12-31,30,382.8,12.76,4.34,7,4,0
P00113,2025-01-30,28,363.8,12.99,1.99,7,4,1
P00113,2025-03-02,26,324.1,12.47,5.91,11,4,1
P00113,2025-04-01,27,341.5,12.65,3.71,7,4,0
P00113,2025-05-01,27,350.8,12.99,0.31,4,4,0
P00113,2025-06-01,30,387.5,12.92,3.89,6,4,2
P00113,2025-07-01,29,375.6,12.95,1.41,8,4,3
P00113,2025-08-01,28,367.3,13.12,1.56,9,4,0
P00113,2025-08-31,28,356.0,12.71,2.18,8,4,1
P00113,2025-10-01,29,374.4,12.91,0.59,5,4,1
P00113,2025-10-31,29,382.0,13.17,3.38,6,4,0
P00113,2025-12-01,27,360.5,13.35,2.41,5,4,1
P00113,2025-12-31,29,379.4,13.08,1.41,3,4,1
P00113,2026-01-30,28,355.6,12.7,0.39,5,4,1
P00113,2026-03-02,31,400.5,12.92,5.81,3,4,1
P00113,2026-04-01,28,363.1,12.97,2.97,6,4,2
P00113,2026-05-02,28,362.0,12.93,0.3,5,4,0
P00113,2026-06-01,30,392.1,13.07,1.83,9,4,0
P00113,2026-07-02,29,371.8,12.82,0.3,5,4,2
P00113,2026-08-01,31,409.4,13.21,3.13,12,4,0
P00114,2024-08-31,29,391.1,13.48,1.59,9,4,2
P00114,2024-09-30,27,375.7,13.91,2.76,4,4,3
P00114,2024-10-31,29,361.9,12.48,1.6,6,4,1
P00114,2024-11-30,29,372.4,12.84,3.47,8,4,0
P00114,2024-12-31,27,353.8,13.1,3.73,2,4,3
P00114,2025-01-30,30,391.3,13.04,0.22,7,4,1
P00114,2025-03-02,31,401.1,12.94,1.2,7,4,1
P00114,2025-04-01,30,406.8,13.56,1.42,9,4,0
P00114,2025-05-01,29,375.0,12.93,1.83,3,4,0
P00114,2025-06-01,29,386.3,13.32,0.67,5,4,1
P00114,2025-07-01,27,367.0,13.59,5.92,7,4,0
P00114,2025-08-01,29,379.3,13.08,1.88,5,4,2
P00114,2025-08-31,31,422.4,13.62,2.47,4,4,1
P00114,2025-10-01,29,394.6,13.61,1.02,5,4,1
P00114,2025-10-31,27,369.4,13.68,5.76,2,4,2
P00114,2025-12-01,28,375.7,13.42,1.56,4,4,1
P00114,2025-12-31,30,426.4,14.21,6.0,7,4,2
P00114,2026-01-30,30,414.0,13.8,3.15,4,4,1
P00114,2026-03-02,29,387.5,13.36,5.49,11,4,0
P00114,2026-04-01,31,398.3,12.85,3.6,4,4,1
P00114,2026-05-02,29,385.3,13.29,2.11,2,4,1
P00114,2026-06-01,28,377.5,13.48,1.18,5,4,2
P00114,2026-07-02,31,419.4,13.53,6.0,5,4,2
P00114,2026-08-01,31,425.9,13.74,1.71,10,4,0
P00115,2024-08-31,25,311.2,12.45,1.02,3,4,0
P00115,2024-09-30,26,331.6,12.75,0.55,5,4,1
P00115,2024-10-31,27,349.0,12.93,2.0,3,4,2
P00115,2024-11-30,30,402.5,13.42,1.02,4,4,0
P00115,2024-12-31,27,330.8,12.25,1.81,4,4,1
P00115,2025-01-30,26,334.6,12.87,1.16,2,4,0
P00115,2025-03-02,27,344.0,12.74,2.4,3,4,2
P00115,2025-04-01,25,317.0,12.68,2.14,3,4,1
P00115,2025-05-01,27,342.8,12.7,0.72,1,4,2
P00115,2025-06-01,31,403.8,13.03,1.76,7,4,0
P00115,2025-07-01,26,314.5,12.1,1.84,7,4,0
P00115,2025-08-01,28,334.2,11.94,0.64,6,4,1
P00115,2025-08-31,26,303.8,11.69,1.84,1,4,3
P00115,2025-10-01,31,371.7,11.99,0.39,5,4,0
P00115,2025-10-31,28,338.1,12.07,0.65,2,4,1
P00115,2025-12-01,29,334.8,11.54,1.42,5,4,0
P00115,2025-12-31,27,329.1,12.19,0.66,4,4,0
P00115,2026-01-30,26,309.7,11.91,1.11,3,4,0
P00115,2026-03-02,28,336.7,12.02,1.27,1,4,2
P00115,2026-04-01,28,360.2,12.86,1.52,1,4,0
P00115,2026-05-02,27,313.7,11.62,0.26,3,4,0
P00115,2026-06-01,30,364.9,12.16,3.09,5,4,2
P00115,2026-07-02,27,328.9,12.18,2.07,2,4,1
P00115,2026-08-01,27,316.8,11.73,0.2,4,4,1
P00116,2024-08-31,29,389.6,13.43,1.23,8,4,1
P00116,2024-09-30,29,389.2,13.42,0.6,8,4,1
P00116,2024-10-31,29,387.0,13.35,1.96,9,4,2
P00116,2024-11-30,29,380.0,13.1,2.28,6,4,0
P00116,2024-12-31,26,337.6,12.98,1.19,6,4,0
P00116,2025-01-30,28,368.3,13.15,0.72,12,4,1
P00116,2025-03-02,27,358.1,13.26,0.88,4,4,0
P00116,2025-04-01,30,384.8,12.83,3.33,2,4,1
P00116,2025-05-01,30,384.0,12.8,6.0,6,4,1
P00116,2025-06-01,29,381.3,13.15,0.8,6,4,0
P00116,2025-07-01,28,329.1,11.75,1.0,7,4,1
P00116,2025-08-01,26,328.8,12.65,1.14,6,4,2
P00116,2025-08-31,28,350.9,12.53,1.02,4,4,1
P00116,2025-10-01,28,365.9,13.07,1.72,6,4,0
P00116,2025-10-31,27,342.8,12.69,2.01,5,4,0
P00116,2025-12-01,29,381.1,13.14,1.74,4,4,1
P00116,2025-12-31,27,348.0,12.89,1.71,6,4,2
P00116,2026-01-30,30,386.7,12.89,2.74,4,4,0
P00116,2026-03-02,30,371.6,12.39,4.44,3,4,0
P00116,2026-04-01,31,415.4,13.4,0.84,4,4,0
P00116,2026-05-02,28,372.0,13.29,2.67,4,4,1
P00116,2026-06-01,26,350.2,13.47,4.07,8,4,0
P00116,2026-07-02,28,376.1,13.43,1.95,6,4,1
P00116,2026-08-01,26,359.4,13.82,0.56,6,4,0
P00117,2024-08-31,27,188.5,6.98,3.33,3,4,2
P00117,2024-09-30,29,209.9,7.24,1.13,1,4,1
P00117,2024-10-31,30,200.9,6.7,2.82,10,4,2
P00117,2024-11-30,28,225.0,8.03,3.0,4,4,2
P00117,2024-12-31,27,173.1,6.41,1.32,3,4,2
P00117,2025-01-30,28,204.9,7.32,4.9,2,4,3
P00117,2025-03-02,26,195.0,7.5,1.5,2,4,2
P00117,2025-04-01,28,227.6,8.13,0.71,6,4,2
P00117,2025-05-01,28,220.9,7.89,4.91,3,4,2
P00117,2025-06-01,25,194.8,7.79,2.1,5,4,3
P00117,2025-07-01,26,192.3,7.39,0.35,5,4,1
P00117,2025-08-01,28,209.6,7.48,0.53,5,4,2
P00117,2025-08-31,28,222.8,7.96,1.18,1,4,1
P00117,2025-10-01,28,208.0,7.43,2.64,6,4,3
P00117,2025-10-31,27,204.4,7.57,0.57,2,4,3
P00117,2025-12-01,27,204.7,7.58,3.09,2,4,2
P00117,2025-12-31,26,210.5,8.09,0.9,4,4,1
P00117,2026-01-30,27,201.2,7.45,0.92,4,4,3
P00117,2026-03-02,28,207.5,7.41,0.78,0,4,3
P00117,2026-04-01,28,233.6,8.34,1.82,2,4,1
P00117,2026-05-02,29,228.3,7.87,1.17,2,4,4
P00117,2026-06-01,27,208.2,7.71,3.4,5,4,2
P00117,2026-07-02,27,216.7,8.03,2.19,4,4,3
P00117,2026-08-01,28,220.6,7.88,1.35,4,4,2
P00118,2024-08-31,25,331.8,13.27,2.05,6,4,1
P00118,2024-09-30,27,367.2,13.6,3.86,8,4,0
P00118,2024-10-31,29,383.1,13.21,2.94,5,4,2
P00118,2024-11-30,28,351.5,12.55,0.43,3,4,0
P00118,2024-12-31,28,363.7,12.99,2.94,3,4,1
P00118,2025-01-30,25,338.8,13.55,2.9,7,4,2
P00118,2025-03-02,29,400.6,13.81,3.51,4,4,1
P00118,2025-04-01,29,399.5,13.78,1.51,2,4,0
P00118,2025-05-01,26,341.5,13.13,0.91,5,4,0
P00118,2025-06-01,28,383.1,13.68,1.11,2,4,0
P00118,2025-07-01,28,385.6,13.77,6.0,6,4,1
P00118,2025-08-01,27,381.0,14.11,1.27,6,4,1
P00118,2025-08-31,30,404.4,13.48,2.15,2,4,0
P00118,2025-10-01,27,385.2,14.27,0.69,6,4,1
P00118,2025-10-31,28,397.7,14.2,0.82,7,4,1
P00118,2025-12-01,28,376.5,13.45,1.94,4,4,1
P00118,2025-12-31,29,403.7,13.92,2.55,6,4,2
P00118,2026-01-30,30,410.2,13.67,1.79,7,4,2
P00118,2026-03-02,30,433.2,14.44,1.04,6,4,0
P00118,2026-04-01,28,396.7,14.17,2.84,1,4,0
P00118,2026-05-02,29,425.0,14.66,0.45,7,4,0
P00118,2026-06-01,25,375.6,15.02,3.48,8,4,1
P00118,2026-07-02,29,405.6,13.98,2.41,10,4,0
P00118,2026-08-01,27,390.8,14.47,6.0,6,4,1
P00119,2024-08-31,31,255.2,8.23,4.09,3,4,2
P00119,2024-09-30,29,244.8,8.44,5.62,3,4,3
P00119,2024-10-31,28,232.9,8.32,3.58,6,4,3
P00119,2024-11-30,25,205.8,8.23,4.26,6,4,3
P00119,2024-12-31,28,254.3,9.08,1.5,4,4,3
P00119,2025-01-30,29,242.3,8.35,1.19,8,4,2
P00119,2025-03-02,27,235.1,8.71,5.38,5,4,3
P00119,2025-04-01,30,251.5,8.38,2.02,6,4,2
P00119,2025-05-01,26,245.2,9.43,4.88,6,4,1
P00119,2025-06-01,27,249.8,9.25,1.94,4,4,1
P00119,2025-07-01,28,259.4,9.26,6.0,4,4,1
P00119,2025-08-01,26,234.7,9.03,5.52,8,4,3
P00119,2025-08-31,30,287.2,9.57,4.01,5,4,3
P00119,2025-10-01,31,281.7,9.09,6.0,9,4,3
P00119,2025-10-31,31,244.9,7.9,1.46,6,4,1
P00119,2025-12-01,30,259.8,8.66,3.59,6,4,3
P00119,2025-12-31,28,242.3,8.65,0.83,4,4,1
P00119,2026-01-30,28,235.5,8.41,2.65,10,4,3
P00119,2026-03-02,29,252.4,8.7,0.83,4,4,2
P00119,2026-04-01,28,261.4,9.33,3.78,8,4,2
P00119,2026-05-02,29,261.1,9.0,0.91,10,4,2
P00119,2026-06-01,31,260.8,8.41,0.79,7,4,1
P00119,2026-07-02,29,270.4,9.32,2.35,10,4,1
P00119,2026-08-01,30,278.9,9.3,1.21,5,4,3
P00120,2024-08-31,27,290.2,10.75,5.8,3,4,2
P00120,2024-09-30,29,294.1,10.14,0.37,10,4,0
P00120,2024-10-31,27,294.7,10.92,0.2,4,4,0
P00120,2024-11-30,28,316.1,11.29,3.58,6,4,1
P00120,2024-12-31,26,270.8,10.42,3.55,0,4,0
P00120,2025-01-30,26,291.9,11.23,1.94,4,4,1
P00120,2025-03-02,31,314.1,10.13,0.83,2,4,2
P00120,2025-04-01,29,296.6,10.23,6.0,6,4,0
P00120,2025-05-01,26,280.1,10.77,1.79,5,4,1
P00120,2025-06-01,29,284.8,9.82,1.06,4,4,1
P00120,2025-07-01,26,274.5,10.56,1.4,3,4,0
P00120,2025-08-01,29,308.4,10.63,6.0,5,4,0
P00120,2025-08-31,26,287.4,11.06,3.71,3,4,0
P00120,2025-10-01,28,304.6,10.88,1.41,5,4,0
P00120,2025-10-31,28,321.5,11.48,3.21,8,4,1
P00120,2025-12-01,29,337.6,11.64,6.0,4,4,0
P00120,2025-12-31,29,320.5,11.05,2.29,2,4,0
P00120,2026-01-30,31,359.1,11.58,5.0,4,4,2
P00120,2026-03-02,29,320.3,11.05,6.0,4,4,1
P00120,2026-04-01,28,335.2,11.97,1.73,3,4,1
P00120,2026-05-02,28,320.0,11.43,0.82,4,4,1
P00120,2026-06-01,28,323.1,11.54,3.15,5,4,0
P00120,2026-07-02,27,304.2,11.27,2.92,7,4,2
P00120,2026-08-01,29,325.7,11.23,2.45,7,4,0
P00121,2024-08-31,29,400.6,13.82,2.12,11,4,0
P00121,2024-09-30,28,373.5,13.34,6.0,5,4,1
P00121,2024-10-31,28,377.9,13.49,1.82,3,4,2
P00121,2024-11-30,31,422.5,13.63,1.36,7,4,2
P00121,2024-12-31,29,388.8,13.41,3.43,7,4,0
P00121,2025-01-30,30,410.2,13.67,1.67,8,4,1
P00121,2025-03-02,31,429.7,13.86,2.55,11,4,1
P00121,2025-04-01,30,422.0,14.07,2.22,2,4,0
P00121,2025-05-01,28,382.9,13.67,3.72,7,4,2
P00121,2025-06-01,31,439.7,14.18,1.02,9,4,0
P00121,2025-07-01,29,416.7,14.37,1.39,5,4,0
P00121,2025-08-01,31,438.6,14.15,2.0,6,4,2
P00121,2025-08-31,29,395.6,13.64,0.82,7,4,1
P00121,2025-10-01,29,392.9,13.55,4.01,9,4,0
P00121,2025-10-31,30,425.7,14.19,4.44,6,4,0
P00121,2025-12-01,28,409.6,14.63,6.0,13,4,1
P00121,2025-12-31,30,418.7,13.96,6.0,4,4,1
P00121,2026-01-30,28,397.7,14.2,1.41,8,4,2
P00121,2026-03-02,29,395.4,13.63,1.56,4,4,1
P00121,2026-04-01,26,354.8,13.65,3.1,10,4,0
P00121,2026-05-02,27,353.4,13.09,0.7,7,4,1
P00121,2026-06-01,30,421.4,14.05,3.66,12,4,0
P00121,2026-07-02,30,416.4,13.88,0.97,4,4,1
P00121,2026-08-01,28,363.9,13.0,2.96,11,4,0
P00122,2024-08-31,28,222.8,7.96,4.1,4,4,2
P00122,2024-09-30,31,250.9,8.09,0.21,5,4,4
P00122,2024-10-31,31,273.1,8.81,1.2,3,4,4
P00122,2024-11-30,28,228.3,8.15,2.59,9,4,3
P00122,2024-12-31,30,260.2,8.67,1.04,11,4,2
P00122,2025-01-30,27,245.5,9.09,0.98,8,4,2
P00122,2025-03-02,30,285.1,9.5,3.24,5,4,2
P00122,2025-04-01,30,288.1,9.6,4.6,6,4,3
P00122,2025-05-01,29,283.4,9.77,1.64,3,4,1
P00122,2025-06-01,29,254.5,8.78,0.43,6,4,3
P00122,2025-07-01,27,246.5,9.13,2.77,9,4,2
P00122,2025-08-01,28,245.7,8.77,1.54,1,4,1
P00122,2025-08-31,29,251.4,8.67,5.87,5,4,2
P00122,2025-10-01,29,278.4,9.6,4.94,5,4,2
P00122,2025-10-31,30,281.6,9.39,1.38,6,4,4
P00122,2025-12-01,27,253.6,9.39,2.2,9,4,3
P00122,2025-12-31,28,266.6,9.52,2.79,7,4,3
P00122,2026-01-30,29,270.7,9.34,5.38,8,4,0
P00122,2026-03-02,31,288.0,9.29,2.52,6,4,3
P00122,2026-04-01,29,274.4,9.46,3.2,1,4,2
P00122,2026-05-02,28,271.2,9.69,1.17,4,4,3
P00122,2026-06-01,29,273.0,9.41,1.04,7,4,3
P00122,2026-07-02,28,256.6,9.16,2.97,6,4,3
P00122,2026-08-01,29,292.8,10.1,2.88,5,4,3
P00123,2024-08-31,29,377.5,13.02,6.0,7,4,1
P00123,2024-09-30,28,358.7,12.81,1.2,12,4,1
P00123,2024-10-31,26,331.6,12.75,3.75,9,4,2
P00123,2024-11-30,29,387.7,13.37,2.71,8,4,2
P00123,2024-12-31,28,351.9,12.57,1.21,5,4,1
P00123,2025-01-30,28,361.6,12.91,5.63,6,4,1
P00123,2025-03-02,30,383.0,12.77,1.03,7,4,1
P00123,2025-04-01,29,382.9,13.2,1.92,7,4,1
P00123,2025-05-01,28,350.1,12.5,1.95,4,4,0
P00123,2025-06-01,26,334.1,12.85,3.22,2,4,0
P00123,2025-07-01,29,389.6,13.43,6.0,3,4,3
P00123,2025-08-01,26,327.2,12.58,1.62,3,4,2
P00123,2025-08-31,28,356.5,12.73,2.49,7,4,1
P00123,2025-10-01,29,375.2,12.94,1.33,2,4,2
P00123,2025-10-31,29,384.1,13.25,0.92,6,4,0
P00123,2025-12-01,29,374.8,12.92,1.59,10,4,1
P00123,2025-12-31,30,401.1,13.37,6.0,6,4,1
P00123,2026-01-30,28,378.2,13.51,1.67,3,4,0
P00123,2026-03-02,30,416.1,13.87,3.96,7,4,1
P00123,2026-04-01,26,348.5,13.4,0.83,4,4,2
P00123,2026-05-02,27,368.2,13.64,2.34,2,4,0
P00123,2026-06-01,30,426.2,14.21,1.82,8,4,1
P00123,2026-07-02,30,414.8,13.83,6.0,2,4,2
P00123,2026-08-01,28,401.8,14.35,2.68,7,4,1
P00124,2024-08-31,30,274.9,9.16,1.29,8,4,2
P00124,2024-09-30,25,236.0,9.44,3.49,3,4,1
P00124,2024-10-31,27,253.2,9.38,1.37,7,4,3
P00124,2024-11-30,31,304.4,9.82,3.66,10,4,2
P00124,2024-12-31,28,267.8,9.57,6.0,8,4,4
P00124,2025-01-30,31,283.6,9.15,1.88,11,4,1
P00124,2025-03-02,31,284.2,9.17,6.0,6,4,3
P00124,2025-04-01,31,280.9,9.06,4.45,5,4,4
P00124,2025-05-01,30,277.3,9.24,2.78,6,4,2
P00124,2025-06-01,28,246.9,8.82,0.69,6,4,3
P00124,2025-07-01,28,253.8,9.06,2.49,4,4,1
P00124,2025-08-01,29,251.0,8.66,0.56,3,4,2
P00124,2025-08-31,30,271.9,9.06,0.92,5,4,3
P00124,2025-10-01,30,266.6,8.89,0.94,7,4,3
P00124,2025-10-31,26,234.5,9.02,6.0,6,4,1
P00124,2025-12-01,30,283.4,9.45,2.38,4,4,2
P00124,2025-12-31,28,241.4,8.62,4.0,4,4,2
P00124,2026-01-30,29,244.0,8.42,2.4,10,4,3
P00124,2026-03-02,27,241.0,8.92,1.21,8,4,2
P00124,2026-04-01,25,232.6,9.3,2.23,10,4,4
P00124,2026-05-02,31,251.8,8.12,1.22,3,4,3
P00124,2026-06-01,26,226.9,8.73,1.99,3,4,3
P00124,2026-07-02,29,249.6,8.61,2.9,7,4,2
P00124,2026-08-01,29,259.1,8.93,3.02,9,4,2
P00125,2024-08-31,29,224.7,7.75,0.55,3,4,4
P00125,2024-09-30,26,197.0,7.58,1.53,3,4,1
P00125,2024-10-31,29,221.9,7.65,4.27,7,4,3
P00125,2024-11-30,29,244.1,8.42,3.2,3,4,2
P00125,2024-12-31,27,221.3,8.2,1.57,5,4,3
P00125,2025-01-30,26,202.0,7.77,0.81,4,4,2
P00125,2025-03-02,27,208.9,7.74,2.09,3,4,1
P00125,2025-04-01,27,219.1,8.11,3.36,4,4,2
P00125,2025-05-01,25,187.9,7.52,2.24,4,4,1
P00125,2025-06-01,27,206.2,7.64,1.85,7,4,2
P00125,2025-07-01,29,239.3,8.25,0.85,4,4,1
P00125,2025-08-01,30,235.0,7.83,1.1,5,4,1
P00125,2025-08-31,30,243.6,8.12,3.26,4,4,2
P00125,2025-10-01,28,220.6,7.88,0.35,6,4,3
P00125,2025-10-31,31,274.4,8.85,1.66,0,4,2
P00125,2025-12-01,28,236.8,8.46,0.85,8,4,2
P00125,2025-12-31,26,232.2,8.93,1.17,8,4,2
P00125,2026-01-30,26,228.8,8.8,1.55,2,4,2
P00125,2026-03-02,26,236.3,9.09,1.67,4,4,3
P00125,2026-04-01,31,282.1,9.1,2.11,4,4,1
P00125,2026-05-02,31,269.0,8.68,1.72,3,4,3
P00125,2026-06-01,29,255.1,8.8,1.99,1,4,1
P00125,2026-07-02,29,269.6,9.3,2.14,2,4,1
P00125,2026-08-01,27,230.0,8.52,0.37,4,4,1
P00126,2024-08-31,30,422.9,14.1,1.37,5,4,0
P00126,2024-09-30,29,402.4,13.88,4.74,7,4,1
P00126,2024-10-31,27,366.6,13.58,2.54,9,4,1
P00126,2024-11-30,29,402.7,13.89,1.67,4,4,1
P00126,2024-12-31,27,377.8,13.99,1.37,4,4,1
P00126,2025-01-30,31,421.9,13.61,1.96,9,4,0
P00126,2025-03-02,28,381.2,13.61,0.51,9,4,1
P00126,2025-04-01,29,398.4,13.74,5.58,10,4,1
P00126,2025-05-01,29,397.4,13.7,3.3,6,4,1
P00126,2025-06-01,30,398.7,13.29,2.53,5,4,1
P00126,2025-07-01,31,439.9,14.19,3.04,6,4,2
P00126,2025-08-01,31,432.6,13.96,2.12,5,4,2
P00126,2025-08-31,30,406.4,13.55,2.32,8,4,1
P00126,2025-10-01,30,415.1,13.84,6.0,10,4,0
P00126,2025-10-31,29,396.9,13.69,4.32,9,4,0
P00126,2025-12-01,29,409.2,14.11,1.31,7,4,0
P00126,2025-12-31,31,413.0,13.32,3.98,6,4,0
P00126,2026-01-30,31,403.7,13.02,1.69,5,4,2
P00126,2026-03-02,30,413.4,13.78,2.18,6,4,0
P00126,2026-04-01,28,362.5,12.95,3.6,3,4,1
P00126,2026-05-02,29,397.4,13.7,1.57,8,4,1
P00126,2026-06-01,29,407.3,14.05,2.25,5,4,0
P00126,2026-07-02,30,393.1,13.1,1.45,4,4,1
P00126,2026-08-01,30,399.1,13.3,1.07,3,4,2
P00127,2024-08-31,27,379.3,14.05,1.35,3,4,0
P00127,2024-09-30,30,419.3,13.98,5.84,5,4,0
P00127,2024-10-31,29,417.4,14.39,1.79,6,4,1
P00127,2024-11-30,30,398.6,13.29,1.91,0,4,1
P00127,2024-12-31,25,339.6,13.58,6.0,5,4,0
P00127,2025-01-30,28,363.8,12.99,1.03,7,4,0
P00127,2025-03-02,28,368.5,13.16,5.73,6,4,1
P00127,2025-04-01,27,343.2,12.71,1.39,8,4,2
P00127,2025-05-01,29,380.1,13.11,0.85,2,4,1
P00127,2025-06-01,30,394.2,13.14,1.63,6,4,1
P00127,2025-07-01,29,376.7,12.99,4.26,8,4,1
P00127,2025-08-01,27,352.8,13.07,1.27,3,4,0
P00127,2025-08-31,28,338.7,12.1,1.38,5,4,0
P00127,2025-10-01,31,363.2,11.72,1.58,9,4,1
P00127,2025-10-31,30,356.6,11.89,3.89,7,4,2
P00127,2025-12-01,28,335.5,11.98,1.16,6,4,1
P00127,2025-12-31,29,333.6,11.5,4.82,6,4,2
P00127,2026-01-30,30,363.4,12.11,1.34,10,4,1
P00127,2026-03-02,31,379.2,12.23,1.38,5,4,0
P00127,2026-04-01,28,349.3,12.48,4.17,4,4,0
P00127,2026-05-02,26,322.8,12.42,2.01,8,4,1
P00127,2026-06-01,28,332.4,11.87,1.5,9,4,0
P00127,2026-07-02,30,356.1,11.87,4.43,6,4,1
P00127,2026-08-01,27,316.8,11.73,4.23,7,4,0
P00128,2024-08-31,28,381.2,13.61,4.22,5,4,0
P00128,2024-09-30,28,381.9,13.64,0.4,4,4,1
P00128,2024-10-31,29,387.6,13.37,2.83,7,4,1
P00128,2024-11-30,28,363.6,12.99,3.38,6,4,1
P00128,2024-12-31,28,365.5,13.05,1.96,6,4,1
P00128,2025-01-30,29,404.5,13.95,6.0,6,4,0
P00128,2025-03-02,27,345.6,12.8,0.5,4,4,2
P00128,2025-04-01,28,373.9,13.35,0.83,9,4,1
P00128,2025-05-01,29,392.0,13.52,1.53,4,4,0
P00128,2025-06-01,30,394.1,13.14,2.08,6,4,0
P00128,2025-07-01,29,385.5,13.29,2.67,5,4,1
P00128,2025-08-01,31,385.4,12.43,3.9,11,4,0
P00128,2025-08-31,29,377.4,13.01,1.38,7,4,0
P00128,2025-10-01,27,346.0,12.81,1.3,9,4,0
P00128,2025-10-31,28,370.1,13.22,1.17,10,4,0
P00128,2025-12-01,31,407.9,13.16,6.0,3,4,2
P00128,2025-12-31,27,358.4,13.27,1.84,6,4,2
P00128,2026-01-30,30,366.9,12.23,5.04,5,4,1
P00128,2026-03-02,31,397.9,12.83,2.01,8,4,1
P00128,2026-04-01,26,352.8,13.57,1.7,4,4,0
P00128,2026-05-02,30,391.2,13.04,2.49,3,4,1
P00128,2026-06-01,26,363.4,13.98,3.93,8,4,2
P00128,2026-07-02,28,366.2,13.08,4.02,9,4,1
P00128,2026-08-01,28,374.0,13.36,2.43,5,4,1
P00129,2024-08-31,28,367.7,13.13,0.39,9,4,0
P00129,2024-09-30,26,337.9,13.0,6.0,8,4,1
P00129,2024-10-31,29,369.7,12.75,5.17,1,4,0
P00129,2024-11-30,29,383.5,13.22,2.06,9,4,0
P00129,2024-12-31,28,371.6,13.27,0.93,10,4,1
P00129,2025-01-30,27,353.6,13.1,0.95,6,4,2
P00129,2025-03-02,28,363.5,12.98,2.43,5,4,0
P00129,2025-04-01,27,370.7,13.73,1.48,6,4,0
P00129,2025-05-01,27,346.0,12.82,2.27,3,4,1
P00129,2025-06-01,30,398.9,13.3,1.34,2,4,2
P00129,2025-07-01,29,388.3,13.39,3.53,7,4,3
P00129,2025-08-01,26,344.7,13.26,0.36,6,4,1
P00129,2025-08-31,27,369.8,13.7,1.77,7,4,0
P00129,2025-10-01,28,381.0,13.61,2.56,6,4,0
P00129,2025-10-31,31,436.9,14.09,3.39,6,4,0
P00129,2025-12-01,29,401.7,13.85,1.87,6,4,1
P00129,2025-12-31,29,417.2,14.39,2.23,7,4,2
P00129,2026-01-30,26,367.1,14.12,1.8,4,4,1
P00129,2026-03-02,28,384.2,13.72,2.9,9,4,1
P00129,2026-04-01,30,411.7,13.72,3.55,7,4,2
P00129,2026-05-02,30,412.2,13.74,6.0,8,4,0
P00129,2026-06-01,29,379.9,13.1,1.68,8,4,0
P00129,2026-07-02,28,373.3,13.33,0.52,6,4,1
P00129,2026-08-01,31,430.5,13.89,4.94,4,4,1
P00130,2024-08-31,31,409.2,13.2,0.46,8,4,1
P00130,2024-09-30,29,415.5,14.33,3.71,8,4,2
P00130,2024-10-31,28,368.7,13.17,2.68,8,4,0
P00130,2024-11-30,24,310.4,12.93,1.53,3,4,0
P00130,2024-12-31,28,363.3,12.98,0.84,6,4,0
P00130,2025-01-30,28,398.2,14.22,6.0,3,4,1
P00130,2025-03-02,30,418.4,13.95,1.49,4,4,0
P00130,2025-04-01,29,370.4,12.77,4.26,2,4,1
P00130,2025-05-01,29,386.5,13.33,0.47,6,4,0
P00130,2025-06-01,29,366.7,12.64,1.21,11,4,1
P00130,2025-07-01,27,368.4,13.64,0.89,8,4,1
P00130,2025-08-01,27,375.4,13.9,2.33,6,4,1
P00130,2025-08-31,28,373.8,13.35,3.7,7,4,0
P00130,2025-10-01,28,393.4,14.05,1.05,5,4,2
P00130,2025-10-31,24,346.9,14.46,1.43,6,4,0
P00130,2025-12-01,29,410.3,14.15,0.41,10,4,1
P00130,2025-12-31,27,369.5,13.69,1.95,4,4,0
P00130,2026-01-30,29,401.6,13.85,2.05,4,4,1
P00130,2026-03-02,29,391.1,13.49,1.68,9,4,1
P00130,2026-04-01,26,356.0,13.69,2.8,6,4,1
P00130,2026-05-02,30,423.3,14.11,1.4,4,4,0
P00130,2026-06-01,27,371.8,13.77,2.68,5,4,1
P00130,2026-07-02,28,389.0,13.89,2.87,5,4,2
P00130,2026-08-01,27,403.0,14.93,6.0,6,4,0
P00131,2024-08-31,29,383.3,13.22,1.98,9,4,0
P00131,2024-09-30,28,365.5,13.06,3.74,8,4,0
P00131,2024-10-31,27,340.0,12.59,1.87,11,4,0
P00131,2024-11-30,28,376.9,13.46,6.0,6,4,1
P00131,2024-12-31,29,373.7,12.89,4.33,4,4,0
P00131,2025-01-30,29,388.4,13.39,1.2,5,4,0
P00131,2025-03-02,30,415.1,13.84,0.46,6,4,1
P00131,2025-04-01,26,346.4,13.32,0.49,6,4,0
P00131,2025-05-01,31,432.9,13.96,0.58,5,4,2
P00131,2025-06-01,29,395.5,13.64,4.29,9,4,0
P00131,2025-07-01,29,422.3,14.56,1.57,4,4,0
P00131,2025-08-01,26,376.0,14.46,2.82,7,4,1
P00131,2025-08-31,29,414.8,14.3,0.29,6,4,1
P00131,2025-10-01,28,390.3,13.94,1.45,6,4,3
P00131,2025-10-31,29,404.1,13.93,4.53,6,4,0
P00131,2025-12-01,28,403.9,14.42,6.0,10,4,1
P00131,2025-12-31,29,432.8,14.92,4.78,8,4,0
P00131,2026-01-30,28,427.5,15.27,2.01,6,4,1
P00131,2026-03-02,31,465.3,15.01,3.95,5,4,1
P00131,2026-04-01,28,401.4,14.33,4.85,6,4,1
P00131,2026-05-02,29,431.3,14.87,4.06,7,4,1
P00131,2026-06-01,26,364.2,14.01,5.04,5,4,2
P00131,2026-07-02,28,410.0,14.64,1.44,8,4,0
P00131,2026-08-01,29,411.7,14.2,0.81,3,4,0
P00132,2024-08-31,29,381.8,13.17,1.44,4,4,1
P00132,2024-09-30,30,402.3,13.41,3.53,9,4,0
P00132,2024-10-31,27,351.8,13.03,2.21,2,4,1
P00132,2024-11-30,27,365.9,13.55,3.13,10,4,0
P00132,2024-12-31,29,369.3,12.73,4.21,5,4,0
P00132,2025-01-30,28,383.0,13.68,1.3,6,4,0
P00132,2025-03-02,25,348.7,13.95,1.77,2,4,1
P00132,2025-04-01,28,383.1,13.68,2.07,5,4,0
P00132,2025-05-01,25,354.0,14.16,0.34,9,4,0
P00132,2025-06-01,27,373.8,13.84,4.02,9,4,1
P00132,2025-07-01,27,380.0,14.07,1.13,6,4,0
P00132,2025-08-01,28,407.2,14.54,0.64,2,4,1
P00132,2025-08-31,24,335.4,13.98,1.3,4,4,2
P00132,2025-10-01,30,429.7,14.32,1.0,6,4,1
P00132,2025-10-31,27,372.8,13.81,1.36,4,4,0
P00132,2025-12-01,29,401.3,13.84,1.4,4,4,2
P00132,2025-12-31,26,375.0,14.42,4.69,7,4,0
P00132,2026-01-30,29,406.9,14.03,3.29,8,4,0
P00132,2026-03-02,28,386.7,13.81,2.63,3,4,2
P00132,2026-04-01,29,416.4,14.36,2.23,10,4,1
P00132,2026-05-02,27,369.9,13.7,1.22,12,4,0
P00132,2026-06-01,29,398.9,13.76,1.0,4,4,0
P00132,2026-07-02,27,367.8,13.62,0.58,13,4,2
P00132,2026-08-01,25,347.5,13.9,3.86,11,4,1
P00133,2024-08-31,26,203.1,7.81,0.25,5,4,2
P00133,2024-09-30,26,200.8,7.72,1.3,6,4,3
P00133,2024-10-31,30,233.9,7.8,1.26,4,4,1
P00133,2024-11-30,29,220.4,7.6,1.7,4,4,1
P00133,2024-12-31,29,234.1,8.07,0.89,4,4,2
P00133,2025-01-30,29,239.5,8.26,1.58,6,4,3
P00133,2025-03-02,26,199.2,7.66,0.8,4,4,3
P00133,2025-04-01,28,236.2,8.44,1.42,1,4,2
P00133,2025-05-01,27,226.8,8.4,1.85,5,4,2
P00133,2025-06-01,28,237.0,8.47,1.06,8,4,2
P00133,2025-07-01,26,227.0,8.73,0.54,1,4,2
P00133,2025-08-01,30,266.6,8.89,2.81,4,4,3
P00133,2025-08-31,26,219.2,8.43,4.82,5,4,2
P00133,2025-10-01,27,228.1,8.45,1.98,2,4,2
P00133,2025-10-31,30,266.4,8.88,3.81,4,4,3
P00133,2025-12-01,27,240.4,8.9,3.26,6,4,1
P00133,2025-12-31,28,223.8,7.99,1.29,3,4,4
P00133,2026-01-30,26,213.6,8.22,3.31,6,4,2
P00133,2026-03-02,30,234.0,7.8,0.62,3,4,3
P00133,2026-04-01,29,249.8,8.61,0.92,7,4,3
P00133,2026-05-02,29,232.9,8.03,3.41,7,4,3
P00133,2026-06-01,28,218.9,7.82,2.25,2,4,1
P00133,2026-07-02,29,254.8,8.79,0.32,3,4,1
P00133,2026-08-01,27,235.0,8.7,0.42,7,4,3
P00134,2024-08-31,27,382.5,14.17,6.0,3,4,3
P00134,2024-09-30,27,363.2,13.45,0.4,10,4,0
P00134,2024-10-31,26,370.2,14.24,1.51,4,4,1
P00134,2024-11-30,26,358.2,13.78,1.49,6,4,1
P00134,2024-12-31,27,373.2,13.82,0.52,7,4,0
P00134,2025-01-30,26,340.5,13.1,5.67,5,4,1
P00134,2025-03-02,28,366.9,13.11,6.0,6,4,1
P00134,2025-04-01,29,394.6,13.61,5.02,6,4,1
P00134,2025-05-01,29,392.0,13.52,4.8,3,4,2
P00134,2025-06-01,25,343.9,13.76,5.19,8,4,2
P00134,2025-07-01,28,363.3,12.97,6.0,7,4,0
P00134,2025-08-01,31,407.6,13.15,1.03,2,4,0
P00134,2025-08-31,28,371.8,13.28,4.83,3,4,0
P00134,2025-10-01,28,361.0,12.89,2.38,8,4,0
P00134,2025-10-31,30,403.1,13.44,2.17,6,4,0
P00134,2025-12-01,27,352.4,13.05,5.09,8,4,1
P00134,2025-12-31,27,363.3,13.46,3.29,3,4,2
P00134,2026-01-30,29,385.1,13.28,0.94,7,4,1
P00134,2026-03-02,30,396.7,13.22,1.78,5,4,1
P00134,2026-04-01,31,391.9,12.64,0.43,7,4,1
P00134,2026-05-02,29,377.7,13.02,3.89,8,4,0
P00134,2026-06-01,28,369.2,13.18,2.23,3,4,1
P00134,2026-07-02,27,344.4,12.76,1.24,5,4,2
P00134,2026-08-01,29,371.8,12.82,1.09,4,4,1
P00135,2024-08-31,30,398.1,13.27,2.67,6,4,1
P00135,2024-09-30,28,395.5,14.12,0.49,5,4,0
P00135,2024-10-31,29,400.7,13.82,2.03,6,4,0
P00135,2024-11-30,27,372.9,13.81,1.07,11,4,0
P00135,2024-12-31,31,429.5,13.86,3.38,6,4,1
P00135,2025-01-30,28,388.2,13.86,0.91,7,4,2
P00135,2025-03-02,30,398.3,13.28,0.42,8,4,0
P00135,2025-04-01,28,387.4,13.84,2.45,9,4,1
P00135,2025-05-01,30,434.1,14.47,3.62,5,4,0
P00135,2025-06-01,30,414.2,13.81,4.67,3,4,0
P00135,2025-07-01,27,389.8,14.44,0.31,3,4,1
P00135,2025-08-01,28,380.6,13.59,1.76,8,4,1
P00135,2025-08-31,28,392.0,14.0,6.0,5,4,1
P00135,2025-10-01,28,394.9,14.1,0.37,5,4,0
P00135,2025-10-31,28,397.2,14.18,5.59,6,4,0
P00135,2025-12-01,31,453.5,14.63,0.78,7,4,1
P00135,2025-12-31,28,413.8,14.78,3.8,4,4,0
P00135,2026-01-30,28,382.6,13.66,0.49,8,4,2
P00135,2026-03-02,26,348.9,13.42,6.0,5,4,2
P00135,2026-04-01,26,360.4,13.86,5.91,5,4,0
P00135,2026-05-02,31,450.9,14.55,3.96,6,4,1
P00135,2026-06-01,25,338.0,13.52,2.15,4,4,1
P00135,2026-07-02,29,404.4,13.95,6.0,4,4,1
P00135,2026-08-01,26,380.8,14.65,1.64,3,4,1
P00136,2024-08-31,25,324.2,12.97,3.79,9,4,1
P00136,2024-09-30,27,347.8,12.88,1.83,8,4,1
P00136,2024-10-31,29,369.9,12.75,3.73,8,4,0
P00136,2024-11-30,29,355.7,12.27,2.37,7,4,2
P00136,2024-12-31,26,328.2,12.62,2.64,6,4,0
P00136,2025-01-30,29,390.1,13.45,1.85,2,4,1
P00136,2025-03-02,27,331.4,12.28,2.62,2,4,0
P00136,2025-04-01,28,354.9,12.67,1.85,5,4,1
P00136,2025-05-01,27,351.7,13.02,1.1,3,4,1
P00136,2025-06-01,28,365.0,13.03,1.22,4,4,0
P00136,2025-07-01,29,378.1,13.04,3.21,6,4,0
P00136,2025-08-01,27,342.5,12.69,0.39,6,4,0
P00136,2025-08-31,27,352.5,13.06,4.0,0,4,0
P00136,2025-10-01,28,381.5,13.63,2.55,3,4,1
P00136,2025-10-31,28,369.0,13.18,2.06,3,4,1
P00136,2025-12-01,25,320.6,12.82,4.01,5,4,1
P00136,2025-12-31,27,348.8,12.92,3.42,5,4,0
P00136,2026-01-30,27,323.2,11.97,5.43,4,4,1
P00136,2026-03-02,28,338.2,12.08,1.76,3,4,1
P00136,2026-04-01,28,349.2,12.47,2.2,4,4,1
P00136,2026-05-02,28,336.0,12.0,0.61,3,4,2
P00136,2026-06-01,27,343.0,12.7,1.36,4,4,1
P00136,2026-07-02,27,336.4,12.46,1.85,3,4,0
P00136,2026-08-01,27,351.1,13.0,0.99,1,4,0
P00137,2024-08-31,31,406.2,13.1,5.05,5,4,0
P00137,2024-09-30,31,436.7,14.09,3.87,7,4,1
P00137,2024-10-31,30,392.9,13.1,0.28,12,4,2
P00137,2024-11-30,31,390.9,12.61,2.11,10,4,1
P00137,2024-12-31,30,404.0,13.47,1.85,7,4,2
P00137,2025-01-30,29,375.3,12.94,1.21,4,4,0
P00137,2025-03-02,30,404.1,13.47,1.2,2,4,0
P00137,2025-04-01,28,383.7,13.7,2.95,4,4,2
P00137,2025-05-01,27,365.4,13.53,1.53,6,4,0
P00137,2025-06-01,27,360.2,13.34,2.14,4,4,3
P00137,2025-07-01,29,378.6,13.05,0.89,10,4,1
P00137,2025-08-01,28,392.7,14.03,2.02,8,4,0
P00137,2025-08-31,31,415.8,13.41,1.58,4,4,1
P00137,2025-10-01,26,370.1,14.24,1.22,9,4,0
P00137,2025-10-31,28,398.4,14.23,0.61,6,4,1
P00137,2025-12-01,30,416.6,13.89,2.85,9,4,0
P00137,2025-12-31,30,412.6,13.75,3.37,6,4,1
P00137,2026-01-30,29,400.2,13.8,3.0,7,4,0
P00137,2026-03-02,30,414.1,13.8,3.66,3,4,1
P00137,2026-04-01,29,383.7,13.23,3.82,8,4,0
P00137,2026-05-02,29,385.2,13.28,2.86,6,4,2
P00137,2026-06-01,29,402.6,13.88,5.39,8,4,1
P00137,2026-07-02,27,382.3,14.16,0.25,7,4,2
P00137,2026-08-01,29,404.5,13.95,2.46,12,4,1
P00138,2024-08-31,29,359.0,12.38,0.63,1,4,0
P00138,2024-09-30,24,302.8,12.62,0.76,4,4,2
P00138,2024-10-31,26,326.6,12.56,6.0,2,4,2
P00138,2024-11-30,26,294.6,11.33,2.53,3,4,0
P00138,2024-12-31,25,309.5,12.38,2.21,3,4,2
P00138,2025-01-30,28,315.0,11.25,2.32,5,4,0
P00138,2025-03-02,25,292.5,11.7,4.76,4,4,0
P00138,2025-04-01,26,305.1,11.74,2.47,3,4,1
P00138,2025-05-01,29,357.9,12.34,1.38,1,4,0
P00138,2025-06-01,27,326.9,12.11,1.54,1,4,0
P00138,2025-07-01,30,351.2,11.71,2.95,3,4,2
P00138,2025-08-01,28,316.6,11.31,1.29,2,4,2
P00138,2025-08-31,30,343.1,11.44,0.26,1,4,0
P00138,2025-10-01,27,305.2,11.3,0.64,3,4,2
P00138,2025-10-31,30,314.3,10.48,0.22,7,4,0
P00138,2025-12-01,27,298.8,11.07,2.8,1,4,0
P00138,2025-12-31,27,320.0,11.85,1.82,5,4,1
P00138,2026-01-30,27,314.4,11.64,2.17,5,4,1
P00138,2026-03-02,30,340.7,11.36,1.95,3,4,1
P00138,2026-04-01,25,288.4,11.54,2.21,5,4,1
P00138,2026-05-02,27,315.3,11.68,0.2,4,4,1
P00138,2026-06-01,30,367.6,12.25,5.63,4,4,1
P00138,2026-07-02,27,324.0,12.0,2.04,10,4,2
P00138,2026-08-01,30,365.1,12.17,0.77,2,4,0
P00139,2024-08-31,28,390.7,13.95,2.54,1,4,1
P00139,2024-09-30,25,317.5,12.7,2.63,6,4,1
P00139,2024-10-31,29,388.2,13.39,0.73,3,4,2
P00139,2024-11-30,27,351.4,13.01,2.05,7,4,1
P00139,2024-12-31,30,395.2,13.17,5.46,6,4,0
P00139,2025-01-30,28,370.6,13.24,6.0,3,4,1
P00139,2025-03-02,27,372.6,13.8,2.24,5,4,0
P00139,2025-04-01,27,376.5,13.94,2.19,5,4,1
P00139,2025-05-01,30,405.5,13.52,2.66,4,4,0
P00139,2025-06-01,27,377.6,13.99,1.12,6,4,1
P00139,2025-07-01,28,380.9,13.61,2.19,8,4,0
P00139,2025-08-01,28,383.0,13.68,0.42,3,4,1
P00139,2025-08-31,31,428.6,13.83,0.63,6,4,1
P00139,2025-10-01,28,376.7,13.45,0.58,6,4,1
P00139,2025-10-31,29,385.3,13.29,1.94,5,4,0
P00139,2025-12-01,29,392.4,13.53,0.39,8,4,1
P00139,2025-12-31,27,371.0,13.74,4.61,5,4,0
P00139,2026-01-30,29,399.6,13.78,3.7,3,4,0
P00139,2026-03-02,25,329.6,13.18,2.73,6,4,0
P00139,2026-04-01,29,396.4,13.67,2.45,7,4,1
P00139,2026-05-02,24,331.5,13.81,0.84,9,4,2
P00139,2026-06-01,27,375.3,13.9,6.0,9,4,1
P00139,2026-07-02,30,427.8,14.26,2.42,7,4,1
P00139,2026-08-01,28,374.4,13.37,2.88,2,4,1
P00140,2024-08-31,31,390.2,12.59,2.59,8,4,1
P00140,2024-09-30,28,382.9,13.68,4.57,4,4,0
P00140,2024-10-31,28,353.1,12.61,2.79,2,4,1
P00140,2024-11-30,25,332.3,13.29,2.67,6,4,0
P00140,2024-12-31,28,384.0,13.71,1.6,12,4,0
P00140,2025-01-30,29,375.9,12.96,1.35,6,4,1
P00140,2025-03-02,26,346.0,13.31,0.57,3,4,2
P00140,2025-04-01,29,378.4,13.05,1.79,6,4,0
P00140,2025-05-01,27,349.8,12.96,0.99,6,4,1
P00140,2025-06-01,30,387.8,12.93,1.48,4,4,3
P00140,2025-07-01,26,333.5,12.83,2.68,6,4,2
P00140,2025-08-01,27,352.8,13.07,1.22,9,4,2
P00140,2025-08-31,28,345.9,12.35,1.44,4,4,2
P00140,2025-10-01,30,366.5,12.22,2.77,8,4,0
P00140,2025-10-31,26,317.5,12.21,2.67,10,4,1
P00140,2025-12-01,27,321.9,11.92,2.22,3,4,1
P00140,2025-12-31,28,358.4,12.8,1.81,8,4,1
P00140,2026-01-30,29,361.6,12.47,6.0,6,4,1
P00140,2026-03-02,27,342.2,12.67,4.87,5,4,0
P00140,2026-04-01,27,326.6,12.1,2.32,5,4,0
P00140,2026-05-02,29,364.5,12.57,1.13,7,4,0
P00140,2026-06-01,30,372.5,12.42,0.63,8,4,2
P00140,2026-07-02,25,312.3,12.49,0.74,2,4,1
P00140,2026-08-01,31,370.6,11.95,2.73,4,4,1
P00141,2024-08-31,30,392.2,13.07,4.28,6,4,1
P00141,2024-09-30,30,412.2,13.74,0.82,5,4,0
P00141,2024-10-31,30,400.3,13.34,1.56,4,4,1
P00141,2024-11-30,28,362.8,12.96,1.64,7,4,0
P00141,2024-12-31,28,364.2,13.01,1.89,6,4,0
P00141,2025-01-30,27,358.4,13.27,1.51,2,4,1
P00141,2025-03-02,28,366.3,13.08,2.87,6,4,0
P00141,2025-04-01,28,371.2,13.26,2.34,7,4,1
P00141,2025-05-01,29,396.7,13.68,4.74,4,4,1
P00141,2025-06-01,29,370.9,12.79,3.92,6,4,1
P00141,2025-07-01,30,395.6,13.19,1.11,6,4,0
P00141,2025-08-01,26,337.1,12.97,2.59,4,4,2
P00141,2025-08-31,30,383.9,12.8,0.51,8,4,1
P00141,2025-10-01,27,361.9,13.4,1.09,8,4,1
P00141,2025-10-31,31,391.8,12.64,0.96,10,4,2
P00141,2025-12-01,28,344.3,12.3,6.0,6,4,1
P00141,2025-12-31,29,375.6,12.95,3.58,3,4,0
P00141,2026-01-30,30,380.2,12.67,0.57,6,4,2
P00141,2026-03-02,30,370.3,12.34,6.0,10,4,2
P00141,2026-04-01,29,359.9,12.41,3.26,5,4,0
P00141,2026-05-02,31,408.9,13.19,0.51,4,4,1
P00141,2026-06-01,31,382.9,12.35,3.02,7,4,2
P00141,2026-07-02,31,383.1,12.36,1.56,10,4,1
P00141,2026-08-01,29,347.5,11.98,1.25,7,4,0
P00142,2024-08-31,29,250.9,8.65,3.8,5,4,3
P00142,2024-09-30,28,246.8,8.81,1.99,3,4,3
P00142,2024-10-31,29,242.5,8.36,1.15,9,4,1
P00142,2024-11-30,27,237.4,8.79,1.89,4,4,1
P00142,2024-12-31,31,239.9,7.74,1.01,4,4,4
P00142,2025-01-30,30,215.9,7.2,1.24,6,4,1
P00142,2025-03-02,28,209.3,7.48,6.0,3,4,2
P00142,2025-04-01,28,194.9,6.96,1.13,5,4,2
P00142,2025-05-01,28,213.7,7.63,3.5,4,4,2
P00142,2025-06-01,29,215.2,7.42,2.3,5,4,3
P00142,2025-07-01,28,197.1,7.04,2.02,2,4,2
P00142,2025-08-01,28,206.0,7.36,1.77,5,4,3
P00142,2025-08-31,29,236.4,8.15,2.02,5,4,2
P00142,2025-10-01,27,198.3,7.35,2.43,2,4,3
P00142,2025-10-31,31,227.3,7.33,1.45,3,4,2
P00142,2025-12-01,26,198.6,7.64,0.75,5,4,3
P00142,2025-12-31,26,204.7,7.87,4.46,3,4,1
P00142,2026-01-30,28,209.4,7.48,1.2,3,4,2
P00142,2026-03-02,30,236.3,7.88,0.46,3,4,2
P00142,2026-04-01,29,199.1,6.87,1.36,3,4,2
P00142,2026-05-02,28,199.7,7.13,1.23,2,4,3
P00142,2026-06-01,26,195.5,7.52,1.12,4,4,4
P00142,2026-07-02,29,226.1,7.8,1.59,9,4,1
P00142,2026-08-01,28,222.8,7.96,4.11,5,4,2
P00143,2024-08-31,28,367.2,13.12,1.19,3,4,0
P00143,2024-09-30,29,399.1,13.76,1.03,3,4,1
P00143,2024-10-31,27,349.8,12.96,2.96,3,4,1
P00143,2024-11-30,28,377.6,13.49,6.0,12,4,0
P00143,2024-12-31,29,384.4,13.26,2.95,3,4,0
P00143,2025-01-30,30,384.9,12.83,1.84,4,4,1
P00143,2025-03-02,28,372.8,13.31,0.83,7,4,0
P00143,2025-04-01,29,377.5,13.02,0.63,9,4,1
P00143,2025-05-01,28,381.5,13.63,2.5,8,4,1
P00143,2025-06-01,29,378.3,13.05,3.49,1,4,0
P00143,2025-07-01,28,384.5,13.73,3.16,5,4,1
P00143,2025-08-01,29,381.2,13.14,2.14,6,4,1
P00143,2025-08-31,28,369.1,13.18,5.59,3,4,2
P00143,2025-10-01,27,350.7,12.99,4.73,3,4,0
P00143,2025-10-31,27,342.1,12.67,2.09,4,4,2
P00143,2025-12-01,27,365.9,13.55,2.02,3,4,0
P00143,2025-12-31,27,357.2,13.23,1.17,6,4,1
P00143,2026-01-30,29,371.0,12.79,3.48,9,4,0
P00143,2026-03-02,31,416.4,13.43,4.17,5,4,3
P00143,2026-04-01,29,394.1,13.59,0.48,4,4,0
P00143,2026-05-02,29,388.8,13.41,3.4,4,4,2
P00143,2026-06-01,31,430.0,13.87,1.01,2,4,0
P00143,2026-07-02,27,381.4,14.13,5.36,7,4,2
P00143,2026-08-01,30,418.5,13.95,3.43,3,4,0
P00144,2024-08-31,27,350.3,12.98,1.29,5,4,2
P00144,2024-09-30,29,371.4,12.81,3.0,2,4,0
P00144,2024-10-31,27,332.6,12.32,1.73,4,4,1
P00144,2024-11-30,29,343.6,11.85,1.77,6,4,0
P00144,2024-12-31,31,391.1,12.62,3.62,6,4,0
P00144,2025-01-30,29,378.4,13.05,2.05,4,4,1
P00144,2025-03-02,24,307.5,12.81,6.0,8,4,0
P00144,2025-04-01,28,355.2,12.68,6.0,4,4,0
P00144,2025-05-01,27,340.1,12.6,1.99,3,4,0
P00144,2025-06-01,27,344.2,12.75,0.74,5,4,1
P00144,2025-07-01,26,307.0,11.81,4.57,5,4,0
P00144,2025-08-01,28,347.9,12.42,1.39,5,4,0
P00144,2025-08-31,28,332.7,11.88,1.85,5,4,0
P00144,2025-10-01,28,351.7,12.56,2.56,5,4,2
P00144,2025-10-31,28,356.3,12.73,6.0,7,4,3
P00144,2025-12-01,27,355.3,13.16,0.2,9,4,0
P00144,2025-12-31,27,358.4,13.27,1.14,6,4,1
P00144,2026-01-30,28,359.4,12.83,1.05,6,4,2
P00144,2026-03-02,26,335.9,12.92,2.7,5,4,0
P00144,2026-04-01,30,408.0,13.6,2.12,6,4,1
P00144,2026-05-02,29,379.1,13.07,3.66,3,4,2
P00144,2026-06-01,30,393.6,13.12,3.99,6,4,0
P00144,2026-07-02,29,382.8,13.2,0.87,2,4,1
P00144,2026-08-01,30,398.4,13.28,1.98,5,4,1
P00145,2024-08-31,29,402.0,13.86,3.62,6,4,2
P00145,2024-09-30,28,376.1,13.43,1.69,12,4,2
P00145,2024-10-31,31,431.7,13.93,2.1,8,4,1
P00145,2024-11-30,29,414.6,14.3,0.89,10,4,0
P00145,2024-12-31,29,427.3,14.73,1.98,5,4,0
P00145,2025-01-30,28,397.6,14.2,4.31,3,4,1
P00145,2025-03-02,30,416.7,13.89,4.74,12,4,1
P00145,2025-04-01,31,435.5,14.05,2.14,6,4,0
P00145,2025-05-01,29,398.9,13.76,0.84,13,4,0
P00145,2025-06-01,31,440.1,14.2,5.12,5,4,0
P00145,2025-07-01,30,426.1,14.2,5.66,6,4,0
P00145,2025-08-01,30,427.7,14.26,0.27,8,4,0
P00145,2025-08-31,30,417.2,13.91,6.0,5,4,2
P00145,2025-10-01,27,391.0,14.48,6.0,12,4,2
P00145,2025-10-31,31,428.2,13.81,1.31,4,4,1
P00145,2025-12-01,30,424.9,14.16,1.59,7,4,0
P00145,2025-12-31,29,423.8,14.61,1.71,5,4,1
P00145,2026-01-30,29,440.1,15.17,2.1,9,4,1
P00145,2026-03-02,29,417.4,14.39,2.11,6,4,0
P00145,2026-04-01,27,397.5,14.72,3.26,9,4,2
P00145,2026-05-02,30,430.0,14.33,2.64,6,4,2
P00145,2026-06-01,28,400.7,14.31,1.4,6,4,1
P00145,2026-07-02,31,452.9,14.61,2.58,5,4,2
P00145,2026-08-01,28,401.1,14.32,0.58,7,4,3
P00146,2024-08-31,25,315.3,12.61,0.4,3,4,0
P00146,2024-09-30,28,345.2,12.33,3.44,4,4,2
P00146,2024-10-31,25,325.4,13.01,4.76,7,4,1
P00146,2024-11-30,30,370.8,12.36,1.47,5,4,1
P00146,2024-12-31,28,362.6,12.95,3.87,5,4,0
P00146,2025-01-30,27,347.4,12.86,2.77,2,4,0
P00146,2025-03-02,26,336.3,12.93,0.51,6,4,0
P00146,2025-04-01,29,391.7,13.51,0.97,3,4,0
P00146,2025-05-01,28,373.1,13.32,0.38,4,4,0
P00146,2025-06-01,26,358.7,13.8,2.76,7,4,1
P00146,2025-07-01,30,406.5,13.55,2.43,2,4,0
P00146,2025-08-01,26,337.1,12.97,1.53,2,4,1
P00146,2025-08-31,29,388.3,13.39,2.56,3,4,1
P00146,2025-10-01,29,391.9,13.52,0.5,4,4,0
P00146,2025-10-31,28,366.4,13.09,1.54,2,4,1
P00146,2025-12-01,28,388.2,13.87,2.23,5,4,0
P00146,2025-12-31,26,349.7,13.45,1.12,2,4,1
P00146,2026-01-30,29,394.7,13.61,2.02,7,4,0
P00146,2026-03-02,28,383.0,13.68,0.64,4,4,0
P00146,2026-04-01,26,356.1,13.7,0.71,3,4,1
P00146,2026-05-02,27,383.7,14.21,0.32,3,4,0
P00146,2026-06-01,27,356.5,13.2,0.22,4,4,0
P00146,2026-07-02,31,412.6,13.31,1.78,1,4,0
P00146,2026-08-01,26,350.3,13.47,1.81,10,4,0
P00147,2024-08-31,31,393.2,12.68,2.4,2,4,0
P00147,2024-09-30,29,387.1,13.35,4.82,9,4,1
P00147,2024-10-31,26,367.7,14.14,0.54,6,4,1
P00147,2024-11-30,29,425.9,14.69,0.32,7,4,1
P00147,2024-12-31,28,390.3,13.94,5.71,5,4,0
P00147,2025-01-30,30,406.4,13.55,1.12,6,4,1
P00147,2025-03-02,30,396.5,13.22,1.66,7,4,1
P00147,2025-04-01,27,366.5,13.57,0.46,6,4,3
P00147,2025-05-01,28,369.9,13.21,2.19,6,4,0
P00147,2025-06-01,26,327.8,12.61,3.82,6,4,3
P00147,2025-07-01,29,395.6,13.64,0.76,8,4,1
P00147,2025-08-01,29,399.8,13.79,2.04,7,4,1
P00147,2025-08-31,28,400.4,14.3,3.2,9,4,3
P00147,2025-10-01,31,429.4,13.85,6.0,6,4,1
P00147,2025-10-31,28,411.2,14.68,6.0,6,4,1
P00147,2025-12-01,28,378.1,13.51,1.14,6,4,1
P00147,2025-12-31,28,388.9,13.89,0.92,3,4,1
P00147,2026-01-30,28,395.7,14.13,4.7,9,4,0
P00147,2026-03-02,27,381.3,14.12,3.73,7,4,1
P00147,2026-04-01,29,388.0,13.38,1.03,9,4,0
P00147,2026-05-02,29,386.8,13.34,1.95,8,4,1
P00147,2026-06-01,27,366.2,13.56,2.05,8,4,1
P00147,2026-07-02,30,405.5,13.52,2.96,4,4,2
P00147,2026-08-01,29,402.5,13.88,1.47,6,4,0
P00148,2024-08-31,31,276.9,8.93,2.81,10,4,2
P00148,2024-09-30,29,250.5,8.64,4.47,7,4,4
P00148,2024-10-31,26,221.6,8.52,1.08,6,4,0
P00148,2024-11-30,31,279.9,9.03,1.8,3,4,1
P00148,2024-12-31,28,248.6,8.88,0.51,9,4,2
P00148,2025-01-30,26,258.3,9.94,0.62,4,4,1
P00148,2025-03-02,29,279.0,9.62,2.92,8,4,4
P00148,2025-04-01,30,280.3,9.34,6.0,4,4,2
P00148,2025-05-01,29,262.4,9.05,6.0,6,4,2
P00148,2025-06-01,27,240.5,8.91,3.12,4,4,2
P00148,2025-07-01,29,260.6,8.99,2.56,7,4,4
P00148,2025-08-01,28,252.6,9.02,0.88,4,4,2
P00148,2025-08-31,27,247.7,9.17,2.3,7,4,3
P00148,2025-10-01,28,257.7,9.2,0.88,8,4,1
P00148,2025-10-31,29,286.1,9.87,4.58,8,4,0
P00148,2025-12-01,27,251.8,9.33,4.24,14,4,2
P00148,2025-12-31,30,263.5,8.78,3.47,3,4,1
P00148,2026-01-30,29,266.7,9.2,1.38,14,4,0
P00148,2026-03-02,26,215.0,8.27,2.91,4,4,4
P00148,2026-04-01,30,252.7,8.42,6.0,9,4,3
P00148,2026-05-02,29,239.8,8.27,3.93,3,4,2
P00148,2026-06-01,29,256.4,8.84,1.1,3,4,1
P00148,2026-07-02,27,242.3,8.98,2.61,6,4,2
P00148,2026-08-01,29,260.2,8.97,5.86,8,4,2
P00149,2024-08-31,29,379.6,13.09,5.93,2,4,0
P00149,2024-09-30,29,384.4,13.26,0.68,8,4,1
P00149,2024-10-31,30,407.9,13.6,1.33,7,4,0
P00149,2024-11-30,27,377.1,13.97,2.41,4,4,2
P00149,2024-12-31,27,371.7,13.77,3.13,6,4,1
P00149,2025-01-30,30,392.6,13.09,4.06,3,4,0
P00149,2025-03-02,29,394.8,13.61,2.56,6,4,1
P00149,2025-04-01,27,384.1,14.23,3.15,4,4,0
P00149,2025-05-01,29,398.9,13.76,2.58,6,4,2
P00149,2025-06-01,25,352.3,14.09,2.34,2,4,0
P00149,2025-07-01,27,375.5,13.91,3.01,7,4,2
P00149,2025-08-01,28,395.5,14.12,2.68,4,4,0
P00149,2025-08-31,28,384.6,13.74,1.12,6,4,2
P00149,2025-10-01,27,362.0,13.41,2.72,1,4,0
P00149,2025-10-31,29,403.5,13.91,5.14,3,4,1
P00149,2025-12-01,28,390.1,13.93,3.65,5,4,0
P00149,2025-12-31,28,394.6,14.09,4.83,3,4,2
P00149,2026-01-30,30,423.2,14.11,2.59,3,4,1
P00149,2026-03-02,29,392.3,13.53,1.24,8,4,1
P00149,2026-04-01,27,380.4,14.09,2.04,5,4,0
P00149,2026-05-02,25,352.9,14.12,1.3,6,4,1
P00149,2026-06-01,27,388.1,14.37,2.06,7,4,3
P00149,2026-07-02,26,375.5,14.44,1.8,4,4,1
P00149,2026-08-01,29,430.6,14.85,0.62,4,4,2
P00150,2024-08-31,26,325.8,12.53,0.34,2,4,0
P00150,2024-09-30,27,331.1,12.26,1.85,0,4,0
P00150,2024-10-31,31,384.1,12.39,3.1,2,4,1
P00150,2024-11-30,29,358.9,12.37,1.07,6,4,0
P00150,2024-12-31,24,295.8,12.32,2.14,5,4,1
P00150,2025-01-30,28,354.8,12.67,1.29,4,4,0
P00150,2025-03-02,28,360.6,12.88,1.29,5,4,2
P00150,2025-04-01,29,339.4,11.7,5.09,4,4,1
P00150,2025-05-01,27,336.2,12.45,2.66,2,4,1
P00150,2025-06-01,27,341.9,12.66,1.82,2,4,0
P00150,2025-07-01,28,357.8,12.78,1.94,4,4,1
P00150,2025-08-01,24,286.5,11.94,3.43,9,4,0
P00150,2025-08-31,29,369.5,12.74,0.62,3,4,0
P00150,2025-10-01,30,398.4,13.28,5.17,7,4,0
P00150,2025-10-31,29,380.2,13.11,0.2,5,4,2
P00150,2025-12-01,31,406.7,13.12,2.27,8,4,0
P00150,2025-12-31,29,376.1,12.97,0.65,1,4,2
P00150,2026-01-30,27,342.9,12.7,1.08,4,4,1
P00150,2026-03-02,26,330.0,12.69,2.21,3,4,0
P00150,2026-04-01,29,369.8,12.75,0.82,11,4,1
P00150,2026-05-02,26,324.1,12.47,1.64,4,4,1
P00150,2026-06-01,27,351.6,13.02,1.93,2,4,2
P00150,2026-07-02,29,371.1,12.8,1.39,3,4,1
P00150,2026-08-01,26,328.8,12.65,1.94,4,4,0
P00151,2024-08-31,29,270.1,9.31,2.07,4,4,2
P00151,2024-09-30,29,284.0,9.79,3.53,8,4,2
P00151,2024-10-31,26,257.4,9.9,0.51,6,4,3
P00151,2024-11-30,31,332.7,10.73,1.45,5,4,3
P00151,2024-12-31,31,326.4,10.53,2.52,5,4,1
P00151,2025-01-30,30,306.5,10.22,2.48,13,4,2
P00151,2025-03-02,31,310.0,10.0,0.61,7,4,2
P00151,2025-04-01,28,288.7,10.31,1.5,10,4,0
P00151,2025-05-01,31,304.7,9.83,6.0,3,4,2
P00151,2025-06-01,27,259.6,9.61,3.56,7,4,1
P00151,2025-07-01,27,275.0,10.19,2.46,5,4,1
P00151,2025-08-01,27,278.3,10.31,2.99,7,4,2
P00151,2025-08-31,29,291.4,10.05,2.71,4,4,3
P00151,2025-10-01,29,292.4,10.08,4.31,6,4,4
P00151,2025-10-31,27,287.6,10.65,1.12,6,4,2
P00151,2025-12-01,28,272.8,9.74,5.08,12,4,1
P00151,2025-12-31,29,295.1,10.18,3.32,8,4,1
P00151,2026-01-30,27,238.8,8.84,2.45,12,4,3
P00151,2026-03-02,28,275.3,9.83,2.04,6,4,4
P00151,2026-04-01,27,269.2,9.97,2.94,5,4,1
P00151,2026-05-02,29,269.1,9.28,2.43,12,4,2
P00151,2026-06-01,29,271.9,9.37,1.67,5,4,1
P00151,2026-07-02,31,305.9,9.87,3.52,8,4,3
P00151,2026-08-01,30,296.3,9.88,6.0,3,4,4
P00152,2024-08-31,31,415.6,13.41,0.59,3,4,1
P00152,2024-09-30,31,425.6,13.73,2.19,6,4,0
P00152,2024-10-31,29,418.7,14.44,1.08,2,4,1
P00152,2024-11-30,30,395.5,13.18,4.81,12,4,1
P00152,2024-12-31,29,408.0,14.07,6.0,8,4,2
P00152,2025-01-30,31,456.3,14.72,1.87,8,4,0
P00152,2025-03-02,28,382.5,13.66,2.53,4,4,0
P00152,2025-04-01,31,431.8,13.93,1.32,12,4,2
P00152,2025-05-01,29,409.7,14.13,0.87,7,4,1
P00152,2025-06-01,29,401.6,13.85,2.83,6,4,1
P00152,2025-07-01,27,396.1,14.67,6.0,7,4,1
P00152,2025-08-01,30,423.3,14.11,2.89,8,4,0
P00152,2025-08-31,28,397.5,14.2,2.07,6,4,2
P00152,2025-10-01,30,435.3,14.51,4.55,8,4,0
P00152,2025-10-31,31,441.9,14.26,4.97,4,4,1
P00152,2025-12-01,28,408.5,14.59,2.62,10,4,2
P00152,2025-12-31,30,441.1,14.7,5.69,6,4,1
P00152,2026-01-30,29,425.9,14.69,4.56,3,4,1
P00152,2026-03-02,30,439.9,14.66,2.98,11,4,0
P00152,2026-04-01,31,459.1,14.81,1.24,11,4,0
P00152,2026-05-02,30,467.4,15.58,0.32,6,4,2
P00152,2026-06-01,28,413.4,14.77,2.08,8,4,1
P00152,2026-07-02,28,420.2,15.01,1.98,14,4,0
P00152,2026-08-01,29,427.7,14.75,1.26,8,4,0
P00153,2024-08-31,28,248.8,8.89,4.22,2,4,3
P00153,2024-09-30,31,261.7,8.44,2.15,7,4,1
P00153,2024-10-31,29,276.7,9.54,3.82,3,4,2
P00153,2024-11-30,29,264.9,9.13,2.16,6,4,3
P00153,2024-12-31,30,263.6,8.79,5.1,6,4,3
P00153,2025-01-30,30,251.5,8.38,5.93,10,4,2
P00153,2025-03-02,25,215.7,8.63,1.66,7,4,1
P00153,2025-04-01,30,261.5,8.72,1.01,6,4,2
P00153,2025-05-01,29,246.4,8.5,6.0,4,4,3
P00153,2025-06-01,26,236.0,9.08,2.17,7,4,0
P00153,2025-07-01,28,245.5,8.77,3.89,9,4,0
P00153,2025-08-01,29,230.8,7.96,1.96,4,4,3
P00153,2025-08-31,28,218.0,7.79,3.02,7,4,2
P00153,2025-10-01,28,241.6,8.63,1.81,8,4,2
P00153,2025-10-31,30,262.6,8.75,0.64,7,4,1
P00153,2025-12-01,29,247.8,8.55,2.1,7,4,2
P00153,2025-12-31,25,178.3,7.13,0.57,6,4,3
P00153,2026-01-30,28,216.3,7.73,5.2,7,4,2
P00153,2026-03-02,31,225.0,7.26,0.2,7,4,2
P00153,2026-04-01,29,250.5,8.64,2.23,8,4,2
P00153,2026-05-02,30,234.5,7.82,0.2,4,4,2
P00153,2026-06-01,29,242.5,8.36,1.25,4,4,2
P00153,2026-07-02,30,237.9,7.93,1.07,8,4,1
P00153,2026-08-01,28,203.3,7.26,1.87,12,4,3
P00154,2024-08-31,28,245.4,8.76,0.79,5,4,3
P00154,2024-09-30,31,267.0,8.61,0.49,7,4,3
P00154,2024-10-31,30,256.9,8.56,2.73,5,4,1
P00154,2024-11-30,31,269.2,8.68,2.56,8,4,2
P00154,2024-12-31,29,251.8,8.68,6.0,5,4,2
P00154,2025-01-30,29,235.2,8.11,1.75,6,4,3
P00154,2025-03-02,27,220.0,8.15,1.13,6,4,2
P00154,2025-04-01,30,248.5,8.28,3.43,3,4,2
P00154,2025-05-01,31,255.5,8.24,2.73,8,4,1
P00154,2025-06-01,28,233.4,8.34,0.72,5,4,2
P00154,2025-07-01,29,245.4,8.46,2.07,8,4,3
P00154,2025-08-01,30,262.9,8.76,2.96,5,4,3
P00154,2025-08-31,30,268.9,8.96,2.07,6,4,3
P00154,2025-10-01,30,248.8,8.29,0.77,8,4,1
P00154,2025-10-31,26,230.8,8.88,0.46,9,4,3
P00154,2025-12-01,30,240.7,8.02,0.47,7,4,1
P00154,2025-12-31,27,223.9,8.29,1.19,5,4,2
P00154,2026-01-30,30,235.4,7.85,3.58,6,4,1
P00154,2026-03-02,26,192.1,7.39,1.51,6,4,1
P00154,2026-04-01,28,233.8,8.35,4.41,2,4,2
P00154,2026-05-02,29,230.8,7.96,2.45,6,4,3
P00154,2026-06-01,31,289.7,9.34,0.69,7,4,0
P00154,2026-07-02,30,262.7,8.76,2.03,5,4,3
P00154,2026-08-01,28,248.0,8.86,1.19,7,4,2
P00155,2024-08-31,30,395.2,13.17,0.89,2,4,1
P00155,2024-09-30,29,377.7,13.03,1.29,4,4,0
P00155,2024-10-31,26,346.5,13.33,0.53,8,4,1
P00155,2024-11-30,27,354.2,13.12,3.72,6,4,1
P00155,2024-12-31,28,367.4,13.12,2.62,4,4,0
P00155,2025-01-30,27,374.0,13.85,1.79,0,4,0
P00155,2025-03-02,27,372.7,13.8,0.65,3,4,0
P00155,2025-04-01,26,369.8,14.22,4.21,5,4,1
P00155,2025-05-01,27,376.5,13.95,1.85,1,4,1
P00155,2025-06-01,26,359.6,13.83,3.06,1,4,1
P00155,2025-07-01,27,377.8,13.99,3.5,3,4,1
P00155,2025-08-01,27,375.3,13.9,0.32,3,4,1
P00155,2025-08-31,27,365.7,13.54,0.94,2,4,1
P00155,2025-10-01,29,404.8,13.96,0.38,3,4,0
P00155,2025-10-31,28,387.1,13.82,1.08,3,4,1
P00155,2025-12-01,27,370.2,13.71,1.97,3,4,0
P00155,2025-12-31,26,349.5,13.44,4.8,4,4,2
P00155,2026-01-30,27,392.6,14.54,0.56,6,4,3
P00155,2026-03-02,28,389.1,13.9,0.71,3,4,3
P00155,2026-04-01,26,371.4,14.29,1.58,6,4,2
P00155,2026-05-02,30,423.1,14.1,1.6,4,4,1
P00155,2026-06-01,25,356.5,14.26,1.1,3,4,0
P00155,2026-07-02,27,397.3,14.72,1.63,3,4,0
P00155,2026-08-01,26,396.0,15.23,0.51,2,4,1
P00156,2024-08-31,28,380.8,13.6,0.33,4,4,2
P00156,2024-09-30,28,395.6,14.13,5.52,10,4,1
P00156,2024-10-31,28,384.4,13.73,0.64,6,4,1
P00156,2024-11-30,28,393.4,14.05,1.54,8,4,0
P00156,2024-12-31,28,364.1,13.0,0.82,9,4,1
P00156,2025-01-30,27,357.8,13.25,0.77,8,4,1
P00156,2025-03-02,28,392.1,14.0,3.8,7,4,0
P00156,2025-04-01,31,419.9,13.55,5.1,9,4,1
P00156,2025-05-01,31,406.7,13.12,1.63,9,4,0
P00156,2025-06-01,28,370.5,13.23,1.83,5,4,2
P00156,2025-07-01,30,385.6,12.85,2.67,6,4,0
P00156,2025-08-01,29,372.6,12.85,1.01,6,4,0
P00156,2025-08-31,31,393.9,12.71,5.39,11,4,0
P00156,2025-10-01,29,361.6,12.47,1.27,12,4,1
P00156,2025-10-31,26,320.0,12.31,1.52,12,4,1
P00156,2025-12-01,31,386.2,12.46,1.03,7,4,1
P00156,2025-12-31,28,374.5,13.38,1.3,9,4,1
P00156,2026-01-30,31,363.5,11.73,2.1,10,4,0
P00156,2026-03-02,28,317.0,11.32,2.68,7,4,0
P00156,2026-04-01,28,334.0,11.93,5.35,7,4,2
P00156,2026-05-02,29,364.8,12.58,4.88,6,4,1
P00156,2026-06-01,31,392.5,12.66,2.13,4,4,0
P00156,2026-07-02,29,353.7,12.2,1.98,9,4,1
P00156,2026-08-01,28,330.8,11.81,4.03,7,4,0
P00157,2024-08-31,26,353.9,13.61,2.62,6,4,2
P00157,2024-09-30,27,370.9,13.74,4.33,2,4,1
P00157,2024-10-31,31,419.3,13.53,0.2,7,4,1
P00157,2024-11-30,31,447.4,14.43,2.97,4,4,0
P00157,2024-12-31,27,364.7,13.51,2.74,7,4,1
P00157,2025-01-30,30,426.6,14.22,4.7,6,4,3
P00157,2025-03-02,29,387.0,13.35,2.03,9,4,1
P00157,2025-04-01,27,365.1,13.52,2.65,6,4,0
P00157,2025-05-01,27,378.0,14.0,1.19,4,4,3
P00157,2025-06-01,30,385.0,12.83,0.42,6,4,2
P00157,2025-07-01,30,407.8,13.59,1.52,7,4,2
P00157,2025-08-01,31,383.7,12.38,1.7,5,4,2
P00157,2025-08-31,31,398.0,12.84,1.78,6,4,0
P00157,2025-10-01,29,397.4,13.7,1.82,2,4,0
P00157,2025-10-31,28,378.6,13.52,3.12,7,4,0
P00157,2025-12-01,27,366.2,13.56,2.71,5,4,0
P00157,2025-12-31,31,434.8,14.02,1.27,8,4,1
P00157,2026-01-30,30,394.4,13.15,0.46,6,4,0
P00157,2026-03-02,29,374.5,12.91,2.0,6,4,1
P00157,2026-04-01,30,407.5,13.58,0.81,3,4,3
P00157,2026-05-02,27,349.2,12.93,2.06,5,4,0
P00157,2026-06-01,27,359.7,13.32,2.25,5,4,0
P00157,2026-07-02,31,403.6,13.02,0.58,10,4,0
P00157,2026-08-01,30,409.5,13.65,3.72,5,4,3
P00158,2024-08-31,27,396.9,14.7,0.48,5,4,4
P00158,2024-09-30,29,419.2,14.46,0.2,5,4,2
P00158,2024-10-31,30,407.1,13.57,1.09,6,4,2
P00158,2024-11-30,27,373.2,13.82,0.48,9,4,3
P00158,2024-12-31,27,366.7,13.58,1.07,6,4,4
P00158,2025-01-30,28,414.2,14.79,0.67,4,4,3
P00158,2025-03-02,28,387.6,13.84,0.25,2,4,3
P00158,2025-04-01,29,424.2,14.63,1.44,7,4,4
P00158,2025-05-01,28,388.1,13.86,0.2,3,4,3
P00158,2025-06-01,26,352.6,13.56,0.5,4,4,3
P00158,2025-07-01,28,380.6,13.59,0.46,9,4,4
P00158,2025-08-01,28,354.5,12.66,0.49,6,4,4
P00158,2025-08-31,30,417.7,13.92,1.66,2,4,4
P00158,2025-10-01,29,380.3,13.11,0.97,4,4,4
P00158,2025-10-31,28,375.6,13.41,1.81,9,4,3
P00158,2025-12-01,27,376.7,13.95,0.22,5,4,4
P00158,2025-12-31,28,397.3,14.19,0.33,3,4,3
P00158,2026-01-30,27,381.3,14.12,0.2,4,4,4
P00158,2026-03-02,27,373.0,13.81,0.4,6,4,3
P00158,2026-04-01,26,372.3,14.32,0.31,5,4,4
P00158,2026-05-02,30,408.1,13.6,0.73,3,4,2
P00158,2026-06-01,28,387.3,13.83,0.99,3,4,4
P00158,2026-07-02,28,375.4,13.41,0.25,3,4,2
P00158,2026-08-01,29,426.9,14.72,0.92,6,4,3
P00159,2024-08-31,26,222.1,8.54,5.32,6,4,1
P00159,2024-09-30,27,219.6,8.13,0.84,6,4,4
P00159,2024-10-31,26,211.5,8.13,1.19,4,4,2
P00159,2024-11-30,30,239.0,7.97,1.65,6,4,4
P00159,2024-12-31,29,228.2,7.87,6.0,7,4,3
P00159,2025-01-30,30,250.4,8.35,2.3,2,4,1
P00159,2025-03-02,29,255.8,8.82,2.47,9,4,2
P00159,2025-04-01,26,205.9,7.92,4.3,4,4,4
P00159,2025-05-01,29,229.3,7.91,2.82,10,4,1
P00159,2025-06-01,28,235.2,8.4,3.56,7,4,2
P00159,2025-07-01,28,217.7,7.77,1.32,7,4,3
P00159,2025-08-01,28,221.0,7.89,2.54,6,4,4
P00159,2025-08-31,29,238.4,8.22,4.2,5,4,3
P00159,2025-10-01,29,249.2,8.59,2.09,3,4,4
P00159,2025-10-31,31,255.2,8.23,0.97,6,4,3
P00159,2025-12-01,28,219.5,7.84,2.84,6,4,1
P00159,2025-12-31,31,240.2,7.75,3.02,3,4,2
P00159,2026-01-30,28,219.1,7.82,0.84,6,4,1
P00159,2026-03-02,28,236.5,8.45,6.0,7,4,2
P00159,2026-04-01,30,255.6,8.52,3.59,7,4,2
P00159,2026-05-02,28,218.7,7.81,0.29,5,4,2
P00159,2026-06-01,30,222.4,7.41,1.55,3,4,1
P00159,2026-07-02,27,210.2,7.78,1.08,3,4,2
P00159,2026-08-01,25,207.5,8.3,2.58,5,4,3
P00160,2024-08-31,31,385.7,12.44,3.33,2,4,1
P00160,2024-09-30,28,383.6,13.7,3.2,5,4,1
P00160,2024-10-31,27,362.8,13.44,1.85,4,4,1
P00160,2024-11-30,28,386.1,13.79,1.11,6,4,0
P00160,2024-12-31,28,365.9,13.07,1.87,7,4,1
P00160,2025-01-30,27,369.3,13.68,4.72,9,4,2
P00160,2025-03-02,28,372.4,13.3,2.31,7,4,1
P00160,2025-04-01,28,379.7,13.56,2.08,9,4,1
P00160,2025-05-01,29,374.8,12.92,5.75,6,4,2
P00160,2025-06-01,30,381.2,12.71,0.2,6,4,0
P00160,2025-07-01,29,377.1,13.0,0.28,10,4,0
P00160,2025-08-01,29,353.4,12.18,1.14,8,4,1
P00160,2025-08-31,27,341.4,12.64,4.37,8,4,0
P00160,2025-10-01,29,355.4,12.26,5.19,6,4,0
P00160,2025-10-31,29,353.4,12.19,2.2,4,4,0
P00160,2025-12-01,27,334.4,12.39,6.0,6,4,1
P00160,2025-12-31,28,370.1,13.22,2.75,6,4,0
P00160,2026-01-30,28,365.8,13.06,3.49,3,4,0
P00160,2026-03-02,31,422.5,13.63,0.89,6,4,4
P00160,2026-04-01,27,363.4,13.46,3.5,6,4,1
P00160,2026-05-02,27,356.1,13.19,2.62,10,4,0
P00160,2026-06-01,31,439.7,14.19,3.56,6,4,2
P00160,2026-07-02,28,382.7,13.67,4.6,5,4,0
P00160,2026-08-01,31,417.8,13.48,1.35,6,4,1
P00161,2024-08-31,27,345.9,12.81,1.34,5,4,2
P00161,2024-09-30,25,321.2,12.85,3.08,1,4,1
P00161,2024-10-31,31,374.2,12.07,4.46,9,4,2
P00161,2024-11-30,25,317.3,12.69,1.34,4,4,1
P00161,2024-12-31,25,312.0,12.48,0.52,5,4,1
P00161,2025-01-30,28,342.7,12.24,0.81,4,4,0
P00161,2025-03-02,29,366.2,12.63,1.33,3,4,1
P00161,2025-04-01,26,336.2,12.93,0.55,6,4,1
P00161,2025-05-01,28,386.9,13.82,1.76,6,4,1
P00161,2025-06-01,29,386.8,13.34,2.29,7,4,2
P00161,2025-07-01,29,382.7,13.2,0.28,3,4,1
P00161,2025-08-01,29,367.8,12.68,1.26,3,4,1
P00161,2025-08-31,29,365.1,12.59,3.25,2,4,1
P00161,2025-10-01,25,319.3,12.77,1.5,2,4,1
P00161,2025-10-31,27,332.7,12.32,1.12,4,4,2
P00161,2025-12-01,24,304.2,12.68,0.21,4,4,0
P00161,2025-12-31,27,350.9,13.0,5.28,3,4,1
P00161,2026-01-30,25,318.1,12.72,0.2,4,4,0
P00161,2026-03-02,29,356.8,12.3,0.58,11,4,0
P00161,2026-04-01,28,340.6,12.16,3.07,2,4,1
P00161,2026-05-02,28,363.6,12.99,1.19,4,4,0
P00161,2026-06-01,28,353.1,12.61,0.72,3,4,1
P00161,2026-07-02,31,387.6,12.5,1.37,6,4,1
P00161,2026-08-01,29,369.8,12.75,0.69,3,4,0
P00162,2024-08-31,31,420.0,13.55,3.7,5,4,1
P00162,2024-09-30,30,417.2,13.91,1.3,7,4,3
P00162,2024-10-31,28,388.2,13.87,1.88,12,4,2
P00162,2024-11-30,29,400.9,13.83,5.58,7,4,1
P00162,2024-12-31,31,453.2,14.62,1.37,5,4,0
P00162,2025-01-30,29,414.8,14.3,2.03,4,4,0
P00162,2025-03-02,31,455.0,14.68,3.23,5,4,2
P00162,2025-04-01,31,438.5,14.14,3.56,5,4,2
P00162,2025-05-01,29,399.0,13.76,2.81,8,4,0
P00162,2025-06-01,30,428.2,14.27,3.36,10,4,1
P00162,2025-07-01,29,408.8,14.1,1.76,1,4,2
P00162,2025-08-01,30,401.2,13.37,3.31,5,4,2
P00162,2025-08-31,30,422.0,14.07,4.34,6,4,1
P00162,2025-10-01,31,438.7,14.15,2.24,5,4,0
P00162,2025-10-31,31,440.1,14.2,3.38,5,4,0
P00162,2025-12-01,30,433.2,14.44,0.73,6,4,2
P00162,2025-12-31,30,441.0,14.7,1.62,4,4,0
P00162,2026-01-30,28,400.8,14.32,1.39,3,4,2
P00162,2026-03-02,31,446.1,14.39,0.71,10,4,1
P00162,2026-04-01,28,414.0,14.79,1.65,4,4,0
P00162,2026-05-02,30,420.3,14.01,4.8,6,4,2
P00162,2026-06-01,28,390.7,13.96,1.89,3,4,0
P00162,2026-07-02,28,408.4,14.59,0.4,2,4,1
P00162,2026-08-01,29,429.1,14.8,4.63,9,4,2
P00163,2024-08-31,30,263.3,8.78,5.23,5,4,1
P00163,2024-09-30,29,264.7,9.13,1.09,5,4,3
P00163,2024-10-31,30,260.5,8.68,1.51,4,4,1
P00163,2024-11-30,29,249.5,8.6,1.78,7,4,1
P00163,2024-12-31,31,266.2,8.59,1.64,7,4,2
P00163,2025-01-30,29,254.8,8.79,2.97,11,4,1
P00163,2025-03-02,28,235.6,8.41,4.27,7,4,2
P00163,2025-04-01,30,259.4,8.65,0.71,5,4,2
P00163,2025-05-01,28,238.7,8.52,0.56,7,4,1
P00163,2025-06-01,30,253.4,8.45,2.92,3,4,3
P00163,2025-07-01,29,241.0,8.31,1.45,5,4,2
P00163,2025-08-01,31,253.9,8.19,3.72,12,4,3
P00163,2025-08-31,28,243.9,8.71,1.67,8,4,4
P00163,2025-10-01,28,246.0,8.79,1.7,4,4,2
P00163,2025-10-31,28,246.6,8.81,3.79,3,4,1
P00163,2025-12-01,30,239.8,7.99,1.22,3,4,2
P00163,2025-12-31,28,233.4,8.34,0.98,8,4,2
P00163,2026-01-30,25,220.8,8.83,2.78,3,4,2
P00163,2026-03-02,29,248.2,8.56,2.48,4,4,2
P00163,2026-04-01,31,243.2,7.85,2.9,4,4,1
P00163,2026-05-02,28,213.8,7.64,2.57,4,4,1
P00163,2026-06-01,29,226.0,7.79,2.13,7,4,0
P00163,2026-07-02,27,231.0,8.55,2.83,9,4,3
P00163,2026-08-01,29,233.9,8.06,2.66,7,4,3
P00164,2024-08-31,29,341.8,11.79,0.38,6,4,0
P00164,2024-09-30,27,356.7,13.21,0.99,5,4,2
P00164,2024-10-31,28,367.0,13.11,2.93,3,4,0
P00164,2024-11-30,23,302.9,13.17,2.68,5,4,0
P00164,2024-12-31,30,376.4,12.55,0.67,6,4,1
P00164,2025-01-30,26,333.3,12.82,1.9,8,4,0
P00164,2025-03-02,28,343.9,12.28,5.64,5,4,1
P00164,2025-04-01,28,355.7,12.71,0.64,8,4,1
P00164,2025-05-01,28,369.3,13.19,4.89,4,4,1
P00164,2025-06-01,26,325.9,12.54,1.69,3,4,1
P00164,2025-07-01,26,338.7,13.03,1.38,0,4,0
P00164,2025-08-01,26,326.7,12.56,1.34,2,4,1
P00164,2025-08-31,28,382.0,13.64,1.68,5,4,1
P00164,2025-10-01,29,395.7,13.64,1.75,4,4,3
P00164,2025-10-31,30,396.1,13.2,1.21,4,4,0
P00164,2025-12-01,27,368.9,13.66,4.07,5,4,2
P00164,2025-12-31,27,353.0,13.07,0.91,4,4,0
P00164,2026-01-30,28,368.9,13.17,1.73,2,4,2
P00164,2026-03-02,27,351.0,13.0,5.74,3,4,1
P00164,2026-04-01,27,353.1,13.08,1.32,2,4,0
P00164,2026-05-02,30,402.7,13.42,1.48,3,4,0
P00164,2026-06-01,26,333.0,12.81,0.74,3,4,0
P00164,2026-07-02,28,386.4,13.8,1.15,3,4,0
P00164,2026-08-01,28,377.8,13.49,2.61,3,4,1
P00165,2024-08-31,30,423.8,14.13,3.54,7,4,0
P00165,2024-09-30,30,412.3,13.74,0.47,8,4,1
P00165,2024-10-31,29,391.7,13.51,2.3,5,4,1
P00165,2024-11-30,29,394.7,13.61,1.83,11,4,0
P00165,2024-12-31,29,394.1,13.59,0.39,7,4,1
P00165,2025-01-30,31,390.3,12.59,1.64,3,4,1
P00165,2025-03-02,28,383.5,13.7,2.05,6,4,0
P00165,2025-04-01,28,364.4,13.01,1.1,4,4,0
P00165,2025-05-01,29,399.4,13.77,1.74,9,4,1
P00165,2025-06-01,27,367.2,13.6,5.18,9,4,0
P00165,2025-07-01,29,391.5,13.5,5.39,9,4,3
P00165,2025-08-01,30,410.4,13.68,3.0,8,4,0
P00165,2025-08-31,29,383.1,13.21,1.76,7,4,0
P00165,2025-10-01,31,435.7,14.05,2.45,3,4,0
P00165,2025-10-31,30,388.6,12.95,1.13,13,4,0
P00165,2025-12-01,30,414.5,13.82,2.37,7,4,0
P00165,2025-12-31,30,394.6,13.15,3.5,7,4,0
P00165,2026-01-30,29,386.4,13.33,1.62,4,4,0
P00165,2026-03-02,28,352.3,12.58,1.52,7,4,0
P00165,2026-04-01,27,366.3,13.57,0.73,10,4,3
P00165,2026-05-02,29,390.6,13.47,3.86,7,4,1
P00165,2026-06-01,30,394.7,13.16,2.0,9,4,1
P00165,2026-07-02,31,419.9,13.55,1.65,3,4,2
P00165,2026-08-01,28,367.3,13.12,5.92,8,4,0
P00166,2024-08-31,25,320.0,12.8,5.04,4,4,3
P00166,2024-09-30,27,356.9,13.22,2.94,6,4,3
P00166,2024-10-31,26,330.2,12.7,0.89,4,4,1
P00166,2024-11-30,27,356.1,13.19,0.52,6,4,1
P00166,2024-12-31,26,331.7,12.76,2.84,11,4,0
P00166,2025-01-30,28,360.5,12.88,4.41,4,4,1
P00166,2025-03-02,27,358.1,13.26,0.77,4,4,1
P00166,2025-04-01,27,358.2,13.27,1.83,3,4,0
P00166,2025-05-01,26,339.3,13.05,1.53,7,4,1
P00166,2025-06-01,29,380.6,13.12,1.67,3,4,1
P00166,2025-07-01,26,340.6,13.1,2.92,3,4,1
P00166,2025-08-01,27,370.4,13.72,1.72,4,4,0
P00166,2025-08-31,28,388.7,13.88,1.28,4,4,1
P00166,2025-10-01,28,401.8,14.35,1.49,5,4,0
P00166,2025-10-31,28,398.2,14.22,0.65,2,4,1
P00166,2025-12-01,27,393.9,14.59,0.49,3,4,1
P00166,2025-12-31,29,418.5,14.43,1.47,8,4,2
P00166,2026-01-30,29,412.1,14.21,1.51,4,4,0
P00166,2026-03-02,29,425.1,14.66,4.93,3,4,1
P00166,2026-04-01,27,395.1,14.63,2.18,6,4,1
P00166,2026-05-02,29,421.2,14.53,1.55,6,4,1
P00166,2026-06-01,27,403.4,14.94,3.55,5,4,1
P00166,2026-07-02,27,389.9,14.44,2.93,6,4,0
P00166,2026-08-01,27,389.4,14.42,2.11,3,4,0
P00167,2024-08-31,28,386.9,13.82,2.17,5,4,1
P00167,2024-09-30,30,435.9,14.53,0.26,13,4,1
P00167,2024-10-31,27,361.0,13.37,1.91,5,4,4
P00167,2024-11-30,31,435.9,14.06,6.0,6,4,2
P00167,2024-12-31,29,394.7,13.61,1.82,5,4,1
P00167,2025-01-30,30,391.9,13.06,0.9,9,4,1
P00167,2025-03-02,27,375.8,13.92,2.09,9,4,0
P00167,2025-04-01,26,356.3,13.71,1.29,7,4,1
P00167,2025-05-01,27,367.3,13.6,0.87,3,4,3
P00167,2025-06-01,28,389.0,13.89,4.23,7,4,2
P00167,2025-07-01,28,373.7,13.35,6.0,9,4,3
P00167,2025-08-01,28,379.9,13.57,1.22,3,4,0
P00167,2025-08-31,29,395.0,13.62,4.77,6,4,1
P00167,2025-10-01,29,390.1,13.45,5.86,8,4,1
P00167,2025-10-31,30,399.9,13.33,1.36,3,4,0
P00167,2025-12-01,31,423.8,13.67,2.69,7,4,2
P00167,2025-12-31,27,391.8,14.51,3.02,10,4,2
P00167,2026-01-30,27,376.1,13.93,1.2,4,4,2
P00167,2026-03-02,29,412.3,14.22,1.18,3,4,0
P00167,2026-04-01,29,427.6,14.74,0.49,7,4,1
P00167,2026-05-02,30,420.9,14.03,4.85,12,4,0
P00167,2026-06-01,31,447.1,14.42,6.0,6,4,0
P00167,2026-07-02,29,418.6,14.44,2.55,3,4,1
P00167,2026-08-01,31,457.6,14.76,6.0,8,4,0
P00168,2024-08-31,29,384.3,13.25,0.85,3,4,1
P00168,2024-09-30,29,387.3,13.35,1.29,4,4,1
P00168,2024-10-31,27,344.8,12.77,2.6,7,4,0
P00168,2024-11-30,26,326.2,12.55,4.46,4,4,1
P00168,2024-12-31,25,305.2,12.21,1.88,6,4,1
P00168,2025-01-30,27,343.5,12.72,2.32,5,4,0
P00168,2025-03-02,28,346.3,12.37,1.0,2,4,0
P00168,2025-04-01,26,329.8,12.68,2.13,2,4,1
P00168,2025-05-01,27,355.3,13.16,2.47,3,4,1
P00168,2025-06-01,30,391.3,13.04,3.18,3,4,2
P00168,2025-07-01,30,392.1,13.07,1.01,6,4,0
P00168,2025-08-01,31,398.8,12.87,6.0,5,4,1
P00168,2025-08-31,27,339.3,12.57,0.57,5,4,2
P00168,2025-10-01,29,390.2,13.45,5.11,8,4,1
P00168,2025-10-31,26,335.5,12.9,5.12,7,4,0
P00168,2025-12-01,26,343.0,13.19,2.27,3,4,1
P00168,2025-12-31,27,359.2,13.3,1.94,4,4,1
P00168,2026-01-30,28,377.1,13.47,4.91,4,4,0
P00168,2026-03-02,30,386.8,12.89,0.44,3,4,0
P00168,2026-04-01,30,385.1,12.84,1.58,9,4,0
P00168,2026-05-02,25,321.5,12.86,0.79,5,4,2
P00168,2026-06-01,29,372.7,12.85,1.1,4,4,1
P00168,2026-07-02,26,325.8,12.53,3.47,4,4,1
P00168,2026-08-01,28,348.8,12.46,1.25,4,4,0
P00169,2024-08-31,27,357.2,13.23,0.25,7,4,0
P00169,2024-09-30,28,357.8,12.78,1.37,4,4,1
P00169,2024-10-31,28,371.8,13.28,1.2,7,4,1
P00169,2024-11-30,25,326.2,13.05,1.65,5,4,0
P00169,2024-12-31,26,338.0,13.0,2.4,8,4,1
P00169,2025-01-30,29,360.7,12.44,0.82,11,4,0
P00169,2025-03-02,27,332.0,12.29,1.27,7,4,0
P00169,2025-04-01,28,338.8,12.1,0.38,7,4,0
P00169,2025-05-01,27,365.8,13.55,2.47,4,4,2
P00169,2025-06-01,28,350.2,12.51,2.83,7,4,0
P00169,2025-07-01,28,344.0,12.29,0.87,5,4,0
P00169,2025-08-01,24,313.7,13.07,1.61,2,4,1
P00169,2025-08-31,30,369.2,12.31,1.19,7,4,0
P00169,2025-10-01,27,291.7,10.8,2.39,4,4,1
P00169,2025-10-31,28,319.5,11.41,0.24,7,4,2
P00169,2025-12-01,29,352.5,12.16,0.56,0,4,0
P00169,2025-12-31,28,345.0,12.32,1.97,6,4,1
P00169,2026-01-30,28,339.9,12.14,2.08,2,4,0
P00169,2026-03-02,25,320.8,12.83,1.12,7,4,0
P00169,2026-04-01,24,310.1,12.92,6.0,1,4,2
P00169,2026-05-02,27,336.4,12.46,1.88,2,4,3
P00169,2026-06-01,30,358.1,11.94,3.86,6,4,0
P00169,2026-07-02,28,334.0,11.93,0.78,4,4,1
P00169,2026-08-01,28,325.2,11.62,0.72,4,4,0
P00170,2024-08-31,28,356.1,12.72,2.97,7,4,3
P00170,2024-09-30,28,356.4,12.73,3.85,2,4,3
P00170,2024-10-31,27,329.9,12.22,1.98,2,4,1
P00170,2024-11-30,29,366.1,12.62,1.89,4,4,1
P00170,2024-12-31,26,335.0,12.89,1.39,2,4,1
P00170,2025-01-30,30,394.9,13.16,1.32,4,4,2
P00170,2025-03-02,29,359.8,12.41,2.56,7,4,1
P00170,2025-04-01,30,372.1,12.4,0.39,5,4,0
P00170,2025-05-01,26,330.3,12.7,2.34,3,4,2
P00170,2025-06-01,29,384.4,13.26,1.05,4,4,1
P00170,2025-07-01,29,364.2,12.56,0.84,1,4,2
P00170,2025-08-01,31,400.1,12.9,1.31,5,4,1
P00170,2025-08-31,27,320.0,11.85,4.44,6,4,0
P00170,2025-10-01,27,340.2,12.6,1.31,4,4,1
P00170,2025-10-31,26,336.4,12.94,0.76,9,4,1
P00170,2025-12-01,28,357.5,12.77,1.96,2,4,1
P00170,2025-12-31,26,353.2,13.59,3.86,4,4,2
P00170,2026-01-30,28,364.9,13.03,0.42,2,4,0
P00170,2026-03-02,27,345.8,12.81,0.98,6,4,1
P00170,2026-04-01,29,375.6,12.95,2.51,5,4,2
P00170,2026-05-02,26,314.4,12.09,0.78,6,4,1
P00170,2026-06-01,29,353.0,12.17,0.43,5,4,1
P00170,2026-07-02,29,387.4,13.36,4.52,5,4,1
P00170,2026-08-01,30,355.3,11.84,0.47,6,4,1
P00171,2024-08-31,29,382.9,13.2,0.64,7,4,1
P00171,2024-09-30,29,374.3,12.91,1.47,3,4,0
P00171,2024-10-31,29,364.1,12.56,3.13,4,4,1
P00171,2024-11-30,30,375.5,12.52,0.28,5,4,0
P00171,2024-12-31,30,371.0,12.37,0.66,7,4,1
P00171,2025-01-30,30,370.8,12.36,1.79,6,4,0
P00171,2025-03-02,29,317.0,10.93,4.31,11,4,1
P00171,2025-04-01,27,331.7,12.28,0.31,4,4,1
P00171,2025-05-01,24,281.2,11.72,3.38,6,4,1
P00171,2025-06-01,31,347.8,11.22,1.54,3,4,0
P00171,2025-07-01,24,267.6,11.15,5.48,3,4,2
P00171,2025-08-01,30,348.6,11.62,5.07,7,4,3
P00171,2025-08-31,27,306.4,11.35,4.98,4,4,0
P00171,2025-10-01,31,373.8,12.06,1.7,8,4,1
P00171,2025-10-31,31,344.1,11.1,4.94,6,4,1
P00171,2025-12-01,29,346.3,11.94,1.9,4,4,1
P00171,2025-12-31,27,309.5,11.46,4.31,4,4,1
P00171,2026-01-30,27,325.3,12.05,0.88,2,4,3
P00171,2026-03-02,27,318.0,11.78,4.16,5,4,0
P00171,2026-04-01,28,339.8,12.14,2.06,6,4,0
P00171,2026-05-02,26,306.2,11.78,2.95,7,4,1
P00171,2026-06-01,29,332.0,11.45,4.39,4,4,1
P00171,2026-07-02,27,339.3,12.57,0.9,2,4,0
P00171,2026-08-01,29,332.0,11.45,4.47,2,4,1
P00172,2024-08-31,31,291.7,9.41,1.16,4,4,2
P00172,2024-09-30,29,250.3,8.63,3.58,10,4,3
P00172,2024-10-31,28,255.7,9.13,2.2,9,4,0
P00172,2024-11-30,29,248.9,8.58,0.51,9,4,3
P00172,2024-12-31,31,266.4,8.59,1.52,6,4,1
P00172,2025-01-30,30,248.5,8.28,2.12,4,4,2
P00172,2025-03-02,30,231.9,7.73,1.97,12,4,4
P00172,2025-04-01,30,234.3,7.81,1.78,8,4,3
P00172,2025-05-01,29,232.5,8.02,4.87,8,4,3
P00172,2025-06-01,30,245.9,8.2,5.24,4,4,1
P00172,2025-07-01,29,248.5,8.57,1.92,2,4,0
P00172,2025-08-01,26,227.6,8.75,0.2,7,4,2
P00172,2025-08-31,30,234.4,7.81,3.23,8,4,2
P00172,2025-10-01,31,268.1,8.65,2.01,6,4,3
P00172,2025-10-31,28,240.3,8.58,2.85,2,4,3
P00172,2025-12-01,28,254.8,9.1,1.52,9,4,3
P00172,2025-12-31,27,252.9,9.37,0.2,8,4,4
P00172,2026-01-30,28,236.2,8.44,3.04,6,4,3
P00172,2026-03-02,28,236.3,8.44,2.5,3,4,2
P00172,2026-04-01,31,249.2,8.04,1.54,5,4,2
P00172,2026-05-02,28,235.7,8.42,3.69,5,4,2
P00172,2026-06-01,30,231.0,7.7,0.39,10,4,2
P00172,2026-07-02,28,240.7,8.6,0.96,5,4,2
P00172,2026-08-01,28,246.8,8.81,0.42,13,4,4
P00173,2024-08-31,29,387.6,13.37,3.32,8,4,3
P00173,2024-09-30,29,398.3,13.73,3.45,3,4,0
P00173,2024-10-31,29,391.2,13.49,6.0,6,4,0
P00173,2024-11-30,29,391.2,13.49,0.45,9,4,1
P00173,2024-12-31,31,427.6,13.79,5.47,3,4,0
P00173,2025-01-30,31,425.3,13.72,2.01,6,4,0
P00173,2025-03-02,27,366.2,13.56,0.93,7,4,1
P00173,2025-04-01,30,400.7,13.36,4.31,5,4,0
P00173,2025-05-01,29,439.0,15.14,2.44,6,4,1
P00173,2025-06-01,29,433.3,14.94,1.14,7,4,1
P00173,2025-07-01,31,464.2,14.98,0.36,3,4,1
P00173,2025-08-01,30,439.0,14.63,2.12,8,4,2
P00173,2025-08-31,26,398.2,15.31,2.98,5,4,0
P00173,2025-10-01,30,448.8,14.96,0.43,9,4,0
P00173,2025-10-31,26,392.4,15.09,6.0,6,4,1
P00173,2025-12-01,29,453.3,15.63,4.0,8,4,1
P00173,2025-12-31,29,445.6,15.37,2.15,4,4,0
P00173,2026-01-30,29,430.4,14.84,1.54,8,4,0
P00173,2026-03-02,30,448.4,14.95,6.0,9,4,0
P00173,2026-04-01,30,456.6,15.22,3.32,5,4,1
P00173,2026-05-02,28,413.0,14.75,3.21,7,4,1
P00173,2026-06-01,29,435.8,15.03,3.31,11,4,0
P00173,2026-07-02,31,463.6,14.95,2.3,4,4,0
P00173,2026-08-01,29,455.6,15.71,2.19,9,4,2
P00174,2024-08-31,29,375.9,12.96,4.53,3,4,0
P00174,2024-09-30,23,307.8,13.38,0.58,3,4,1
P00174,2024-10-31,26,334.5,12.87,2.15,4,4,0
P00174,2024-11-30,26,344.8,13.26,0.79,7,4,1
P00174,2024-12-31,30,385.4,12.85,1.61,0,4,1
P00174,2025-01-30,23,320.6,13.94,1.57,5,4,1
P00174,2025-03-02,29,391.6,13.51,0.96,2,4,1
P00174,2025-04-01,26,353.8,13.61,4.29,3,4,1
P00174,2025-05-01,29,387.2,13.35,0.54,4,4,1
P00174,2025-06-01,29,382.9,13.2,3.19,2,4,2
P00174,2025-07-01,25,327.6,13.1,1.46,2,4,1
P00174,2025-08-01,24,327.3,13.64,3.18,4,4,0
P00174,2025-08-31,28,370.2,13.22,0.77,4,4,0
P00174,2025-10-01,30,378.6,12.62,1.5,1,4,0
P00174,2025-10-31,29,370.2,12.77,1.44,4,4,2
P00174,2025-12-01,28,342.4,12.23,0.45,7,4,1
P00174,2025-12-31,27,342.4,12.68,1.87,4,4,2
P00174,2026-01-30,28,352.4,12.58,0.56,3,4,0
P00174,2026-03-02,28,339.2,12.11,0.3,2,4,1
P00174,2026-04-01,31,388.1,12.52,2.36,5,4,0
P00174,2026-05-02,28,337.9,12.07,1.06,3,4,1
P00174,2026-06-01,30,363.5,12.12,1.27,7,4,1
P00174,2026-07-02,27,329.8,12.21,2.72,1,4,1
P00174,2026-08-01,26,327.8,12.61,1.07,4,4,1
P00175,2024-08-31,31,416.9,13.45,1.14,5,4,1
P00175,2024-09-30,29,368.2,12.7,4.37,5,4,1
P00175,2024-10-31,29,373.4,12.87,3.17,5,4,0
P00175,2024-11-30,26,351.7,13.53,1.73,3,4,0
P00175,2024-12-31,29,414.8,14.3,2.99,9,4,1
P00175,2025-01-30,31,441.2,14.23,0.9,3,4,2
P00175,2025-03-02,30,438.7,14.62,4.4,5,4,1
P00175,2025-04-01,28,377.6,13.48,0.49,13,4,1
P00175,2025-05-01,30,403.9,13.46,6.0,2,4,2
P00175,2025-06-01,28,388.0,13.86,3.91,10,4,1
P00175,2025-07-01,29,458.2,15.8,6.0,8,4,1
P00175,2025-08-01,29,418.2,14.42,1.17,8,4,0
P00175,2025-08-31,31,459.6,14.83,2.79,6,4,1
P00175,2025-10-01,29,408.2,14.08,6.0,10,4,1
P00175,2025-10-31,25,330.2,13.21,4.67,7,4,1
P00175,2025-12-01,30,428.7,14.29,1.86,6,4,1
P00175,2025-12-31,29,433.4,14.95,0.63,5,4,0
P00175,2026-01-30,29,430.8,14.86,0.72,5,4,1
P00175,2026-03-02,29,414.1,14.28,0.49,5,4,1
P00175,2026-04-01,30,439.0,14.63,2.94,7,4,1
P00175,2026-05-02,27,396.7,14.69,2.39,9,4,0
P00175,2026-06-01,30,446.2,14.87,1.65,5,4,2
P00175,2026-07-02,26,388.1,14.93,0.57,6,4,1
P00175,2026-08-01,29,413.5,14.26,2.1,7,4,0
P00176,2024-08-31,27,345.1,12.78,1.88,3,4,2
P00176,2024-09-30,30,397.0,13.23,0.45,6,4,1
P00176,2024-10-31,28,378.2,13.51,1.49,5,4,0
P00176,2024-11-30,29,385.2,13.28,1.06,8,4,1
P00176,2024-12-31,29,386.9,13.34,3.24,6,4,1
P00176,2025-01-30,27,355.1,13.15,6.0,6,4,2
P00176,2025-03-02,28,393.2,14.04,1.68,6,4,0
P00176,2025-04-01,29,411.0,14.17,4.29,4,4,1
P00176,2025-05-01,26,337.1,12.96,1.86,5,4,1
P00176,2025-06-01,28,404.6,14.45,2.29,7,4,0
P00176,2025-07-01,28,388.1,13.86,2.09,7,4,0
P00176,2025-08-01,31,451.4,14.56,2.05,6,4,1
P00176,2025-08-31,27,388.5,14.39,2.6,3,4,0
P00176,2025-10-01,28,396.6,14.16,0.59,7,4,0
P00176,2025-10-31,29,406.6,14.02,3.54,5,4,0
P00176,2025-12-01,28,381.2,13.61,1.72,3,4,0
P00176,2025-12-31,29,423.2,14.59,1.46,1,4,0
P00176,2026-01-30,29,402.5,13.88,2.62,6,4,0
P00176,2026-03-02,28,378.1,13.5,1.21,6,4,1
P00176,2026-04-01,28,382.8,13.67,4.22,6,4,0
P00176,2026-05-02,28,379.8,13.56,0.26,7,4,2
P00176,2026-06-01,29,385.0,13.27,2.45,5,4,0
P00176,2026-07-02,29,397.6,13.71,1.06,9,4,2
P00176,2026-08-01,28,376.2,13.44,0.41,6,4,2
P00177,2024-08-31,28,370.4,13.23,1.11,5,4,0
P00177,2024-09-30,26,336.8,12.95,1.69,11,4,0
P00177,2024-10-31,30,373.8,12.46,0.88,6,4,1
P00177,2024-11-30,27,348.3,12.9,4.02,5,4,0
P00177,2024-12-31,29,376.0,12.97,0.72,8,4,1
P00177,2025-01-30,29,362.0,12.48,1.52,5,4,0
P00177,2025-03-02,31,381.5,12.31,6.0,5,4,0
P00177,2025-04-01,28,343.6,12.27,5.7,8,4,3
P00177,2025-05-01,30,379.9,12.66,1.98,10,4,0
P00177,2025-06-01,29,403.9,13.93,3.14,3,4,1
P00177,2025-07-01,30,383.1,12.77,4.32,4,4,1
P00177,2025-08-01,27,331.2,12.27,3.9,11,4,1
P00177,2025-08-31,28,336.6,12.02,4.66,3,4,1
P00177,2025-10-01,29,370.5,12.77,2.47,2,4,1
P00177,2025-10-31,28,341.7,12.2,2.97,4,4,1
P00177,2025-12-01,31,395.9,12.77,3.76,4,4,0
P00177,2025-12-31,29,352.2,12.14,4.76,10,4,0
P00177,2026-01-30,28,337.3,12.05,2.83,7,4,0
P00177,2026-03-02,28,357.6,12.77,2.02,7,4,0
P00177,2026-04-01,31,413.7,13.34,2.44,5,4,1
P00177,2026-05-02,31,393.8,12.7,0.46,3,4,1
P00177,2026-06-01,27,348.3,12.9,3.27,6,4,2
P00177,2026-07-02,28,384.0,13.71,1.88,10,4,0
P00177,2026-08-01,27,378.7,14.03,3.24,8,4,0
P00178,2024-08-31,29,256.7,8.85,3.59,7,4,3
P00178,2024-09-30,31,268.0,8.64,0.77,4,4,1
P00178,2024-10-31,27,227.6,8.43,1.39,8,4,3
P00178,2024-11-30,27,239.1,8.86,5.98,8,4,2
P00178,2024-12-31,29,254.2,8.76,1.4,5,4,3
P00178,2025-01-30,31,297.4,9.59,1.07,6,4,2
P00178,2025-03-02,29,276.8,9.55,5.42,5,4,1
P00178,2025-04-01,31,284.5,9.18,0.98,6,4,3
P00178,2025-05-01,30,262.7,8.76,4.69,6,4,2
P00178,2025-06-01,29,276.2,9.53,2.36,13,4,1
P00178,2025-07-01,26,243.4,9.36,1.31,10,4,2
P00178,2025-08-01,27,244.4,9.05,5.06,3,4,2
P00178,2025-08-31,29,278.0,9.59,2.62,4,4,2
P00178,2025-10-01,30,271.1,9.04,5.54,6,4,2
P00178,2025-10-31,29,262.1,9.04,0.34,6,4,4
P00178,2025-12-01,28,276.2,9.87,0.25,4,4,2
P00178,2025-12-31,29,274.9,9.48,2.82,7,4,3
P00178,2026-01-30,27,252.5,9.35,6.0,6,4,3
P00178,2026-03-02,28,248.3,8.87,6.0,7,4,1
P00178,2026-04-01,30,298.0,9.93,2.44,7,4,3
P00178,2026-05-02,28,255.7,9.13,0.97,7,4,0
P00178,2026-06-01,29,277.0,9.55,5.2,6,4,2
P00178,2026-07-02,29,300.7,10.37,1.76,10,4,2
P00178,2026-08-01,31,288.3,9.3,4.24,6,4,0
P00179,2024-08-31,27,197.2,7.3,2.62,0,4,2
P00179,2024-09-30,26,227.4,8.75,0.94,0,4,2
P00179,2024-10-31,29,220.6,7.61,0.26,5,4,4
P00179,2024-11-30,26,206.7,7.95,1.47,4,4,3
P00179,2024-12-31,28,218.2,7.79,1.55,3,4,4
P00179,2025-01-30,30,250.4,8.35,2.18,2,4,2
P00179,2025-03-02,28,202.6,7.23,1.19,4,4,2
P00179,2025-04-01,27,204.6,7.58,0.2,6,4,3
P00179,2025-05-01,25,181.7,7.27,2.58,5,4,2
P00179,2025-06-01,25,197.1,7.88,0.98,5,4,2
P00179,2025-07-01,26,187.8,7.22,1.65,3,4,2
P00179,2025-08-01,25,176.3,7.05,2.48,4,4,2
P00179,2025-08-31,24,176.7,7.36,0.2,2,4,1
P00179,2025-10-01,27,192.3,7.12,1.97,1,4,2
P00179,2025-10-31,30,214.6,7.15,0.92,4,4,4
P00179,2025-12-01,28,211.0,7.54,4.25,3,4,1
P00179,2025-12-31,29,190.9,6.58,0.43,6,4,4
P00179,2026-01-30,27,172.5,6.39,2.1,3,4,1
P00179,2026-03-02,26,174.2,6.7,0.57,6,4,1
P00179,2026-04-01,28,174.5,6.23,0.62,4,4,2
P00179,2026-05-02,28,186.2,6.65,3.31,2,4,2
P00179,2026-06-01,27,183.4,6.79,0.24,5,4,3
P00179,2026-07-02,25,170.2,6.81,2.64,3,4,2
P00179,2026-08-01,23,141.8,6.17,3.28,3,4,3
P00180,2024-08-31,28,382.8,13.67,1.12,4,4,1
P00180,2024-09-30,31,416.1,13.42,2.53,7,4,2
P00180,2024-10-31,28,367.2,13.11,3.92,7,4,0
P00180,2024-11-30,28,359.2,12.83,0.78,6,4,0
P00180,2024-12-31,31,406.5,13.11,6.0,7,4,1
P00180,2025-01-30,27,370.2,13.71,1.92,5,4,0
P00180,2025-03-02,31,425.3,13.72,6.0,2,4,0
P00180,2025-04-01,31,446.9,14.42,4.86,4,4,0
P00180,2025-05-01,27,389.1,14.41,1.44,7,4,1
P00180,2025-06-01,31,428.0,13.81,2.46,7,4,0
P00180,2025-07-01,28,394.7,14.1,0.59,4,4,2
P00180,2025-08-01,28,404.5,14.45,6.0,8,4,2
P00180,2025-08-31,31,437.3,14.11,6.0,11,4,0
P00180,2025-10-01,29,407.9,14.06,3.6,9,4,1
P00180,2025-10-31,29,427.0,14.72,2.95,8,4,0
P00180,2025-12-01,31,429.8,13.87,2.0,4,4,1
P00180,2025-12-31,29,413.2,14.25,1.03,6,4,0
P00180,2026-01-30,31,464.5,14.98,4.25,6,4,0
P00180,2026-03-02,28,400.6,14.31,2.16,11,4,0
P00180,2026-04-01,31,448.5,14.47,0.55,8,4,0
P00180,2026-05-02,28,396.3,14.15,2.4,8,4,1
P00180,2026-06-01,31,445.2,14.36,2.05,7,4,1
P00180,2026-07-02,28,401.9,14.35,2.69,10,4,1
P00180,2026-08-01,31,453.2,14.62,1.03,7,4,0
P00181,2024-08-31,31,421.0,13.58,2.27,7,4,2
P00181,2024-09-30,29,377.5,13.02,3.33,8,4,1
P00181,2024-10-31,30,386.7,12.89,3.83,5,4,1
P00181,2024-11-30,31,406.9,13.13,0.49,6,4,1
P00181,2024-12-31,29,377.2,13.01,6.0,10,4,0
P00181,2025-01-30,27,365.3,13.53,1.14,5,4,2
P00181,2025-03-02,28,360.2,12.87,4.2,8,4,0
P00181,2025-04-01,29,384.8,13.27,3.12,8,4,1
P00181,2025-05-01,28,352.4,12.59,1.31,7,4,1
P00181,2025-06-01,30,407.5,13.58,2.11,8,4,1
P00181,2025-07-01,28,363.0,12.97,2.82,4,4,2
P00181,2025-08-01,28,350.3,12.51,2.6,10,4,2
P00181,2025-08-31,27,344.6,12.76,4.92,14,4,1
P00181,2025-10-01,29,371.0,12.79,6.0,4,4,0
P00181,2025-10-31,31,391.4,12.62,3.59,5,4,1
P00181,2025-12-01,29,366.1,12.62,5.27,6,4,0
P00181,2025-12-31,28,357.7,12.78,1.76,2,4,1
P00181,2026-01-30,28,360.9,12.89,0.71,8,4,0
P00181,2026-03-02,28,361.3,12.9,5.06,7,4,1
P00181,2026-04-01,28,355.1,12.68,1.92,14,4,1
P00181,2026-05-02,29,355.5,12.26,4.32,5,4,0
P00181,2026-06-01,29,372.6,12.85,2.12,3,4,0
P00181,2026-07-02,29,356.1,12.28,1.83,9,4,0
P00181,2026-08-01,29,380.1,13.11,1.76,7,4,0
P00182,2024-08-31,27,200.5,7.43,0.51,4,4,3
P00182,2024-09-30,28,253.3,9.05,0.88,7,4,2
P00182,2024-10-31,29,224.3,7.74,0.74,5,4,2
P00182,2024-11-30,26,215.9,8.3,2.01,1,4,3
P00182,2024-12-31,28,238.3,8.51,1.4,3,4,2
P00182,2025-01-30,27,229.7,8.51,2.39,3,4,2
P00182,2025-03-02,27,234.3,8.68,1.28,3,4,1
P00182,2025-04-01,29,248.2,8.56,1.4,9,4,3
P00182,2025-05-01,26,217.9,8.38,2.72,9,4,4
P00182,2025-06-01,31,262.5,8.47,1.07,7,4,4
P00182,2025-07-01,27,217.0,8.04,0.59,2,4,1
P00182,2025-08-01,25,187.9,7.52,2.77,8,4,1
P00182,2025-08-31,25,210.8,8.43,2.3,6,4,2
P00182,2025-10-01,29,225.1,7.76,1.13,3,4,3
P00182,2025-10-31,26,202.6,7.79,1.62,3,4,2
P00182,2025-12-01,30,253.4,8.45,0.47,5,4,1
P00182,2025-12-31,27,212.7,7.88,6.0,5,4,3
P00182,2026-01-30,28,215.2,7.69,2.57,5,4,3
P00182,2026-03-02,26,199.2,7.66,1.06,7,4,2
P00182,2026-04-01,27,192.9,7.14,3.07,7,4,2
P00182,2026-05-02,29,228.1,7.87,2.03,6,4,3
P00182,2026-06-01,28,213.5,7.62,1.71,2,4,3
P00182,2026-07-02,28,227.7,8.13,1.25,7,4,2
P00182,2026-08-01,28,209.3,7.48,3.01,6,4,1
P00183,2024-08-31,30,408.2,13.61,6.0,5,4,1
P00183,2024-09-30,29,393.7,13.58,0.99,11,4,1
P00183,2024-10-31,28,366.7,13.09,3.03,9,4,0
P00183,2024-11-30,30,399.4,13.31,3.86,8,4,1
P00183,2024-12-31,28,368.6,13.16,4.03,7,4,0
P00183,2025-01-30,29,379.6,13.09,0.36,7,4,1
P00183,2025-03-02,31,403.3,13.01,1.58,5,4,2
P00183,2025-04-01,31,394.0,12.71,1.82,7,4,2
P00183,2025-05-01,30,408.5,13.62,6.0,5,4,2
P00183,2025-06-01,29,378.2,13.04,2.19,7,4,0
P00183,2025-07-01,28,357.4,12.76,3.85,11,4,1
P00183,2025-08-01,29,372.5,12.85,2.59,7,4,0
P00183,2025-08-31,29,359.5,12.4,2.47,5,4,1
P00183,2025-10-01,31,378.0,12.19,3.97,5,4,0
P00183,2025-10-31,30,364.2,12.14,1.87,11,4,0
P00183,2025-12-01,29,351.3,12.11,6.0,11,4,1
P00183,2025-12-31,30,368.0,12.27,2.35,11,4,0
P00183,2026-01-30,30,367.5,12.25,1.81,6,4,1
P00183,2026-03-02,27,322.8,11.96,5.18,9,4,0
P00183,2026-04-01,31,365.0,11.77,2.77,9,4,0
P00183,2026-05-02,30,372.3,12.41,0.36,3,4,0
P00183,2026-06-01,29,362.1,12.49,1.57,4,4,1
P00183,2026-07-02,27,333.4,12.35,3.0,12,4,1
P00183,2026-08-01,26,307.7,11.84,1.41,7,4,0
P00184,2024-08-31,29,236.6,8.16,4.38,9,4,3
P00184,2024-09-30,31,277.0,8.94,0.83,8,4,4
P00184,2024-10-31,30,251.2,8.37,0.85,7,4,3
P00184,2024-11-30,29,243.2,8.39,2.03,3,4,3
P00184,2024-12-31,28,241.5,8.62,3.57,7,4,3
P00184,2025-01-30,27,259.6,9.61,1.58,4,4,2
P00184,2025-03-02,28,263.5,9.41,3.17,5,4,3
P00184,2025-04-01,29,251.0,8.66,3.43,4,4,3
P00184,2025-05-01,28,236.9,8.46,3.99,5,4,1
P00184,2025-06-01,27,239.5,8.87,2.95,9,4,2
P00184,2025-07-01,29,265.7,9.16,2.87,4,4,2
P00184,2025-08-01,30,258.2,8.61,2.8,7,4,2
P00184,2025-08-31,28,254.4,9.08,0.89,6,4,1
P00184,2025-10-01,28,244.4,8.73,2.36,5,4,2
P00184,2025-10-31,27,221.6,8.21,1.02,4,4,3
P00184,2025-12-01,26,221.4,8.51,4.35,3,4,3
P00184,2025-12-31,28,244.7,8.74,2.12,5,4,2
P00184,2026-01-30,27,226.4,8.39,1.13,7,4,3
P00184,2026-03-02,27,225.5,8.35,2.32,7,4,3
P00184,2026-04-01,27,234.2,8.67,0.89,5,4,1
P00184,2026-05-02,27,235.7,8.73,0.22,2,4,3
P00184,2026-06-01,27,201.7,7.47,1.07,2,4,4
P00184,2026-07-02,27,247.1,9.15,1.11,5,4,2
P00184,2026-08-01,27,209.6,7.76,2.41,5,4,4
P00185,2024-08-31,29,380.3,13.11,1.13,4,4,0
P00185,2024-09-30,29,362.2,12.49,1.76,1,4,2
P00185,2024-10-31,25,329.7,13.19,1.33,5,4,1
P00185,2024-11-30,25,320.2,12.81,0.53,3,4,0
P00185,2024-12-31,29,388.5,13.4,4.68,7,4,0
P00185,2025-01-30,28,380.1,13.57,2.4,5,4,1
P00185,2025-03-02,28,369.9,13.21,1.08,6,4,1
P00185,2025-04-01,30,389.4,12.98,0.37,3,4,1
P00185,2025-05-01,26,341.7,13.14,2.59,3,4,1
P00185,2025-06-01,27,388.6,14.39,1.23,3,4,0
P00185,2025-07-01,24,314.9,13.12,4.5,3,4,1
P00185,2025-08-01,27,360.2,13.34,2.67,2,4,0
P00185,2025-08-31,26,370.6,14.25,2.66,6,4,0
P00185,2025-10-01,30,427.3,14.24,0.8,4,4,0
P00185,2025-10-31,27,380.4,14.09,0.37,3,4,1
P00185,2025-12-01,30,434.5,14.48,1.65,9,4,2
P00185,2025-12-31,28,391.7,13.99,0.54,2,4,2
P00185,2026-01-30,27,384.0,14.22,1.82,6,4,1
P00185,2026-03-02,27,379.4,14.05,1.42,2,4,3
P00185,2026-04-01,25,360.5,14.42,0.54,5,4,0
P00185,2026-05-02,27,371.2,13.75,1.07,5,4,1
P00185,2026-06-01,26,363.0,13.96,0.68,6,4,1
P00185,2026-07-02,26,340.9,13.11,3.12,4,4,1
P00185,2026-08-01,28,395.7,14.13,1.75,5,4,0
P00186,2024-08-31,27,403.4,14.94,1.0,9,4,2
P00186,2024-09-30,31,460.3,14.85,4.29,4,4,0
P00186,2024-10-31,27,400.4,14.83,0.7,4,4,0
P00186,2024-11-30,29,419.0,14.45,1.07,7,4,0
P00186,2024-12-31,30,446.3,14.88,1.57,11,4,2
P00186,2025-01-30,29,420.7,14.51,2.38,2,4,0
P00186,2025-03-02,28,425.7,15.2,3.92,4,4,1
P00186,2025-04-01,31,427.7,13.8,0.69,5,4,1
P00186,2025-05-01,28,407.2,14.54,1.22,6,4,0
P00186,2025-06-01,31,470.9,15.19,1.94,14,4,1
P00186,2025-07-01,30,445.1,14.84,4.57,7,4,1
P00186,2025-08-01,28,413.7,14.78,1.93,5,4,2
P00186,2025-08-31,29,435.2,15.01,3.4,8,4,1
P00186,2025-10-01,30,451.6,15.05,1.69,5,4,1
P00186,2025-10-31,31,473.5,15.28,3.3,4,4,0
P00186,2025-12-01,30,452.3,15.08,3.23,8,4,0
P00186,2025-12-31,26,371.4,14.29,1.41,4,4,0
P00186,2026-01-30,29,422.4,14.57,1.88,7,4,0
P00186,2026-03-02,28,409.6,14.63,0.48,3,4,0
P00186,2026-04-01,29,429.6,14.81,1.34,6,4,1
P00186,2026-05-02,31,447.7,14.44,1.65,10,4,1
P00186,2026-06-01,31,453.6,14.63,0.43,8,4,1
P00186,2026-07-02,26,391.0,15.04,1.96,4,4,0
P00186,2026-08-01,31,471.7,15.22,0.64,9,4,1
P00187,2024-08-31,30,401.8,13.39,0.86,9,4,2
P00187,2024-09-30,30,418.1,13.94,4.35,6,4,1
P00187,2024-10-31,28,398.9,14.25,3.52,10,4,1
P00187,2024-11-30,29,403.6,13.92,6.0,0,4,0
P00187,2024-12-31,31,429.4,13.85,0.78,4,4,1
P00187,2025-01-30,29,422.4,14.57,1.84,11,4,0
P00187,2025-03-02,30,432.2,14.41,1.66,8,4,1
P00187,2025-04-01,31,445.7,14.38,0.95,6,4,0
P00187,2025-05-01,28,410.1,14.65,2.23,8,4,0
P00187,2025-06-01,31,430.9,13.9,6.0,4,4,0
P00187,2025-07-01,30,407.3,13.58,1.73,9,4,0
P00187,2025-08-01,30,431.2,14.37,1.22,10,4,0
P00187,2025-08-31,30,416.6,13.89,0.92,15,4,0
P00187,2025-10-01,28,394.8,14.1,0.31,8,4,0
P00187,2025-10-31,29,423.2,14.59,2.71,9,4,3
P00187,2025-12-01,31,458.2,14.78,0.24,10,4,1
P00187,2025-12-31,30,431.4,14.38,1.37,8,4,0
P00187,2026-01-30,29,432.0,14.9,1.76,5,4,0
P00187,2026-03-02,31,446.1,14.39,5.02,10,4,0
P00187,2026-04-01,28,402.3,14.37,1.8,8,4,0
P00187,2026-05-02,31,438.8,14.16,0.78,7,4,2
P00187,2026-06-01,24,352.2,14.67,6.0,8,4,2
P00187,2026-07-02,30,446.3,14.88,1.48,8,4,0
P00187,2026-08-01,26,377.3,14.51,6.0,8,4,1
P00188,2024-08-31,26,209.8,8.07,2.98,4,4,3
P00188,2024-09-30,28,227.5,8.12,1.59,5,4,3
P00188,2024-10-31,30,225.9,7.53,2.06,5,4,3
P00188,2024-11-30,24,180.5,7.52,1.35,3,4,2
P00188,2024-12-31,27,224.0,8.3,1.16,9,4,2
P00188,2025-01-30,27,200.7,7.43,0.83,4,4,2
P00188,2025-03-02,27,207.5,7.69,2.47,2,4,2
P00188,2025-04-01,26,215.3,8.28,1.32,4,4,3
P00188,2025-05-01,26,194.8,7.49,2.12,3,4,2
P00188,2025-06-01,29,196.0,6.76,2.71,3,4,2
P00188,2025-07-01,30,238.4,7.95,1.77,10,4,3
P00188,2025-08-01,27,201.5,7.46,2.12,4,4,4
P00188,2025-08-31,30,271.2,9.04,3.82,1,4,2
P00188,2025-10-01,26,202.4,7.78,2.22,4,4,3
P00188,2025-10-31,29,222.3,7.67,2.15,5,4,2
P00188,2025-12-01,30,251.2,8.37,1.45,5,4,1
P00188,2025-12-31,28,214.0,7.64,2.74,4,4,3
P00188,2026-01-30,25,198.3,7.93,2.7,6,4,3
P00188,2026-03-02,30,231.2,7.71,1.49,5,4,1
P00188,2026-04-01,28,223.2,7.97,6.0,2,4,2
P00188,2026-05-02,28,194.6,6.95,1.47,8,4,1
P00188,2026-06-01,26,202.8,7.8,1.42,0,4,3
P00188,2026-07-02,29,239.6,8.26,1.74,5,4,2
P00188,2026-08-01,27,224.1,8.3,0.39,5,4,3
P00189,2024-08-31,28,340.6,12.16,2.76,3,4,0
P00189,2024-09-30,28,345.8,12.35,4.04,3,4,1
P00189,2024-10-31,29,367.6,12.68,2.21,3,4,2
P00189,2024-11-30,27,337.1,12.48,0.94,4,4,1
P00189,2024-12-31,30,358.1,11.94,1.01,1,4,1
P00189,2025-01-30,24,299.3,12.47,0.9,1,4,2
P00189,2025-03-02,28,352.2,12.58,1.02,1,4,2
P00189,2025-04-01,25,315.0,12.6,0.33,3,4,1
P00189,2025-05-01,26,322.9,12.42,0.61,8,4,0
P00189,2025-06-01,29,369.8,12.75,1.21,5,4,1
P00189,2025-07-01,25,319.0,12.76,1.95,4,4,2
P00189,2025-08-01,28,346.2,12.37,1.43,3,4,0
P00189,2025-08-31,25,326.2,13.05,2.02,9,4,1
P00189,2025-10-01,26,338.9,13.03,1.87,4,4,1
P00189,2025-10-31,29,404.2,13.94,2.6,6,4,0
P00189,2025-12-01,27,361.6,13.39,1.78,1,4,1
P00189,2025-12-31,29,407.6,14.05,0.59,2,4,0
P00189,2026-01-30,30,395.2,13.17,0.7,6,4,0
P00189,2026-03-02,28,390.2,13.94,2.88,3,4,0
P00189,2026-04-01,28,384.7,13.74,0.42,2,4,0
P00189,2026-05-02,28,364.8,13.03,3.36,2,4,1
P00189,2026-06-01,27,330.9,12.26,1.09,1,4,1
P00189,2026-07-02,28,361.8,12.92,0.7,6,4,1
P00189,2026-08-01,26,327.4,12.59,1.77,3,4,1
P00190,2024-08-31,29,222.2,7.66,5.69,6,4,2
P00190,2024-09-30,31,242.8,7.83,0.2,6,4,3
P00190,2024-10-31,29,221.6,7.64,2.26,6,4,1
P00190,2024-11-30,29,211.5,7.29,4.65,3,4,4
P00190,2024-12-31,27,225.5,8.35,1.08,6,4,1
P00190,2025-01-30,26,186.7,7.18,3.8,7,4,3
P00190,2025-03-02,28,214.6,7.66,0.64,6,4,0
P00190,2025-04-01,30,241.5,8.05,0.9,1,4,2
P00190,2025-05-01,28,209.5,7.48,0.56,2,4,3
P00190,2025-06-01,28,210.1,7.5,0.2,1,4,3
P00190,2025-07-01,27,216.2,8.01,1.03,7,4,2
P00190,2025-08-01,28,215.2,7.69,2.74,4,4,3
P00190,2025-08-31,25,203.8,8.15,5.6,1,4,2
P00190,2025-10-01,26,205.1,7.89,1.91,2,4,2
P00190,2025-10-31,26,198.3,7.63,0.36,4,4,2
P00190,2025-12-01,25,191.3,7.65,1.68,2,4,4
P00190,2025-12-31,28,209.6,7.49,1.59,3,4,2
P00190,2026-01-30,29,214.2,7.39,1.47,5,4,3
P00190,2026-03-02,28,196.4,7.02,3.47,4,4,3
P00190,2026-04-01,27,187.5,6.94,0.2,4,4,2
P00190,2026-05-02,27,182.0,6.74,0.95,2,4,2
P00190,2026-06-01,28,200.5,7.16,1.96,7,4,3
P00190,2026-07-02,27,199.1,7.37,0.36,2,4,3
P00190,2026-08-01,29,193.8,6.68,1.64,1,4,3
P00191,2024-08-31,25,338.0,13.52,0.68,8,4,1
P00191,2024-09-30,29,382.4,13.19,1.84,8,4,1
P00191,2024-10-31,29,382.1,13.18,1.19,8,4,1
P00191,2024-11-30,28,399.0,14.25,1.9,5,4,1
P00191,2024-12-31,30,421.3,14.04,0.87,8,4,0
P00191,2025-01-30,28,396.2,14.15,6.0,2,4,2
P00191,2025-03-02,27,389.0,14.41,3.1,8,4,0
P00191,2025-04-01,26,374.4,14.4,0.32,1,4,0
P00191,2025-05-01,31,419.4,13.53,4.27,1,4,1
P00191,2025-06-01,28,403.0,14.39,3.2,10,4,1
P00191,2025-07-01,26,393.2,15.12,3.29,8,4,1
P00191,2025-08-01,25,371.6,14.86,1.17,8,4,0
P00191,2025-08-31,28,413.4,14.76,1.33,10,4,1
P00191,2025-10-01,29,424.0,14.62,0.52,6,4,1
P00191,2025-10-31,29,426.0,14.69,2.69,6,4,2
P00191,2025-12-01,30,453.6,15.12,6.0,7,4,0
P00191,2025-12-31,27,394.0,14.59,6.0,6,4,1
P00191,2026-01-30,30,441.4,14.71,2.35,3,4,1
P00191,2026-03-02,29,416.5,14.36,3.87,4,4,1
P00191,2026-04-01,25,376.0,15.04,1.46,6,4,0
P00191,2026-05-02,29,440.9,15.2,2.01,6,4,0
P00191,2026-06-01,28,408.7,14.59,0.43,10,4,2
P00191,2026-07-02,30,445.1,14.84,1.82,4,4,2
P00191,2026-08-01,25,385.8,15.43,1.59,3,4,1
P00192,2024-08-31,29,261.0,9.0,6.0,6,4,2
P00192,2024-09-30,27,228.7,8.47,4.34,5,4,2
P00192,2024-10-31,28,258.1,9.22,2.49,5,4,2
P00192,2024-11-30,26,237.5,9.14,2.32,8,4,1
P00192,2024-12-31,29,283.4,9.77,5.69,8,4,3
P00192,2025-01-30,28,260.3,9.3,5.29,3,4,0
P00192,2025-03-02,28,259.2,9.26,2.55,7,4,2
P00192,2025-04-01,29,258.1,8.9,1.51,6,4,3
P00192,2025-05-01,30,236.8,7.89,4.87,8,4,2
P00192,2025-06-01,31,270.2,8.72,1.89,6,4,3
P00192,2025-07-01,27,241.4,8.94,2.26,10,4,2
P00192,2025-08-01,31,270.6,8.73,4.82,6,4,3
P00192,2025-08-31,28,253.1,9.04,2.31,6,4,1
P00192,2025-10-01,30,270.5,9.02,1.72,8,4,0
P00192,2025-10-31,29,248.3,8.56,1.92,9,4,1
P00192,2025-12-01,29,250.3,8.63,1.77,9,4,3
P00192,2025-12-31,28,249.5,8.91,2.61,5,4,1
P00192,2026-01-30,28,222.7,7.95,3.69,11,4,2
P00192,2026-03-02,31,275.4,8.89,2.33,3,4,3
P00192,2026-04-01,30,258.5,8.62,3.07,8,4,1
P00192,2026-05-02,28,251.8,8.99,1.14,3,4,3
P00192,2026-06-01,31,274.9,8.87,1.43,8,4,1
P00192,2026-07-02,30,255.9,8.53,2.95,6,4,1
P00192,2026-08-01,27,250.0,9.26,5.24,14,4,2
P00193,2024-08-31,28,238.6,8.52,3.8,6,4,1
P00193,2024-09-30,30,274.6,9.15,4.77,7,4,2
P00193,2024-10-31,30,275.6,9.19,2.7,6,4,4
P00193,2024-11-30,27,256.0,9.48,0.58,6,4,1
P00193,2024-12-31,31,262.4,8.47,1.01,8,4,4
P00193,2025-01-30,29,257.0,8.86,0.49,5,4,3
P00193,2025-03-02,27,246.8,9.14,2.12,6,4,3
P00193,2025-04-01,29,253.0,8.72,4.02,6,4,2
P00193,2025-05-01,29,266.1,9.18,2.7,7,4,2
P00193,2025-06-01,29,262.5,9.05,2.17,5,4,1
P00193,2025-07-01,30,245.9,8.2,4.15,6,4,3
P00193,2025-08-01,27,232.4,8.61,4.67,8,4,4
P00193,2025-08-31,31,277.5,8.95,6.0,8,4,2
P00193,2025-10-01,29,259.7,8.96,1.12,5,4,2
P00193,2025-10-31,30,250.3,8.34,1.25,6,4,3
P00193,2025-12-01,29,248.1,8.56,1.02,6,4,0
P00193,2025-12-31,31,255.8,8.25,2.64,6,4,1
P00193,2026-01-30,31,275.2,8.88,0.41,5,4,0
P00193,2026-03-02,29,259.4,8.94,2.32,3,4,2
P00193,2026-04-01,28,239.6,8.56,1.13,7,4,2
P00193,2026-05-02,30,243.8,8.13,6.0,10,4,2
P00193,2026-06-01,29,267.2,9.21,1.06,7,4,2
P00193,2026-07-02,31,266.8,8.61,3.52,14,4,3
P00193,2026-08-01,29,234.9,8.1,1.47,8,4,3
P00194,2024-08-31,31,392.6,12.66,0.74,3,4,2
P00194,2024-09-30,27,359.2,13.3,2.15,3,4,0
P00194,2024-10-31,28,357.7,12.77,1.52,5,4,0
P00194,2024-11-30,25,323.4,12.93,1.59,3,4,0
P00194,2024-12-31,28,334.9,11.96,1.48,1,4,3
P00194,2025-01-30,28,350.1,12.5,1.7,6,4,1
P00194,2025-03-02,30,388.1,12.94,0.86,0,4,0
P00194,2025-04-01,28,369.3,13.19,0.79,1,4,1
P00194,2025-05-01,28,354.1,12.65,4.08,4,4,2
P00194,2025-06-01,27,355.0,13.15,1.88,6,4,0
P00194,2025-07-01,28,381.1,13.61,2.63,4,4,0
P00194,2025-08-01,28,372.4,13.3,3.21,11,4,2
P00194,2025-08-31,28,374.7,13.38,1.23,8,4,0
P00194,2025-10-01,29,398.7,13.75,0.87,3,4,0
P00194,2025-10-31,28,380.0,13.57,1.67,3,4,0
P00194,2025-12-01,28,368.6,13.16,2.89,2,4,1
P00194,2025-12-31,28,389.3,13.9,1.59,3,4,0
P00194,2026-01-30,28,382.4,13.66,3.7,8,4,1
P00194,2026-03-02,27,380.4,14.09,1.9,4,4,1
P00194,2026-04-01,26,345.9,13.31,2.67,6,4,1
P00194,2026-05-02,28,379.3,13.55,5.89,5,4,0
P00194,2026-06-01,28,399.0,14.25,1.85,5,4,1
P00194,2026-07-02,24,329.9,13.75,1.14,2,4,1
P00194,2026-08-01,29,403.8,13.93,0.69,2,4,4
P00195,2024-08-31,28,397.9,14.21,2.28,7,4,0
P00195,2024-09-30,27,366.5,13.58,3.19,5,4,0
P00195,2024-10-31,31,410.2,13.23,1.95,4,4,0
P00195,2024-11-30,31,433.4,13.98,6.0,4,4,1
P00195,2024-12-31,27,380.3,14.08,1.5,3,4,0
P00195,2025-01-30,30,434.5,14.48,2.62,6,4,1
P00195,2025-03-02,28,386.9,13.82,5.09,6,4,1
P00195,2025-04-01,27,392.7,14.55,3.65,5,4,2
P00195,2025-05-01,31,442.0,14.26,6.0,4,4,0
P00195,2025-06-01,28,402.9,14.39,2.09,4,4,0
P00195,2025-07-01,26,381.9,14.69,0.41,7,4,2
P00195,2025-08-01,31,444.3,14.33,5.41,4,4,0
P00195,2025-08-31,29,410.0,14.14,1.71,8,4,0
P00195,2025-10-01,29,419.5,14.47,3.79,5,4,0
P00195,2025-10-31,26,373.6,14.37,6.0,10,4,1
P00195,2025-12-01,30,423.0,14.1,2.48,3,4,0
P00195,2025-12-31,31,433.1,13.97,0.66,10,4,0
P00195,2026-01-30,28,411.4,14.69,0.68,8,4,0
P00195,2026-03-02,28,391.5,13.98,0.82,6,4,1
P00195,2026-04-01,31,457.1,14.75,0.29,5,4,1
P00195,2026-05-02,28,431.1,15.4,3.92,8,4,2
P00195,2026-06-01,26,385.4,14.82,2.01,3,4,0
P00195,2026-07-02,28,400.0,14.28,1.87,4,4,1
P00195,2026-08-01,29,439.0,15.14,3.51,10,4,0
P00196,2024-08-31,28,360.5,12.88,6.0,10,4,2
P00196,2024-09-30,28,354.2,12.65,2.07,6,4,0
P00196,2024-10-31,28,379.1,13.54,1.87,6,4,0
P00196,2024-11-30,30,444.2,14.81,4.02,3,4,0
P00196,2024-12-31,31,452.4,14.59,3.04,4,4,1
P00196,2025-01-30,30,414.0,13.8,1.85,3,4,1
P00196,2025-03-02,29,424.2,14.63,0.34,9,4,0
P00196,2025-04-01,27,394.2,14.6,3.79,5,4,0
P00196,2025-05-01,30,406.5,13.55,1.9,4,4,1
P00196,2025-06-01,31,438.5,14.15,1.06,13,4,0
P00196,2025-07-01,31,437.9,14.13,0.72,7,4,1
P00196,2025-08-01,30,432.8,14.43,4.92,4,4,1
P00196,2025-08-31,28,416.6,14.88,2.29,3,4,0
P00196,2025-10-01,24,333.2,13.88,2.22,11,4,1
P00196,2025-10-31,26,369.4,14.21,2.95,7,4,1
P00196,2025-12-01,27,384.9,14.26,2.95,7,4,0
P00196,2025-12-31,29,400.0,13.79,3.49,5,4,1
P00196,2026-01-30,31,445.2,14.36,4.81,3,4,0
P00196,2026-03-02,26,375.3,14.43,3.65,8,4,0
P00196,2026-04-01,30,437.7,14.59,2.61,5,4,0
P00196,2026-05-02,28,413.6,14.77,1.25,3,4,1
P00196,2026-06-01,28,396.7,14.17,0.5,5,4,0
P00196,2026-07-02,31,448.6,14.47,5.93,6,4,2
P00196,2026-08-01,31,450.5,14.53,1.17,7,4,1
P00197,2024-08-31,27,376.1,13.93,0.96,6,4,3
P00197,2024-09-30,27,380.0,14.07,1.66,7,4,1
P00197,2024-10-31,28,419.1,14.97,1.77,2,4,0
P00197,2024-11-30,26,400.0,15.39,1.95,7,4,2
P00197,2024-12-31,31,452.6,14.6,3.0,2,4,1
P00197,2025-01-30,29,425.5,14.67,1.39,6,4,1
P00197,2025-03-02,28,420.7,15.02,1.47,4,4,1
P00197,2025-04-01,29,444.2,15.32,0.55,7,4,1
P00197,2025-05-01,27,431.4,15.98,1.95,3,4,1
P00197,2025-06-01,29,444.0,15.31,2.56,6,4,3
P00197,2025-07-01,27,405.4,15.01,0.51,3,4,0
P00197,2025-08-01,29,426.7,14.72,2.58,3,4,2
P00197,2025-08-31,28,427.2,15.26,0.78,4,4,3
P00197,2025-10-01,30,454.2,15.14,2.02,7,4,2
P00197,2025-10-31,29,417.1,14.38,0.89,9,4,1
P00197,2025-12-01,31,485.1,15.65,0.2,7,4,1
P00197,2025-12-31,26,411.9,15.84,0.99,6,4,1
P00197,2026-01-30,25,388.9,15.56,0.32,6,4,0
P00197,2026-03-02,28,428.1,15.29,1.87,9,4,0
P00197,2026-04-01,26,390.9,15.03,1.21,3,4,2
P00197,2026-05-02,27,402.8,14.92,2.88,10,4,1
P00197,2026-06-01,28,415.8,14.85,2.03,7,4,0
P00197,2026-07-02,29,457.2,15.77,1.12,3,4,0
P00197,2026-08-01,30,464.3,15.48,0.67,2,4,0
P00198,2024-08-31,30,439.5,14.65,0.81,5,4,0
P00198,2024-09-30,29,383.2,13.22,1.18,6,4,2
P00198,2024-10-31,28,353.3,12.62,1.72,5,4,1
P00198,2024-11-30,27,348.5,12.91,5.23,7,4,2
P00198,2024-12-31,26,332.1,12.77,2.09,8,4,1
P00198,2025-01-30,30,397.5,13.25,3.87,7,4,0
P00198,2025-03-02,30,366.0,12.2,6.0,5,4,1
P00198,2025-04-01,29,357.8,12.34,1.87,6,4,1
P00198,2025-05-01,31,375.1,12.1,4.03,3,4,2
P00198,2025-06-01,29,341.7,11.78,5.2,10,4,1
P00198,2025-07-01,26,334.3,12.86,6.0,4,4,0
P00198,2025-08-01,30,342.8,11.43,3.49,12,4,0
P00198,2025-08-31,31,365.8,11.8,2.46,4,4,0
P00198,2025-10-01,30,372.2,12.41,2.18,6,4,0
P00198,2025-10-31,30,346.3,11.54,1.89,16,4,0
P00198,2025-12-01,29,338.1,11.66,2.08,11,4,1
P00198,2025-12-31,29,333.9,11.51,4.64,8,4,0
P00198,2026-01-30,29,351.8,12.13,6.0,7,4,1
P00198,2026-03-02,30,350.1,11.67,1.48,8,4,2
P00198,2026-04-01,28,331.3,11.83,3.96,8,4,0
P00198,2026-05-02,29,376.8,12.99,2.72,10,4,0
P00198,2026-06-01,31,371.3,11.98,2.59,7,4,0
P00198,2026-07-02,31,384.1,12.39,1.73,12,4,1
P00198,2026-08-01,28,320.5,11.45,0.68,1,4,0
P00199,2024-08-31,27,199.1,7.37,0.77,2,4,1
P00199,2024-09-30,26,205.3,7.9,1.36,4,4,0
P00199,2024-10-31,27,207.2,7.67,1.38,3,4,3
P00199,2024-11-30,30,232.7,7.76,0.55,3,4,2
P00199,2024-12-31,26,206.4,7.94,0.64,2,4,2
P00199,2025-01-30,29,204.1,7.04,1.26,2,4,0
P00199,2025-03-02,27,188.6,6.99,0.39,6,4,2
P00199,2025-04-01,24,202.0,8.42,0.82,4,4,2
P00199,2025-05-01,28,205.9,7.35,1.84,2,4,2
P00199,2025-06-01,27,194.5,7.2,2.73,3,4,3
P00199,2025-07-01,28,204.2,7.29,3.93,5,4,3
P00199,2025-08-01,26,193.0,7.42,1.67,1,4,2
P00199,2025-08-31,27,204.4,7.57,1.88,3,4,3
P00199,2025-10-01,25,163.8,6.55,1.81,4,4,2
P00199,2025-10-31,27,201.2,7.45,0.99,7,4,3
P00199,2025-12-01,24,179.5,7.48,1.7,2,4,2
P00199,2025-12-31,27,220.8,8.18,1.19,5,4,3
P00199,2026-01-30,27,207.1,7.67,5.64,6,4,2
P00199,2026-03-02,26,191.8,7.38,3.94,3,4,1
P00199,2026-04-01,26,207.4,7.98,0.64,3,4,2
P00199,2026-05-02,28,208.2,7.44,0.62,2,4,1
P00199,2026-06-01,26,201.2,7.74,1.02,3,4,2
P00199,2026-07-02,31,249.0,8.03,0.26,4,4,3
P00199,2026-08-01,28,219.4,7.84,0.2,3,4,2
P00200,2024-08-31,29,401.7,13.85,3.77,3,4,0
P00200,2024-09-30,30,371.0,12.37,1.27,6,4,1
P00200,2024-10-31,29,371.8,12.82,1.31,12,4,2
P00200,2024-11-30,29,372.9,12.86,2.23,7,4,2
P00200,2024-12-31,28,372.5,13.3,1.54,3,4,1
P00200,2025-01-30,28,351.3,12.55,1.26,5,4,3
P00200,2025-03-02,29,354.8,12.23,1.07,10,4,0
P00200,2025-04-01,27,330.6,12.25,0.81,7,4,0
P00200,2025-05-01,31,374.3,12.08,6.0,3,4,0
P00200,2025-06-01,27,326.2,12.08,2.28,5,4,0
P00200,2025-07-01,27,327.0,12.11,0.31,7,4,1
P00200,2025-08-01,27,317.3,11.75,0.83,5,4,0
P00200,2025-08-31,30,366.8,12.23,4.59,6,4,1
P00200,2025-10-01,30,368.7,12.29,2.45,7,4,1
P00200,2025-10-31,31,376.5,12.14,1.57,10,4,0
P00200,2025-12-01,30,358.4,11.95,4.41,5,4,0
P00200,2025-12-31,30,371.7,12.39,2.57,8,4,2
P00200,2026-01-30,29,346.3,11.94,2.11,8,4,0
P00200,2026-03-02,30,367.9,12.26,3.23,10,4,1
P00200,2026-04-01,26,306.3,11.78,1.95,8,4,0
P00200,2026-05-02,29,347.1,11.97,3.34,5,4,0
P00200,2026-06-01,29,329.2,11.35,2.37,6,4,1
P00200,2026-07-02,28,324.4,11.59,2.45,4,4,1
P00200,2026-08-01,28,320.1,11.43,1.63,3,4,1
P00201,2024-08-31,28,382.6,13.66,3.08,8,4,1
P00201,2024-09-30,27,365.6,13.54,3.08,5,4,0
P00201,2024-10-31,30,407.7,13.59,1.19,9,4,1
P00201,2024-11-30,31,436.6,14.08,1.23,8,4,2
P00201,2024-12-31,30,405.4,13.51,3.52,5,4,0
P00201,2025-01-30,28,380.9,13.6,1.49,8,4,0
P00201,2025-03-02,28,366.7,13.1,1.88,3,4,0
P00201,2025-04-01,29,386.8,13.34,3.61,9,4,0
P00201,2025-05-01,29,392.1,13.52,3.34,2,4,0
P00201,2025-06-01,28,364.8,13.03,0.42,7,4,0
P00201,2025-07-01,29,390.1,13.45,2.47,9,4,0
P00201,2025-08-01,31,408.2,13.17,3.31,3,4,1
P00201,2025-08-31,29,417.1,14.38,1.04,5,4,0
P00201,2025-10-01,30,428.9,14.3,0.7,2,4,3
P00201,2025-10-31,31,433.2,13.97,2.52,7,4,1
P00201,2025-12-01,27,386.8,14.32,2.29,5,4,3
P00201,2025-12-31,26,351.0,13.5,1.47,9,4,0
P00201,2026-01-30,30,426.5,14.22,6.0,6,4,1
P00201,2026-03-02,28,382.6,13.66,3.25,8,4,0
P00201,2026-04-01,28,408.1,14.58,0.99,2,4,0
P00201,2026-05-02,29,417.1,14.38,3.04,6,4,0
P00201,2026-06-01,28,403.2,14.4,0.93,3,4,0
P00201,2026-07-02,28,400.1,14.29,3.83,5,4,1
P00201,2026-08-01,28,386.9,13.82,2.18,4,4,1
P00202,2024-08-31,27,322.6,11.95,2.23,2,4,0
P00202,2024-09-30,26,354.1,13.62,1.21,5,4,1
P00202,2024-10-31,24,301.1,12.55,0.68,4,4,0
P00202,2024-11-30,27,344.9,12.77,1.23,3,4,2
P00202,2024-12-31,27,343.2,12.71,1.16,7,4,0
P00202,2025-01-30,26,320.0,12.31,0.2,4,4,1
P00202,2025-03-02,26,326.2,12.54,1.18,5,4,1
P00202,2025-04-01,26,324.5,12.48,0.35,1,4,2
P00202,2025-05-01,27,325.9,12.07,2.75,6,4,1
P00202,2025-06-01,26,336.4,12.94,1.83,4,4,2
P00202,2025-07-01,26,348.0,13.38,1.45,3,4,1
P00202,2025-08-01,27,327.9,12.14,0.54,1,4,0
P00202,2025-08-31,25,315.7,12.63,0.55,3,4,1
P00202,2025-10-01,24,304.3,12.68,1.34,2,4,3
P00202,2025-10-31,27,354.9,13.14,0.2,7,4,0
P00202,2025-12-01,28,342.9,12.25,0.48,2,4,0
P00202,2025-12-31,31,395.7,12.76,3.83,2,4,1
P00202,2026-01-30,29,365.9,12.62,0.83,4,4,2
P00202,2026-03-02,27,352.9,13.07,2.94,4,4,0
P00202,2026-04-01,30,379.5,12.65,1.09,7,4,0
P00202,2026-05-02,25,327.3,13.09,2.25,3,4,3
P00202,2026-06-01,30,366.6,12.22,2.89,5,4,0
P00202,2026-07-02,28,358.5,12.8,0.34,4,4,1
P00202,2026-08-01,28,347.3,12.4,1.22,7,4,0
P00203,2024-08-31,28,370.0,13.22,1.51,4,4,2
P00203,2024-09-30,29,369.4,12.74,0.53,6,4,2
P00203,2024-10-31,30,380.8,12.69,1.51,7,4,0
P00203,2024-11-30,28,362.8,12.96,1.98,5,4,1
P00203,2024-12-31,29,366.7,12.64,2.02,9,4,1
P00203,2025-01-30,27,356.9,13.22,0.72,7,4,0
P00203,2025-03-02,27,374.8,13.88,0.44,8,4,2
P00203,2025-04-01,26,340.3,13.09,0.2,3,4,1
P00203,2025-05-01,29,387.7,13.37,1.18,2,4,0
P00203,2025-06-01,31,403.5,13.02,1.42,4,4,0
P00203,2025-07-01,29,368.6,12.71,0.42,8,4,1
P00203,2025-08-01,29,393.1,13.56,1.7,7,4,0
P00203,2025-08-31,28,365.2,13.04,1.31,1,4,0
P00203,2025-10-01,31,387.8,12.51,2.56,3,4,2
P00203,2025-10-31,29,357.9,12.34,2.13,5,4,0
P00203,2025-12-01,27,353.5,13.09,0.2,5,4,0
P00203,2025-12-31,27,338.4,12.53,5.88,7,4,2
P00203,2026-01-30,26,325.1,12.51,6.0,4,4,0
P00203,2026-03-02,27,346.9,12.85,2.84,4,4,0
P00203,2026-04-01,30,357.6,11.92,4.11,6,4,0
P00203,2026-05-02,25,311.3,12.45,4.42,3,4,0
P00203,2026-06-01,26,288.3,11.09,4.9,4,4,0
P00203,2026-07-02,27,326.9,12.11,0.4,4,4,1
P00203,2026-08-01,26,320.1,12.31,2.22,6,4,0
P00204,2024-08-31,25,176.8,7.07,6.0,2,4,2
P00204,2024-09-30,25,190.2,7.61,0.28,4,4,3
P00204,2024-10-31,27,182.3,6.75,1.51,3,4,1
P00204,2024-11-30,26,179.8,6.92,2.56,3,4,2
P00204,2024-12-31,27,203.4,7.53,1.31,7,4,1
P00204,2025-01-30,28,227.4,8.12,1.43,3,4,2
P00204,2025-03-02,25,193.6,7.74,4.05,2,4,2
P00204,2025-04-01,25,191.7,7.67,0.42,4,4,4
P00204,2025-05-01,28,203.7,7.27,0.23,4,4,3
P00204,2025-06-01,28,195.0,6.96,1.11,4,4,3
P00204,2025-07-01,28,219.7,7.85,1.44,3,4,1
P00204,2025-08-01,27,209.6,7.76,3.64,5,4,3
P00204,2025-08-31,25,168.9,6.75,0.36,3,4,3
P00204,2025-10-01,27,199.2,7.38,1.39,6,4,2
P00204,2025-10-31,28,221.3,7.91,3.58,4,4,2
P00204,2025-12-01,27,193.4,7.16,1.43,1,4,3
P00204,2025-12-31,25,200.2,8.01,1.25,4,4,2
P00204,2026-01-30,25,192.7,7.71,2.5,4,4,4
P00204,2026-03-02,28,222.1,7.93,1.89,2,4,2
P00204,2026-04-01,28,220.5,7.88,3.89,4,4,3
P00204,2026-05-02,27,232.2,8.6,2.54,3,4,1
P00204,2026-06-01,27,212.4,7.87,3.02,4,4,2
P00204,2026-07-02,30,236.7,7.89,0.87,7,4,0
P00204,2026-08-01,27,226.4,8.39,0.85,3,4,4
P00205,2024-08-31,28,385.5,13.77,0.69,6,4,1
P00205,2024-09-30,28,353.3,12.62,2.13,9,4,1
P00205,2024-10-31,29,396.3,13.67,0.32,6,4,0
P00205,2024-11-30,28,358.9,12.82,2.38,3,4,2
P00205,2024-12-31,30,384.9,12.83,5.88,1,4,0
P00205,2025-01-30,27,366.4,13.57,2.46,7,4,0
P00205,2025-03-02,31,429.3,13.85,2.55,5,4,1
P00205,2025-04-01,30,392.0,13.07,1.31,4,4,0
P00205,2025-05-01,26,343.1,13.2,6.0,8,4,1
P00205,2025-06-01,27,379.8,14.07,2.07,3,4,0
P00205,2025-07-01,28,373.9,13.35,2.0,7,4,1
P00205,2025-08-01,27,370.3,13.72,2.67,6,4,2
P00205,2025-08-31,29,393.7,13.58,3.22,6,4,0
P00205,2025-10-01,28,409.1,14.61,3.38,3,4,1
P00205,2025-10-31,30,421.5,14.05,1.16,3,4,0
P00205,2025-12-01,27,387.3,14.35,1.69,6,4,0
P00205,2025-12-31,25,338.6,13.55,3.84,1,4,1
P00205,2026-01-30,31,436.2,14.07,5.61,3,4,1
P00205,2026-03-02,31,428.5,13.82,3.78,4,4,0
P00205,2026-04-01,29,393.8,13.58,1.54,6,4,1
P00205,2026-05-02,29,402.1,13.87,4.39,3,4,0
P00205,2026-06-01,28,385.3,13.76,2.22,4,4,1
P00205,2026-07-02,29,408.8,14.1,4.98,3,4,0
P00205,2026-08-01,28,400.5,14.31,1.57,2,4,1
P00206,2024-08-31,30,413.6,13.79,2.33,8,4,0
P00206,2024-09-30,30,426.3,14.21,2.87,6,4,2
P00206,2024-10-31,31,442.1,14.26,2.54,3,4,2
P00206,2024-11-30,31,440.6,14.21,1.86,7,4,1
P00206,2024-12-31,27,371.7,13.77,2.68,8,4,1
P00206,2025-01-30,31,417.3,13.46,6.0,14,4,0
P00206,2025-03-02,29,394.2,13.59,3.19,5,4,2
P00206,2025-04-01,28,409.4,14.62,1.68,5,4,0
P00206,2025-05-01,30,428.5,14.28,2.55,11,4,0
P00206,2025-06-01,30,416.3,13.88,1.01,5,4,1
P00206,2025-07-01,30,414.1,13.8,2.74,5,4,1
P00206,2025-08-01,27,359.9,13.33,0.38,7,4,0
P00206,2025-08-31,28,385.4,13.76,1.3,4,4,0
P00206,2025-10-01,27,387.7,14.36,4.36,9,4,2
P00206,2025-10-31,28,390.6,13.95,3.45,7,4,2
P00206,2025-12-01,29,403.7,13.92,0.92,10,4,3
P00206,2025-12-31,29,408.4,14.08,1.77,3,4,1
P00206,2026-01-30,29,401.4,13.84,1.05,7,4,0
P00206,2026-03-02,30,409.9,13.66,4.25,5,4,2
P00206,2026-04-01,28,387.0,13.82,0.37,4,4,0
P00206,2026-05-02,29,402.6,13.88,2.62,6,4,0
P00206,2026-06-01,29,397.3,13.7,2.63,7,4,0
P00206,2026-07-02,29,394.2,13.59,0.73,4,4,0
P00206,2026-08-01,28,397.4,14.19,3.38,5,4,0
P00207,2024-08-31,25,314.2,12.57,0.2,3,4,1
P00207,2024-09-30,26,325.4,12.52,0.47,2,4,0
P00207,2024-10-31,31,395.0,12.74,0.62,5,4,2
P00207,2024-11-30,28,356.3,12.73,1.63,8,4,1
P00207,2024-12-31,31,388.6,12.53,5.24,4,4,1
P00207,2025-01-30,28,359.5,12.84,2.29,1,4,1
P00207,2025-03-02,28,352.8,12.6,2.22,2,4,2
P00207,2025-04-01,25,318.7,12.75,0.67,1,4,1
P00207,2025-05-01,27,352.2,13.04,0.77,3,4,1
P00207,2025-06-01,29,396.9,13.69,4.01,4,4,1
P00207,2025-07-01,28,371.8,13.28,1.61,3,4,0
P00207,2025-08-01,28,349.5,12.48,3.98,2,4,0
P00207,2025-08-31,28,370.5,13.23,4.44,5,4,0
P00207,2025-10-01,28,363.8,12.99,1.17,4,4,1
P00207,2025-10-31,27,353.8,13.1,1.0,4,4,2
P00207,2025-12-01,27,354.8,13.14,1.0,3,4,1
P00207,2025-12-31,28,375.9,13.42,1.76,2,4,2
P00207,2026-01-30,23,301.9,13.13,5.53,1,4,1
P00207,2026-03-02,28,359.0,12.82,0.82,3,4,1
P00207,2026-04-01,25,328.1,13.12,1.26,4,4,0
P00207,2026-05-02,28,354.6,12.66,0.79,3,4,1
P00207,2026-06-01,29,367.7,12.68,2.44,2,4,1
P00207,2026-07-02,28,365.2,13.04,1.0,4,4,2
P00207,2026-08-01,30,388.4,12.95,1.1,7,4,0
P00208,2024-08-31,28,374.2,13.36,1.51,7,4,0
P00208,2024-09-30,29,402.4,13.88,1.87,7,4,2
P00208,2024-10-31,31,442.7,14.28,2.59,6,4,2
P00208,2024-11-30,28,417.2,14.9,1.92,6,4,1
P00208,2024-12-31,27,411.4,15.24,6.0,8,4,0
P00208,2025-01-30,30,437.4,14.58,1.71,9,4,0
P00208,2025-03-02,29,424.5,14.64,2.87,7,4,0
P00208,2025-04-01,26,379.2,14.58,1.1,5,4,1
P00208,2025-05-01,30,450.1,15.0,3.47,3,4,0
P00208,2025-06-01,31,452.0,14.58,3.49,12,4,0
P00208,2025-07-01,28,391.5,13.98,4.53,3,4,0
P00208,2025-08-01,31,436.6,14.09,2.52,5,4,2
P00208,2025-08-31,28,380.9,13.6,1.65,8,4,0
P00208,2025-10-01,31,465.7,15.02,1.92,8,4,2
P00208,2025-10-31,30,449.6,14.99,5.92,4,4,0
P00208,2025-12-01,31,440.6,14.21,1.4,7,4,1
P00208,2025-12-31,29,403.5,13.91,0.93,9,4,1
P00208,2026-01-30,30,437.7,14.59,4.87,8,4,1
P00208,2026-03-02,28,393.9,14.07,1.19,8,4,0
P00208,2026-04-01,29,393.9,13.58,1.39,9,4,0
P00208,2026-05-02,27,392.9,14.55,3.2,2,4,0
P00208,2026-06-01,30,432.1,14.4,3.77,5,4,1
P00208,2026-07-02,31,452.5,14.6,3.24,11,4,0
P00208,2026-08-01,30,432.8,14.43,3.87,7,4,2
P00209,2024-08-31,28,356.2,12.72,2.13,5,4,0
P00209,2024-09-30,25,332.9,13.32,0.56,7,4,0
P00209,2024-10-31,28,365.7,13.06,3.24,5,4,1
P00209,2024-11-30,27,343.5,12.72,5.39,9,4,0
P00209,2024-12-31,29,370.6,12.78,2.63,6,4,1
P00209,2025-01-30,30,383.4,12.78,5.47,0,4,0
P00209,2025-03-02,29,364.5,12.57,2.72,8,4,1
P00209,2025-04-01,28,354.4,12.66,0.34,3,4,1
P00209,2025-05-01,29,355.9,12.27,1.18,5,4,0
P00209,2025-06-01,31,375.6,12.12,3.59,3,4,1
P00209,2025-07-01,29,368.3,12.7,1.16,7,4,1
P00209,2025-08-01,30,339.7,11.32,1.56,5,4,0
P00209,2025-08-31,28,341.9,12.21,1.08,7,4,0
P00209,2025-10-01,25,296.2,11.85,2.43,1,4,1
P00209,2025-10-31,30,366.9,12.23,0.2,4,4,0
P00209,2025-12-01,28,343.6,12.27,2.8,3,4,0
P00209,2025-12-31,28,355.1,12.68,4.31,5,4,0
P00209,2026-01-30,30,340.2,11.34,6.0,7,4,0
P00209,2026-03-02,31,363.3,11.72,3.5,6,4,1
P00209,2026-04-01,26,307.1,11.81,2.58,3,4,1
P00209,2026-05-02,28,332.2,11.86,1.03,5,4,1
P00209,2026-06-01,30,385.2,12.84,2.8,7,4,2
P00209,2026-07-02,29,330.0,11.38,3.81,10,4,0
P00209,2026-08-01,31,364.5,11.76,0.56,4,4,1
P00210,2024-08-31,29,388.2,13.38,3.13,7,4,2
P00210,2024-09-30,29,386.5,13.33,2.66,2,4,0
P00210,2024-10-31,30,408.8,13.63,2.68,8,4,1
P00210,2024-11-30,28,378.9,13.53,4.59,2,4,1
P00210,2024-12-31,30,405.4,13.51,2.87,11,4,1
P00210,2025-01-30,28,374.6,13.38,3.69,9,4,0
P00210,2025-03-02,29,412.8,14.23,1.76,8,4,0
P00210,2025-04-01,28,387.1,13.83,4.85,6,4,1
P00210,2025-05-01,30,417.9,13.93,2.68,9,4,2
P00210,2025-06-01,31,440.1,14.2,1.93,11,4,1
P00210,2025-07-01,30,399.5,13.32,1.82,4,4,0
P00210,2025-08-01,31,431.3,13.91,4.8,6,4,2
P00210,2025-08-31,31,439.0,14.16,6.0,12,4,0
P00210,2025-10-01,31,439.5,14.18,2.07,10,4,1
P00210,2025-10-31,27,374.6,13.88,6.0,6,4,1
P00210,2025-12-01,30,437.3,14.58,5.63,2,4,1
P00210,2025-12-31,29,408.0,14.07,4.11,8,4,3
P00210,2026-01-30,29,399.7,13.78,2.26,11,4,1
P00210,2026-03-02,30,409.7,13.66,1.59,8,4,1
P00210,2026-04-01,30,409.4,13.65,1.13,6,4,2
P00210,2026-05-02,27,376.1,13.93,1.29,11,4,2
P00210,2026-06-01,31,408.0,13.16,6.0,5,4,1
P00210,2026-07-02,29,382.9,13.2,3.36,11,4,1
P00210,2026-08-01,30,402.0,13.4,2.06,5,4,0
P00211,2024-08-31,28,192.4,6.87,1.63,3,4,3
P00211,2024-09-30,23,160.8,6.99,1.17,3,4,1
P00211,2024-10-31,29,206.1,7.11,2.47,6,4,2
P00211,2024-11-30,26,185.4,7.13,1.76,4,4,1
P00211,2024-12-31,25,175.6,7.02,1.83,1,4,2
P00211,2025-01-30,28,184.6,6.59,2.66,3,4,2
P00211,2025-03-02,27,184.4,6.83,0.6,5,4,1
P00211,2025-04-01,26,213.2,8.2,2.7,7,4,4
P00211,2025-05-01,26,202.4,7.78,3.01,1,4,1
P00211,2025-06-01,28,230.4,8.23,1.04,6,4,4
P00211,2025-07-01,30,235.3,7.84,1.26,4,4,2
P00211,2025-08-01,28,233.7,8.35,1.02,5,4,2
P00211,2025-08-31,25,209.4,8.38,3.31,6,4,3
P00211,2025-10-01,27,225.6,8.36,0.58,0,4,2
P00211,2025-10-31,27,225.6,8.36,3.64,4,4,2
P00211,2025-12-01,26,198.0,7.62,3.33,0,4,2
P00211,2025-12-31,24,188.0,7.83,0.91,3,4,2
P00211,2026-01-30,27,202.9,7.52,4.28,5,4,3
P00211,2026-03-02,28,209.8,7.49,3.47,3,4,1
P00211,2026-04-01,25,204.9,8.2,1.3,4,4,2
P00211,2026-05-02,28,232.1,8.29,1.98,3,4,4
P00211,2026-06-01,27,223.4,8.27,2.8,6,4,2
P00211,2026-07-02,27,231.3,8.57,1.06,3,4,3
P00211,2026-08-01,28,223.3,7.98,2.28,4,4,2
P00212,2024-08-31,30,402.0,13.4,6.0,9,4,1
P00212,2024-09-30,29,396.2,13.66,0.49,4,4,0
P00212,2024-10-31,31,412.6,13.31,0.81,5,4,1
P00212,2024-11-30,29,412.8,14.23,2.38,11,4,0
P00212,2024-12-31,31,429.4,13.85,4.96,5,4,1
P00212,2025-01-30,31,426.1,13.74,1.44,5,4,2
P00212,2025-03-02,28,378.6,13.52,2.39,7,4,0
P00212,2025-04-01,29,412.0,14.21,2.62,9,4,0
P00212,2025-05-01,28,386.5,13.8,4.86,5,4,0
P00212,2025-06-01,28,376.8,13.46,3.29,9,4,1
P00212,2025-07-01,31,430.1,13.88,1.62,3,4,0
P00212,2025-08-01,28,359.4,12.84,4.12,6,4,2
P00212,2025-08-31,31,428.0,13.81,1.99,4,4,1
P00212,2025-10-01,31,429.4,13.85,2.24,4,4,1
P00212,2025-10-31,30,439.9,14.66,2.17,7,4,0
P00212,2025-12-01,27,389.8,14.44,1.42,8,4,1
P00212,2025-12-31,27,399.3,14.79,1.54,9,4,1
P00212,2026-01-30,31,424.9,13.71,3.45,8,4,1
P00212,2026-03-02,30,434.9,14.5,0.96,5,4,2
P00212,2026-04-01,29,396.0,13.66,1.39,7,4,0
P00212,2026-05-02,29,418.8,14.44,1.89,10,4,2
P00212,2026-06-01,29,410.7,14.16,1.06,1,4,2
P00212,2026-07-02,28,367.5,13.13,2.77,8,4,0
P00212,2026-08-01,28,383.4,13.69,3.83,6,4,1
P00213,2024-08-31,28,237.7,8.49,0.84,7,4,3
P00213,2024-09-30,25,206.7,8.27,3.08,9,4,2
P00213,2024-10-31,26,219.3,8.44,1.26,5,4,3
P00213,2024-11-30,29,243.7,8.4,1.31,3,4,2
P00213,2024-12-31,29,263.0,9.07,1.61,6,4,2
P00213,2025-01-30,27,226.8,8.4,1.4,12,4,2
P00213,2025-03-02,29,250.4,8.63,2.1,7,4,2
P00213,2025-04-01,31,247.8,7.99,0.2,12,4,3
P00213,2025-05-01,27,239.5,8.87,4.46,3,4,2
P00213,2025-06-01,30,252.4,8.41,2.66,5,4,3
P00213,2025-07-01,28,240.5,8.59,1.69,5,4,3
P00213,2025-08-01,27,223.1,8.26,0.2,5,4,3
P00213,2025-08-31,27,243.8,9.03,2.41,6,4,2
P00213,2025-10-01,29,252.8,8.72,0.77,8,4,3
P00213,2025-10-31,31,292.5,9.43,2.79,8,4,1
P00213,2025-12-01,31,275.8,8.9,0.36,1,4,2
P00213,2025-12-31,31,281.0,9.07,1.1,8,4,4
P00213,2026-01-30,29,266.8,9.2,4.19,7,4,2
P00213,2026-03-02,28,262.4,9.37,1.51,5,4,2
P00213,2026-04-01,31,276.5,8.92,3.86,10,4,2
P00213,2026-05-02,29,270.3,9.32,3.55,6,4,3
P00213,2026-06-01,30,255.7,8.52,4.22,9,4,2
P00213,2026-07-02,28,238.9,8.53,1.81,4,4,2
P00213,2026-08-01,27,242.4,8.98,0.78,8,4,1
P00214,2024-08-31,29,382.8,13.2,6.0,6,4,1
P00214,2024-09-30,30,413.9,13.8,1.28,5,4,1
P00214,2024-10-31,30,404.2,13.47,3.5,5,4,0
P00214,2024-11-30,31,434.3,14.01,5.92,1,4,1
P00214,2024-12-31,30,421.0,14.03,3.74,4,4,1
P00214,2025-01-30,28,395.4,14.12,1.24,2,4,0
P00214,2025-03-02,27,379.2,14.04,0.78,8,4,1
P00214,2025-04-01,29,395.1,13.63,0.81,5,4,0
P00214,2025-05-01,31,441.7,14.25,1.68,11,4,3
P00214,2025-06-01,30,410.3,13.68,2.89,3,4,1
P00214,2025-07-01,28,370.1,13.22,0.39,5,4,1
P00214,2025-08-01,31,427.5,13.79,3.5,7,4,1
P00214,2025-08-31,26,355.9,13.69,2.13,3,4,1
P00214,2025-10-01,28,389.9,13.93,1.23,7,4,1
P00214,2025-10-31,29,408.8,14.1,0.2,6,4,1
P00214,2025-12-01,27,372.2,13.78,1.29,11,4,0
P00214,2025-12-31,28,411.6,14.7,2.43,4,4,1
P00214,2026-01-30,29,424.4,14.63,5.24,4,4,2
P00214,2026-03-02,31,456.7,14.73,3.39,7,4,1
P00214,2026-04-01,27,396.9,14.7,0.88,10,4,1
P00214,2026-05-02,29,419.9,14.48,4.54,3,4,1
P00214,2026-06-01,28,396.8,14.17,0.23,8,4,1
P00214,2026-07-02,30,414.4,13.81,3.32,4,4,1
P00214,2026-08-01,26,360.1,13.85,2.72,9,4,0
P00215,2024-08-31,28,235.3,8.4,0.92,7,4,2
P00215,2024-09-30,29,242.7,8.37,1.62,1,4,4
P00215,2024-10-31,26,205.3,7.9,3.23,5,4,2
P00215,2024-11-30,27,228.1,8.45,0.82,6,4,2
P00215,2024-12-31,30,235.3,7.84,1.92,6,4,3
P00215,2025-01-30,28,235.5,8.41,1.55,7,4,2
P00215,2025-03-02,29,228.4,7.88,0.95,4,4,2
P00215,2025-04-01,24,209.5,8.73,1.53,7,4,3
P00215,2025-05-01,29,235.7,8.13,3.02,6,4,1
P00215,2025-06-01,30,238.8,7.96,0.88,6,4,3
P00215,2025-07-01,29,234.8,8.1,1.19,7,4,2
P00215,2025-08-01,27,226.5,8.39,0.94,4,4,2
P00215,2025-08-31,27,211.8,7.84,4.03,5,4,2
P00215,2025-10-01,29,221.6,7.64,3.43,12,4,3
P00215,2025-10-31,29,228.4,7.87,6.0,8,4,3
P00215,2025-12-01,28,223.4,7.98,1.33,3,4,3
P00215,2025-12-31,29,250.2,8.63,1.14,6,4,2
P00215,2026-01-30,28,229.3,8.19,0.2,5,4,4
P00215,2026-03-02,27,218.6,8.1,1.3,8,4,4
P00215,2026-04-01,31,262.6,8.47,1.07,9,4,2
P00215,2026-05-02,29,235.3,8.12,2.02,11,4,2
P00215,2026-06-01,29,215.5,7.43,0.65,7,4,2
P00215,2026-07-02,29,227.6,7.85,2.56,6,4,2
P00215,2026-08-01,27,191.7,7.1,4.41,4,4,4
P00216,2024-08-31,24,308.3,12.85,3.18,5,4,0
P00216,2024-09-30,29,378.8,13.06,5.21,5,4,0
P00216,2024-10-31,27,353.3,13.09,1.5,4,4,1
P00216,2024-11-30,28,344.5,12.3,0.88,4,4,1
P00216,2024-12-31,24,311.0,12.96,0.53,6,4,1
P00216,2025-01-30,26,345.1,13.27,1.75,5,4,0
P00216,2025-03-02,29,370.3,12.77,2.19,4,4,0
P00216,2025-04-01,26,331.8,12.76,3.16,3,4,1
P00216,2025-05-01,26,340.8,13.11,1.44,4,4,3
P00216,2025-06-01,25,320.7,12.83,2.87,4,4,0
P00216,2025-07-01,30,400.8,13.36,3.32,7,4,0
P00216,2025-08-01,27,366.0,13.56,0.66,3,4,1
P00216,2025-08-31,24,306.6,12.77,3.68,4,4,1
P00216,2025-10-01,27,348.5,12.91,0.38,4,4,1
P00216,2025-10-31,28,363.1,12.97,3.52,3,4,2
P00216,2025-12-01,28,367.4,13.12,2.0,4,4,0
P00216,2025-12-31,30,376.5,12.55,1.39,2,4,0
P00216,2026-01-30,28,351.6,12.56,0.2,4,4,0
P00216,2026-03-02,27,346.3,12.82,3.07,3,4,1
P00216,2026-04-01,29,376.7,12.99,3.32,2,4,1
P00216,2026-05-02,25,311.4,12.46,3.48,5,4,1
P00216,2026-06-01,27,354.4,13.13,1.45,4,4,1
P00216,2026-07-02,28,358.9,12.82,1.55,2,4,0
P00216,2026-08-01,27,356.4,13.2,1.81,3,4,1
P00217,2024-08-31,29,393.5,13.57,0.34,8,4,1
P00217,2024-09-30,27,357.3,13.23,0.66,6,4,1
P00217,2024-10-31,28,380.6,13.59,1.3,9,4,0
P00217,2024-11-30,31,415.9,13.42,4.15,8,4,0
P00217,2024-12-31,28,402.4,14.37,2.06,3,4,0
P00217,2025-01-30,28,384.6,13.73,3.64,3,4,0
P00217,2025-03-02,31,428.7,13.83,1.49,5,4,1
P00217,2025-04-01,28,393.2,14.04,1.64,2,4,1
P00217,2025-05-01,27,369.2,13.67,2.24,8,4,0
P00217,2025-06-01,28,392.2,14.01,2.74,2,4,2
P00217,2025-07-01,28,393.1,14.04,3.41,5,4,2
P00217,2025-08-01,31,428.5,13.82,2.09,7,4,1
P00217,2025-08-31,29,425.8,14.68,3.38,12,4,1
P00217,2025-10-01,31,432.7,13.96,0.46,8,4,2
P00217,2025-10-31,31,415.7,13.41,1.6,2,4,1
P00217,2025-12-01,29,394.8,13.61,1.92,10,4,1
P00217,2025-12-31,30,430.1,14.34,1.95,4,4,1
P00217,2026-01-30,30,437.5,14.58,2.63,8,4,0
P00217,2026-03-02,31,440.8,14.22,3.67,8,4,1
P00217,2026-04-01,27,369.0,13.67,1.56,4,4,0
P00217,2026-05-02,31,433.8,13.99,2.15,7,4,1
P00217,2026-06-01,31,431.5,13.92,4.59,11,4,1
P00217,2026-07-02,31,435.4,14.05,1.07,5,4,0
P00217,2026-08-01,28,419.8,14.99,1.26,6,4,1
P00218,2024-08-31,29,360.8,12.44,3.03,2,4,2
P00218,2024-09-30,29,379.3,13.08,1.1,3,4,0
P00218,2024-10-31,29,388.0,13.38,2.28,5,4,0
P00218,2024-11-30,26,354.4,13.63,2.28,5,4,1
P00218,2024-12-31,30,400.3,13.34,0.91,8,4,0
P00218,2025-01-30,28,391.2,13.97,1.35,2,4,1
P00218,2025-03-02,30,409.1,13.64,1.7,2,4,1
P00218,2025-04-01,28,396.4,14.16,5.05,2,4,1
P00218,2025-05-01,27,386.5,14.31,1.3,8,4,1
P00218,2025-06-01,29,400.7,13.82,1.04,6,4,1
P00218,2025-07-01,30,416.7,13.89,5.49,3,4,1
P00218,2025-08-01,27,382.8,14.18,1.62,5,4,3
P00218,2025-08-31,29,422.6,14.57,2.87,6,4,0
P00218,2025-10-01,27,401.5,14.87,0.67,7,4,0
P00218,2025-10-31,28,431.2,15.4,4.49,5,4,3
P00218,2025-12-01,26,379.6,14.6,2.56,1,4,0
P00218,2025-12-31,27,404.0,14.96,2.5,3,4,2
P00218,2026-01-30,30,422.2,14.07,2.58,6,4,1
P00218,2026-03-02,28,398.6,14.24,0.82,4,4,1
P00218,2026-04-01,27,410.8,15.21,1.72,5,4,0
P00218,2026-05-02,31,431.4,13.91,3.33,7,4,1
P00218,2026-06-01,29,401.2,13.84,0.52,3,4,3
P00218,2026-07-02,27,397.2,14.71,3.66,5,4,0
P00218,2026-08-01,28,399.8,14.28,0.58,4,4,0
P00219,2024-08-31,30,380.8,12.69,1.05,8,4,1
P00219,2024-09-30,25,346.6,13.86,4.56,9,4,0
P00219,2024-10-31,29,390.2,13.46,0.83,4,4,0
P00219,2024-11-30,30,400.2,13.34,2.81,7,4,1
P00219,2024-12-31,27,368.4,13.64,6.0,6,4,3
P00219,2025-01-30,27,373.9,13.85,5.62,4,4,0
P00219,2025-03-02,27,368.1,13.63,2.18,7,4,1
P00219,2025-04-01,31,428.1,13.81,2.79,11,4,1
P00219,2025-05-01,26,370.6,14.25,1.26,3,4,1
P00219,2025-06-01,29,409.0,14.1,0.79,8,4,1
P00219,2025-07-01,28,383.7,13.7,1.0,8,4,2
P00219,2025-08-01,28,387.5,13.84,3.36,4,4,1
P00219,2025-08-31,25,318.1,12.72,3.2,8,4,0
P00219,2025-10-01,28,354.5,12.66,2.57,8,4,0
P00219,2025-10-31,30,375.7,12.52,6.0,8,4,2
P00219,2025-12-01,29,377.2,13.01,4.56,7,4,0
P00219,2025-12-31,28,357.8,12.78,2.67,11,4,0
P00219,2026-01-30,28,336.5,12.02,3.48,2,4,0
P00219,2026-03-02,26,338.7,13.03,0.56,5,4,0
P00219,2026-04-01,27,327.1,12.11,3.27,6,4,1
P00219,2026-05-02,25,312.4,12.5,3.14,6,4,1
P00219,2026-06-01,30,368.0,12.27,1.37,7,4,0
P00219,2026-07-02,28,357.1,12.75,0.93,1,4,1
P00219,2026-08-01,30,374.1,12.47,5.03,8,4,1
P00220,2024-08-31,28,201.7,7.2,0.7,5,4,1
P00220,2024-09-30,28,223.2,7.97,0.2,4,4,4
P00220,2024-10-31,27,200.3,7.42,0.78,3,4,3
P00220,2024-11-30,27,202.5,7.5,1.7,1,4,2
P00220,2024-12-31,27,222.1,8.23,1.89,3,4,1
P00220,2025-01-30,26,207.8,7.99,2.49,4,4,2
P00220,2025-03-02,26,200.7,7.72,3.04,7,4,2
P00220,2025-04-01,28,220.2,7.87,0.26,6,4,2
P00220,2025-05-01,26,203.1,7.81,0.97,4,4,2
P00220,2025-06-01,26,207.5,7.98,2.0,4,4,1
P00220,2025-07-01,26,210.3,8.09,6.0,2,4,2
P00220,2025-08-01,31,234.4,7.56,1.39,4,4,3
P00220,2025-08-31,26,188.2,7.24,5.65,6,4,2
P00220,2025-10-01,29,225.2,7.76,3.6,8,4,1
P00220,2025-10-31,28,209.6,7.49,2.23,3,4,3
P00220,2025-12-01,27,198.9,7.37,2.07,6,4,3
P00220,2025-12-31,26,206.8,7.95,4.67,5,4,3
P00220,2026-01-30,26,196.9,7.57,0.82,7,4,2
P00220,2026-03-02,30,214.4,7.15,0.25,3,4,1
P00220,2026-04-01,27,200.3,7.42,1.22,1,4,3
P00220,2026-05-02,24,171.4,7.14,3.54,3,4,2
P00220,2026-06-01,26,218.6,8.41,3.04,6,4,3
P00220,2026-07-02,27,198.3,7.35,1.54,3,4,1
P00220,2026-08-01,29,211.1,7.28,1.17,7,4,4
P00221,2024-08-31,27,221.9,8.22,0.71,4,4,1
P00221,2024-09-30,27,199.8,7.4,3.15,6,4,4
P00221,2024-10-31,29,232.6,8.02,6.0,5,4,4
P00221,2024-11-30,30,226.4,7.55,2.59,4,4,2
P00221,2024-12-31,26,204.6,7.87,1.58,1,4,3
P00221,2025-01-30,27,235.2,8.71,1.66,4,4,2
P00221,2025-03-02,28,222.7,7.95,0.72,3,4,3
P00221,2025-04-01,28,223.2,7.97,3.91,2,4,2
P00221,2025-05-01,25,223.9,8.95,2.06,3,4,0
P00221,2025-06-01,25,200.3,8.01,2.61,2,4,3
P00221,2025-07-01,29,226.8,7.82,1.5,3,4,3
P00221,2025-08-01,26,229.4,8.82,0.81,3,4,2
P00221,2025-08-31,26,223.6,8.6,2.99,6,4,2
P00221,2025-10-01,27,228.6,8.47,3.79,3,4,2
P00221,2025-10-31,25,218.2,8.73,1.07,4,4,2
P00221,2025-12-01,27,231.0,8.55,0.84,1,4,2
P00221,2025-12-31,28,232.2,8.29,0.2,3,4,1
P00221,2026-01-30,29,247.4,8.53,1.7,2,4,2
P00221,2026-03-02,31,253.0,8.16,3.76,2,4,4
P00221,2026-04-01,31,260.0,8.39,1.1,9,4,3
P00221,2026-05-02,28,247.3,8.83,0.2,6,4,4
P00221,2026-06-01,26,229.2,8.81,2.24,5,4,2
P00221,2026-07-02,29,250.0,8.62,1.16,3,4,2
P00221,2026-08-01,27,221.5,8.2,0.89,4,4,3
P00222,2024-08-31,26,199.1,7.66,4.24,6,4,3
P00222,2024-09-30,29,219.4,7.56,1.01,1,4,0
P00222,2024-10-31,28,196.6,7.02,0.2,5,4,3
P00222,2024-11-30,26,205.2,7.89,0.87,3,4,3
P00222,2024-12-31,30,224.6,7.49,0.3,8,4,4
P00222,2025-01-30,29,212.4,7.32,0.89,6,4,2
P00222,2025-03-02,29,201.7,6.95,2.19,4,4,1
P00222,2025-04-01,27,186.6,6.91,1.35,8,4,2
P00222,2025-05-01,27,197.6,7.32,2.08,3,4,2
P00222,2025-06-01,28,202.3,7.23,3.08,9,4,2
P00222,2025-07-01,28,178.8,6.38,1.83,3,4,2
P00222,2025-08-01,31,207.7,6.7,1.91,5,4,2
P00222,2025-08-31,26,173.7,6.68,2.52,5,4,2
P00222,2025-10-01,25,165.2,6.61,0.56,5,4,2
P00222,2025-10-31,31,211.1,6.81,1.01,3,4,3
P00222,2025-12-01,27,164.6,6.1,2.36,2,4,3
P00222,2025-12-31,28,171.3,6.12,6.0,3,4,2
P00222,2026-01-30,25,172.8,6.91,0.96,11,4,1
P00222,2026-03-02,30,209.7,6.99,0.79,2,4,1
P00222,2026-04-01,25,148.8,5.95,3.98,7,4,1
P00222,2026-05-02,27,174.5,6.46,2.22,7,4,0
P00222,2026-06-01,29,207.8,7.17,1.83,6,4,3
P00222,2026-07-02,28,179.2,6.4,1.23,4,4,3
P00222,2026-08-01,28,176.2,6.29,0.2,1,4,2
P00223,2024-08-31,28,360.0,12.86,0.32,4,4,1
P00223,2024-09-30,27,333.8,12.36,1.55,6,4,1
P00223,2024-10-31,28,359.6,12.84,1.68,3,4,0
P00223,2024-11-30,26,330.9,12.73,0.69,7,4,1
P00223,2024-12-31,27,347.6,12.88,0.95,6,4,2
P00223,2025-01-30,28,363.4,12.98,1.92,3,4,2
P00223,2025-03-02,29,369.2,12.73,5.52,3,4,0
P00223,2025-04-01,28,351.4,12.55,2.85,2,4,0
P00223,2025-05-01,28,327.1,11.68,2.21,6,4,2
P00223,2025-06-01,29,353.7,12.2,0.24,7,4,0
P00223,2025-07-01,30,379.4,12.65,5.71,9,4,0
P00223,2025-08-01,31,396.5,12.79,5.74,6,4,0
P00223,2025-08-31,28,350.1,12.5,4.91,2,4,2
P00223,2025-10-01,27,332.2,12.3,1.84,7,4,0
P00223,2025-10-31,28,331.1,11.83,0.59,7,4,1
P00223,2025-12-01,30,377.3,12.58,3.33,8,4,1
P00223,2025-12-31,28,345.6,12.34,0.32,6,4,1
P00223,2026-01-30,28,343.1,12.25,3.21,3,4,0
P00223,2026-03-02,26,311.6,11.98,1.73,3,4,2
P00223,2026-04-01,30,378.5,12.62,1.55,5,4,1
P00223,2026-05-02,29,375.2,12.94,0.47,6,4,1
P00223,2026-06-01,27,349.2,12.93,2.11,5,4,3
P00223,2026-07-02,28,345.0,12.32,3.25,6,4,1
P00223,2026-08-01,29,344.5,11.88,6.0,4,4,1
P00224,2024-08-31,27,325.9,12.07,1.97,7,4,1
P00224,2024-09-30,28,338.0,12.07,2.22,6,4,3
P00224,2024-10-31,29,337.0,11.62,0.89,8,4,0
P00224,2024-11-30,30,384.1,12.8,2.04,4,4,1
P00224,2024-12-31,24,316.6,13.19,1.32,2,4,0
P00224,2025-01-30,27,344.1,12.74,3.02,3,4,2
P00224,2025-03-02,26,348.6,13.41,1.92,6,4,1
P00224,2025-04-01,29,358.1,12.35,0.97,2,4,0
P00224,2025-05-01,26,326.3,12.55,6.0,4,4,1
P00224,2025-06-01,26,336.5,12.94,1.86,7,4,0
P00224,2025-07-01,30,387.9,12.93,2.75,1,4,1
P00224,2025-08-01,28,358.5,12.8,3.05,6,4,0
P00224,2025-08-31,29,370.3,12.77,1.74,1,4,0
P00224,2025-10-01,29,371.4,12.81,1.19,4,4,0
P00224,2025-10-31,26,336.8,12.95,2.34,4,4,3
P00224,2025-12-01,29,360.9,12.45,1.04,3,4,1
P00224,2025-12-31,27,340.3,12.6,0.2,5,4,1
P00224,2026-01-30,26,323.0,12.42,2.9,2,4,1
P00224,2026-03-02,27,328.2,12.15,0.58,4,4,2
P00224,2026-04-01,29,365.1,12.59,1.57,2,4,0
P00224,2026-05-02,24,306.3,12.76,3.01,5,4,1
P00224,2026-06-01,26,314.8,12.11,1.18,4,4,1
P00224,2026-07-02,25,309.8,12.39,1.17,4,4,1
P00224,2026-08-01,26,336.0,12.92,2.03,7,4,1
P00225,2024-08-31,31,403.2,13.01,3.21,3,4,0
P00225,2024-09-30,28,389.6,13.91,4.73,4,4,0
P00225,2024-10-31,30,414.1,13.8,1.63,9,4,1
P00225,2024-11-30,31,432.1,13.94,4.86,5,4,0
P00225,2024-12-31,30,421.7,14.06,3.31,7,4,0
P00225,2025-01-30,29,386.8,13.34,4.73,8,4,0
P00225,2025-03-02,28,368.1,13.15,5.52,5,4,2
P00225,2025-04-01,29,385.0,13.28,5.75,11,4,0
P00225,2025-05-01,31,403.0,13.0,0.67,9,4,0
P00225,2025-06-01,29,371.8,12.82,4.52,6,4,1
P00225,2025-07-01,31,385.6,12.44,1.99,8,4,1
P00225,2025-08-01,31,399.0,12.87,2.52,5,4,2
P00225,2025-08-31,28,364.0,13.0,5.13,1,4,0
P00225,2025-10-01,27,336.3,12.45,2.32,6,4,0
P00225,2025-10-31,28,356.3,12.73,5.43,8,4,2
P00225,2025-12-01,27,359.1,13.3,2.25,10,4,0
P00225,2025-12-31,29,391.2,13.49,2.57,7,4,0
P00225,2026-01-30,28,360.5,12.88,0.52,9,4,0
P00225,2026-03-02,31,401.9,12.96,6.0,6,4,0
P00225,2026-04-01,30,396.6,13.22,0.48,4,4,0
P00225,2026-05-02,31,410.9,13.26,4.09,10,4,0
P00225,2026-06-01,30,385.6,12.85,6.0,13,4,1
P00225,2026-07-02,31,375.9,12.13,2.76,10,4,1
P00225,2026-08-01,29,356.0,12.28,2.36,5,4,1
P00226,2024-08-31,30,419.1,13.97,6.0,6,4,0
P00226,2024-09-30,28,371.9,13.28,3.91,3,4,0
P00226,2024-10-31,31,396.6,12.79,4.54,7,4,1
P00226,2024-11-30,29,400.3,13.8,1.85,10,4,1
P00226,2024-12-31,24,304.1,12.67,3.11,10,4,1
P00226,2025-01-30,28,369.8,13.21,2.95,8,4,1
P00226,2025-03-02,28,367.9,13.14,3.88,10,4,1
P00226,2025-04-01,28,360.2,12.86,3.36,2,4,0
P00226,2025-05-01,28,340.2,12.15,3.7,3,4,2
P00226,2025-06-01,31,383.8,12.38,3.7,5,4,2
P00226,2025-07-01,29,379.5,13.09,1.43,8,4,0
P00226,2025-08-01,29,363.4,12.53,2.01,2,4,0
P00226,2025-08-31,26,319.4,12.29,2.81,6,4,1
P00226,2025-10-01,31,379.5,12.24,0.73,7,4,0
P00226,2025-10-31,29,343.3,11.84,1.17,8,4,2
P00226,2025-12-01,28,350.1,12.5,2.44,9,4,2
P00226,2025-12-31,30,351.4,11.71,1.03,7,4,1
P00226,2026-01-30,30,357.7,11.92,1.94,9,4,1
P00226,2026-03-02,31,376.4,12.14,1.24,3,4,3
P00226,2026-04-01,29,352.3,12.15,3.2,6,4,2
P00226,2026-05-02,30,362.4,12.08,3.31,11,4,2
P00226,2026-06-01,27,321.7,11.91,2.65,6,4,0
P00226,2026-07-02,30,353.7,11.79,6.0,7,4,2
P00226,2026-08-01,28,323.9,11.57,5.04,5,4,1
P00227,2024-08-31,29,394.3,13.6,2.38,7,4,2
P00227,2024-09-30,27,360.4,13.35,0.6,9,4,1
P00227,2024-10-31,28,370.8,13.24,5.66,5,4,1
P00227,2024-11-30,31,388.3,12.52,5.19,5,4,0
P00227,2024-12-31,31,441.5,14.24,3.0,6,4,0
P00227,2025-01-30,29,396.7,13.68,2.82,5,4,0
P00227,2025-03-02,25,336.3,13.45,0.82,4,4,0
P00227,2025-04-01,29,408.9,14.1,4.48,8,4,0
P00227,2025-05-01,30,424.8,14.16,3.15,5,4,0
P00227,2025-06-01,27,370.0,13.71,0.65,3,4,2
P00227,2025-07-01,31,425.5,13.73,3.31,4,4,0
P00227,2025-08-01,28,385.0,13.75,1.89,4,4,3
P00227,2025-08-31,28,375.3,13.4,1.7,6,4,0
P00227,2025-10-01,29,375.5,12.95,4.43,11,4,0
P00227,2025-10-31,28,365.5,13.05,2.02,6,4,3
P00227,2025-12-01,28,379.3,13.55,2.64,3,4,1
P00227,2025-12-31,29,383.9,13.24,6.0,2,4,2
P00227,2026-01-30,27,356.5,13.21,3.65,7,4,0
P00227,2026-03-02,30,394.9,13.16,6.0,7,4,2
P00227,2026-04-01,31,430.7,13.89,4.14,6,4,0
P00227,2026-05-02,31,415.1,13.39,1.82,2,4,0
P00227,2026-06-01,31,437.5,14.11,2.47,6,4,0
P00227,2026-07-02,24,321.2,13.38,4.02,3,4,1
P00227,2026-08-01,28,378.4,13.52,0.2,7,4,1
P00228,2024-08-31,29,241.0,8.31,1.58,2,4,2
P00228,2024-09-30,26,198.5,7.63,0.2,9,4,3
P00228,2024-10-31,29,194.4,6.7,0.99,4,4,1
P00228,2024-11-30,24,170.7,7.11,2.66,8,4,2
P00228,2024-12-31,30,226.9,7.56,1.28,3,4,4
P00228,2025-01-30,30,199.8,6.66,0.98,3,4,1
P00228,2025-03-02,24,169.6,7.07,2.9,3,4,3
P00228,2025-04-01,27,188.7,6.99,4.87,4,4,3
P00228,2025-05-01,29,219.5,7.57,1.75,2,4,2
P00228,2025-06-01,29,206.1,7.11,2.1,2,4,4
P00228,2025-07-01,29,205.4,7.08,1.38,5,4,2
P00228,2025-08-01,26,197.9,7.61,2.47,2,4,1
P00228,2025-08-31,25,180.0,7.2,3.05,8,4,0
P00228,2025-10-01,27,210.4,7.79,0.84,4,4,3
P00228,2025-10-31,29,224.6,7.75,2.41,8,4,1
P00228,2025-12-01,24,169.4,7.06,3.67,3,4,1
P00228,2025-12-31,28,212.1,7.58,3.07,3,4,4
P00228,2026-01-30,26,183.1,7.04,0.49,3,4,2
P00228,2026-03-02,26,173.0,6.65,2.19,6,4,4
P00228,2026-04-01,29,213.1,7.35,4.02,2,4,3
P00228,2026-05-02,26,182.1,7.0,0.54,3,4,3
P00228,2026-06-01,28,197.4,7.05,2.26,6,4,2
P00228,2026-07-02,28,191.0,6.82,0.79,3,4,3
P00228,2026-08-01,28,213.7,7.63,0.24,4,4,3
P00229,2024-08-31,31,426.3,13.75,0.65,4,4,1
P00229,2024-09-30,31,428.2,13.81,0.85,10,4,0
P00229,2024-10-31,31,406.3,13.11,2.2,3,4,1
P00229,2024-11-30,27,380.8,14.11,1.76,9,4,0
P00229,2024-12-31,27,358.8,13.29,2.37,6,4,0
P00229,2025-01-30,27,376.7,13.95,2.19,5,4,1
P00229,2025-03-02,28,404.6,14.45,1.66,4,4,0
P00229,2025-04-01,28,404.6,14.45,6.0,6,4,2
P00229,2025-05-01,28,387.4,13.83,5.92,6,4,0
P00229,2025-06-01,28,409.7,14.63,1.39,8,4,0
P00229,2025-07-01,26,384.7,14.8,2.13,5,4,1
P00229,2025-08-01,28,429.7,15.35,1.76,8,4,1
P00229,2025-08-31,27,420.1,15.56,1.03,4,4,0
P00229,2025-10-01,31,462.1,14.91,1.9,10,4,0
P00229,2025-10-31,29,441.3,15.22,1.36,10,4,1
P00229,2025-12-01,31,482.6,15.57,2.79,5,4,0
P00229,2025-12-31,27,403.9,14.96,0.62,4,4,1
P00229,2026-01-30,28,402.3,14.37,0.67,10,4,1
P00229,2026-03-02,29,412.6,14.23,0.67,6,4,0
P00229,2026-04-01,27,414.7,15.36,2.44,4,4,0
P00229,2026-05-02,30,452.7,15.09,1.2,5,4,0
P00229,2026-06-01,29,432.6,14.92,2.03,5,4,1
P00229,2026-07-02,28,422.8,15.1,2.33,6,4,0
P00229,2026-08-01,29,420.0,14.48,6.0,4,4,0
P00230,2024-08-31,30,386.7,12.89,2.75,4,4,0
P00230,2024-09-30,30,400.8,13.36,3.02,4,4,0
P00230,2024-10-31,26,329.2,12.66,3.04,2,4,1
P00230,2024-11-30,25,343.4,13.74,3.73,8,4,0
P00230,2024-12-31,29,387.5,13.36,3.89,5,4,0
P00230,2025-01-30,29,408.4,14.08,1.25,3,4,0
P00230,2025-03-02,30,402.8,13.43,0.3,5,4,1
P00230,2025-04-01,28,374.8,13.39,3.39,6,4,0
P00230,2025-05-01,27,361.3,13.38,0.74,6,4,0
P00230,2025-06-01,31,413.2,13.33,5.88,2,4,1
P00230,2025-07-01,27,353.4,13.09,6.0,5,4,2
P00230,2025-08-01,29,386.2,13.32,0.6,2,4,1
P00230,2025-08-31,31,394.2,12.72,3.98,9,4,1
P00230,2025-10-01,26,340.3,13.09,1.42,6,4,1
P00230,2025-10-31,27,357.4,13.24,1.61,4,4,1
P00230,2025-12-01,25,312.1,12.48,2.08,6,4,0
P00230,2025-12-31,30,364.1,12.14,3.4,7,4,0
P00230,2026-01-30,30,382.4,12.75,3.0,5,4,1
P00230,2026-03-02,30,360.7,12.02,2.2,8,4,0
P00230,2026-04-01,27,327.8,12.14,1.97,5,4,2
P00230,2026-05-02,27,320.7,11.88,4.61,12,4,1
P00230,2026-06-01,31,361.3,11.66,2.51,7,4,2
P00230,2026-07-02,28,328.9,11.75,3.22,9,4,1
P00230,2026-08-01,29,352.8,12.17,1.05,7,4,0
P00231,2024-08-31,31,409.4,13.21,2.79,10,4,2
P00231,2024-09-30,30,402.3,13.41,2.37,3,4,0
P00231,2024-10-31,30,415.7,13.86,3.67,5,4,1
P00231,2024-11-30,30,399.1,13.3,2.78,8,4,1
P00231,2024-12-31,30,384.0,12.8,0.88,4,4,2
P00231,2025-01-30,29,378.5,13.05,2.48,7,4,0
P00231,2025-03-02,26,330.6,12.72,2.12,9,4,1
P00231,2025-04-01,30,398.6,13.29,0.99,6,4,0
P00231,2025-05-01,31,403.0,13.0,1.09,9,4,2
P00231,2025-06-01,27,356.3,13.19,2.62,9,4,1
P00231,2025-07-01,31,427.5,13.79,2.77,3,4,1
P00231,2025-08-01,27,353.8,13.1,2.17,7,4,1
P00231,2025-08-31,29,383.6,13.23,1.28,6,4,0
P00231,2025-10-01,29,397.8,13.72,3.16,6,4,0
P00231,2025-10-31,28,372.7,13.31,0.59,5,4,0
P00231,2025-12-01,29,408.6,14.09,5.27,7,4,0
P00231,2025-12-31,30,421.0,14.03,4.68,10,4,1
P00231,2026-01-30,30,444.0,14.8,1.54,3,4,0
P00231,2026-03-02,28,376.6,13.45,3.35,8,4,0
P00231,2026-04-01,31,423.3,13.66,6.0,4,4,2
P00231,2026-05-02,29,408.3,14.08,0.31,8,4,1
P00231,2026-06-01,28,391.1,13.97,1.91,7,4,0
P00231,2026-07-02,29,396.3,13.67,1.36,2,4,1
P00231,2026-08-01,29,406.7,14.02,3.93,4,4,1
P00232,2024-08-31,28,233.9,8.36,4.49,6,4,3
P00232,2024-09-30,29,293.5,10.12,1.33,5,4,3
P00232,2024-10-31,31,280.1,9.04,2.17,6,4,3
P00232,2024-11-30,27,234.2,8.67,1.18,6,4,3
P00232,2024-12-31,31,292.8,9.44,2.86,8,4,3
P00232,2025-01-30,31,315.0,10.16,2.73,7,4,3
P00232,2025-03-02,31,299.5,9.66,1.64,6,4,2
P00232,2025-04-01,26,250.1,9.62,6.0,9,4,2
P00232,2025-05-01,30,261.4,8.71,2.8,6,4,4
P00232,2025-06-01,30,267.0,8.9,2.66,11,4,1
P00232,2025-07-01,30,269.8,8.99,0.24,9,4,2
P00232,2025-08-01,31,280.0,9.03,0.48,7,4,1
P00232,2025-08-31,29,257.3,8.87,1.44,5,4,1
P00232,2025-10-01,29,265.0,9.14,2.79,3,4,3
P00232,2025-10-31,29,276.9,9.55,2.58,11,4,2
P00232,2025-12-01,31,294.6,9.5,0.28,9,4,2
P00232,2025-12-31,28,260.5,9.3,1.12,4,4,2
P00232,2026-01-30,31,286.7,9.25,1.23,6,4,3
P00232,2026-03-02,27,249.3,9.23,0.76,9,4,1
P00232,2026-04-01,30,287.3,9.58,2.13,10,4,4
P00232,2026-05-02,28,277.6,9.91,0.2,7,4,1
P00232,2026-06-01,30,296.0,9.87,3.77,10,4,2
P00232,2026-07-02,27,278.9,10.33,2.72,6,4,2
P00232,2026-08-01,27,264.7,9.8,2.87,2,4,2
P00233,2024-08-31,28,368.6,13.16,2.68,2,4,0
P00233,2024-09-30,27,325.9,12.07,0.4,4,4,3
P00233,2024-10-31,26,316.5,12.17,0.76,5,4,0
P00233,2024-11-30,28,321.6,11.48,0.57,4,4,2
P00233,2024-12-31,27,347.4,12.87,3.32,5,4,1
P00233,2025-01-30,26,323.9,12.46,1.0,4,4,1
P00233,2025-03-02,27,343.6,12.73,4.76,2,4,2
P00233,2025-04-01,27,322.2,11.93,1.17,2,4,0
P00233,2025-05-01,29,379.1,13.07,3.73,3,4,1
P00233,2025-06-01,30,372.3,12.41,0.92,1,4,1
P00233,2025-07-01,27,333.2,12.34,1.45,4,4,1
P00233,2025-08-01,30,397.3,13.24,0.73,6,4,0
P00233,2025-08-31,27,340.7,12.62,1.69,2,4,0
P00233,2025-10-01,29,382.6,13.19,1.53,8,4,1
P00233,2025-10-31,28,358.4,12.8,1.11,0,4,0
P00233,2025-12-01,27,344.9,12.78,4.25,9,4,0
P00233,2025-12-31,25,332.6,13.3,2.76,5,4,1
P00233,2026-01-30,26,331.3,12.74,2.87,3,4,0
P00233,2026-03-02,28,355.3,12.69,2.4,7,4,1
P00233,2026-04-01,27,343.3,12.71,3.17,4,4,0
P00233,2026-05-02,27,343.4,12.72,1.15,4,4,0
P00233,2026-06-01,28,358.5,12.8,2.14,2,4,1
P00233,2026-07-02,31,390.1,12.58,2.84,2,4,0
P00233,2026-08-01,29,405.1,13.97,1.12,1,4,1
P00234,2024-08-31,31,413.6,13.34,1.96,6,4,1
P00234,2024-09-30,27,372.6,13.8,2.99,3,4,1
P00234,2024-10-31,27,361.2,13.38,4.7,9,4,1
P00234,2024-11-30,28,377.6,13.49,0.66,8,4,1
P00234,2024-12-31,30,406.9,13.56,2.26,11,4,1
P00234,2025-01-30,26,372.6,14.33,0.49,4,4,0
P00234,2025-03-02,28,386.8,13.81,5.24,4,4,0
P00234,2025-04-01,27,381.2,14.12,3.74,9,4,1
P00234,2025-05-01,26,348.9,13.42,2.64,5,4,0
P00234,2025-06-01,29,389.6,13.44,2.13,8,4,0
P00234,2025-07-01,31,411.1,13.26,3.04,6,4,0
P00234,2025-08-01,28,366.1,13.08,1.84,6,4,1
P00234,2025-08-31,29,401.6,13.85,0.5,9,4,0
P00234,2025-10-01,28,388.4,13.87,1.68,5,4,0
P00234,2025-10-31,29,401.8,13.85,2.75,4,4,0
P00234,2025-12-01,28,375.5,13.41,5.28,2,4,3
P00234,2025-12-31,30,398.2,13.27,3.74,6,4,1
P00234,2026-01-30,26,353.3,13.59,1.46,6,4,0
P00234,2026-03-02,30,412.2,13.74,0.82,6,4,1
P00234,2026-04-01,27,374.6,13.87,1.06,6,4,1
P00234,2026-05-02,26,364.7,14.03,1.74,7,4,2
P00234,2026-06-01,29,416.7,14.37,0.34,5,4,0
P00234,2026-07-02,27,376.8,13.96,1.28,9,4,2
P00234,2026-08-01,31,407.2,13.14,1.32,5,4,1
P00235,2024-08-31,27,345.5,12.8,4.29,6,4,1
P00235,2024-09-30,23,291.4,12.67,2.16,6,4,0
P00235,2024-10-31,27,331.9,12.29,2.26,6,4,2
P00235,2024-11-30,29,348.2,12.01,1.59,6,4,1
P00235,2024-12-31,30,368.4,12.28,1.43,4,4,0
P00235,2025-01-30,29,371.6,12.81,0.49,6,4,0
P00235,2025-03-02,27,353.2,13.08,0.81,1,4,0
P00235,2025-04-01,26,317.7,12.22,4.2,8,4,0
P00235,2025-05-01,29,343.9,11.86,0.29,5,4,2
P00235,2025-06-01,25,310.3,12.41,2.28,4,4,1
P00235,2025-07-01,29,371.7,12.82,2.66,2,4,1
P00235,2025-08-01,24,312.9,13.04,2.9,4,4,0
P00235,2025-08-31,26,334.0,12.85,2.11,2,4,0
P00235,2025-10-01,27,359.1,13.3,1.5,3,4,2
P00235,2025-10-31,27,353.5,13.09,1.15,2,4,0
P00235,2025-12-01,29,407.6,14.06,1.57,3,4,2
P00235,2025-12-31,29,391.2,13.49,1.42,4,4,1
P00235,2026-01-30,30,407.4,13.58,1.87,5,4,1
P00235,2026-03-02,26,336.2,12.93,4.87,4,4,0
P00235,2026-04-01,30,376.1,12.54,1.4,3,4,1
P00235,2026-05-02,27,353.1,13.08,1.45,2,4,0
P00235,2026-06-01,26,338.8,13.03,4.4,1,4,0
P00235,2026-07-02,27,342.2,12.67,0.67,4,4,2
P00235,2026-08-01,27,374.1,13.86,1.11,5,4,2
P00236,2024-08-31,27,347.6,12.87,2.08,3,4,1
P00236,2024-09-30,27,358.1,13.26,2.56,10,4,2
P00236,2024-10-31,30,400.3,13.34,3.21,4,4,0
P00236,2024-11-30,28,366.9,13.1,2.21,6,4,1
P00236,2024-12-31,25,342.5,13.7,0.73,9,4,1
P00236,2025-01-30,28,364.1,13.0,3.6,7,4,1
P00236,2025-03-02,25,345.6,13.82,0.29,7,4,1
P00236,2025-04-01,27,370.9,13.74,1.05,7,4,0
P00236,2025-05-01,29,390.1,13.45,0.48,3,4,2
P00236,2025-06-01,29,390.9,13.48,1.86,5,4,0
P00236,2025-07-01,27,351.4,13.01,0.64,4,4,0
P00236,2025-08-01,27,375.5,13.91,1.22,6,4,0
P00236,2025-08-31,27,372.6,13.8,2.99,4,4,1
P00236,2025-10-01,30,418.6,13.95,2.73,5,4,2
P00236,2025-10-31,29,402.6,13.88,0.87,1,4,0
P00236,2025-12-01,28,405.4,14.48,4.25,6,4,0
P00236,2025-12-31,27,373.4,13.83,2.97,6,4,1
P00236,2026-01-30,29,409.5,14.12,1.21,4,4,1
P00236,2026-03-02,27,377.4,13.98,0.45,5,4,2
P00236,2026-04-01,29,425.3,14.67,1.82,2,4,0
P00236,2026-05-02,24,338.5,14.11,1.8,3,4,0
P00236,2026-06-01,27,380.0,14.07,0.89,4,4,2
P00236,2026-07-02,27,353.4,13.09,0.54,5,4,1
P00236,2026-08-01,29,389.1,13.42,1.08,3,4,1
P00237,2024-08-31,29,373.0,12.86,3.21,9,4,1
P00237,2024-09-30,31,428.2,13.81,0.75,6,4,1
P00237,2024-10-31,28,368.2,13.15,0.2,6,4,0
P00237,2024-11-30,27,363.2,13.45,0.75,4,4,0
P00237,2024-12-31,27,360.3,13.34,1.09,5,4,1
P00237,2025-01-30,27,349.2,12.93,1.87,6,4,0
P00237,2025-03-02,29,368.8,12.72,0.74,2,4,1
P00237,2025-04-01,29,396.2,13.66,2.12,6,4,0
P00237,2025-05-01,28,367.2,13.11,0.87,6,4,1
P00237,2025-06-01,28,373.9,13.35,0.59,4,4,0
P00237,2025-07-01,28,377.8,13.49,1.41,7,4,0
P00237,2025-08-01,30,395.4,13.18,5.8,3,4,0
P00237,2025-08-31,28,390.1,13.93,0.26,6,4,0
P00237,2025-10-01,31,390.5,12.6,1.98,9,4,1
P00237,2025-10-31,27,331.9,12.29,2.61,10,4,0
P00237,2025-12-01,29,367.0,12.66,2.11,8,4,1
P00237,2025-12-31,30,372.8,12.43,1.81,1,4,1
P00237,2026-01-30,28,348.9,12.46,2.05,2,4,1
P00237,2026-03-02,28,357.2,12.76,0.29,4,4,2
P00237,2026-04-01,23,291.8,12.69,1.94,6,4,1
P00237,2026-05-02,30,369.4,12.31,2.81,6,4,1
P00237,2026-06-01,30,376.9,12.56,3.56,4,4,0
P00237,2026-07-02,29,348.5,12.02,1.42,4,4,0
P00237,2026-08-01,27,332.2,12.3,2.15,8,4,2
P00238,2024-08-31,27,370.7,13.73,4.62,6,4,0
P00238,2024-09-30,28,363.9,13.0,1.36,7,4,3
P00238,2024-10-31,24,310.6,12.94,1.2,4,4,0
P00238,2024-11-30,27,327.0,12.11,1.43,6,4,1
P00238,2024-12-31,27,358.1,13.26,0.4,6,4,0
P00238,2025-01-30,26,322.4,12.4,0.2,3,4,1
P00238,2025-03-02,30,364.0,12.13,0.72,8,4,0
P00238,2025-04-01,27,338.3,12.53,1.23,4,4,0
P00238,2025-05-01,28,345.3,12.33,1.46,6,4,1
P00238,2025-06-01,28,366.8,13.1,0.58,7,4,1
P00238,2025-07-01,26,335.2,12.89,4.98,1,4,0
P00238,2025-08-01,28,366.8,13.1,0.34,5,4,1
P00238,2025-08-31,25,339.8,13.59,0.7,10,4,2
P00238,2025-10-01,30,382.6,12.75,0.97,3,4,1
P00238,2025-10-31,30,376.6,12.55,0.24,2,4,1
P00238,2025-12-01,28,351.3,12.54,1.68,0,4,1
P00238,2025-12-31,30,381.2,12.71,1.82,4,4,1
P00238,2026-01-30,23,306.1,13.31,2.05,7,4,0
P00238,2026-03-02,27,335.3,12.42,2.99,3,4,0
P00238,2026-04-01,28,348.6,12.45,2.51,9,4,1
P00238,2026-05-02,25,308.5,12.34,1.58,4,4,0
P00238,2026-06-01,29,356.7,12.3,2.54,4,4,1
P00238,2026-07-02,28,361.9,12.92,1.18,1,4,3
P00238,2026-08-01,26,357.2,13.74,0.85,4,4,0
P00239,2024-08-31,30,406.0,13.53,3.11,8,4,0
P00239,2024-09-30,29,400.3,13.8,0.79,5,4,1
P00239,2024-10-31,30,393.9,13.13,5.06,3,4,1
P00239,2024-11-30,29,382.5,13.19,3.01,8,4,0
P00239,2024-12-31,27,356.4,13.2,1.51,6,4,0
P00239,2025-01-30,28,370.2,13.22,3.38,3,4,2
P00239,2025-03-02,28,372.1,13.29,0.53,4,4,0
P00239,2025-04-01,29,402.7,13.89,2.81,8,4,1
P00239,2025-05-01,25,322.6,12.91,3.21,7,4,1
P00239,2025-06-01,30,393.0,13.1,2.99,3,4,3
P00239,2025-07-01,29,372.8,12.86,1.65,5,4,1
P00239,2025-08-01,29,361.3,12.46,1.3,6,4,1
P00239,2025-08-31,28,338.7,12.1,2.16,5,4,0
P00239,2025-10-01,30,371.6,12.39,3.33,2,4,1
P00239,2025-10-31,26,329.8,12.69,2.19,3,4,1
P00239,2025-12-01,26,336.5,12.94,0.91,3,4,1
P00239,2025-12-31,28,359.6,12.84,6.0,9,4,1
P00239,2026-01-30,31,396.3,12.78,1.07,7,4,0
P00239,2026-03-02,29,374.6,12.92,1.96,5,4,2
P00239,2026-04-01,31,365.6,11.8,1.05,8,4,0
P00239,2026-05-02,28,355.3,12.69,1.48,12,4,1
P00239,2026-06-01,27,355.2,13.15,3.51,5,4,1
P00239,2026-07-02,29,388.4,13.39,3.38,10,4,0
P00239,2026-08-01,28,383.5,13.7,0.74,8,4,0
P00240,2024-08-31,26,333.5,12.83,1.53,3,4,3
P00240,2024-09-30,28,351.1,12.54,0.86,5,4,2
P00240,2024-10-31,29,374.2,12.91,1.83,5,4,0
P00240,2024-11-30,26,339.9,13.07,1.64,5,4,2
P00240,2024-12-31,28,360.3,12.87,4.19,10,4,2
P00240,2025-01-30,27,357.6,13.24,2.05,2,4,0
P00240,2025-03-02,29,373.3,12.87,0.87,3,4,1
P00240,2025-04-01,26,333.3,12.82,1.45,4,4,1
P00240,2025-05-01,28,355.4,12.69,1.4,4,4,0
P00240,2025-06-01,29,381.7,13.16,3.72,8,4,0
P00240,2025-07-01,27,348.1,12.89,3.57,10,4,0
P00240,2025-08-01,29,394.6,13.61,3.19,9,4,1
P00240,2025-08-31,28,365.5,13.05,1.16,2,4,2
P00240,2025-10-01,30,410.7,13.69,1.61,4,4,0
P00240,2025-10-31,27,372.5,13.79,2.56,4,4,1
P00240,2025-12-01,29,390.6,13.47,2.35,7,4,1
P00240,2025-12-31,28,366.0,13.07,1.66,3,4,0
P00240,2026-01-30,28,347.3,12.4,1.54,3,4,1
P00240,2026-03-02,28,370.0,13.21,1.58,1,4,2
P00240,2026-04-01,29,397.5,13.71,6.0,6,4,0
P00240,2026-05-02,30,398.8,13.29,6.0,3,4,0
P00240,2026-06-01,30,388.7,12.96,1.43,6,4,0
P00240,2026-07-02,28,361.0,12.89,3.12,7,4,1
P00240,2026-08-01,27,371.5,13.76,3.46,7,4,0
P00241,2024-08-31,29,359.1,12.38,0.2,6,4,1
P00241,2024-09-30,29,391.9,13.51,0.38,3,4,2
P00241,2024-10-31,26,319.4,12.29,5.94,3,4,1
P00241,2024-11-30,26,324.6,12.48,0.31,6,4,0
P00241,2024-12-31,30,393.7,13.12,1.06,3,4,1
P00241,2025-01-30,27,353.9,13.11,1.57,9,4,1
P00241,2025-03-02,27,382.4,14.16,0.39,1,4,0
P00241,2025-04-01,28,373.7,13.35,1.1,6,4,2
P00241,2025-05-01,28,388.3,13.87,2.14,6,4,1
P00241,2025-06-01,25,344.0,13.76,3.23,2,4,1
P00241,2025-07-01,27,351.6,13.02,2.72,5,4,0
P00241,2025-08-01,28,387.6,13.84,0.72,4,4,0
P00241,2025-08-31,27,378.3,14.01,0.92,7,4,1
P00241,2025-10-01,29,410.5,14.15,3.54,7,4,1
P00241,2025-10-31,26,364.9,14.03,1.26,9,4,0
P00241,2025-12-01,29,432.5,14.91,0.7,4,4,1
P00241,2025-12-31,27,386.3,14.31,0.67,7,4,1
P00241,2026-01-30,26,371.9,14.3,2.04,8,4,0
P00241,2026-03-02,30,401.0,13.37,2.19,5,4,0
P00241,2026-04-01,29,372.7,12.85,5.26,3,4,1
P00241,2026-05-02,26,353.4,13.59,0.97,7,4,1
P00241,2026-06-01,28,392.1,14.0,1.3,3,4,1
P00241,2026-07-02,27,389.3,14.42,2.47,3,4,1
P00241,2026-08-01,28,396.5,14.16,0.35,1,4,1
P00242,2024-08-31,30,419.4,13.98,1.67,6,4,0
P00242,2024-09-30,28,390.2,13.94,2.41,11,4,0
P00242,2024-10-31,28,382.4,13.66,0.63,11,4,2
P00242,2024-11-30,27,363.7,13.47,4.83,1,4,0
P00242,2024-12-31,31,409.8,13.22,6.0,5,4,0
P00242,2025-01-30,31,422.4,13.62,3.73,8,4,3
P00242,2025-03-02,26,382.2,14.7,6.0,8,4,1
P00242,2025-04-01,28,379.0,13.54,5.26,8,4,1
P00242,2025-05-01,29,402.9,13.89,2.02,9,4,1
P00242,2025-06-01,27,370.6,13.72,6.0,9,4,1
P00242,2025-07-01,30,436.2,14.54,5.19,10,4,0
P00242,2025-08-01,29,417.7,14.4,3.9,8,4,1
P00242,2025-08-31,27,388.1,14.37,1.42,7,4,2
P00242,2025-10-01,31,435.6,14.05,4.29,7,4,0
P00242,2025-10-31,29,415.4,14.32,3.48,12,4,1
P00242,2025-12-01,28,388.4,13.87,2.26,6,4,1
P00242,2025-12-31,30,424.3,14.14,1.87,7,4,1
P00242,2026-01-30,29,399.3,13.77,4.31,9,4,0
P00242,2026-03-02,28,385.3,13.76,3.9,7,4,0
P00242,2026-04-01,27,359.4,13.31,2.13,9,4,1
P00242,2026-05-02,29,419.2,14.45,2.53,10,4,0
P00242,2026-06-01,30,424.5,14.15,0.47,10,4,0
P00242,2026-07-02,29,417.6,14.4,3.85,8,4,0
P00242,2026-08-01,28,415.3,14.83,1.49,7,4,0
P00243,2024-08-31,31,444.7,14.35,1.9,5,4,1
P00243,2024-09-30,30,395.5,13.18,4.95,5,4,0
P00243,2024-10-31,28,375.6,13.42,0.6,6,4,0
P00243,2024-11-30,30,393.0,13.1,2.94,6,4,0
P00243,2024-12-31,29,406.3,14.01,0.86,3,4,2
P00243,2025-01-30,30,395.4,13.18,3.22,8,4,1
P00243,2025-03-02,31,429.7,13.86,3.03,8,4,1
P00243,2025-04-01,29,382.1,13.18,3.82,9,4,0
P00243,2025-05-01,28,400.3,14.3,1.6,12,4,0
P00243,2025-06-01,29,402.1,13.87,2.66,5,4,2
P00243,2025-07-01,31,411.4,13.27,4.06,9,4,2
P00243,2025-08-01,29,403.2,13.9,3.21,4,4,0
P00243,2025-08-31,29,395.5,13.64,3.73,8,4,2
P00243,2025-10-01,27,374.7,13.88,1.47,7,4,0
P00243,2025-10-31,29,403.5,13.91,6.0,7,4,2
P00243,2025-12-01,29,419.4,14.46,0.91,9,4,0
P00243,2025-12-31,30,431.7,14.39,1.72,12,4,0
P00243,2026-01-30,29,405.9,14.0,5.35,7,4,1
P00243,2026-03-02,30,421.2,14.04,0.58,7,4,0
P00243,2026-04-01,30,422.8,14.09,2.59,3,4,0
P00243,2026-05-02,28,391.7,13.99,1.89,9,4,1
P00243,2026-06-01,25,364.3,14.57,4.9,4,4,0
P00243,2026-07-02,29,422.6,14.57,2.03,8,4,1
P00243,2026-08-01,29,403.6,13.92,4.22,8,4,1
P00244,2024-08-31,28,379.5,13.55,1.36,3,4,0
P00244,2024-09-30,28,370.4,13.23,4.91,4,4,1
P00244,2024-10-31,30,401.3,13.38,3.76,8,4,0
P00244,2024-11-30,30,392.2,13.07,2.91,8,4,1
P00244,2024-12-31,29,409.0,14.1,4.89,5,4,1
P00244,2025-01-30,31,386.7,12.48,3.31,7,4,2
P00244,2025-03-02,27,345.9,12.81,1.79,9,4,1
P00244,2025-04-01,27,337.4,12.5,0.57,8,4,0
P00244,2025-05-01,29,367.2,12.66,2.2,10,4,2
P00244,2025-06-01,29,369.4,12.74,2.77,7,4,0
P00244,2025-07-01,29,356.9,12.31,3.21,3,4,0
P00244,2025-08-01,31,412.0,13.29,2.53,14,4,2
P00244,2025-08-31,28,365.3,13.05,0.28,6,4,1
P00244,2025-10-01,28,356.3,12.73,2.96,4,4,2
P00244,2025-10-31,26,337.0,12.96,1.34,6,4,1
P00244,2025-12-01,29,357.9,12.34,2.71,6,4,0
P00244,2025-12-31,31,410.2,13.23,1.54,9,4,0
P00244,2026-01-30,29,373.8,12.89,0.94,7,4,0
P00244,2026-03-02,30,373.9,12.46,2.97,8,4,1
P00244,2026-04-01,29,379.3,13.08,2.75,4,4,0
P00244,2026-05-02,27,351.4,13.01,6.0,5,4,1
P00244,2026-06-01,28,387.0,13.82,3.49,10,4,2
P00244,2026-07-02,29,372.4,12.84,3.59,3,4,2
P00244,2026-08-01,30,393.1,13.1,2.85,3,4,1
P00245,2024-08-31,28,345.3,12.33,3.99,9,4,0
P00245,2024-09-30,28,333.5,11.91,2.68,1,4,0
P00245,2024-10-31,24,290.0,12.08,1.19,2,4,1
P00245,2024-11-30,27,338.1,12.52,2.88,6,4,0
P00245,2024-12-31,26,323.2,12.43,0.66,4,4,1
P00245,2025-01-30,27,327.3,12.12,2.23,7,4,1
P00245,2025-03-02,24,276.5,11.52,1.12,10,4,1
P00245,2025-04-01,28,333.5,11.91,0.73,6,4,2
P00245,2025-05-01,29,327.8,11.3,4.2,4,4,1
P00245,2025-06-01,27,304.9,11.29,2.14,6,4,0
P00245,2025-07-01,31,349.0,11.26,1.88,4,4,0
P00245,2025-08-01,29,341.2,11.76,0.4,4,4,1
P00245,2025-08-31,26,308.8,11.88,1.59,3,4,0
P00245,2025-10-01,26,294.8,11.34,1.19,4,4,0
P00245,2025-10-31,27,303.4,11.24,3.77,1,4,0
P00245,2025-12-01,28,328.1,11.72,1.46,2,4,1
P00245,2025-12-31,28,315.6,11.27,1.37,6,4,0
P00245,2026-01-30,26,283.9,10.92,2.83,5,4,1
P00245,2026-03-02,26,306.7,11.8,0.35,7,4,2
P00245,2026-04-01,25,303.2,12.13,1.13,9,4,1
P00245,2026-05-02,28,317.4,11.34,3.12,3,4,1
P00245,2026-06-01,29,338.7,11.68,1.33,3,4,0
P00245,2026-07-02,29,313.6,10.81,4.57,3,4,1
P00245,2026-08-01,26,266.4,10.25,3.94,7,4,4
P00246,2024-08-31,29,383.9,13.24,3.32,6,4,2
P00246,2024-09-30,29,382.2,13.18,5.29,6,4,2
P00246,2024-10-31,30,403.3,13.44,2.82,10,4,2
P00246,2024-11-30,30,399.8,13.33,3.79,11,4,1
P00246,2024-12-31,31,414.3,13.36,3.62,7,4,1
P00246,2025-01-30,27,355.4,13.16,2.03,6,4,2
P00246,2025-03-02,28,382.6,13.66,5.4,6,4,1
P00246,2025-04-01,28,404.3,14.44,3.25,9,4,2
P00246,2025-05-01,29,388.3,13.39,6.0,11,4,2
P00246,2025-06-01,30,420.4,14.01,2.53,7,4,1
P00246,2025-07-01,30,416.1,13.87,2.97,5,4,1
P00246,2025-08-01,31,454.8,14.67,2.07,6,4,0
P00246,2025-08-31,28,408.5,14.59,1.42,8,4,1
P00246,2025-10-01,31,454.3,14.65,2.97,3,4,1
P00246,2025-10-31,29,429.2,14.8,1.42,0,4,2
P00246,2025-12-01,31,449.4,14.5,1.49,6,4,0
P00246,2025-12-31,29,418.7,14.44,1.72,3,4,1
P00246,2026-01-30,28,414.1,14.79,3.92,6,4,0
P00246,2026-03-02,31,459.2,14.81,3.27,6,4,1
P00246,2026-04-01,27,381.8,14.14,0.22,7,4,0
P00246,2026-05-02,31,444.2,14.33,0.53,8,4,0
P00246,2026-06-01,29,401.4,13.84,0.39,6,4,0
P00246,2026-07-02,29,403.1,13.9,1.93,5,4,0
P00246,2026-08-01,29,394.4,13.6,2.6,9,4,1
P00247,2024-08-31,27,358.5,13.28,3.07,6,4,1
P00247,2024-09-30,28,355.9,12.71,1.87,5,4,0
P00247,2024-10-31,25,319.4,12.77,1.05,5,4,0
P00247,2024-11-30,26,344.0,13.23,0.87,2,4,0
P00247,2024-12-31,26,324.0,12.46,2.38,6,4,1
P00247,2025-01-30,30,386.4,12.88,1.15,3,4,1
P00247,2025-03-02,27,345.3,12.79,0.62,6,4,1
P00247,2025-04-01,27,339.0,12.56,1.87,2,4,1
P00247,2025-05-01,28,362.3,12.94,1.28,4,4,2
P00247,2025-06-01,27,357.8,13.25,0.75,2,4,2
P00247,2025-07-01,28,363.3,12.98,0.68,5,4,1
P00247,2025-08-01,25,298.4,11.94,1.3,11,4,1
P00247,2025-08-31,28,353.1,12.61,5.2,3,4,0
P00247,2025-10-01,27,338.6,12.54,1.65,2,4,1
P00247,2025-10-31,29,372.2,12.83,1.71,3,4,0
P00247,2025-12-01,27,340.6,12.62,2.26,3,4,0
P00247,2025-12-31,27,345.7,12.8,0.93,2,4,1
P00247,2026-01-30,27,321.6,11.91,1.76,5,4,2
P00247,2026-03-02,28,357.7,12.77,0.98,4,4,0
P00247,2026-04-01,28,348.4,12.44,3.36,2,4,1
P00247,2026-05-02,27,349.6,12.95,0.96,4,4,0
P00247,2026-06-01,28,347.0,12.39,1.48,2,4,1
P00247,2026-07-02,28,367.6,13.13,1.35,6,4,1
P00247,2026-08-01,27,336.8,12.47,0.82,4,4,0
P00248,2024-08-31,28,260.6,9.31,2.01,7,4,2
P00248,2024-09-30,31,275.2,8.88,3.91,5,4,4
P00248,2024-10-31,28,250.5,8.95,1.37,5,4,1
P00248,2024-11-30,28,263.4,9.41,0.78,5,4,2
P00248,2024-12-31,31,278.9,9.0,1.29,7,4,3
P00248,2025-01-30,29,253.0,8.72,3.73,5,4,2
P00248,2025-03-02,30,282.1,9.4,3.43,7,4,3
P00248,2025-04-01,30,276.0,9.2,3.79,8,4,2
P00248,2025-05-01,31,299.7,9.67,1.48,7,4,3
P00248,2025-06-01,28,282.1,10.08,3.77,9,4,1
P00248,2025-07-01,29,277.4,9.57,0.99,6,4,2
P00248,2025-08-01,29,268.0,9.24,0.28,6,4,3
P00248,2025-08-31,31,279.3,9.01,2.04,7,4,2
P00248,2025-10-01,30,271.3,9.04,1.02,8,4,1
P00248,2025-10-31,31,296.9,9.58,6.0,6,4,1
P00248,2025-12-01,27,244.3,9.05,1.9,5,4,2
P00248,2025-12-31,31,266.5,8.6,2.18,7,4,1
P00248,2026-01-30,31,269.5,8.69,3.31,4,4,1
P00248,2026-03-02,29,258.2,8.9,3.36,8,4,3
P00248,2026-04-01,31,286.0,9.23,4.84,8,4,4
P00248,2026-05-02,30,270.4,9.01,1.71,6,4,1
P00248,2026-06-01,28,239.8,8.57,1.98,4,4,0
P00248,2026-07-02,29,256.1,8.83,1.19,4,4,3
P00248,2026-08-01,31,297.1,9.58,2.89,9,4,1
P00249,2024-08-31,28,384.0,13.71,5.43,5,4,1
P00249,2024-09-30,27,337.0,12.48,0.39,9,4,1
P00249,2024-10-31,27,345.2,12.78,2.78,7,4,0
P00249,2024-11-30,28,354.0,12.64,1.68,9,4,1
P00249,2024-12-31,29,384.5,13.26,1.31,4,4,1
P00249,2025-01-30,31,400.7,12.93,2.97,6,4,2
P00249,2025-03-02,31,406.4,13.11,1.79,5,4,1
P00249,2025-04-01,29,393.6,13.57,3.56,4,4,0
P00249,2025-05-01,30,418.9,13.96,0.24,5,4,0
P00249,2025-06-01,27,382.8,14.18,4.34,4,4,1
P00249,2025-07-01,28,406.2,14.51,1.18,4,4,0
P00249,2025-08-01,28,403.3,14.4,4.12,7,4,0
P00249,2025-08-31,27,400.0,14.81,1.18,5,4,1
P00249,2025-10-01,27,382.2,14.16,6.0,10,4,0
P00249,2025-10-31,29,393.6,13.57,1.32,3,4,1
P00249,2025-12-01,27,378.7,14.03,0.5,5,4,0
P00249,2025-12-31,29,405.9,14.0,3.19,4,4,0
P00249,2026-01-30,29,414.2,14.28,3.15,11,4,1
P00249,2026-03-02,29,419.8,14.48,2.15,7,4,1
P00249,2026-04-01,28,407.8,14.57,2.8,8,4,0
P00249,2026-05-02,30,426.3,14.21,6.0,6,4,0
P00249,2026-06-01,30,416.5,13.88,2.41,6,4,2
P00249,2026-07-02,28,393.3,14.05,2.23,3,4,0
P00249,2026-08-01,28,403.6,14.41,3.21,7,4,0
P00250,2024-08-31,29,392.8,13.55,0.51,9,4,0
P00250,2024-09-30,28,381.6,13.63,3.06,8,4,1
P00250,2024-10-31,29,412.3,14.22,3.52,12,4,0
P00250,2024-11-30,29,407.7,14.06,6.0,2,4,0
P00250,2024-12-31,31,428.2,13.81,4.2,9,4,0
P00250,2025-01-30,27,380.7,14.1,3.27,6,4,2
P00250,2025-03-02,30,412.0,13.73,1.46,6,4,2
P00250,2025-04-01,28,382.0,13.64,3.84,5,4,0
P00250,2025-05-01,29,391.9,13.51,0.41,5,4,1
P00250,2025-06-01,30,414.3,13.81,6.0,5,4,2
P00250,2025-07-01,31,411.8,13.28,1.64,9,4,0
P00250,2025-08-01,31,432.4,13.95,2.55,4,4,1
P00250,2025-08-31,29,368.5,12.71,1.08,12,4,1
P00250,2025-10-01,29,361.5,12.47,0.52,7,4,0
P00250,2025-10-31,31,411.0,13.26,5.72,5,4,1
P00250,2025-12-01,30,383.1,12.77,0.31,12,4,0
P00250,2025-12-31,28,343.0,12.25,2.13,10,4,2
P00250,2026-01-30,31,405.5,13.08,3.29,6,4,0
P00250,2026-03-02,27,334.2,12.38,0.72,2,4,0
P00250,2026-04-01,28,358.2,12.79,6.0,9,4,1
P00250,2026-05-02,31,399.2,12.88,2.84,7,4,2
P00250,2026-06-01,31,422.1,13.62,0.57,3,4,1
P00250,2026-07-02,31,394.8,12.74,3.18,10,4,2
P00250,2026-08-01,28,374.0,13.36,1.23,8,4,1
P00251,2024-08-31,29,431.3,14.87,0.61,4,4,3
P00251,2024-09-30,27,404.1,14.97,0.46,4,4,4
P00251,2024-10-31,29,431.5,14.88,0.25,3,4,1
P00251,2024-11-30,31,448.3,14.46,0.36,4,4,4
P00251,2024-12-31,29,414.9,14.31,0.2,11,4,2
P00251,2025-01-30,31,465.5,15.02,0.66,8,4,3
P00251,2025-03-02,28,435.8,15.56,0.61,12,4,4
P00251,2025-04-01,27,408.0,15.11,0.78,6,4,3
P00251,2025-05-01,29,425.0,14.65,2.37,9,4,3
P00251,2025-06-01,30,446.5,14.88,1.97,5,4,3
P00251,2025-07-01,29,432.9,14.93,0.59,4,4,3
P00251,2025-08-01,27,385.5,14.28,0.69,5,4,3
P00251,2025-08-31,31,426.0,13.74,0.27,7,4,4
P00251,2025-10-01,28,375.3,13.4,0.78,6,4,4
P00251,2025-10-31,28,381.3,13.62,0.32,14,4,3
P00251,2025-12-01,26,348.0,13.39,1.66,6,4,4
P00251,2025-12-31,29,389.0,13.41,0.67,5,4,3
P00251,2026-01-30,28,389.6,13.92,0.61,11,4,3
P00251,2026-03-02,28,383.1,13.68,0.76,7,4,4
P00251,2026-04-01,28,377.4,13.48,0.2,4,4,4
P00251,2026-05-02,30,399.2,13.31,0.32,6,4,2
P00251,2026-06-01,30,420.7,14.02,0.74,5,4,2
P00251,2026-07-02,27,380.6,14.09,2.17,3,4,4
P00251,2026-08-01,26,357.1,13.74,0.26,5,4,4
P00252,2024-08-31,31,273.4,8.82,2.87,6,4,3
P00252,2024-09-30,29,240.3,8.29,2.45,5,4,3
P00252,2024-10-31,28,238.8,8.53,1.42,4,4,3
P00252,2024-11-30,29,256.6,8.85,1.58,6,4,4
P00252,2024-12-31,31,251.9,8.13,3.05,7,4,3
P00252,2025-01-30,28,238.5,8.52,1.59,4,4,4
P00252,2025-03-02,27,218.0,8.07,6.0,4,4,3
P00252,2025-04-01,27,222.4,8.24,2.5,2,4,0
P00252,2025-05-01,30,250.4,8.35,1.22,5,4,2
P00252,2025-06-01,27,222.8,8.25,3.37,4,4,3
P00252,2025-07-01,31,253.6,8.18,0.83,3,4,1
P00252,2025-08-01,28,228.7,8.17,1.76,4,4,3
P00252,2025-08-31,30,237.3,7.91,1.64,6,4,2
P00252,2025-10-01,31,257.3,8.3,0.49,10,4,3
P00252,2025-10-31,31,256.7,8.28,6.0,3,4,2
P00252,2025-12-01,26,206.2,7.93,2.69,3,4,3
P00252,2025-12-31,27,245.9,9.11,0.67,6,4,1
P00252,2026-01-30,30,260.4,8.68,1.39,6,4,4
P00252,2026-03-02,26,224.0,8.62,0.86,2,4,1
P00252,2026-04-01,30,251.1,8.37,1.0,3,4,2
P00252,2026-05-02,28,256.8,9.17,6.0,7,4,2
P00252,2026-06-01,26,222.0,8.54,3.16,4,4,4
P00252,2026-07-02,27,233.9,8.66,2.51,9,4,2
P00252,2026-08-01,28,266.3,9.51,1.11,2,4,3
P00253,2024-08-31,31,432.0,13.93,1.91,9,4,3
P00253,2024-09-30,27,388.5,14.39,1.32,6,4,0
P00253,2024-10-31,29,421.8,14.55,2.11,10,4,0
P00253,2024-11-30,27,382.5,14.17,4.78,10,4,2
P00253,2024-12-31,30,396.8,13.23,2.23,5,4,2
P00253,2025-01-30,31,436.1,14.07,0.9,8,4,1
P00253,2025-03-02,27,393.0,14.55,1.38,6,4,1
P00253,2025-04-01,31,412.6,13.31,2.93,14,4,2
P00253,2025-05-01,30,387.4,12.91,5.71,7,4,2
P00253,2025-06-01,29,369.5,12.74,5.69,4,4,0
P00253,2025-07-01,28,357.1,12.75,0.39,4,4,2
P00253,2025-08-01,29,386.9,13.34,5.72,7,4,1
P00253,2025-08-31,30,403.6,13.45,6.0,10,4,0
P00253,2025-10-01,28,404.2,14.44,3.53,10,4,0
P00253,2025-10-31,27,370.6,13.73,4.5,8,4,1
P00253,2025-12-01,31,416.7,13.44,1.75,7,4,1
P00253,2025-12-31,29,390.7,13.47,0.2,8,4,0
P00253,2026-01-30,30,390.8,13.03,3.44,11,4,1
P00253,2026-03-02,28,360.5,12.88,0.68,7,4,1
P00253,2026-04-01,26,353.1,13.58,0.91,6,4,2
P00253,2026-05-02,27,351.1,13.0,0.62,7,4,2
P00253,2026-06-01,30,404.7,13.49,0.2,10,4,1
P00253,2026-07-02,30,432.7,14.42,2.46,4,4,4
P00253,2026-08-01,27,376.2,13.93,1.72,6,4,2
P00254,2024-08-31,29,413.1,14.24,1.05,5,4,1
P00254,2024-09-30,28,388.0,13.86,1.12,8,4,0
P00254,2024-10-31,31,420.4,13.56,4.07,12,4,1
P00254,2024-11-30,28,369.3,13.19,2.47,7,4,1
P00254,2024-12-31,30,388.7,12.96,0.35,2,4,0
P00254,2025-01-30,31,406.1,13.1,5.72,7,4,2
P00254,2025-03-02,31,414.7,13.38,6.0,6,4,1
P00254,2025-04-01,30,405.8,13.53,0.89,6,4,1
P00254,2025-05-01,29,395.2,13.63,5.02,7,4,0
P00254,2025-06-01,28,381.7,13.63,3.72,9,4,1
P00254,2025-07-01,30,403.6,13.45,2.07,6,4,1
P00254,2025-08-01,31,433.4,13.98,0.57,7,4,0
P00254,2025-08-31,29,394.1,13.59,6.0,4,4,2
P00254,2025-10-01,28,381.0,13.61,2.81,5,4,0
P00254,2025-10-31,29,389.2,13.42,1.65,13,4,0
P00254,2025-12-01,29,394.6,13.61,1.44,8,4,0
P00254,2025-12-31,29,384.8,13.27,1.61,7,4,1
P00254,2026-01-30,29,361.3,12.46,4.66,5,4,0
P00254,2026-03-02,30,407.2,13.57,3.23,7,4,0
P00254,2026-04-01,28,377.0,13.46,0.61,9,4,4
P00254,2026-05-02,31,429.1,13.84,1.65,9,4,0
P00254,2026-06-01,29,414.0,14.28,5.26,10,4,1
P00254,2026-07-02,28,384.3,13.73,3.74,10,4,1
P00254,2026-08-01,29,389.4,13.43,5.29,9,4,0
P00255,2024-08-31,28,363.4,12.98,3.03,4,4,2
P00255,2024-09-30,29,390.3,13.46,1.86,3,4,2
P00255,2024-10-31,30,381.0,12.7,1.02,8,4,2
P00255,2024-11-30,27,340.3,12.6,1.39,4,4,1
P00255,2024-12-31,30,380.5,12.68,1.63,7,4,1
P00255,2025-01-30,28,372.0,13.29,1.74,3,4,0
P00255,2025-03-02,30,382.3,12.74,3.03,4,4,1
P00255,2025-04-01,29,367.9,12.69,1.84,8,4,1
P00255,2025-05-01,31,370.5,11.95,1.52,6,4,0
P00255,2025-06-01,29,376.0,12.97,4.63,4,4,1
P00255,2025-07-01,27,327.4,12.12,0.97,4,4,0
P00255,2025-08-01,28,365.5,13.05,2.6,2,4,0
P00255,2025-08-31,28,367.2,13.11,0.63,8,4,0
P00255,2025-10-01,26,327.6,12.6,2.85,3,4,0
P00255,2025-10-31,28,363.9,13.0,4.5,7,4,1
P00255,2025-12-01,27,353.0,13.07,1.56,5,4,0
P00255,2025-12-31,28,341.5,12.2,2.15,5,4,1
P00255,2026-01-30,27,354.1,13.11,1.48,6,4,1
P00255,2026-03-02,27,348.9,12.92,5.84,6,4,0
P00255,2026-04-01,29,364.5,12.57,0.62,1,4,2
P00255,2026-05-02,30,363.4,12.11,0.77,7,4,0
P00255,2026-06-01,27,346.4,12.83,2.42,4,4,2
P00255,2026-07-02,27,338.1,12.52,2.98,7,4,0
P00255,2026-08-01,27,333.2,12.34,3.13,5,4,0
P00256,2024-08-31,26,215.8,8.3,1.94,10,4,3
P00256,2024-09-30,29,270.4,9.33,3.82,7,4,2
P00256,2024-10-31,27,244.8,9.07,2.73,3,4,2
P00256,2024-11-30,26,221.8,8.53,4.49,3,4,4
P00256,2024-12-31,27,204.0,7.55,2.14,4,4,2
P00256,2025-01-30,27,216.7,8.03,1.12,5,4,3
P00256,2025-03-02,26,201.2,7.74,2.57,3,4,4
P00256,2025-04-01,29,225.7,7.78,1.72,8,4,3
P00256,2025-05-01,27,211.1,7.82,1.8,6,4,2
P00256,2025-06-01,31,247.3,7.98,4.28,3,4,3
P00256,2025-07-01,26,215.0,8.27,3.3,8,4,3
P00256,2025-08-01,28,212.7,7.6,0.28,4,4,3
P00256,2025-08-31,29,241.3,8.32,6.0,5,4,2
P00256,2025-10-01,31,209.6,6.76,3.04,8,4,4
P00256,2025-10-31,31,228.1,7.36,1.42,8,4,3
P00256,2025-12-01,28,218.8,7.81,0.94,6,4,3
P00256,2025-12-31,27,191.0,7.07,1.68,4,4,3
P00256,2026-01-30,25,198.2,7.93,0.2,6,4,2
P00256,2026-03-02,30,240.4,8.01,5.16,1,4,1
P00256,2026-04-01,30,222.7,7.42,1.53,7,4,2
P00256,2026-05-02,28,209.2,7.47,1.06,6,4,4
P00256,2026-06-01,28,226.4,8.09,2.25,7,4,1
P00256,2026-07-02,30,223.0,7.43,2.28,9,4,1
P00256,2026-08-01,31,246.6,7.95,1.62,3,4,3
P00257,2024-08-31,28,202.0,7.21,1.24,2,4,3
P00257,2024-09-30,29,206.0,7.1,1.97,1,4,3
P00257,2024-10-31,23,164.3,7.14,1.53,2,4,2
P00257,2024-11-30,26,191.3,7.36,0.31,5,4,3
P00257,2024-12-31,29,205.6,7.09,3.18,6,4,2
P00257,2025-01-30,28,219.0,7.82,2.84,4,4,3
P00257,2025-03-02,26,196.3,7.55,0.84,3,4,3
P00257,2025-04-01,26,187.2,7.2,0.58,6,4,3
P00257,2025-05-01,27,199.5,7.39,1.53,9,4,4
P00257,2025-06-01,28,207.7,7.42,2.33,5,4,3
P00257,2025-07-01,27,185.3,6.86,2.86,3,4,2
P00257,2025-08-01,26,195.2,7.51,5.25,3,4,2
P00257,2025-08-31,27,207.6,7.69,5.43,0,4,3
P00257,2025-10-01,28,205.1,7.33,1.25,2,4,2
P00257,2025-10-31,27,183.0,6.78,1.85,6,4,3
P00257,2025-12-01,29,202.5,6.98,4.31,3,4,3
P00257,2025-12-31,26,191.2,7.36,0.92,7,4,3
P00257,2026-01-30,27,192.8,7.14,4.24,4,4,2
P00257,2026-03-02,27,189.5,7.02,3.44,2,4,4
P00257,2026-04-01,27,171.4,6.35,0.58,3,4,3
P00257,2026-05-02,27,183.6,6.8,0.2,6,4,1
P00257,2026-06-01,30,182.9,6.1,4.3,4,4,2
P00257,2026-07-02,29,212.0,7.31,4.18,1,4,2
P00257,2026-08-01,28,208.2,7.44,0.25,2,4,3
P00258,2024-08-31,29,409.8,14.13,6.0,5,4,0
P00258,2024-09-30,27,340.5,12.61,2.32,10,4,1
P00258,2024-10-31,28,389.2,13.9,3.23,5,4,3
P00258,2024-11-30,28,361.6,12.92,0.98,4,4,0
P00258,2024-12-31,27,368.0,13.63,1.04,5,4,1
P00258,2025-01-30,27,360.3,13.34,2.56,2,4,0
P00258,2025-03-02,27,366.1,13.56,1.67,3,4,2
P00258,2025-04-01,27,350.2,12.97,1.96,5,4,2
P00258,2025-05-01,30,392.3,13.08,0.36,3,4,2
P00258,2025-06-01,27,350.3,12.97,1.27,11,4,1
P00258,2025-07-01,30,409.0,13.63,1.47,13,4,0
P00258,2025-08-01,29,354.1,12.21,5.16,7,4,1
P00258,2025-08-31,28,368.1,13.14,0.39,5,4,1
P00258,2025-10-01,30,419.0,13.97,5.56,3,4,3
P00258,2025-10-31,28,376.9,13.46,2.21,6,4,1
P00258,2025-12-01,25,339.9,13.6,6.0,3,4,0
P00258,2025-12-31,26,346.3,13.32,0.91,6,4,0
P00258,2026-01-30,30,392.0,13.07,1.46,9,4,0
P00258,2026-03-02,31,417.5,13.47,0.79,11,4,2
P00258,2026-04-01,30,405.4,13.51,0.51,6,4,2
P00258,2026-05-02,28,364.8,13.03,1.19,7,4,2
P00258,2026-06-01,27,348.2,12.89,3.3,6,4,1
P00258,2026-07-02,28,359.8,12.85,1.35,3,4,0
P00258,2026-08-01,29,358.0,12.34,0.7,4,4,1
P00259,2024-08-31,31,413.9,13.35,0.99,9,4,1
P00259,2024-09-30,30,401.2,13.37,5.77,8,4,1
P00259,2024-10-31,27,367.5,13.61,4.84,6,4,0
P00259,2024-11-30,29,384.8,13.27,3.22,5,4,2
P00259,2024-12-31,28,380.1,13.58,2.2,9,4,0
P00259,2025-01-30,30,426.9,14.23,1.51,11,4,0
P00259,2025-03-02,27,378.9,14.03,1.51,5,4,0
P00259,2025-04-01,29,425.6,14.68,1.53,6,4,0
P00259,2025-05-01,29,407.1,14.04,2.88,11,4,1
P00259,2025-06-01,29,387.2,13.35,0.73,7,4,0
P00259,2025-07-01,31,424.5,13.69,1.88,5,4,1
P00259,2025-08-01,28,386.3,13.8,6.0,6,4,0
P00259,2025-08-31,26,355.6,13.68,1.58,10,4,0
P00259,2025-10-01,28,371.9,13.28,0.74,4,4,0
P00259,2025-10-31,27,390.2,14.45,1.36,5,4,1
P00259,2025-12-01,29,387.1,13.35,2.96,5,4,1
P00259,2025-12-31,27,353.8,13.1,2.8,6,4,3
P00259,2026-01-30,28,355.3,12.69,0.95,11,4,0
P00259,2026-03-02,26,346.5,13.33,6.0,6,4,1
P00259,2026-04-01,30,388.1,12.94,1.87,11,4,0
P00259,2026-05-02,28,369.7,13.2,3.88,7,4,0
P00259,2026-06-01,28,386.4,13.8,4.34,11,4,1
P00259,2026-07-02,29,355.4,12.25,0.86,7,4,1
P00259,2026-08-01,29,360.1,12.42,2.09,8,4,1
P00260,2024-08-31,29,367.5,12.67,1.94,9,4,0
P00260,2024-09-30,29,374.4,12.91,0.94,2,4,1
P00260,2024-10-31,27,359.8,13.33,2.1,5,4,0
P00260,2024-11-30,27,358.8,13.29,0.74,1,4,0
P00260,2024-12-31,25,308.2,12.33,2.67,3,4,3
P00260,2025-01-30,30,390.0,13.0,1.69,5,4,2
P00260,2025-03-02,26,353.5,13.6,0.52,3,4,1
P00260,2025-04-01,26,336.0,12.92,2.45,4,4,1
P00260,2025-05-01,28,377.7,13.49,2.52,6,4,0
P00260,2025-06-01,28,371.0,13.25,0.25,6,4,2
P00260,2025-07-01,27,372.3,13.79,0.88,3,4,0
P00260,2025-08-01,29,385.1,13.28,2.48,2,4,1
P00260,2025-08-31,26,327.0,12.58,1.47,4,4,0
P00260,2025-10-01,27,353.2,13.08,4.3,5,4,0
P00260,2025-10-31,27,372.8,13.81,0.82,1,4,1
P00260,2025-12-01,26,355.5,13.67,0.45,3,4,0
P00260,2025-12-31,27,345.3,12.79,1.23,5,4,3
P00260,2026-01-30,28,373.5,13.34,1.45,4,4,1
P00260,2026-03-02,26,352.8,13.57,1.47,4,4,0
P00260,2026-04-01,28,361.0,12.89,0.88,10,4,1
P00260,2026-05-02,26,327.4,12.59,0.87,2,4,1
P00260,2026-06-01,29,385.6,13.3,1.58,8,4,1
P00260,2026-07-02,27,344.0,12.74,0.31,2,4,0
P00260,2026-08-01,27,330.3,12.23,1.19,3,4,1
P00261,2024-08-31,29,364.3,12.56,0.2,5,4,1
P00261,2024-09-30,24,297.5,12.4,0.2,4,4,2
P00261,2024-10-31,23,308.6,13.42,1.53,1,4,0
P00261,2024-11-30,26,338.6,13.02,1.3,2,4,0
P00261,2024-12-31,26,351.9,13.53,2.18,3,4,1
P00261,2025-01-30,25,351.0,14.04,2.19,2,4,0
P00261,2025-03-02,30,416.2,13.87,2.64,7,4,1
P00261,2025-04-01,25,353.0,14.12,1.34,0,4,2
P00261,2025-05-01,29,389.3,13.42,1.25,3,4,0
P00261,2025-06-01,28,373.2,13.33,2.31,3,4,1
P00261,2025-07-01,28,366.6,13.09,1.41,1,4,0
P00261,2025-08-01,29,382.1,13.18,2.47,4,4,0
P00261,2025-08-31,29,399.4,13.77,1.27,6,4,1
P00261,2025-10-01,29,403.9,13.93,4.38,7,4,2
P00261,2025-10-31,26,337.4,12.98,1.12,6,4,1
P00261,2025-12-01,25,359.1,14.37,1.06,3,4,0
P00261,2025-12-31,27,380.6,14.09,1.19,3,4,1
P00261,2026-01-30,28,405.3,14.47,0.26,2,4,0
P00261,2026-03-02,28,379.5,13.55,0.64,3,4,1
P00261,2026-04-01,28,406.1,14.5,2.26,3,4,1
P00261,2026-05-02,26,381.9,14.69,6.0,2,4,0
P00261,2026-06-01,27,368.2,13.64,2.4,6,4,0
P00261,2026-07-02,29,400.6,13.81,0.63,6,4,2
P00261,2026-08-01,27,385.2,14.27,1.4,3,4,0
P00262,2024-08-31,28,362.9,12.96,3.13,3,4,1
P00262,2024-09-30,30,409.1,13.64,3.23,2,4,2
P00262,2024-10-31,30,390.7,13.02,0.74,9,4,0
P00262,2024-11-30,28,369.3,13.19,4.09,6,4,2
P00262,2024-12-31,29,364.1,12.55,4.22,4,4,1
P00262,2025-01-30,29,367.8,12.68,1.71,7,4,1
P00262,2025-03-02,26,343.5,13.21,4.23,4,4,0
P00262,2025-04-01,29,373.1,12.87,2.36,5,4,0
P00262,2025-05-01,28,355.1,12.68,0.93,4,4,0
P00262,2025-06-01,29,370.8,12.79,2.46,6,4,1
P00262,2025-07-01,31,386.3,12.46,1.23,10,4,1
P00262,2025-08-01,28,331.6,11.84,1.57,4,4,0
P00262,2025-08-31,31,386.0,12.45,0.56,8,4,0
P00262,2025-10-01,29,337.7,11.65,3.39,3,4,0
P00262,2025-10-31,30,351.1,11.7,0.75,5,4,3
P00262,2025-12-01,30,364.0,12.13,1.91,4,4,0
P00262,2025-12-31,28,332.4,11.87,3.77,8,4,0
P00262,2026-01-30,29,357.3,12.32,6.0,7,4,0
P00262,2026-03-02,29,352.8,12.16,2.08,8,4,1
P00262,2026-04-01,29,342.0,11.79,1.18,8,4,1
P00262,2026-05-02,28,336.5,12.02,6.0,10,4,2
P00262,2026-06-01,28,328.7,11.74,0.2,5,4,0
P00262,2026-07-02,27,332.5,12.32,0.32,4,4,0
P00262,2026-08-01,31,366.8,11.83,2.03,8,4,0
P00263,2024-08-31,27,352.2,13.04,5.07,5,4,1
P00263,2024-09-30,28,370.0,13.21,3.83,11,4,0
P00263,2024-10-31,29,379.3,13.08,2.94,2,4,0
P00263,2024-11-30,27,336.8,12.47,3.01,4,4,1
P00263,2024-12-31,30,385.1,12.84,1.28,6,4,2
P00263,2025-01-30,28,343.0,12.25,1.25,3,4,2
P00263,2025-03-02,28,348.3,12.44,1.21,5,4,0
P00263,2025-04-01,29,376.5,12.98,5.3,2,4,3
P00263,2025-05-01,30,376.2,12.54,0.67,8,4,2
P00263,2025-06-01,28,354.6,12.66,2.51,3,4,0
P00263,2025-07-01,27,353.2,13.08,0.4,4,4,2
P00263,2025-08-01,28,367.5,13.12,2.29,7,4,1
P00263,2025-08-31,26,337.6,12.98,0.8,6,4,1
P00263,2025-10-01,27,335.9,12.44,4.21,7,4,0
P00263,2025-10-31,27,342.8,12.7,2.15,8,4,0
P00263,2025-12-01,29,365.1,12.59,2.2,3,4,1
P00263,2025-12-31,28,364.6,13.02,3.15,7,4,1
P00263,2026-01-30,28,358.9,12.82,3.5,7,4,0
P00263,2026-03-02,29,368.4,12.7,0.97,3,4,1
P00263,2026-04-01,27,340.1,12.6,2.17,5,4,2
P00263,2026-05-02,29,403.2,13.9,1.69,7,4,1
P00263,2026-06-01,28,376.8,13.46,2.58,3,4,2
P00263,2026-07-02,26,351.9,13.53,1.23,5,4,0
P00263,2026-08-01,25,331.6,13.27,5.15,5,4,1
P00264,2024-08-31,30,369.3,12.31,0.55,4,4,2
P00264,2024-09-30,29,356.6,12.3,0.91,0,4,1
P00264,2024-10-31,28,351.8,12.56,4.3,7,4,0
P00264,2024-11-30,31,362.2,11.68,0.72,4,4,2
P00264,2024-12-31,28,339.3,12.12,1.22,3,4,1
P00264,2025-01-30,28,348.1,12.43,1.43,4,4,0
P00264,2025-03-02,26,328.3,12.63,3.33,4,4,0
P00264,2025-04-01,26,324.6,12.48,1.6,4,4,1
P00264,2025-05-01,28,330.8,11.82,4.74,4,4,0
P00264,2025-06-01,28,339.9,12.14,4.67,7,4,1
P00264,2025-07-01,29,354.7,12.23,3.8,4,4,3
P00264,2025-08-01,26,317.1,12.2,6.0,5,4,1
P00264,2025-08-31,24,287.1,11.96,0.79,1,4,0
P00264,2025-10-01,27,346.9,12.85,0.24,2,4,3
P00264,2025-10-31,25,299.5,11.98,3.96,2,4,1
P00264,2025-12-01,26,334.8,12.88,1.45,4,4,2
P00264,2025-12-31,28,355.3,12.69,0.66,2,4,1
P00264,2026-01-30,26,336.7,12.95,0.73,4,4,1
P00264,2026-03-02,26,336.1,12.93,0.77,3,4,1
P00264,2026-04-01,26,340.2,13.08,2.64,5,4,0
P00264,2026-05-02,27,341.0,12.63,2.22,6,4,0
P00264,2026-06-01,29,376.1,12.97,2.96,3,4,0
P00264,2026-07-02,27,353.2,13.08,0.47,1,4,1
P00264,2026-08-01,28,368.7,13.17,0.88,4,4,1
P00265,2024-08-31,30,404.3,13.48,2.6,8,4,0
P00265,2024-09-30,27,381.6,14.13,1.38,7,4,1
P00265,2024-10-31,31,420.8,13.57,0.8,11,4,0
P00265,2024-11-30,29,426.5,14.71,1.14,5,4,1
P00265,2024-12-31,29,366.8,12.65,0.77,6,4,1
P00265,2025-01-30,28,379.7,13.56,4.73,7,4,1
P00265,2025-03-02,27,360.4,13.35,5.78,10,4,0
P00265,2025-04-01,30,404.3,13.48,2.22,7,4,1
P00265,2025-05-01,29,395.5,13.64,0.46,5,4,1
P00265,2025-06-01,31,410.1,13.23,2.81,6,4,0
P00265,2025-07-01,30,414.3,13.81,2.41,7,4,2
P00265,2025-08-01,26,357.3,13.74,6.0,8,4,0
P00265,2025-08-31,30,400.0,13.33,2.68,7,4,2
P00265,2025-10-01,31,404.2,13.04,5.58,5,4,3
P00265,2025-10-31,30,425.5,14.18,3.52,11,4,1
P00265,2025-12-01,29,386.4,13.32,2.5,4,4,2
P00265,2025-12-31,29,383.6,13.23,2.89,12,4,0
P00265,2026-01-30,31,376.4,12.14,1.51,6,4,0
P00265,2026-03-02,31,416.8,13.45,1.63,2,4,0
P00265,2026-04-01,30,411.9,13.73,1.1,7,4,1
P00265,2026-05-02,28,382.5,13.66,1.76,12,4,2
P00265,2026-06-01,31,399.8,12.9,0.26,5,4,2
P00265,2026-07-02,29,399.5,13.77,0.2,6,4,1
P00265,2026-08-01,28,377.8,13.49,0.24,8,4,2
P00266,2024-08-31,31,444.5,14.34,1.34,6,4,1
P00266,2024-09-30,29,407.6,14.05,3.58,8,4,1
P00266,2024-10-31,28,388.7,13.88,2.55,6,4,3
P00266,2024-11-30,28,366.1,13.08,4.06,5,4,3
P00266,2024-12-31,29,406.6,14.02,3.8,8,4,1
P00266,2025-01-30,29,395.0,13.62,1.79,5,4,2
P00266,2025-03-02,29,391.9,13.51,1.43,10,4,2
P00266,2025-04-01,29,398.7,13.75,1.86,6,4,3
P00266,2025-05-01,27,383.5,14.2,3.96,5,4,1
P00266,2025-06-01,29,370.4,12.77,1.73,5,4,3
P00266,2025-07-01,28,367.1,13.11,1.12,4,4,1
P00266,2025-08-01,31,398.5,12.86,4.25,5,4,3
P00266,2025-08-31,27,340.3,12.6,2.5,11,4,2
P00266,2025-10-01,31,403.1,13.0,1.65,6,4,3
P00266,2025-10-31,25,329.8,13.19,4.81,7,4,3
P00266,2025-12-01,26,334.8,12.88,4.83,10,4,1
P00266,2025-12-31,30,374.4,12.48,0.39,4,4,3
P00266,2026-01-30,29,358.7,12.37,3.27,7,4,3
P00266,2026-03-02,29,351.4,12.12,3.17,11,4,2
P00266,2026-04-01,27,335.8,12.44,1.93,6,4,2
P00266,2026-05-02,31,395.1,12.74,2.42,8,4,1
P00266,2026-06-01,29,355.6,12.26,1.69,7,4,2
P00266,2026-07-02,31,391.9,12.64,2.2,4,4,2
P00266,2026-08-01,29,363.9,12.55,4.33,5,4,1
P00267,2024-08-31,31,267.6,8.63,3.3,6,4,1
P00267,2024-09-30,28,238.8,8.53,0.73,4,4,4
P00267,2024-10-31,29,261.9,9.03,1.72,6,4,3
P00267,2024-11-30,28,240.4,8.58,3.72,7,4,2
P00267,2024-12-31,29,234.3,8.08,1.9,7,4,1
P00267,2025-01-30,27,218.6,8.1,2.04,4,4,2
P00267,2025-03-02,28,216.0,7.72,2.62,5,4,2
P00267,2025-04-01,30,257.6,8.59,1.75,6,4,2
P00267,2025-05-01,31,252.3,8.14,2.02,9,4,3
P00267,2025-06-01,28,257.1,9.18,1.8,5,4,2
P00267,2025-07-01,31,249.4,8.05,2.65,4,4,2
P00267,2025-08-01,27,223.5,8.28,2.1,4,4,1
P00267,2025-08-31,28,224.9,8.03,1.24,8,4,2
P00267,2025-10-01,29,244.8,8.44,2.99,10,4,1
P00267,2025-10-31,27,216.2,8.01,1.62,13,4,2
P00267,2025-12-01,27,225.4,8.35,0.42,6,4,3
P00267,2025-12-31,25,206.7,8.27,2.32,10,4,1
P00267,2026-01-30,30,242.6,8.09,2.61,7,4,2
P00267,2026-03-02,28,212.5,7.59,5.27,6,4,0
P00267,2026-04-01,29,245.1,8.45,5.46,2,4,3
P00267,2026-05-02,31,250.2,8.07,2.1,2,4,3
P00267,2026-06-01,31,275.9,8.9,2.25,5,4,3
P00267,2026-07-02,28,245.4,8.76,1.25,4,4,3
P00267,2026-08-01,30,239.5,7.98,4.02,8,4,3
P00268,2024-08-31,26,369.2,14.2,1.94,4,4,2
P00268,2024-09-30,30,393.4,13.11,3.85,6,4,0
P00268,2024-10-31,25,324.4,12.98,2.7,10,4,0
P00268,2024-11-30,31,433.2,13.97,1.13,7,4,1
P00268,2024-12-31,28,368.1,13.15,4.69,6,4,0
P00268,2025-01-30,29,392.1,13.52,3.06,5,4,2
P00268,2025-03-02,27,333.6,12.36,3.42,7,4,0
P00268,2025-04-01,28,360.7,12.88,2.29,8,4,0
P00268,2025-05-01,28,350.1,12.5,5.24,6,4,1
P00268,2025-06-01,30,381.2,12.71,1.39,8,4,0
P00268,2025-07-01,29,369.5,12.74,3.34,8,4,0
P00268,2025-08-01,30,395.8,13.19,1.58,3,4,0
P00268,2025-08-31,30,380.7,12.69,0.59,5,4,0
P00268,2025-10-01,28,344.3,12.3,1.09,8,4,2
P00268,2025-10-31,30,389.7,12.99,1.98,8,4,0
P00268,2025-12-01,30,402.5,13.42,1.81,5,4,1
P00268,2025-12-31,31,401.0,12.94,1.24,7,4,1
P00268,2026-01-30,30,399.1,13.3,2.28,8,4,2
P00268,2026-03-02,29,367.1,12.66,3.45,4,4,0
P00268,2026-04-01,31,386.1,12.46,1.25,5,4,1
P00268,2026-05-02,28,349.6,12.49,6.0,12,4,0
P00268,2026-06-01,31,368.6,11.89,1.88,4,4,0
P00268,2026-07-02,31,377.8,12.19,1.23,5,4,1
P00268,2026-08-01,28,331.4,11.84,4.32,6,4,1
P00269,2024-08-31,26,325.0,12.5,4.02,4,4,1
P00269,2024-09-30,27,336.7,12.47,1.93,6,4,1
P00269,2024-10-31,31,394.1,12.71,2.13,3,4,0
P00269,2024-11-30,27,353.6,13.1,0.98,5,4,2
P00269,2024-12-31,27,368.7,13.65,0.6,3,4,2
P00269,2025-01-30,27,356.9,13.22,1.02,1,4,1
P00269,2025-03-02,27,366.5,13.58,1.95,4,4,1
P00269,2025-04-01,27,357.9,13.26,1.93,4,4,2
P00269,2025-05-01,28,371.0,13.25,1.13,5,4,0
P00269,2025-06-01,28,358.1,12.79,1.01,4,4,1
P00269,2025-07-01,26,342.2,13.16,4.94,1,4,3
P00269,2025-08-01,26,330.7,12.72,2.44,4,4,2
P00269,2025-08-31,26,320.4,12.32,1.32,2,4,0
P00269,2025-10-01,29,367.3,12.66,1.79,8,4,1
P00269,2025-10-31,28,361.6,12.92,0.89,4,4,0
P00269,2025-12-01,26,345.3,13.28,1.56,3,4,0
P00269,2025-12-31,28,343.6,12.27,0.38,2,4,0
P00269,2026-01-30,28,368.0,13.14,1.0,3,4,1
P00269,2026-03-02,26,330.8,12.72,4.68,1,4,2
P00269,2026-04-01,24,312.6,13.03,1.1,4,4,0
P00269,2026-05-02,26,325.9,12.53,2.03,3,4,1
P00269,2026-06-01,27,342.2,12.67,2.1,5,4,0
P00269,2026-07-02,30,385.7,12.86,0.95,4,4,1
P00269,2026-08-01,27,365.6,13.54,3.08,4,4,0
P00270,2024-08-31,28,392.5,14.02,6.0,5,4,1
P00270,2024-09-30,30,424.4,14.15,0.57,6,4,0
P00270,2024-10-31,29,413.8,14.27,5.09,5,4,1
P00270,2024-11-30,29,405.2,13.97,6.0,4,4,0
P00270,2024-12-31,27,384.7,14.25,2.68,7,4,0
P00270,2025-01-30,31,422.3,13.62,2.9,2,4,0
P00270,2025-03-02,30,441.6,14.72,2.82,8,4,0
P00270,2025-04-01,28,399.4,14.27,2.23,4,4,1
P00270,2025-05-01,28,388.9,13.89,0.77,2,4,1
P00270,2025-06-01,29,410.7,14.16,6.0,5,4,1
P00270,2025-07-01,31,425.6,13.73,2.79,14,4,1
P00270,2025-08-01,29,407.5,14.05,2.47,8,4,2
P00270,2025-08-31,28,404.8,14.46,1.11,6,4,0
P00270,2025-10-01,31,446.6,14.41,0.96,6,4,0
P00270,2025-10-31,29,417.7,14.4,1.6,7,4,0
P00270,2025-12-01,31,469.9,15.16,1.27,8,4,0
P00270,2025-12-31,27,405.0,15.0,4.75,7,4,1
P00270,2026-01-30,28,418.0,14.93,3.67,6,4,3
P00270,2026-03-02,29,439.0,15.14,5.45,4,4,1
P00270,2026-04-01,31,468.1,15.1,5.77,16,4,0
P00270,2026-05-02,31,453.8,14.64,3.87,4,4,2
P00270,2026-06-01,29,413.8,14.27,4.47,7,4,1
P00270,2026-07-02,31,462.5,14.92,3.11,9,4,0
P00270,2026-08-01,28,408.9,14.6,4.26,3,4,2
P00271,2024-08-31,30,422.5,14.08,0.21,3,4,2
P00271,2024-09-30,27,361.1,13.37,1.15,10,4,2
P00271,2024-10-31,27,364.4,13.5,1.32,3,4,0
P00271,2024-11-30,27,354.1,13.12,2.91,4,4,1
P00271,2024-12-31,27,367.1,13.6,0.6,4,4,0
P00271,2025-01-30,29,399.3,13.77,6.0,8,4,1
P00271,2025-03-02,29,379.2,13.08,1.41,7,4,0
P00271,2025-04-01,28,368.8,13.17,2.16,4,4,2
P00271,2025-05-01,25,324.5,12.98,4.91,5,4,1
P00271,2025-06-01,31,406.3,13.11,2.08,3,4,0
P00271,2025-07-01,30,406.7,13.56,6.0,5,4,1
P00271,2025-08-01,30,403.5,13.45,1.86,5,4,1
P00271,2025-08-31,28,390.8,13.96,0.41,5,4,2
P00271,2025-10-01,30,433.1,14.44,1.82,7,4,1
P00271,2025-10-31,28,390.4,13.94,2.08,9,4,2
P00271,2025-12-01,28,396.6,14.16,4.36,3,4,2
P00271,2025-12-31,28,391.9,14.0,2.93,9,4,0
P00271,2026-01-30,30,410.2,13.67,0.84,4,4,0
P00271,2026-03-02,29,405.7,13.99,2.09,10,4,1
P00271,2026-04-01,30,415.6,13.85,2.03,5,4,0
P00271,2026-05-02,27,383.8,14.22,2.02,6,4,0
P00271,2026-06-01,30,410.3,13.68,0.28,10,4,0
P00271,2026-07-02,29,400.7,13.82,2.03,9,4,0
P00271,2026-08-01,31,458.6,14.79,5.74,6,4,0
P00272,2024-08-31,26,215.4,8.28,0.44,3,4,3
P00272,2024-09-30,27,220.2,8.16,1.12,2,4,2
P00272,2024-10-31,30,249.2,8.31,2.18,5,4,2
P00272,2024-11-30,29,258.8,8.92,2.38,7,4,1
P00272,2024-12-31,28,222.2,7.94,2.44,10,4,2
P00272,2025-01-30,26,218.2,8.39,2.08,5,4,2
P00272,2025-03-02,28,235.0,8.39,4.37,2,4,2
P00272,2025-04-01,28,244.1,8.72,1.23,6,4,2
P00272,2025-05-01,27,214.2,7.93,1.81,7,4,3
P00272,2025-06-01,28,221.3,7.9,1.99,6,4,3
P00272,2025-07-01,28,246.6,8.81,2.51,4,4,1
P00272,2025-08-01,26,210.1,8.08,1.43,5,4,2
P00272,2025-08-31,30,263.9,8.8,1.31,3,4,4
P00272,2025-10-01,27,239.8,8.88,1.56,6,4,4
P00272,2025-10-31,27,212.7,7.88,0.2,7,4,4
P00272,2025-12-01,29,268.2,9.25,0.71,9,4,2
P00272,2025-12-31,29,259.2,8.94,5.32,7,4,3
P00272,2026-01-30,25,218.6,8.74,0.86,2,4,1
P00272,2026-03-02,29,272.8,9.41,2.37,2,4,3
P00272,2026-04-01,25,223.0,8.92,2.66,1,4,2
P00272,2026-05-02,27,242.5,8.98,0.58,6,4,4
P00272,2026-06-01,30,263.5,8.78,0.25,11,4,0
P00272,2026-07-02,29,252.7,8.71,2.34,6,4,1
P00272,2026-08-01,28,252.0,9.0,0.59,5,4,2
P00273,2024-08-31,30,385.1,12.84,1.33,2,4,0
P00273,2024-09-30,28,349.0,12.47,0.97,5,4,2
P00273,2024-10-31,28,355.2,12.69,0.57,4,4,0
P00273,2024-11-30,28,342.2,12.22,0.55,6,4,1
P00273,2024-12-31,25,301.1,12.04,1.49,6,4,1
P00273,2025-01-30,27,338.3,12.53,1.28,3,4,0
P00273,2025-03-02,28,354.1,12.65,0.93,4,4,2
P00273,2025-04-01,27,324.2,12.01,1.1,6,4,1
P00273,2025-05-01,28,363.5,12.98,1.05,3,4,1
P00273,2025-06-01,30,365.7,12.19,2.42,3,4,1
P00273,2025-07-01,26,304.6,11.72,3.13,5,4,0
P00273,2025-08-01,26,326.1,12.54,1.31,8,4,3
P00273,2025-08-31,28,320.9,11.46,1.3,5,4,2
P00273,2025-10-01,25,297.1,11.88,1.14,4,4,0
P00273,2025-10-31,25,283.6,11.34,3.25,5,4,0
P00273,2025-12-01,27,334.8,12.4,4.66,2,4,0
P00273,2025-12-31,29,358.2,12.35,1.01,1,4,2
P00273,2026-01-30,29,359.3,12.39,1.18,5,4,2
P00273,2026-03-02,22,270.2,12.28,1.52,3,4,1
P00273,2026-04-01,28,350.4,12.51,0.46,2,4,0
P00273,2026-05-02,27,325.2,12.04,3.37,1,4,1
P00273,2026-06-01,28,337.2,12.04,0.2,4,4,0
P00273,2026-07-02,27,337.3,12.49,2.45,5,4,1
P00273,2026-08-01,22,274.3,12.47,1.13,5,4,1
P00274,2024-08-31,30,250.4,8.35,0.43,9,4,2
P00274,2024-09-30,28,224.0,8.0,5.57,5,4,3
P00274,2024-10-31,31,263.0,8.48,0.92,4,4,2
P00274,2024-11-30,28,224.4,8.02,1.43,7,4,3
P00274,2024-12-31,28,246.3,8.79,6.0,1,4,4
P00274,2025-01-30,26,224.7,8.64,1.98,8,4,1
P00274,2025-03-02,28,256.3,9.15,0.36,11,4,0
P00274,2025-04-01,26,219.1,8.43,4.6,5,4,2
P00274,2025-05-01,28,244.7,8.74,2.43,4,4,1
P00274,2025-06-01,25,223.6,8.94,4.45,4,4,2
P00274,2025-07-01,27,234.8,8.7,2.18,5,4,1
P00274,2025-08-01,29,221.4,7.63,0.73,5,4,4
P00274,2025-08-31,31,262.6,8.47,0.24,13,4,4
P00274,2025-10-01,30,235.4,7.85,0.55,5,4,1
P00274,2025-10-31,28,235.8,8.42,2.73,8,4,1
P00274,2025-12-01,27,235.8,8.73,1.05,1,4,3
P00274,2025-12-31,27,218.8,8.1,3.26,7,4,1
P00274,2026-01-30,31,264.7,8.54,2.78,7,4,4
P00274,2026-03-02,28,229.2,8.18,2.17,8,4,1
P00274,2026-04-01,28,221.3,7.9,0.75,3,4,1
P00274,2026-05-02,30,240.1,8.0,2.68,6,4,2
P00274,2026-06-01,31,254.3,8.2,6.0,8,4,0
P00274,2026-07-02,25,202.4,8.09,1.25,6,4,3
P00274,2026-08-01,29,235.7,8.13,0.51,3,4,2
P00275,2024-08-31,29,187.7,6.47,1.46,2,4,1
P00275,2024-09-30,28,191.0,6.82,1.31,2,4,0
P00275,2024-10-31,27,194.0,7.18,3.42,2,4,1
P00275,2024-11-30,26,210.2,8.08,0.63,3,4,1
P00275,2024-12-31,28,228.3,8.15,0.37,2,4,2
P00275,2025-01-30,24,189.2,7.89,1.93,5,4,2
P00275,2025-03-02,27,188.6,6.99,1.25,4,4,1
P00275,2025-04-01,27,198.8,7.36,3.06,3,4,2
P00275,2025-05-01,28,187.1,6.68,2.06,3,4,3
P00275,2025-06-01,27,203.7,7.54,0.71,5,4,2
P00275,2025-07-01,25,182.5,7.3,2.52,8,4,3
P00275,2025-08-01,26,179.8,6.92,0.57,5,4,4
P00275,2025-08-31,25,191.6,7.67,3.61,3,4,1
P00275,2025-10-01,30,219.1,7.3,0.34,1,4,3
P00275,2025-10-31,26,185.2,7.12,2.61,1,4,3
P00275,2025-12-01,27,188.6,6.98,1.18,8,4,3
P00275,2025-12-31,25,161.1,6.45,2.23,3,4,1
P00275,2026-01-30,28,197.5,7.05,0.54,4,4,2
P00275,2026-03-02,26,162.5,6.25,2.14,8,4,0
P00275,2026-04-01,27,193.1,7.15,0.22,2,4,3
P00275,2026-05-02,25,154.3,6.17,0.96,0,4,0
P00275,2026-06-01,27,190.9,7.07,0.94,3,4,0
P00275,2026-07-02,26,181.4,6.98,3.74,1,4,2
P00275,2026-08-01,27,186.7,6.92,1.76,4,4,0
P00276,2024-08-31,30,409.3,13.64,1.39,11,4,0
P00276,2024-09-30,31,425.4,13.72,0.53,7,4,0
P00276,2024-10-31,28,389.3,13.9,6.0,9,4,1
P00276,2024-11-30,29,376.0,12.97,1.27,4,4,1
P00276,2024-12-31,28,377.7,13.49,3.36,11,4,1
P00276,2025-01-30,30,417.6,13.92,0.96,2,4,2
P00276,2025-03-02,30,398.5,13.28,0.94,4,4,3
P00276,2025-04-01,30,427.0,14.23,2.5,5,4,1
P00276,2025-05-01,28,391.0,13.97,5.46,5,4,2
P00276,2025-06-01,28,375.4,13.41,2.1,9,4,0
P00276,2025-07-01,29,404.0,13.93,2.4,1,4,0
P00276,2025-08-01,28,389.7,13.92,0.81,6,4,1
P00276,2025-08-31,26,363.7,13.99,4.43,4,4,1
P00276,2025-10-01,29,399.2,13.77,2.51,4,4,0
P00276,2025-10-31,31,429.8,13.86,1.22,6,4,1
P00276,2025-12-01,30,417.0,13.9,5.81,7,4,0
P00276,2025-12-31,30,398.4,13.28,1.22,8,4,0
P00276,2026-01-30,31,433.4,13.98,0.99,3,4,0
P00276,2026-03-02,29,391.5,13.5,1.27,4,4,0
P00276,2026-04-01,29,411.5,14.19,0.68,7,4,1
P00276,2026-05-02,27,377.7,13.99,0.56,9,4,1
P00276,2026-06-01,28,394.6,14.09,1.86,3,4,1
P00276,2026-07-02,29,411.5,14.19,1.16,6,4,0
P00276,2026-08-01,27,376.6,13.95,1.25,9,4,2
P00277,2024-08-31,27,367.6,13.61,3.42,9,4,0
P00277,2024-09-30,23,286.2,12.45,1.85,5,4,0
P00277,2024-10-31,28,368.6,13.16,2.17,5,4,1
P00277,2024-11-30,26,336.7,12.95,3.43,5,4,0
P00277,2024-12-31,30,407.2,13.57,2.53,11,4,1
P00277,2025-01-30,30,414.1,13.8,0.98,4,4,0
P00277,2025-03-02,28,373.9,13.35,2.74,7,4,0
P00277,2025-04-01,28,358.7,12.81,2.34,4,4,1
P00277,2025-05-01,29,387.4,13.36,0.5,7,4,1
P00277,2025-06-01,29,387.8,13.37,1.0,7,4,0
P00277,2025-07-01,29,379.5,13.09,0.47,6,4,1
P00277,2025-08-01,27,363.0,13.44,3.95,6,4,1
P00277,2025-08-31,28,372.3,13.3,2.35,5,4,0
P00277,2025-10-01,30,393.5,13.12,0.76,4,4,1
P00277,2025-10-31,28,371.7,13.28,2.39,3,4,1
P00277,2025-12-01,24,309.6,12.9,3.35,4,4,0
P00277,2025-12-31,28,357.1,12.75,6.0,7,4,2
P00277,2026-01-30,28,363.8,12.99,2.73,6,4,1
P00277,2026-03-02,30,395.8,13.19,2.67,4,4,0
P00277,2026-04-01,27,353.6,13.1,2.91,6,4,0
P00277,2026-05-02,28,350.6,12.52,0.45,4,4,2
P00277,2026-06-01,26,349.2,13.43,1.11,6,4,0
P00277,2026-07-02,26,331.3,12.74,3.74,6,4,0
P00277,2026-08-01,28,371.0,13.25,0.63,5,4,1
P00278,2024-08-31,29,378.1,13.04,1.28,6,4,0
P00278,2024-09-30,30,387.5,12.92,5.71,2,4,2
P00278,2024-10-31,24,318.7,13.28,0.88,1,4,0
P00278,2024-11-30,26,336.4,12.94,2.88,4,4,0
P00278,2024-12-31,27,353.6,13.1,3.73,3,4,1
P00278,2025-01-30,28,366.6,13.09,2.35,5,4,1
P00278,2025-03-02,27,349.0,12.93,0.5,9,4,2
P00278,2025-04-01,24,305.6,12.73,2.48,6,4,3
P00278,2025-05-01,28,361.6,12.91,0.92,3,4,1
P00278,2025-06-01,28,349.5,12.48,2.95,3,4,1
P00278,2025-07-01,30,372.7,12.42,1.38,3,4,1
P00278,2025-08-01,28,361.8,12.92,0.32,2,4,0
P00278,2025-08-31,30,382.7,12.76,4.53,1,4,1
P00278,2025-10-01,28,354.0,12.64,0.2,6,4,1
P00278,2025-10-31,27,330.3,12.23,0.82,1,4,0
P00278,2025-12-01,29,367.1,12.66,2.84,6,4,0
P00278,2025-12-31,26,307.6,11.83,1.21,6,4,0
P00278,2026-01-30,31,387.4,12.5,0.58,3,4,2
P00278,2026-03-02,29,359.9,12.41,3.28,4,4,0
P00278,2026-04-01,27,353.1,13.08,4.34,5,4,1
P00278,2026-05-02,29,359.6,12.4,1.54,8,4,1
P00278,2026-06-01,25,312.1,12.49,2.04,5,4,1
P00278,2026-07-02,28,343.9,12.28,3.02,0,4,0
P00278,2026-08-01,27,337.7,12.51,1.37,4,4,1
P00279,2024-08-31,28,255.2,9.11,4.12,11,4,3
P00279,2024-09-30,28,257.0,9.18,0.2,12,4,4
P00279,2024-10-31,29,253.8,8.75,5.49,8,4,2
P00279,2024-11-30,29,234.7,8.09,6.0,3,4,2
P00279,2024-12-31,28,215.3,7.69,4.11,6,4,1
P00279,2025-01-30,31,256.7,8.28,0.91,6,4,3
P00279,2025-03-02,27,220.0,8.15,0.8,6,4,3
P00279,2025-04-01,28,203.7,7.27,4.61,9,4,2
P00279,2025-05-01,30,229.6,7.65,6.0,10,4,1
P00279,2025-06-01,28,185.8,6.64,0.96,12,4,4
P00279,2025-07-01,31,221.4,7.14,0.96,9,4,3
P00279,2025-08-01,26,207.7,7.99,5.27,10,4,1
P00279,2025-08-31,27,215.0,7.96,0.93,9,4,1
P00279,2025-10-01,27,206.1,7.63,2.42,9,4,2
P00279,2025-10-31,30,227.8,7.59,2.2,9,4,1
P00279,2025-12-01,28,217.9,7.78,0.55,9,4,2
P00279,2025-12-31,30,237.7,7.92,1.29,10,4,2
P00279,2026-01-30,29,229.3,7.91,0.32,9,4,3
P00279,2026-03-02,30,240.7,8.02,1.04,10,4,2
P00279,2026-04-01,31,247.7,7.99,3.9,8,4,2
P00279,2026-05-02,30,256.2,8.54,6.0,6,4,2
P00279,2026-06-01,28,233.7,8.35,5.89,3,4,1
P00279,2026-07-02,27,213.4,7.9,3.31,4,4,1
P00279,2026-08-01,27,213.5,7.91,3.79,10,4,2
P00280,2024-08-31,29,368.6,12.71,2.81,3,4,2
P00280,2024-09-30,29,355.7,12.27,1.9,4,4,1
P00280,2024-10-31,28,358.0,12.79,1.39,5,4,0
P00280,2024-11-30,29,384.1,13.24,2.91,6,4,1
P00280,2024-12-31,26,354.6,13.64,0.67,5,4,1
P00280,2025-01-30,29,380.8,13.13,0.66,7,4,2
P00280,2025-03-02,27,350.1,12.97,1.79,7,4,1
P00280,2025-04-01,28,368.9,13.17,1.82,4,4,2
P00280,2025-05-01,31,408.6,13.18,1.23,5,4,2
P00280,2025-06-01,29,389.7,13.44,1.49,10,4,2
P00280,2025-07-01,28,357.9,12.78,1.57,6,4,0
P00280,2025-08-01,28,347.9,12.42,2.37,5,4,1
P00280,2025-08-31,25,330.0,13.2,1.41,3,4,0
P00280,2025-10-01,27,336.8,12.48,5.53,2,4,0
P00280,2025-10-31,28,356.6,12.73,3.23,9,4,0
P00280,2025-12-01,27,339.0,12.56,1.5,7,4,1
P00280,2025-12-31,28,376.8,13.46,3.53,6,4,0
P00280,2026-01-30,25,320.9,12.84,0.95,4,4,2
P00280,2026-03-02,28,366.1,13.07,3.16,5,4,1
P00280,2026-04-01,30,401.0,13.37,3.62,2,4,1
P00280,2026-05-02,30,407.1,13.57,3.61,2,4,1
P00280,2026-06-01,30,405.5,13.52,1.15,5,4,0
P00280,2026-07-02,29,394.6,13.61,2.71,4,4,1
P00280,2026-08-01,26,357.1,13.73,0.2,2,4,2
P00281,2024-08-31,30,391.5,13.05,3.64,9,4,0
P00281,2024-09-30,29,388.1,13.38,6.0,5,4,0
P00281,2024-10-31,30,378.4,12.61,4.16,9,4,1
P00281,2024-11-30,29,403.8,13.92,5.4,2,4,1
P00281,2024-12-31,29,398.5,13.74,1.22,10,4,0
P00281,2025-01-30,31,422.6,13.63,1.64,11,4,0
P00281,2025-03-02,31,403.1,13.0,1.16,2,4,0
P00281,2025-04-01,31,417.2,13.46,0.2,7,4,1
P00281,2025-05-01,28,386.3,13.8,3.16,7,4,0
P00281,2025-06-01,27,364.4,13.5,2.84,5,4,0
P00281,2025-07-01,29,384.9,13.27,1.7,4,4,1
P00281,2025-08-01,28,362.3,12.94,1.15,5,4,1
P00281,2025-08-31,31,404.1,13.03,0.8,9,4,0
P00281,2025-10-01,30,400.1,13.34,1.36,5,4,0
P00281,2025-10-31,28,372.5,13.3,2.0,7,4,0
P00281,2025-12-01,30,393.8,13.13,2.54,10,4,0
P00281,2025-12-31,27,358.5,13.28,3.15,6,4,0
P00281,2026-01-30,29,362.6,12.5,1.34,6,4,2
P00281,2026-03-02,30,396.8,13.23,2.52,8,4,2
P00281,2026-04-01,29,408.3,14.08,1.63,7,4,1
P00281,2026-05-02,28,366.0,13.07,2.11,5,4,0
P00281,2026-06-01,27,351.2,13.01,2.49,2,4,0
P00281,2026-07-02,30,406.4,13.55,0.44,11,4,1
P00281,2026-08-01,29,379.6,13.09,1.37,7,4,1
P00282,2024-08-31,26,321.3,12.36,2.06,8,4,1
P00282,2024-09-30,27,339.1,12.56,3.49,2,4,0
P00282,2024-10-31,26,328.1,12.62,1.06,4,4,2
P00282,2024-11-30,25,316.4,12.66,0.94,4,4,0
P00282,2024-12-31,26,334.1,12.85,1.15,3,4,0
P00282,2025-01-30,29,372.6,12.85,1.15,3,4,1
P00282,2025-03-02,29,374.0,12.9,1.8,4,4,1
P00282,2025-04-01,28,371.1,13.25,2.12,5,4,1
P00282,2025-05-01,28,359.2,12.83,2.52,1,4,2
P00282,2025-06-01,27,355.6,13.17,4.38,7,4,1
P00282,2025-07-01,24,293.3,12.22,1.88,5,4,2
P00282,2025-08-01,26,329.9,12.69,2.07,4,4,3
P00282,2025-08-31,27,362.8,13.44,1.91,4,4,1
P00282,2025-10-01,31,387.8,12.51,1.62,4,4,2
P00282,2025-10-31,29,377.7,13.02,6.0,4,4,0
P00282,2025-12-01,28,378.1,13.5,1.75,2,4,0
P00282,2025-12-31,29,374.9,12.93,1.13,10,4,2
P00282,2026-01-30,28,363.3,12.98,0.88,2,4,0
P00282,2026-03-02,28,377.7,13.49,2.19,5,4,1
P00282,2026-04-01,29,404.2,13.94,1.13,1,4,1
P00282,2026-05-02,25,316.5,12.66,1.36,3,4,1
P00282,2026-06-01,26,324.1,12.47,1.49,1,4,0
P00282,2026-07-02,26,345.6,13.29,1.12,5,4,0
P00282,2026-08-01,26,334.2,12.85,3.79,8,4,0
P00283,2024-08-31,27,341.0,12.63,1.69,5,4,1
P00283,2024-09-30,27,349.0,12.93,1.49,6,4,1
P00283,2024-10-31,27,347.8,12.88,1.9,6,4,0
P00283,2024-11-30,31,403.1,13.0,1.57,5,4,1
P00283,2024-12-31,27,352.6,13.06,5.56,2,4,1
P00283,2025-01-30,28,365.5,13.05,0.82,3,4,0
P00283,2025-03-02,27,337.3,12.49,1.31,4,4,1
P00283,2025-04-01,30,392.8,13.09,1.89,4,4,1
P00283,2025-05-01,27,331.9,12.29,0.48,2,4,0
P00283,2025-06-01,25,334.5,13.38,3.84,3,4,1
P00283,2025-07-01,26,355.7,13.68,1.93,1,4,0
P00283,2025-08-01,29,381.8,13.17,0.91,5,4,1
P00283,2025-08-31,28,365.2,13.04,4.49,4,4,2
P00283,2025-10-01,28,365.0,13.04,5.51,5,4,1
P00283,2025-10-31,30,401.3,13.38,1.15,4,4,1
P00283,2025-12-01,27,346.4,12.83,1.88,5,4,1
P00283,2025-12-31,26,354.8,13.65,0.62,3,4,0
P00283,2026-01-30,25,338.3,13.53,3.02,5,4,0
P00283,2026-03-02,28,415.3,14.83,3.76,4,4,1
P00283,2026-04-01,30,425.0,14.17,2.89,2,4,1
P00283,2026-05-02,26,377.4,14.51,1.08,2,4,2
P00283,2026-06-01,27,391.3,14.49,2.05,2,4,0
P00283,2026-07-02,25,360.8,14.43,0.81,5,4,1
P00283,2026-08-01,27,394.1,14.6,1.13,3,4,1
P00284,2024-08-31,27,229.2,8.49,6.0,7,4,1
P00284,2024-09-30,30,256.6,8.55,3.05,10,4,4
P00284,2024-10-31,31,271.5,8.76,4.41,5,4,3
P00284,2024-11-30,29,262.8,9.06,3.02,5,4,4
P00284,2024-12-31,30,258.8,8.63,3.47,8,4,1
P00284,2025-01-30,31,261.1,8.42,1.98,3,4,2
P00284,2025-03-02,31,283.0,9.13,2.47,6,4,3
P00284,2025-04-01,28,244.9,8.75,3.81,9,4,1
P00284,2025-05-01,27,245.8,9.11,6.0,4,4,2
P00284,2025-06-01,29,257.0,8.86,1.41,5,4,3
P00284,2025-07-01,28,246.6,8.81,2.41,4,4,1
P00284,2025-08-01,29,253.0,8.72,5.68,6,4,1
P00284,2025-08-31,28,244.9,8.75,4.44,3,4,0
P00284,2025-10-01,29,251.7,8.68,0.41,7,4,2
P00284,2025-10-31,31,267.0,8.61,2.95,6,4,1
P00284,2025-12-01,28,232.4,8.3,4.32,8,4,1
P00284,2025-12-31,27,237.2,8.78,2.22,5,4,3
P00284,2026-01-30,28,244.9,8.75,3.71,7,4,2
P00284,2026-03-02,30,247.8,8.26,1.87,10,4,2
P00284,2026-04-01,30,243.7,8.12,1.14,5,4,3
P00284,2026-05-02,28,223.6,7.98,2.0,5,4,3
P00284,2026-06-01,29,248.2,8.56,4.6,3,4,3
P00284,2026-07-02,29,242.5,8.36,1.6,8,4,1
P00284,2026-08-01,30,275.1,9.17,0.88,1,4,3
P00285,2024-08-31,26,189.2,7.28,0.79,3,4,3
P00285,2024-09-30,29,202.7,6.99,0.54,3,4,1
P00285,2024-10-31,25,181.2,7.25,1.02,3,4,2
P00285,2024-11-30,24,181.2,7.55,2.46,6,4,1
P00285,2024-12-31,24,178.4,7.43,1.22,3,4,1
P00285,2025-01-30,26,178.6,6.87,0.56,4,4,3
P00285,2025-03-02,26,163.9,6.3,0.62,2,4,3
P00285,2025-04-01,30,211.1,7.04,0.59,2,4,3
P00285,2025-05-01,29,187.9,6.48,1.72,4,4,2
P00285,2025-06-01,28,217.9,7.78,1.11,6,4,2
P00285,2025-07-01,29,208.4,7.19,1.3,5,4,3
P00285,2025-08-01,25,172.9,6.92,0.65,1,4,3
P00285,2025-08-31,28,189.8,6.78,2.13,8,4,2
P00285,2025-10-01,27,180.1,6.67,0.45,3,4,0
P00285,2025-10-31,29,181.0,6.24,0.74,3,4,3
P00285,2025-12-01,31,211.7,6.83,0.21,2,4,3
P00285,2025-12-31,26,169.0,6.5,1.17,2,4,2
P00285,2026-01-30,26,213.3,8.21,1.38,6,4,2
P00285,2026-03-02,27,201.3,7.46,0.88,1,4,3
P00285,2026-04-01,30,253.7,8.46,1.94,5,4,3
P00285,2026-05-02,28,231.5,8.27,0.81,4,4,3
P00285,2026-06-01,27,201.4,7.46,1.78,2,4,4
P00285,2026-07-02,26,199.6,7.68,0.21,2,4,2
P00285,2026-08-01,27,210.3,7.79,1.43,4,4,1
P00286,2024-08-31,28,361.5,12.91,1.52,2,4,2
P00286,2024-09-30,25,314.2,12.57,2.62,1,4,1
P00286,2024-10-31,27,323.8,11.99,1.58,3,4,0
P00286,2024-11-30,29,362.2,12.49,0.78,2,4,0
P00286,2024-12-31,27,315.5,11.68,3.14,2,4,0
P00286,2025-01-30,27,321.6,11.91,1.93,1,4,1
P00286,2025-03-02,26,313.1,12.04,0.35,2,4,0
P00286,2025-04-01,27,310.4,11.5,1.71,1,4,2
P00286,2025-05-01,28,345.7,12.35,0.92,5,4,1
P00286,2025-06-01,25,293.2,11.73,0.33,3,4,0
P00286,2025-07-01,26,297.2,11.43,0.7,6,4,1
P00286,2025-08-01,26,298.9,11.5,1.79,3,4,0
P00286,2025-08-31,26,307.5,11.83,0.74,2,4,1
P00286,2025-10-01,23,272.7,11.86,1.3,3,4,1
P00286,2025-10-31,23,272.6,11.85,0.73,0,4,0
P00286,2025-12-01,28,320.1,11.43,5.72,2,4,2
P00286,2025-12-31,26,297.8,11.45,0.2,6,4,1
P00286,2026-01-30,27,309.3,11.46,1.02,4,4,0
P00286,2026-03-02,23,275.2,11.97,0.54,5,4,0
P00286,2026-04-01,28,325.7,11.63,4.88,2,4,2
P00286,2026-05-02,31,366.1,11.81,0.76,5,4,2
P00286,2026-06-01,30,348.7,11.62,0.73,0,4,0
P00286,2026-07-02,27,296.3,10.97,0.54,2,4,2
P00286,2026-08-01,27,307.3,11.38,0.88,2,4,1
P00287,2024-08-31,28,381.8,13.63,3.02,6,4,1
P00287,2024-09-30,30,417.7,13.92,0.99,8,4,1
P00287,2024-10-31,29,396.6,13.67,2.77,3,4,1
P00287,2024-11-30,31,412.2,13.3,0.65,7,4,0
P00287,2024-12-31,31,427.3,13.78,1.83,8,4,0
P00287,2025-01-30,30,398.4,13.28,0.97,7,4,1
P00287,2025-03-02,29,405.4,13.98,2.51,10,4,1
P00287,2025-04-01,31,428.8,13.83,3.04,7,4,1
P00287,2025-05-01,28,390.4,13.94,3.95,16,4,0
P00287,2025-06-01,27,369.2,13.67,0.2,4,4,1
P00287,2025-07-01,30,421.3,14.04,4.21,9,4,1
P00287,2025-08-01,29,413.3,14.25,6.0,3,4,0
P00287,2025-08-31,26,358.1,13.77,4.87,7,4,1
P00287,2025-10-01,31,428.4,13.82,3.33,4,4,2
P00287,2025-10-31,28,372.0,13.28,4.08,3,4,0
P00287,2025-12-01,29,409.6,14.12,2.94,9,4,1
P00287,2025-12-31,30,403.6,13.45,1.33,4,4,1
P00287,2026-01-30,30,419.5,13.98,0.99,4,4,1
P00287,2026-03-02,30,415.1,13.84,1.01,1,4,0
P00287,2026-04-01,28,391.2,13.97,3.64,10,4,1
P00287,2026-05-02,31,433.4,13.98,4.04,10,4,2
P00287,2026-06-01,31,447.8,14.44,1.7,7,4,2
P00287,2026-07-02,28,374.3,13.37,5.52,9,4,1
P00287,2026-08-01,29,403.3,13.91,5.85,9,4,1
P00288,2024-08-31,28,365.9,13.07,3.0,6,4,4
P00288,2024-09-30,29,391.0,13.48,2.56,5,4,2
P00288,2024-10-31,29,395.1,13.63,2.5,8,4,3
P00288,2024-11-30,29,370.0,12.76,1.54,8,4,1
P00288,2024-12-31,31,424.8,13.7,2.43,8,4,0
P00288,2025-01-30,27,365.7,13.54,2.14,11,4,2
P00288,2025-03-02,27,386.4,14.31,3.62,7,4,0
P00288,2025-04-01,30,399.6,13.32,3.69,4,4,0
P00288,2025-05-01,29,387.1,13.35,2.69,4,4,1
P00288,2025-06-01,29,397.7,13.71,2.85,11,4,1
P00288,2025-07-01,31,436.1,14.07,1.06,3,4,2
P00288,2025-08-01,29,401.7,13.85,2.33,5,4,1
P00288,2025-08-31,29,378.7,13.06,2.55,6,4,0
P00288,2025-10-01,28,382.1,13.65,5.93,6,4,1
P00288,2025-10-31,30,425.5,14.18,2.55,8,4,0
P00288,2025-12-01,30,395.2,13.17,3.45,3,4,0
P00288,2025-12-31,29,391.3,13.49,4.14,8,4,1
P00288,2026-01-30,31,416.4,13.43,1.98,1,4,0
P00288,2026-03-02,25,330.6,13.22,2.92,2,4,2
P00288,2026-04-01,29,379.9,13.1,2.38,3,4,0
P00288,2026-05-02,29,381.9,13.17,0.99,9,4,1
P00288,2026-06-01,28,372.1,13.29,1.93,4,4,0
P00288,2026-07-02,30,406.7,13.56,6.0,2,4,0
P00288,2026-08-01,27,376.5,13.94,1.01,5,4,0
P00289,2024-08-31,30,415.0,13.83,3.97,6,4,1
P00289,2024-09-30,30,375.3,12.51,2.32,7,4,1
P00289,2024-10-31,28,365.5,13.05,1.41,3,4,2
P00289,2024-11-30,27,360.1,13.34,2.56,5,4,0
P00289,2024-12-31,29,361.9,12.48,0.92,5,4,2
P00289,2025-01-30,29,380.9,13.13,3.65,7,4,0
P00289,2025-03-02,30,359.6,11.99,0.77,1,4,0
P00289,2025-04-01,28,327.9,11.71,1.99,6,4,1
P00289,2025-05-01,31,364.6,11.76,0.33,3,4,1
P00289,2025-06-01,29,323.2,11.14,0.74,10,4,0
P00289,2025-07-01,30,354.7,11.82,5.06,6,4,0
P00289,2025-08-01,28,321.4,11.48,2.49,6,4,0
P00289,2025-08-31,31,357.7,11.54,0.83,8,4,0
P00289,2025-10-01,29,331.9,11.44,2.15,9,4,0
P00289,2025-10-31,28,315.1,11.25,3.93,8,4,1
P00289,2025-12-01,28,326.6,11.66,1.69,6,4,0
P00289,2025-12-31,29,332.2,11.45,3.52,3,4,0
P00289,2026-01-30,29,346.5,11.95,0.31,10,4,0
P00289,2026-03-02,30,358.9,11.96,2.3,7,4,0
P00289,2026-04-01,27,298.4,11.05,1.95,7,4,0
P00289,2026-05-02,28,307.0,10.96,1.04,6,4,1
P00289,2026-06-01,30,366.3,12.21,4.33,11,4,1
P00289,2026-07-02,28,329.5,11.77,0.29,5,4,1
P00289,2026-08-01,27,318.0,11.78,3.08,5,4,1
P00290,2024-08-31,25,341.2,13.65,4.52,10,4,1
P00290,2024-09-30,28,401.3,14.33,1.29,5,4,0
P00290,2024-10-31,31,411.9,13.29,0.48,8,4,1
P00290,2024-11-30,27,358.2,13.27,2.39,5,4,0
P00290,2024-12-31,26,348.4,13.4,5.33,9,4,1
P00290,2025-01-30,31,413.9,13.35,0.82,7,4,1
P00290,2025-03-02,29,407.5,14.05,4.1,5,4,0
P00290,2025-04-01,28,372.3,13.3,0.88,10,4,2
P00290,2025-05-01,31,432.5,13.95,3.66,6,4,1
P00290,2025-06-01,27,366.2,13.56,3.66,6,4,1
P00290,2025-07-01,28,394.2,14.08,5.51,8,4,0
P00290,2025-08-01,27,366.7,13.58,1.43,3,4,0
P00290,2025-08-31,30,425.3,14.18,5.05,8,4,3
P00290,2025-10-01,29,398.3,13.73,1.85,5,4,0
P00290,2025-10-31,30,416.1,13.87,5.63,5,4,1
P00290,2025-12-01,30,415.0,13.83,4.11,7,4,2
P00290,2025-12-31,29,391.2,13.49,3.99,4,4,1
P00290,2026-01-30,28,376.8,13.46,4.41,7,4,0
P00290,2026-03-02,28,376.0,13.43,2.07,9,4,1
P00290,2026-04-01,28,386.5,13.8,3.63,6,4,2
P00290,2026-05-02,27,370.1,13.71,2.13,8,4,0
P00290,2026-06-01,29,380.3,13.11,1.17,9,4,0
P00290,2026-07-02,28,365.7,13.06,3.21,7,4,0
P00290,2026-08-01,26,344.8,13.26,5.82,10,4,0
P00291,2024-08-31,27,361.5,13.39,2.1,3,4,1
P00291,2024-09-30,27,354.6,13.13,0.53,5,4,1
P00291,2024-10-31,27,351.5,13.02,1.4,9,4,0
P00291,2024-11-30,24,300.5,12.52,2.9,8,4,1
P00291,2024-12-31,27,345.2,12.79,2.7,3,4,1
P00291,2025-01-30,28,355.6,12.7,2.11,5,4,0
P00291,2025-03-02,30,375.0,12.5,1.07,3,4,0
P00291,2025-04-01,27,324.5,12.02,2.55,2,4,1
P00291,2025-05-01,27,333.1,12.34,4.82,4,4,0
P00291,2025-06-01,28,347.6,12.42,3.41,7,4,0
P00291,2025-07-01,25,319.6,12.78,1.81,4,4,1
P00291,2025-08-01,27,337.3,12.49,0.31,2,4,1
P00291,2025-08-31,27,322.6,11.95,1.44,9,4,0
P00291,2025-10-01,29,359.9,12.41,2.06,5,4,1
P00291,2025-10-31,30,379.9,12.66,0.83,6,4,0
P00291,2025-12-01,27,358.8,13.29,0.6,5,4,2
P00291,2025-12-31,29,340.4,11.74,0.62,8,4,1
P00291,2026-01-30,30,380.4,12.68,1.53,1,4,0
P00291,2026-03-02,27,326.6,12.09,1.78,3,4,1
P00291,2026-04-01,25,308.8,12.35,3.26,6,4,1
P00291,2026-05-02,25,293.7,11.75,1.18,3,4,1
P00291,2026-06-01,27,321.1,11.89,3.04,4,4,2
P00291,2026-07-02,27,337.4,12.5,6.0,3,4,2
P00291,2026-08-01,27,345.6,12.8,0.75,5,4,2
P00292,2024-08-31,29,361.8,12.48,2.07,3,4,1
P00292,2024-09-30,27,341.1,12.63,2.06,3,4,1
P00292,2024-10-31,24,289.8,12.08,1.15,4,4,1
P00292,2024-11-30,28,335.7,11.99,1.64,6,4,1
P00292,2024-12-31,26,328.4,12.63,1.23,3,4,0
P00292,2025-01-30,30,368.5,12.28,2.05,4,4,0
P00292,2025-03-02,28,354.6,12.67,4.77,4,4,1
P00292,2025-04-01,26,324.2,12.47,2.59,2,4,0
P00292,2025-05-01,23,286.1,12.44,0.25,6,4,1
P00292,2025-06-01,27,342.7,12.69,2.43,8,4,0
P00292,2025-07-01,26,320.4,12.32,0.51,2,4,0
P00292,2025-08-01,27,326.1,12.08,0.8,4,4,0
P00292,2025-08-31,28,330.6,11.81,1.82,3,4,1
P00292,2025-10-01,29,354.0,12.21,0.76,4,4,1
P00292,2025-10-31,26,305.6,11.75,5.06,1,4,1
P00292,2025-12-01,26,302.8,11.65,2.05,4,4,2
P00292,2025-12-31,27,310.1,11.49,2.44,4,4,2
P00292,2026-01-30,30,347.3,11.58,3.26,4,4,0
P00292,2026-03-02,25,271.0,10.84,0.62,2,4,1
P00292,2026-04-01,29,319.2,11.01,1.23,5,4,0
P00292,2026-05-02,26,292.0,11.23,2.03,5,4,1
P00292,2026-06-01,27,305.2,11.3,1.29,3,4,0
P00292,2026-07-02,27,304.9,11.29,0.39,4,4,1
P00292,2026-08-01,27,308.0,11.41,1.98,7,4,0
P00293,2024-08-31,29,396.8,13.68,2.77,8,4,0
P00293,2024-09-30,27,368.9,13.66,6.0,3,4,0
P00293,2024-10-31,29,396.3,13.67,0.5,3,4,2
P00293,2024-11-30,27,385.7,14.29,4.22,6,4,1
P00293,2024-12-31,29,411.0,14.17,6.0,9,4,3
P00293,2025-01-30,31,423.5,13.66,4.72,4,4,0
P00293,2025-03-02,29,414.2,14.28,1.68,7,4,2
P00293,2025-04-01,30,414.0,13.8,1.98,4,4,2
P00293,2025-05-01,30,406.9,13.56,6.0,10,4,1
P00293,2025-06-01,31,417.7,13.48,2.6,7,4,1
P00293,2025-07-01,28,388.0,13.86,3.52,6,4,0
P00293,2025-08-01,31,412.3,13.3,4.95,6,4,1
P00293,2025-08-31,30,399.7,13.32,2.55,3,4,1
P00293,2025-10-01,30,403.6,13.45,0.9,7,4,1
P00293,2025-10-31,28,379.7,13.56,3.68,7,4,1
P00293,2025-12-01,28,362.5,12.95,1.61,13,4,0
P00293,2025-12-31,29,400.7,13.82,1.94,11,4,1
P00293,2026-01-30,29,381.1,13.14,2.66,8,4,1
P00293,2026-03-02,27,338.3,12.53,2.84,6,4,0
P00293,2026-04-01,29,363.8,12.54,2.28,7,4,1
P00293,2026-05-02,30,396.8,13.23,1.49,6,4,0
P00293,2026-06-01,28,367.1,13.11,0.5,8,4,0
P00293,2026-07-02,29,402.0,13.86,1.77,5,4,0
P00293,2026-08-01,29,376.7,12.99,3.2,4,4,1
P00294,2024-08-31,30,412.6,13.75,2.99,1,4,2
P00294,2024-09-30,29,406.8,14.03,1.47,12,4,1
P00294,2024-10-31,28,392.8,14.03,2.51,7,4,3
P00294,2024-11-30,28,354.7,12.67,4.66,9,4,2
P00294,2024-12-31,27,358.2,13.26,4.05,5,4,0
P00294,2025-01-30,31,407.1,13.13,3.67,4,4,1
P00294,2025-03-02,27,353.1,13.08,0.97,11,4,0
P00294,2025-04-01,31,423.8,13.67,2.13,6,4,1
P00294,2025-05-01,27,368.9,13.66,2.28,6,4,0
P00294,2025-06-01,29,400.8,13.82,1.95,10,4,2
P00294,2025-07-01,29,382.5,13.19,6.0,7,4,1
P00294,2025-08-01,27,364.9,13.51,0.46,5,4,1
P00294,2025-08-31,28,399.2,14.26,2.12,3,4,0
P00294,2025-10-01,29,396.3,13.66,1.75,5,4,2
P00294,2025-10-31,31,432.5,13.95,6.0,4,4,0
P00294,2025-12-01,31,414.6,13.38,1.63,3,4,0
P00294,2025-12-31,28,382.5,13.66,1.15,8,4,0
P00294,2026-01-30,29,384.2,13.25,4.27,11,4,0
P00294,2026-03-02,30,404.6,13.49,2.0,5,4,0
P00294,2026-04-01,30,401.9,13.4,4.9,10,4,1
P00294,2026-05-02,28,369.3,13.19,0.99,8,4,2
P00294,2026-06-01,30,385.4,12.85,1.81,10,4,0
P00294,2026-07-02,29,375.3,12.94,4.14,8,4,1
P00294,2026-08-01,30,402.1,13.4,1.63,1,4,0
P00295,2024-08-31,29,262.6,9.05,2.81,7,4,4
P00295,2024-09-30,25,221.9,8.88,3.58,5,4,1
P00295,2024-10-31,25,234.4,9.38,3.14,3,4,3
P00295,2024-11-30,28,234.4,8.37,0.4,4,4,3
P00295,2024-12-31,26,228.7,8.8,1.31,5,4,2
P00295,2025-01-30,29,239.3,8.25,0.84,6,4,4
P00295,2025-03-02,27,245.5,9.09,2.26,4,4,4
P00295,2025-04-01,28,243.9,8.71,2.84,1,4,3
P00295,2025-05-01,27,254.1,9.41,2.51,6,4,3
P00295,2025-06-01,28,250.9,8.96,1.33,8,4,0
P00295,2025-07-01,30,274.1,9.14,0.2,9,4,3
P00295,2025-08-01,29,246.1,8.49,0.58,4,4,1
P00295,2025-08-31,29,259.5,8.95,3.89,8,4,3
P00295,2025-10-01,29,244.3,8.42,2.97,6,4,1
P00295,2025-10-31,26,209.7,8.07,2.55,7,4,1
P00295,2025-12-01,27,240.1,8.89,3.6,7,4,2
P00295,2025-12-31,28,260.2,9.29,1.0,9,4,4
P00295,2026-01-30,30,284.3,9.48,2.17,6,4,3
P00295,2026-03-02,29,292.8,10.1,3.4,5,4,2
P00295,2026-04-01,27,251.3,9.31,6.0,8,4,4
P00295,2026-05-02,28,283.6,10.13,2.59,8,4,2
P00295,2026-06-01,28,285.1,10.18,0.52,5,4,3
P00295,2026-07-02,30,318.2,10.61,6.0,6,4,2
P00295,2026-08-01,27,288.3,10.68,2.84,3,4,1
P00296,2024-08-31,27,255.9,9.48,1.0,9,4,3
P00296,2024-09-30,30,297.1,9.9,1.03,3,4,4
P00296,2024-10-31,31,282.6,9.12,0.91,8,4,1
P00296,2024-11-30,29,276.2,9.52,2.28,7,4,2
P00296,2024-12-31,30,284.3,9.48,6.0,8,4,1
P00296,2025-01-30,30,283.0,9.43,2.53,8,4,3
P00296,2025-03-02,30,260.3,8.68,0.54,9,4,2
P00296,2025-04-01,27,217.7,8.06,6.0,9,4,2
P00296,2025-05-01,29,252.0,8.69,2.8,4,4,2
P00296,2025-06-01,30,261.2,8.71,0.98,7,4,2
P00296,2025-07-01,31,265.9,8.58,0.81,8,4,4
P00296,2025-08-01,31,291.7,9.41,1.84,10,4,2
P00296,2025-08-31,26,202.9,7.81,3.36,4,4,1
P00296,2025-10-01,29,224.5,7.74,0.97,9,4,3
P00296,2025-10-31,31,260.8,8.41,2.06,7,4,2
P00296,2025-12-01,29,237.9,8.2,3.82,6,4,1
P00296,2025-12-31,31,286.9,9.25,3.53,7,4,3
P00296,2026-01-30,29,223.4,7.7,2.52,2,4,0
P00296,2026-03-02,27,236.4,8.76,1.41,6,4,2
P00296,2026-04-01,29,242.6,8.36,2.55,12,4,2
P00296,2026-05-02,26,225.2,8.66,4.48,4,4,2
P00296,2026-06-01,31,240.9,7.77,1.25,3,4,3
P00296,2026-07-02,30,264.1,8.8,6.0,8,4,3
P00296,2026-08-01,30,255.1,8.5,2.45,6,4,2
P00297,2024-08-31,30,424.4,14.15,1.4,5,4,2
P00297,2024-09-30,27,370.4,13.72,1.43,6,4,3
P00297,2024-10-31,27,382.0,14.15,0.44,7,4,0
P00297,2024-11-30,29,395.4,13.63,2.79,7,4,0
P00297,2024-12-31,31,409.2,13.2,1.99,5,4,3
P00297,2025-01-30,30,424.5,14.15,2.82,4,4,0
P00297,2025-03-02,29,400.0,13.79,3.26,11,4,0
P00297,2025-04-01,30,414.5,13.82,3.16,3,4,0
P00297,2025-05-01,30,421.0,14.03,3.92,4,4,1
P00297,2025-06-01,26,383.7,14.76,2.31,4,4,1
P00297,2025-07-01,27,390.6,14.47,2.78,8,4,2
P00297,2025-08-01,28,418.9,14.96,4.87,4,4,0
P00297,2025-08-31,29,431.2,14.87,6.0,8,4,1
P00297,2025-10-01,28,423.2,15.12,1.45,5,4,1
P00297,2025-10-31,30,464.5,15.48,0.44,10,4,2
P00297,2025-12-01,29,434.8,14.99,1.91,4,4,0
P00297,2025-12-31,30,438.2,14.61,0.82,4,4,1
P00297,2026-01-30,28,398.3,14.23,0.71,11,4,1
P00297,2026-03-02,30,452.4,15.08,4.65,5,4,0
P00297,2026-04-01,29,426.2,14.7,2.81,7,4,2
P00297,2026-05-02,28,393.9,14.07,0.81,7,4,1
P00297,2026-06-01,28,413.5,14.77,6.0,5,4,1
P00297,2026-07-02,31,461.0,14.87,3.97,4,4,1
P00297,2026-08-01,31,466.0,15.03,3.0,7,4,0
P00298,2024-08-31,28,275.7,9.85,0.64,3,4,3
P00298,2024-09-30,25,239.1,9.56,1.33,3,4,0
P00298,2024-10-31,28,259.7,9.28,2.18,8,4,3
P00298,2024-11-30,29,261.6,9.02,0.2,5,4,1
P00298,2024-12-31,26,231.4,8.9,6.0,5,4,0
P00298,2025-01-30,29,259.8,8.96,2.45,10,4,1
P00298,2025-03-02,27,237.4,8.79,6.0,7,4,1
P00298,2025-04-01,29,234.7,8.09,2.63,6,4,2
P00298,2025-05-01,27,240.2,8.9,1.23,11,4,2
P00298,2025-06-01,25,197.9,7.92,1.33,2,4,2
P00298,2025-07-01,31,267.5,8.63,0.87,7,4,2
P00298,2025-08-01,27,248.9,9.22,2.81,5,4,2
P00298,2025-08-31,29,263.8,9.1,1.18,5,4,3
P00298,2025-10-01,29,250.9,8.65,6.0,6,4,1
P00298,2025-10-31,29,267.0,9.21,2.59,4,4,0
P00298,2025-12-01,29,272.5,9.4,1.63,5,4,2
P00298,2025-12-31,25,224.5,8.98,3.43,7,4,2
P00298,2026-01-30,28,253.4,9.05,1.89,4,4,2
P00298,2026-03-02,30,286.3,9.54,2.63,10,4,2
P00298,2026-04-01,30,273.7,9.12,1.42,7,4,3
P00298,2026-05-02,31,281.4,9.08,2.12,4,4,0
P00298,2026-06-01,29,262.8,9.06,1.49,8,4,1
P00298,2026-07-02,28,237.9,8.5,1.86,5,4,4
P00298,2026-08-01,28,241.8,8.64,4.45,12,4,3
P00299,2024-08-31,31,424.2,13.68,2.1,6,4,1
P00299,2024-09-30,28,386.7,13.81,1.81,8,4,1
P00299,2024-10-31,28,382.7,13.67,4.26,3,4,1
P00299,2024-11-30,30,376.7,12.56,1.25,5,4,1
P00299,2024-12-31,28,371.8,13.28,2.46,4,4,0
P00299,2025-01-30,28,392.0,14.0,4.64,4,4,2
P00299,2025-03-02,30,415.7,13.86,2.34,6,4,2
P00299,2025-04-01,30,410.5,13.68,3.14,11,4,0
P00299,2025-05-01,28,383.2,13.69,1.98,8,4,1
P00299,2025-06-01,26,361.8,13.92,2.32,6,4,1
P00299,2025-07-01,27,381.6,14.13,0.37,4,4,0
P00299,2025-08-01,31,419.0,13.52,1.54,2,4,1
P00299,2025-08-31,31,415.1,13.39,1.25,4,4,0
P00299,2025-10-01,27,390.2,14.45,6.0,4,4,1
P00299,2025-10-31,27,375.3,13.9,0.7,5,4,1
P00299,2025-12-01,28,402.3,14.37,5.28,10,4,2
P00299,2025-12-31,29,422.1,14.56,2.19,4,4,1
P00299,2026-01-30,28,401.0,14.32,1.28,5,4,3
P00299,2026-03-02,26,360.9,13.88,4.46,6,4,0
P00299,2026-04-01,31,428.4,13.82,0.59,10,4,1
P00299,2026-05-02,27,354.0,13.11,1.85,5,4,0
P00299,2026-06-01,28,367.6,13.13,1.73,1,4,0
P00299,2026-07-02,30,414.5,13.82,2.03,8,4,1
P00299,2026-08-01,26,362.4,13.94,5.02,9,4,1
P00300,2024-08-31,30,253.7,8.46,1.29,5,4,2
P00300,2024-09-30,26,205.1,7.89,1.08,3,4,1
P00300,2024-10-31,29,230.0,7.93,1.97,4,4,4
P00300,2024-11-30,27,211.5,7.83,0.64,5,4,2
P00300,2024-12-31,29,230.6,7.95,0.95,7,4,3
P00300,2025-01-30,28,233.4,8.34,0.29,7,4,0
P00300,2025-03-02,26,218.0,8.38,1.58,4,4,3
P00300,2025-04-01,26,212.7,8.18,5.28,6,4,2
P00300,2025-05-01,27,239.2,8.86,0.95,6,4,3
P00300,2025-06-01,29,262.2,9.04,1.68,7,4,1
P00300,2025-07-01,27,230.0,8.52,6.0,4,4,4
P00300,2025-08-01,31,259.5,8.37,6.0,6,4,3
P00300,2025-08-31,28,253.0,9.04,0.66,7,4,3
P00300,2025-10-01,29,269.5,9.29,2.1,10,4,0
P00300,2025-10-31,26,238.0,9.15,2.38,4,4,3
P00300,2025-12-01,28,262.0,9.36,3.52,7,4,2
P00300,2025-12-31,29,276.2,9.53,1.23,4,4,2
P00300,2026-01-30,27,260.4,9.65,0.31,6,4,3
P00300,2026-03-02,28,263.3,9.4,1.26,5,4,3
P00300,2026-04-01,29,272.2,9.38,2.39,9,4,1
P00300,2026-05-02,28,274.6,9.81,2.54,9,4,3
P00300,2026-06-01,27,260.1,9.63,0.79,3,4,4
P00300,2026-07-02,27,239.1,8.85,2.27,7,4,1
P00300,2026-08-01,26,261.2,10.05,2.83,8,4,3
P00301,2024-08-31,26,328.9,12.65,1.78,10,4,0
P00301,2024-09-30,27,358.9,13.29,1.61,2,4,1
P00301,2024-10-31,29,392.9,13.55,0.82,6,4,1
P00301,2024-11-30,25,321.2,12.85,1.33,6,4,0
P00301,2024-12-31,28,379.1,13.54,1.15,4,4,2
P00301,2025-01-30,29,373.8,12.89,0.23,6,4,0
P00301,2025-03-02,27,358.3,13.27,0.62,2,4,0
P00301,2025-04-01,28,350.6,12.52,0.2,10,4,2
P00301,2025-05-01,29,380.1,13.11,2.07,7,4,0
P00301,2025-06-01,28,378.8,13.53,2.13,8,4,0
P00301,2025-07-01,26,335.7,12.91,2.16,6,4,0
P00301,2025-08-01,31,397.9,12.84,0.2,7,4,0
P00301,2025-08-31,29,363.5,12.54,4.51,4,4,0
P00301,2025-10-01,28,367.0,13.11,1.53,6,4,0
P00301,2025-10-31,30,373.9,12.46,3.38,7,4,0
P00301,2025-12-01,30,372.7,12.42,3.31,8,4,0
P00301,2025-12-31,26,301.2,11.58,6.0,13,4,0
P00301,2026-01-30,28,329.2,11.76,0.46,9,4,1
P00301,2026-03-02,29,368.1,12.69,2.2,5,4,1
P00301,2026-04-01,29,355.5,12.26,3.38,6,4,0
P00301,2026-05-02,28,347.0,12.39,0.86,5,4,3
P00301,2026-06-01,29,369.7,12.75,2.96,5,4,0
P00301,2026-07-02,29,341.1,11.76,3.44,6,4,0
P00301,2026-08-01,27,328.4,12.16,2.15,9,4,1
P00302,2024-08-31,27,330.8,12.25,1.41,6,4,0
P00302,2024-09-30,29,357.1,12.32,0.82,3,4,0
P00302,2024-10-31,29,330.6,11.4,0.78,1,4,1
P00302,2024-11-30,27,309.6,11.47,1.59,2,4,1
P00302,2024-12-31,28,316.4,11.3,2.46,5,4,0
P00302,2025-01-30,28,322.6,11.52,2.32,5,4,1
P00302,2025-03-02,27,304.8,11.29,2.96,3,4,0
P00302,2025-04-01,26,316.2,12.16,2.28,4,4,0
P00302,2025-05-01,27,333.8,12.36,3.09,3,4,0
P00302,2025-06-01,25,302.9,12.12,3.34,3,4,0
P00302,2025-07-01,25,327.3,13.09,0.88,0,4,2
P00302,2025-08-01,27,343.4,12.72,1.88,4,4,0
P00302,2025-08-31,28,356.7,12.74,4.16,3,4,1
P00302,2025-10-01,28,353.4,12.62,1.93,5,4,0
P00302,2025-10-31,28,373.0,13.32,1.53,3,4,1
P00302,2025-12-01,28,359.0,12.82,0.78,1,4,1
P00302,2025-12-31,27,339.2,12.56,0.79,1,4,0
P00302,2026-01-30,29,366.3,12.63,0.82,3,4,1
P00302,2026-03-02,26,330.8,12.72,1.06,3,4,0
P00302,2026-04-01,28,357.8,12.78,0.31,8,4,1
P00302,2026-05-02,29,375.5,12.95,2.32,3,4,1
P00302,2026-06-01,26,328.2,12.62,0.57,1,4,0
P00302,2026-07-02,26,334.9,12.88,2.81,5,4,1
P00302,2026-08-01,26,320.1,12.31,0.69,2,4,1
P00303,2024-08-31,28,381.5,13.63,1.34,9,4,0
P00303,2024-09-30,28,379.0,13.53,2.31,4,4,0
P00303,2024-10-31,28,375.3,13.4,0.96,6,4,1
P00303,2024-11-30,30,395.9,13.2,1.06,5,4,2
P00303,2024-12-31,28,376.9,13.46,3.42,12,4,0
P00303,2025-01-30,31,396.2,12.78,4.14,5,4,0
P00303,2025-03-02,30,386.7,12.89,3.61,8,4,0
P00303,2025-04-01,31,387.8,12.51,2.75,7,4,0
P00303,2025-05-01,28,358.9,12.82,1.76,3,4,0
P00303,2025-06-01,28,355.6,12.7,5.41,3,4,0
P00303,2025-07-01,31,406.3,13.11,0.57,4,4,0
P00303,2025-08-01,29,358.5,12.36,3.27,5,4,0
P00303,2025-08-31,29,361.8,12.48,1.47,11,4,0
P00303,2025-10-01,28,362.9,12.96,6.0,11,4,2
P00303,2025-10-31,26,329.3,12.66,1.67,6,4,1
P00303,2025-12-01,28,363.7,12.99,3.85,6,4,0
P00303,2025-12-31,29,355.6,12.26,2.18,6,4,0
P00303,2026-01-30,29,381.3,13.15,0.67,3,4,0
P00303,2026-03-02,31,390.6,12.6,1.54,6,4,0
P00303,2026-04-01,28,386.2,13.79,2.28,1,4,0
P00303,2026-05-02,28,365.1,13.04,3.46,10,4,1
P00303,2026-06-01,29,391.9,13.52,1.57,10,4,1
P00303,2026-07-02,31,394.6,12.73,1.2,8,4,1
P00303,2026-08-01,29,368.0,12.69,1.04,8,4,1
P00304,2024-08-31,30,396.7,13.22,1.05,9,4,2
P00304,2024-09-30,30,401.9,13.4,1.93,8,4,1
P00304,2024-10-31,29,366.4,12.63,2.58,3,4,1
P00304,2024-11-30,27,349.7,12.95,0.89,3,4,0
P00304,2024-12-31,27,362.5,13.42,1.57,15,4,1
P00304,2025-01-30,29,383.5,13.22,2.67,2,4,0
P00304,2025-03-02,28,372.9,13.32,1.85,3,4,1
P00304,2025-04-01,27,347.2,12.86,0.2,5,4,1
P00304,2025-05-01,30,416.4,13.88,1.0,4,4,1
P00304,2025-06-01,30,388.0,12.93,2.19,6,4,1
P00304,2025-07-01,28,391.7,13.99,3.24,10,4,0
P00304,2025-08-01,29,385.3,13.29,2.67,8,4,0
P00304,2025-08-31,26,325.8,12.53,0.48,4,4,1
P00304,2025-10-01,24,290.8,12.12,1.64,2,4,0
P00304,2025-10-31,29,368.3,12.7,2.03,5,4,1
P00304,2025-12-01,26,325.6,12.52,1.13,6,4,0
P00304,2025-12-31,28,352.6,12.59,4.89,6,4,0
P00304,2026-01-30,25,344.4,13.78,3.07,6,4,1
P00304,2026-03-02,28,370.3,13.23,2.63,7,4,1
P00304,2026-04-01,27,340.7,12.62,1.69,8,4,1
P00304,2026-05-02,27,328.7,12.18,1.76,7,4,1
P00304,2026-06-01,25,327.9,13.11,1.69,10,4,3
P00304,2026-07-02,29,380.2,13.11,2.61,5,4,1
P00304,2026-08-01,29,391.9,13.51,1.27,9,4,0
P00305,2024-08-31,28,347.0,12.39,2.97,5,4,1
P00305,2024-09-30,29,360.2,12.42,4.23,8,4,0
P00305,2024-10-31,28,342.4,12.23,1.81,1,4,0
P00305,2024-11-30,28,352.3,12.58,0.82,0,4,0
P00305,2024-12-31,30,370.5,12.35,1.97,7,4,3
P00305,2025-01-30,29,360.7,12.44,1.09,3,4,2
P00305,2025-03-02,25,335.4,13.42,1.33,6,4,1
P00305,2025-04-01,30,383.6,12.79,2.79,3,4,0
P00305,2025-05-01,27,350.3,12.98,5.29,4,4,0
P00305,2025-06-01,27,331.2,12.27,1.01,3,4,1
P00305,2025-07-01,27,335.7,12.43,0.65,3,4,0
P00305,2025-08-01,27,345.4,12.79,0.52,1,4,0
P00305,2025-08-31,29,376.2,12.97,1.93,3,4,0
P00305,2025-10-01,28,367.0,13.11,1.51,6,4,1
P00305,2025-10-31,28,352.4,12.59,1.85,5,4,1
P00305,2025-12-01,26,349.3,13.44,1.91,5,4,2
P00305,2025-12-31,30,385.4,12.85,1.88,4,4,0
P00305,2026-01-30,28,335.5,11.98,1.34,4,4,1
P00305,2026-03-02,28,367.4,13.12,1.45,2,4,1
P00305,2026-04-01,29,380.5,13.12,0.44,1,4,1
P00305,2026-05-02,28,394.8,14.1,0.79,3,4,1
P00305,2026-06-01,28,368.2,13.15,1.96,5,4,1
P00305,2026-07-02,27,362.0,13.41,1.85,6,4,1
P00305,2026-08-01,29,405.5,13.98,0.71,4,4,0
P00306,2024-08-31,29,354.9,12.24,2.42,5,4,1
P00306,2024-09-30,28,339.7,12.13,1.25,7,4,0
P00306,2024-10-31,30,364.9,12.16,0.66,5,4,1
P00306,2024-11-30,31,371.8,11.99,5.44,8,4,0
P00306,2024-12-31,29,362.2,12.49,1.42,5,4,1
P00306,2025-01-30,28,362.5,12.95,0.33,3,4,1
P00306,2025-03-02,30,377.7,12.59,1.17,5,4,2
P00306,2025-04-01,28,334.7,11.96,0.58,3,4,0
P00306,2025-05-01,27,335.5,12.43,1.91,5,4,1
P00306,2025-06-01,26,328.9,12.65,1.52,6,4,2
P00306,2025-07-01,27,340.7,12.62,1.92,4,4,1
P00306,2025-08-01,31,385.6,12.44,2.4,4,4,1
P00306,2025-08-31,30,363.2,12.11,1.98,4,4,0
P00306,2025-10-01,26,314.5,12.1,0.93,5,4,1
P00306,2025-10-31,26,300.4,11.55,0.86,6,4,0
P00306,2025-12-01,28,343.9,12.28,2.7,6,4,0
P00306,2025-12-31,29,381.6,13.16,6.0,5,4,1
P00306,2026-01-30,26,313.2,12.04,1.96,4,4,1
P00306,2026-03-02,28,338.7,12.09,1.42,6,4,0
P00306,2026-04-01,29,358.0,12.34,1.4,4,4,0
P00306,2026-05-02,28,355.7,12.7,2.65,7,4,1
P00306,2026-06-01,26,326.3,12.55,2.31,2,4,1
P00306,2026-07-02,28,347.4,12.41,1.39,5,4,1
P00306,2026-08-01,26,317.2,12.2,0.38,6,4,1
P00307,2024-08-31,27,226.3,8.38,0.86,6,4,3
P00307,2024-09-30,30,252.8,8.43,0.42,2,4,3
P00307,2024-10-31,29,260.3,8.98,1.09,4,4,3
P00307,2024-11-30,30,264.9,8.83,3.14,6,4,3
P00307,2024-12-31,27,229.3,8.49,0.53,4,4,3
P00307,2025-01-30,27,235.3,8.71,4.03,6,4,2
P00307,2025-03-02,29,273.5,9.43,1.97,4,4,1
P00307,2025-04-01,27,239.6,8.87,3.38,4,4,2
P00307,2025-05-01,30,262.4,8.75,0.86,7,4,1
P00307,2025-06-01,30,275.7,9.19,1.14,7,4,2
P00307,2025-07-01,27,238.9,8.85,4.17,8,4,4
P00307,2025-08-01,31,289.5,9.34,1.64,7,4,2
P00307,2025-08-31,31,282.1,9.1,2.1,10,4,2
P00307,2025-10-01,30,275.4,9.18,2.2,5,4,3
P00307,2025-10-31,29,251.7,8.68,0.69,6,4,2
P00307,2025-12-01,28,240.7,8.6,0.85,7,4,3
P00307,2025-12-31,30,279.3,9.31,2.15,10,4,3
P00307,2026-01-30,27,235.9,8.74,1.88,4,4,2
P00307,2026-03-02,27,237.5,8.8,6.0,9,4,4
P00307,2026-04-01,29,271.6,9.37,1.79,7,4,3
P00307,2026-05-02,29,264.6,9.12,1.71,5,4,0
P00307,2026-06-01,29,250.6,8.64,2.3,3,4,3
P00307,2026-07-02,28,242.6,8.66,2.24,12,4,3
P00307,2026-08-01,28,253.7,9.06,2.25,1,4,2
P00308,2024-08-31,26,252.6,9.71,5.61,6,4,3
P00308,2024-09-30,29,302.1,10.42,0.76,3,4,2
P00308,2024-10-31,30,273.8,9.13,4.24,6,4,3
P00308,2024-11-30,30,292.3,9.74,5.41,4,4,4
P00308,2024-12-31,27,264.1,9.78,1.76,6,4,2
P00308,2025-01-30,31,276.2,8.91,4.31,10,4,1
P00308,2025-03-02,31,278.9,9.0,5.18,10,4,1
P00308,2025-04-01,29,269.1,9.28,2.17,4,4,1
P00308,2025-05-01,29,281.8,9.72,2.06,5,4,2
P00308,2025-06-01,29,258.4,8.91,2.14,6,4,3
P00308,2025-07-01,31,270.6,8.73,5.29,6,4,3
P00308,2025-08-01,29,243.2,8.39,1.44,9,4,2
P00308,2025-08-31,28,244.1,8.72,4.79,7,4,2
P00308,2025-10-01,31,243.3,7.85,1.41,4,4,2
P00308,2025-10-31,30,267.1,8.9,3.31,7,4,2
P00308,2025-12-01,30,266.9,8.9,6.0,7,4,2
P00308,2025-12-31,28,227.8,8.14,6.0,4,4,3
P00308,2026-01-30,29,255.6,8.81,0.88,9,4,1
P00308,2026-03-02,29,255.2,8.8,3.47,8,4,3
P00308,2026-04-01,28,218.1,7.79,1.2,3,4,0
P00308,2026-05-02,30,258.2,8.61,3.5,4,4,4
P00308,2026-06-01,30,231.0,7.7,6.0,6,4,2
P00308,2026-07-02,28,243.4,8.69,1.04,5,4,2
P00308,2026-08-01,28,252.7,9.03,5.44,3,4,3
P00309,2024-08-31,30,391.3,13.04,6.0,8,4,1
P00309,2024-09-30,29,406.7,14.02,6.0,8,4,2
P00309,2024-10-31,27,358.9,13.29,1.03,3,4,0
P00309,2024-11-30,30,410.7,13.69,0.88,7,4,0
P00309,2024-12-31,31,419.7,13.54,2.49,5,4,2
P00309,2025-01-30,29,407.8,14.06,0.28,7,4,1
P00309,2025-03-02,28,396.7,14.17,2.16,3,4,0
P00309,2025-04-01,30,405.3,13.51,1.98,5,4,2
P00309,2025-05-01,31,415.7,13.41,3.98,7,4,1
P00309,2025-06-01,31,448.3,14.46,2.77,2,4,0
P00309,2025-07-01,30,398.8,13.29,0.72,7,4,2
P00309,2025-08-01,30,386.4,12.88,3.28,11,4,1
P00309,2025-08-31,30,409.6,13.65,2.48,10,4,0
P00309,2025-10-01,31,412.6,13.31,3.91,8,4,0
P00309,2025-10-31,27,367.6,13.62,3.67,4,4,3
P00309,2025-12-01,29,408.4,14.08,1.41,9,4,1
P00309,2025-12-31,28,385.1,13.75,0.33,4,4,2
P00309,2026-01-30,30,439.9,14.66,4.61,4,4,1
P00309,2026-03-02,29,404.7,13.95,2.01,4,4,0
P00309,2026-04-01,28,406.3,14.51,2.58,6,4,0
P00309,2026-05-02,27,373.6,13.84,3.48,7,4,1
P00309,2026-06-01,29,414.6,14.3,4.8,4,4,0
P00309,2026-07-02,27,361.8,13.4,1.13,3,4,0
P00309,2026-08-01,31,467.7,15.09,1.35,10,4,0
P00310,2024-08-31,27,351.1,13.0,2.74,4,4,1
P00310,2024-09-30,25,336.6,13.46,1.98,3,4,1
P00310,2024-10-31,28,352.5,12.59,1.62,4,4,3
P00310,2024-11-30,30,403.6,13.45,0.54,6,4,0
P00310,2024-12-31,28,393.3,14.05,1.1,7,4,1
P00310,2025-01-30,30,418.4,13.95,3.7,1,4,0
P00310,2025-03-02,29,412.0,14.21,0.41,4,4,2
P00310,2025-04-01,27,385.6,14.28,0.45,3,4,0
P00310,2025-05-01,26,365.0,14.04,0.98,2,4,1
P00310,2025-06-01,30,418.8,13.96,0.93,5,4,0
P00310,2025-07-01,29,418.4,14.43,1.02,6,4,1
P00310,2025-08-01,29,379.1,13.07,1.25,4,4,0
P00310,2025-08-31,28,389.8,13.92,1.08,4,4,0
P00310,2025-10-01,27,382.9,14.18,2.04,7,4,1
P00310,2025-10-31,27,365.9,13.55,5.42,9,4,0
P00310,2025-12-01,30,417.8,13.93,0.98,4,4,0
P00310,2025-12-31,27,346.9,12.85,2.62,3,4,0
P00310,2026-01-30,31,418.5,13.5,2.13,9,4,1
P00310,2026-03-02,27,381.9,14.15,1.23,4,4,1
P00310,2026-04-01,28,383.1,13.68,1.99,5,4,1
P00310,2026-05-02,28,381.2,13.61,0.68,4,4,0
P00310,2026-06-01,30,400.9,13.36,1.87,13,4,0
P00310,2026-07-02,29,387.7,13.37,2.58,1,4,1
P00310,2026-08-01,29,369.4,12.74,2.29,9,4,0
P00311,2024-08-31,29,392.3,13.53,5.39,11,4,1
P00311,2024-09-30,28,374.0,13.36,0.82,5,4,0
P00311,2024-10-31,29,378.2,13.04,2.2,4,4,1
P00311,2024-11-30,28,382.1,13.65,2.07,6,4,1
P00311,2024-12-31,28,412.0,14.72,1.04,6,4,0
P00311,2025-01-30,30,401.0,13.37,0.2,7,4,3
P00311,2025-03-02,29,392.1,13.52,1.93,8,4,1
P00311,2025-04-01,28,388.7,13.88,2.5,3,4,2
P00311,2025-05-01,29,380.6,13.12,1.27,5,4,0
P00311,2025-06-01,26,355.4,13.67,5.83,6,4,0
P00311,2025-07-01,31,433.6,13.99,2.57,5,4,0
P00311,2025-08-01,31,410.8,13.25,0.8,7,4,1
P00311,2025-08-31,30,402.4,13.41,4.51,12,4,0
P00311,2025-10-01,27,370.5,13.72,0.66,6,4,1
P00311,2025-10-31,29,397.6,13.71,6.0,7,4,1
P00311,2025-12-01,31,409.4,13.21,3.04,6,4,1
P00311,2025-12-31,29,385.7,13.3,1.58,7,4,0
P00311,2026-01-30,29,392.1,13.52,0.2,5,4,1
P00311,2026-03-02,30,422.9,14.1,0.48,7,4,0
P00311,2026-04-01,30,420.5,14.02,0.45,9,4,1
P00311,2026-05-02,29,409.4,14.12,0.53,4,4,0
P00311,2026-06-01,29,419.9,14.48,4.91,9,4,0
P00311,2026-07-02,29,415.3,14.32,0.2,5,4,1
P00311,2026-08-01,28,406.1,14.5,0.85,7,4,1
P00312,2024-08-31,29,387.1,13.35,3.65,3,4,1
P00312,2024-09-30,28,372.8,13.32,2.91,9,4,1
P00312,2024-10-31,28,354.7,12.67,1.13,5,4,1
P00312,2024-11-30,31,407.7,13.15,1.39,4,4,0
P00312,2024-12-31,29,381.6,13.16,3.35,5,4,2
P00312,2025-01-30,28,372.2,13.29,1.75,5,4,0
P00312,2025-03-02,28,355.9,12.71,0.38,5,4,0
P00312,2025-04-01,28,334.6,11.95,1.0,7,4,2
P00312,2025-05-01,30,378.3,12.61,1.46,3,4,0
P00312,2025-06-01,27,364.8,13.51,1.65,9,4,0
P00312,2025-07-01,29,386.0,13.31,0.93,5,4,0
P00312,2025-08-01,28,351.6,12.56,3.06,6,4,2
P00312,2025-08-31,26,331.1,12.74,3.8,6,4,0
P00312,2025-10-01,29,381.2,13.14,2.19,5,4,1
P00312,2025-10-31,27,334.4,12.38,2.52,7,4,0
P00312,2025-12-01,30,378.6,12.62,0.57,5,4,1
P00312,2025-12-31,28,359.2,12.83,2.5,4,4,0
P00312,2026-01-30,29,374.8,12.92,2.8,4,4,0
P00312,2026-03-02,31,383.3,12.36,3.06,9,4,1
P00312,2026-04-01,31,406.9,13.12,0.9,7,4,2
P00312,2026-05-02,28,366.9,13.11,2.1,7,4,2
P00312,2026-06-01,29,368.5,12.71,0.66,5,4,0
P00312,2026-07-02,28,321.1,11.47,5.35,10,4,1
P00312,2026-08-01,31,397.6,12.83,0.2,8,4,2
P00313,2024-08-31,25,311.6,12.46,1.61,4,4,0
P00313,2024-09-30,28,344.9,12.32,0.64,8,4,1
P00313,2024-10-31,25,327.1,13.08,1.85,5,4,1
P00313,2024-11-30,28,343.2,12.26,1.07,4,4,1
P00313,2024-12-31,28,370.0,13.21,2.82,5,4,2
P00313,2025-01-30,27,349.6,12.95,1.07,3,4,0
P00313,2025-03-02,27,340.5,12.61,3.3,2,4,3
P00313,2025-04-01,27,344.1,12.75,1.86,3,4,1
P00313,2025-05-01,28,350.6,12.52,3.36,1,4,1
P00313,2025-06-01,29,375.8,12.96,2.75,3,4,1
P00313,2025-07-01,28,356.9,12.75,1.56,8,4,1
P00313,2025-08-01,30,374.9,12.5,4.08,3,4,1
P00313,2025-08-31,28,339.2,12.11,0.87,0,4,1
P00313,2025-10-01,29,362.7,12.51,0.45,5,4,0
P00313,2025-10-31,27,332.7,12.32,1.97,0,4,1
P00313,2025-12-01,27,331.1,12.26,1.28,4,4,0
P00313,2025-12-31,25,308.8,12.35,3.8,6,4,0
P00313,2026-01-30,24,316.4,13.18,2.18,4,4,0
P00313,2026-03-02,28,340.7,12.17,1.26,5,4,1
P00313,2026-04-01,26,325.9,12.53,2.9,8,4,0
P00313,2026-05-02,28,355.7,12.7,0.72,2,4,0
P00313,2026-06-01,28,366.1,13.08,2.41,3,4,3
P00313,2026-07-02,28,343.7,12.27,0.71,4,4,1
P00313,2026-08-01,28,339.1,12.11,0.73,4,4,0
P00314,2024-08-31,26,209.3,8.05,3.21,10,4,0
P00314,2024-09-30,27,203.7,7.54,0.85,8,4,1
P00314,2024-10-31,30,249.6,8.32,4.67,4,4,2
P00314,2024-11-30,30,242.3,8.08,0.83,6,4,2
P00314,2024-12-31,27,207.3,7.68,1.97,6,4,1
P00314,2025-01-30,31,262.2,8.46,6.0,4,4,2
P00314,2025-03-02,30,228.6,7.62,1.39,5,4,2
P00314,2025-04-01,26,213.5,8.21,4.84,2,4,1
P00314,2025-05-01,31,244.6,7.89,1.32,5,4,1
P00314,2025-06-01,28,209.3,7.47,4.44,5,4,3
P00314,2025-07-01,28,233.6,8.34,6.0,4,4,2
P00314,2025-08-01,27,208.1,7.71,2.71,7,4,3
P00314,2025-08-31,28,211.4,7.55,3.32,5,4,1
P00314,2025-10-01,29,217.6,7.5,1.39,6,4,2
P00314,2025-10-31,28,235.3,8.4,2.13,5,4,2
P00314,2025-12-01,27,214.5,7.94,0.92,6,4,4
P00314,2025-12-31,25,194.4,7.78,1.94,3,4,3
P00314,2026-01-30,30,229.8,7.66,0.49,4,4,1
P00314,2026-03-02,28,212.1,7.58,3.21,6,4,1
P00314,2026-04-01,27,193.3,7.16,2.15,8,4,2
P00314,2026-05-02,30,233.9,7.8,3.51,7,4,2
P00314,2026-06-01,30,232.1,7.74,1.55,6,4,1
P00314,2026-07-02,30,221.7,7.39,2.01,7,4,3
P00314,2026-08-01,26,192.2,7.39,2.13,6,4,3
P00315,2024-08-31,29,381.0,13.14,6.0,6,4,1
P00315,2024-09-30,29,397.2,13.7,2.26,7,4,1
P00315,2024-10-31,30,404.6,13.49,0.76,2,4,1
P00315,2024-11-30,31,420.7,13.57,5.58,4,4,1
P00315,2024-12-31,27,367.4,13.61,1.57,4,4,2
P00315,2025-01-30,31,411.2,13.27,3.92,6,4,0
P00315,2025-03-02,29,397.5,13.71,4.8,15,4,1
P00315,2025-04-01,29,385.7,13.3,0.84,12,4,2
P00315,2025-05-01,28,387.4,13.84,0.89,7,4,2
P00315,2025-06-01,26,359.9,13.84,5.03,4,4,1
P00315,2025-07-01,30,398.3,13.28,1.85,8,4,3
P00315,2025-08-01,31,423.5,13.66,3.72,4,4,0
P00315,2025-08-31,29,379.4,13.08,3.75,7,4,0
P00315,2025-10-01,31,401.2,12.94,0.61,9,4,1
P00315,2025-10-31,31,418.3,13.49,1.53,7,4,0
P00315,2025-12-01,29,397.5,13.71,2.59,10,4,1
P00315,2025-12-31,26,348.2,13.39,2.88,3,4,1
P00315,2026-01-30,29,355.5,12.26,0.94,9,4,0
P00315,2026-03-02,31,418.6,13.5,1.52,5,4,0
P00315,2026-04-01,28,377.3,13.48,6.0,8,4,0
P00315,2026-05-02,31,426.7,13.76,6.0,4,4,2
P00315,2026-06-01,31,407.3,13.14,2.47,4,4,2
P00315,2026-07-02,24,326.2,13.59,2.76,0,4,1
P00315,2026-08-01,29,391.9,13.51,6.0,9,4,1
P00316,2024-08-31,30,227.5,7.58,1.4,7,4,4
P00316,2024-09-30,25,191.7,7.67,4.98,3,4,1
P00316,2024-10-31,26,206.5,7.94,0.56,2,4,2
P00316,2024-11-30,26,197.6,7.6,1.84,4,4,3
P00316,2024-12-31,28,222.2,7.94,1.17,5,4,2
P00316,2025-01-30,25,188.6,7.54,1.45,2,4,3
P00316,2025-03-02,26,208.3,8.01,1.41,4,4,1
P00316,2025-04-01,27,205.0,7.59,0.42,4,4,2
P00316,2025-05-01,24,174.4,7.27,0.43,5,4,1
P00316,2025-06-01,29,214.1,7.38,1.88,2,4,2
P00316,2025-07-01,27,197.9,7.33,0.2,9,4,2
P00316,2025-08-01,25,182.0,7.28,3.24,3,4,0
P00316,2025-08-31,26,195.4,7.52,1.45,0,4,3
P00316,2025-10-01,26,196.8,7.57,0.78,5,4,2
P00316,2025-10-31,27,191.8,7.1,0.31,7,4,2
P00316,2025-12-01,28,216.3,7.72,0.94,6,4,1
P00316,2025-12-31,27,210.7,7.8,0.69,5,4,3
P00316,2026-01-30,26,220.2,8.47,0.77,2,4,2
P00316,2026-03-02,26,206.7,7.95,0.41,2,4,3
P00316,2026-04-01,26,208.3,8.01,1.02,3,4,1
P00316,2026-05-02,27,185.1,6.86,2.61,5,4,3
P00316,2026-06-01,31,246.5,7.95,4.85,5,4,1
P00316,2026-07-02,29,230.1,7.94,1.56,4,4,0
P00316,2026-08-01,28,234.0,8.36,0.58,7,4,2
P00317,2024-08-31,29,377.6,13.02,0.6,10,4,1
P00317,2024-09-30,28,370.7,13.24,2.13,5,4,1
P00317,2024-10-31,27,368.3,13.64,0.7,6,4,0
P00317,2024-11-30,31,371.0,11.97,2.56,4,4,0
P00317,2024-12-31,28,337.2,12.04,4.61,6,4,1
P00317,2025-01-30,27,314.0,11.63,2.52,3,4,2
P00317,2025-03-02,28,352.1,12.58,3.39,2,4,1
P00317,2025-04-01,29,359.5,12.4,1.16,7,4,0
P00317,2025-05-01,30,360.1,12.0,6.0,3,4,0
P00317,2025-06-01,30,382.3,12.74,5.88,6,4,1
P00317,2025-07-01,27,350.0,12.96,0.49,7,4,1
P00317,2025-08-01,28,340.8,12.17,3.21,7,4,0
P00317,2025-08-31,28,330.8,11.81,3.28,2,4,0
P00317,2025-10-01,28,338.2,12.08,3.94,4,4,2
P00317,2025-10-31,24,289.3,12.05,2.89,4,4,1
P00317,2025-12-01,31,374.8,12.09,0.67,6,4,0
P00317,2025-12-31,26,331.2,12.74,1.94,5,4,0
P00317,2026-01-30,27,344.6,12.76,1.19,6,4,1
P00317,2026-03-02,28,336.9,12.03,1.19,4,4,0
P00317,2026-04-01,27,325.1,12.04,4.29,6,4,0
P00317,2026-05-02,30,326.0,10.87,4.3,10,4,2
P00317,2026-06-01,29,355.7,12.26,5.59,4,4,2
P00317,2026-07-02,29,337.7,11.65,1.59,8,4,1
P00317,2026-08-01,29,347.5,11.98,3.41,8,4,0
P00318,2024-08-31,26,279.6,10.75,1.85,6,4,1
P00318,2024-09-30,28,299.4,10.69,0.86,5,4,1
P00318,2024-10-31,26,288.3,11.09,1.65,6,4,0
P00318,2024-11-30,25,280.2,11.21,3.62,6,4,1
P00318,2024-12-31,28,316.6,11.31,1.48,5,4,0
P00318,2025-01-30,30,323.8,10.79,1.42,7,4,1
P00318,2025-03-02,26,270.8,10.41,1.9,3,4,0
P00318,2025-04-01,27,298.0,11.04,0.87,5,4,1
P00318,2025-05-01,28,302.8,10.81,4.91,3,4,1
P00318,2025-06-01,28,285.7,10.2,4.96,4,4,0
P00318,2025-07-01,27,291.2,10.79,4.43,6,4,0
P00318,2025-08-01,29,322.4,11.12,3.67,5,4,0
P00318,2025-08-31,30,292.9,9.76,3.73,7,4,2
P00318,2025-10-01,28,275.2,9.83,6.0,2,4,0
P00318,2025-10-31,27,281.7,10.43,3.06,5,4,0
P00318,2025-12-01,30,306.6,10.22,3.69,3,4,1
P00318,2025-12-31,28,283.4,10.12,4.59,8,4,0
P00318,2026-01-30,26,273.4,10.51,2.02,9,4,1
P00318,2026-03-02,29,315.2,10.87,5.67,2,4,0
P00318,2026-04-01,30,314.4,10.48,5.02,5,4,0
P00318,2026-05-02,28,295.9,10.57,1.65,4,4,0
P00318,2026-06-01,25,260.8,10.43,0.32,3,4,1
P00318,2026-07-02,28,309.1,11.04,4.37,3,4,1
P00318,2026-08-01,28,305.2,10.9,5.37,8,4,1
P00319,2024-08-31,31,432.3,13.94,2.98,12,4,0
P00319,2024-09-30,28,363.6,12.99,3.12,7,4,0
P00319,2024-10-31,29,393.3,13.56,1.04,5,4,1
P00319,2024-11-30,28,390.3,13.94,0.41,7,4,0
P00319,2024-12-31,28,367.8,13.13,2.3,7,4,1
P00319,2025-01-30,26,375.4,14.44,6.0,9,4,0
P00319,2025-03-02,26,368.7,14.18,0.31,7,4,1
P00319,2025-04-01,31,440.1,14.2,2.76,8,4,1
P00319,2025-05-01,30,446.1,14.87,5.96,7,4,2
P00319,2025-06-01,27,381.6,14.13,0.52,0,4,0
P00319,2025-07-01,30,417.7,13.92,3.72,7,4,1
P00319,2025-08-01,28,391.6,13.99,1.55,10,4,0
P00319,2025-08-31,29,421.5,14.53,0.25,8,4,2
P00319,2025-10-01,28,396.8,14.17,4.74,4,4,0
P00319,2025-10-31,29,413.1,14.24,0.96,3,4,0
P00319,2025-12-01,28,386.2,13.79,2.92,4,4,1
P00319,2025-12-31,26,376.1,14.47,3.03,6,4,0
P00319,2026-01-30,30,407.4,13.58,5.58,9,4,1
P00319,2026-03-02,25,339.6,13.58,1.31,7,4,1
P00319,2026-04-01,27,350.6,12.98,2.72,9,4,0
P00319,2026-05-02,29,421.3,14.53,1.81,6,4,3
P00319,2026-06-01,29,412.4,14.22,3.83,2,4,0
P00319,2026-07-02,29,419.6,14.47,0.43,4,4,1
P00319,2026-08-01,29,415.0,14.31,3.05,4,4,0
P00320,2024-08-31,25,319.1,12.76,1.22,6,4,1
P00320,2024-09-30,28,350.4,12.51,1.11,4,4,1
P00320,2024-10-31,29,368.7,12.71,1.32,6,4,1
P00320,2024-11-30,27,350.2,12.97,1.55,7,4,0
P00320,2024-12-31,26,327.3,12.59,6.0,4,4,0
P00320,2025-01-30,27,339.7,12.58,4.29,12,4,1
P00320,2025-03-02,26,329.4,12.67,0.2,4,4,1
P00320,2025-04-01,26,347.6,13.37,0.95,3,4,1
P00320,2025-05-01,28,361.9,12.92,1.66,5,4,0
P00320,2025-06-01,26,341.4,13.13,1.13,2,4,1
P00320,2025-07-01,27,367.1,13.6,6.0,2,4,1
P00320,2025-08-01,27,372.8,13.81,2.7,4,4,1
P00320,2025-08-31,29,385.2,13.28,3.31,5,4,0
P00320,2025-10-01,27,348.1,12.89,0.37,0,4,0
P00320,2025-10-31,27,358.8,13.29,4.82,3,4,1
P00320,2025-12-01,26,327.0,12.58,1.44,3,4,0
P00320,2025-12-31,28,372.5,13.31,0.62,2,4,1
P00320,2026-01-30,28,373.3,13.33,2.44,5,4,3
P00320,2026-03-02,28,356.9,12.75,2.07,5,4,4
P00320,2026-04-01,27,352.7,13.06,0.87,2,4,0
P00320,2026-05-02,29,362.0,12.48,4.79,3,4,1
P00320,2026-06-01,26,320.2,12.32,0.77,5,4,1
P00320,2026-07-02,30,398.3,13.28,1.74,3,4,2
P00320,2026-08-01,30,372.6,12.42,1.01,5,4,0
P00321,2024-08-31,28,212.7,7.6,0.8,3,4,2
P00321,2024-09-30,30,221.9,7.4,5.98,6,4,3
P00321,2024-10-31,29,236.4,8.15,1.34,9,4,3
P00321,2024-11-30,27,191.4,7.09,2.22,5,4,4
P00321,2024-12-31,26,211.1,8.12,2.28,3,4,0
P00321,2025-01-30,28,221.6,7.91,0.7,3,4,3
P00321,2025-03-02,31,239.4,7.72,3.52,3,4,1
P00321,2025-04-01,26,201.9,7.76,1.39,4,4,2
P00321,2025-05-01,27,214.8,7.96,0.26,5,4,4
P00321,2025-06-01,27,211.6,7.84,2.14,2,4,4
P00321,2025-07-01,28,221.9,7.92,0.48,7,4,3
P00321,2025-08-01,27,209.9,7.77,0.2,0,4,2
P00321,2025-08-31,26,194.3,7.47,0.93,4,4,1
P00321,2025-10-01,25,195.6,7.82,0.97,4,4,3
P00321,2025-10-31,28,219.0,7.82,4.37,2,4,2
P00321,2025-12-01,31,255.5,8.24,0.72,1,4,3
P00321,2025-12-31,27,206.5,7.65,0.77,1,4,3
P00321,2026-01-30,27,206.4,7.64,0.5,8,4,3
P00321,2026-03-02,27,191.8,7.1,1.91,4,4,3
P00321,2026-04-01,27,201.1,7.45,2.14,6,4,4
P00321,2026-05-02,26,208.2,8.01,2.59,4,4,4
P00321,2026-06-01,27,193.6,7.17,0.2,3,4,2
P00321,2026-07-02,28,214.0,7.64,1.1,3,4,2
P00321,2026-08-01,30,236.0,7.87,1.2,3,4,1
P00322,2024-08-31,27,349.4,12.94,3.2,4,4,1
P00322,2024-09-30,29,373.6,12.88,0.99,6,4,0
P00322,2024-10-31,27,341.4,12.65,0.22,6,4,0
P00322,2024-11-30,30,390.2,13.01,4.86,2,4,2
P00322,2024-12-31,30,384.3,12.81,1.4,6,4,3
P00322,2025-01-30,28,362.5,12.95,1.08,4,4,0
P00322,2025-03-02,25,322.1,12.89,2.18,3,4,0
P00322,2025-04-01,29,357.4,12.33,1.99,1,4,0
P00322,2025-05-01,29,362.7,12.51,2.56,5,4,0
P00322,2025-06-01,24,304.3,12.68,3.26,4,4,0
P00322,2025-07-01,28,356.9,12.75,3.47,4,4,1
P00322,2025-08-01,28,342.1,12.22,0.53,8,4,1
P00322,2025-08-31,25,309.1,12.36,2.52,6,4,1
P00322,2025-10-01,28,366.8,13.1,1.59,2,4,0
P00322,2025-10-31,25,317.9,12.72,0.33,2,4,0
P00322,2025-12-01,31,418.8,13.51,1.38,4,4,0
P00322,2025-12-31,23,317.0,13.78,2.52,2,4,0
P00322,2026-01-30,26,335.3,12.89,1.25,3,4,0
P00322,2026-03-02,25,334.3,13.37,1.39,8,4,0
P00322,2026-04-01,29,386.5,13.33,1.64,7,4,1
P00322,2026-05-02,26,361.2,13.89,1.38,6,4,0
P00322,2026-06-01,24,313.8,13.07,2.47,6,4,2
P00322,2026-07-02,28,371.1,13.25,1.11,1,4,1
P00322,2026-08-01,28,367.6,13.13,1.49,7,4,2
P00323,2024-08-31,28,351.6,12.56,0.83,6,4,0
P00323,2024-09-30,31,378.3,12.2,1.39,7,4,1
P00323,2024-10-31,26,328.0,12.61,3.34,2,4,0
P00323,2024-11-30,28,342.3,12.23,3.86,5,4,0
P00323,2024-12-31,29,368.8,12.72,5.39,4,4,0
P00323,2025-01-30,27,324.2,12.01,5.79,3,4,2
P00323,2025-03-02,29,378.3,13.05,3.42,9,4,2
P00323,2025-04-01,26,332.7,12.8,2.43,5,4,0
P00323,2025-05-01,29,372.5,12.85,2.57,3,4,0
P00323,2025-06-01,28,360.2,12.86,2.49,7,4,2
P00323,2025-07-01,28,346.5,12.38,1.7,10,4,0
P00323,2025-08-01,27,327.6,12.13,0.83,4,4,0
P00323,2025-08-31,28,333.0,11.89,6.0,5,4,3
P00323,2025-10-01,29,357.9,12.34,2.87,7,4,0
P00323,2025-10-31,27,338.1,12.52,2.39,5,4,2
P00323,2025-12-01,30,357.3,11.91,3.59,7,4,1
P00323,2025-12-31,28,371.9,13.28,1.78,8,4,0
P00323,2026-01-30,26,327.7,12.6,1.16,5,4,0
P00323,2026-03-02,26,310.3,11.93,1.3,6,4,2
P00323,2026-04-01,27,341.9,12.66,0.3,6,4,0
P00323,2026-05-02,30,354.1,11.8,3.43,3,4,0
P00323,2026-06-01,30,369.0,12.3,2.11,11,4,0
P00323,2026-07-02,28,352.5,12.59,0.89,8,4,1
P00323,2026-08-01,31,386.5,12.47,1.98,13,4,1
P00324,2024-08-31,28,353.6,12.63,2.48,5,4,1
P00324,2024-09-30,29,374.6,12.92,0.6,4,4,2
P00324,2024-10-31,26,330.0,12.69,1.47,4,4,1
P00324,2024-11-30,26,318.7,12.26,3.67,6,4,0
P00324,2024-12-31,27,358.8,13.29,0.95,1,4,1
P00324,2025-01-30,26,333.0,12.81,0.5,6,4,0
P00324,2025-03-02,25,321.7,12.87,3.9,2,4,2
P00324,2025-04-01,30,382.7,12.76,1.96,2,4,0
P00324,2025-05-01,26,336.6,12.95,1.63,9,4,0
P00324,2025-06-01,25,321.7,12.87,0.57,3,4,0
P00324,2025-07-01,31,422.5,13.63,0.55,6,4,0
P00324,2025-08-01,29,390.0,13.45,1.67,4,4,1
P00324,2025-08-31,29,394.5,13.6,0.28,4,4,2
P00324,2025-10-01,28,383.8,13.71,1.47,4,4,0
P00324,2025-10-31,28,369.2,13.18,2.86,5,4,1
P00324,2025-12-01,29,387.9,13.38,0.72,0,4,1
P00324,2025-12-31,29,414.6,14.3,2.23,4,4,0
P00324,2026-01-30,25,331.7,13.27,2.61,2,4,2
P00324,2026-03-02,28,356.3,12.72,3.47,4,4,1
P00324,2026-04-01,27,336.3,12.46,4.81,8,4,0
P00324,2026-05-02,27,347.4,12.87,1.27,4,4,0
P00324,2026-06-01,27,350.7,12.99,1.84,6,4,0
P00324,2026-07-02,28,343.9,12.28,1.83,2,4,2
P00324,2026-08-01,28,342.4,12.23,2.65,2,4,0
P00325,2024-08-31,27,348.6,12.91,1.77,6,4,1
P00325,2024-09-30,29,370.4,12.77,0.98,6,4,0
P00325,2024-10-31,26,349.1,13.43,4.15,4,4,0
P00325,2024-11-30,28,358.1,12.79,2.76,4,4,1
P00325,2024-12-31,27,338.6,12.54,3.58,3,4,0
P00325,2025-01-30,28,331.9,11.85,5.63,2,4,2
P00325,2025-03-02,27,365.7,13.54,2.65,6,4,3
P00325,2025-04-01,26,352.4,13.55,0.2,2,4,0
P00325,2025-05-01,27,375.0,13.89,3.77,5,4,0
P00325,2025-06-01,30,407.2,13.57,2.83,3,4,1
P00325,2025-07-01,27,353.0,13.07,1.17,6,4,0
P00325,2025-08-01,29,376.1,12.97,0.62,3,4,1
P00325,2025-08-31,24,309.4,12.89,0.89,6,4,0
P00325,2025-10-01,26,344.3,13.24,1.95,8,4,1
P00325,2025-10-31,25,319.8,12.79,0.61,4,4,0
P00325,2025-12-01,24,299.8,12.49,2.06,3,4,1
P00325,2025-12-31,27,360.6,13.35,3.26,4,4,0
P00325,2026-01-30,28,369.4,13.19,1.16,4,4,0
P00325,2026-03-02,27,354.5,13.13,0.43,3,4,2
P00325,2026-04-01,30,389.6,12.99,0.34,6,4,0
P00325,2026-05-02,29,363.6,12.54,1.0,6,4,0
P00325,2026-06-01,27,360.3,13.35,1.97,4,4,1
P00325,2026-07-02,27,348.4,12.9,2.05,10,4,1
P00325,2026-08-01,28,370.1,13.22,2.39,6,4,1
P00326,2024-08-31,27,361.9,13.4,4.0,5,4,0
P00326,2024-09-30,28,381.4,13.62,0.59,7,4,1
P00326,2024-10-31,30,405.5,13.52,4.68,7,4,1
P00326,2024-11-30,28,367.5,13.13,2.26,9,4,1
P00326,2024-12-31,31,428.1,13.81,1.28,8,4,1
P00326,2025-01-30,31,426.0,13.74,2.65,4,4,2
P00326,2025-03-02,25,341.6,13.66,1.79,5,4,1
P00326,2025-04-01,30,402.3,13.41,2.7,7,4,2
P00326,2025-05-01,27,382.2,14.16,4.91,5,4,1
P00326,2025-06-01,31,423.4,13.66,2.74,5,4,1
P00326,2025-07-01,29,400.4,13.81,4.27,6,4,1
P00326,2025-08-01,29,389.2,13.42,1.06,7,4,1
P00326,2025-08-31,29,389.7,13.44,3.94,5,4,0
P00326,2025-10-01,28,379.2,13.54,0.99,1,4,1
P00326,2025-10-31,29,388.4,13.39,1.98,5,4,1
P00326,2025-12-01,27,357.6,13.24,1.82,4,4,0
P00326,2025-12-31,31,439.6,14.18,0.91,5,4,0
P00326,2026-01-30,30,423.6,14.12,3.41,12,4,1
P00326,2026-03-02,27,361.4,13.38,2.65,3,4,2
P00326,2026-04-01,31,426.5,13.76,1.31,5,4,0
P00326,2026-05-02,26,367.3,14.13,1.87,4,4,0
P00326,2026-06-01,30,394.4,13.15,1.03,8,4,0
P00326,2026-07-02,27,340.1,12.6,2.27,8,4,0
P00326,2026-08-01,29,375.4,12.94,0.61,5,4,2
P00327,2024-08-31,27,349.4,12.94,1.52,3,4,2
P00327,2024-09-30,26,325.4,12.51,0.47,7,4,1
P00327,2024-10-31,27,340.8,12.62,1.34,6,4,0
P00327,2024-11-30,29,371.4,12.81,3.67,6,4,1
P00327,2024-12-31,28,377.7,13.49,2.23,2,4,1
P00327,2025-01-30,25,341.0,13.64,6.0,3,4,1
P00327,2025-03-02,27,366.2,13.56,3.59,9,4,1
P00327,2025-04-01,28,381.2,13.61,3.2,7,4,2
P00327,2025-05-01,27,370.3,13.72,3.35,3,4,1
P00327,2025-06-01,28,385.3,13.76,2.58,8,4,2
P00327,2025-07-01,28,397.2,14.19,1.0,9,4,1
P00327,2025-08-01,29,423.4,14.6,1.23,2,4,0
P00327,2025-08-31,29,395.2,13.63,2.0,4,4,1
P00327,2025-10-01,29,403.2,13.9,4.1,3,4,0
P00327,2025-10-31,29,387.7,13.37,2.26,5,4,0
P00327,2025-12-01,25,368.0,14.72,1.16,3,4,1
P00327,2025-12-31,28,391.3,13.98,5.28,8,4,0
P00327,2026-01-30,25,347.6,13.9,3.09,2,4,1
P00327,2026-03-02,30,425.6,14.19,1.57,6,4,0
P00327,2026-04-01,26,358.6,13.79,0.94,7,4,2
P00327,2026-05-02,26,356.0,13.69,2.05,4,4,1
P00327,2026-06-01,28,387.6,13.84,1.98,6,4,1
P00327,2026-07-02,27,383.1,14.19,3.5,7,4,2
P00327,2026-08-01,30,411.4,13.71,2.84,6,4,0
P00328,2024-08-31,29,398.6,13.75,4.05,4,4,1
P00328,2024-09-30,30,402.0,13.4,2.25,4,4,0
P00328,2024-10-31,28,386.2,13.79,2.83,5,4,0
P00328,2024-11-30,31,399.5,12.89,6.0,6,4,1
P00328,2024-12-31,29,396.0,13.66,1.64,9,4,1
P00328,2025-01-30,28,377.2,13.47,0.63,4,4,1
P00328,2025-03-02,30,411.1,13.7,0.92,4,4,0
P00328,2025-04-01,28,385.1,13.75,3.11,6,4,0
P00328,2025-05-01,30,418.5,13.95,0.2,6,4,2
P00328,2025-06-01,27,362.4,13.42,1.72,7,4,1
P00328,2025-07-01,25,335.4,13.41,0.48,10,4,0
P00328,2025-08-01,27,364.7,13.51,2.36,2,4,0
P00328,2025-08-31,29,375.6,12.95,0.47,8,4,1
P00328,2025-10-01,24,314.9,13.12,3.08,5,4,0
P00328,2025-10-31,30,408.5,13.62,3.96,3,4,1
P00328,2025-12-01,27,355.6,13.17,0.54,7,4,2
P00328,2025-12-31,28,367.6,13.13,1.33,4,4,0
P00328,2026-01-30,28,393.5,14.05,0.57,9,4,1
P00328,2026-03-02,29,405.9,14.0,1.35,5,4,1
P00328,2026-04-01,25,347.1,13.88,2.06,3,4,3
P00328,2026-05-02,29,405.5,13.98,0.72,4,4,1
P00328,2026-06-01,29,414.7,14.3,2.74,5,4,0
P00328,2026-07-02,27,367.5,13.61,0.28,4,4,2
P00328,2026-08-01,28,400.2,14.29,4.57,2,4,1
P00329,2024-08-31,25,326.0,13.04,3.43,4,4,0
P00329,2024-09-30,24,306.5,12.77,0.2,8,4,0
P00329,2024-10-31,28,350.2,12.51,3.86,3,4,0
P00329,2024-11-30,29,368.2,12.7,1.99,5,4,0
P00329,2024-12-31,28,340.5,12.16,2.18,8,4,0
P00329,2025-01-30,30,376.6,12.55,3.57,6,4,0
P00329,2025-03-02,26,321.3,12.36,1.55,5,4,0
P00329,2025-04-01,26,320.1,12.31,1.93,3,4,0
P00329,2025-05-01,29,330.3,11.39,1.09,3,4,1
P00329,2025-06-01,28,316.8,11.32,2.46,9,4,0
P00329,2025-07-01,31,352.0,11.35,2.95,4,4,1
P00329,2025-08-01,24,266.8,11.12,1.74,5,4,1
P00329,2025-08-31,26,310.0,11.92,3.0,3,4,1
P00329,2025-10-01,26,283.1,10.89,2.56,7,4,1
P00329,2025-10-31,28,319.2,11.4,3.26,3,4,0
P00329,2025-12-01,29,330.9,11.41,2.86,7,4,0
P00329,2025-12-31,27,312.6,11.58,0.72,2,4,1
P00329,2026-01-30,30,343.9,11.46,2.02,5,4,0
P00329,2026-03-02,27,313.4,11.61,1.09,3,4,0
P00329,2026-04-01,31,392.7,12.67,2.37,7,4,1
P00329,2026-05-02,27,315.6,11.69,0.51,3,4,0
P00329,2026-06-01,31,383.8,12.38,2.69,5,4,0
P00329,2026-07-02,31,373.5,12.05,2.76,14,4,1
P00329,2026-08-01,28,343.5,12.27,4.03,7,4,2
P00330,2024-08-31,28,360.1,12.86,2.02,8,4,0
P00330,2024-09-30,26,313.6,12.06,0.34,4,4,1
P00330,2024-10-31,29,355.7,12.26,2.47,4,4,0
P00330,2024-11-30,27,337.4,12.5,0.74,8,4,1
P00330,2024-12-31,27,335.8,12.44,0.49,3,4,0
P00330,2025-01-30,28,360.6,12.88,2.96,1,4,0
P00330,2025-03-02,25,301.6,12.06,1.76,6,4,0
P00330,2025-04-01,31,388.0,12.51,2.12,5,4,0
P00330,2025-05-01,27,332.9,12.33,3.39,4,4,1
P00330,2025-06-01,27,345.1,12.78,1.98,5,4,4
P00330,2025-07-01,24,292.3,12.18,1.0,3,4,0
P00330,2025-08-01,28,342.1,12.22,0.97,2,4,1
P00330,2025-08-31,29,362.9,12.51,1.95,5,4,1
P00330,2025-10-01,26,324.9,12.5,3.48,2,4,2
P00330,2025-10-31,26,342.6,13.18,3.37,8,4,0
P00330,2025-12-01,26,341.2,13.12,4.12,0,4,2
P00330,2025-12-31,25,311.7,12.47,4.16,4,4,0
P00330,2026-01-30,26,343.2,13.2,1.15,5,4,1
P00330,2026-03-02,28,351.7,12.56,2.46,4,4,4
P00330,2026-04-01,28,333.0,11.89,5.41,6,4,0
P00330,2026-05-02,27,329.6,12.21,0.99,4,4,0
P00330,2026-06-01,29,375.5,12.95,2.01,2,4,1
P00330,2026-07-02,28,334.8,11.96,6.0,6,4,0
P00330,2026-08-01,27,335.8,12.44,2.95,5,4,0
P00331,2024-08-31,29,242.4,8.36,2.59,8,4,2
P00331,2024-09-30,28,216.6,7.73,2.41,3,4,2
P00331,2024-10-31,28,212.0,7.57,1.88,4,4,3
P00331,2024-11-30,26,207.9,8.0,4.12,3,4,1
P00331,2024-12-31,24,190.8,7.95,2.33,5,4,1
P00331,2025-01-30,30,236.3,7.88,0.84,9,4,1
P00331,2025-03-02,27,197.4,7.31,1.27,7,4,3
P00331,2025-04-01,28,230.9,8.25,3.84,6,4,4
P00331,2025-05-01,30,238.3,7.94,1.21,8,4,1
P00331,2025-06-01,30,229.6,7.65,0.48,1,4,2
P00331,2025-07-01,29,210.0,7.24,0.27,4,4,1
P00331,2025-08-01,28,212.2,7.58,3.57,2,4,3
P00331,2025-08-31,27,205.1,7.6,4.15,5,4,2
P00331,2025-10-01,26,219.5,8.44,4.67,4,4,0
P00331,2025-10-31,26,206.6,7.95,2.87,2,4,3
P00331,2025-12-01,28,204.9,7.32,4.01,4,4,2
P00331,2025-12-31,28,227.4,8.12,0.47,2,4,2
P00331,2026-01-30,30,238.4,7.95,3.91,2,4,1
P00331,2026-03-02,31,244.9,7.9,0.67,4,4,3
P00331,2026-04-01,28,229.0,8.18,2.28,5,4,3
P00331,2026-05-02,25,194.2,7.77,3.08,3,4,1
P00331,2026-06-01,30,244.3,8.14,3.59,6,4,2
P00331,2026-07-02,27,219.9,8.15,6.0,3,4,1
P00331,2026-08-01,26,184.8,7.11,1.45,3,4,2
P00332,2024-08-31,29,363.4,12.53,0.49,2,4,1
P00332,2024-09-30,28,353.4,12.62,2.48,3,4,1
P00332,2024-10-31,25,336.3,13.45,1.56,4,4,0
P00332,2024-11-30,27,331.9,12.29,1.23,5,4,0
P00332,2024-12-31,26,319.3,12.28,0.62,4,4,1
P00332,2025-01-30,25,303.1,12.12,2.19,7,4,1
P00332,2025-03-02,27,330.8,12.25,0.6,2,4,0
P00332,2025-04-01,28,337.8,12.06,0.72,4,4,2
P00332,2025-05-01,28,352.5,12.59,0.37,6,4,0
P00332,2025-06-01,28,361.5,12.91,2.99,3,4,1
P00332,2025-07-01,28,336.0,12.0,1.4,5,4,0
P00332,2025-08-01,28,359.6,12.84,1.08,5,4,2
P00332,2025-08-31,26,335.4,12.9,3.14,5,4,0
P00332,2025-10-01,26,330.8,12.72,0.46,1,4,0
P00332,2025-10-31,26,331.1,12.73,0.55,1,4,2
P00332,2025-12-01,27,344.6,12.76,1.45,5,4,1
P00332,2025-12-31,29,386.8,13.34,1.15,4,4,0
P00332,2026-01-30,26,329.2,12.66,0.61,4,4,1
P00332,2026-03-02,24,316.5,13.19,1.93,3,4,1
P00332,2026-04-01,26,359.5,13.83,1.06,2,4,2
P00332,2026-05-02,27,342.0,12.66,0.55,1,4,3
P00332,2026-06-01,27,342.7,12.69,4.24,2,4,1
P00332,2026-07-02,26,342.3,13.16,0.39,2,4,0
P00332,2026-08-01,26,331.1,12.73,0.8,1,4,0
P00333,2024-08-31,28,268.3,9.58,3.05,4,4,2
P00333,2024-09-30,30,271.8,9.06,6.0,6,4,2
P00333,2024-10-31,29,248.7,8.58,1.37,11,4,1
P00333,2024-11-30,30,278.1,9.27,0.39,8,4,3
P00333,2024-12-31,29,235.4,8.12,1.29,7,4,2
P00333,2025-01-30,30,266.4,8.88,3.75,8,4,2
P00333,2025-03-02,27,200.8,7.44,2.84,6,4,3
P00333,2025-04-01,28,221.7,7.92,2.79,7,4,2
P00333,2025-05-01,31,262.5,8.47,1.7,7,4,2
P00333,2025-06-01,29,260.3,8.97,1.96,3,4,1
P00333,2025-07-01,30,267.1,8.9,2.61,6,4,2
P00333,2025-08-01,30,286.3,9.54,0.42,11,4,1
P00333,2025-08-31,29,255.4,8.81,1.28,7,4,2
P00333,2025-10-01,26,223.4,8.59,2.12,8,4,1
P00333,2025-10-31,31,282.4,9.11,1.29,4,4,3
P00333,2025-12-01,26,220.4,8.48,6.0,4,4,2
P00333,2025-12-31,30,263.3,8.78,2.65,7,4,2
P00333,2026-01-30,28,266.6,9.52,1.14,12,4,3
P00333,2026-03-02,30,277.1,9.24,1.03,10,4,2
P00333,2026-04-01,29,278.3,9.6,0.34,6,4,2
P00333,2026-05-02,27,260.0,9.63,0.91,9,4,3
P00333,2026-06-01,30,291.8,9.73,3.66,4,4,2
P00333,2026-07-02,28,290.6,10.38,6.0,9,4,2
P00333,2026-08-01,28,274.9,9.82,1.87,5,4,3
P00334,2024-08-31,27,338.6,12.54,1.46,6,4,2
P00334,2024-09-30,25,305.1,12.2,1.93,3,4,0
P00334,2024-10-31,27,337.6,12.5,0.52,5,4,2
P00334,2024-11-30,28,350.9,12.53,2.45,2,4,0
P00334,2024-12-31,25,301.9,12.08,0.8,2,4,2
P00334,2025-01-30,27,354.2,13.12,0.42,6,4,0
P00334,2025-03-02,25,292.5,11.7,3.89,2,4,0
P00334,2025-04-01,25,318.9,12.76,1.91,4,4,0
P00334,2025-05-01,25,302.8,12.11,1.0,2,4,2
P00334,2025-06-01,25,307.2,12.29,0.6,3,4,1
P00334,2025-07-01,27,325.2,12.04,4.04,3,4,2
P00334,2025-08-01,27,315.4,11.68,3.13,3,4,1
P00334,2025-08-31,26,301.3,11.59,1.76,3,4,0
P00334,2025-10-01,28,320.1,11.43,1.55,4,4,0
P00334,2025-10-31,28,320.9,11.46,1.09,2,4,0
P00334,2025-12-01,26,309.6,11.91,1.84,3,4,1
P00334,2025-12-31,25,272.7,10.91,1.0,6,4,1
P00334,2026-01-30,30,342.2,11.41,2.98,5,4,0
P00334,2026-03-02,28,317.7,11.35,2.67,3,4,0
P00334,2026-04-01,27,329.6,12.21,4.51,6,4,0
P00334,2026-05-02,26,293.8,11.3,2.34,5,4,2
P00334,2026-06-01,30,333.9,11.13,0.97,4,4,1
P00334,2026-07-02,26,296.1,11.39,0.38,7,4,0
P00334,2026-08-01,25,276.8,11.07,0.54,4,4,1
P00335,2024-08-31,28,376.5,13.45,2.91,3,4,0
P00335,2024-09-30,29,393.1,13.55,1.36,8,4,1
P00335,2024-10-31,31,411.4,13.27,2.93,5,4,0
P00335,2024-11-30,30,430.7,14.36,2.63,7,4,0
P00335,2024-12-31,30,406.4,13.55,2.38,2,4,1
P00335,2025-01-30,27,360.7,13.36,0.21,4,4,0
P00335,2025-03-02,31,447.8,14.45,3.4,5,4,0
P00335,2025-04-01,31,409.2,13.2,2.81,7,4,1
P00335,2025-05-01,27,368.0,13.63,3.86,3,4,1
P00335,2025-06-01,25,344.4,13.77,1.1,7,4,2
P00335,2025-07-01,27,361.0,13.37,1.79,7,4,1
P00335,2025-08-01,29,400.8,13.82,1.66,5,4,0
P00335,2025-08-31,27,366.0,13.56,1.93,5,4,0
P00335,2025-10-01,28,378.3,13.51,1.37,2,4,1
P00335,2025-10-31,27,370.5,13.72,0.67,8,4,2
P00335,2025-12-01,29,422.4,14.57,2.85,5,4,0
P00335,2025-12-31,24,329.6,13.73,0.87,2,4,1
P00335,2026-01-30,29,410.9,14.17,1.1,11,4,2
P00335,2026-03-02,25,357.5,14.3,2.14,4,4,0
P00335,2026-04-01,27,372.9,13.81,0.63,8,4,0
P00335,2026-05-02,30,435.8,14.53,1.05,3,4,1
P00335,2026-06-01,29,403.6,13.92,1.27,7,4,0
P00335,2026-07-02,28,409.3,14.62,2.74,6,4,0
P00335,2026-08-01,30,444.5,14.82,2.83,5,4,2
P00336,2024-08-31,28,358.6,12.81,2.21,6,4,0
P00336,2024-09-30,27,326.4,12.09,2.22,5,4,2
P00336,2024-10-31,29,344.7,11.89,0.96,5,4,0
P00336,2024-11-30,25,326.2,13.05,1.1,7,4,0
P00336,2024-12-31,28,373.5,13.34,2.23,7,4,0
P00336,2025-01-30,27,368.2,13.64,2.52,8,4,2
P00336,2025-03-02,23,312.5,13.59,1.32,6,4,1
P00336,2025-04-01,27,345.2,12.79,1.22,4,4,1
P00336,2025-05-01,24,324.6,13.53,1.19,10,4,1
P00336,2025-06-01,28,393.4,14.05,1.77,4,4,1
P00336,2025-07-01,26,340.0,13.08,1.01,3,4,0
P00336,2025-08-01,24,318.4,13.27,0.26,1,4,1
P00336,2025-08-31,29,365.2,12.59,1.23,4,4,0
P00336,2025-10-01,26,335.5,12.91,1.62,3,4,0
P00336,2025-10-31,27,340.8,12.62,1.32,0,4,2
P00336,2025-12-01,25,311.4,12.46,0.82,2,4,1
P00336,2025-12-31,26,340.4,13.09,1.48,2,4,0
P00336,2026-01-30,29,373.1,12.87,4.68,3,4,0
P00336,2026-03-02,29,366.1,12.62,0.68,6,4,2
P00336,2026-04-01,27,339.6,12.58,0.98,7,4,0
P00336,2026-05-02,27,345.5,12.8,1.82,3,4,0
P00336,2026-06-01,30,394.5,13.15,1.09,5,4,1
P00336,2026-07-02,26,322.3,12.4,0.63,6,4,1
P00336,2026-08-01,30,361.5,12.05,5.63,1,4,0
P00337,2024-08-31,29,363.9,12.55,2.43,7,4,0
P00337,2024-09-30,29,372.7,12.85,0.69,5,4,1
P00337,2024-10-31,29,363.0,12.52,0.86,4,4,0
P00337,2024-11-30,30,361.5,12.05,0.76,2,4,1
P00337,2024-12-31,26,336.4,12.94,0.57,10,4,0
P00337,2025-01-30,29,365.2,12.59,1.0,2,4,2
P00337,2025-03-02,29,388.3,13.39,2.04,6,4,0
P00337,2025-04-01,26,347.2,13.35,6.0,8,4,1
P00337,2025-05-01,29,373.0,12.86,0.7,4,4,2
P00337,2025-06-01,28,348.6,12.45,4.93,4,4,1
P00337,2025-07-01,28,353.6,12.63,2.26,4,4,0
P00337,2025-08-01,27,327.6,12.13,2.46,6,4,1
P00337,2025-08-31,24,301.7,12.57,2.87,2,4,0
P00337,2025-10-01,28,339.6,12.13,1.11,4,4,2
P00337,2025-10-31,28,348.7,12.45,1.63,3,4,1
P00337,2025-12-01,29,361.4,12.46,2.49,6,4,0
P00337,2025-12-31,27,336.9,12.48,2.27,2,4,2
P00337,2026-01-30,29,332.4,11.46,1.54,5,4,0
P00337,2026-03-02,29,377.8,13.03,3.77,5,4,0
P00337,2026-04-01,28,336.7,12.02,4.03,6,4,1
P00337,2026-05-02,25,301.9,12.08,1.08,6,4,0
P00337,2026-06-01,30,356.1,11.87,3.23,3,4,1
P00337,2026-07-02,28,320.0,11.43,3.37,6,4,0
P00337,2026-08-01,29,331.3,11.43,1.63,6,4,2
P00338,2024-08-31,29,398.8,13.75,0.97,4,4,0
P00338,2024-09-30,27,366.0,13.56,2.49,6,4,1
P00338,2024-10-31,30,409.0,13.63,4.3,7,4,1
P00338,2024-11-30,27,363.4,13.46,3.2,9,4,0
P00338,2024-12-31,29,366.9,12.65,1.38,9,4,1
P00338,2025-01-30,29,366.7,12.65,4.19,6,4,0
P00338,2025-03-02,27,338.0,12.52,3.45,5,4,1
P00338,2025-04-01,29,361.6,12.47,1.91,4,4,0
P00338,2025-05-01,30,385.1,12.84,3.82,4,4,0
P00338,2025-06-01,30,395.3,13.18,3.47,8,4,1
P00338,2025-07-01,30,407.4,13.58,5.4,10,4,1
P00338,2025-08-01,31,410.2,13.23,4.23,5,4,2
P00338,2025-08-31,28,340.3,12.15,5.34,8,4,0
P00338,2025-10-01,30,381.8,12.73,1.43,5,4,3
P00338,2025-10-31,27,339.9,12.59,0.79,7,4,0
P00338,2025-12-01,27,361.4,13.39,1.44,4,4,1
P00338,2025-12-31,27,347.6,12.87,2.21,6,4,0
P00338,2026-01-30,27,363.4,13.46,5.49,7,4,1
P00338,2026-03-02,31,414.4,13.37,5.06,6,4,1
P00338,2026-04-01,29,379.3,13.08,5.59,8,4,0
P00338,2026-05-02,30,408.6,13.62,0.78,7,4,1
P00338,2026-06-01,26,350.4,13.48,1.81,9,4,1
P00338,2026-07-02,30,412.4,13.75,5.08,6,4,1
P00338,2026-08-01,29,370.0,12.76,1.79,6,4,0
P00339,2024-08-31,29,372.6,12.85,0.61,2,4,1
P00339,2024-09-30,27,346.5,12.83,0.71,4,4,2
P00339,2024-10-31,29,377.3,13.01,2.11,3,4,0
P00339,2024-11-30,29,401.7,13.85,3.18,6,4,1
P00339,2024-12-31,26,345.1,13.27,1.95,7,4,0
P00339,2025-01-30,27,350.9,13.0,1.52,4,4,1
P00339,2025-03-02,27,356.2,13.19,0.59,1,4,1
P00339,2025-04-01,30,391.7,13.06,0.55,3,4,1
P00339,2025-05-01,25,342.9,13.72,0.63,3,4,1
P00339,2025-06-01,28,377.3,13.47,2.62,2,4,1
P00339,2025-07-01,28,385.1,13.75,3.68,2,4,1
P00339,2025-08-01,27,371.8,13.77,1.87,4,4,2
P00339,2025-08-31,29,410.8,14.16,1.05,4,4,0
P00339,2025-10-01,24,357.4,14.89,2.67,1,4,1
P00339,2025-10-31,26,371.9,14.3,1.61,3,4,0
P00339,2025-12-01,26,376.2,14.47,1.95,3,4,0
P00339,2025-12-31,26,363.8,13.99,2.23,4,4,1
P00339,2026-01-30,27,380.0,14.08,0.72,7,4,1
P00339,2026-03-02,28,413.1,14.75,1.8,5,4,2
P00339,2026-04-01,30,438.7,14.62,1.8,5,4,2
P00339,2026-05-02,28,390.1,13.93,0.83,9,4,0
P00339,2026-06-01,26,373.3,14.36,4.76,9,4,0
P00339,2026-07-02,27,368.5,13.65,1.38,2,4,1
P00339,2026-08-01,27,373.8,13.84,2.36,1,4,2
P00340,2024-08-31,31,394.6,12.73,2.33,4,4,2
P00340,2024-09-30,24,305.4,12.72,1.62,5,4,1
P00340,2024-10-31,26,327.5,12.6,1.63,4,4,1
P00340,2024-11-30,28,371.5,13.27,1.32,7,4,1
P00340,2024-12-31,29,354.2,12.21,0.96,4,4,2
P00340,2025-01-30,29,372.0,12.83,1.04,1,4,0
P00340,2025-03-02,27,325.1,12.04,1.96,3,4,2
P00340,2025-04-01,24,298.5,12.44,1.44,3,4,0
P00340,2025-05-01,26,311.9,12.0,0.94,7,4,0
P00340,2025-06-01,28,348.1,12.43,2.37,2,4,1
P00340,2025-07-01,29,317.3,10.94,2.09,4,4,2
P00340,2025-08-01,28,346.2,12.36,1.21,2,4,1
P00340,2025-08-31,29,333.5,11.5,0.56,4,4,1
P00340,2025-10-01,28,333.6,11.91,2.95,2,4,2
P00340,2025-10-31,30,351.9,11.73,1.43,0,4,0
P00340,2025-12-01,28,326.5,11.66,0.41,1,4,0
P00340,2025-12-31,25,316.7,12.67,1.49,1,4,0
P00340,2026-01-30,27,321.5,11.91,1.63,3,4,1
P00340,2026-03-02,30,372.2,12.41,0.78,1,4,1
P00340,2026-04-01,30,359.8,11.99,0.74,4,4,2
P00340,2026-05-02,26,297.2,11.43,1.35,6,4,0
P00340,2026-06-01,30,349.2,11.64,1.07,3,4,0
P00340,2026-07-02,28,323.8,11.56,0.54,4,4,1
P00340,2026-08-01,28,338.7,12.1,1.45,3,4,0
P00341,2024-08-31,30,235.8,7.86,1.33,7,4,2
P00341,2024-09-30,30,226.3,7.54,2.62,7,4,3
P00341,2024-10-31,31,236.8,7.64,5.33,1,4,1
P00341,2024-11-30,31,216.6,6.99,1.22,9,4,2
P00341,2024-12-31,26,175.4,6.75,1.12,6,4,1
P00341,2025-01-30,27,208.6,7.73,1.58,2,4,3
P00341,2025-03-02,26,178.1,6.85,1.36,12,4,2
P00341,2025-04-01,31,218.8,7.06,0.66,5,4,2
P00341,2025-05-01,29,217.3,7.49,2.04,9,4,2
P00341,2025-06-01,28,204.3,7.3,2.97,7,4,1
P00341,2025-07-01,29,203.6,7.02,3.67,2,4,2
P00341,2025-08-01,24,164.7,6.86,3.75,7,4,3
P00341,2025-08-31,30,216.3,7.21,2.96,3,4,2
P00341,2025-10-01,30,206.3,6.88,1.14,7,4,2
P00341,2025-10-31,30,197.7,6.59,2.97,3,4,4
P00341,2025-12-01,30,205.8,6.86,0.2,4,4,3
P00341,2025-12-31,29,191.2,6.59,4.63,9,4,2
P00341,2026-01-30,31,195.8,6.32,0.34,7,4,1
P00341,2026-03-02,29,183.4,6.32,1.73,9,4,3
P00341,2026-04-01,31,203.2,6.55,0.8,1,4,4
P00341,2026-05-02,28,175.2,6.26,1.15,3,4,2
P00341,2026-06-01,28,158.1,5.65,1.65,4,4,2
P00341,2026-07-02,29,172.9,5.96,2.88,4,4,2
P00341,2026-08-01,28,164.7,5.88,2.12,6,4,3
P00342,2024-08-31,29,414.3,14.29,1.25,5,4,4
P00342,2024-09-30,28,406.0,14.5,0.24,4,4,4
P00342,2024-10-31,26,387.5,14.9,0.88,3,4,4
P00342,2024-11-30,27,373.0,13.82,0.78,4,4,1
P00342,2024-12-31,29,412.9,14.24,0.68,5,4,3
P00342,2025-01-30,27,364.8,13.51,1.53,6,4,3
P00342,2025-03-02,30,424.3,14.14,0.99,5,4,1
P00342,2025-04-01,27,384.2,14.23,1.3,3,4,2
P00342,2025-05-01,28,402.0,14.36,1.5,6,4,4
P00342,2025-06-01,26,365.5,14.06,0.45,10,4,3
P00342,2025-07-01,28,382.7,13.67,0.57,4,4,4
P00342,2025-08-01,30,412.1,13.74,0.68,7,4,1
P00342,2025-08-31,30,430.8,14.36,0.57,6,4,3
P00342,2025-10-01,29,407.6,14.05,0.79,7,4,2
P00342,2025-10-31,27,372.7,13.8,1.41,4,4,4
P00342,2025-12-01,28,364.8,13.03,0.31,1,4,3
P00342,2025-12-31,26,349.1,13.43,0.84,2,4,3
P00342,2026-01-30,30,404.2,13.47,1.16,5,4,4
P00342,2026-03-02,29,373.6,12.88,2.38,5,4,3
P00342,2026-04-01,29,384.3,13.25,0.76,5,4,4
P00342,2026-05-02,30,411.2,13.71,0.71,7,4,1
P00342,2026-06-01,26,353.1,13.58,0.2,5,4,3
P00342,2026-07-02,28,377.9,13.5,0.48,6,4,3
P00342,2026-08-01,28,370.2,13.22,0.84,8,4,3
P00343,2024-08-31,30,276.2,9.21,1.04,7,4,2
P00343,2024-09-30,29,247.6,8.54,2.58,3,4,2
P00343,2024-10-31,28,254.7,9.1,2.2,7,4,2
P00343,2024-11-30,30,252.3,8.41,2.53,8,4,4
P00343,2024-12-31,28,222.8,7.96,2.62,5,4,2
P00343,2025-01-30,28,208.6,7.45,2.07,10,4,1
P00343,2025-03-02,29,221.1,7.62,2.0,3,4,1
P00343,2025-04-01,29,241.3,8.32,0.94,3,4,2
P00343,2025-05-01,28,230.9,8.25,0.67,5,4,2
P00343,2025-06-01,30,251.1,8.37,1.67,5,4,2
P00343,2025-07-01,30,253.5,8.45,5.36,4,4,1
P00343,2025-08-01,31,263.5,8.5,1.84,8,4,4
P00343,2025-08-31,25,221.8,8.87,2.69,7,4,3
P00343,2025-10-01,29,242.8,8.37,3.61,6,4,4
P00343,2025-10-31,31,281.7,9.09,3.2,3,4,1
P00343,2025-12-01,29,246.2,8.49,0.79,7,4,3
P00343,2025-12-31,29,259.4,8.95,0.29,3,4,2
P00343,2026-01-30,29,268.5,9.26,3.75,5,4,1
P00343,2026-03-02,29,258.4,8.91,2.2,11,4,1
P00343,2026-04-01,30,262.9,8.76,2.83,7,4,2
P00343,2026-05-02,28,242.6,8.66,5.94,12,4,0
P00343,2026-06-01,28,234.8,8.38,4.22,9,4,2
P00343,2026-07-02,29,246.4,8.5,2.59,11,4,2
P00343,2026-08-01,30,262.8,8.76,2.42,6,4,2
P00344,2024-08-31,30,408.7,13.62,1.11,6,4,0
P00344,2024-09-30,29,395.3,13.63,2.79,6,4,1
P00344,2024-10-31,28,358.0,12.78,0.77,5,4,1
P00344,2024-11-30,30,400.8,13.36,1.82,4,4,2
P00344,2024-12-31,30,400.3,13.34,1.48,8,4,0
P00344,2025-01-30,30,393.9,13.13,4.39,8,4,1
P00344,2025-03-02,26,354.4,13.63,1.02,5,4,1
P00344,2025-04-01,30,410.2,13.67,3.84,8,4,0
P00344,2025-05-01,29,387.2,13.35,0.94,6,4,1
P00344,2025-06-01,27,357.0,13.22,0.46,9,4,1
P00344,2025-07-01,26,353.6,13.6,6.0,9,4,0
P00344,2025-08-01,28,367.5,13.12,1.85,3,4,1
P00344,2025-08-31,30,391.4,13.05,4.17,5,4,0
P00344,2025-10-01,30,408.1,13.6,0.48,8,4,1
P00344,2025-10-31,31,380.8,12.28,4.27,4,4,1
P00344,2025-12-01,30,389.9,13.0,1.17,8,4,2
P00344,2025-12-31,28,357.2,12.76,5.3,2,4,0
P00344,2026-01-30,29,381.2,13.15,6.0,9,4,0
P00344,2026-03-02,27,342.8,12.7,3.46,7,4,1
P00344,2026-04-01,28,359.2,12.83,3.41,4,4,0
P00344,2026-05-02,29,376.5,12.98,3.16,9,4,1
P00344,2026-06-01,31,427.4,13.79,2.62,4,4,0
P00344,2026-07-02,27,357.8,13.25,3.41,3,4,0
P00344,2026-08-01,29,403.7,13.92,1.83,7,4,1
P00345,2024-08-31,30,391.5,13.05,5.8,5,4,0
P00345,2024-09-30,30,400.9,13.36,3.17,8,4,0
P00345,2024-10-31,29,394.4,13.6,2.09,6,4,2
P00345,2024-11-30,28,392.9,14.03,1.29,5,4,0
P00345,2024-12-31,29,393.4,13.56,2.31,10,4,1
P00345,2025-01-30,28,348.5,12.45,0.95,11,4,0
P00345,2025-03-02,30,401.3,13.38,6.0,12,4,3
P00345,2025-04-01,28,378.8,13.53,0.9,5,4,0
P00345,2025-05-01,31,407.9,13.16,0.95,5,4,1
P00345,2025-06-01,29,403.9,13.93,1.99,4,4,2
P00345,2025-07-01,29,392.2,13.52,4.86,1,4,1
P00345,2025-08-01,28,354.2,12.65,2.47,5,4,1
P00345,2025-08-31,30,380.3,12.68,3.93,11,4,0
P00345,2025-10-01,27,369.0,13.67,2.72,9,4,0
P00345,2025-10-31,29,370.2,12.76,4.18,6,4,0
P00345,2025-12-01,29,369.6,12.75,2.1,11,4,2
P00345,2025-12-31,30,382.8,12.76,4.7,4,4,0
P00345,2026-01-30,30,399.8,13.33,2.46,9,4,0
P00345,2026-03-02,30,380.6,12.69,1.68,11,4,1
P00345,2026-04-01,31,412.1,13.29,2.22,6,4,0
P00345,2026-05-02,31,420.6,13.57,1.82,11,4,0
P00345,2026-06-01,28,392.3,14.01,2.03,11,4,0
P00345,2026-07-02,27,361.9,13.4,2.77,2,4,2
P00345,2026-08-01,31,389.0,12.55,1.19,7,4,0
P00346,2024-08-31,27,223.2,8.26,2.59,6,4,3
P00346,2024-09-30,28,205.0,7.32,1.13,4,4,2
P00346,2024-10-31,28,198.2,7.08,0.44,5,4,2
P00346,2024-11-30,29,215.9,7.45,0.85,2,4,2
P00346,2024-12-31,28,203.6,7.27,3.38,5,4,2
P00346,2025-01-30,26,195.8,7.53,1.45,6,4,2
P00346,2025-03-02,30,229.0,7.63,5.16,3,4,3
P00346,2025-04-01,29,208.5,7.19,1.05,4,4,1
P00346,2025-05-01,27,200.0,7.41,0.92,4,4,2
P00346,2025-06-01,27,185.2,6.86,5.01,1,4,2
P00346,2025-07-01,27,188.3,6.97,1.74,5,4,1
P00346,2025-08-01,28,203.2,7.26,0.3,2,4,3
P00346,2025-08-31,29,196.3,6.77,0.59,4,4,0
P00346,2025-10-01,26,191.3,7.36,4.1,4,4,2
P00346,2025-10-31,25,192.5,7.7,3.02,1,4,2
P00346,2025-12-01,26,192.9,7.42,3.34,7,4,1
P00346,2025-12-31,29,214.0,7.38,3.46,4,4,2
P00346,2026-01-30,30,224.0,7.47,1.22,6,4,3
P00346,2026-03-02,24,183.0,7.63,3.05,7,4,4
P00346,2026-04-01,28,205.2,7.33,2.74,6,4,2
P00346,2026-05-02,26,194.1,7.47,5.43,4,4,2
P00346,2026-06-01,29,205.7,7.09,2.37,4,4,4
P00346,2026-07-02,27,209.0,7.74,0.75,9,4,3
P00346,2026-08-01,30,241.1,8.04,2.26,2,4,2
P00347,2024-08-31,26,295.3,11.36,1.24,1,4,1
P00347,2024-09-30,29,306.7,10.58,2.22,1,4,0
P00347,2024-10-31,27,277.9,10.29,4.34,4,4,0
P00347,2024-11-30,25,273.8,10.95,1.02,4,4,1
P00347,2024-12-31,23,237.9,10.34,1.76,10,4,1
P00347,2025-01-30,29,306.9,10.58,0.89,4,4,1
P00347,2025-03-02,26,269.9,10.38,1.41,4,4,1
P00347,2025-04-01,27,279.7,10.36,2.28,6,4,0
P00347,2025-05-01,30,300.5,10.02,0.47,2,4,0
P00347,2025-06-01,26,273.6,10.52,1.74,1,4,1
P00347,2025-07-01,25,272.6,10.9,2.09,2,4,0
P00347,2025-08-01,29,302.8,10.44,3.67,4,4,1
P00347,2025-08-31,28,283.7,10.13,2.86,7,4,0
P00347,2025-10-01,29,295.9,10.2,2.02,3,4,2
P00347,2025-10-31,28,291.9,10.43,5.7,1,4,0
P00347,2025-12-01,27,287.6,10.65,1.7,2,4,2
P00347,2025-12-31,27,281.8,10.44,1.85,3,4,0
P00347,2026-01-30,28,311.6,11.13,5.55,7,4,2
P00347,2026-03-02,25,269.3,10.77,3.07,4,4,2
P00347,2026-04-01,27,294.0,10.89,2.84,4,4,1
P00347,2026-05-02,28,332.2,11.86,0.2,5,4,0
P00347,2026-06-01,29,310.0,10.69,0.61,6,4,0
P00347,2026-07-02,27,292.1,10.82,1.54,6,4,1
P00347,2026-08-01,28,314.3,11.23,2.19,5,4,0
P00348,2024-08-31,27,353.9,13.11,3.38,8,4,3
P00348,2024-09-30,30,387.8,12.93,1.47,13,4,2
P00348,2024-10-31,28,368.0,13.14,3.32,8,4,2
P00348,2024-11-30,30,414.4,13.81,4.14,6,4,1
P00348,2024-12-31,28,372.3,13.3,1.93,10,4,0
P00348,2025-01-30,29,372.2,12.84,4.28,2,4,0
P00348,2025-03-02,30,393.8,13.13,5.62,4,4,0
P00348,2025-04-01,28,390.7,13.95,1.41,3,4,1
P00348,2025-05-01,28,369.0,13.18,3.19,6,4,1
P00348,2025-06-01,29,387.8,13.37,1.9,5,4,1
P00348,2025-07-01,25,354.7,14.19,0.2,8,4,2
P00348,2025-08-01,29,410.3,14.15,6.0,10,4,0
P00348,2025-08-31,31,435.4,14.04,2.26,5,4,0
P00348,2025-10-01,29,389.0,13.41,3.6,4,4,0
P00348,2025-10-31,31,415.1,13.39,1.83,5,4,0
P00348,2025-12-01,28,376.6,13.45,1.77,3,4,1
P00348,2025-12-31,29,396.6,13.68,2.42,10,4,1
P00348,2026-01-30,31,431.5,13.92,1.47,7,4,1
P00348,2026-03-02,29,411.9,14.2,0.26,11,4,1
P00348,2026-04-01,28,379.2,13.54,2.25,4,4,3
P00348,2026-05-02,27,369.2,13.67,2.64,8,4,1
P00348,2026-06-01,28,383.4,13.69,1.97,9,4,0
P00348,2026-07-02,29,408.2,14.08,2.39,6,4,0
P00348,2026-08-01,29,412.7,14.23,0.38,7,4,2
P00349,2024-08-31,30,398.6,13.29,0.61,6,4,1
P00349,2024-09-30,26,340.0,13.08,2.09,6,4,0
P00349,2024-10-31,29,392.6,13.54,4.61,8,4,1
P00349,2024-11-30,28,376.6,13.45,3.17,7,4,1
P00349,2024-12-31,31,429.2,13.84,4.09,6,4,1
P00349,2025-01-30,31,410.1,13.23,3.64,8,4,0
P00349,2025-03-02,28,369.7,13.2,2.75,7,4,0
P00349,2025-04-01,27,360.9,13.37,0.2,5,4,1
P00349,2025-05-01,28,375.2,13.4,4.15,4,4,0
P00349,2025-06-01,27,353.3,13.08,3.59,3,4,2
P00349,2025-07-01,28,360.2,12.86,4.27,7,4,0
P00349,2025-08-01,28,388.3,13.87,1.15,4,4,2
P00349,2025-08-31,28,365.0,13.04,3.08,7,4,1
P00349,2025-10-01,29,368.9,12.72,2.79,5,4,1
P00349,2025-10-31,30,401.2,13.37,1.36,3,4,2
P00349,2025-12-01,27,354.5,13.13,3.5,9,4,2
P00349,2025-12-31,30,380.8,12.69,1.44,7,4,0
P00349,2026-01-30,30,383.6,12.79,6.0,6,4,0
P00349,2026-03-02,28,359.4,12.84,2.16,6,4,0
P00349,2026-04-01,31,382.2,12.33,3.49,6,4,2
P00349,2026-05-02,30,399.8,13.33,2.04,11,4,0
P00349,2026-06-01,29,378.5,13.05,3.79,6,4,1
P00349,2026-07-02,30,373.7,12.46,2.16,1,4,1
P00349,2026-08-01,31,397.3,12.82,3.69,3,4,2
P00350,2024-08-31,31,403.3,13.01,0.64,6,4,1
P00350,2024-09-30,30,396.9,13.23,2.86,3,4,2
P00350,2024-10-31,26,327.1,12.58,2.95,5,4,1
P00350,2024-11-30,29,394.1,13.59,2.02,11,4,0
P00350,2024-12-31,31,418.3,13.49,1.22,4,4,0
P00350,2025-01-30,29,381.8,13.17,0.43,5,4,1
P00350,2025-03-02,29,373.7,12.89,1.42,4,4,0
P00350,2025-04-01,30,399.4,13.31,0.94,5,4,1
P00350,2025-05-01,25,343.9,13.76,1.31,3,4,1
P00350,2025-06-01,30,406.9,13.56,3.59,9,4,1
P00350,2025-07-01,28,356.5,12.73,2.88,8,4,2
P00350,2025-08-01,31,405.7,13.09,3.43,8,4,0
P00350,2025-08-31,28,384.3,13.72,4.99,8,4,1
P00350,2025-10-01,29,409.7,14.13,1.04,3,4,0
P00350,2025-10-31,30,412.3,13.74,2.5,2,4,0
P00350,2025-12-01,29,408.1,14.07,1.19,3,4,2
P00350,2025-12-31,29,397.2,13.7,0.88,6,4,1
P00350,2026-01-30,30,397.8,13.26,0.94,7,4,0
P00350,2026-03-02,31,435.9,14.06,4.66,3,4,1
P00350,2026-04-01,30,411.2,13.71,1.68,8,4,0
P00350,2026-05-02,30,422.9,14.1,1.06,5,4,2
P00350,2026-06-01,26,358.5,13.79,5.29,5,4,3
P00350,2026-07-02,29,400.8,13.82,6.0,5,4,0
P00350,2026-08-01,27,362.6,13.43,2.25,5,4,1
P00351,2024-08-31,26,327.1,12.58,1.63,3,4,0
P00351,2024-09-30,28,361.5,12.91,1.57,7,4,2
P00351,2024-10-31,25,324.4,12.98,0.9,4,4,0
P00351,2024-11-30,25,328.6,13.14,2.03,3,4,2
P00351,2024-12-31,27,368.8,13.66,0.84,4,4,1
P00351,2025-01-30,27,354.2,13.12,2.69,4,4,1
P00351,2025-03-02,30,398.3,13.28,3.41,3,4,1
P00351,2025-04-01,28,362.2,12.94,5.25,5,4,1
P00351,2025-05-01,27,378.4,14.01,0.55,3,4,1
P00351,2025-06-01,26,363.2,13.97,2.82,4,4,1
P00351,2025-07-01,28,397.2,14.19,0.95,4,4,0
P00351,2025-08-01,27,360.7,13.36,2.47,2,4,1
P00351,2025-08-31,28,372.7,13.31,2.17,5,4,1
P00351,2025-10-01,26,338.5,13.02,2.18,4,4,1
P00351,2025-10-31,25,327.1,13.08,1.71,5,4,1
P00351,2025-12-01,25,326.9,13.07,1.08,3,4,0
P00351,2025-12-31,25,302.8,12.11,4.69,8,4,1
P00351,2026-01-30,28,353.1,12.61,1.18,2,4,1
P00351,2026-03-02,30,383.3,12.78,2.14,3,4,0
P00351,2026-04-01,29,403.5,13.91,2.79,5,4,0
P00351,2026-05-02,27,351.3,13.01,0.8,3,4,0
P00351,2026-06-01,25,324.1,12.96,1.65,5,4,0
P00351,2026-07-02,26,335.1,12.89,3.62,4,4,0
P00351,2026-08-01,27,353.9,13.11,3.58,5,4,0
P00352,2024-08-31,28,378.1,13.5,2.53,8,4,0
P00352,2024-09-30,31,420.4,13.56,2.43,2,4,2
P00352,2024-10-31,28,391.7,13.99,3.77,5,4,1
P00352,2024-11-30,28,389.2,13.9,1.1,4,4,1
P00352,2024-12-31,27,372.0,13.78,5.76,3,4,1
P00352,2025-01-30,27,381.8,14.14,2.72,7,4,0
P00352,2025-03-02,30,424.4,14.15,2.06,5,4,1
P00352,2025-04-01,27,371.6,13.76,1.02,3,4,1
P00352,2025-05-01,27,371.9,13.77,1.79,3,4,0
P00352,2025-06-01,27,375.7,13.91,0.59,4,4,0
P00352,2025-07-01,31,432.3,13.95,1.68,10,4,0
P00352,2025-08-01,29,414.4,14.29,1.0,7,4,0
P00352,2025-08-31,28,392.4,14.01,3.34,2,4,1
P00352,2025-10-01,29,400.0,13.79,2.38,4,4,0
P00352,2025-10-31,31,418.6,13.5,1.3,9,4,0
P00352,2025-12-01,27,355.1,13.15,2.75,5,4,1
P00352,2025-12-31,27,332.5,12.31,2.23,8,4,1
P00352,2026-01-30,31,404.3,13.04,1.49,8,4,1
P00352,2026-03-02,28,350.1,12.5,2.94,4,4,2
P00352,2026-04-01,27,370.0,13.7,0.95,11,4,0
P00352,2026-05-02,29,376.5,12.98,1.11,9,4,1
P00352,2026-06-01,29,362.7,12.51,0.76,5,4,1
P00352,2026-07-02,27,349.7,12.95,4.69,5,4,0
P00352,2026-08-01,27,328.1,12.15,0.39,7,4,1
P00353,2024-08-31,28,395.1,14.11,1.52,7,4,1
P00353,2024-09-30,30,405.3,13.51,4.08,8,4,0
P00353,2024-10-31,29,383.6,13.23,0.35,4,4,0
P00353,2024-11-30,27,356.8,13.22,1.2,3,4,0
P00353,2024-12-31,27,343.6,12.72,1.74,9,4,2
P00353,2025-01-30,30,405.9,13.53,0.76,3,4,2
P00353,2025-03-02,30,411.2,13.71,1.63,6,4,1
P00353,2025-04-01,29,376.0,12.97,0.61,7,4,1
P00353,2025-05-01,30,423.9,14.13,2.45,5,4,1
P00353,2025-06-01,29,392.3,13.53,1.48,2,4,1
P00353,2025-07-01,31,420.9,13.58,2.28,6,4,2
P00353,2025-08-01,29,375.7,12.96,3.19,6,4,1
P00353,2025-08-31,29,402.4,13.88,4.45,1,4,2
P00353,2025-10-01,30,401.5,13.38,4.36,6,4,0
P00353,2025-10-31,27,332.4,12.31,3.17,2,4,1
P00353,2025-12-01,30,396.9,13.23,2.68,11,4,0
P00353,2025-12-31,27,362.5,13.42,3.0,7,4,0
P00353,2026-01-30,28,354.6,12.67,2.41,10,4,0
P00353,2026-03-02,29,355.4,12.26,0.88,6,4,2
P00353,2026-04-01,31,383.5,12.37,6.0,7,4,0
P00353,2026-05-02,31,362.2,11.68,0.2,8,4,2
P00353,2026-06-01,31,415.8,13.41,0.2,6,4,0
P00353,2026-07-02,30,373.8,12.46,6.0,10,4,2
P00353,2026-08-01,30,373.5,12.45,1.65,6,4,0
P00354,2024-08-31,29,254.1,8.76,3.77,7,4,1
P00354,2024-09-30,29,247.6,8.54,0.99,7,4,2
P00354,2024-10-31,27,219.7,8.14,6.0,6,4,3
P00354,2024-11-30,30,265.3,8.84,1.48,6,4,2
P00354,2024-12-31,29,288.5,9.95,2.12,3,4,3
P00354,2025-01-30,27,251.6,9.32,0.85,12,4,3
P00354,2025-03-02,28,254.9,9.1,3.34,6,4,3
P00354,2025-04-01,30,241.9,8.06,1.63,1,4,0
P00354,2025-05-01,28,249.6,8.91,3.91,6,4,2
P00354,2025-06-01,27,244.1,9.04,1.76,7,4,2
P00354,2025-07-01,29,249.3,8.59,0.93,5,4,2
P00354,2025-08-01,25,239.2,9.57,1.76,8,4,2
P00354,2025-08-31,28,259.4,9.27,0.66,6,4,1
P00354,2025-10-01,29,263.2,9.07,2.28,2,4,2
P00354,2025-10-31,27,251.0,9.3,1.92,7,4,3
P00354,2025-12-01,30,270.0,9.0,1.87,10,4,3
P00354,2025-12-31,26,213.5,8.21,2.15,9,4,3
P00354,2026-01-30,29,268.5,9.26,0.88,3,4,1
P00354,2026-03-02,30,271.0,9.03,4.9,8,4,1
P00354,2026-04-01,29,238.4,8.22,6.0,9,4,3
P00354,2026-05-02,28,243.6,8.7,0.71,4,4,4
P00354,2026-06-01,29,229.3,7.91,1.46,6,4,3
P00354,2026-07-02,30,245.8,8.19,1.38,5,4,2
P00354,2026-08-01,31,251.4,8.11,6.0,7,4,2
P00355,2024-08-31,27,369.2,13.68,2.03,3,4,0
P00355,2024-09-30,30,450.1,15.0,3.28,7,4,1
P00355,2024-10-31,28,384.7,13.74,3.15,7,4,0
P00355,2024-11-30,28,386.5,13.8,2.32,4,4,0
P00355,2024-12-31,30,436.1,14.54,6.0,9,4,1
P00355,2025-01-30,28,396.7,14.17,6.0,8,4,1
P00355,2025-03-02,29,407.4,14.05,4.87,7,4,1
P00355,2025-04-01,28,392.2,14.01,1.03,10,4,1
P00355,2025-05-01,30,422.8,14.09,3.62,3,4,0
P00355,2025-06-01,31,429.2,13.85,1.76,3,4,0
P00355,2025-07-01,26,388.9,14.96,3.73,5,4,1
P00355,2025-08-01,30,437.1,14.57,4.33,10,4,0
P00355,2025-08-31,30,441.3,14.71,6.0,8,4,1
P00355,2025-10-01,25,354.5,14.18,1.01,10,4,1
P00355,2025-10-31,30,422.1,14.07,5.44,5,4,2
P00355,2025-12-01,30,416.3,13.88,3.29,5,4,0
P00355,2025-12-31,28,398.8,14.24,0.83,5,4,1
P00355,2026-01-30,31,415.8,13.41,2.53,5,4,0
P00355,2026-03-02,27,364.1,13.48,3.06,7,4,0
P00355,2026-04-01,30,406.4,13.55,1.62,8,4,0
P00355,2026-05-02,31,416.8,13.45,4.22,8,4,1
P00355,2026-06-01,29,407.7,14.06,3.34,9,4,0
P00355,2026-07-02,31,422.3,13.62,1.69,5,4,0
P00355,2026-08-01,30,426.0,14.2,2.02,8,4,1
P00356,2024-08-31,28,345.8,12.35,1.12,5,4,0
P00356,2024-09-30,28,360.9,12.89,1.87,6,4,0
P00356,2024-10-31,29,374.8,12.92,1.34,2,4,1
P00356,2024-11-30,27,334.5,12.39,3.2,5,4,1
P00356,2024-12-31,29,332.2,11.45,2.79,2,4,0
P00356,2025-01-30,28,349.0,12.47,1.54,5,4,0
P00356,2025-03-02,28,341.7,12.2,0.84,6,4,0
P00356,2025-04-01,29,345.9,11.93,2.26,2,4,0
P00356,2025-05-01,28,350.7,12.52,4.2,2,4,1
P00356,2025-06-01,28,344.6,12.31,1.34,3,4,2
P00356,2025-07-01,26,317.8,12.22,3.81,2,4,1
P00356,2025-08-01,24,300.7,12.53,0.43,8,4,1
P00356,2025-08-31,29,365.5,12.6,0.2,7,4,2
P00356,2025-10-01,24,296.2,12.34,1.47,4,4,1
P00356,2025-10-31,27,352.5,13.06,1.66,4,4,0
P00356,2025-12-01,29,363.5,12.53,1.6,6,4,0
P00356,2025-12-31,25,319.8,12.79,6.0,4,4,0
P00356,2026-01-30,28,355.9,12.71,2.3,4,4,0
P00356,2026-03-02,28,336.9,12.03,1.46,3,4,1
P00356,2026-04-01,28,366.2,13.08,1.6,3,4,0
P00356,2026-05-02,27,346.4,12.83,2.13,3,4,1
P00356,2026-06-01,28,351.3,12.55,2.29,7,4,1
P00356,2026-07-02,28,333.0,11.89,2.47,3,4,0
P00356,2026-08-01,25,311.5,12.46,0.73,5,4,0
P00357,2024-08-31,30,390.6,13.02,0.74,2,4,0
P00357,2024-09-30,26,337.1,12.97,3.65,4,4,1
P00357,2024-10-31,28,367.3,13.12,2.58,3,4,0
P00357,2024-11-30,31,388.8,12.54,1.05,5,4,0
P00357,2024-12-31,27,366.0,13.56,2.46,1,4,0
P00357,2025-01-30,29,397.1,13.69,2.08,6,4,0
P00357,2025-03-02,26,357.1,13.73,2.62,5,4,1
P00357,2025-04-01,29,398.7,13.75,4.56,5,4,1
P00357,2025-05-01,29,409.6,14.12,1.96,4,4,0
P00357,2025-06-01,27,372.7,13.81,1.54,5,4,2
P00357,2025-07-01,30,429.9,14.33,5.38,5,4,2
P00357,2025-08-01,30,418.8,13.96,1.39,7,4,1
P00357,2025-08-31,30,423.3,14.11,2.66,8,4,1
P00357,2025-10-01,28,390.3,13.94,1.87,5,4,0
P00357,2025-10-31,30,414.4,13.81,1.73,4,4,2
P00357,2025-12-01,25,363.2,14.53,1.16,2,4,1
P00357,2025-12-31,29,405.9,14.0,4.38,6,4,0
P00357,2026-01-30,28,396.2,14.15,0.64,10,4,1
P00357,2026-03-02,28,386.9,13.82,4.21,6,4,2
P00357,2026-04-01,28,378.0,13.5,0.75,3,4,0
P00357,2026-05-02,27,365.3,13.53,1.18,9,4,0
P00357,2026-06-01,30,419.7,13.99,1.53,3,4,1
P00357,2026-07-02,27,371.3,13.75,2.32,12,4,0
P00357,2026-08-01,30,396.5,13.22,3.51,4,4,0
P00358,2024-08-31,29,363.0,12.52,2.34,1,4,1
P00358,2024-09-30,29,402.4,13.88,4.71,7,4,1
P00358,2024-10-31,26,344.1,13.23,0.87,5,4,1
P00358,2024-11-30,30,378.5,12.62,0.75,4,4,1
P00358,2024-12-31,27,349.3,12.94,1.9,6,4,1
P00358,2025-01-30,27,345.0,12.78,1.43,9,4,1
P00358,2025-03-02,25,330.5,13.22,0.73,4,4,2
P00358,2025-04-01,27,342.6,12.69,1.69,4,4,0
P00358,2025-05-01,27,339.3,12.57,0.75,4,4,0
P00358,2025-06-01,26,319.2,12.28,0.28,5,4,1
P00358,2025-07-01,28,362.9,12.96,1.01,2,4,1
P00358,2025-08-01,25,332.5,13.3,2.02,5,4,0
P00358,2025-08-31,29,380.4,13.12,0.98,2,4,0
P00358,2025-10-01,27,367.7,13.62,2.63,7,4,0
P00358,2025-10-31,26,340.7,13.11,1.44,1,4,0
P00358,2025-12-01,27,381.4,14.13,1.74,4,4,0
P00358,2025-12-31,28,397.2,14.19,1.62,2,4,0
P00358,2026-01-30,27,376.9,13.96,2.69,8,4,0
P00358,2026-03-02,25,342.8,13.71,3.89,3,4,1
P00358,2026-04-01,28,392.9,14.03,0.48,9,4,1
P00358,2026-05-02,29,399.9,13.79,4.95,2,4,2
P00358,2026-06-01,27,367.9,13.63,0.8,5,4,1
P00358,2026-07-02,28,378.4,13.52,2.7,2,4,2
P00358,2026-08-01,31,458.0,14.78,0.31,4,4,0
P00359,2024-08-31,25,198.9,7.96,0.63,6,4,2
P00359,2024-09-30,30,240.7,8.02,2.37,7,4,2
P00359,2024-10-31,27,210.4,7.79,4.07,2,4,2
P00359,2024-11-30,28,247.7,8.85,1.76,4,4,3
P00359,2024-12-31,28,230.9,8.25,1.34,10,4,2
P00359,2025-01-30,28,234.7,8.38,1.23,5,4,1
P00359,2025-03-02,28,234.5,8.38,0.68,2,4,3
P00359,2025-04-01,28,252.7,9.03,1.63,7,4,1
P00359,2025-05-01,27,251.8,9.33,1.06,7,4,0
P00359,2025-06-01,27,264.7,9.81,0.32,4,4,2
P00359,2025-07-01,26,245.4,9.44,2.91,3,4,3
P00359,2025-08-01,30,275.2,9.17,0.75,2,4,4
P00359,2025-08-31,24,239.7,9.99,0.6,8,4,3
P00359,2025-10-01,29,284.4,9.81,0.2,11,4,2
P00359,2025-10-31,25,226.1,9.04,2.26,6,4,2
P00359,2025-12-01,29,268.5,9.26,1.87,1,4,3
P00359,2025-12-31,28,291.4,10.41,1.52,5,4,3
P00359,2026-01-30,28,267.7,9.56,1.51,7,4,3
P00359,2026-03-02,27,258.7,9.58,1.08,7,4,3
P00359,2026-04-01,30,279.3,9.31,1.65,7,4,3
P00359,2026-05-02,27,243.9,9.03,2.34,4,4,2
P00359,2026-06-01,29,262.2,9.04,1.95,4,4,2
P00359,2026-07-02,27,241.9,8.96,1.63,4,4,1
P00359,2026-08-01,28,253.5,9.05,1.95,6,4,1
P00360,2024-08-31,24,169.7,7.07,1.55,7,4,4
P00360,2024-09-30,26,190.5,7.33,1.08,4,4,2
P00360,2024-10-31,27,208.4,7.72,0.8,3,4,1
P00360,2024-11-30,27,202.0,7.48,1.32,4,4,1
P00360,2024-12-31,28,212.4,7.58,1.33,4,4,3
P00360,2025-01-30,28,200.1,7.15,3.03,6,4,4
P00360,2025-03-02,28,200.1,7.15,1.46,2,4,2
P00360,2025-04-01,28,195.3,6.97,3.95,7,4,2
P00360,2025-05-01,28,175.3,6.26,0.65,4,4,4
P00360,2025-06-01,26,162.6,6.25,1.5,5,4,2
P00360,2025-07-01,30,197.6,6.59,0.2,3,4,1
P00360,2025-08-01,27,183.6,6.8,1.11,4,4,2
P00360,2025-08-31,28,180.1,6.43,2.2,2,4,1
P00360,2025-10-01,28,175.8,6.28,1.96,6,4,4
P00360,2025-10-31,25,155.3,6.21,1.89,1,4,3
P00360,2025-12-01,24,138.5,5.77,0.78,3,4,2
P00360,2025-12-31,29,187.0,6.45,3.87,6,4,2
P00360,2026-01-30,27,169.8,6.29,0.29,5,4,2
P00360,2026-03-02,29,188.1,6.49,1.51,7,4,3
P00360,2026-04-01,27,202.5,7.5,0.94,12,4,4
P00360,2026-05-02,27,190.9,7.07,4.24,2,4,3
P00360,2026-06-01,28,193.6,6.91,1.48,4,4,1
P00360,2026-07-02,27,191.5,7.09,2.11,4,4,4
P00360,2026-08-01,28,208.9,7.46,3.29,3,4,1
P00361,2024-08-31,29,236.2,8.15,2.18,7,4,3
P00361,2024-09-30,27,241.4,8.94,4.24,1,4,2
P00361,2024-10-31,28,260.6,9.31,2.11,9,4,1
P00361,2024-11-30,31,279.6,9.02,1.54,7,4,3
P00361,2024-12-31,28,254.6,9.09,3.02,5,4,3
P00361,2025-01-30,31,240.9,7.77,3.54,7,4,3
P00361,2025-03-02,31,262.0,8.45,0.82,6,4,1
P00361,2025-04-01,29,250.1,8.63,5.71,4,4,3
P00361,2025-05-01,28,260.8,9.31,4.71,6,4,1
P00361,2025-06-01,26,232.3,8.93,3.2,3,4,4
P00361,2025-07-01,30,259.0,8.63,3.46,7,4,2
P00361,2025-08-01,30,286.8,9.56,0.92,4,4,3
P00361,2025-08-31,29,264.2,9.11,2.58,5,4,3
P00361,2025-10-01,27,261.6,9.69,1.04,3,4,2
P00361,2025-10-31,28,265.0,9.46,2.45,8,4,1
P00361,2025-12-01,29,270.4,9.32,2.97,8,4,3
P00361,2025-12-31,26,250.0,9.62,1.92,4,4,2
P00361,2026-01-30,27,271.7,10.06,1.66,5,4,3
P00361,2026-03-02,28,275.5,9.84,0.25,5,4,1
P00361,2026-04-01,28,289.3,10.33,1.48,8,4,2
P00361,2026-05-02,28,275.8,9.85,2.81,6,4,0
P00361,2026-06-01,27,256.1,9.49,2.03,6,4,2
P00361,2026-07-02,29,283.7,9.78,6.0,8,4,2
P00361,2026-08-01,28,267.7,9.56,6.0,7,4,4
P00362,2024-08-31,28,364.2,13.01,0.62,5,4,1
P00362,2024-09-30,26,335.4,12.9,1.13,4,4,1
P00362,2024-10-31,29,369.5,12.74,2.24,3,4,1
P00362,2024-11-30,31,383.4,12.37,3.04,6,4,1
P00362,2024-12-31,29,370.0,12.76,3.41,1,4,1
P00362,2025-01-30,26,330.0,12.69,2.14,7,4,0
P00362,2025-03-02,30,380.0,12.67,1.68,2,4,2
P00362,2025-04-01,27,350.2,12.97,2.28,8,4,0
P00362,2025-05-01,25,312.9,12.52,0.36,1,4,1
P00362,2025-06-01,26,313.4,12.06,3.44,3,4,0
P00362,2025-07-01,29,377.8,13.03,1.55,6,4,3
P00362,2025-08-01,27,334.9,12.4,2.15,0,4,0
P00362,2025-08-31,27,346.0,12.81,1.16,1,4,1
P00362,2025-10-01,29,373.5,12.88,0.6,2,4,1
P00362,2025-10-31,28,370.0,13.22,2.04,7,4,1
P00362,2025-12-01,26,341.3,13.13,0.81,4,4,0
P00362,2025-12-31,27,335.0,12.41,1.01,4,4,0
P00362,2026-01-30,25,321.5,12.86,0.8,5,4,0
P00362,2026-03-02,24,308.0,12.83,0.87,7,4,0
P00362,2026-04-01,28,348.0,12.43,2.17,4,4,1
P00362,2026-05-02,28,340.0,12.14,1.15,3,4,2
P00362,2026-06-01,30,354.7,11.82,2.05,4,4,1
P00362,2026-07-02,26,333.1,12.81,3.5,3,4,1
P00362,2026-08-01,26,322.9,12.42,3.78,7,4,0
P00363,2024-08-31,27,361.2,13.38,0.76,7,4,0
P00363,2024-09-30,24,315.6,13.15,6.0,4,4,0
P00363,2024-10-31,30,409.8,13.66,0.2,2,4,0
P00363,2024-11-30,30,400.6,13.35,1.05,7,4,1
P00363,2024-12-31,28,379.2,13.54,1.76,4,4,1
P00363,2025-01-30,29,400.6,13.82,2.57,5,4,0
P00363,2025-03-02,25,336.2,13.45,1.58,4,4,2
P00363,2025-04-01,26,341.3,13.13,1.33,1,4,1
P00363,2025-05-01,28,387.1,13.83,0.83,7,4,1
P00363,2025-06-01,31,456.3,14.72,3.82,7,4,1
P00363,2025-07-01,28,374.2,13.37,2.83,6,4,0
P00363,2025-08-01,28,381.2,13.61,4.49,5,4,0
P00363,2025-08-31,29,401.0,13.83,3.38,2,4,1
P00363,2025-10-01,28,381.1,13.61,6.0,5,4,1
P00363,2025-10-31,31,430.1,13.88,0.39,4,4,1
P00363,2025-12-01,23,296.9,12.91,1.72,6,4,0
P00363,2025-12-31,28,369.4,13.19,1.04,5,4,0
P00363,2026-01-30,25,340.9,13.63,2.06,5,4,2
P00363,2026-03-02,30,400.2,13.34,0.24,7,4,1
P00363,2026-04-01,28,360.3,12.87,2.84,5,4,1
P00363,2026-05-02,27,358.0,13.26,5.37,5,4,0
P00363,2026-06-01,31,406.6,13.11,0.97,6,4,1
P00363,2026-07-02,26,339.3,13.05,1.31,4,4,0
P00363,2026-08-01,26,353.2,13.58,2.24,4,4,0
P00364,2024-08-31,31,416.6,13.44,2.8,4,4,2
P00364,2024-09-30,31,403.2,13.01,4.25,7,4,0
P00364,2024-10-31,29,371.3,12.8,1.93,6,4,1
P00364,2024-11-30,31,404.9,13.06,1.14,4,4,3
P00364,2024-12-31,28,358.3,12.8,0.97,11,4,0
P00364,2025-01-30,28,362.1,12.93,3.5,6,4,1
P00364,2025-03-02,25,319.2,12.77,3.5,4,4,0
P00364,2025-04-01,26,325.6,12.52,1.39,4,4,0
P00364,2025-05-01,30,381.2,12.71,6.0,14,4,0
P00364,2025-06-01,28,344.2,12.29,2.61,7,4,0
P00364,2025-07-01,28,376.5,13.45,1.09,5,4,2
P00364,2025-08-01,29,389.7,13.44,3.38,9,4,1
P00364,2025-08-31,31,430.4,13.88,6.0,15,4,0
P00364,2025-10-01,30,405.2,13.51,3.43,5,4,2
P00364,2025-10-31,28,384.7,13.74,6.0,8,4,1
P00364,2025-12-01,28,373.8,13.35,0.85,4,4,1
P00364,2025-12-31,27,371.7,13.77,2.36,7,4,1
P00364,2026-01-30,31,410.5,13.24,1.54,7,4,1
P00364,2026-03-02,29,362.7,12.51,3.8,6,4,0
P00364,2026-04-01,30,380.7,12.69,0.58,9,4,1
P00364,2026-05-02,29,381.7,13.16,1.23,5,4,0
P00364,2026-06-01,27,342.4,12.68,4.02,6,4,0
P00364,2026-07-02,27,356.4,13.2,1.97,6,4,0
P00364,2026-08-01,30,406.2,13.54,1.16,9,4,1
P00365,2024-08-31,28,369.4,13.19,3.0,1,4,0
P00365,2024-09-30,28,353.3,12.62,0.77,2,4,1
P00365,2024-10-31,28,363.1,12.97,1.86,4,4,1
P00365,2024-11-30,29,374.6,12.92,1.22,5,4,1
P00365,2024-12-31,26,346.2,13.31,2.42,7,4,3
P00365,2025-01-30,29,380.0,13.11,1.65,4,4,2
P00365,2025-03-02,25,334.3,13.37,0.61,7,4,2
P00365,2025-04-01,28,342.6,12.24,0.88,4,4,0
P00365,2025-05-01,29,378.6,13.05,1.64,1,4,1
P00365,2025-06-01,25,321.4,12.86,2.02,3,4,0
P00365,2025-07-01,28,332.2,11.86,1.25,5,4,3
P00365,2025-08-01,24,287.2,11.97,1.01,4,4,0
P00365,2025-08-31,26,321.1,12.35,0.58,3,4,3
P00365,2025-10-01,30,361.1,12.04,2.87,0,4,2
P00365,2025-10-31,27,336.1,12.45,1.3,3,4,1
P00365,2025-12-01,27,328.0,12.15,3.01,2,4,1
P00365,2025-12-31,26,306.1,11.77,1.62,5,4,2
P00365,2026-01-30,24,299.9,12.49,1.93,2,4,1
P00365,2026-03-02,23,271.0,11.78,0.82,4,4,1
P00365,2026-04-01,28,333.9,11.92,0.91,7,4,0
P00365,2026-05-02,26,314.1,12.08,1.15,3,4,1
P00365,2026-06-01,27,326.9,12.11,0.81,5,4,0
P00365,2026-07-02,27,324.3,12.01,2.41,5,4,2
P00365,2026-08-01,26,337.8,12.99,0.53,4,4,1
P00366,2024-08-31,30,435.2,14.51,1.29,1,4,1
P00366,2024-09-30,28,390.1,13.93,1.16,6,4,0
P00366,2024-10-31,28,399.0,14.25,0.65,3,4,1
P00366,2024-11-30,28,403.1,14.4,2.52,5,4,1
P00366,2024-12-31,29,414.7,14.3,0.75,5,4,0
P00366,2025-01-30,29,421.5,14.53,0.55,2,4,1
P00366,2025-03-02,31,436.5,14.08,0.2,6,4,0
P00366,2025-04-01,29,437.3,15.08,1.92,3,4,0
P00366,2025-05-01,28,408.5,14.59,1.86,5,4,2
P00366,2025-06-01,29,401.2,13.83,0.88,3,4,0
P00366,2025-07-01,26,364.1,14.0,0.32,1,4,0
P00366,2025-08-01,28,410.1,14.65,1.58,3,4,0
P00366,2025-08-31,28,420.4,15.01,1.26,7,4,1
P00366,2025-10-01,27,399.7,14.8,3.33,5,4,1
P00366,2025-10-31,28,420.6,15.02,0.66,8,4,0
P00366,2025-12-01,29,407.8,14.06,1.58,5,4,0
P00366,2025-12-31,28,412.7,14.74,0.45,2,4,1
P00366,2026-01-30,28,424.8,15.17,1.29,5,4,2
P00366,2026-03-02,29,429.9,14.83,2.7,6,4,0
P00366,2026-04-01,27,396.8,14.7,1.31,4,4,2
P00366,2026-05-02,27,394.9,14.63,1.73,4,4,1
P00366,2026-06-01,29,442.7,15.27,4.63,4,4,1
P00366,2026-07-02,27,406.3,15.05,1.99,4,4,1
P00366,2026-08-01,30,436.1,14.54,0.2,6,4,1
P00367,2024-08-31,30,424.0,14.13,5.85,7,4,0
P00367,2024-09-30,29,383.9,13.24,1.1,7,4,0
P00367,2024-10-31,29,392.7,13.54,2.47,11,4,0
P00367,2024-11-30,29,396.8,13.68,0.76,8,4,0
P00367,2024-12-31,28,397.2,14.18,4.55,13,4,1
P00367,2025-01-30,31,435.3,14.04,3.29,3,4,0
P00367,2025-03-02,28,383.0,13.68,1.89,11,4,4
P00367,2025-04-01,27,362.5,13.43,2.21,1,4,1
P00367,2025-05-01,31,423.4,13.66,0.89,10,4,0
P00367,2025-06-01,29,392.8,13.54,0.99,5,4,2
P00367,2025-07-01,31,435.4,14.04,2.02,3,4,0
P00367,2025-08-01,29,394.3,13.6,4.56,5,4,0
P00367,2025-08-31,29,411.9,14.2,2.6,4,4,0
P00367,2025-10-01,29,395.6,13.64,0.67,5,4,0
P00367,2025-10-31,29,419.1,14.45,5.63,3,4,1
P00367,2025-12-01,28,373.3,13.33,1.03,9,4,1
P00367,2025-12-31,28,391.4,13.98,4.02,10,4,2
P00367,2026-01-30,28,419.8,14.99,2.83,8,4,1
P00367,2026-03-02,30,434.6,14.49,1.9,7,4,2
P00367,2026-04-01,29,428.9,14.79,2.52,11,4,2
P00367,2026-05-02,28,415.8,14.85,4.4,5,4,2
P00367,2026-06-01,29,433.7,14.95,4.62,12,4,0
P00367,2026-07-02,31,459.8,14.83,1.81,3,4,0
P00367,2026-08-01,27,407.6,15.1,5.32,8,4,1
P00368,2024-08-31,30,431.3,14.38,0.45,7,4,1
P00368,2024-09-30,27,408.7,15.14,2.42,9,4,1
P00368,2024-10-31,27,401.2,14.86,0.25,6,4,1
P00368,2024-11-30,29,429.2,14.8,2.79,3,4,1
P00368,2024-12-31,30,441.0,14.7,1.27,7,4,2
P00368,2025-01-30,27,404.2,14.97,1.14,5,4,0
P00368,2025-03-02,31,474.1,15.29,0.53,1,4,1
P00368,2025-04-01,31,468.3,15.11,2.51,9,4,1
P00368,2025-05-01,31,475.0,15.32,1.07,2,4,1
P00368,2025-06-01,27,418.6,15.5,0.91,4,4,0
P00368,2025-07-01,28,434.8,15.53,0.53,6,4,1
P00368,2025-08-01,28,444.1,15.86,2.87,7,4,1
P00368,2025-08-31,29,439.1,15.14,5.36,9,4,0
P00368,2025-10-01,28,438.3,15.65,0.2,2,4,1
P00368,2025-10-31,30,460.6,15.35,0.71,3,4,1
P00368,2025-12-01,29,473.4,16.32,0.6,6,4,0
P00368,2025-12-31,26,405.6,15.6,1.45,7,4,1
P00368,2026-01-30,28,434.0,15.5,1.83,6,4,0
P00368,2026-03-02,28,425.2,15.18,0.66,5,4,2
P00368,2026-04-01,31,477.1,15.39,2.04,6,4,1
P00368,2026-05-02,31,471.0,15.19,0.2,6,4,1
P00368,2026-06-01,29,456.1,15.73,0.35,12,4,1
P00368,2026-07-02,28,449.5,16.05,0.87,8,4,1
P00368,2026-08-01,28,450.7,16.1,3.51,7,4,0
P00369,2024-08-31,29,214.2,7.39,1.32,9,4,4
P00369,2024-09-30,30,231.1,7.7,3.19,6,4,3
P00369,2024-10-31,30,244.9,8.16,1.19,4,4,2
P00369,2024-11-30,28,204.1,7.29,6.0,0,4,4
P00369,2024-12-31,30,214.7,7.16,3.87,4,4,4
P00369,2025-01-30,27,198.1,7.34,0.2,5,4,2
P00369,2025-03-02,27,186.3,6.9,0.62,6,4,3
P00369,2025-04-01,29,216.5,7.46,0.67,7,4,4
P00369,2025-05-01,29,228.8,7.89,2.06,4,4,2
P00369,2025-06-01,28,208.5,7.45,1.11,4,4,2
P00369,2025-07-01,28,191.3,6.83,2.94,5,4,3
P00369,2025-08-01,30,224.1,7.47,2.31,2,4,3
P00369,2025-08-31,26,213.4,8.21,0.98,4,4,1
P00369,2025-10-01,26,209.3,8.05,1.25,7,4,0
P00369,2025-10-31,29,246.4,8.5,3.69,4,4,4
P00369,2025-12-01,28,233.4,8.33,0.89,7,4,2
P00369,2025-12-31,29,246.6,8.5,2.21,7,4,1
P00369,2026-01-30,28,264.1,9.43,1.05,4,4,4
P00369,2026-03-02,27,220.9,8.18,0.87,1,4,2
P00369,2026-04-01,29,272.5,9.4,2.67,4,4,2
P00369,2026-05-02,27,243.9,9.03,1.05,6,4,1
P00369,2026-06-01,27,234.3,8.68,1.15,8,4,2
P00369,2026-07-02,30,253.3,8.44,3.28,7,4,2
P00369,2026-08-01,28,232.9,8.32,0.26,5,4,2
P00370,2024-08-31,27,354.5,13.13,0.76,3,4,0
P00370,2024-09-30,30,388.4,12.95,0.62,4,4,1
P00370,2024-10-31,28,370.3,13.23,2.4,6,4,0
P00370,2024-11-30,27,347.1,12.85,3.98,4,4,0
P00370,2024-12-31,28,369.1,13.18,1.19,2,4,2
P00370,2025-01-30,26,363.6,13.98,3.37,3,4,1
P00370,2025-03-02,26,333.3,12.82,4.93,5,4,3
P00370,2025-04-01,28,365.0,13.04,1.08,3,4,0
P00370,2025-05-01,27,350.7,12.99,1.7,6,4,0
P00370,2025-06-01,29,401.7,13.85,1.01,6,4,0
P00370,2025-07-01,28,366.4,13.09,2.0,2,4,0
P00370,2025-08-01,28,362.7,12.95,0.53,6,4,0
P00370,2025-08-31,26,344.2,13.24,2.98,1,4,0
P00370,2025-10-01,27,350.7,12.99,2.07,4,4,1
P00370,2025-10-31,27,360.3,13.34,0.87,6,4,0
P00370,2025-12-01,28,375.4,13.41,1.8,6,4,1
P00370,2025-12-31,29,385.4,13.29,1.41,6,4,0
P00370,2026-01-30,29,389.9,13.45,0.8,4,4,1
P00370,2026-03-02,27,366.3,13.57,0.45,2,4,2
P00370,2026-04-01,28,381.4,13.62,1.07,6,4,2
P00370,2026-05-02,27,348.7,12.92,3.21,4,4,0
P00370,2026-06-01,27,364.7,13.51,1.05,3,4,1
P00370,2026-07-02,29,379.4,13.08,4.64,5,4,0
P00370,2026-08-01,30,403.5,13.45,1.19,3,4,0
P00371,2024-08-31,26,336.5,12.94,3.59,8,4,0
P00371,2024-09-30,26,348.5,13.4,2.07,6,4,1
P00371,2024-10-31,28,363.9,13.0,3.67,8,4,1
P00371,2024-11-30,30,415.3,13.84,1.06,4,4,2
P00371,2024-12-31,28,380.3,13.58,1.49,4,4,2
P00371,2025-01-30,29,389.8,13.44,4.83,2,4,3
P00371,2025-03-02,26,359.0,13.81,2.12,4,4,0
P00371,2025-04-01,25,334.2,13.37,5.08,2,4,0
P00371,2025-05-01,28,375.1,13.4,1.92,4,4,2
P00371,2025-06-01,29,406.6,14.02,0.61,8,4,1
P00371,2025-07-01,25,356.5,14.26,2.41,5,4,2
P00371,2025-08-01,25,335.8,13.43,4.22,4,4,0
P00371,2025-08-31,26,371.5,14.29,0.42,6,4,0
P00371,2025-10-01,27,385.4,14.27,2.67,3,4,0
P00371,2025-10-31,28,387.7,13.85,0.7,5,4,0
P00371,2025-12-01,28,388.1,13.86,6.0,6,4,1
P00371,2025-12-31,27,387.9,14.37,1.35,2,4,0
P00371,2026-01-30,30,436.4,14.55,2.5,6,4,1
P00371,2026-03-02,27,381.0,14.11,2.75,5,4,3
P00371,2026-04-01,30,417.5,13.92,1.07,6,4,2
P00371,2026-05-02,29,402.7,13.88,6.0,3,4,0
P00371,2026-06-01,30,406.8,13.56,1.59,5,4,0
P00371,2026-07-02,27,366.0,13.56,0.65,3,4,2
P00371,2026-08-01,28,396.9,14.18,3.73,5,4,1
P00372,2024-08-31,26,353.9,13.61,6.0,7,4,2
P00372,2024-09-30,27,365.2,13.53,1.67,11,4,0
P00372,2024-10-31,30,411.5,13.72,0.82,5,4,1
P00372,2024-11-30,30,403.7,13.46,6.0,6,4,2
P00372,2024-12-31,29,398.3,13.74,2.67,6,4,2
P00372,2025-01-30,29,389.1,13.42,1.45,9,4,1
P00372,2025-03-02,31,401.3,12.95,0.6,6,4,1
P00372,2025-04-01,27,356.9,13.22,1.83,5,4,1
P00372,2025-05-01,31,420.8,13.57,1.43,10,4,1
P00372,2025-06-01,29,384.9,13.27,3.22,5,4,0
P00372,2025-07-01,29,407.0,14.04,1.67,5,4,2
P00372,2025-08-01,27,371.9,13.78,1.1,6,4,0
P00372,2025-08-31,30,407.3,13.58,6.0,7,4,0
P00372,2025-10-01,30,420.1,14.0,1.62,11,4,1
P00372,2025-10-31,30,412.7,13.76,0.56,8,4,3
P00372,2025-12-01,29,384.5,13.26,4.25,4,4,0
P00372,2025-12-31,29,382.0,13.17,0.43,9,4,0
P00372,2026-01-30,27,353.3,13.08,2.91,8,4,0
P00372,2026-03-02,29,367.0,12.66,1.63,6,4,0
P00372,2026-04-01,26,348.2,13.39,0.99,3,4,3
P00372,2026-05-02,29,393.1,13.55,1.46,5,4,2
P00372,2026-06-01,29,390.8,13.48,2.3,5,4,0
P00372,2026-07-02,27,344.8,12.77,2.51,6,4,0
P00372,2026-08-01,27,362.6,13.43,1.32,4,4,1
P00373,2024-08-31,28,360.8,12.88,1.06,6,4,0
P00373,2024-09-30,31,389.3,12.56,1.87,6,4,2
P00373,2024-10-31,30,398.0,13.27,2.95,7,4,1
P00373,2024-11-30,29,382.3,13.18,1.3,3,4,0
P00373,2024-12-31,29,390.8,13.48,1.65,6,4,2
P00373,2025-01-30,29,379.5,13.09,5.57,7,4,2
P00373,2025-03-02,30,403.2,13.44,2.22,9,4,1
P00373,2025-04-01,30,389.4,12.98,3.74,6,4,0
P00373,2025-05-01,31,426.4,13.75,4.37,5,4,0
P00373,2025-06-01,28,380.6,13.59,1.1,5,4,1
P00373,2025-07-01,29,394.1,13.59,2.28,13,4,1
P00373,2025-08-01,30,380.3,12.68,2.53,8,4,0
P00373,2025-08-31,30,404.5,13.48,2.09,4,4,1
P00373,2025-10-01,28,371.9,13.28,0.58,4,4,0
P00373,2025-10-31,26,368.1,14.16,2.43,3,4,1
P00373,2025-12-01,29,369.6,12.74,4.84,8,4,1
P00373,2025-12-31,29,384.4,13.26,1.63,5,4,1
P00373,2026-01-30,28,380.8,13.6,0.58,7,4,1
P00373,2026-03-02,29,382.9,13.2,2.14,5,4,0
P00373,2026-04-01,24,326.5,13.6,1.67,9,4,1
P00373,2026-05-02,29,394.0,13.59,5.09,11,4,2
P00373,2026-06-01,26,353.6,13.6,1.98,8,4,0
P00373,2026-07-02,28,361.7,12.92,4.93,3,4,0
P00373,2026-08-01,28,361.0,12.89,4.73,3,4,1
P00374,2024-08-31,30,421.3,14.04,1.01,6,4,2
P00374,2024-09-30,29,375.8,12.96,1.57,8,4,1
P00374,2024-10-31,29,394.1,13.59,1.39,7,4,0
P00374,2024-11-30,27,372.7,13.81,4.49,6,4,1
P00374,2024-12-31,28,376.2,13.44,1.49,5,4,0
P00374,2025-01-30,28,377.6,13.49,6.0,7,4,0
P00374,2025-03-02,28,377.4,13.48,1.48,6,4,0
P00374,2025-04-01,27,370.8,13.73,3.74,8,4,1
P00374,2025-05-01,24,320.2,13.34,5.01,4,4,0
P00374,2025-06-01,29,381.9,13.17,1.35,9,4,1
P00374,2025-07-01,31,423.5,13.66,5.94,5,4,2
P00374,2025-08-01,30,387.3,12.91,1.44,6,4,2
P00374,2025-08-31,31,415.6,13.41,0.36,9,4,0
P00374,2025-10-01,29,377.8,13.03,0.59,11,4,1
P00374,2025-10-31,28,369.7,13.21,1.16,10,4,1
P00374,2025-12-01,30,387.3,12.91,2.61,7,4,0
P00374,2025-12-31,29,381.8,13.17,4.02,6,4,1
P00374,2026-01-30,27,379.6,14.06,2.4,9,4,1
P00374,2026-03-02,30,419.6,13.99,3.61,7,4,2
P00374,2026-04-01,30,390.5,13.02,0.92,5,4,0
P00374,2026-05-02,30,363.5,12.12,6.0,6,4,2
P00374,2026-06-01,31,397.5,12.82,3.89,7,4,2
P00374,2026-07-02,29,389.0,13.41,6.0,10,4,1
P00374,2026-08-01,29,390.1,13.45,0.46,8,4,1
P00375,2024-08-31,28,374.2,13.36,0.22,3,4,1
P00375,2024-09-30,28,361.1,12.9,6.0,3,4,1
P00375,2024-10-31,31,412.4,13.3,2.42,3,4,1
P00375,2024-11-30,28,381.1,13.61,1.99,7,4,0
P00375,2024-12-31,31,411.8,13.29,4.98,11,4,1
P00375,2025-01-30,31,433.2,13.97,1.04,8,4,1
P00375,2025-03-02,28,380.3,13.58,0.41,3,4,1
P00375,2025-04-01,28,380.9,13.6,2.74,6,4,1
P00375,2025-05-01,31,451.0,14.55,1.02,7,4,0
P00375,2025-06-01,27,378.5,14.02,0.63,5,4,0
P00375,2025-07-01,30,413.0,13.77,0.56,10,4,1
P00375,2025-08-01,30,418.1,13.94,1.22,7,4,0
P00375,2025-08-31,27,360.5,13.35,2.07,9,4,1
P00375,2025-10-01,31,419.1,13.52,1.75,2,4,1
P00375,2025-10-31,28,373.8,13.35,0.21,4,4,0
P00375,2025-12-01,26,332.6,12.79,2.73,11,4,0
P00375,2025-12-31,30,390.6,13.02,2.25,8,4,1
P00375,2026-01-30,29,405.1,13.97,1.65,3,4,2
P00375,2026-03-02,28,383.9,13.71,2.06,6,4,2
P00375,2026-04-01,31,407.6,13.15,0.77,7,4,2
P00375,2026-05-02,27,359.3,13.31,2.03,6,4,0
P00375,2026-06-01,27,359.2,13.3,0.86,8,4,0
P00375,2026-07-02,28,365.2,13.04,0.99,7,4,0
P00375,2026-08-01,27,357.5,13.24,1.96,2,4,0
P00376,2024-08-31,31,408.1,13.16,0.94,7,4,1
P00376,2024-09-30,29,392.4,13.53,2.74,9,4,0
P00376,2024-10-31,29,368.7,12.72,4.86,4,4,0
P00376,2024-11-30,29,387.4,13.36,5.62,3,4,1
P00376,2024-12-31,28,387.1,13.83,3.16,12,4,2
P00376,2025-01-30,30,422.7,14.09,0.96,8,4,0
P00376,2025-03-02,28,369.8,13.21,3.68,8,4,1
P00376,2025-04-01,28,355.5,12.7,6.0,13,4,1
P00376,2025-05-01,31,435.4,14.05,0.43,2,4,0
P00376,2025-06-01,31,394.2,12.72,2.65,3,4,0
P00376,2025-07-01,30,399.6,13.32,3.02,4,4,1
P00376,2025-08-01,29,378.0,13.04,1.45,14,4,0
P00376,2025-08-31,31,380.5,12.27,2.53,9,4,0
P00376,2025-10-01,30,380.3,12.68,3.01,7,4,1
P00376,2025-10-31,30,371.8,12.39,5.78,13,4,0
P00376,2025-12-01,29,336.2,11.59,1.54,8,4,1
P00376,2025-12-31,29,363.3,12.53,0.45,2,4,0
P00376,2026-01-30,29,354.5,12.22,0.59,6,4,0
P00376,2026-03-02,29,337.9,11.65,4.3,9,4,0
P00376,2026-04-01,29,352.5,12.15,2.02,6,4,0
P00376,2026-05-02,28,357.1,12.75,6.0,8,4,0
P00376,2026-06-01,30,381.0,12.7,1.16,10,4,1
P00376,2026-07-02,31,382.3,12.33,1.78,4,4,0
P00376,2026-08-01,31,374.5,12.08,5.53,11,4,1
P00377,2024-08-31,29,280.7,9.68,1.38,2,4,3
P00377,2024-09-30,27,237.0,8.78,3.42,5,4,4
P00377,2024-10-31,30,275.9,9.2,1.95,4,4,2
P00377,2024-11-30,29,262.8,9.06,3.22,8,4,2
P00377,2024-12-31,31,295.6,9.54,1.12,9,4,1
P00377,2025-01-30,29,276.8,9.55,1.09,8,4,3
P00377,2025-03-02,29,273.7,9.44,6.0,2,4,1
P00377,2025-04-01,26,255.3,9.82,5.06,6,4,2
P00377,2025-05-01,27,237.5,8.8,0.8,7,4,3
P00377,2025-06-01,31,290.5,9.37,2.11,6,4,2
P00377,2025-07-01,28,251.5,8.98,0.2,9,4,1
P00377,2025-08-01,30,279.6,9.32,2.91,9,4,1
P00377,2025-08-31,30,276.7,9.22,6.0,4,4,2
P00377,2025-10-01,29,282.2,9.73,2.34,8,4,3
P00377,2025-10-31,29,253.6,8.75,0.46,6,4,3
P00377,2025-12-01,30,296.9,9.9,0.87,12,4,2
P00377,2025-12-31,30,273.6,9.12,5.08,5,4,2
P00377,2026-01-30,29,252.9,8.72,0.75,3,4,0
P00377,2026-03-02,26,233.8,8.99,5.25,6,4,2
P00377,2026-04-01,30,276.3,9.21,2.18,6,4,3
P00377,2026-05-02,29,265.8,9.17,4.13,4,4,2
P00377,2026-06-01,29,261.5,9.02,3.57,8,4,4
P00377,2026-07-02,30,285.1,9.5,2.15,9,4,0
P00377,2026-08-01,31,295.7,9.54,3.78,5,4,1
P00378,2024-08-31,29,407.9,14.07,1.21,8,4,1
P00378,2024-09-30,30,417.1,13.9,6.0,9,4,0
P00378,2024-10-31,30,404.7,13.49,0.68,9,4,0
P00378,2024-11-30,29,372.9,12.86,2.0,9,4,1
P00378,2024-12-31,28,378.7,13.53,4.98,5,4,2
P00378,2025-01-30,28,377.1,13.47,0.46,9,4,0
P00378,2025-03-02,29,388.8,13.41,2.96,11,4,1
P00378,2025-04-01,29,370.2,12.77,5.29,13,4,1
P00378,2025-05-01,30,395.6,13.19,0.86,8,4,2
P00378,2025-06-01,28,351.2,12.54,3.1,5,4,0
P00378,2025-07-01,31,382.3,12.33,6.0,9,4,0
P00378,2025-08-01,27,356.1,13.19,3.22,11,4,1
P00378,2025-08-31,30,390.3,13.01,2.62,7,4,2
P00378,2025-10-01,31,399.9,12.9,0.56,5,4,1
P00378,2025-10-31,29,378.4,13.05,0.88,8,4,1
P00378,2025-12-01,28,376.6,13.45,3.37,13,4,1
P00378,2025-12-31,31,393.7,12.7,1.18,6,4,0
P00378,2026-01-30,27,333.1,12.34,3.62,7,4,1
P00378,2026-03-02,31,399.5,12.89,4.93,5,4,0
P00378,2026-04-01,28,348.5,12.45,2.84,11,4,1
P00378,2026-05-02,30,392.1,13.07,4.14,9,4,0
P00378,2026-06-01,30,390.3,13.01,4.81,5,4,2
P00378,2026-07-02,28,334.8,11.96,6.0,5,4,1
P00378,2026-08-01,29,343.5,11.84,5.33,8,4,1
P00379,2024-08-31,30,247.8,8.26,1.46,5,4,3
P00379,2024-09-30,28,231.4,8.26,2.76,8,4,2
P00379,2024-10-31,28,243.1,8.68,4.58,7,4,0
P00379,2024-11-30,28,228.8,8.17,2.97,6,4,3
P00379,2024-12-31,31,266.5,8.6,1.29,10,4,1
P00379,2025-01-30,30,253.1,8.44,1.49,4,4,1
P00379,2025-03-02,31,249.9,8.06,4.07,8,4,3
P00379,2025-04-01,30,221.4,7.38,2.16,3,4,2
P00379,2025-05-01,30,232.6,7.75,1.8,7,4,1
P00379,2025-06-01,31,260.1,8.39,1.3,4,4,3
P00379,2025-07-01,31,233.3,7.53,1.79,4,4,1
P00379,2025-08-01,30,225.4,7.51,1.21,6,4,3
P00379,2025-08-31,28,241.1,8.61,1.59,4,4,2
P00379,2025-10-01,31,260.3,8.4,1.92,3,4,3
P00379,2025-10-31,27,218.6,8.1,3.51,7,4,3
P00379,2025-12-01,25,198.9,7.96,0.54,4,4,2
P00379,2025-12-31,30,228.0,7.6,3.08,5,4,3
P00379,2026-01-30,26,208.6,8.02,0.84,8,4,1
P00379,2026-03-02,29,247.6,8.54,3.76,7,4,1
P00379,2026-04-01,25,189.0,7.56,0.46,3,4,2
P00379,2026-05-02,31,270.2,8.72,2.45,4,4,1
P00379,2026-06-01,28,244.2,8.72,1.62,5,4,1
P00379,2026-07-02,30,234.4,7.81,0.76,7,4,0
P00379,2026-08-01,30,256.5,8.55,0.47,4,4,1
P00380,2024-08-31,29,388.5,13.4,2.44,7,4,0
P00380,2024-09-30,26,329.2,12.66,2.07,5,4,0
P00380,2024-10-31,28,371.5,13.27,5.76,4,4,1
P00380,2024-11-30,31,405.2,13.07,1.23,6,4,1
P00380,2024-12-31,27,342.5,12.68,4.01,5,4,4
P00380,2025-01-30,27,353.6,13.1,1.63,8,4,1
P00380,2025-03-02,27,353.1,13.08,1.38,12,4,1
P00380,2025-04-01,27,345.9,12.81,5.04,3,4,0
P00380,2025-05-01,28,368.9,13.18,6.0,3,4,0
P00380,2025-06-01,27,382.5,14.17,4.36,10,4,1
P00380,2025-07-01,29,369.6,12.75,2.82,10,4,3
P00380,2025-08-01,30,397.7,13.26,6.0,4,4,1
P00380,2025-08-31,28,352.5,12.59,1.04,3,4,2
P00380,2025-10-01,30,385.2,12.84,2.58,6,4,0
P00380,2025-10-31,31,394.6,12.73,4.6,10,4,2
P00380,2025-12-01,29,371.2,12.8,2.14,9,4,0
P00380,2025-12-31,30,380.0,12.67,3.81,6,4,1
P00380,2026-01-30,27,310.6,11.5,0.92,4,4,1
P00380,2026-03-02,29,348.4,12.01,2.59,3,4,1
P00380,2026-04-01,28,326.1,11.65,4.08,5,4,1
P00380,2026-05-02,29,371.6,12.81,0.21,8,4,0
P00380,2026-06-01,28,342.0,12.21,2.57,8,4,0
P00380,2026-07-02,29,352.8,12.17,3.79,7,4,1
P00380,2026-08-01,29,342.1,11.8,3.28,7,4,1
P00381,2024-08-31,28,387.1,13.83,4.54,8,4,0
P00381,2024-09-30,29,392.1,13.52,1.73,3,4,0
P00381,2024-10-31,29,388.7,13.4,1.46,4,4,1
P00381,2024-11-30,25,359.6,14.38,0.9,10,4,0
P00381,2024-12-31,29,407.6,14.06,1.06,7,4,1
P00381,2025-01-30,30,404.8,13.49,3.33,5,4,0
P00381,2025-03-02,31,425.9,13.74,5.1,6,4,1
P00381,2025-04-01,29,411.9,14.2,0.4,3,4,1
P00381,2025-05-01,27,365.0,13.52,1.64,8,4,0
P00381,2025-06-01,31,425.4,13.72,6.0,9,4,1
P00381,2025-07-01,27,352.4,13.05,1.94,4,4,0
P00381,2025-08-01,29,392.1,13.52,0.32,8,4,1
P00381,2025-08-31,27,356.2,13.19,2.24,6,4,0
P00381,2025-10-01,27,370.1,13.71,4.33,7,4,1
P00381,2025-10-31,30,418.0,13.93,1.95,6,4,0
P00381,2025-12-01,31,433.0,13.97,2.08,9,4,1
P00381,2025-12-31,29,394.7,13.61,3.5,6,4,1
P00381,2026-01-30,31,418.9,13.51,0.25,6,4,2
P00381,2026-03-02,28,375.4,13.41,4.71,5,4,0
P00381,2026-04-01,28,398.9,14.24,0.74,11,4,1
P00381,2026-05-02,26,350.7,13.49,1.65,2,4,0
P00381,2026-06-01,27,366.9,13.59,0.84,9,4,1
P00381,2026-07-02,31,420.8,13.57,0.82,10,4,2
P00381,2026-08-01,30,412.4,13.75,2.8,8,4,0
P00382,2024-08-31,28,357.7,12.78,4.38,5,4,1
P00382,2024-09-30,26,327.1,12.58,1.07,4,4,0
P00382,2024-10-31,30,380.5,12.68,3.53,7,4,0
P00382,2024-11-30,25,319.4,12.78,3.0,4,4,1
P00382,2024-12-31,25,338.8,13.55,0.85,5,4,1
P00382,2025-01-30,27,346.7,12.84,2.08,3,4,0
P00382,2025-03-02,27,360.4,13.35,1.24,3,4,0
P00382,2025-04-01,28,376.6,13.45,1.0,4,4,0
P00382,2025-05-01,28,348.7,12.45,1.6,4,4,0
P00382,2025-06-01,30,396.1,13.2,1.83,2,4,1
P00382,2025-07-01,24,302.8,12.62,2.52,5,4,1
P00382,2025-08-01,28,362.3,12.94,1.79,4,4,0
P00382,2025-08-31,28,379.1,13.54,0.47,7,4,1
P00382,2025-10-01,25,330.0,13.2,0.37,5,4,2
P00382,2025-10-31,26,331.9,12.76,0.78,2,4,1
P00382,2025-12-01,25,306.4,12.26,0.77,7,4,0
P00382,2025-12-31,28,352.4,12.59,0.85,4,4,2
P00382,2026-01-30,28,381.9,13.64,2.83,3,4,0
P00382,2026-03-02,31,396.0,12.77,3.75,1,4,0
P00382,2026-04-01,31,393.9,12.71,4.23,6,4,2
P00382,2026-05-02,28,368.6,13.16,1.77,3,4,1
P00382,2026-06-01,28,368.2,13.15,4.03,3,4,3
P00382,2026-07-02,27,349.1,12.93,0.61,2,4,1
P00382,2026-08-01,26,353.8,13.61,1.76,4,4,0
P00383,2024-08-31,27,210.2,7.78,2.16,7,4,3
P00383,2024-09-30,27,214.6,7.95,2.88,7,4,1
P00383,2024-10-31,31,254.4,8.21,1.08,1,4,1
P00383,2024-11-30,28,219.5,7.84,3.81,3,4,2
P00383,2024-12-31,28,218.9,7.82,0.59,5,4,3
P00383,2025-01-30,25,212.2,8.49,0.31,13,4,3
P00383,2025-03-02,29,220.0,7.59,2.46,5,4,3
P00383,2025-04-01,30,227.6,7.59,1.31,2,4,2
P00383,2025-05-01,31,268.9,8.67,1.76,7,4,4
P00383,2025-06-01,31,275.9,8.9,2.23,4,4,2
P00383,2025-07-01,29,244.8,8.44,0.89,5,4,1
P00383,2025-08-01,30,255.5,8.52,2.84,4,4,2
P00383,2025-08-31,29,230.7,7.96,5.82,5,4,3
P00383,2025-10-01,29,217.0,7.48,1.33,5,4,2
P00383,2025-10-31,30,266.9,8.9,3.82,3,4,3
P00383,2025-12-01,28,227.4,8.12,2.07,3,4,1
P00383,2025-12-31,28,261.2,9.33,2.15,3,4,2
P00383,2026-01-30,26,232.2,8.93,5.6,9,4,3
P00383,2026-03-02,27,235.9,8.74,2.21,2,4,2
P00383,2026-04-01,28,255.1,9.11,4.16,8,4,3
P00383,2026-05-02,29,266.9,9.2,2.3,9,4,3
P00383,2026-06-01,27,247.1,9.15,3.9,5,4,4
P00383,2026-07-02,27,241.8,8.95,3.32,6,4,2
P00383,2026-08-01,28,257.4,9.19,4.52,6,4,1
P00384,2024-08-31,30,422.7,14.09,0.58,5,4,4
P00384,2024-09-30,27,388.5,14.39,0.41,3,4,2
P00384,2024-10-31,27,400.4,14.83,0.71,6,4,4
P00384,2024-11-30,30,448.5,14.95,0.89,6,4,4
P00384,2024-12-31,29,410.9,14.17,2.09,8,4,3
P00384,2025-01-30,29,440.6,15.19,0.81,7,4,2
P00384,2025-03-02,25,376.0,15.04,1.55,9,4,1
P00384,2025-04-01,29,421.5,14.53,0.53,9,4,3
P00384,2025-05-01,27,424.1,15.71,1.04,1,4,4
P00384,2025-06-01,27,397.5,14.72,0.72,2,4,4
P00384,2025-07-01,29,446.3,15.39,0.2,4,4,3
P00384,2025-08-01,28,437.1,15.61,0.81,1,4,4
P00384,2025-08-31,30,444.7,14.82,1.12,1,4,3
P00384,2025-10-01,27,403.3,14.94,1.34,2,4,3
P00384,2025-10-31,24,375.5,15.65,0.35,6,4,4
P00384,2025-12-01,31,481.7,15.54,0.84,5,4,4
P00384,2025-12-31,28,417.8,14.92,0.34,3,4,4
P00384,2026-01-30,31,459.8,14.83,1.14,1,4,4
P00384,2026-03-02,27,401.2,14.86,1.04,8,4,2
P00384,2026-04-01,28,439.7,15.7,1.61,6,4,4
P00384,2026-05-02,27,407.4,15.09,1.22,5,4,4
P00384,2026-06-01,31,488.0,15.74,0.3,1,4,3
P00384,2026-07-02,27,408.0,15.11,0.27,4,4,4
P00384,2026-08-01,29,478.6,16.5,1.19,3,4,4
P00385,2024-08-31,26,195.2,7.51,1.43,2,4,1
P00385,2024-09-30,26,191.2,7.35,1.23,0,4,3
P00385,2024-10-31,28,209.4,7.48,0.66,3,4,1
P00385,2024-11-30,25,185.2,7.41,2.31,8,4,3
P00385,2024-12-31,31,203.2,6.56,1.2,4,4,3
P00385,2025-01-30,26,173.8,6.68,0.78,5,4,3
P00385,2025-03-02,26,163.5,6.29,6.0,5,4,4
P00385,2025-04-01,29,205.6,7.09,1.88,1,4,1
P00385,2025-05-01,27,186.7,6.91,0.73,8,4,4
P00385,2025-06-01,29,214.2,7.39,1.04,5,4,2
P00385,2025-07-01,27,186.9,6.92,0.2,1,4,1
P00385,2025-08-01,26,171.1,6.58,0.22,2,4,2
P00385,2025-08-31,28,190.1,6.79,0.57,6,4,3
P00385,2025-10-01,29,197.1,6.8,0.72,4,4,3
P00385,2025-10-31,27,156.2,5.79,2.23,3,4,2
P00385,2025-12-01,26,164.9,6.34,0.59,5,4,1
P00385,2025-12-31,28,188.1,6.72,2.82,4,4,3
P00385,2026-01-30,26,178.5,6.87,3.62,3,4,4
P00385,2026-03-02,29,179.4,6.19,0.75,3,4,1
P00385,2026-04-01,25,170.3,6.81,0.96,4,4,1
P00385,2026-05-02,29,175.0,6.04,0.95,2,4,3
P00385,2026-06-01,29,169.5,5.84,2.57,3,4,2
P00385,2026-07-02,26,160.7,6.18,2.94,6,4,2
P00385,2026-08-01,30,190.9,6.36,0.75,3,4,4
P00386,2024-08-31,27,380.0,14.07,0.82,5,4,0
P00386,2024-09-30,28,378.5,13.52,1.5,5,4,0
P00386,2024-10-31,27,354.7,13.14,3.8,12,4,1
P00386,2024-11-30,31,395.8,12.77,0.38,14,4,1
P00386,2024-12-31,29,405.0,13.96,0.97,5,4,3
P00386,2025-01-30,27,355.7,13.18,2.52,9,4,1
P00386,2025-03-02,29,385.1,13.28,2.28,10,4,0
P00386,2025-04-01,29,384.0,13.24,0.61,10,4,1
P00386,2025-05-01,27,359.0,13.29,2.07,8,4,0
P00386,2025-06-01,28,390.1,13.93,0.73,10,4,0
P00386,2025-07-01,28,376.4,13.44,5.09,9,4,2
P00386,2025-08-01,30,397.8,13.26,3.01,8,4,2
P00386,2025-08-31,29,393.9,13.58,0.63,4,4,2
P00386,2025-10-01,28,376.6,13.45,1.69,5,4,1
P00386,2025-10-31,29,383.9,13.24,1.28,4,4,1
P00386,2025-12-01,28,392.2,14.01,0.21,5,4,2
P00386,2025-12-31,27,362.5,13.42,5.9,10,4,0
P00386,2026-01-30,28,384.4,13.73,1.54,7,4,1
P00386,2026-03-02,31,417.3,13.46,0.88,6,4,2
P00386,2026-04-01,25,343.9,13.75,6.0,6,4,1
P00386,2026-05-02,26,358.0,13.77,1.68,5,4,0
P00386,2026-06-01,27,369.5,13.68,0.87,12,4,0
P00386,2026-07-02,29,383.5,13.22,1.96,3,4,1
P00386,2026-08-01,28,374.9,13.39,1.68,4,4,1
P00387,2024-08-31,31,431.3,13.91,6.0,7,4,0
P00387,2024-09-30,30,401.6,13.39,0.87,9,4,1
P00387,2024-10-31,30,423.2,14.11,1.3,10,4,1
P00387,2024-11-30,29,421.8,14.54,4.67,5,4,0
P00387,2024-12-31,30,410.2,13.67,1.56,6,4,0
P00387,2025-01-30,31,420.0,13.55,2.3,7,4,1
P00387,2025-03-02,29,404.5,13.95,2.5,8,4,0
P00387,2025-04-01,29,398.9,13.76,3.02,6,4,1
P00387,2025-05-01,29,436.5,15.05,3.3,5,4,1
P00387,2025-06-01,30,442.3,14.74,4.87,6,4,0
P00387,2025-07-01,31,448.6,14.47,1.6,9,4,2
P00387,2025-08-01,29,425.9,14.69,1.51,7,4,0
P00387,2025-08-31,25,347.1,13.88,4.26,5,4,0
P00387,2025-10-01,28,398.7,14.24,3.49,5,4,0
P00387,2025-10-31,29,395.7,13.64,1.8,9,4,0
P00387,2025-12-01,28,389.6,13.91,2.7,12,4,0
P00387,2025-12-31,30,411.1,13.7,3.08,9,4,1
P00387,2026-01-30,31,441.6,14.25,1.07,3,4,2
P00387,2026-03-02,28,388.5,13.87,3.68,6,4,1
P00387,2026-04-01,31,436.7,14.09,3.97,4,4,0
P00387,2026-05-02,26,362.8,13.95,0.93,8,4,0
P00387,2026-06-01,29,386.9,13.34,1.47,9,4,1
P00387,2026-07-02,27,389.9,14.44,2.58,7,4,1
P00387,2026-08-01,31,449.3,14.49,2.61,6,4,0
P00388,2024-08-31,31,406.6,13.12,0.82,13,4,1
P00388,2024-09-30,29,372.9,12.86,2.37,7,4,2
P00388,2024-10-31,28,371.6,13.27,2.16,5,4,1
P00388,2024-11-30,29,375.6,12.95,3.8,11,4,0
P00388,2024-12-31,31,402.4,12.98,2.03,4,4,0
P00388,2025-01-30,26,336.7,12.95,2.01,4,4,1
P00388,2025-03-02,28,370.8,13.24,1.33,10,4,1
P00388,2025-04-01,27,366.9,13.59,1.98,11,4,0
P00388,2025-05-01,28,382.8,13.67,0.77,2,4,1
P00388,2025-06-01,31,402.4,12.98,2.14,2,4,1
P00388,2025-07-01,30,401.1,13.37,1.89,4,4,1
P00388,2025-08-01,30,383.0,12.77,1.75,7,4,2
P00388,2025-08-31,31,437.9,14.13,1.43,8,4,1
P00388,2025-10-01,29,402.0,13.86,2.48,5,4,0
P00388,2025-10-31,30,407.4,13.58,2.76,11,4,0
P00388,2025-12-01,28,378.0,13.5,3.83,8,4,0
P00388,2025-12-31,31,461.7,14.89,4.39,6,4,1
P00388,2026-01-30,30,427.3,14.24,5.78,6,4,1
P00388,2026-03-02,30,436.5,14.55,1.14,5,4,1
P00388,2026-04-01,29,434.5,14.98,4.05,7,4,1
P00388,2026-05-02,30,420.5,14.02,2.29,8,4,0
P00388,2026-06-01,30,425.5,14.18,1.51,6,4,0
P00388,2026-07-02,31,449.1,14.49,4.09,4,4,1
P00388,2026-08-01,29,423.7,14.61,0.81,4,4,1
P00389,2024-08-31,31,418.6,13.5,1.68,3,4,1
P00389,2024-09-30,28,359.0,12.82,4.03,8,4,1
P00389,2024-10-31,28,360.4,12.87,0.42,5,4,0
P00389,2024-11-30,30,398.5,13.28,3.94,7,4,1
P00389,2024-12-31,30,387.5,12.92,4.9,5,4,2
P00389,2025-01-30,31,391.6,12.63,5.25,5,4,0
P00389,2025-03-02,27,338.0,12.52,1.91,4,4,1
P00389,2025-04-01,29,365.7,12.61,3.21,3,4,0
P00389,2025-05-01,31,403.7,13.02,2.14,8,4,2
P00389,2025-06-01,31,412.1,13.29,4.56,5,4,1
P00389,2025-07-01,31,417.0,13.45,0.45,6,4,0
P00389,2025-08-01,28,386.3,13.8,1.62,14,4,1
P00389,2025-08-31,28,369.2,13.19,2.67,11,4,1
P00389,2025-10-01,28,375.6,13.41,4.43,4,4,2
P00389,2025-10-31,30,412.6,13.75,2.72,8,4,0
P00389,2025-12-01,28,364.2,13.01,3.96,9,4,0
P00389,2025-12-31,31,420.1,13.55,1.68,6,4,0
P00389,2026-01-30,31,395.8,12.77,2.63,10,4,1
P00389,2026-03-02,29,395.7,13.65,2.86,7,4,0
P00389,2026-04-01,30,399.2,13.31,2.76,12,4,0
P00389,2026-05-02,31,408.8,13.19,0.94,8,4,1
P00389,2026-06-01,28,369.0,13.18,1.1,8,4,3
P00389,2026-07-02,28,360.6,12.88,6.0,4,4,1
P00389,2026-08-01,31,397.8,12.83,0.93,5,4,1
P00390,2024-08-31,31,300.5,9.69,4.68,8,4,1
P00390,2024-09-30,29,272.5,9.4,1.38,9,4,3
P00390,2024-10-31,31,288.6,9.31,4.05,10,4,1
P00390,2024-11-30,30,294.7,9.82,2.86,5,4,3
P00390,2024-12-31,31,280.1,9.04,1.54,4,4,2
P00390,2025-01-30,28,262.9,9.39,2.31,10,4,2
P00390,2025-03-02,31,264.1,8.52,2.32,11,4,2
P00390,2025-04-01,29,297.1,10.24,4.38,9,4,2
P00390,2025-05-01,31,281.8,9.09,0.73,6,4,3
P00390,2025-06-01,29,265.5,9.15,0.3,7,4,3
P00390,2025-07-01,31,271.7,8.76,2.32,8,4,1
P00390,2025-08-01,27,243.6,9.02,1.78,4,4,3
P00390,2025-08-31,30,261.9,8.73,5.35,7,4,2
P00390,2025-10-01,31,261.2,8.43,5.75,8,4,0
P00390,2025-10-31,30,263.4,8.78,4.64,11,4,2
P00390,2025-12-01,27,237.9,8.81,4.26,13,4,3
P00390,2025-12-31,30,268.3,8.94,4.4,7,4,4
P00390,2026-01-30,27,244.0,9.04,1.54,8,4,3
P00390,2026-03-02,31,280.5,9.05,6.0,4,4,2
P00390,2026-04-01,26,236.5,9.1,3.56,7,4,2
P00390,2026-05-02,29,241.5,8.33,3.84,6,4,1
P00390,2026-06-01,31,265.3,8.56,5.23,6,4,3
P00390,2026-07-02,28,241.9,8.64,1.69,7,4,1
P00390,2026-08-01,28,234.0,8.36,0.76,10,4,2
P00391,2024-08-31,28,375.4,13.41,0.5,8,4,1
P00391,2024-09-30,29,373.0,12.86,2.78,6,4,2
P00391,2024-10-31,30,405.4,13.51,2.67,5,4,0
P00391,2024-11-30,29,372.4,12.84,3.46,6,4,1
P00391,2024-12-31,29,371.6,12.81,1.0,11,4,2
P00391,2025-01-30,29,378.4,13.05,4.73,6,4,1
P00391,2025-03-02,29,402.7,13.89,3.4,4,4,0
P00391,2025-04-01,30,404.2,13.47,0.32,6,4,1
P00391,2025-05-01,29,395.7,13.64,3.29,5,4,1
P00391,2025-06-01,29,377.9,13.03,3.42,5,4,0
P00391,2025-07-01,27,357.8,13.25,1.02,5,4,0
P00391,2025-08-01,30,390.5,13.02,3.15,10,4,3
P00391,2025-08-31,30,366.6,12.22,3.89,6,4,2
P00391,2025-10-01,31,400.9,12.93,0.89,12,4,1
P00391,2025-10-31,29,394.2,13.59,2.63,4,4,1
P00391,2025-12-01,26,334.8,12.88,1.61,7,4,0
P00391,2025-12-31,29,368.4,12.7,6.0,8,4,1
P00391,2026-01-30,30,370.8,12.36,2.72,4,4,1
P00391,2026-03-02,28,346.0,12.36,6.0,8,4,2
P00391,2026-04-01,28,370.6,13.24,2.04,6,4,2
P00391,2026-05-02,28,362.0,12.93,2.82,8,4,0
P00391,2026-06-01,31,394.6,12.73,4.26,3,4,1
P00391,2026-07-02,29,355.7,12.27,0.97,4,4,1
P00391,2026-08-01,31,377.4,12.18,1.85,5,4,0
P00392,2024-08-31,28,376.6,13.45,2.0,8,4,1
P00392,2024-09-30,28,378.1,13.51,1.56,6,4,0
P00392,2024-10-31,29,403.7,13.92,4.27,6,4,0
P00392,2024-11-30,29,403.6,13.92,5.2,5,4,1
P00392,2024-12-31,29,409.7,14.13,0.47,5,4,1
P00392,2025-01-30,29,364.8,12.58,1.35,5,4,0
P00392,2025-03-02,30,382.3,12.74,3.03,6,4,0
P00392,2025-04-01,29,384.8,13.27,0.5,6,4,0
P00392,2025-05-01,31,420.7,13.57,1.23,9,4,0
P00392,2025-06-01,31,416.3,13.43,3.43,8,4,0
P00392,2025-07-01,29,398.2,13.73,0.9,3,4,2
P00392,2025-08-01,29,411.2,14.18,1.34,6,4,0
P00392,2025-08-31,26,351.0,13.5,6.0,7,4,0
P00392,2025-10-01,30,417.2,13.91,3.11,4,4,1
P00392,2025-10-31,28,371.4,13.27,1.78,7,4,0
P00392,2025-12-01,28,364.3,13.01,1.1,5,4,0
P00392,2025-12-31,29,406.5,14.02,3.74,5,4,1
P00392,2026-01-30,29,385.8,13.31,0.71,8,4,1
P00392,2026-03-02,28,367.4,13.12,2.9,6,4,1
P00392,2026-04-01,30,428.7,14.29,3.18,12,4,0
P00392,2026-05-02,27,361.2,13.38,4.07,9,4,0
P00392,2026-06-01,26,346.9,13.34,2.75,1,4,2
P00392,2026-07-02,29,367.0,12.65,0.2,9,4,0
P00392,2026-08-01,27,378.3,14.01,3.78,9,4,2
P00393,2024-08-31,31,425.1,13.71,1.94,10,4,0
P00393,2024-09-30,31,412.1,13.29,3.2,4,4,1
P00393,2024-10-31,30,395.9,13.2,5.6,2,4,0
P00393,2024-11-30,30,396.6,13.22,1.7,7,4,2
P00393,2024-12-31,31,411.4,13.27,5.06,6,4,1
P00393,2025-01-30,30,394.8,13.16,0.79,6,4,0
P00393,2025-03-02,31,428.2,13.81,5.05,6,4,2
P00393,2025-04-01,29,394.5,13.6,0.63,3,4,1
P00393,2025-05-01,30,422.7,14.09,5.33,9,4,0
P00393,2025-06-01,29,422.2,14.56,3.66,5,4,2
P00393,2025-07-01,29,417.1,14.38,3.35,3,4,1
P00393,2025-08-01,28,402.8,14.39,0.6,6,4,2
P00393,2025-08-31,29,405.2,13.97,4.27,13,4,0
P00393,2025-10-01,28,394.9,14.1,4.74,10,4,0
P00393,2025-10-31,30,419.6,13.99,1.74,6,4,0
P00393,2025-12-01,27,387.2,14.34,3.01,4,4,0
P00393,2025-12-31,27,387.3,14.34,1.49,9,4,2
P00393,2026-01-30,28,396.7,14.17,0.97,2,4,2
P00393,2026-03-02,29,425.2,14.66,5.85,3,4,0
P00393,2026-04-01,28,390.7,13.95,1.98,6,4,0
P00393,2026-05-02,28,381.9,13.64,5.53,8,4,1
P00393,2026-06-01,30,426.4,14.21,4.11,5,4,0
P00393,2026-07-02,30,433.1,14.44,3.49,4,4,2
P00393,2026-08-01,29,406.3,14.01,3.37,13,4,2
P00394,2024-08-31,28,367.1,13.11,0.55,1,4,1
P00394,2024-09-30,28,391.3,13.98,2.35,7,4,1
P00394,2024-10-31,27,352.9,13.07,5.23,4,4,1
P00394,2024-11-30,31,434.5,14.02,0.62,8,4,1
P00394,2024-12-31,28,382.8,13.67,0.75,6,4,1
P00394,2025-01-30,28,382.1,13.65,2.32,10,4,0
P00394,2025-03-02,28,374.5,13.38,0.85,6,4,2
P00394,2025-04-01,29,388.7,13.4,0.24,4,4,1
P00394,2025-05-01,29,409.9,14.14,2.19,9,4,2
P00394,2025-06-01,29,399.4,13.77,1.56,5,4,0
P00394,2025-07-01,27,389.4,14.42,3.44,6,4,1
P00394,2025-08-01,31,435.9,14.06,1.84,3,4,1
P00394,2025-08-31,30,417.5,13.92,1.2,5,4,1
P00394,2025-10-01,29,396.6,13.68,2.29,3,4,0
P00394,2025-10-31,24,311.9,13.0,0.2,4,4,2
P00394,2025-12-01,29,374.7,12.92,4.82,5,4,1
P00394,2025-12-31,27,351.9,13.03,2.67,8,4,2
P00394,2026-01-30,27,357.2,13.23,2.34,2,4,0
P00394,2026-03-02,30,378.4,12.61,6.0,5,4,2
P00394,2026-04-01,28,360.2,12.87,4.6,5,4,3
P00394,2026-05-02,30,395.8,13.19,3.93,4,4,1
P00394,2026-06-01,28,355.3,12.69,2.49,2,4,1
P00394,2026-07-02,27,355.6,13.17,3.87,5,4,0
P00394,2026-08-01,28,365.1,13.04,1.94,5,4,1
P00395,2024-08-31,28,400.7,14.31,0.97,5,4,3
P00395,2024-09-30,30,431.0,14.37,0.59,3,4,3
P00395,2024-10-31,28,405.9,14.5,0.48,2,4,3
P00395,2024-11-30,29,405.6,13.99,0.37,1,4,3
P00395,2024-12-31,27,362.2,13.41,1.61,5,4,2
P00395,2025-01-30,27,383.0,14.18,1.2,5,4,4
P00395,2025-03-02,31,418.7,13.51,0.24,7,4,2
P00395,2025-04-01,29,397.2,13.7,0.8,3,4,3
P00395,2025-05-01,30,377.3,12.58,1.99,2,4,3
P00395,2025-06-01,30,382.4,12.75,0.63,6,4,2
P00395,2025-07-01,27,338.5,12.54,1.31,2,4,3
P00395,2025-08-01,27,347.9,12.89,0.24,5,4,3
P00395,2025-08-31,29,384.7,13.26,0.2,12,4,4
P00395,2025-10-01,29,378.2,13.04,0.49,4,4,4
P00395,2025-10-31,27,354.4,13.13,1.06,4,4,4
P00395,2025-12-01,28,369.0,13.18,0.83,2,4,3
P00395,2025-12-31,29,389.5,13.43,0.3,5,4,4
P00395,2026-01-30,28,343.1,12.25,0.63,6,4,4
P00395,2026-03-02,29,359.2,12.38,0.38,7,4,4
P00395,2026-04-01,27,354.6,13.13,2.96,7,4,4
P00395,2026-05-02,27,355.5,13.17,0.7,5,4,4
P00395,2026-06-01,25,337.5,13.5,0.66,4,4,4
P00395,2026-07-02,26,343.6,13.21,0.49,6,4,3
P00395,2026-08-01,28,365.4,13.05,1.3,2,4,4
P00396,2024-08-31,31,280.2,9.04,0.97,4,4,2
P00396,2024-09-30,27,232.5,8.61,1.17,8,4,3
P00396,2024-10-31,31,262.6,8.47,2.63,6,4,2
P00396,2024-11-30,26,217.0,8.35,4.65,8,4,3
P00396,2024-12-31,28,252.3,9.01,0.99,8,4,2
P00396,2025-01-30,25,227.3,9.09,6.0,9,4,2
P00396,2025-03-02,31,295.6,9.54,2.79,7,4,3
P00396,2025-04-01,29,265.2,9.15,0.71,8,4,3
P00396,2025-05-01,30,267.5,8.92,1.01,3,4,2
P00396,2025-06-01,28,280.2,10.01,3.35,3,4,2
P00396,2025-07-01,29,246.6,8.51,5.19,5,4,2
P00396,2025-08-01,30,273.6,9.12,1.87,9,4,3
P00396,2025-08-31,28,250.8,8.96,4.45,6,4,2
P00396,2025-10-01,27,237.3,8.79,2.09,3,4,3
P00396,2025-10-31,28,272.6,9.74,3.22,5,4,0
P00396,2025-12-01,29,261.6,9.02,6.0,5,4,3
P00396,2025-12-31,29,273.3,9.42,5.02,7,4,1
P00396,2026-01-30,29,288.6,9.95,3.37,6,4,2
P00396,2026-03-02,31,318.1,10.26,2.89,7,4,1
P00396,2026-04-01,30,288.1,9.6,1.1,8,4,2
P00396,2026-05-02,30,277.8,9.26,1.28,7,4,3
P00396,2026-06-01,25,246.1,9.85,4.91,7,4,3
P00396,2026-07-02,29,281.6,9.71,3.91,7,4,3
P00396,2026-08-01,30,279.6,9.32,2.68,6,4,3
P00397,2024-08-31,27,357.0,13.22,4.87,2,4,1
P00397,2024-09-30,27,345.4,12.79,0.28,3,4,0
P00397,2024-10-31,27,343.4,12.72,2.35,5,4,1
P00397,2024-11-30,26,320.6,12.33,2.55,3,4,2
P00397,2024-12-31,31,404.6,13.05,1.56,2,4,1
P00397,2025-01-30,26,339.5,13.06,2.23,5,4,2
P00397,2025-03-02,26,350.9,13.49,1.75,7,4,0
P00397,2025-04-01,30,379.8,12.66,1.23,6,4,1
P00397,2025-05-01,29,372.4,12.84,1.0,4,4,0
P00397,2025-06-01,30,384.5,12.82,2.81,4,4,1
P00397,2025-07-01,29,383.9,13.24,0.2,6,4,0
P00397,2025-08-01,27,373.2,13.82,0.56,1,4,1
P00397,2025-08-31,29,390.5,13.47,1.16,2,4,0
P00397,2025-10-01,28,373.0,13.32,3.02,2,4,1
P00397,2025-10-31,28,362.2,12.94,0.29,3,4,1
P00397,2025-12-01,29,382.3,13.18,5.85,5,4,0
P00397,2025-12-31,26,335.8,12.92,1.16,6,4,0
P00397,2026-01-30,29,376.4,12.98,3.06,10,4,1
P00397,2026-03-02,28,361.9,12.92,3.08,5,4,3
P00397,2026-04-01,27,351.7,13.02,1.37,5,4,2
P00397,2026-05-02,27,346.5,12.83,3.31,4,4,2
P00397,2026-06-01,29,377.6,13.02,4.84,5,4,3
P00397,2026-07-02,24,296.8,12.37,4.41,6,4,0
P00397,2026-08-01,28,353.0,12.61,1.42,4,4,0
P00398,2024-08-31,28,356.4,12.73,1.78,2,4,0
P00398,2024-09-30,26,334.2,12.86,5.04,5,4,1
P00398,2024-10-31,31,405.2,13.07,1.66,5,4,1
P00398,2024-11-30,29,382.4,13.19,2.64,5,4,1
P00398,2024-12-31,27,351.3,13.01,1.48,6,4,0
P00398,2025-01-30,29,389.1,13.42,2.43,9,4,0
P00398,2025-03-02,27,361.3,13.38,1.77,3,4,1
P00398,2025-04-01,28,364.5,13.02,1.24,2,4,1
P00398,2025-05-01,28,360.0,12.86,4.68,8,4,0
P00398,2025-06-01,30,398.4,13.28,1.12,5,4,0
P00398,2025-07-01,29,399.1,13.76,4.09,4,4,1
P00398,2025-08-01,30,416.4,13.88,3.56,3,4,0
P00398,2025-08-31,27,363.6,13.47,5.0,7,4,1
P00398,2025-10-01,30,402.4,13.41,2.11,9,4,2
P00398,2025-10-31,29,399.8,13.78,0.74,3,4,1
P00398,2025-12-01,29,407.0,14.03,1.11,8,4,0
P00398,2025-12-31,29,385.4,13.29,5.67,6,4,2
P00398,2026-01-30,29,414.5,14.29,0.53,7,4,2
P00398,2026-03-02,24,334.1,13.92,3.41,3,4,0
P00398,2026-04-01,30,414.9,13.83,3.86,9,4,0
P00398,2026-05-02,30,413.6,13.79,4.4,6,4,0
P00398,2026-06-01,28,390.8,13.96,6.0,6,4,0
P00398,2026-07-02,28,399.3,14.26,0.44,1,4,0
P00398,2026-08-01,28,368.4,13.16,1.62,3,4,2
P00399,2024-08-31,31,307.4,9.92,1.07,8,4,3
P00399,2024-09-30,27,250.4,9.27,0.86,9,4,2
P00399,2024-10-31,30,286.2,9.54,2.72,9,4,1
P00399,2024-11-30,30,285.7,9.52,1.71,5,4,2
P00399,2024-12-31,31,289.7,9.34,3.34,3,4,3
P00399,2025-01-30,31,299.5,9.66,4.4,12,4,2
P00399,2025-03-02,29,277.5,9.57,0.52,6,4,2
P00399,2025-04-01,30,284.4,9.48,2.8,6,4,3
P00399,2025-05-01,31,274.4,8.85,6.0,8,4,3
P00399,2025-06-01,30,258.6,8.62,3.52,6,4,2
P00399,2025-07-01,28,271.7,9.7,6.0,7,4,1
P00399,2025-08-01,30,269.6,8.99,3.73,11,4,2
P00399,2025-08-31,29,244.2,8.42,3.52,9,4,4
P00399,2025-10-01,30,261.5,8.72,3.97,5,4,2
P00399,2025-10-31,31,266.5,8.6,1.84,8,4,2
P00399,2025-12-01,31,272.5,8.79,2.44,7,4,1
P00399,2025-12-31,28,258.9,9.25,4.46,7,4,2
P00399,2026-01-30,30,279.1,9.3,0.98,12,4,3
P00399,2026-03-02,31,292.9,9.45,1.04,19,4,4
P00399,2026-04-01,28,258.3,9.23,0.46,8,4,1
P00399,2026-05-02,27,245.9,9.11,1.8,8,4,3
P00399,2026-06-01,28,271.6,9.7,6.0,8,4,3
P00399,2026-07-02,31,293.2,9.46,0.55,5,4,2
P00399,2026-08-01,30,295.7,9.86,2.84,8,4,2
P00400,2024-08-31,29,373.7,12.89,0.86,6,4,2
P00400,2024-09-30,31,414.7,13.38,1.86,3,4,1
P00400,2024-10-31,30,429.2,14.31,1.48,11,4,0
P00400,2024-11-30,29,412.5,14.22,3.16,5,4,1
P00400,2024-12-31,27,379.3,14.05,1.66,12,4,2
P00400,2025-01-30,28,393.2,14.04,1.42,9,4,0
P00400,2025-03-02,29,403.3,13.91,3.35,10,4,0
P00400,2025-04-01,29,370.0,12.76,0.27,14,4,0
P00400,2025-05-01,31,414.6,13.38,4.49,5,4,0
P00400,2025-06-01,30,429.8,14.33,4.92,10,4,0
P00400,2025-07-01,27,380.7,14.1,2.28,6,4,1
P00400,2025-08-01,31,442.2,14.26,1.25,8,4,0
P00400,2025-08-31,27,371.3,13.75,4.67,4,4,0
P00400,2025-10-01,30,434.4,14.48,5.88,7,4,0
P00400,2025-10-31,31,453.0,14.61,5.26,3,4,3
P00400,2025-12-01,30,431.0,14.37,4.47,9,4,0
P00400,2025-12-31,30,417.4,13.91,4.31,4,4,0
P00400,2026-01-30,29,405.9,14.0,6.0,3,4,0
P00400,2026-03-02,26,358.4,13.79,0.72,7,4,2
P00400,2026-04-01,30,411.6,13.72,0.77,9,4,1
P00400,2026-05-02,30,406.4,13.55,6.0,6,4,1
P00400,2026-06-01,31,428.5,13.82,4.06,5,4,1
P00400,2026-07-02,30,435.6,14.52,4.75,7,4,1
P00400,2026-08-01,31,433.5,13.98,1.0,8,4,0
P00401,2024-08-31,27,239.3,8.86,4.98,7,4,3
P00401,2024-09-30,31,310.4,10.01,1.9,8,4,2
P00401,2024-10-31,30,297.0,9.9,0.23,7,4,2
P00401,2024-11-30,30,285.3,9.51,3.46,7,4,4
P00401,2024-12-31,30,277.3,9.24,1.89,4,4,1
P00401,2025-01-30,25,246.5,9.86,6.0,5,4,1
P00401,2025-03-02,27,277.5,10.28,2.13,5,4,1
P00401,2025-04-01,31,315.5,10.18,3.18,9,4,1
P00401,2025-05-01,31,283.0,9.13,4.04,5,4,3
P00401,2025-06-01,30,305.9,10.2,3.11,5,4,3
P00401,2025-07-01,30,285.4,9.51,1.34,9,4,2
P00401,2025-08-01,29,255.6,8.81,5.3,8,4,3
P00401,2025-08-31,27,254.3,9.42,3.76,8,4,2
P00401,2025-10-01,29,279.1,9.62,0.75,7,4,2
P00401,2025-10-31,27,238.0,8.81,2.01,10,4,2
P00401,2025-12-01,30,284.9,9.5,1.98,9,4,0
P00401,2025-12-31,30,308.5,10.28,1.36,6,4,2
P00401,2026-01-30,28,261.5,9.34,0.2,7,4,2
P00401,2026-03-02,28,261.7,9.35,3.94,6,4,4
P00401,2026-04-01,31,316.8,10.22,0.2,6,4,3
P00401,2026-05-02,28,278.4,9.94,2.28,13,4,3
P00401,2026-06-01,27,246.5,9.13,1.74,3,4,2
P00401,2026-07-02,31,273.5,8.82,1.55,10,4,2
P00401,2026-08-01,28,271.2,9.69,4.69,3,4,2
P00402,2024-08-31,30,409.6,13.65,6.0,9,4,2
P00402,2024-09-30,27,349.1,12.93,0.2,9,4,3
P00402,2024-10-31,29,396.7,13.68,1.65,3,4,0
P00402,2024-11-30,28,354.5,12.66,1.89,8,4,2
P00402,2024-12-31,29,364.4,12.57,1.39,9,4,0
P00402,2025-01-30,28,362.6,12.95,1.75,8,4,0
P00402,2025-03-02,31,396.5,12.79,4.57,7,4,2
P00402,2025-04-01,31,399.8,12.9,0.6,6,4,0
P00402,2025-05-01,30,376.6,12.55,1.1,7,4,1
P00402,2025-06-01,27,333.8,12.36,3.05,6,4,2
P00402,2025-07-01,27,354.9,13.14,4.62,3,4,1
P00402,2025-08-01,27,338.6,12.54,3.01,12,4,3
P00402,2025-08-31,30,375.5,12.52,1.72,9,4,0
P00402,2025-10-01,30,370.6,12.35,3.29,6,4,1
P00402,2025-10-31,27,349.0,12.93,5.95,6,4,1
P00402,2025-12-01,31,385.7,12.44,3.35,1,4,0
P00402,2025-12-31,29,375.5,12.95,6.0,4,4,0
P00402,2026-01-30,30,402.5,13.42,3.79,2,4,3
P00402,2026-03-02,31,398.5,12.86,6.0,13,4,1
P00402,2026-04-01,31,400.7,12.93,1.66,4,4,1
P00402,2026-05-02,31,412.2,13.3,1.91,10,4,3
P00402,2026-06-01,28,346.7,12.38,1.34,5,4,1
P00402,2026-07-02,31,373.1,12.04,2.26,11,4,1
P00402,2026-08-01,25,308.7,12.35,5.69,6,4,1
P00403,2024-08-31,31,410.1,13.23,0.44,9,4,0
P00403,2024-09-30,30,425.3,14.18,2.04,8,4,0
P00403,2024-10-31,29,400.1,13.8,3.8,7,4,0
P00403,2024-11-30,30,424.3,14.14,3.84,4,4,0
P00403,2024-12-31,29,406.4,14.01,2.05,3,4,1
P00403,2025-01-30,30,430.9,14.36,1.09,6,4,2
P00403,2025-03-02,30,438.2,14.61,1.96,9,4,0
P00403,2025-04-01,28,408.4,14.59,1.34,7,4,0
P00403,2025-05-01,28,424.5,15.16,4.75,8,4,0
P00403,2025-06-01,28,423.6,15.13,3.78,8,4,0
P00403,2025-07-01,29,427.9,14.75,3.24,9,4,2
P00403,2025-08-01,30,432.8,14.43,1.98,7,4,1
P00403,2025-08-31,29,415.1,14.31,1.88,11,4,2
P00403,2025-10-01,31,434.3,14.01,2.83,7,4,1
P00403,2025-10-31,30,454.6,15.15,4.05,9,4,1
P00403,2025-12-01,28,410.6,14.67,0.96,7,4,1
P00403,2025-12-31,28,414.1,14.79,6.0,8,4,0
P00403,2026-01-30,30,441.7,14.72,0.53,4,4,2
P00403,2026-03-02,29,439.8,15.17,1.9,16,4,1
P00403,2026-04-01,31,464.5,14.98,1.59,9,4,1
P00403,2026-05-02,27,400.6,14.84,3.24,6,4,0
P00403,2026-06-01,28,412.5,14.73,1.92,4,4,0
P00403,2026-07-02,31,441.0,14.23,1.81,3,4,0
P00403,2026-08-01,29,423.0,14.59,2.62,9,4,0
P00404,2024-08-31,29,233.8,8.06,4.5,6,4,3
P00404,2024-09-30,29,267.5,9.22,1.42,8,4,3
P00404,2024-10-31,29,244.5,8.43,1.05,4,4,4
P00404,2024-11-30,26,237.3,9.13,0.44,7,4,2
P00404,2024-12-31,30,279.3,9.31,2.19,5,4,2
P00404,2025-01-30,29,245.6,8.47,3.23,4,4,1
P00404,2025-03-02,30,272.6,9.09,1.72,8,4,2
P00404,2025-04-01,29,273.7,9.44,0.98,5,4,2
P00404,2025-05-01,29,264.7,9.13,6.0,4,4,3
P00404,2025-06-01,28,255.6,9.13,1.7,7,4,1
P00404,2025-07-01,26,235.1,9.04,1.62,5,4,3
P00404,2025-08-01,27,246.0,9.11,3.29,6,4,2
P00404,2025-08-31,26,223.9,8.61,1.45,3,4,3
P00404,2025-10-01,30,267.9,8.93,2.95,4,4,3
P00404,2025-10-31,29,238.7,8.23,3.24,7,4,4
P00404,2025-12-01,28,256.4,9.16,1.78,7,4,3
P00404,2025-12-31,30,260.3,8.68,2.61,7,4,2
P00404,2026-01-30,26,243.1,9.35,1.38,4,4,2
P00404,2026-03-02,29,263.6,9.09,1.37,5,4,3
P00404,2026-04-01,29,263.8,9.09,3.69,8,4,2
P00404,2026-05-02,29,254.4,8.77,1.69,2,4,3
P00404,2026-06-01,28,247.2,8.83,4.99,4,4,2
P00404,2026-07-02,30,249.9,8.33,3.83,4,4,4
P00404,2026-08-01,27,231.0,8.55,2.1,4,4,3
P00405,2024-08-31,28,347.8,12.42,1.29,7,4,1
P00405,2024-09-30,27,347.5,12.87,1.87,6,4,0
P00405,2024-10-31,28,349.4,12.48,4.16,1,4,0
P00405,2024-11-30,29,372.8,12.86,2.6,4,4,2
P00405,2024-12-31,28,372.5,13.3,0.43,3,4,1
P00405,2025-01-30,27,320.5,11.87,1.29,2,4,1
P00405,2025-03-02,27,356.0,13.19,2.52,5,4,0
P00405,2025-04-01,25,307.1,12.28,3.02,2,4,1
P00405,2025-05-01,28,358.1,12.79,3.99,2,4,1
P00405,2025-06-01,28,373.1,13.33,0.23,4,4,2
P00405,2025-07-01,24,300.8,12.53,2.65,7,4,4
P00405,2025-08-01,26,338.4,13.02,2.3,3,4,1
P00405,2025-08-31,24,312.1,13.0,1.75,6,4,0
P00405,2025-10-01,27,332.0,12.3,2.0,7,4,0
P00405,2025-10-31,28,365.9,13.07,1.14,4,4,0
P00405,2025-12-01,28,361.1,12.9,2.5,3,4,0
P00405,2025-12-31,29,365.8,12.61,0.6,2,4,0
P00405,2026-01-30,25,306.8,12.27,1.02,3,4,0
P00405,2026-03-02,27,339.3,12.57,2.64,3,4,0
P00405,2026-04-01,27,343.6,12.73,2.35,2,4,1
P00405,2026-05-02,28,362.1,12.93,2.84,4,4,1
P00405,2026-06-01,28,368.2,13.15,1.71,7,4,0
P00405,2026-07-02,26,339.1,13.04,1.16,5,4,2
P00405,2026-08-01,25,343.2,13.73,4.69,3,4,1
P00406,2024-08-31,31,415.0,13.39,1.6,2,4,1
P00406,2024-09-30,31,420.4,13.56,3.75,4,4,0
P00406,2024-10-31,29,391.5,13.5,1.44,8,4,1
P00406,2024-11-30,31,394.7,12.73,0.9,14,4,0
P00406,2024-12-31,28,346.8,12.39,2.31,3,4,1
P00406,2025-01-30,27,346.5,12.83,4.18,5,4,0
P00406,2025-03-02,28,382.6,13.66,1.26,8,4,1
P00406,2025-04-01,31,417.8,13.48,1.18,8,4,2
P00406,2025-05-01,31,407.2,13.13,1.83,7,4,0
P00406,2025-06-01,31,397.4,12.82,0.83,9,4,1
P00406,2025-07-01,28,368.9,13.18,1.65,7,4,0
P00406,2025-08-01,28,357.3,12.76,2.2,5,4,0
P00406,2025-08-31,31,404.6,13.05,2.13,3,4,1
P00406,2025-10-01,31,392.2,12.65,3.03,4,4,1
P00406,2025-10-31,31,378.7,12.21,2.43,4,4,1
P00406,2025-12-01,30,394.3,13.14,1.15,3,4,1
P00406,2025-12-31,28,377.7,13.49,2.11,2,4,0
P00406,2026-01-30,30,412.5,13.75,5.2,5,4,1
P00406,2026-03-02,27,341.5,12.65,6.0,9,4,0
P00406,2026-04-01,31,414.2,13.36,6.0,10,4,1
P00406,2026-05-02,30,396.2,13.21,4.52,7,4,2
P00406,2026-06-01,29,417.7,14.4,6.0,6,4,0
P00406,2026-07-02,31,414.6,13.37,1.78,8,4,0
P00406,2026-08-01,31,411.8,13.28,3.34,5,4,3
P00407,2024-08-31,28,379.4,13.55,0.46,5,4,0
P00407,2024-09-30,30,399.0,13.3,1.92,6,4,0
P00407,2024-10-31,28,381.5,13.63,2.85,5,4,1
P00407,2024-11-30,27,371.1,13.74,6.0,4,4,1
P00407,2024-12-31,30,409.1,13.64,1.99,3,4,1
P00407,2025-01-30,29,383.7,13.23,0.78,8,4,0
P00407,2025-03-02,31,425.1,13.71,3.7,13,4,1
P00407,2025-04-01,31,403.1,13.0,4.19,8,4,1
P00407,2025-05-01,27,382.9,14.18,1.31,8,4,1
P00407,2025-06-01,30,382.3,12.74,3.56,5,4,1
P00407,2025-07-01,29,389.9,13.44,1.02,9,4,1
P00407,2025-08-01,31,417.5,13.47,1.85,10,4,0
P00407,2025-08-31,29,361.5,12.46,1.45,7,4,1
P00407,2025-10-01,28,370.3,13.23,4.62,2,4,1
P00407,2025-10-31,27,354.7,13.14,1.97,6,4,0
P00407,2025-12-01,26,354.7,13.64,3.68,12,4,1
P00407,2025-12-31,25,333.2,13.33,0.53,11,4,0
P00407,2026-01-30,29,395.9,13.65,1.53,4,4,0
P00407,2026-03-02,29,397.8,13.72,3.46,11,4,0
P00407,2026-04-01,29,402.5,13.88,2.07,4,4,1
P00407,2026-05-02,29,402.9,13.89,1.42,13,4,2
P00407,2026-06-01,28,382.1,13.65,2.44,10,4,1
P00407,2026-07-02,29,408.8,14.1,0.57,9,4,1
P00407,2026-08-01,29,394.0,13.59,5.38,8,4,0
P00408,2024-08-31,26,341.2,13.12,0.44,5,4,2
P00408,2024-09-30,28,379.3,13.55,0.89,6,4,2
P00408,2024-10-31,27,357.5,13.24,0.95,8,4,1
P00408,2024-11-30,28,373.6,13.34,1.16,12,4,2
P00408,2024-12-31,26,347.5,13.36,0.28,4,4,1
P00408,2025-01-30,30,396.7,13.22,5.0,3,4,1
P00408,2025-03-02,28,374.1,13.36,1.97,6,4,1
P00408,2025-04-01,27,352.7,13.06,0.91,9,4,2
P00408,2025-05-01,29,389.0,13.41,0.96,9,4,0
P00408,2025-06-01,24,316.9,13.2,4.54,3,4,1
P00408,2025-07-01,27,353.0,13.07,1.36,7,4,2
P00408,2025-08-01,29,398.3,13.73,2.65,4,4,0
P00408,2025-08-31,28,379.2,13.54,1.22,2,4,1
P00408,2025-10-01,31,402.4,12.98,0.35,7,4,0
P00408,2025-10-31,28,360.6,12.88,2.39,4,4,2
P00408,2025-12-01,28,359.1,12.83,4.41,7,4,0
P00408,2025-12-31,30,388.2,12.94,6.0,2,4,0
P00408,2026-01-30,29,378.9,13.07,0.7,3,4,1
P00408,2026-03-02,29,355.5,12.26,0.2,7,4,2
P00408,2026-04-01,29,390.0,13.45,1.14,6,4,3
P00408,2026-05-02,23,288.6,12.55,4.29,5,4,1
P00408,2026-06-01,30,346.5,11.55,1.46,5,4,2
P00408,2026-07-02,29,344.5,11.88,2.34,5,4,1
P00408,2026-08-01,28,336.2,12.01,1.06,4,4,0
P00409,2024-08-31,27,372.3,13.79,1.74,6,4,1
P00409,2024-09-30,29,382.0,13.17,2.16,5,4,2
P00409,2024-10-31,29,394.4,13.6,2.77,5,4,2
P00409,2024-11-30,28,362.6,12.95,2.06,7,4,0
P00409,2024-12-31,28,362.5,12.95,5.04,6,4,3
P00409,2025-01-30,28,361.7,12.92,2.58,4,4,2
P00409,2025-03-02,28,364.6,13.02,3.77,5,4,0
P00409,2025-04-01,28,368.6,13.17,2.06,5,4,0
P00409,2025-05-01,30,377.8,12.59,2.97,7,4,1
P00409,2025-06-01,30,407.7,13.59,1.22,8,4,0
P00409,2025-07-01,28,368.9,13.17,2.62,5,4,2
P00409,2025-08-01,28,358.8,12.82,1.4,2,4,2
P00409,2025-08-31,30,370.6,12.35,0.79,6,4,1
P00409,2025-10-01,31,388.2,12.52,1.53,6,4,1
P00409,2025-10-31,30,378.6,12.62,2.17,7,4,0
P00409,2025-12-01,28,370.6,13.23,3.02,3,4,1
P00409,2025-12-31,31,386.7,12.47,3.69,4,4,0
P00409,2026-01-30,29,369.5,12.74,1.35,4,4,2
P00409,2026-03-02,30,394.0,13.13,2.42,5,4,1
P00409,2026-04-01,30,395.7,13.19,3.87,11,4,1
P00409,2026-05-02,26,360.3,13.86,1.43,9,4,0
P00409,2026-06-01,26,357.9,13.77,5.44,5,4,1
P00409,2026-07-02,29,403.3,13.91,1.44,3,4,1
P00409,2026-08-01,29,387.3,13.35,0.39,9,4,0
P00410,2024-08-31,29,370.7,12.78,1.04,2,4,0
P00410,2024-09-30,29,356.8,12.3,3.94,2,4,0
P00410,2024-10-31,28,356.6,12.74,2.25,6,4,0
P00410,2024-11-30,28,349.9,12.5,3.85,2,4,1
P00410,2024-12-31,29,370.7,12.78,0.21,2,4,1
P00410,2025-01-30,26,329.6,12.68,2.63,5,4,1
P00410,2025-03-02,26,341.0,13.11,0.2,6,4,1
P00410,2025-04-01,29,377.9,13.03,0.96,7,4,1
P00410,2025-05-01,26,328.5,12.63,3.87,3,4,0
P00410,2025-06-01,28,360.5,12.87,2.03,5,4,0
P00410,2025-07-01,27,352.7,13.06,3.96,6,4,0
P00410,2025-08-01,26,321.6,12.37,1.33,6,4,0
P00410,2025-08-31,31,393.4,12.69,0.51,8,4,0
P00410,2025-10-01,29,359.1,12.38,0.74,1,4,0
P00410,2025-10-31,27,344.4,12.76,2.11,1,4,2
P00410,2025-12-01,29,352.0,12.14,1.57,7,4,0
P00410,2025-12-31,27,298.8,11.07,0.75,5,4,0
P00410,2026-01-30,27,318.8,11.81,0.25,3,4,0
P00410,2026-03-02,28,337.5,12.05,0.62,8,4,1
P00410,2026-04-01,29,339.9,11.72,4.03,2,4,1
P00410,2026-05-02,31,365.0,11.77,3.09,7,4,2
P00410,2026-06-01,27,337.7,12.51,2.07,3,4,0
P00410,2026-07-02,27,317.4,11.75,0.46,6,4,1
P00410,2026-08-01,30,350.2,11.67,0.85,6,4,1
P00411,2024-08-31,28,362.4,12.94,1.42,7,4,4
P00411,2024-09-30,27,368.8,13.66,2.13,7,4,2
P00411,2024-10-31,31,414.6,13.38,3.38,6,4,1
P00411,2024-11-30,29,386.9,13.34,2.09,7,4,3
P00411,2024-12-31,29,386.4,13.32,3.21,3,4,2
P00411,2025-01-30,28,344.5,12.3,4.9,8,4,1
P00411,2025-03-02,28,356.2,12.72,2.88,7,4,3
P00411,2025-04-01,30,386.9,12.9,4.64,9,4,2
P00411,2025-05-01,26,344.0,13.23,1.63,5,4,2
P00411,2025-06-01,31,404.9,13.06,1.28,5,4,2
P00411,2025-07-01,27,368.0,13.63,2.18,4,4,3
P00411,2025-08-01,29,384.2,13.25,2.43,6,4,2
P00411,2025-08-31,28,391.7,13.99,1.02,7,4,2
P00411,2025-10-01,28,370.1,13.22,2.64,4,4,1
P00411,2025-10-31,27,346.8,12.85,0.48,5,4,1
P00411,2025-12-01,29,379.6,13.09,2.17,11,4,1
P00411,2025-12-31,27,356.7,13.21,3.76,2,4,4
P00411,2026-01-30,29,407.4,14.05,2.75,6,4,3
P00411,2026-03-02,29,396.9,13.68,0.36,7,4,2
P00411,2026-04-01,26,352.9,13.57,5.83,7,4,2
P00411,2026-05-02,24,315.4,13.14,1.26,4,4,2
P00411,2026-06-01,29,390.2,13.46,2.51,7,4,2
P00411,2026-07-02,29,389.3,13.42,1.87,5,4,2
P00411,2026-08-01,30,399.7,13.32,1.44,6,4,2
P00412,2024-08-31,26,231.8,8.91,2.43,8,4,2
P00412,2024-09-30,28,248.4,8.87,1.51,4,4,1
P00412,2024-10-31,29,231.4,7.98,3.44,7,4,2
P00412,2024-11-30,28,236.7,8.45,0.93,8,4,2
P00412,2024-12-31,30,252.0,8.4,0.98,6,4,4
P00412,2025-01-30,27,235.2,8.71,1.22,7,4,3
P00412,2025-03-02,29,224.3,7.74,2.15,6,4,2
P00412,2025-04-01,30,270.7,9.02,1.98,6,4,3
P00412,2025-05-01,30,247.6,8.25,2.3,7,4,2
P00412,2025-06-01,27,234.8,8.7,2.08,6,4,2
P00412,2025-07-01,27,227.6,8.43,3.83,4,4,2
P00412,2025-08-01,31,300.2,9.68,3.98,7,4,3
P00412,2025-08-31,26,247.2,9.51,3.3,7,4,2
P00412,2025-10-01,29,246.6,8.5,0.8,6,4,4
P00412,2025-10-31,28,234.5,8.37,3.67,9,4,1
P00412,2025-12-01,29,254.8,8.79,2.31,5,4,2
P00412,2025-12-31,30,272.2,9.07,5.0,3,4,2
P00412,2026-01-30,28,275.1,9.83,1.39,6,4,2
P00412,2026-03-02,28,258.8,9.24,3.14,5,4,3
P00412,2026-04-01,29,277.0,9.55,2.8,2,4,3
P00412,2026-05-02,26,219.5,8.44,3.09,10,4,2
P00412,2026-06-01,30,273.2,9.11,1.26,5,4,2
P00412,2026-07-02,31,275.6,8.89,1.24,11,4,2
P00412,2026-08-01,28,251.4,8.98,2.29,11,4,3
P00413,2024-08-31,30,396.2,13.21,0.72,5,4,1
P00413,2024-09-30,26,345.1,13.27,3.64,10,4,2
P00413,2024-10-31,28,360.4,12.87,2.38,3,4,0
P00413,2024-11-30,27,369.0,13.67,1.35,6,4,0
P00413,2024-12-31,27,360.3,13.34,5.82,6,4,1
P00413,2025-01-30,30,424.2,14.14,1.26,3,4,2
P00413,2025-03-02,29,404.1,13.94,1.59,5,4,0
P00413,2025-04-01,27,360.4,13.35,1.42,4,4,2
P00413,2025-05-01,30,391.4,13.05,0.88,13,4,1
P00413,2025-06-01,30,424.6,14.15,1.36,6,4,1
P00413,2025-07-01,29,386.1,13.31,3.42,7,4,1
P00413,2025-08-01,29,380.9,13.14,0.24,3,4,0
P00413,2025-08-31,30,411.2,13.71,0.91,4,4,1
P00413,2025-10-01,29,375.9,12.96,3.29,9,4,1
P00413,2025-10-31,27,369.4,13.68,0.65,7,4,0
P00413,2025-12-01,27,357.4,13.24,0.57,6,4,1
P00413,2025-12-31,30,400.0,13.33,1.78,2,4,1
P00413,2026-01-30,28,385.1,13.75,1.09,5,4,1
P00413,2026-03-02,30,403.2,13.44,1.39,7,4,1
P00413,2026-04-01,28,396.3,14.15,1.25,4,4,0
P00413,2026-05-02,28,388.5,13.87,2.27,5,4,1
P00413,2026-06-01,26,339.1,13.04,3.94,4,4,1
P00413,2026-07-02,29,391.2,13.49,0.93,5,4,2
P00413,2026-08-01,29,370.8,12.79,2.42,3,4,1
P00414,2024-08-31,29,255.4,8.81,3.74,4,4,4
P00414,2024-09-30,28,246.9,8.82,0.72,10,4,3
P00414,2024-10-31,27,237.5,8.79,1.23,6,4,3
P00414,2024-11-30,31,290.5,9.37,4.64,4,4,1
P00414,2024-12-31,26,252.9,9.73,1.56,4,4,2
P00414,2025-01-30,28,245.0,8.75,3.07,9,4,3
P00414,2025-03-02,28,248.6,8.88,2.14,6,4,3
P00414,2025-04-01,28,245.7,8.78,1.29,2,4,2
P00414,2025-05-01,30,267.1,8.9,1.49,7,4,2
P00414,2025-06-01,26,233.0,8.96,2.31,5,4,2
P00414,2025-07-01,30,263.5,8.78,2.4,7,4,4
P00414,2025-08-01,27,243.8,9.03,2.89,7,4,4
P00414,2025-08-31,29,251.9,8.69,1.24,8,4,3
P00414,2025-10-01,29,249.6,8.61,5.46,6,4,2
P00414,2025-10-31,29,266.3,9.18,1.51,5,4,3
P00414,2025-12-01,29,253.3,8.74,3.56,3,4,2
P00414,2025-12-31,26,239.7,9.22,4.31,10,4,1
P00414,2026-01-30,29,263.3,9.08,5.89,7,4,3
P00414,2026-03-02,29,258.3,8.91,6.0,6,4,2
P00414,2026-04-01,31,291.5,9.4,3.14,8,4,2
P00414,2026-05-02,27,228.7,8.47,0.67,7,4,2
P00414,2026-06-01,29,263.0,9.07,2.22,4,4,3
P00414,2026-07-02,28,265.6,9.49,1.22,4,4,2
P00414,2026-08-01,30,283.6,9.45,2.42,9,4,3
P00415,2024-08-31,29,256.5,8.84,2.99,10,4,2
P00415,2024-09-30,27,255.0,9.44,2.25,7,4,3
P00415,2024-10-31,28,248.3,8.87,0.49,8,4,3
P00415,2024-11-30,31,279.3,9.01,1.98,11,4,2
P00415,2024-12-31,31,276.4,8.92,1.43,6,4,0
P00415,2025-01-30,31,261.5,8.44,3.68,4,4,2
P00415,2025-03-02,28,234.8,8.39,1.56,6,4,1
P00415,2025-04-01,30,260.8,8.69,1.77,7,4,2
P00415,2025-05-01,27,225.5,8.35,6.0,6,4,4
P00415,2025-06-01,29,257.4,8.88,2.15,4,4,2
P00415,2025-07-01,28,230.4,8.23,1.59,6,4,0
P00415,2025-08-01,28,256.6,9.17,6.0,2,4,0
P00415,2025-08-31,27,237.7,8.8,3.24,5,4,2
P00415,2025-10-01,28,267.8,9.57,1.42,9,4,3
P00415,2025-10-31,30,260.6,8.69,1.84,7,4,2
P00415,2025-12-01,31,286.6,9.25,0.59,4,4,2
P00415,2025-12-31,29,268.7,9.27,5.94,4,4,4
P00415,2026-01-30,29,282.7,9.75,1.5,11,4,1
P00415,2026-03-02,31,272.8,8.8,4.71,7,4,3
P00415,2026-04-01,27,271.6,10.06,1.2,4,4,2
P00415,2026-05-02,31,304.2,9.81,4.95,7,4,1
P00415,2026-06-01,29,265.8,9.16,2.09,6,4,4
P00415,2026-07-02,31,293.6,9.47,5.39,8,4,2
P00415,2026-08-01,27,283.0,10.48,1.1,15,4,4
P00416,2024-08-31,27,315.1,11.67,0.2,5,4,0
P00416,2024-09-30,25,309.5,12.38,1.81,0,4,1
P00416,2024-10-31,28,365.1,13.04,2.51,3,4,0
P00416,2024-11-30,25,314.4,12.58,3.12,2,4,1
P00416,2024-12-31,26,330.9,12.73,1.13,4,4,0
P00416,2025-01-30,27,342.7,12.69,0.67,5,4,2
P00416,2025-03-02,27,345.0,12.78,0.79,7,4,1
P00416,2025-04-01,25,339.5,13.58,3.8,2,4,2
P00416,2025-05-01,29,385.5,13.29,2.93,4,4,0
P00416,2025-06-01,29,393.9,13.58,2.74,2,4,1
P00416,2025-07-01,26,335.7,12.91,0.27,3,4,0
P00416,2025-08-01,25,326.2,13.05,3.49,3,4,2
P00416,2025-08-31,28,382.9,13.67,0.53,7,4,2
P00416,2025-10-01,29,384.4,13.25,0.86,1,4,1
P00416,2025-10-31,25,349.0,13.96,4.07,3,4,0
P00416,2025-12-01,24,341.9,14.24,0.91,3,4,1
P00416,2025-12-31,28,385.0,13.75,1.78,6,4,1
P00416,2026-01-30,27,385.3,14.27,0.45,0,4,1
P00416,2026-03-02,30,410.4,13.68,1.9,4,4,1
P00416,2026-04-01,26,359.8,13.84,0.68,1,4,3
P00416,2026-05-02,28,398.0,14.22,0.68,8,4,1
P00416,2026-06-01,27,379.2,14.05,3.63,5,4,0
P00416,2026-07-02,26,348.8,13.42,1.84,2,4,2
P00416,2026-08-01,28,405.6,14.48,3.12,3,4,1
P00417,2024-08-31,27,372.5,13.79,4.89,5,4,3
P00417,2024-09-30,27,373.0,13.81,4.23,6,4,1
P00417,2024-10-31,28,361.8,12.92,2.22,7,4,0
P00417,2024-11-30,27,339.7,12.58,6.0,4,4,1
P00417,2024-12-31,28,369.9,13.21,2.39,5,4,0
P00417,2025-01-30,29,389.1,13.42,1.48,11,4,2
P00417,2025-03-02,28,380.6,13.59,2.61,7,4,0
P00417,2025-04-01,27,348.9,12.92,0.5,10,4,0
P00417,2025-05-01,31,404.0,13.03,0.33,3,4,0
P00417,2025-06-01,29,412.1,14.21,3.72,7,4,1
P00417,2025-07-01,31,403.9,13.03,3.72,13,4,1
P00417,2025-08-01,29,386.9,13.34,2.05,10,4,1
P00417,2025-08-31,28,369.3,13.19,2.29,6,4,0
P00417,2025-10-01,27,344.9,12.77,2.27,7,4,0
P00417,2025-10-31,26,342.2,13.16,1.02,7,4,2
P00417,2025-12-01,29,406.9,14.03,0.83,6,4,0
P00417,2025-12-31,30,413.4,13.78,3.97,8,4,0
P00417,2026-01-30,28,394.5,14.09,1.57,3,4,2
P00417,2026-03-02,28,376.7,13.46,5.2,11,4,1
P00417,2026-04-01,30,414.9,13.83,4.75,4,4,0
P00417,2026-05-02,31,423.6,13.67,1.48,5,4,1
P00417,2026-06-01,28,381.3,13.62,4.4,8,4,0
P00417,2026-07-02,29,364.0,12.55,2.62,4,4,0
P00417,2026-08-01,31,393.9,12.7,2.97,7,4,2
P00418,2024-08-31,26,339.1,13.04,0.91,6,4,1
P00418,2024-09-30,29,378.7,13.06,2.69,5,4,1
P00418,2024-10-31,28,373.3,13.33,0.5,9,4,1
P00418,2024-11-30,30,393.8,13.13,2.38,3,4,0
P00418,2024-12-31,28,386.4,13.8,2.03,8,4,0
P00418,2025-01-30,29,381.9,13.17,1.9,3,4,0
P00418,2025-03-02,27,361.5,13.39,1.51,6,4,0
P00418,2025-04-01,30,397.8,13.26,0.33,3,4,1
P00418,2025-05-01,29,378.8,13.06,1.72,7,4,1
P00418,2025-06-01,28,358.6,12.81,2.02,6,4,0
P00418,2025-07-01,28,354.4,12.66,4.75,5,4,0
P00418,2025-08-01,29,380.3,13.11,0.65,6,4,0
P00418,2025-08-31,28,350.0,12.5,5.35,3,4,0
P00418,2025-10-01,26,318.3,12.24,1.14,7,4,0
P00418,2025-10-31,28,347.9,12.42,2.01,7,4,0
P00418,2025-12-01,28,346.5,12.38,3.23,5,4,0
P00418,2025-12-31,28,323.3,11.55,3.96,4,4,0
P00418,2026-01-30,28,332.2,11.87,2.68,2,4,1
P00418,2026-03-02,29,351.2,12.11,2.2,6,4,0
P00418,2026-04-01,28,320.7,11.45,2.59,4,4,0
P00418,2026-05-02,26,318.9,12.27,2.35,7,4,1
P00418,2026-06-01,30,365.7,12.19,1.18,4,4,0
P00418,2026-07-02,29,342.4,11.81,3.04,7,4,1
P00418,2026-08-01,30,354.1,11.8,1.36,3,4,0
P00419,2024-08-31,31,427.3,13.78,0.65,13,4,0
P00419,2024-09-30,30,411.7,13.72,4.4,6,4,1
P00419,2024-10-31,28,368.7,13.17,2.64,7,4,0
P00419,2024-11-30,29,352.8,12.17,1.89,5,4,0
P00419,2024-12-31,29,359.9,12.41,2.51,4,4,0
P00419,2025-01-30,29,368.1,12.69,0.2,8,4,2
P00419,2025-03-02,31,411.9,13.29,3.32,6,4,1
P00419,2025-04-01,30,391.2,13.04,2.78,5,4,1
P00419,2025-05-01,26,325.4,12.51,0.71,7,4,0
P00419,2025-06-01,31,404.0,13.03,3.98,6,4,0
P00419,2025-07-01,27,327.0,12.11,6.0,8,4,0
P00419,2025-08-01,29,346.7,11.96,3.57,2,4,0
P00419,2025-08-31,30,360.1,12.0,4.79,8,4,1
P00419,2025-10-01,30,360.2,12.01,0.2,5,4,2
P00419,2025-10-31,29,370.7,12.78,2.58,5,4,0
P00419,2025-12-01,30,366.5,12.22,3.96,6,4,1
P00419,2025-12-31,27,324.3,12.01,6.0,5,4,0
P00419,2026-01-30,29,361.4,12.46,1.74,5,4,3
P00419,2026-03-02,26,329.3,12.66,0.23,8,4,0
P00419,2026-04-01,27,349.6,12.95,1.61,8,4,1
P00419,2026-05-02,30,399.4,13.31,0.78,9,4,1
P00419,2026-06-01,27,360.8,13.36,3.09,5,4,0
P00419,2026-07-02,26,353.6,13.6,4.02,7,4,0
P00419,2026-08-01,29,371.1,12.8,2.41,7,4,1
P00420,2024-08-31,31,403.2,13.01,0.2,2,4,1
P00420,2024-09-30,27,305.4,11.31,1.05,6,4,1
P00420,2024-10-31,25,308.1,12.32,0.44,1,4,1
P00420,2024-11-30,29,358.5,12.36,2.78,7,4,1
P00420,2024-12-31,28,328.6,11.74,1.65,4,4,0
P00420,2025-01-30,29,368.1,12.69,1.79,4,4,1
P00420,2025-03-02,29,379.1,13.07,1.89,4,4,1
P00420,2025-04-01,30,392.5,13.08,0.52,6,4,0
P00420,2025-05-01,28,335.1,11.97,0.72,5,4,1
P00420,2025-06-01,28,369.0,13.18,1.74,3,4,2
P00420,2025-07-01,24,307.3,12.8,1.66,4,4,1
P00420,2025-08-01,28,364.1,13.0,0.81,5,4,1
P00420,2025-08-31,29,369.3,12.73,1.88,5,4,2
P00420,2025-10-01,30,397.0,13.23,1.68,8,4,1
P00420,2025-10-31,25,328.8,13.15,2.73,7,4,2
P00420,2025-12-01,26,347.5,13.36,4.28,7,4,1
P00420,2025-12-31,28,383.1,13.68,3.2,3,4,1
P00420,2026-01-30,28,362.9,12.96,1.05,3,4,0
P00420,2026-03-02,28,365.5,13.06,1.3,2,4,2
P00420,2026-04-01,27,336.7,12.47,0.64,4,4,1
P00420,2026-05-02,29,342.5,11.81,5.54,4,4,2
P00420,2026-06-01,28,334.9,11.96,3.17,2,4,0
P00420,2026-07-02,26,310.1,11.93,5.49,5,4,1
P00420,2026-08-01,28,336.5,12.02,3.03,6,4,2
P00421,2024-08-31,30,418.1,13.94,1.13,9,4,0
P00421,2024-09-30,28,377.9,13.5,3.95,5,4,1
P00421,2024-10-31,28,381.0,13.61,5.15,7,4,1
P00421,2024-11-30,29,391.3,13.49,3.35,7,4,1
P00421,2024-12-31,28,390.2,13.93,0.83,5,4,0
P00421,2025-01-30,27,344.9,12.77,0.48,4,4,0
P00421,2025-03-02,30,401.7,13.39,1.14,7,4,0
P00421,2025-04-01,27,367.2,13.6,1.2,4,4,1
P00421,2025-05-01,29,384.6,13.26,1.58,4,4,0
P00421,2025-06-01,30,415.7,13.86,6.0,8,4,2
P00421,2025-07-01,30,425.3,14.18,1.78,5,4,1
P00421,2025-08-01,31,417.6,13.47,4.03,2,4,3
P00421,2025-08-31,29,389.4,13.43,1.56,7,4,1
P00421,2025-10-01,30,387.2,12.91,0.97,5,4,1
P00421,2025-10-31,27,358.8,13.29,3.74,7,4,1
P00421,2025-12-01,28,337.8,12.07,6.0,3,4,0
P00421,2025-12-31,30,375.6,12.52,2.73,9,4,0
P00421,2026-01-30,29,370.1,12.76,1.65,8,4,0
P00421,2026-03-02,29,375.5,12.95,6.0,3,4,1
P00421,2026-04-01,27,329.0,12.19,1.76,4,4,1
P00421,2026-05-02,26,308.2,11.85,0.28,8,4,1
P00421,2026-06-01,30,376.5,12.55,3.19,7,4,1
P00421,2026-07-02,27,344.1,12.75,1.21,7,4,0
P00421,2026-08-01,29,364.9,12.58,5.99,7,4,0
P00422,2024-08-31,26,341.1,13.12,3.77,6,4,0
P00422,2024-09-30,27,350.8,12.99,2.69,2,4,1
P00422,2024-10-31,27,355.7,13.17,4.46,2,4,0
P00422,2024-11-30,29,376.5,12.98,2.4,5,4,1
P00422,2024-12-31,26,345.3,13.28,0.84,2,4,1
P00422,2025-01-30,27,352.0,13.04,0.79,3,4,1
P00422,2025-03-02,26,347.3,13.36,0.76,4,4,0
P00422,2025-04-01,27,361.3,13.38,2.01,4,4,2
P00422,2025-05-01,29,400.6,13.82,0.29,4,4,1
P00422,2025-06-01,26,343.6,13.21,1.54,5,4,0
P00422,2025-07-01,26,369.3,14.21,1.43,9,4,1
P00422,2025-08-01,27,356.6,13.21,1.97,6,4,0
P00422,2025-08-31,28,361.0,12.89,1.89,6,4,0
P00422,2025-10-01,25,316.5,12.66,0.52,1,4,0
P00422,2025-10-31,29,375.8,12.96,0.4,4,4,2
P00422,2025-12-01,27,334.2,12.38,3.62,9,4,0
P00422,2025-12-31,26,337.8,12.99,3.0,1,4,1
P00422,2026-01-30,27,334.6,12.39,0.96,1,4,2
P00422,2026-03-02,30,383.1,12.77,0.33,4,4,1
P00422,2026-04-01,28,351.3,12.55,0.53,4,4,1
P00422,2026-05-02,27,338.2,12.53,2.69,4,4,1
P00422,2026-06-01,26,344.2,13.24,4.03,6,4,2
P00422,2026-07-02,31,391.3,12.62,1.97,3,4,1
P00422,2026-08-01,26,338.3,13.01,0.94,4,4,1
P00423,2024-08-31,28,364.2,13.01,0.85,9,4,2
P00423,2024-09-30,28,394.4,14.08,6.0,1,4,0
P00423,2024-10-31,29,398.7,13.75,6.0,9,4,2
P00423,2024-11-30,30,391.8,13.06,4.99,8,4,0
P00423,2024-12-31,29,414.6,14.3,1.92,6,4,0
P00423,2025-01-30,30,404.4,13.48,2.12,13,4,0
P00423,2025-03-02,30,438.8,14.63,2.8,6,4,0
P00423,2025-04-01,31,412.5,13.31,2.17,17,4,2
P00423,2025-05-01,28,383.1,13.68,3.61,2,4,2
P00423,2025-06-01,29,408.6,14.09,4.33,6,4,1
P00423,2025-07-01,29,401.8,13.86,1.27,9,4,1
P00423,2025-08-01,27,386.8,14.33,1.77,14,4,1
P00423,2025-08-31,29,404.8,13.96,6.0,8,4,1
P00423,2025-10-01,31,437.6,14.11,1.87,3,4,1
P00423,2025-10-31,28,389.7,13.92,4.17,7,4,1
P00423,2025-12-01,31,436.0,14.07,2.89,4,4,0
P00423,2025-12-31,29,408.8,14.1,2.25,4,4,0
P00423,2026-01-30,26,356.6,13.72,5.24,6,4,0
P00423,2026-03-02,28,392.1,14.0,1.34,5,4,3
P00423,2026-04-01,31,421.5,13.6,1.22,7,4,0
P00423,2026-05-02,31,420.0,13.55,3.19,7,4,1
P00423,2026-06-01,29,397.7,13.71,1.31,10,4,1
P00423,2026-07-02,30,396.9,13.23,0.4,11,4,1
P00423,2026-08-01,29,389.3,13.42,2.12,8,4,2
P00424,2024-08-31,28,350.1,12.5,1.26,0,4,0
P00424,2024-09-30,27,355.5,13.17,2.99,7,4,0
P00424,2024-10-31,28,338.7,12.1,2.49,4,4,1
P00424,2024-11-30,26,332.8,12.8,0.36,2,4,2
P00424,2024-12-31,27,353.3,13.09,3.97,2,4,0
P00424,2025-01-30,29,362.6,12.5,1.09,4,4,1
P00424,2025-03-02,27,350.0,12.96,0.68,2,4,1
P00424,2025-04-01,25,304.0,12.16,2.65,6,4,0
P00424,2025-05-01,30,370.1,12.34,1.3,5,4,1
P00424,2025-06-01,28,357.3,12.76,1.04,0,4,1
P00424,2025-07-01,24,279.9,11.66,0.49,3,4,2
P00424,2025-08-01,29,352.4,12.15,2.18,5,4,0
P00424,2025-08-31,29,361.0,12.45,0.98,3,4,1
P00424,2025-10-01,28,351.9,12.57,1.01,4,4,0
P00424,2025-10-31,29,359.1,12.38,1.08,2,4,1
P00424,2025-12-01,24,285.0,11.87,0.77,0,4,1
P00424,2025-12-31,28,335.2,11.97,1.49,4,4,1
P00424,2026-01-30,28,323.3,11.55,0.41,2,4,2
P00424,2026-03-02,25,296.8,11.87,1.93,5,4,1
P00424,2026-04-01,25,298.0,11.92,0.74,4,4,1
P00424,2026-05-02,25,282.8,11.31,0.89,2,4,1
P00424,2026-06-01,26,291.6,11.22,0.77,1,4,1
P00424,2026-07-02,29,318.8,10.99,0.95,9,4,0
P00424,2026-08-01,26,290.3,11.16,0.9,2,4,0
P00425,2024-08-31,24,339.5,14.14,1.72,5,4,1
P00425,2024-09-30,31,438.5,14.14,6.0,9,4,2
P00425,2024-10-31,31,439.5,14.18,2.19,3,4,1
P00425,2024-11-30,28,378.0,13.5,3.59,9,4,0
P00425,2024-12-31,28,380.3,13.58,2.27,5,4,2
P00425,2025-01-30,30,445.1,14.84,2.02,3,4,2
P00425,2025-03-02,30,438.6,14.62,6.0,8,4,2
P00425,2025-04-01,30,448.5,14.95,2.89,10,4,1
P00425,2025-05-01,27,396.6,14.69,6.0,3,4,0
P00425,2025-06-01,30,481.1,16.04,1.69,3,4,0
P00425,2025-07-01,28,411.8,14.71,2.45,6,4,1
P00425,2025-08-01,28,406.7,14.53,5.45,9,4,1
P00425,2025-08-31,28,417.3,14.9,4.75,3,4,0
P00425,2025-10-01,30,441.5,14.72,1.62,8,4,0
P00425,2025-10-31,31,475.4,15.34,2.32,8,4,1
P00425,2025-12-01,29,466.7,16.09,1.51,7,4,0
P00425,2025-12-31,29,440.8,15.2,0.6,8,4,0
P00425,2026-01-30,29,442.3,15.25,2.95,6,4,2
P00425,2026-03-02,29,429.7,14.82,0.53,4,4,1
P00425,2026-04-01,27,431.6,15.98,5.96,10,4,0
P00425,2026-05-02,27,415.0,15.37,2.39,3,4,1
P00425,2026-06-01,26,402.4,15.48,1.91,9,4,0
P00425,2026-07-02,28,431.6,15.42,0.69,6,4,0
P00425,2026-08-01,30,473.6,15.79,5.57,8,4,1
P00426,2024-08-31,31,216.5,6.99,2.11,5,4,2
P00426,2024-09-30,27,216.2,8.01,0.65,5,4,2
P00426,2024-10-31,27,212.4,7.87,0.68,6,4,3
P00426,2024-11-30,28,227.4,8.12,0.48,6,4,4
P00426,2024-12-31,26,218.6,8.41,3.01,2,4,1
P00426,2025-01-30,30,244.6,8.15,0.35,3,4,3
P00426,2025-03-02,27,226.5,8.39,1.4,3,4,1
P00426,2025-04-01,29,234.7,8.09,0.2,5,4,3
P00426,2025-05-01,30,220.0,7.33,0.83,6,4,3
P00426,2025-06-01,28,214.2,7.65,1.21,3,4,4
P00426,2025-07-01,28,236.3,8.44,2.78,1,4,1
P00426,2025-08-01,27,219.7,8.14,1.32,3,4,2
P00426,2025-08-31,29,225.0,7.76,2.77,6,4,2
P00426,2025-10-01,27,208.7,7.73,0.2,4,4,3
P00426,2025-10-31,24,193.0,8.04,1.17,8,4,2
P00426,2025-12-01,28,216.1,7.72,1.28,8,4,3
P00426,2025-12-31,28,242.0,8.64,0.25,5,4,1
P00426,2026-01-30,25,197.8,7.91,2.12,7,4,2
P00426,2026-03-02,29,236.6,8.16,0.97,5,4,4
P00426,2026-04-01,28,235.6,8.41,2.31,5,4,2
P00426,2026-05-02,31,259.8,8.38,4.91,2,4,2
P00426,2026-06-01,29,235.0,8.1,1.15,7,4,2
P00426,2026-07-02,29,252.7,8.71,0.77,2,4,2
P00426,2026-08-01,28,274.3,9.8,0.5,3,4,4
P00427,2024-08-31,30,387.6,12.92,6.0,4,4,0
P00427,2024-09-30,30,404.1,13.47,0.21,5,4,0
P00427,2024-10-31,28,380.6,13.59,1.51,9,4,1
P00427,2024-11-30,29,381.9,13.17,0.98,6,4,2
P00427,2024-12-31,30,396.4,13.21,0.84,4,4,1
P00427,2025-01-30,28,358.0,12.79,3.28,6,4,1
P00427,2025-03-02,27,361.7,13.4,0.63,8,4,1
P00427,2025-04-01,30,401.6,13.39,3.59,8,4,0
P00427,2025-05-01,26,364.0,14.0,2.92,17,4,2
P00427,2025-06-01,31,407.6,13.15,1.89,8,4,0
P00427,2025-07-01,30,408.6,13.62,1.81,7,4,2
P00427,2025-08-01,30,409.1,13.64,0.44,5,4,1
P00427,2025-08-31,29,401.7,13.85,3.33,3,4,2
P00427,2025-10-01,28,399.4,14.27,1.88,4,4,1
P00427,2025-10-31,29,413.2,14.25,3.41,8,4,1
P00427,2025-12-01,28,385.7,13.78,6.0,7,4,0
P00427,2025-12-31,28,407.0,14.54,1.54,4,4,1
P00427,2026-01-30,31,440.8,14.22,1.06,7,4,0
P00427,2026-03-02,31,417.1,13.45,1.27,8,4,1
P00427,2026-04-01,29,412.7,14.23,4.64,3,4,2
P00427,2026-05-02,31,441.5,14.24,2.88,4,4,0
P00427,2026-06-01,27,371.0,13.74,1.99,4,4,0
P00427,2026-07-02,29,409.1,14.11,3.58,3,4,1
P00427,2026-08-01,30,415.7,13.86,3.39,9,4,1
P00428,2024-08-31,26,337.5,12.98,3.44,4,4,1
P00428,2024-09-30,27,350.3,12.97,0.97,2,4,1
P00428,2024-10-31,28,329.5,11.77,2.87,4,4,2
P00428,2024-11-30,26,301.8,11.61,1.26,4,4,1
P00428,2024-12-31,24,301.5,12.56,1.27,6,4,1
P00428,2025-01-30,26,312.6,12.02,4.09,3,4,2
P00428,2025-03-02,26,316.8,12.18,3.44,3,4,1
P00428,2025-04-01,26,314.8,12.11,0.92,4,4,1
P00428,2025-05-01,27,324.6,12.02,1.27,4,4,2
P00428,2025-06-01,27,309.9,11.48,4.68,7,4,0
P00428,2025-07-01,24,279.1,11.63,0.95,3,4,2
P00428,2025-08-01,27,307.1,11.37,0.93,6,4,1
P00428,2025-08-31,28,330.9,11.82,2.35,4,4,0
P00428,2025-10-01,29,347.2,11.97,2.24,4,4,0
P00428,2025-10-31,27,295.8,10.95,1.28,5,4,1
P00428,2025-12-01,26,315.6,12.14,1.37,3,4,0
P00428,2025-12-31,28,307.9,11.0,4.26,6,4,0
P00428,2026-01-30,29,317.6,10.95,4.85,2,4,0
P00428,2026-03-02,26,297.3,11.43,3.73,1,4,0
P00428,2026-04-01,28,330.9,11.82,2.06,3,4,1
P00428,2026-05-02,26,296.7,11.41,3.16,3,4,1
P00428,2026-06-01,25,299.1,11.97,4.66,3,4,1
P00428,2026-07-02,29,352.1,12.14,0.48,3,4,0
P00428,2026-08-01,28,322.9,11.53,0.69,3,4,1
P00429,2024-08-31,30,402.8,13.43,4.99,11,4,1
P00429,2024-09-30,30,410.8,13.69,0.84,6,4,0
P00429,2024-10-31,29,401.1,13.83,6.0,3,4,1
P00429,2024-11-30,30,424.5,14.15,4.76,5,4,1
P00429,2024-12-31,31,440.7,14.21,1.93,3,4,0
P00429,2025-01-30,31,412.6,13.31,3.92,5,4,1
P00429,2025-03-02,29,385.2,13.28,2.0,7,4,2
P00429,2025-04-01,31,423.1,13.65,1.74,3,4,1
P00429,2025-05-01,30,407.2,13.57,5.77,6,4,0
P00429,2025-06-01,26,357.1,13.73,6.0,4,4,2
P00429,2025-07-01,30,402.3,13.41,2.13,3,4,1
P00429,2025-08-01,30,413.3,13.78,0.86,7,4,0
P00429,2025-08-31,31,409.4,13.21,4.61,13,4,0
P00429,2025-10-01,29,380.7,13.13,6.0,4,4,2
P00429,2025-10-31,31,424.0,13.68,3.5,9,4,1
P00429,2025-12-01,29,396.4,13.67,4.12,8,4,0
P00429,2025-12-31,30,399.1,13.3,1.92,6,4,0
P00429,2026-01-30,29,418.1,14.42,3.16,6,4,2
P00429,2026-03-02,28,403.0,14.39,3.49,4,4,1
P00429,2026-04-01,30,424.7,14.16,6.0,5,4,0
P00429,2026-05-02,28,399.6,14.27,1.47,4,4,2
P00429,2026-06-01,27,400.1,14.82,2.12,12,4,1
P00429,2026-07-02,28,389.3,13.9,1.68,8,4,1
P00429,2026-08-01,29,426.1,14.69,5.16,5,4,2
P00430,2024-08-31,30,394.0,13.13,1.02,6,4,2
P00430,2024-09-30,27,366.9,13.59,2.67,7,4,1
P00430,2024-10-31,30,382.1,12.74,6.0,12,4,2
P00430,2024-11-30,25,333.8,13.35,4.54,6,4,1
P00430,2024-12-31,31,419.0,13.52,6.0,6,4,0
P00430,2025-01-30,28,384.2,13.72,2.72,2,4,4
P00430,2025-03-02,30,423.5,14.12,3.44,8,4,2
P00430,2025-04-01,30,389.0,12.97,2.79,3,4,1
P00430,2025-05-01,29,380.5,13.12,3.12,10,4,1
P00430,2025-06-01,31,394.8,12.74,2.07,6,4,4
P00430,2025-07-01,31,411.1,13.26,6.0,3,4,0
P00430,2025-08-01,28,375.7,13.42,3.83,8,4,2
P00430,2025-08-31,31,419.9,13.55,0.84,4,4,3
P00430,2025-10-01,30,416.2,13.87,1.82,1,4,3
P00430,2025-10-31,31,424.5,13.69,3.39,2,4,2
P00430,2025-12-01,28,393.1,14.04,0.81,4,4,2
P00430,2025-12-31,28,388.6,13.88,0.95,5,4,2
P00430,2026-01-30,29,386.8,13.34,2.71,5,4,2
P00430,2026-03-02,30,423.8,14.13,1.55,6,4,1
P00430,2026-04-01,30,443.9,14.8,3.07,5,4,2
P00430,2026-05-02,28,403.3,14.4,4.53,9,4,2
P00430,2026-06-01,26,366.7,14.1,1.96,11,4,0
P00430,2026-07-02,29,402.8,13.89,4.06,9,4,2
P00430,2026-08-01,29,412.4,14.22,1.77,8,4,3
P00431,2024-08-31,26,328.6,12.64,0.67,6,4,1
P00431,2024-09-30,28,341.4,12.19,0.77,5,4,0
P00431,2024-10-31,27,311.6,11.54,1.78,2,4,2
P00431,2024-11-30,29,362.8,12.51,3.3,6,4,1
P00431,2024-12-31,26,334.1,12.85,0.21,8,4,2
P00431,2025-01-30,24,297.8,12.41,0.93,4,4,1
P00431,2025-03-02,28,355.1,12.68,0.33,4,4,0
P00431,2025-04-01,27,357.5,13.24,1.81,1,4,0
P00431,2025-05-01,25,305.3,12.21,2.02,5,4,1
P00431,2025-06-01,27,348.2,12.9,2.26,1,4,0
P00431,2025-07-01,28,358.2,12.79,0.45,1,4,1
P00431,2025-08-01,24,309.9,12.91,0.94,2,4,1
P00431,2025-08-31,27,337.3,12.49,5.33,4,4,0
P00431,2025-10-01,23,294.1,12.79,1.29,4,4,2
P00431,2025-10-31,24,317.2,13.22,3.97,1,4,3
P00431,2025-12-01,28,360.2,12.87,0.66,4,4,0
P00431,2025-12-31,28,361.2,12.9,1.65,4,4,1
P00431,2026-01-30,27,320.3,11.86,1.62,5,4,0
P00431,2026-03-02,28,323.8,11.57,0.82,3,4,0
P00431,2026-04-01,24,295.5,12.31,3.91,4,4,1
P00431,2026-05-02,27,330.9,12.25,4.21,1,4,1
P00431,2026-06-01,29,366.3,12.63,0.83,3,4,2
P00431,2026-07-02,28,362.1,12.93,2.26,3,4,2
P00431,2026-08-01,27,361.2,13.38,1.17,5,4,1
P00432,2024-08-31,29,353.4,12.19,0.52,8,4,1
P00432,2024-09-30,28,374.7,13.38,4.2,2,4,1
P00432,2024-10-31,28,365.8,13.07,1.84,1,4,0
P00432,2024-11-30,28,367.4,13.12,6.0,8,4,1
P00432,2024-12-31,31,398.0,12.84,1.6,10,4,1
P00432,2025-01-30,29,379.8,13.1,3.63,4,4,1
P00432,2025-03-02,29,385.5,13.29,2.64,8,4,1
P00432,2025-04-01,25,330.3,13.21,5.24,8,4,0
P00432,2025-05-01,29,395.7,13.65,6.0,8,4,0
P00432,2025-06-01,28,343.6,12.27,2.0,4,4,0
P00432,2025-07-01,27,340.0,12.59,0.76,8,4,1
P00432,2025-08-01,30,396.3,13.21,6.0,6,4,1
P00432,2025-08-31,26,337.8,12.99,2.33,7,4,1
P00432,2025-10-01,31,397.8,12.83,4.81,5,4,2
P00432,2025-10-31,26,329.9,12.69,1.45,5,4,0
P00432,2025-12-01,27,365.6,13.54,2.95,6,4,1
P00432,2025-12-31,25,312.6,12.51,1.4,3,4,1
P00432,2026-01-30,27,330.1,12.22,1.13,5,4,1
P00432,2026-03-02,30,387.5,12.92,2.04,2,4,1
P00432,2026-04-01,28,348.0,12.43,1.02,11,4,0
P00432,2026-05-02,30,383.3,12.78,3.04,4,4,2
P00432,2026-06-01,26,335.4,12.9,5.06,6,4,1
P00432,2026-07-02,27,365.7,13.54,4.88,11,4,0
P00432,2026-08-01,27,362.1,13.41,0.79,5,4,1
P00433,2024-08-31,26,228.3,8.78,3.1,9,4,3
P00433,2024-09-30,31,281.4,9.08,2.93,6,4,3
P00433,2024-10-31,28,261.1,9.33,2.31,5,4,3
P00433,2024-11-30,29,259.5,8.95,1.86,6,4,4
P00433,2024-12-31,31,264.2,8.52,4.32,8,4,2
P00433,2025-01-30,29,272.5,9.4,0.82,9,4,3
P00433,2025-03-02,26,233.0,8.96,2.08,4,4,4
P00433,2025-04-01,29,234.3,8.08,1.18,4,4,2
P00433,2025-05-01,27,235.8,8.73,0.87,6,4,3
P00433,2025-06-01,30,258.8,8.63,4.29,8,4,1
P00433,2025-07-01,31,241.6,7.79,0.59,4,4,0
P00433,2025-08-01,28,205.1,7.33,1.0,5,4,3
P00433,2025-08-31,27,221.7,8.21,0.79,6,4,3
P00433,2025-10-01,31,245.1,7.91,6.0,9,4,2
P00433,2025-10-31,28,226.5,8.09,5.89,5,4,2
P00433,2025-12-01,28,226.8,8.1,3.37,1,4,1
P00433,2025-12-31,29,244.5,8.43,1.21,8,4,2
P00433,2026-01-30,29,247.6,8.54,1.7,4,4,1
P00433,2026-03-02,27,218.8,8.1,1.1,10,4,3
P00433,2026-04-01,29,246.1,8.49,1.41,5,4,3
P00433,2026-05-02,28,241.3,8.62,2.07,5,4,4
P00433,2026-06-01,31,257.4,8.3,2.08,3,4,3
P00433,2026-07-02,29,249.8,8.61,2.03,10,4,1
P00433,2026-08-01,27,231.7,8.58,2.72,13,4,3
P00434,2024-08-31,31,409.6,13.21,2.48,3,4,1
P00434,2024-09-30,31,425.4,13.72,3.39,11,4,0
P00434,2024-10-31,30,393.2,13.11,1.37,4,4,1
P00434,2024-11-30,30,390.6,13.02,3.53,4,4,1
P00434,2024-12-31,28,358.8,12.81,1.32,7,4,0
P00434,2025-01-30,30,411.0,13.7,1.71,5,4,0
P00434,2025-03-02,29,393.8,13.58,1.08,3,4,0
P00434,2025-04-01,27,330.2,12.23,3.23,3,4,0
P00434,2025-05-01,28,368.9,13.17,0.4,3,4,0
P00434,2025-06-01,29,356.7,12.3,0.96,4,4,1
P00434,2025-07-01,29,372.5,12.84,2.56,5,4,2
P00434,2025-08-01,28,365.3,13.05,1.88,5,4,0
P00434,2025-08-31,28,371.5,13.27,0.6,7,4,1
P00434,2025-10-01,28,379.8,13.56,4.18,6,4,0
P00434,2025-10-31,28,362.9,12.96,2.78,5,4,0
P00434,2025-12-01,30,380.6,12.69,1.68,6,4,2
P00434,2025-12-31,28,358.6,12.81,4.21,5,4,1
P00434,2026-01-30,29,367.3,12.67,2.12,4,4,1
P00434,2026-03-02,30,379.8,12.66,4.37,5,4,0
P00434,2026-04-01,27,361.9,13.4,2.05,7,4,1
P00434,2026-05-02,28,357.3,12.76,4.2,10,4,1
P00434,2026-06-01,27,334.9,12.4,1.96,6,4,0
P00434,2026-07-02,27,357.3,13.23,1.28,6,4,0
P00434,2026-08-01,28,361.7,12.92,0.92,2,4,0
P00435,2024-08-31,29,413.2,14.25,4.9,3,4,0
P00435,2024-09-30,27,380.8,14.11,1.97,5,4,0
P00435,2024-10-31,28,363.6,12.99,3.09,4,4,3
P00435,2024-11-30,27,365.8,13.55,1.24,11,4,3
P00435,2024-12-31,31,411.6,13.28,3.94,7,4,2
P00435,2025-01-30,27,347.7,12.88,4.6,6,4,1
P00435,2025-03-02,28,364.5,13.02,1.44,10,4,1
P00435,2025-04-01,29,362.9,12.51,0.91,3,4,0
P00435,2025-05-01,30,396.8,13.23,6.0,9,4,0
P00435,2025-06-01,30,386.6,12.89,0.29,9,4,2
P00435,2025-07-01,30,399.5,13.32,0.89,6,4,0
P00435,2025-08-01,28,384.6,13.74,0.78,9,4,1
P00435,2025-08-31,29,354.2,12.21,0.72,5,4,0
P00435,2025-10-01,29,383.4,13.22,1.14,4,4,1
P00435,2025-10-31,31,415.1,13.39,5.81,7,4,0
P00435,2025-12-01,29,368.4,12.7,4.7,8,4,1
P00435,2025-12-31,27,358.5,13.28,2.59,9,4,1
P00435,2026-01-30,31,416.8,13.44,1.42,3,4,2
P00435,2026-03-02,31,415.2,13.39,2.14,17,4,1
P00435,2026-04-01,29,378.8,13.06,1.64,8,4,2
P00435,2026-05-02,30,410.7,13.69,0.62,5,4,0
P00435,2026-06-01,29,374.8,12.92,4.9,8,4,1
P00435,2026-07-02,30,385.3,12.84,3.52,6,4,1
P00435,2026-08-01,28,343.3,12.26,1.82,12,4,2
P00436,2024-08-31,31,424.0,13.68,4.14,6,4,1
P00436,2024-09-30,30,400.1,13.34,2.56,7,4,1
P00436,2024-10-31,30,408.2,13.61,1.3,11,4,1
P00436,2024-11-30,31,410.9,13.25,2.47,9,4,0
P00436,2024-12-31,27,339.1,12.56,1.52,8,4,3
P00436,2025-01-30,28,334.4,11.94,3.28,7,4,1
P00436,2025-03-02,28,359.1,12.82,2.64,8,4,1
P00436,2025-04-01,28,357.8,12.78,4.2,8,4,1
P00436,2025-05-01,31,388.7,12.54,3.21,5,4,1
P00436,2025-06-01,29,360.2,12.42,1.33,9,4,1
P00436,2025-07-01,28,355.7,12.7,2.22,8,4,1
P00436,2025-08-01,30,394.4,13.15,0.98,8,4,1
P00436,2025-08-31,31,376.1,12.13,0.85,7,4,1
P00436,2025-10-01,29,365.0,12.59,3.17,2,4,0
P00436,2025-10-31,29,385.3,13.28,5.59,5,4,0
P00436,2025-12-01,30,384.9,12.83,0.77,9,4,0
P00436,2025-12-31,30,379.0,12.63,4.19,12,4,0
P00436,2026-01-30,24,314.6,13.11,1.31,4,4,0
P00436,2026-03-02,31,363.8,11.73,2.25,11,4,0
P00436,2026-04-01,29,342.6,11.81,2.31,1,4,0
P00436,2026-05-02,31,369.4,11.92,1.84,7,4,1
P00436,2026-06-01,25,313.4,12.53,3.53,9,4,1
P00436,2026-07-02,28,349.0,12.46,6.0,10,4,1
P00436,2026-08-01,27,355.7,13.17,4.34,6,4,1
P00437,2024-08-31,29,367.1,12.66,4.89,2,4,1
P00437,2024-09-30,27,359.8,13.33,0.96,6,4,1
P00437,2024-10-31,27,323.3,11.98,1.16,2,4,0
P00437,2024-11-30,27,321.2,11.9,0.62,8,4,2
P00437,2024-12-31,28,334.6,11.95,0.52,1,4,0
P00437,2025-01-30,28,314.1,11.22,1.45,5,4,0
P00437,2025-03-02,26,292.1,11.23,1.89,8,4,2
P00437,2025-04-01,26,302.6,11.64,2.49,5,4,1
P00437,2025-05-01,28,307.0,10.96,2.02,4,4,0
P00437,2025-06-01,28,298.3,10.65,1.23,4,4,1
P00437,2025-07-01,25,283.9,11.35,2.94,5,4,1
P00437,2025-08-01,24,265.9,11.08,3.78,4,4,1
P00437,2025-08-31,26,278.5,10.71,1.63,6,4,1
P00437,2025-10-01,29,316.4,10.91,2.29,6,4,0
P00437,2025-10-31,27,279.1,10.34,0.9,10,4,1
P00437,2025-12-01,29,304.0,10.48,0.99,5,4,1
P00437,2025-12-31,29,285.2,9.83,2.39,1,4,1
P00437,2026-01-30,27,304.7,11.28,0.28,1,4,0
P00437,2026-03-02,28,304.7,10.88,1.99,7,4,1
P00437,2026-04-01,27,294.0,10.89,0.59,5,4,1
P00437,2026-05-02,30,313.9,10.46,2.57,6,4,0
P00437,2026-06-01,27,281.2,10.42,1.04,3,4,0
P00437,2026-07-02,27,303.1,11.22,2.52,5,4,0
P00437,2026-08-01,29,310.0,10.69,0.94,4,4,0
P00438,2024-08-31,27,336.1,12.45,1.2,5,4,1
P00438,2024-09-30,27,333.2,12.34,2.09,0,4,0
P00438,2024-10-31,27,330.6,12.24,0.71,2,4,1
P00438,2024-11-30,27,323.0,11.96,1.13,5,4,1
P00438,2024-12-31,26,305.6,11.75,3.73,4,4,0
P00438,2025-01-30,25,302.6,12.1,3.89,3,4,3
P00438,2025-03-02,27,322.4,11.94,1.55,2,4,0
P00438,2025-04-01,29,365.3,12.6,2.68,2,4,2
P00438,2025-05-01,27,344.0,12.74,2.66,4,4,3
P00438,2025-06-01,26,330.5,12.71,0.2,6,4,1
P00438,2025-07-01,28,344.4,12.3,1.01,1,4,0
P00438,2025-08-01,27,327.5,12.13,3.0,8,4,1
P00438,2025-08-31,26,339.1,13.04,0.98,4,4,2
P00438,2025-10-01,28,350.3,12.51,0.92,3,4,0
P00438,2025-10-31,26,307.0,11.81,1.51,1,4,0
P00438,2025-12-01,25,303.1,12.13,0.95,3,4,0
P00438,2025-12-31,26,303.4,11.67,0.73,2,4,1
P00438,2026-01-30,28,332.5,11.87,1.36,4,4,0
P00438,2026-03-02,28,325.8,11.64,2.15,2,4,2
P00438,2026-04-01,27,314.3,11.64,2.38,4,4,0
P00438,2026-05-02,28,311.3,11.12,2.11,3,4,2
P00438,2026-06-01,24,269.5,11.23,2.23,6,4,0
P00438,2026-07-02,29,322.6,11.12,0.51,6,4,0
P00438,2026-08-01,24,261.5,10.9,0.93,1,4,1
P00439,2024-08-31,31,418.5,13.5,2.24,11,4,3
P00439,2024-09-30,29,377.2,13.01,4.06,6,4,1
P00439,2024-10-31,31,415.8,13.41,4.31,9,4,2
P00439,2024-11-30,29,357.7,12.33,1.79,5,4,1
P00439,2024-12-31,27,355.0,13.15,3.29,10,4,0
P00439,2025-01-30,29,364.1,12.56,1.9,5,4,1
P00439,2025-03-02,28,379.0,13.54,5.66,5,4,0
P00439,2025-04-01,31,441.5,14.24,6.0,7,4,0
P00439,2025-05-01,28,346.9,12.39,0.8,12,4,1
P00439,2025-06-01,31,394.5,12.73,1.08,6,4,0
P00439,2025-07-01,25,326.1,13.04,5.08,11,4,0
P00439,2025-08-01,29,392.0,13.52,2.44,5,4,0
P00439,2025-08-31,28,350.9,12.53,1.34,12,4,0
P00439,2025-10-01,31,399.0,12.87,4.55,8,4,0
P00439,2025-10-31,29,384.4,13.26,6.0,9,4,0
P00439,2025-12-01,27,353.5,13.09,5.73,6,4,1
P00439,2025-12-31,29,373.0,12.86,4.84,5,4,0
P00439,2026-01-30,26,347.1,13.35,1.99,5,4,0
P00439,2026-03-02,29,369.2,12.73,1.38,4,4,3
P00439,2026-04-01,28,358.8,12.81,1.59,9,4,1
P00439,2026-05-02,28,360.9,12.89,0.8,2,4,1
P00439,2026-06-01,31,384.9,12.42,4.5,3,4,2
P00439,2026-07-02,27,334.0,12.37,2.34,9,4,2
P00439,2026-08-01,27,324.3,12.01,2.37,10,4,1
P00440,2024-08-31,28,371.6,13.27,3.04,7,4,1
P00440,2024-09-30,31,430.2,13.88,3.6,2,4,0
P00440,2024-10-31,27,350.5,12.98,1.32,6,4,0
P00440,2024-11-30,27,366.8,13.59,2.52,10,4,0
P00440,2024-12-31,26,358.2,13.78,3.1,6,4,2
P00440,2025-01-30,27,366.8,13.58,2.38,6,4,1
P00440,2025-03-02,31,429.2,13.85,2.68,7,4,2
P00440,2025-04-01,29,391.8,13.51,3.1,1,4,1
P00440,2025-05-01,29,399.8,13.79,1.37,4,4,1
P00440,2025-06-01,28,391.0,13.96,0.93,8,4,1
P00440,2025-07-01,31,412.7,13.31,2.56,5,4,2
P00440,2025-08-01,27,363.0,13.44,3.41,8,4,1
P00440,2025-08-31,29,391.3,13.49,0.84,10,4,1
P00440,2025-10-01,29,398.5,13.74,2.28,5,4,1
P00440,2025-10-31,31,430.0,13.87,0.59,5,4,2
P00440,2025-12-01,30,399.2,13.31,0.43,6,4,1
P00440,2025-12-31,26,335.1,12.89,2.08,2,4,2
P00440,2026-01-30,31,419.2,13.52,0.73,9,4,0
P00440,2026-03-02,30,419.1,13.97,5.24,5,4,1
P00440,2026-04-01,30,397.5,13.25,4.56,2,4,0
P00440,2026-05-02,26,348.8,13.41,4.49,6,4,0
P00440,2026-06-01,29,401.3,13.84,2.56,3,4,0
P00440,2026-07-02,29,380.3,13.12,2.79,12,4,1
P00440,2026-08-01,29,386.9,13.34,3.31,3,4,0
P00441,2024-08-31,29,306.9,10.58,6.0,9,4,0
P00441,2024-09-30,30,318.6,10.62,2.21,3,4,0
P00441,2024-10-31,30,323.4,10.78,2.1,1,4,0
P00441,2024-11-30,27,292.2,10.82,3.73,10,4,2
P00441,2024-12-31,27,296.9,11.0,0.2,2,4,0
P00441,2025-01-30,26,280.9,10.81,1.4,2,4,0
P00441,2025-03-02,25,265.3,10.61,2.67,11,4,2
P00441,2025-04-01,29,301.2,10.39,1.72,1,4,0
P00441,2025-05-01,29,307.3,10.6,1.12,0,4,0
P00441,2025-06-01,27,296.8,10.99,1.83,3,4,1
P00441,2025-07-01,27,297.0,11.0,2.17,5,4,0
P00441,2025-08-01,26,280.0,10.77,3.23,1,4,1
P00441,2025-08-31,25,269.4,10.78,1.18,1,4,1
P00441,2025-10-01,25,298.9,11.96,3.0,6,4,1
P00441,2025-10-31,27,299.3,11.08,1.2,4,4,1
P00441,2025-12-01,27,290.6,10.76,1.82,2,4,1
P00441,2025-12-31,29,327.2,11.28,6.0,3,4,0
P00441,2026-01-30,26,279.2,10.74,0.47,5,4,2
P00441,2026-03-02,29,310.4,10.7,2.88,4,4,2
P00441,2026-04-01,25,265.6,10.63,6.0,2,4,0
P00441,2026-05-02,27,297.4,11.02,2.97,6,4,1
P00441,2026-06-01,27,297.7,11.03,4.17,7,4,0
P00441,2026-07-02,31,332.9,10.74,0.99,5,4,1
P00441,2026-08-01,28,309.7,11.06,2.9,9,4,0
P00442,2024-08-31,27,186.3,6.9,5.13,5,4,3
P00442,2024-09-30,26,179.8,6.92,1.26,6,4,1
P00442,2024-10-31,28,177.5,6.34,1.35,3,4,3
P00442,2024-11-30,26,172.3,6.63,2.59,1,4,1
P00442,2024-12-31,28,184.3,6.58,1.21,4,4,2
P00442,2025-01-30,28,197.8,7.07,1.99,2,4,1
P00442,2025-03-02,25,168.3,6.73,1.08,1,4,2
P00442,2025-04-01,25,181.7,7.27,3.67,7,4,1
P00442,2025-05-01,26,163.1,6.27,2.26,4,4,3
P00442,2025-06-01,25,168.3,6.73,0.26,1,4,0
P00442,2025-07-01,27,158.7,5.88,0.57,4,4,3
P00442,2025-08-01,27,165.8,6.14,0.38,5,4,2
P00442,2025-08-31,26,154.6,5.95,4.13,2,4,3
P00442,2025-10-01,30,183.7,6.12,0.65,8,4,3
P00442,2025-10-31,26,160.4,6.17,0.52,3,4,3
P00442,2025-12-01,27,169.7,6.29,2.51,1,4,2
P00442,2025-12-31,25,158.0,6.32,1.53,5,4,3
P00442,2026-01-30,24,145.2,6.05,2.55,3,4,2
P00442,2026-03-02,26,146.4,5.63,1.11,2,4,3
P00442,2026-04-01,27,144.7,5.36,0.94,2,4,3
P00442,2026-05-02,27,169.1,6.26,0.55,2,4,1
P00442,2026-06-01,27,170.0,6.29,0.64,3,4,3
P00442,2026-07-02,24,133.1,5.55,0.53,3,4,2
P00442,2026-08-01,23,151.9,6.6,3.53,4,4,4
P00443,2024-08-31,23,291.8,12.69,1.6,4,4,1
P00443,2024-09-30,29,376.6,12.99,3.69,5,4,1
P00443,2024-10-31,30,377.9,12.6,1.9,7,4,1
P00443,2024-11-30,29,370.6,12.78,2.2,5,4,0
P00443,2024-12-31,26,336.8,12.96,4.11,1,4,1
P00443,2025-01-30,27,348.8,12.92,2.13,2,4,0
P00443,2025-03-02,28,352.3,12.58,1.11,7,4,0
P00443,2025-04-01,27,352.7,13.06,0.4,5,4,1
P00443,2025-05-01,27,359.7,13.32,1.93,4,4,2
P00443,2025-06-01,28,378.0,13.5,0.45,5,4,0
P00443,2025-07-01,30,390.2,13.01,0.73,1,4,1
P00443,2025-08-01,28,386.8,13.82,1.81,4,4,0
P00443,2025-08-31,29,380.9,13.13,3.1,7,4,0
P00443,2025-10-01,27,362.7,13.43,6.0,4,4,2
P00443,2025-10-31,29,392.1,13.52,3.53,5,4,1
P00443,2025-12-01,29,397.5,13.71,2.9,6,4,2
P00443,2025-12-31,25,305.2,12.21,1.69,4,4,0
P00443,2026-01-30,25,338.7,13.55,0.2,3,4,1
P00443,2026-03-02,29,388.3,13.39,1.05,5,4,1
P00443,2026-04-01,24,327.6,13.65,1.32,5,4,0
P00443,2026-05-02,29,383.8,13.23,4.73,8,4,3
P00443,2026-06-01,27,358.9,13.29,1.17,3,4,2
P00443,2026-07-02,27,348.1,12.89,0.88,6,4,1
P00443,2026-08-01,26,335.5,12.9,0.38,7,4,2
P00444,2024-08-31,31,409.8,13.22,3.49,6,4,2
P00444,2024-09-30,26,334.3,12.86,0.75,11,4,2
P00444,2024-10-31,30,410.7,13.69,1.18,12,4,2
P00444,2024-11-30,31,423.2,13.65,0.81,8,4,2
P00444,2024-12-31,31,405.9,13.09,1.97,7,4,0
P00444,2025-01-30,29,381.0,13.14,1.39,6,4,2
P00444,2025-03-02,27,343.5,12.72,3.15,5,4,1
P00444,2025-04-01,28,354.5,12.66,2.1,10,4,1
P00444,2025-05-01,28,383.3,13.69,1.12,7,4,1
P00444,2025-06-01,31,413.9,13.35,4.15,5,4,1
P00444,2025-07-01,27,347.0,12.85,3.41,7,4,2
P00444,2025-08-01,28,380.1,13.58,2.24,6,4,1
P00444,2025-08-31,29,391.7,13.51,0.72,8,4,0
P00444,2025-10-01,29,380.5,13.12,0.98,5,4,1
P00444,2025-10-31,28,371.7,13.27,6.0,3,4,0
P00444,2025-12-01,27,345.4,12.79,3.0,7,4,1
P00444,2025-12-31,29,387.3,13.36,0.73,3,4,2
P00444,2026-01-30,31,427.9,13.8,4.34,6,4,0
P00444,2026-03-02,30,396.5,13.22,2.31,7,4,1
P00444,2026-04-01,30,393.6,13.12,1.08,8,4,0
P00444,2026-05-02,30,384.2,12.81,6.0,9,4,0
P00444,2026-06-01,28,395.7,14.13,2.47,8,4,0
P00444,2026-07-02,31,432.5,13.95,2.57,10,4,0
P00444,2026-08-01,29,392.2,13.52,3.75,3,4,0
P00445,2024-08-31,28,365.9,13.07,4.16,4,4,0
P00445,2024-09-30,27,379.2,14.04,2.49,6,4,0
P00445,2024-10-31,30,401.2,13.37,3.39,4,4,0
P00445,2024-11-30,30,391.3,13.04,4.59,7,4,2
P00445,2024-12-31,30,416.4,13.88,2.31,8,4,0
P00445,2025-01-30,30,393.6,13.12,1.75,12,4,0
P00445,2025-03-02,26,353.1,13.58,1.05,7,4,2
P00445,2025-04-01,31,419.3,13.53,5.64,5,4,1
P00445,2025-05-01,25,338.0,13.52,1.76,8,4,0
P00445,2025-06-01,31,417.8,13.48,3.52,6,4,0
P00445,2025-07-01,29,412.2,14.21,2.61,5,4,3
P00445,2025-08-01,28,386.8,13.81,0.76,1,4,1
P00445,2025-08-31,28,377.9,13.5,3.72,4,4,0
P00445,2025-10-01,28,389.3,13.9,2.16,10,4,0
P00445,2025-10-31,27,388.5,14.39,2.84,4,4,0
P00445,2025-12-01,30,424.9,14.16,4.57,10,4,2
P00445,2025-12-31,28,395.1,14.11,2.29,8,4,0
P00445,2026-01-30,26,355.0,13.65,1.79,5,4,0
P00445,2026-03-02,28,373.0,13.32,3.76,11,4,0
P00445,2026-04-01,27,378.4,14.01,2.46,8,4,0
P00445,2026-05-02,27,371.6,13.76,5.47,3,4,0
P00445,2026-06-01,31,432.1,13.94,6.0,6,4,1
P00445,2026-07-02,30,434.6,14.49,1.57,7,4,0
P00445,2026-08-01,28,363.6,12.98,6.0,15,4,0
P00446,2024-08-31,28,362.5,12.95,2.05,3,4,0
P00446,2024-09-30,30,396.4,13.21,0.6,5,4,0
P00446,2024-10-31,28,354.9,12.68,6.0,5,4,1
P00446,2024-11-30,28,332.5,11.88,3.01,8,4,1
P00446,2024-12-31,27,342.8,12.7,2.04,4,4,0
P00446,2025-01-30,27,328.1,12.15,2.53,7,4,0
P00446,2025-03-02,26,339.2,13.05,0.76,6,4,0
P00446,2025-04-01,26,324.3,12.47,0.41,6,4,1
P00446,2025-05-01,26,334.3,12.86,2.44,2,4,1
P00446,2025-06-01,28,352.0,12.57,3.98,5,4,0
P00446,2025-07-01,30,374.3,12.48,2.96,8,4,1
P00446,2025-08-01,30,377.7,12.59,1.04,8,4,1
P00446,2025-08-31,27,329.2,12.19,0.85,7,4,0
P00446,2025-10-01,30,368.5,12.28,1.04,4,4,1
P00446,2025-10-31,29,372.5,12.85,1.53,5,4,0
P00446,2025-12-01,29,368.4,12.7,3.25,3,4,1
P00446,2025-12-31,30,362.7,12.09,3.76,9,4,0
P00446,2026-01-30,31,386.2,12.46,1.87,11,4,0
P00446,2026-03-02,28,361.9,12.93,0.48,4,4,1
P00446,2026-04-01,28,353.4,12.62,2.98,5,4,1
P00446,2026-05-02,30,401.2,13.37,1.71,8,4,0
P00446,2026-06-01,28,381.2,13.62,2.5,4,4,0
P00446,2026-07-02,26,326.6,12.56,3.21,3,4,1
P00446,2026-08-01,30,358.2,11.94,4.95,2,4,1
P00447,2024-08-31,27,373.8,13.84,1.52,7,4,1
P00447,2024-09-30,30,391.2,13.04,0.99,9,4,0
P00447,2024-10-31,28,382.6,13.66,3.14,7,4,1
P00447,2024-11-30,28,364.8,13.03,3.33,7,4,1
P00447,2024-12-31,29,357.1,12.31,4.17,3,4,2
P00447,2025-01-30,28,350.8,12.53,3.96,5,4,2
P00447,2025-03-02,30,381.9,12.73,1.06,5,4,1
P00447,2025-04-01,29,379.1,13.07,1.43,6,4,2
P00447,2025-05-01,28,368.0,13.14,2.26,2,4,1
P00447,2025-06-01,31,409.8,13.22,6.0,6,4,1
P00447,2025-07-01,27,364.3,13.49,0.32,5,4,0
P00447,2025-08-01,30,374.5,12.48,1.21,4,4,0
P00447,2025-08-31,29,383.7,13.23,1.8,7,4,0
P00447,2025-10-01,30,370.5,12.35,5.85,8,4,0
P00447,2025-10-31,27,363.7,13.47,0.72,8,4,1
P00447,2025-12-01,31,423.7,13.67,0.31,3,4,1
P00447,2025-12-31,28,387.3,13.83,2.86,4,4,0
P00447,2026-01-30,29,400.8,13.82,2.38,6,4,1
P00447,2026-03-02,27,375.8,13.92,2.99,5,4,0
P00447,2026-04-01,26,358.6,13.79,4.92,8,4,0
P00447,2026-05-02,29,421.4,14.53,0.33,5,4,1
P00447,2026-06-01,31,450.4,14.53,2.2,8,4,0
P00447,2026-07-02,31,434.5,14.02,1.42,6,4,1
P00447,2026-08-01,29,411.9,14.2,2.23,4,4,2
P00448,2024-08-31,30,386.6,12.89,2.41,3,4,1
P00448,2024-09-30,26,323.7,12.45,2.97,4,4,1
P00448,2024-10-31,29,363.3,12.53,1.8,5,4,0
P00448,2024-11-30,29,388.0,13.38,4.24,7,4,0
P00448,2024-12-31,28,340.2,12.15,3.22,2,4,0
P00448,2025-01-30,26,329.8,12.68,2.85,3,4,2
P00448,2025-03-02,28,332.3,11.87,3.12,6,4,0
P00448,2025-04-01,26,334.1,12.85,2.0,6,4,1
P00448,2025-05-01,28,337.4,12.05,1.18,4,4,1
P00448,2025-06-01,27,316.8,11.73,2.3,3,4,2
P00448,2025-07-01,29,347.1,11.97,0.32,8,4,0
P00448,2025-08-01,31,351.5,11.34,0.85,6,4,0
P00448,2025-08-31,27,318.2,11.78,1.42,4,4,1
P00448,2025-10-01,29,365.1,12.59,1.77,7,4,0
P00448,2025-10-31,28,349.7,12.49,3.96,6,4,0
P00448,2025-12-01,27,333.5,12.35,3.18,6,4,1
P00448,2025-12-31,28,335.5,11.98,1.31,6,4,0
P00448,2026-01-30,27,314.3,11.64,2.3,2,4,0
P00448,2026-03-02,27,310.7,11.51,0.43,7,4,1
P00448,2026-04-01,27,318.4,11.79,0.2,3,4,1
P00448,2026-05-02,27,319.6,11.84,1.45,6,4,0
P00448,2026-06-01,26,304.4,11.71,2.58,5,4,0
P00448,2026-07-02,27,310.5,11.5,1.86,2,4,0
P00448,2026-08-01,28,334.0,11.93,0.86,1,4,1
P00449,2024-08-31,31,388.6,12.53,3.32,3,4,0
P00449,2024-09-30,29,369.0,12.73,0.41,7,4,2
P00449,2024-10-31,28,350.1,12.5,1.96,5,4,1
P00449,2024-11-30,28,348.3,12.44,4.76,2,4,1
P00449,2024-12-31,28,337.3,12.05,0.81,5,4,0
P00449,2025-01-30,27,333.5,12.35,0.61,4,4,0
P00449,2025-03-02,28,340.4,12.16,4.98,6,4,2
P00449,2025-04-01,27,335.4,12.42,2.25,2,4,1
P00449,2025-05-01,27,339.4,12.57,4.43,2,4,2
P00449,2025-06-01,27,334.7,12.4,1.42,9,4,1
P00449,2025-07-01,29,393.6,13.57,0.83,4,4,1
P00449,2025-08-01,28,364.9,13.03,6.0,5,4,0
P00449,2025-08-31,28,357.3,12.76,3.34,6,4,0
P00449,2025-10-01,31,404.7,13.05,2.07,8,4,0
P00449,2025-10-31,29,375.9,12.96,3.03,3,4,0
P00449,2025-12-01,27,365.7,13.54,2.76,5,4,0
P00449,2025-12-31,27,380.4,14.09,1.63,3,4,1
P00449,2026-01-30,29,401.0,13.83,0.93,5,4,2
P00449,2026-03-02,31,422.8,13.64,2.14,5,4,1
P00449,2026-04-01,31,417.5,13.47,0.89,3,4,1
P00449,2026-05-02,31,416.5,13.44,2.17,3,4,1
P00449,2026-06-01,29,397.8,13.72,0.98,5,4,0
P00449,2026-07-02,30,395.4,13.18,1.52,6,4,0
P00449,2026-08-01,28,394.2,14.08,0.91,2,4,1
P00450,2024-08-31,28,372.9,13.32,5.02,3,4,1
P00450,2024-09-30,31,435.8,14.06,3.33,7,4,1
P00450,2024-10-31,28,379.4,13.55,2.54,4,4,1
P00450,2024-11-30,25,342.3,13.69,1.23,4,4,0
P00450,2024-12-31,27,357.5,13.24,2.56,6,4,2
P00450,2025-01-30,29,407.2,14.04,4.85,2,4,0
P00450,2025-03-02,30,422.7,14.09,2.2,7,4,0
P00450,2025-04-01,31,421.3,13.59,4.41,8,4,0
P00450,2025-05-01,25,321.7,12.87,1.54,3,4,2
P00450,2025-06-01,28,375.2,13.4,2.1,4,4,0
P00450,2025-07-01,28,346.7,12.38,1.56,9,4,0
P00450,2025-08-01,27,343.9,12.74,1.19,4,4,1
P00450,2025-08-31,29,347.7,11.99,1.96,3,4,0
P00450,2025-10-01,27,349.5,12.95,3.33,4,4,0
P00450,2025-10-31,28,353.6,12.63,2.77,8,4,0
P00450,2025-12-01,27,325.8,12.07,1.71,8,4,2
P00450,2025-12-31,26,342.4,13.17,2.15,3,4,1
P00450,2026-01-30,28,360.1,12.86,1.23,6,4,0
P00450,2026-03-02,31,379.6,12.25,3.31,2,4,0
P00450,2026-04-01,28,340.1,12.14,2.37,7,4,1
P00450,2026-05-02,30,348.6,11.62,3.1,7,4,0
P00450,2026-06-01,30,352.5,11.75,2.77,1,4,0
P00450,2026-07-02,29,343.5,11.84,0.51,7,4,0
P00450,2026-08-01,29,356.4,12.29,1.42,10,4,1
P00451,2024-08-31,26,330.1,12.7,0.54,4,4,0
P00451,2024-09-30,27,341.3,12.64,4.04,7,4,0
P00451,2024-10-31,29,348.1,12.0,3.53,5,4,0
P00451,2024-11-30,28,355.5,12.7,1.69,6,4,1
P00451,2024-12-31,26,315.0,12.12,3.81,1,4,0
P00451,2025-01-30,30,386.2,12.87,2.21,5,4,1
P00451,2025-03-02,30,406.9,13.56,4.27,6,4,2
P00451,2025-04-01,27,339.6,12.58,0.2,5,4,2
P00451,2025-05-01,29,360.6,12.43,2.24,5,4,0
P00451,2025-06-01,27,342.7,12.69,2.51,6,4,0
P00451,2025-07-01,26,333.9,12.84,1.44,9,4,1
P00451,2025-08-01,28,347.2,12.4,1.38,2,4,1
P00451,2025-08-31,31,378.9,12.22,0.59,1,4,1
P00451,2025-10-01,31,396.7,12.8,2.55,5,4,0
P00451,2025-10-31,27,330.4,12.24,0.42,3,4,0
P00451,2025-12-01,27,369.1,13.67,1.2,6,4,3
P00451,2025-12-31,28,369.5,13.19,1.78,6,4,1
P00451,2026-01-30,27,361.9,13.4,1.75,3,4,0
P00451,2026-03-02,28,359.8,12.85,2.44,4,4,2
P00451,2026-04-01,28,380.2,13.58,3.02,7,4,3
P00451,2026-05-02,30,391.1,13.04,2.72,8,4,2
P00451,2026-06-01,30,365.4,12.18,3.74,4,4,3
P00451,2026-07-02,31,393.2,12.68,0.98,7,4,1
P00451,2026-08-01,28,347.5,12.41,2.82,8,4,0
P00452,2024-08-31,25,326.5,13.06,2.29,6,4,1
P00452,2024-09-30,26,333.1,12.81,4.53,9,4,1
P00452,2024-10-31,28,359.6,12.84,2.11,1,4,0
P00452,2024-11-30,27,358.4,13.27,1.93,2,4,3
P00452,2024-12-31,27,347.6,12.88,1.03,8,4,1
P00452,2025-01-30,31,404.2,13.04,2.74,0,4,1
P00452,2025-03-02,31,416.7,13.44,4.54,3,4,1
P00452,2025-04-01,27,358.6,13.28,0.48,4,4,0
P00452,2025-05-01,27,362.8,13.44,0.71,1,4,0
P00452,2025-06-01,28,378.4,13.51,0.93,3,4,2
P00452,2025-07-01,29,384.5,13.26,5.52,2,4,0
P00452,2025-08-01,25,330.3,13.21,0.78,6,4,0
P00452,2025-08-31,29,382.3,13.18,1.65,4,4,0
P00452,2025-10-01,27,373.0,13.82,1.32,1,4,2
P00452,2025-10-31,31,415.5,13.4,2.63,8,4,0
P00452,2025-12-01,28,357.0,12.75,0.73,3,4,1
P00452,2025-12-31,25,321.2,12.85,1.28,3,4,0
P00452,2026-01-30,28,387.0,13.82,2.49,4,4,0
P00452,2026-03-02,29,377.0,13.0,4.96,4,4,2
P00452,2026-04-01,26,353.9,13.61,1.0,6,4,0
P00452,2026-05-02,28,362.1,12.93,3.26,7,4,2
P00452,2026-06-01,28,363.8,12.99,1.25,2,4,1
P00452,2026-07-02,26,338.7,13.03,1.74,4,4,0
P00452,2026-08-01,30,364.0,12.13,3.04,6,4,0
P00453,2024-08-31,28,368.2,13.15,1.44,7,4,2
P00453,2024-09-30,28,359.4,12.83,1.9,4,4,2
P00453,2024-10-31,28,382.2,13.65,0.97,3,4,2
P00453,2024-11-30,28,363.2,12.97,0.55,8,4,0
P00453,2024-12-31,25,327.4,13.1,1.1,8,4,1
P00453,2025-01-30,28,370.3,13.23,0.56,2,4,1
P00453,2025-03-02,29,386.0,13.31,3.26,2,4,0
P00453,2025-04-01,26,344.9,13.26,2.47,7,4,4
P00453,2025-05-01,26,351.9,13.53,2.86,4,4,0
P00453,2025-06-01,29,388.0,13.38,1.4,4,4,1
P00453,2025-07-01,30,390.1,13.0,1.0,3,4,1
P00453,2025-08-01,27,376.0,13.92,5.87,5,4,1
P00453,2025-08-31,28,375.0,13.39,1.15,6,4,1
P00453,2025-10-01,29,401.4,13.84,0.94,4,4,0
P00453,2025-10-31,28,385.3,13.76,1.92,5,4,0
P00453,2025-12-01,26,356.3,13.7,3.42,4,4,0
P00453,2025-12-31,24,341.4,14.23,1.95,3,4,0
P00453,2026-01-30,28,393.2,14.04,1.13,4,4,1
P00453,2026-03-02,25,360.3,14.41,0.73,4,4,1
P00453,2026-04-01,28,388.6,13.88,3.33,4,4,0
P00453,2026-05-02,27,381.7,14.14,3.16,4,4,2
P00453,2026-06-01,29,402.1,13.86,1.69,2,4,0
P00453,2026-07-02,27,383.4,14.2,3.06,4,4,0
P00453,2026-08-01,29,398.8,13.75,3.2,3,4,0
P00454,2024-08-31,28,352.6,12.59,1.93,3,4,0
P00454,2024-09-30,30,382.5,12.75,2.51,4,4,0
P00454,2024-10-31,31,405.8,13.09,1.13,5,4,0
P00454,2024-11-30,28,347.6,12.41,3.35,7,4,1
P00454,2024-12-31,29,374.3,12.91,1.68,2,4,1
P00454,2025-01-30,29,361.0,12.45,1.91,6,4,2
P00454,2025-03-02,29,358.1,12.35,1.53,7,4,1
P00454,2025-04-01,26,307.4,11.82,3.81,4,4,0
P00454,2025-05-01,28,323.7,11.56,1.21,5,4,0
P00454,2025-06-01,28,330.4,11.8,1.12,1,4,0
P00454,2025-07-01,28,342.8,12.24,3.48,1,4,1
P00454,2025-08-01,27,312.3,11.57,0.98,4,4,2
P00454,2025-08-31,28,331.2,11.83,3.25,5,4,1
P00454,2025-10-01,30,370.2,12.34,3.78,5,4,0
P00454,2025-10-31,29,352.6,12.16,1.94,3,4,1
P00454,2025-12-01,29,344.5,11.88,0.95,4,4,0
P00454,2025-12-31,26,318.6,12.25,2.41,5,4,2
P00454,2026-01-30,26,329.5,12.67,0.76,3,4,0
P00454,2026-03-02,29,365.2,12.59,1.91,4,4,0
P00454,2026-04-01,26,321.5,12.37,1.05,3,4,0
P00454,2026-05-02,30,366.4,12.21,3.92,4,4,1
P00454,2026-06-01,26,311.4,11.98,0.2,6,4,1
P00454,2026-07-02,26,307.1,11.81,2.3,6,4,0
P00454,2026-08-01,27,334.8,12.4,0.69,6,4,1
P00455,2024-08-31,28,367.5,13.13,1.9,5,4,1
P00455,2024-09-30,30,394.1,13.14,4.33,7,4,1
P00455,2024-10-31,27,365.5,13.54,4.03,6,4,1
P00455,2024-11-30,27,357.6,13.24,2.37,7,4,0
P00455,2024-12-31,31,416.8,13.44,1.09,8,4,0
P00455,2025-01-30,28,383.4,13.69,0.26,6,4,1
P00455,2025-03-02,30,398.7,13.29,1.62,3,4,1
P00455,2025-04-01,27,375.7,13.91,1.14,5,4,1
P00455,2025-05-01,27,371.6,13.76,2.57,5,4,0
P00455,2025-06-01,27,375.3,13.9,2.93,6,4,2
P00455,2025-07-01,31,429.8,13.86,1.64,9,4,1
P00455,2025-08-01,30,413.5,13.78,4.24,8,4,1
P00455,2025-08-31,29,421.4,14.53,3.42,7,4,0
P00455,2025-10-01,28,387.6,13.84,1.49,11,4,0
P00455,2025-10-31,30,427.0,14.23,3.21,7,4,0
P00455,2025-12-01,29,413.4,14.25,2.98,3,4,2
P00455,2025-12-31,27,403.6,14.95,0.85,4,4,2
P00455,2026-01-30,29,397.5,13.71,1.64,7,4,0
P00455,2026-03-02,25,339.8,13.59,0.62,6,4,2
P00455,2026-04-01,30,403.8,13.46,2.3,4,4,0
P00455,2026-05-02,27,368.7,13.65,4.7,1,4,0
P00455,2026-06-01,28,406.6,14.52,5.26,6,4,1
P00455,2026-07-02,31,437.6,14.12,1.23,4,4,1
P00455,2026-08-01,29,395.9,13.65,0.87,5,4,0
P00456,2024-08-31,28,362.7,12.95,1.06,5,4,1
P00456,2024-09-30,27,363.4,13.46,1.36,5,4,0
P00456,2024-10-31,27,331.7,12.29,2.71,4,4,1
P00456,2024-11-30,27,323.4,11.98,1.55,5,4,1
P00456,2024-12-31,26,317.8,12.22,1.26,5,4,1
P00456,2025-01-30,31,382.8,12.35,0.92,6,4,1
P00456,2025-03-02,26,302.2,11.62,2.58,2,4,1
P00456,2025-04-01,27,316.8,11.73,6.0,1,4,3
P00456,2025-05-01,27,317.6,11.76,1.6,8,4,1
P00456,2025-06-01,27,295.1,10.93,2.01,2,4,1
P00456,2025-07-01,28,308.3,11.01,0.35,6,4,2
P00456,2025-08-01,27,293.9,10.89,1.75,8,4,0
P00456,2025-08-31,27,295.6,10.95,3.57,2,4,2
P00456,2025-10-01,28,309.1,11.04,2.66,2,4,0
P00456,2025-10-31,28,325.5,11.62,2.2,0,4,1
P00456,2025-12-01,29,351.7,12.13,1.08,4,4,0
P00456,2025-12-31,28,366.3,13.08,2.72,2,4,1
P00456,2026-01-30,28,362.6,12.95,1.98,6,4,1
P00456,2026-03-02,29,373.1,12.87,0.78,3,4,1
P00456,2026-04-01,27,348.6,12.91,2.12,1,4,0
P00456,2026-05-02,26,349.4,13.44,0.32,5,4,1
P00456,2026-06-01,30,394.4,13.15,1.15,3,4,0
P00456,2026-07-02,26,339.0,13.04,0.93,4,4,1
P00456,2026-08-01,27,359.8,13.33,4.45,1,4,1
P00457,2024-08-31,28,369.3,13.19,1.15,2,4,1
P00457,2024-09-30,30,393.5,13.12,1.1,2,4,2
P00457,2024-10-31,25,334.9,13.4,1.61,5,4,0
P00457,2024-11-30,27,363.5,13.46,0.9,8,4,1
P00457,2024-12-31,31,392.5,12.66,4.53,6,4,1
P00457,2025-01-30,29,369.7,12.75,2.39,8,4,1
P00457,2025-03-02,28,356.0,12.71,3.74,6,4,2
P00457,2025-04-01,27,338.0,12.52,1.58,7,4,0
P00457,2025-05-01,28,364.9,13.03,1.24,4,4,1
P00457,2025-06-01,31,397.4,12.82,1.31,3,4,0
P00457,2025-07-01,28,363.7,12.99,1.19,7,4,0
P00457,2025-08-01,27,346.7,12.84,0.74,4,4,0
P00457,2025-08-31,23,316.1,13.74,3.08,8,4,0
P00457,2025-10-01,28,367.3,13.12,1.67,6,4,0
P00457,2025-10-31,24,312.2,13.01,1.11,8,4,1
P00457,2025-12-01,27,363.2,13.45,0.69,6,4,2
P00457,2025-12-31,30,379.4,12.65,1.22,6,4,1
P00457,2026-01-30,28,365.9,13.07,1.4,6,4,1
P00457,2026-03-02,30,351.2,11.71,1.67,8,4,0
P00457,2026-04-01,27,337.9,12.52,1.19,5,4,0
P00457,2026-05-02,27,338.4,12.53,1.14,2,4,0
P00457,2026-06-01,28,341.1,12.18,2.67,6,4,1
P00457,2026-07-02,26,307.5,11.83,2.93,2,4,1
P00457,2026-08-01,30,376.6,12.55,2.75,3,4,0
P00458,2024-08-31,30,399.9,13.33,1.33,3,4,1
P00458,2024-09-30,27,351.8,13.03,0.94,4,4,0
P00458,2024-10-31,29,381.1,13.14,2.18,3,4,1
P00458,2024-11-30,28,366.3,13.08,0.6,7,4,0
P00458,2024-12-31,30,380.1,12.67,3.28,6,4,0
P00458,2025-01-30,27,364.7,13.51,3.44,6,4,0
P00458,2025-03-02,27,369.7,13.69,2.74,12,4,0
P00458,2025-04-01,30,377.1,12.57,1.68,6,4,0
P00458,2025-05-01,26,343.2,13.2,4.6,7,4,1
P00458,2025-06-01,30,411.6,13.72,0.53,10,4,0
P00458,2025-07-01,31,393.4,12.69,0.75,6,4,0
P00458,2025-08-01,26,345.0,13.27,1.29,3,4,0
P00458,2025-08-31,27,346.4,12.83,2.59,10,4,0
P00458,2025-10-01,30,400.3,13.34,0.87,5,4,1
P00458,2025-10-31,26,325.8,12.53,1.44,4,4,1
P00458,2025-12-01,27,360.1,13.34,2.67,4,4,0
P00458,2025-12-31,29,377.0,13.0,0.68,4,4,1
P00458,2026-01-30,26,336.5,12.94,0.95,6,4,0
P00458,2026-03-02,26,334.6,12.87,1.5,8,4,1
P00458,2026-04-01,28,370.0,13.21,2.83,4,4,0
P00458,2026-05-02,27,359.6,13.32,1.84,5,4,1
P00458,2026-06-01,28,356.1,12.72,2.18,10,4,0
P00458,2026-07-02,31,414.7,13.38,1.36,3,4,0
P00458,2026-08-01,29,377.0,13.0,1.65,3,4,0
P00459,2024-08-31,28,393.6,14.06,6.0,8,4,0
P00459,2024-09-30,30,402.2,13.41,3.92,4,4,0
P00459,2024-10-31,30,413.0,13.77,3.3,6,4,2
P00459,2024-11-30,30,397.5,13.25,2.86,6,4,2
P00459,2024-12-31,30,419.6,13.99,6.0,6,4,0
P00459,2025-01-30,28,375.9,13.42,0.29,8,4,0
P00459,2025-03-02,26,365.8,14.07,2.09,4,4,1
P00459,2025-04-01,29,405.0,13.97,0.59,8,4,2
P00459,2025-05-01,31,449.5,14.5,2.02,5,4,0
P00459,2025-06-01,28,379.6,13.56,1.4,6,4,1
P00459,2025-07-01,31,412.0,13.29,5.97,3,4,1
P00459,2025-08-01,30,405.0,13.5,2.83,5,4,1
P00459,2025-08-31,30,400.9,13.36,6.0,10,4,0
P00459,2025-10-01,31,394.8,12.74,6.0,6,4,0
P00459,2025-10-31,27,362.9,13.44,2.12,4,4,4
P00459,2025-12-01,30,415.0,13.83,6.0,11,4,1
P00459,2025-12-31,30,402.7,13.42,6.0,3,4,2
P00459,2026-01-30,27,361.1,13.37,1.35,12,4,1
P00459,2026-03-02,31,423.3,13.66,1.3,9,4,1
P00459,2026-04-01,31,412.2,13.3,2.18,7,4,1
P00459,2026-05-02,30,407.6,13.59,2.24,4,4,0
P00459,2026-06-01,28,393.4,14.05,4.68,9,4,1
P00459,2026-07-02,27,395.3,14.64,4.42,12,4,1
P00459,2026-08-01,29,410.4,14.15,4.25,5,4,0
P00460,2024-08-31,31,433.8,13.99,6.0,6,4,1
P00460,2024-09-30,28,410.9,14.68,2.62,5,4,0
P00460,2024-10-31,28,388.2,13.86,1.39,4,4,0
P00460,2024-11-30,30,392.1,13.07,6.0,8,4,2
P00460,2024-12-31,30,411.7,13.72,3.65,13,4,1
P00460,2025-01-30,29,409.6,14.12,1.47,12,4,3
P00460,2025-03-02,31,410.4,13.24,1.51,7,4,1
P00460,2025-04-01,29,409.3,14.11,4.43,5,4,1
P00460,2025-05-01,28,369.7,13.2,5.18,5,4,0
P00460,2025-06-01,30,415.8,13.86,1.99,8,4,2
P00460,2025-07-01,30,388.8,12.96,4.53,7,4,0
P00460,2025-08-01,29,380.8,13.13,2.4,4,4,2
P00460,2025-08-31,30,366.6,12.22,6.0,3,4,0
P00460,2025-10-01,31,401.4,12.95,1.83,6,4,0
P00460,2025-10-31,31,399.7,12.89,0.51,7,4,1
P00460,2025-12-01,28,351.0,12.54,1.25,7,4,0
P00460,2025-12-31,29,353.1,12.18,6.0,10,4,0
P00460,2026-01-30,29,370.3,12.77,0.6,7,4,0
P00460,2026-03-02,25,314.2,12.57,4.12,3,4,1
P00460,2026-04-01,31,410.5,13.24,1.41,3,4,1
P00460,2026-05-02,30,381.5,12.72,0.2,4,4,0
P00460,2026-06-01,30,375.3,12.51,1.01,3,4,0
P00460,2026-07-02,30,374.4,12.48,1.04,5,4,2
P00460,2026-08-01,27,344.7,12.77,3.63,8,4,2
P00461,2024-08-31,27,348.4,12.9,5.5,7,4,1
P00461,2024-09-30,25,325.0,13.0,3.01,4,4,0
P00461,2024-10-31,30,365.0,12.17,2.7,4,4,2
P00461,2024-11-30,23,295.6,12.85,0.84,4,4,0
P00461,2024-12-31,29,393.4,13.57,0.89,4,4,3
P00461,2025-01-30,29,377.0,13.0,0.88,3,4,2
P00461,2025-03-02,29,365.6,12.61,0.98,5,4,1
P00461,2025-04-01,28,368.2,13.15,1.8,5,4,1
P00461,2025-05-01,25,332.7,13.31,3.38,2,4,2
P00461,2025-06-01,26,353.5,13.6,1.34,7,4,2
P00461,2025-07-01,25,320.0,12.8,0.43,3,4,1
P00461,2025-08-01,26,343.0,13.19,5.51,9,4,1
P00461,2025-08-31,27,365.5,13.54,1.78,5,4,0
P00461,2025-10-01,27,352.9,13.07,1.25,3,4,1
P00461,2025-10-31,26,339.6,13.06,1.9,5,4,2
P00461,2025-12-01,27,370.5,13.72,2.35,4,4,0
P00461,2025-12-31,28,371.8,13.28,0.44,6,4,0
P00461,2026-01-30,27,369.1,13.67,0.87,7,4,1
P00461,2026-03-02,26,339.7,13.07,1.89,4,4,2
P00461,2026-04-01,28,378.9,13.53,1.11,7,4,1
P00461,2026-05-02,29,392.7,13.54,1.74,6,4,0
P00461,2026-06-01,26,326.2,12.55,0.79,3,4,0
P00461,2026-07-02,27,341.2,12.64,3.28,6,4,2
P00461,2026-08-01,27,342.3,12.68,0.29,7,4,1
P00462,2024-08-31,29,241.2,8.32,6.0,3,4,3
P00462,2024-09-30,26,210.7,8.11,6.0,6,4,1
P00462,2024-10-31,30,223.1,7.44,2.01,4,4,2
P00462,2024-11-30,27,226.8,8.4,1.43,7,4,3
P00462,2024-12-31,30,240.2,8.01,0.95,2,4,2
P00462,2025-01-30,29,217.3,7.49,1.22,4,4,2
P00462,2025-03-02,29,233.1,8.04,4.76,11,4,4
P00462,2025-04-01,28,216.7,7.74,3.91,5,4,2
P00462,2025-05-01,28,218.1,7.79,0.2,7,4,1
P00462,2025-06-01,29,225.9,7.79,1.78,6,4,2
P00462,2025-07-01,28,218.5,7.8,0.43,3,4,2
P00462,2025-08-01,24,188.5,7.85,2.51,11,4,3
P00462,2025-08-31,28,216.5,7.73,2.19,4,4,2
P00462,2025-10-01,29,224.5,7.74,5.02,6,4,2
P00462,2025-10-31,27,235.6,8.72,1.31,4,4,2
P00462,2025-12-01,31,255.3,8.24,2.18,2,4,1
P00462,2025-12-31,26,216.0,8.31,4.36,2,4,3
P00462,2026-01-30,30,253.8,8.46,0.47,2,4,1
P00462,2026-03-02,28,239.3,8.55,2.09,4,4,4
P00462,2026-04-01,29,250.5,8.64,2.67,9,4,2
P00462,2026-05-02,28,244.5,8.73,2.41,3,4,1
P00462,2026-06-01,27,232.7,8.62,0.39,5,4,3
P00462,2026-07-02,29,251.9,8.69,2.31,10,4,3
P00462,2026-08-01,29,251.3,8.67,3.01,10,4,4
P00463,2024-08-31,28,390.2,13.94,0.69,5,4,0
P00463,2024-09-30,28,385.0,13.75,3.49,7,4,0
P00463,2024-10-31,31,424.8,13.7,5.3,9,4,0
P00463,2024-11-30,30,406.9,13.56,6.0,9,4,1
P00463,2024-12-31,30,412.5,13.75,2.22,10,4,2
P00463,2025-01-30,28,391.1,13.97,3.88,4,4,0
P00463,2025-03-02,28,411.4,14.69,0.64,2,4,1
P00463,2025-04-01,31,427.5,13.79,1.18,11,4,2
P00463,2025-05-01,27,391.8,14.51,3.32,5,4,0
P00463,2025-06-01,26,383.7,14.76,0.33,7,4,0
P00463,2025-07-01,31,402.6,12.99,2.03,5,4,0
P00463,2025-08-01,30,432.1,14.4,3.29,5,4,0
P00463,2025-08-31,28,397.5,14.19,6.0,7,4,0
P00463,2025-10-01,28,386.9,13.82,2.62,9,4,1
P00463,2025-10-31,29,385.7,13.3,1.16,9,4,1
P00463,2025-12-01,29,389.9,13.44,1.27,8,4,2
P00463,2025-12-31,29,404.2,13.94,1.16,7,4,1
P00463,2026-01-30,30,425.0,14.17,3.98,9,4,1
P00463,2026-03-02,29,396.4,13.67,5.28,4,4,1
P00463,2026-04-01,28,365.9,13.07,1.41,5,4,0
P00463,2026-05-02,28,381.9,13.64,2.71,7,4,0
P00463,2026-06-01,31,437.8,14.12,2.98,5,4,1
P00463,2026-07-02,30,409.4,13.65,1.47,5,4,0
P00463,2026-08-01,30,410.6,13.69,3.85,6,4,0
P00464,2024-08-31,29,244.7,8.44,2.05,3,4,4
P00464,2024-09-30,31,257.1,8.3,1.1,7,4,2
P00464,2024-10-31,27,239.6,8.87,1.99,0,4,4
P00464,2024-11-30,26,235.3,9.05,3.69,8,4,3
P00464,2024-12-31,26,215.8,8.3,2.14,7,4,4
P00464,2025-01-30,30,239.8,7.99,5.36,8,4,2
P00464,2025-03-02,26,228.9,8.8,0.48,1,4,1
P00464,2025-04-01,29,263.0,9.07,0.2,6,4,1
P00464,2025-05-01,25,218.0,8.72,3.63,4,4,2
P00464,2025-06-01,27,232.4,8.61,2.35,2,4,3
P00464,2025-07-01,28,257.8,9.21,3.83,9,4,2
P00464,2025-08-01,30,280.7,9.36,3.69,3,4,1
P00464,2025-08-31,29,262.4,9.05,1.11,7,4,4
P00464,2025-10-01,29,261.3,9.01,1.35,2,4,1
P00464,2025-10-31,31,302.6,9.76,0.32,7,4,2
P00464,2025-12-01,29,264.5,9.12,4.64,2,4,1
P00464,2025-12-31,29,245.2,8.45,0.75,10,4,2
P00464,2026-01-30,30,263.7,8.79,1.17,5,4,3
P00464,2026-03-02,29,251.8,8.68,2.99,4,4,1
P00464,2026-04-01,30,270.2,9.01,1.08,7,4,2
P00464,2026-05-02,25,206.0,8.24,1.36,5,4,3
P00464,2026-06-01,28,244.7,8.74,1.79,6,4,1
P00464,2026-07-02,27,215.1,7.97,3.26,5,4,1
P00464,2026-08-01,30,253.1,8.44,2.75,10,4,2
P00465,2024-08-31,27,359.6,13.32,1.42,3,4,0
P00465,2024-09-30,31,407.0,13.13,3.44,4,4,1
P00465,2024-10-31,29,401.2,13.84,6.0,5,4,1
P00465,2024-11-30,28,399.0,14.25,0.68,8,4,0
P00465,2024-12-31,30,427.0,14.23,1.63,6,4,1
P00465,2025-01-30,31,416.9,13.45,2.09,3,4,2
P00465,2025-03-02,27,352.8,13.07,1.06,7,4,1
P00465,2025-04-01,27,355.0,13.15,1.81,2,4,0
P00465,2025-05-01,26,366.8,14.11,1.57,5,4,0
P00465,2025-06-01,29,385.7,13.3,6.0,5,4,0
P00465,2025-07-01,28,376.3,13.44,3.48,4,4,1
P00465,2025-08-01,29,410.2,14.15,0.87,5,4,0
P00465,2025-08-31,30,398.9,13.3,3.36,10,4,2
P00465,2025-10-01,29,403.7,13.92,1.55,3,4,1
P00465,2025-10-31,28,404.5,14.45,2.03,10,4,0
P00465,2025-12-01,28,410.2,14.65,3.45,7,4,1
P00465,2025-12-31,30,441.2,14.71,1.45,5,4,2
P00465,2026-01-30,28,414.2,14.79,6.0,6,4,1
P00465,2026-03-02,29,448.0,15.45,0.71,4,4,2
P00465,2026-04-01,28,404.6,14.45,2.11,6,4,2
P00465,2026-05-02,28,422.9,15.1,0.32,3,4,0
P00465,2026-06-01,29,446.3,15.39,0.81,9,4,1
P00465,2026-07-02,28,390.3,13.94,1.28,5,4,0
P00465,2026-08-01,30,443.7,14.79,0.74,8,4,0
P00466,2024-08-31,27,356.3,13.2,0.7,7,4,2
P00466,2024-09-30,29,377.7,13.02,1.04,2,4,0
P00466,2024-10-31,26,333.1,12.81,0.4,6,4,2
P00466,2024-11-30,27,341.3,12.64,3.96,5,4,0
P00466,2024-12-31,29,394.7,13.61,3.3,6,4,0
P00466,2025-01-30,31,409.9,13.22,1.04,4,4,2
P00466,2025-03-02,30,380.7,12.69,2.28,7,4,1
P00466,2025-04-01,31,412.7,13.31,1.51,11,4,0
P00466,2025-05-01,28,383.2,13.69,2.12,1,4,1
P00466,2025-06-01,27,367.8,13.62,2.37,6,4,1
P00466,2025-07-01,31,423.4,13.66,2.72,4,4,0
P00466,2025-08-01,30,398.3,13.28,0.23,3,4,1
P00466,2025-08-31,29,376.3,12.98,0.45,4,4,1
P00466,2025-10-01,30,411.8,13.73,2.62,6,4,1
P00466,2025-10-31,28,365.3,13.05,1.43,5,4,1
P00466,2025-12-01,30,394.5,13.15,1.97,6,4,2
P00466,2025-12-31,27,348.0,12.89,1.5,7,4,0
P00466,2026-01-30,28,335.3,11.97,0.95,5,4,0
P00466,2026-03-02,30,406.8,13.56,3.46,3,4,1
P00466,2026-04-01,29,385.0,13.28,6.0,10,4,1
P00466,2026-05-02,30,397.1,13.24,1.39,4,4,2
P00466,2026-06-01,27,378.7,14.03,2.58,7,4,0
P00466,2026-07-02,25,339.8,13.59,2.93,7,4,1
P00466,2026-08-01,28,371.7,13.28,1.6,9,4,2
P00467,2024-08-31,29,238.5,8.22,3.18,2,4,2
P00467,2024-09-30,30,212.5,7.08,1.27,4,4,3
P00467,2024-10-31,31,230.0,7.42,0.48,4,4,2
P00467,2024-11-30,24,186.6,7.78,1.51,4,4,2
P00467,2024-12-31,29,225.0,7.76,1.61,4,4,3
P00467,2025-01-30,29,219.1,7.55,0.99,7,4,2
P00467,2025-03-02,27,188.0,6.96,1.87,8,4,2
P00467,2025-04-01,28,198.9,7.11,1.45,4,4,2
P00467,2025-05-01,26,169.3,6.51,1.58,9,4,0
P00467,2025-06-01,29,214.5,7.4,1.66,1,4,3
P00467,2025-07-01,29,192.7,6.65,0.2,2,4,2
P00467,2025-08-01,28,195.1,6.97,2.18,4,4,4
P00467,2025-08-31,29,211.0,7.28,0.67,6,4,2
P00467,2025-10-01,30,212.5,7.08,0.31,3,4,4
P00467,2025-10-31,28,205.9,7.35,1.06,5,4,1
P00467,2025-12-01,31,229.0,7.39,0.98,4,4,2
P00467,2025-12-31,29,223.9,7.72,1.97,8,4,1
P00467,2026-01-30,24,168.4,7.01,2.21,5,4,2
P00467,2026-03-02,31,203.4,6.56,0.85,1,4,2
P00467,2026-04-01,27,186.2,6.89,2.39,6,4,3
P00467,2026-05-02,28,162.2,5.79,1.51,4,4,2
P00467,2026-06-01,25,172.9,6.92,0.66,4,4,4
P00467,2026-07-02,28,173.6,6.2,2.83,4,4,3
P00467,2026-08-01,30,202.4,6.75,2.15,4,4,3
P00468,2024-08-31,30,405.3,13.51,6.0,7,4,0
P00468,2024-09-30,31,429.7,13.86,2.14,6,4,0
P00468,2024-10-31,27,349.8,12.96,6.0,6,4,2
P00468,2024-11-30,27,345.6,12.8,0.41,7,4,1
P00468,2024-12-31,30,395.1,13.17,0.49,8,4,1
P00468,2025-01-30,25,333.6,13.34,1.37,4,4,1
P00468,2025-03-02,30,420.1,14.0,1.33,3,4,0
P00468,2025-04-01,27,394.0,14.59,2.08,7,4,1
P00468,2025-05-01,25,363.2,14.53,2.68,10,4,2
P00468,2025-06-01,30,404.5,13.48,6.0,2,4,2
P00468,2025-07-01,30,432.3,14.41,2.23,5,4,2
P00468,2025-08-01,28,408.1,14.57,1.94,6,4,2
P00468,2025-08-31,30,456.1,15.2,1.75,4,4,3
P00468,2025-10-01,28,417.9,14.93,2.75,7,4,1
P00468,2025-10-31,31,462.7,14.93,6.0,5,4,3
P00468,2025-12-01,25,360.2,14.41,2.36,6,4,1
P00468,2025-12-31,28,410.0,14.64,2.91,6,4,1
P00468,2026-01-30,26,370.4,14.25,2.24,4,4,1
P00468,2026-03-02,25,364.6,14.58,3.97,5,4,0
P00468,2026-04-01,29,399.4,13.77,1.07,6,4,0
P00468,2026-05-02,27,386.3,14.31,3.55,7,4,1
P00468,2026-06-01,27,370.8,13.73,1.53,4,4,1
P00468,2026-07-02,31,428.9,13.84,1.2,12,4,1
P00468,2026-08-01,28,383.0,13.68,1.82,3,4,1
P00469,2024-08-31,28,396.2,14.15,2.31,4,4,0
P00469,2024-09-30,28,377.8,13.49,1.16,7,4,1
P00469,2024-10-31,29,368.1,12.69,1.5,11,4,0
P00469,2024-11-30,31,416.3,13.43,3.94,5,4,2
P00469,2024-12-31,29,387.9,13.38,2.89,4,4,1
P00469,2025-01-30,31,411.4,13.27,4.64,6,4,1
P00469,2025-03-02,29,387.9,13.38,0.4,7,4,1
P00469,2025-04-01,28,368.5,13.16,2.28,5,4,0
P00469,2025-05-01,27,339.5,12.58,2.94,7,4,0
P00469,2025-06-01,29,396.5,13.67,1.52,9,4,0
P00469,2025-07-01,27,358.9,13.29,3.4,8,4,1
P00469,2025-08-01,31,403.0,13.0,2.4,5,4,1
P00469,2025-08-31,30,411.4,13.71,1.19,12,4,1
P00469,2025-10-01,29,400.6,13.81,1.72,7,4,2
P00469,2025-10-31,30,402.9,13.43,1.52,8,4,0
P00469,2025-12-01,29,394.4,13.6,3.85,8,4,1
P00469,2025-12-31,30,431.4,14.38,0.2,6,4,1
P00469,2026-01-30,31,441.3,14.24,1.46,5,4,0
P00469,2026-03-02,31,416.3,13.43,2.47,8,4,1
P00469,2026-04-01,28,392.4,14.01,4.24,5,4,0
P00469,2026-05-02,27,381.8,14.14,1.07,6,4,1
P00469,2026-06-01,29,396.2,13.66,5.89,8,4,2
P00469,2026-07-02,29,412.3,14.22,0.29,2,4,1
P00469,2026-08-01,28,377.8,13.49,3.08,4,4,1
P00470,2024-08-31,28,369.3,13.19,2.34,4,4,0
P00470,2024-09-30,30,401.7,13.39,2.33,2,4,1
P00470,2024-10-31,25,336.5,13.46,1.09,5,4,1
P00470,2024-11-30,27,351.3,13.01,5.12,4,4,0
P00470,2024-12-31,26,339.3,13.05,5.2,7,4,1
P00470,2025-01-30,29,386.9,13.34,0.78,7,4,2
P00470,2025-03-02,29,378.6,13.06,2.07,4,4,1
P00470,2025-04-01,27,353.0,13.07,0.68,4,4,0
P00470,2025-05-01,27,348.4,12.9,5.69,2,4,1
P00470,2025-06-01,29,388.6,13.4,2.71,4,4,0
P00470,2025-07-01,29,384.7,13.26,1.68,4,4,1
P00470,2025-08-01,30,382.2,12.74,2.66,8,4,0
P00470,2025-08-31,27,355.6,13.17,1.59,7,4,2
P00470,2025-10-01,28,367.3,13.12,4.0,6,4,1
P00470,2025-10-31,26,336.6,12.95,1.36,5,4,1
P00470,2025-12-01,26,350.5,13.48,0.74,3,4,2
P00470,2025-12-31,29,402.5,13.88,2.81,5,4,1
P00470,2026-01-30,27,351.5,13.02,0.48,9,4,1
P00470,2026-03-02,29,389.4,13.43,2.2,4,4,0
P00470,2026-04-01,29,393.2,13.56,3.04,10,4,1
P00470,2026-05-02,27,363.1,13.45,2.15,3,4,0
P00470,2026-06-01,28,383.0,13.68,3.71,3,4,0
P00470,2026-07-02,26,339.7,13.06,3.78,5,4,1
P00470,2026-08-01,27,369.8,13.7,2.96,5,4,0
P00471,2024-08-31,27,184.3,6.83,0.94,3,4,1
P00471,2024-09-30,28,211.9,7.57,2.15,7,4,2
P00471,2024-10-31,30,237.7,7.92,1.79,5,4,1
P00471,2024-11-30,27,206.8,7.66,2.43,9,4,1
P00471,2024-12-31,27,201.3,7.46,1.38,3,4,0
P00471,2025-01-30,28,212.1,7.57,1.58,2,4,3
P00471,2025-03-02,29,215.3,7.42,4.09,3,4,2
P00471,2025-04-01,28,220.3,7.87,1.45,6,4,3
P00471,2025-05-01,30,224.4,7.48,0.2,10,4,3
P00471,2025-06-01,29,203.7,7.02,1.69,3,4,2
P00471,2025-07-01,29,232.1,8.0,0.9,4,4,1
P00471,2025-08-01,30,218.8,7.29,1.35,9,4,3
P00471,2025-08-31,27,195.5,7.24,1.23,7,4,3
P00471,2025-10-01,30,206.8,6.89,4.17,2,4,3
P00471,2025-10-31,27,184.0,6.81,4.01,5,4,4
P00471,2025-12-01,29,197.9,6.82,4.79,1,4,3
P00471,2025-12-31,27,182.1,6.74,1.12,3,4,1
P00471,2026-01-30,28,179.1,6.4,5.35,4,4,2
P00471,2026-03-02,24,141.4,5.89,2.32,5,4,2
P00471,2026-04-01,27,164.7,6.1,1.21,5,4,3
P00471,2026-05-02,27,156.4,5.79,0.69,7,4,3
P00471,2026-06-01,26,159.1,6.12,3.88,3,4,2
P00471,2026-07-02,28,207.4,7.41,1.83,7,4,3
P00471,2026-08-01,28,169.6,6.06,6.0,7,4,3
P00472,2024-08-31,29,361.0,12.45,0.28,2,4,1
P00472,2024-09-30,26,330.2,12.7,1.95,3,4,0
P00472,2024-10-31,31,392.4,12.66,1.88,4,4,0
P00472,2024-11-30,26,334.3,12.86,2.79,5,4,2
P00472,2024-12-31,27,335.1,12.41,1.94,2,4,0
P00472,2025-01-30,28,351.8,12.57,2.9,2,4,2
P00472,2025-03-02,25,312.3,12.49,2.16,8,4,1
P00472,2025-04-01,28,361.6,12.91,2.91,5,4,0
P00472,2025-05-01,27,339.3,12.57,2.03,3,4,1
P00472,2025-06-01,28,317.4,11.34,0.88,6,4,2
P00472,2025-07-01,27,310.0,11.48,3.29,3,4,1
P00472,2025-08-01,29,350.9,12.1,4.97,4,4,0
P00472,2025-08-31,30,344.6,11.49,1.84,2,4,0
P00472,2025-10-01,29,349.2,12.04,0.64,6,4,1
P00472,2025-10-31,28,338.6,12.09,4.75,4,4,0
P00472,2025-12-01,26,315.2,12.12,1.68,8,4,0
P00472,2025-12-31,27,332.9,12.33,0.27,2,4,0
P00472,2026-01-30,26,315.6,12.14,3.03,5,4,1
P00472,2026-03-02,31,361.1,11.65,5.06,1,4,2
P00472,2026-04-01,28,329.0,11.75,4.6,2,4,1
P00472,2026-05-02,27,314.1,11.63,1.08,4,4,4
P00472,2026-06-01,25,305.7,12.23,1.18,2,4,2
P00472,2026-07-02,26,304.7,11.72,2.91,8,4,0
P00472,2026-08-01,28,310.2,11.08,1.24,5,4,0
P00473,2024-08-31,29,380.2,13.11,5.54,6,4,0
P00473,2024-09-30,30,384.4,12.81,0.2,7,4,1
P00473,2024-10-31,28,347.4,12.41,5.23,1,4,2
P00473,2024-11-30,30,364.6,12.15,0.45,7,4,1
P00473,2024-12-31,29,358.8,12.37,6.0,2,4,2
P00473,2025-01-30,28,335.9,12.0,3.62,7,4,0
P00473,2025-03-02,29,334.1,11.52,2.62,7,4,1
P00473,2025-04-01,27,329.9,12.22,2.33,5,4,1
P00473,2025-05-01,30,381.0,12.7,3.27,4,4,0
P00473,2025-06-01,27,325.1,12.04,2.75,6,4,0
P00473,2025-07-01,27,347.1,12.86,3.81,6,4,0
P00473,2025-08-01,31,384.6,12.41,1.23,4,4,1
P00473,2025-08-31,29,378.9,13.07,1.15,11,4,0
P00473,2025-10-01,31,403.4,13.01,1.78,7,4,0
P00473,2025-10-31,30,383.1,12.77,2.85,5,4,1
P00473,2025-12-01,25,318.1,12.73,2.1,7,4,0
P00473,2025-12-31,25,326.3,13.05,1.11,9,4,2
P00473,2026-01-30,27,372.9,13.81,3.66,6,4,3
P00473,2026-03-02,28,371.2,13.26,3.42,6,4,1
P00473,2026-04-01,30,397.3,13.24,2.64,4,4,1
P00473,2026-05-02,28,365.0,13.03,5.29,6,4,0
P00473,2026-06-01,28,356.6,12.74,2.5,5,4,2
P00473,2026-07-02,30,383.1,12.77,0.91,5,4,0
P00473,2026-08-01,27,339.0,12.55,0.98,8,4,0
P00474,2024-08-31,30,409.0,13.63,4.92,7,4,3
P00474,2024-09-30,31,408.9,13.19,0.76,11,4,3
P00474,2024-10-31,31,431.2,13.91,6.0,10,4,0
P00474,2024-11-30,29,402.0,13.86,4.87,11,4,1
P00474,2024-12-31,31,407.1,13.13,3.49,7,4,1
P00474,2025-01-30,31,395.6,12.76,1.55,8,4,4
P00474,2025-03-02,29,391.4,13.5,2.21,8,4,1
P00474,2025-04-01,31,390.2,12.59,5.09,7,4,4
P00474,2025-05-01,28,338.6,12.09,4.55,10,4,2
P00474,2025-06-01,30,357.0,11.9,1.93,2,4,3
P00474,2025-07-01,28,364.5,13.02,0.8,7,4,1
P00474,2025-08-01,28,343.9,12.28,4.73,8,4,2
P00474,2025-08-31,29,346.1,11.94,2.98,3,4,4
P00474,2025-10-01,27,326.6,12.1,1.4,11,4,2
P00474,2025-10-31,31,363.9,11.74,4.99,7,4,3
P00474,2025-12-01,27,323.7,11.99,3.74,6,4,1
P00474,2025-12-31,27,317.3,11.75,3.93,8,4,2
P00474,2026-01-30,29,337.1,11.62,2.45,8,4,4
P00474,2026-03-02,31,374.0,12.06,1.1,9,4,2
P00474,2026-04-01,30,370.3,12.34,0.24,2,4,4
P00474,2026-05-02,30,344.7,11.49,1.01,10,4,3
P00474,2026-06-01,28,322.9,11.53,1.75,5,4,2
P00474,2026-07-02,28,334.8,11.96,4.98,14,4,3
P00474,2026-08-01,30,348.7,11.62,3.32,4,4,2
P00475,2024-08-31,28,361.6,12.91,6.0,7,4,2
P00475,2024-09-30,30,377.1,12.57,2.12,9,4,2
P00475,2024-10-31,31,413.5,13.34,1.59,4,4,2
P00475,2024-11-30,31,404.6,13.05,3.43,7,4,0
P00475,2024-12-31,28,361.4,12.91,2.08,9,4,2
P00475,2025-01-30,29,392.3,13.53,6.0,10,4,1
P00475,2025-03-02,29,369.5,12.74,0.24,4,4,0
P00475,2025-04-01,31,401.5,12.95,3.15,6,4,0
P00475,2025-05-01,28,366.7,13.09,6.0,6,4,0
P00475,2025-06-01,30,389.5,12.98,3.77,6,4,0
P00475,2025-07-01,29,377.1,13.0,6.0,9,4,1
P00475,2025-08-01,27,376.8,13.96,0.72,6,4,0
P00475,2025-08-31,30,419.6,13.99,1.68,9,4,0
P00475,2025-10-01,28,364.3,13.01,0.6,11,4,1
P00475,2025-10-31,30,408.2,13.61,0.98,11,4,0
P00475,2025-12-01,28,365.3,13.05,2.95,7,4,0
P00475,2025-12-31,29,370.7,12.78,0.36,6,4,0
P00475,2026-01-30,27,339.2,12.56,2.65,3,4,0
P00475,2026-03-02,28,353.1,12.61,6.0,8,4,1
P00475,2026-04-01,27,340.1,12.6,1.44,10,4,0
P00475,2026-05-02,29,359.0,12.38,1.35,11,4,0
P00475,2026-06-01,27,331.6,12.28,0.63,8,4,1
P00475,2026-07-02,31,392.5,12.66,2.82,7,4,0
P00475,2026-08-01,29,365.0,12.59,3.2,3,4,1
P00476,2024-08-31,30,214.5,7.15,2.57,5,4,3
P00476,2024-09-30,27,195.6,7.25,1.83,1,4,3
P00476,2024-10-31,26,189.1,7.27,3.31,10,4,2
P00476,2024-11-30,27,212.0,7.85,3.49,4,4,2
P00476,2024-12-31,26,202.6,7.79,2.85,2,4,4
P00476,2025-01-30,27,209.0,7.74,0.61,6,4,2
P00476,2025-03-02,28,211.1,7.54,2.9,3,4,2
P00476,2025-04-01,29,197.3,6.8,1.31,2,4,2
P00476,2025-05-01,28,213.0,7.61,0.81,9,4,2
P00476,2025-06-01,30,240.0,8.0,0.41,3,4,2
P00476,2025-07-01,28,229.5,8.2,1.9,6,4,2
P00476,2025-08-01,29,226.3,7.8,1.82,4,4,3
P00476,2025-08-31,27,223.9,8.29,4.04,6,4,2
P00476,2025-10-01,27,223.5,8.28,0.61,5,4,3
P00476,2025-10-31,29,253.0,8.72,3.79,5,4,2
P00476,2025-12-01,29,247.6,8.54,3.31,1,4,2
P00476,2025-12-31,26,235.1,9.04,1.71,2,4,2
P00476,2026-01-30,26,227.7,8.76,2.35,5,4,2
P00476,2026-03-02,27,203.7,7.55,2.64,8,4,2
P00476,2026-04-01,27,227.4,8.42,1.61,7,4,3
P00476,2026-05-02,29,272.3,9.39,1.94,8,4,2
P00476,2026-06-01,30,267.5,8.92,0.3,7,4,3
P00476,2026-07-02,28,254.0,9.07,1.93,2,4,2
P00476,2026-08-01,28,264.6,9.45,2.86,9,4,2
P00477,2024-08-31,29,402.2,13.87,3.59,2,4,2
P00477,2024-09-30,26,342.9,13.19,1.6,8,4,0
P00477,2024-10-31,27,354.1,13.11,0.2,7,4,1
P00477,2024-11-30,28,370.5,13.23,1.25,1,4,1
P00477,2024-12-31,28,362.3,12.94,4.09,7,4,1
P00477,2025-01-30,26,345.1,13.27,6.0,7,4,1
P00477,2025-03-02,31,402.9,13.0,2.18,8,4,0
P00477,2025-04-01,26,321.8,12.38,2.89,10,4,1
P00477,2025-05-01,26,330.9,12.73,1.04,4,4,1
P00477,2025-06-01,28,335.8,11.99,4.34,4,4,0
P00477,2025-07-01,29,360.8,12.44,1.4,16,4,2
P00477,2025-08-01,29,332.9,11.48,2.96,6,4,2
P00477,2025-08-31,31,384.1,12.39,1.28,13,4,1
P00477,2025-10-01,30,384.0,12.8,3.41,3,4,0
P00477,2025-10-31,30,370.4,12.35,1.32,6,4,0
P00477,2025-12-01,31,383.5,12.37,1.32,7,4,1
P00477,2025-12-31,31,401.8,12.96,6.0,2,4,1
P00477,2026-01-30,31,368.9,11.9,2.63,3,4,0
P00477,2026-03-02,27,325.7,12.06,0.77,7,4,0
P00477,2026-04-01,31,378.3,12.2,4.43,3,4,1
P00477,2026-05-02,31,387.0,12.48,1.25,7,4,1
P00477,2026-06-01,25,324.9,13.0,1.19,5,4,0
P00477,2026-07-02,30,397.8,13.26,1.36,6,4,0
P00477,2026-08-01,29,390.2,13.45,2.44,8,4,0
P00478,2024-08-31,27,189.4,7.02,2.61,6,4,2
P00478,2024-09-30,28,207.2,7.4,0.81,1,4,3
P00478,2024-10-31,25,211.4,8.46,2.07,3,4,4
P00478,2024-11-30,27,219.7,8.14,1.19,1,4,1
P00478,2024-12-31,25,191.4,7.66,4.51,4,4,1
P00478,2025-01-30,28,205.0,7.32,0.9,3,4,2
P00478,2025-03-02,25,193.1,7.72,1.54,5,4,1
P00478,2025-04-01,28,209.7,7.49,0.92,4,4,3
P00478,2025-05-01,27,220.9,8.18,6.0,6,4,2
P00478,2025-06-01,28,234.4,8.37,1.53,2,4,0
P00478,2025-07-01,29,237.2,8.18,1.77,3,4,3
P00478,2025-08-01,26,205.0,7.89,1.42,3,4,3
P00478,2025-08-31,27,201.7,7.47,0.58,2,4,2
P00478,2025-10-01,27,195.7,7.25,0.6,4,4,1
P00478,2025-10-31,25,196.3,7.85,4.76,3,4,3
P00478,2025-12-01,24,186.3,7.76,1.28,6,4,3
P00478,2025-12-31,31,258.7,8.34,1.59,4,4,2
P00478,2026-01-30,26,203.7,7.84,0.79,5,4,3
P00478,2026-03-02,28,222.1,7.93,1.73,7,4,2
P00478,2026-04-01,29,247.7,8.54,1.45,5,4,4
P00478,2026-05-02,29,223.4,7.7,1.12,6,4,2
P00478,2026-06-01,28,219.6,7.84,3.91,5,4,1
P00478,2026-07-02,28,221.6,7.91,1.38,5,4,3
P00478,2026-08-01,28,235.6,8.42,2.42,7,4,3
P00479,2024-08-31,30,216.0,7.2,1.7,5,4,2
P00479,2024-09-30,29,221.7,7.64,0.8,5,4,2
P00479,2024-10-31,27,193.5,7.16,4.74,4,4,1
P00479,2024-11-30,25,191.3,7.65,2.08,6,4,3
P00479,2024-12-31,26,196.7,7.57,1.12,3,4,3
P00479,2025-01-30,23,182.6,7.94,4.27,7,4,3
P00479,2025-03-02,28,201.0,7.18,1.74,3,4,3
P00479,2025-04-01,28,173.3,6.19,3.27,4,4,2
P00479,2025-05-01,31,230.9,7.45,0.99,1,4,2
P00479,2025-06-01,27,203.3,7.53,5.35,7,4,1
P00479,2025-07-01,26,175.2,6.74,1.26,4,4,0
P00479,2025-08-01,29,211.3,7.29,0.71,5,4,2
P00479,2025-08-31,28,185.9,6.64,1.9,2,4,3
P00479,2025-10-01,29,211.6,7.3,1.52,2,4,1
P00479,2025-10-31,27,191.0,7.07,1.02,4,4,2
P00479,2025-12-01,26,182.2,7.01,4.13,4,4,2
P00479,2025-12-31,25,199.7,7.99,1.73,8,4,3
P00479,2026-01-30,26,179.7,6.91,0.64,6,4,3
P00479,2026-03-02,26,189.1,7.27,1.65,1,4,3
P00479,2026-04-01,26,187.7,7.22,2.91,7,4,1
P00479,2026-05-02,26,208.3,8.01,0.64,6,4,2
P00479,2026-06-01,26,213.1,8.2,0.96,4,4,4
P00479,2026-07-02,26,205.9,7.92,1.49,6,4,3
P00479,2026-08-01,27,204.2,7.56,2.77,6,4,4
P00480,2024-08-31,29,262.0,9.03,2.21,7,4,2
P00480,2024-09-30,30,260.9,8.7,0.97,7,4,3
P00480,2024-10-31,30,268.6,8.95,2.32,8,4,2
P00480,2024-11-30,27,245.9,9.11,0.63,7,4,1
P00480,2024-12-31,29,280.7,9.68,4.64,6,4,4
P00480,2025-01-30,27,270.2,10.01,2.04,4,4,4
P00480,2025-03-02,29,295.4,10.19,1.97,6,4,2
P00480,2025-04-01,31,302.1,9.75,1.03,8,4,1
P00480,2025-05-01,31,289.4,9.33,1.7,8,4,2
P00480,2025-06-01,29,293.7,10.13,2.2,13,4,2
P00480,2025-07-01,28,274.8,9.81,2.07,9,4,3
P00480,2025-08-01,29,285.3,9.84,2.65,2,4,4
P00480,2025-08-31,29,305.1,10.52,1.43,8,4,3
P00480,2025-10-01,29,282.1,9.73,3.28,9,4,3
P00480,2025-10-31,30,279.6,9.32,2.79,12,4,2
P00480,2025-12-01,27,276.0,10.22,1.89,8,4,2
P00480,2025-12-31,28,268.0,9.57,3.29,8,4,3
P00480,2026-01-30,28,270.9,9.68,0.99,5,4,1
P00480,2026-03-02,27,267.0,9.89,1.9,6,4,3
P00480,2026-04-01,27,285.6,10.58,1.28,7,4,3
P00480,2026-05-02,28,269.3,9.62,1.25,8,4,2
P00480,2026-06-01,29,291.3,10.05,1.06,7,4,3
P00480,2026-07-02,30,301.5,10.05,2.63,11,4,2
P00480,2026-08-01,29,276.4,9.53,0.68,7,4,3
P00481,2024-08-31,28,353.9,12.64,0.84,7,4,1
P00481,2024-09-30,27,325.0,12.04,1.3,1,4,1
P00481,2024-10-31,29,389.6,13.44,1.33,3,4,0
P00481,2024-11-30,31,392.2,12.65,6.0,6,4,1
P00481,2024-12-31,29,366.9,12.65,1.25,5,4,0
P00481,2025-01-30,26,343.6,13.22,0.52,6,4,2
P00481,2025-03-02,26,313.3,12.05,3.89,1,4,1
P00481,2025-04-01,27,334.5,12.39,2.88,4,4,1
P00481,2025-05-01,25,306.0,12.24,3.21,4,4,0
P00481,2025-06-01,28,367.4,13.12,0.5,3,4,0
P00481,2025-07-01,29,338.6,11.68,6.0,11,4,0
P00481,2025-08-01,28,356.3,12.72,2.54,7,4,1
P00481,2025-08-31,28,355.4,12.69,0.42,3,4,0
P00481,2025-10-01,26,333.9,12.84,2.72,10,4,1
P00481,2025-10-31,29,370.1,12.76,2.03,5,4,1
P00481,2025-12-01,31,386.4,12.46,3.09,12,4,0
P00481,2025-12-31,28,331.7,11.85,0.98,5,4,0
P00481,2026-01-30,28,362.8,12.96,5.04,3,4,0
P00481,2026-03-02,25,312.4,12.5,1.31,5,4,2
P00481,2026-04-01,27,337.2,12.49,0.43,3,4,1
P00481,2026-05-02,26,323.0,12.42,0.22,1,4,0
P00481,2026-06-01,27,335.4,12.42,0.75,5,4,2
P00481,2026-07-02,28,341.1,12.18,1.29,4,4,0
P00481,2026-08-01,27,322.1,11.93,2.41,4,4,1
P00482,2024-08-31,28,373.4,13.34,1.04,4,4,0
P00482,2024-09-30,27,354.0,13.11,0.7,7,4,2
P00482,2024-10-31,26,340.5,13.09,4.01,6,4,3
P00482,2024-11-30,28,368.0,13.14,0.64,4,4,0
P00482,2024-12-31,27,366.5,13.57,1.62,7,4,2
P00482,2025-01-30,27,345.4,12.79,1.79,9,4,1
P00482,2025-03-02,25,330.8,13.23,3.4,3,4,1
P00482,2025-04-01,28,369.5,13.2,2.8,3,4,1
P00482,2025-05-01,29,380.9,13.13,0.87,5,4,2
P00482,2025-06-01,31,409.4,13.21,0.39,6,4,0
P00482,2025-07-01,29,372.9,12.86,1.43,4,4,0
P00482,2025-08-01,27,352.9,13.07,1.01,3,4,0
P00482,2025-08-31,23,309.0,13.43,0.44,3,4,3
P00482,2025-10-01,26,328.2,12.62,0.78,4,4,0
P00482,2025-10-31,27,335.0,12.41,1.65,7,4,0
P00482,2025-12-01,28,349.4,12.48,2.66,4,4,0
P00482,2025-12-31,29,374.4,12.91,1.17,6,4,2
P00482,2026-01-30,28,368.3,13.15,2.3,1,4,1
P00482,2026-03-02,31,397.5,12.82,2.46,4,4,1
P00482,2026-04-01,28,391.6,13.99,0.84,4,4,0
P00482,2026-05-02,31,415.8,13.41,1.92,4,4,0
P00482,2026-06-01,29,393.7,13.58,3.0,5,4,1
P00482,2026-07-02,27,367.3,13.6,1.51,11,4,1
P00482,2026-08-01,29,382.7,13.2,4.74,2,4,0
P00483,2024-08-31,29,362.6,12.5,2.27,4,4,1
P00483,2024-09-30,24,296.4,12.35,1.81,1,4,0
P00483,2024-10-31,25,309.1,12.36,1.7,7,4,2
P00483,2024-11-30,25,319.0,12.76,0.7,5,4,1
P00483,2024-12-31,28,367.8,13.13,0.96,4,4,1
P00483,2025-01-30,28,356.9,12.75,0.2,7,4,1
P00483,2025-03-02,28,370.9,13.25,0.53,4,4,0
P00483,2025-04-01,27,374.8,13.88,3.2,3,4,0
P00483,2025-05-01,31,443.3,14.3,2.86,4,4,0
P00483,2025-06-01,29,396.9,13.68,2.04,8,4,0
P00483,2025-07-01,29,396.6,13.68,1.9,5,4,2
P00483,2025-08-01,30,402.7,13.42,1.16,6,4,0
P00483,2025-08-31,29,403.2,13.9,1.0,4,4,2
P00483,2025-10-01,28,392.9,14.03,0.45,4,4,1
P00483,2025-10-31,24,339.1,14.13,3.85,7,4,1
P00483,2025-12-01,30,411.9,13.73,0.4,2,4,2
P00483,2025-12-31,28,398.3,14.23,0.33,4,4,1
P00483,2026-01-30,26,360.5,13.87,0.22,3,4,1
P00483,2026-03-02,31,435.6,14.05,2.57,3,4,0
P00483,2026-04-01,27,387.0,14.33,0.89,8,4,0
P00483,2026-05-02,27,381.6,14.13,2.07,5,4,0
P00483,2026-06-01,30,414.2,13.81,2.49,5,4,0
P00483,2026-07-02,27,373.1,13.82,3.27,3,4,2
P00483,2026-08-01,27,370.9,13.74,1.01,6,4,2
P00484,2024-08-31,27,215.5,7.98,0.89,3,4,3
P00484,2024-09-30,28,219.7,7.85,0.54,6,4,2
P00484,2024-10-31,25,197.3,7.89,1.07,3,4,1
P00484,2024-11-30,26,188.2,7.24,1.34,4,4,1
P00484,2024-12-31,27,191.0,7.08,2.9,7,4,3
P00484,2025-01-30,31,229.9,7.41,1.39,3,4,1
P00484,2025-03-02,28,216.8,7.74,2.97,4,4,3
P00484,2025-04-01,29,220.1,7.59,3.02,8,4,3
P00484,2025-05-01,30,226.0,7.53,4.14,9,4,2
P00484,2025-06-01,29,213.5,7.36,0.31,5,4,2
P00484,2025-07-01,26,194.3,7.47,1.65,2,4,1
P00484,2025-08-01,26,202.9,7.8,0.53,5,4,2
P00484,2025-08-31,24,188.7,7.86,2.68,5,4,1
P00484,2025-10-01,30,220.5,7.35,1.32,6,4,3
P00484,2025-10-31,26,195.6,7.52,2.86,1,4,2
P00484,2025-12-01,27,195.4,7.24,2.29,4,4,3
P00484,2025-12-31,27,216.5,8.02,3.25,5,4,3
P00484,2026-01-30,26,220.1,8.47,2.04,4,4,2
P00484,2026-03-02,31,260.4,8.4,3.99,8,4,2
P00484,2026-04-01,30,229.0,7.63,2.04,5,4,2
P00484,2026-05-02,30,228.8,7.63,0.33,3,4,2
P00484,2026-06-01,28,207.5,7.41,0.73,5,4,2
P00484,2026-07-02,30,235.8,7.86,0.97,7,4,1
P00484,2026-08-01,27,198.0,7.33,2.1,3,4,2
P00485,2024-08-31,30,286.8,9.56,0.97,7,4,1
P00485,2024-09-30,28,267.9,9.57,1.43,3,4,1
P00485,2024-10-31,29,270.3,9.32,6.0,6,4,2
P00485,2024-11-30,29,271.2,9.35,1.97,5,4,2
P00485,2024-12-31,30,270.9,9.03,0.74,5,4,2
P00485,2025-01-30,28,263.5,9.41,1.99,7,4,3
P00485,2025-03-02,31,284.4,9.17,1.39,5,4,4
P00485,2025-04-01,30,280.8,9.36,2.81,7,4,1
P00485,2025-05-01,27,245.6,9.1,2.99,9,4,2
P00485,2025-06-01,29,247.7,8.54,0.7,3,4,3
P00485,2025-07-01,28,276.0,9.86,0.82,2,4,2
P00485,2025-08-01,27,250.3,9.27,0.33,6,4,1
P00485,2025-08-31,28,241.7,8.63,3.28,6,4,2
P00485,2025-10-01,26,238.2,9.16,2.58,7,4,4
P00485,2025-10-31,27,256.5,9.5,1.93,3,4,2
P00485,2025-12-01,30,289.7,9.66,0.22,4,4,2
P00485,2025-12-31,28,266.4,9.51,1.93,5,4,2
P00485,2026-01-30,29,264.1,9.11,4.85,6,4,2
P00485,2026-03-02,28,247.1,8.83,1.1,2,4,2
P00485,2026-04-01,26,258.4,9.94,2.49,5,4,2
P00485,2026-05-02,29,274.2,9.45,3.57,7,4,3
P00485,2026-06-01,30,302.7,10.09,1.91,4,4,3
P00485,2026-07-02,27,271.7,10.06,6.0,9,4,2
P00485,2026-08-01,28,283.0,10.11,4.16,8,4,2
P00486,2024-08-31,30,414.1,13.8,2.64,6,4,1
P00486,2024-09-30,30,402.4,13.41,1.54,3,4,1
P00486,2024-10-31,26,328.4,12.63,0.76,6,4,1
P00486,2024-11-30,28,354.3,12.65,2.47,5,4,0
P00486,2024-12-31,26,356.4,13.71,2.58,6,4,0
P00486,2025-01-30,29,356.5,12.29,1.81,9,4,1
P00486,2025-03-02,30,373.5,12.45,3.12,3,4,1
P00486,2025-04-01,27,350.6,12.99,3.47,3,4,1
P00486,2025-05-01,27,341.3,12.64,2.35,7,4,1
P00486,2025-06-01,28,350.4,12.51,3.17,2,4,1
P00486,2025-07-01,28,345.5,12.34,5.41,4,4,2
P00486,2025-08-01,28,377.8,13.49,3.35,4,4,0
P00486,2025-08-31,28,345.7,12.35,0.25,12,4,1
P00486,2025-10-01,28,329.0,11.75,3.76,8,4,0
P00486,2025-10-31,30,356.8,11.89,2.16,8,4,1
P00486,2025-12-01,28,349.1,12.47,3.59,11,4,1
P00486,2025-12-31,28,342.3,12.23,1.02,4,4,1
P00486,2026-01-30,29,361.9,12.48,4.76,11,4,0
P00486,2026-03-02,26,312.5,12.02,3.98,3,4,1
P00486,2026-04-01,31,389.1,12.55,1.25,7,4,2
P00486,2026-05-02,31,397.7,12.83,1.55,6,4,0
P00486,2026-06-01,28,358.0,12.79,0.31,3,4,2
P00486,2026-07-02,29,354.7,12.23,3.78,6,4,1
P00486,2026-08-01,27,380.5,14.09,1.24,2,4,0
P00487,2024-08-31,28,365.6,13.06,1.74,8,4,0
P00487,2024-09-30,29,369.5,12.74,0.64,3,4,2
P00487,2024-10-31,28,366.8,13.1,0.83,9,4,1
P00487,2024-11-30,30,375.4,12.51,3.42,11,4,0
P00487,2024-12-31,28,344.9,12.32,0.92,6,4,1
P00487,2025-01-30,29,350.3,12.08,1.27,4,4,0
P00487,2025-03-02,31,371.0,11.97,2.38,4,4,0
P00487,2025-04-01,27,335.8,12.44,2.0,4,4,1
P00487,2025-05-01,28,320.0,11.43,3.99,3,4,1
P00487,2025-06-01,27,318.6,11.8,1.16,6,4,2
P00487,2025-07-01,28,337.4,12.05,0.71,8,4,1
P00487,2025-08-01,30,370.7,12.36,1.92,5,4,0
P00487,2025-08-31,31,374.2,12.07,0.75,6,4,1
P00487,2025-10-01,27,315.1,11.67,3.75,8,4,1
P00487,2025-10-31,25,311.2,12.45,3.87,5,4,1
P00487,2025-12-01,31,368.8,11.9,1.35,8,4,1
P00487,2025-12-31,31,364.8,11.77,1.71,7,4,2
P00487,2026-01-30,30,351.5,11.72,5.07,4,4,1
P00487,2026-03-02,30,348.8,11.63,6.0,5,4,1
P00487,2026-04-01,29,338.2,11.66,0.86,10,4,0
P00487,2026-05-02,31,356.1,11.49,2.68,7,4,2
P00487,2026-06-01,30,347.0,11.57,1.66,3,4,1
P00487,2026-07-02,28,323.6,11.56,0.5,4,4,2
P00487,2026-08-01,27,305.7,11.32,4.16,4,4,0
P00488,2024-08-31,28,366.3,13.08,1.14,4,4,1
P00488,2024-09-30,29,360.1,12.42,0.69,5,4,1
P00488,2024-10-31,30,400.3,13.34,1.57,4,4,1
P00488,2024-11-30,28,346.1,12.36,0.32,3,4,1
P00488,2024-12-31,31,406.8,13.12,5.12,5,4,1
P00488,2025-01-30,29,378.9,13.07,1.92,5,4,0
P00488,2025-03-02,29,389.8,13.44,6.0,4,4,1
P00488,2025-04-01,28,362.7,12.95,2.39,4,4,0
P00488,2025-05-01,27,358.2,13.27,0.66,6,4,1
P00488,2025-06-01,26,348.0,13.38,0.52,7,4,1
P00488,2025-07-01,28,372.8,13.31,1.85,6,4,1
P00488,2025-08-01,29,385.9,13.31,1.33,3,4,2
P00488,2025-08-31,31,400.6,12.92,1.46,9,4,1
P00488,2025-10-01,29,373.9,12.89,4.88,5,4,0
P00488,2025-10-31,28,377.9,13.5,1.13,6,4,1
P00488,2025-12-01,27,358.8,13.29,3.2,4,4,0
P00488,2025-12-31,26,341.4,13.13,1.58,4,4,1
P00488,2026-01-30,28,382.2,13.65,1.09,6,4,0
P00488,2026-03-02,30,411.6,13.72,0.94,5,4,1
P00488,2026-04-01,30,406.9,13.56,1.13,9,4,1
P00488,2026-05-02,27,387.5,14.35,2.04,2,4,1
P00488,2026-06-01,27,369.6,13.69,4.69,4,4,1
P00488,2026-07-02,28,364.8,13.03,1.94,3,4,0
P00488,2026-08-01,26,359.8,13.84,4.87,2,4,0
P00489,2024-08-31,28,377.9,13.5,3.03,9,4,0
P00489,2024-09-30,30,400.3,13.34,1.65,7,4,1
P00489,2024-10-31,28,349.9,12.5,0.77,3,4,0
P00489,2024-11-30,28,371.6,13.27,1.48,12,4,0
P00489,2024-12-31,31,412.5,13.31,1.55,5,4,1
P00489,2025-01-30,31,394.3,12.72,1.67,5,4,1
P00489,2025-03-02,29,379.2,13.08,6.0,5,4,0
P00489,2025-04-01,30,389.4,12.98,2.23,5,4,1
P00489,2025-05-01,26,340.5,13.1,1.94,8,4,0
P00489,2025-06-01,26,337.8,12.99,0.76,8,4,1
P00489,2025-07-01,28,353.8,12.63,0.8,6,4,0
P00489,2025-08-01,27,354.8,13.14,3.26,8,4,0
P00489,2025-08-31,29,373.6,12.88,4.18,8,4,0
P00489,2025-10-01,29,386.5,13.33,3.69,9,4,1
P00489,2025-10-31,28,351.8,12.57,2.72,10,4,1
P00489,2025-12-01,29,368.4,12.7,3.47,7,4,0
P00489,2025-12-31,29,384.3,13.25,1.42,8,4,0
P00489,2026-01-30,27,334.5,12.39,0.26,3,4,0
P00489,2026-03-02,25,318.8,12.75,2.23,5,4,0
P00489,2026-04-01,31,403.2,13.01,4.62,7,4,2
P00489,2026-05-02,29,363.6,12.54,3.0,6,4,2
P00489,2026-06-01,29,362.1,12.49,1.19,7,4,2
P00489,2026-07-02,29,359.7,12.4,2.64,9,4,1
P00489,2026-08-01,29,381.5,13.16,3.52,8,4,1
P00490,2024-08-31,27,391.5,14.5,1.42,5,4,1
P00490,2024-09-30,25,344.9,13.8,6.0,4,4,2
P00490,2024-10-31,28,405.5,14.48,4.66,1,4,1
P00490,2024-11-30,30,432.6,14.42,4.15,8,4,2
P00490,2024-12-31,26,359.6,13.83,1.17,5,4,1
P00490,2025-01-30,30,435.4,14.51,1.9,5,4,1
P00490,2025-03-02,29,410.4,14.15,1.16,7,4,1
P00490,2025-04-01,30,427.9,14.26,3.58,5,4,2
P00490,2025-05-01,26,373.6,14.37,1.23,4,4,0
P00490,2025-06-01,31,440.5,14.21,0.24,5,4,1
P00490,2025-07-01,28,374.0,13.36,2.21,5,4,1
P00490,2025-08-01,27,371.4,13.76,1.97,5,4,0
P00490,2025-08-31,28,398.0,14.22,1.52,12,4,1
P00490,2025-10-01,29,407.2,14.04,2.9,5,4,0
P00490,2025-10-31,28,405.5,14.48,6.0,7,4,1
P00490,2025-12-01,29,385.4,13.29,2.13,4,4,0
P00490,2025-12-31,28,390.5,13.95,1.37,6,4,0
P00490,2026-01-30,29,421.8,14.55,4.25,1,4,1
P00490,2026-03-02,27,385.8,14.29,2.03,8,4,0
P00490,2026-04-01,26,382.7,14.72,5.83,7,4,0
P00490,2026-05-02,29,423.2,14.59,3.23,3,4,1
P00490,2026-06-01,30,436.4,14.55,5.28,5,4,0
P00490,2026-07-02,30,396.1,13.2,1.5,2,4,1
P00490,2026-08-01,31,432.4,13.95,2.89,9,4,0
P00491,2024-08-31,29,201.8,6.96,0.67,4,4,1
P00491,2024-09-30,27,191.9,7.11,0.45,9,4,3
P00491,2024-10-31,28,184.9,6.6,1.47,3,4,1
P00491,2024-11-30,27,193.1,7.15,0.57,4,4,1
P00491,2024-12-31,24,194.1,8.09,3.28,4,4,1
P00491,2025-01-30,26,198.0,7.62,0.56,5,4,1
P00491,2025-03-02,29,223.2,7.7,0.98,7,4,3
P00491,2025-04-01,28,212.9,7.6,1.06,6,4,2
P00491,2025-05-01,25,194.1,7.76,0.72,5,4,3
P00491,2025-06-01,29,244.9,8.45,1.54,7,4,4
P00491,2025-07-01,25,190.4,7.62,1.63,4,4,2
P00491,2025-08-01,27,225.8,8.36,1.61,5,4,2
P00491,2025-08-31,25,205.3,8.21,1.2,4,4,3
P00491,2025-10-01,25,191.7,7.67,3.9,4,4,0
P00491,2025-10-31,27,219.1,8.11,2.05,3,4,4
P00491,2025-12-01,29,244.0,8.41,2.59,3,4,2
P00491,2025-12-31,30,258.4,8.61,2.81,4,4,3
P00491,2026-01-30,28,242.5,8.66,2.71,6,4,3
P00491,2026-03-02,26,213.9,8.23,2.89,1,4,2
P00491,2026-04-01,28,248.6,8.88,0.21,8,4,3
P00491,2026-05-02,26,220.2,8.47,0.77,3,4,1
P00491,2026-06-01,30,238.9,7.96,0.21,4,4,3
P00491,2026-07-02,28,240.6,8.59,2.31,5,4,2
P00491,2026-08-01,27,234.7,8.69,1.68,5,4,3
P00492,2024-08-31,27,339.6,12.58,0.25,3,4,0
P00492,2024-09-30,23,283.3,12.32,2.27,3,4,1
P00492,2024-10-31,26,320.1,12.31,0.23,3,4,1
P00492,2024-11-30,26,313.6,12.06,1.87,3,4,0
P00492,2024-12-31,26,308.5,11.86,2.27,4,4,0
P00492,2025-01-30,27,350.0,12.96,2.87,3,4,3
P00492,2025-03-02,27,342.8,12.7,1.55,6,4,1
P00492,2025-04-01,28,344.1,12.29,1.36,3,4,0
P00492,2025-05-01,26,328.7,12.64,0.39,7,4,1
P00492,2025-06-01,27,323.4,11.98,1.08,5,4,0
P00492,2025-07-01,27,341.7,12.65,2.28,10,4,0
P00492,2025-08-01,28,351.9,12.57,3.2,5,4,2
P00492,2025-08-31,30,376.6,12.55,1.12,5,4,2
P00492,2025-10-01,29,372.1,12.83,4.44,3,4,1
P00492,2025-10-31,28,365.9,13.07,0.33,4,4,2
P00492,2025-12-01,26,344.1,13.23,3.21,3,4,0
P00492,2025-12-31,25,310.6,12.42,0.62,5,4,0
P00492,2026-01-30,28,375.0,13.39,1.31,3,4,2
P00492,2026-03-02,26,338.3,13.01,0.97,4,4,0
P00492,2026-04-01,28,370.7,13.24,1.34,2,4,1
P00492,2026-05-02,27,366.1,13.56,0.94,4,4,1
P00492,2026-06-01,29,373.9,12.89,2.92,3,4,0
P00492,2026-07-02,28,376.6,13.45,1.11,7,4,1
P00492,2026-08-01,27,354.9,13.14,2.21,4,4,0
P00493,2024-08-31,28,262.8,9.39,3.12,8,4,3
P00493,2024-09-30,29,284.5,9.81,1.53,7,4,0
P00493,2024-10-31,29,277.3,9.56,5.17,4,4,2
P00493,2024-11-30,31,283.9,9.16,4.52,4,4,2
P00493,2024-12-31,28,238.9,8.53,0.62,8,4,1
P00493,2025-01-30,27,249.5,9.24,1.03,10,4,3
P00493,2025-03-02,29,273.0,9.41,4.01,5,4,3
P00493,2025-04-01,29,288.5,9.95,5.48,6,4,2
P00493,2025-05-01,31,312.6,10.08,2.32,10,4,4
P00493,2025-06-01,27,273.7,10.14,1.32,9,4,1
P00493,2025-07-01,27,270.3,10.01,1.44,6,4,0
P00493,2025-08-01,30,290.6,9.69,4.7,6,4,2
P00493,2025-08-31,30,291.5,9.72,2.51,6,4,1
P00493,2025-10-01,29,266.7,9.2,5.72,8,4,2
P00493,2025-10-31,28,288.2,10.29,1.65,10,4,1
P00493,2025-12-01,30,303.9,10.13,3.24,7,4,2
P00493,2025-12-31,29,307.6,10.61,1.16,16,4,1
P00493,2026-01-30,27,246.1,9.11,3.35,12,4,1
P00493,2026-03-02,28,285.0,10.18,2.26,10,4,2
P00493,2026-04-01,30,289.3,9.64,0.58,4,4,2
P00493,2026-05-02,28,261.6,9.34,3.3,5,4,0
P00493,2026-06-01,28,260.0,9.29,6.0,5,4,0
P00493,2026-07-02,29,287.1,9.9,1.03,11,4,2
P00493,2026-08-01,27,280.5,10.39,5.45,4,4,3
P00494,2024-08-31,26,346.0,13.31,1.98,5,4,1
P00494,2024-09-30,27,364.6,13.5,3.0,2,4,0
P00494,2024-10-31,27,360.7,13.36,1.84,6,4,0
P00494,2024-11-30,30,415.9,13.86,1.27,2,4,2
P00494,2024-12-31,27,389.4,14.42,2.3,2,4,1
P00494,2025-01-30,29,398.7,13.75,1.04,5,4,1
P00494,2025-03-02,25,341.1,13.64,2.28,7,4,0
P00494,2025-04-01,28,372.4,13.3,1.42,4,4,0
P00494,2025-05-01,30,407.0,13.57,1.66,8,4,1
P00494,2025-06-01,27,358.2,13.27,1.25,7,4,1
P00494,2025-07-01,29,394.1,13.59,5.05,3,4,0
P00494,2025-08-01,28,373.3,13.33,0.21,6,4,0
P00494,2025-08-31,29,385.2,13.28,0.25,3,4,1
P00494,2025-10-01,29,393.7,13.58,0.69,5,4,0
P00494,2025-10-31,28,371.4,13.27,2.77,1,4,1
P00494,2025-12-01,24,319.7,13.32,0.76,4,4,2
P00494,2025-12-31,27,369.1,13.67,2.72,4,4,1
P00494,2026-01-30,26,351.4,13.52,0.71,3,4,1
P00494,2026-03-02,27,343.6,12.72,3.43,3,4,2
P00494,2026-04-01,26,359.5,13.83,1.36,6,4,2
P00494,2026-05-02,28,357.6,12.77,1.9,5,4,0
P00494,2026-06-01,30,402.7,13.42,3.94,3,4,0
P00494,2026-07-02,26,344.2,13.24,3.48,4,4,1
P00494,2026-08-01,26,360.9,13.88,1.57,6,4,0
P00495,2024-08-31,30,444.2,14.81,0.9,5,4,3
P00495,2024-09-30,29,429.1,14.79,0.35,6,4,0
P00495,2024-10-31,29,430.7,14.85,0.4,7,4,1
P00495,2024-11-30,28,403.1,14.4,1.78,6,4,0
P00495,2024-12-31,29,430.2,14.83,1.72,6,4,0
P00495,2025-01-30,29,420.4,14.5,1.7,6,4,0
P00495,2025-03-02,31,463.9,14.97,5.72,2,4,1
P00495,2025-04-01,31,451.8,14.57,1.28,10,4,1
P00495,2025-05-01,30,437.5,14.58,4.02,6,4,0
P00495,2025-06-01,28,418.8,14.96,1.49,9,4,1
P00495,2025-07-01,31,441.3,14.23,3.16,7,4,0
P00495,2025-08-01,31,435.0,14.03,0.85,9,4,1
P00495,2025-08-31,30,432.7,14.42,3.11,3,4,1
P00495,2025-10-01,29,418.7,14.44,1.43,6,4,1
P00495,2025-10-31,27,371.2,13.75,2.47,7,4,1
P00495,2025-12-01,31,443.1,14.29,1.13,9,4,0
P00495,2025-12-31,28,396.8,14.17,5.07,2,4,0
P00495,2026-01-30,31,438.3,14.14,1.36,5,4,1
P00495,2026-03-02,30,437.0,14.57,1.12,3,4,1
P00495,2026-04-01,30,418.4,13.95,1.87,8,4,0
P00495,2026-05-02,29,403.6,13.92,0.96,5,4,0
P00495,2026-06-01,27,381.2,14.12,1.26,5,4,1
P00495,2026-07-02,31,445.6,14.37,0.34,4,4,0
P00495,2026-08-01,29,396.7,13.68,1.21,6,4,1
P00496,2024-08-31,30,252.6,8.42,1.71,4,4,3
P00496,2024-09-30,26,210.8,8.11,4.7,4,4,3
P00496,2024-10-31,30,208.5,6.95,6.0,2,4,3
P00496,2024-11-30,31,248.7,8.02,1.45,8,4,2
P00496,2024-12-31,27,202.0,7.48,3.6,3,4,3
P00496,2025-01-30,27,207.7,7.69,0.24,10,4,1
P00496,2025-03-02,28,231.0,8.25,2.98,4,4,2
P00496,2025-04-01,27,211.3,7.83,2.38,5,4,3
P00496,2025-05-01,28,217.6,7.77,2.33,7,4,2
P00496,2025-06-01,29,220.8,7.61,1.41,5,4,1
P00496,2025-07-01,29,206.7,7.13,3.89,5,4,3
P00496,2025-08-01,27,213.9,7.92,1.2,11,4,1
P00496,2025-08-31,26,202.9,7.8,3.56,5,4,2
P00496,2025-10-01,25,204.3,8.17,0.82,9,4,3
P00496,2025-10-31,28,211.6,7.56,1.97,2,4,3
P00496,2025-12-01,26,193.3,7.44,0.5,4,4,3
P00496,2025-12-31,30,238.9,7.96,1.09,2,4,2
P00496,2026-01-30,29,213.1,7.35,0.89,4,4,3
P00496,2026-03-02,28,207.9,7.43,2.81,5,4,2
P00496,2026-04-01,27,188.5,6.98,0.67,5,4,3
P00496,2026-05-02,27,180.7,6.69,2.72,8,4,3
P00496,2026-06-01,26,199.6,7.68,0.67,6,4,3
P00496,2026-07-02,28,194.5,6.95,4.19,6,4,2
P00496,2026-08-01,26,184.4,7.09,2.21,3,4,2
P00497,2024-08-31,29,389.5,13.43,0.7,5,4,0
P00497,2024-09-30,30,395.4,13.18,2.67,6,4,2
P00497,2024-10-31,28,401.0,14.32,0.98,0,4,1
P00497,2024-11-30,29,398.7,13.75,2.31,6,4,2
P00497,2024-12-31,28,367.6,13.13,4.08,5,4,1
P00497,2025-01-30,29,392.1,13.52,3.71,5,4,0
P00497,2025-03-02,29,400.0,13.79,4.05,5,4,0
P00497,2025-04-01,27,367.2,13.6,0.73,7,4,0
P00497,2025-05-01,30,398.9,13.3,3.06,1,4,0
P00497,2025-06-01,28,391.8,13.99,4.48,8,4,1
P00497,2025-07-01,26,362.2,13.93,1.59,4,4,1
P00497,2025-08-01,30,420.1,14.0,3.61,6,4,0
P00497,2025-08-31,29,405.2,13.97,1.35,5,4,0
P00497,2025-10-01,25,360.5,14.42,6.0,6,4,1
P00497,2025-10-31,27,371.5,13.76,2.45,5,4,1
P00497,2025-12-01,28,383.8,13.71,0.2,8,4,1
P00497,2025-12-31,28,373.5,13.34,0.45,4,4,2
P00497,2026-01-30,28,380.3,13.58,1.18,9,4,1
P00497,2026-03-02,27,388.2,14.38,0.92,5,4,2
P00497,2026-04-01,29,382.1,13.17,1.87,5,4,0
P00497,2026-05-02,30,395.4,13.18,1.95,4,4,0
P00497,2026-06-01,28,373.3,13.33,2.24,0,4,0
P00497,2026-07-02,29,382.4,13.19,1.32,7,4,0
P00497,2026-08-01,28,358.7,12.81,2.27,5,4,2
P00498,2024-08-31,26,320.7,12.34,3.72,6,4,0
P00498,2024-09-30,30,397.0,13.23,1.17,5,4,0
P00498,2024-10-31,30,384.2,12.81,3.46,4,4,1
P00498,2024-11-30,30,395.2,13.17,3.1,5,4,1
P00498,2024-12-31,28,368.3,13.15,6.0,3,4,2
P00498,2025-01-30,30,405.1,13.5,6.0,3,4,1
P00498,2025-03-02,27,363.3,13.45,0.52,8,4,0
P00498,2025-04-01,28,362.4,12.94,3.06,2,4,2
P00498,2025-05-01,28,353.9,12.64,3.06,5,4,1
P00498,2025-06-01,31,424.6,13.7,1.94,5,4,1
P00498,2025-07-01,27,351.0,13.0,1.56,3,4,2
P00498,2025-08-01,26,320.8,12.34,3.55,5,4,1
P00498,2025-08-31,29,343.2,11.83,2.33,9,4,0
P00498,2025-10-01,27,331.5,12.28,2.6,6,4,0
P00498,2025-10-31,28,335.2,11.97,4.7,4,4,2
P00498,2025-12-01,29,354.5,12.22,2.13,3,4,1
P00498,2025-12-31,29,372.9,12.86,2.01,3,4,1
P00498,2026-01-30,26,354.3,13.63,3.08,5,4,0
P00498,2026-03-02,28,377.8,13.49,2.15,10,4,0
P00498,2026-04-01,30,394.8,13.16,1.27,6,4,1
P00498,2026-05-02,30,393.1,13.1,5.35,6,4,1
P00498,2026-06-01,29,383.8,13.23,0.91,5,4,1
P00498,2026-07-02,28,367.2,13.12,2.62,6,4,1
P00498,2026-08-01,30,424.8,14.16,1.66,9,4,0
P00499,2024-08-31,27,359.1,13.3,1.65,7,4,0
P00499,2024-09-30,27,353.2,13.08,4.07,7,4,2
P00499,2024-10-31,29,388.2,13.39,1.83,7,4,0
P00499,2024-11-30,27,381.7,14.14,1.2,10,4,0
P00499,2024-12-31,27,382.2,14.16,5.0,4,4,3
P00499,2025-01-30,31,417.1,13.45,2.75,3,4,1
P00499,2025-03-02,29,387.0,13.34,1.87,6,4,0
P00499,2025-04-01,27,389.6,14.43,4.0,5,4,1
P00499,2025-05-01,26,387.6,14.91,2.67,5,4,0
P00499,2025-06-01,27,379.0,14.04,1.21,5,4,0
P00499,2025-07-01,29,421.4,14.53,1.74,5,4,1
P00499,2025-08-01,29,427.5,14.74,2.07,8,4,1
P00499,2025-08-31,29,405.2,13.97,0.89,9,4,0
P00499,2025-10-01,27,383.0,14.19,5.06,5,4,0
P00499,2025-10-31,29,416.6,14.37,2.26,9,4,1
P00499,2025-12-01,29,421.2,14.52,3.86,5,4,1
P00499,2025-12-31,31,441.4,14.24,3.26,4,4,0
P00499,2026-01-30,30,432.3,14.41,1.0,6,4,0
P00499,2026-03-02,29,402.5,13.88,1.86,8,4,0
P00499,2026-04-01,31,433.2,13.97,1.65,2,4,0
P00499,2026-05-02,28,417.2,14.9,1.65,4,4,0
P00499,2026-06-01,29,415.5,14.33,0.59,8,4,2
P00499,2026-07-02,30,414.4,13.81,0.51,9,4,0
P00499,2026-08-01,30,430.0,14.33,2.2,6,4,2
P00500,2024-08-31,29,197.1,6.8,2.28,1,4,2
P00500,2024-09-30,29,203.5,7.02,1.49,3,4,2
P00500,2024-10-31,28,213.2,7.62,0.9,2,4,2
P00500,2024-11-30,27,199.4,7.38,1.37,0,4,3
P00500,2024-12-31,25,174.6,6.98,1.7,4,4,2
P00500,2025-01-30,26,195.8,7.53,2.22,5,4,4
P00500,2025-03-02,25,189.7,7.59,2.47,2,4,2
P00500,2025-04-01,27,203.0,7.52,0.72,3,4,1
P00500,2025-05-01,27,215.3,7.97,0.88,2,4,1
P00500,2025-06-01,27,204.8,7.58,1.55,8,4,2
P00500,2025-07-01,30,239.7,7.99,2.93,3,4,4
P00500,2025-08-01,28,230.2,8.22,1.59,7,4,2
P00500,2025-08-31,26,195.0,7.5,0.39,3,4,3
P00500,2025-10-01,25,199.4,7.97,0.82,4,4,3
P00500,2025-10-31,28,195.9,7.0,1.58,7,4,4
P00500,2025-12-01,28,210.4,7.51,1.58,1,4,4
P00500,2025-12-31,28,214.0,7.64,2.61,5,4,0
P00500,2026-01-30,26,203.5,7.83,1.54,2,4,3
P00500,2026-03-02,27,200.2,7.42,1.31,6,4,2
P00500,2026-04-01,28,197.3,7.05,0.2,5,4,3
P00500,2026-05-02,27,196.9,7.29,3.46,1,4,2
P00500,2026-06-01,29,193.8,6.68,5.91,2,4,3
P00500,2026-07-02,25,189.5,7.58,2.92,3,4,2
P00500,2026-08-01,27,210.8,7.81,1.83,7,4,2
P00501,2024-08-31,28,372.1,13.29,2.24,8,4,1
P00501,2024-09-30,28,387.7,13.85,1.77,10,4,1
P00501,2024-10-31,25,318.9,12.76,3.75,6,4,1
P00501,2024-11-30,31,400.9,12.93,6.0,6,4,1
P00501,2024-12-31,29,393.9,13.58,1.6,5,4,2
P00501,2025-01-30,30,395.5,13.18,4.24,3,4,1
P00501,2025-03-02,30,403.7,13.46,2.13,1,4,0
P00501,2025-04-01,27,347.2,12.86,0.98,7,4,2
P00501,2025-05-01,30,383.7,12.79,6.0,7,4,0
P00501,2025-06-01,30,388.1,12.94,3.65,11,4,2
P00501,2025-07-01,26,368.8,14.18,0.51,0,4,0
P00501,2025-08-01,29,390.8,13.47,3.25,5,4,1
P00501,2025-08-31,30,418.4,13.95,4.51,3,4,2
P00501,2025-10-01,30,419.0,13.97,3.03,8,4,0
P00501,2025-10-31,29,378.5,13.05,3.98,6,4,0
P00501,2025-12-01,28,387.9,13.85,2.17,7,4,0
P00501,2025-12-31,30,395.4,13.18,2.28,10,4,1
P00501,2026-01-30,29,401.5,13.85,5.57,6,4,2
P00501,2026-03-02,27,375.8,13.92,5.6,8,4,1
P00501,2026-04-01,28,394.3,14.08,3.37,5,4,0
P00501,2026-05-02,31,454.7,14.67,3.23,4,4,0
P00501,2026-06-01,30,428.8,14.29,1.25,6,4,1
P00501,2026-07-02,29,406.4,14.01,3.55,14,4,0
P00501,2026-08-01,26,358.6,13.79,2.42,9,4,1
P00502,2024-08-31,29,385.3,13.29,0.78,6,4,0
P00502,2024-09-30,28,398.9,14.25,2.6,5,4,1
P00502,2024-10-31,29,399.7,13.78,5.5,5,4,1
P00502,2024-11-30,30,427.4,14.25,3.96,4,4,0
P00502,2024-12-31,29,406.4,14.02,3.04,11,4,2
P00502,2025-01-30,31,462.5,14.92,0.65,7,4,1
P00502,2025-03-02,29,410.2,14.14,2.13,9,4,1
P00502,2025-04-01,30,434.8,14.49,1.95,5,4,0
P00502,2025-05-01,29,388.0,13.38,2.37,13,4,1
P00502,2025-06-01,31,441.4,14.24,6.0,12,4,1
P00502,2025-07-01,31,441.1,14.23,2.46,4,4,0
P00502,2025-08-01,29,405.4,13.98,0.89,7,4,0
P00502,2025-08-31,28,386.7,13.81,1.55,8,4,0
P00502,2025-10-01,31,449.3,14.49,1.35,7,4,0
P00502,2025-10-31,30,422.0,14.07,5.03,11,4,1
P00502,2025-12-01,30,412.3,13.74,2.36,2,4,1
P00502,2025-12-31,29,402.5,13.88,6.0,3,4,0
P00502,2026-01-30,30,399.5,13.32,0.67,9,4,2
P00502,2026-03-02,31,416.2,13.43,4.25,9,4,1
P00502,2026-04-01,29,409.1,14.11,0.79,7,4,0
P00502,2026-05-02,26,350.6,13.49,1.67,6,4,1
P00502,2026-06-01,28,375.1,13.4,1.56,11,4,0
P00502,2026-07-02,29,381.4,13.15,3.16,8,4,1
P00502,2026-08-01,27,363.7,13.47,6.0,10,4,0
P00503,2024-08-31,27,358.9,13.29,1.29,5,4,0
P00503,2024-09-30,31,396.5,12.79,2.12,5,4,0
P00503,2024-10-31,28,389.6,13.91,0.62,7,4,0
P00503,2024-11-30,31,411.1,13.26,6.0,6,4,1
P00503,2024-12-31,30,421.4,14.05,3.79,8,4,0
P00503,2025-01-30,31,421.2,13.59,3.66,6,4,0
P00503,2025-03-02,31,433.9,14.0,2.11,7,4,1
P00503,2025-04-01,31,417.8,13.48,3.32,5,4,0
P00503,2025-05-01,29,390.7,13.47,5.49,2,4,2
P00503,2025-06-01,31,430.0,13.87,5.17,7,4,1
P00503,2025-07-01,31,421.5,13.6,0.5,7,4,1
P00503,2025-08-01,31,440.8,14.22,4.22,10,4,1
P00503,2025-08-31,29,417.8,14.41,4.32,7,4,0
P00503,2025-10-01,29,421.8,14.55,4.57,4,4,0
P00503,2025-10-31,28,406.9,14.53,1.46,11,4,2
P00503,2025-12-01,28,382.1,13.64,2.02,7,4,2
P00503,2025-12-31,31,438.3,14.14,3.15,10,4,1
P00503,2026-01-30,30,419.9,14.0,4.06,9,4,1
P00503,2026-03-02,30,428.3,14.28,3.03,9,4,1
P00503,2026-04-01,26,362.5,13.94,0.75,8,4,1
P00503,2026-05-02,28,388.8,13.88,6.0,6,4,2
P00503,2026-06-01,30,440.9,14.7,3.38,7,4,1
P00503,2026-07-02,31,441.2,14.23,2.89,12,4,1
P00503,2026-08-01,31,422.7,13.64,2.49,10,4,1
P00504,2024-08-31,27,389.2,14.41,0.39,7,4,3
P00504,2024-09-30,24,343.7,14.32,0.64,5,4,4
P00504,2024-10-31,29,435.2,15.01,0.31,7,4,3
P00504,2024-11-30,28,403.3,14.4,2.01,4,4,3
P00504,2024-12-31,28,417.9,14.92,0.75,4,4,3
P00504,2025-01-30,30,451.8,15.06,0.5,6,4,3
P00504,2025-03-02,28,412.9,14.75,0.29,5,4,3
P00504,2025-04-01,27,399.6,14.8,0.35,6,4,3
P00504,2025-05-01,25,353.4,14.13,2.64,5,4,3
P00504,2025-06-01,29,399.8,13.79,0.24,7,4,2
P00504,2025-07-01,30,436.1,14.54,0.38,4,4,3
P00504,2025-08-01,29,400.4,13.81,1.36,4,4,3
P00504,2025-08-31,29,427.8,14.75,0.82,6,4,4
P00504,2025-10-01,27,378.0,14.0,0.9,4,4,4
P00504,2025-10-31,31,449.0,14.48,0.98,8,4,2
P00504,2025-12-01,28,399.2,14.26,0.82,5,4,4
P00504,2025-12-31,28,405.3,14.48,0.31,4,4,4
P00504,2026-01-30,25,352.7,14.11,1.03,6,4,2
P00504,2026-03-02,29,405.6,13.99,0.37,5,4,4
P00504,2026-04-01,28,408.5,14.59,2.19,9,4,4
P00504,2026-05-02,27,394.9,14.63,0.44,6,4,3
P00504,2026-06-01,25,362.6,14.5,1.67,9,4,4
P00504,2026-07-02,26,381.4,14.67,0.79,1,4,4
P00504,2026-08-01,27,379.4,14.05,1.1,4,4,3
P00505,2024-08-31,28,252.5,9.02,4.64,6,4,2
P00505,2024-09-30,29,260.9,9.0,4.22,4,4,1
P00505,2024-10-31,31,277.1,8.94,0.8,4,4,3
P00505,2024-11-30,29,256.4,8.84,3.26,7,4,2
P00505,2024-12-31,29,258.6,8.92,3.03,6,4,4
P00505,2025-01-30,28,241.4,8.62,1.41,4,4,2
P00505,2025-03-02,29,265.7,9.16,1.52,9,4,3
P00505,2025-04-01,28,251.4,8.98,5.56,8,4,3
P00505,2025-05-01,28,269.0,9.61,5.03,9,4,1
P00505,2025-06-01,28,250.4,8.94,2.46,8,4,3
P00505,2025-07-01,30,236.0,7.87,1.62,7,4,2
P00505,2025-08-01,30,254.1,8.47,4.67,5,4,3
P00505,2025-08-31,29,272.8,9.41,1.42,7,4,2
P00505,2025-10-01,30,269.8,8.99,4.28,7,4,1
P00505,2025-10-31,31,274.7,8.86,1.99,10,4,3
P00505,2025-12-01,25,221.1,8.84,1.21,5,4,4
P00505,2025-12-31,28,236.9,8.46,4.32,7,4,1
P00505,2026-01-30,27,238.0,8.81,2.39,8,4,2
P00505,2026-03-02,31,279.3,9.01,1.54,8,4,3
P00505,2026-04-01,28,258.0,9.21,3.14,6,4,2
P00505,2026-05-02,31,268.3,8.66,4.24,1,4,2
P00505,2026-06-01,31,272.9,8.8,2.17,2,4,2
P00505,2026-07-02,29,255.6,8.81,3.52,9,4,2
P00505,2026-08-01,31,262.9,8.48,2.12,9,4,3
P00506,2024-08-31,27,333.1,12.34,0.93,3,4,0
P00506,2024-09-30,26,340.6,13.1,1.88,5,4,0
P00506,2024-10-31,29,360.7,12.44,2.41,2,4,0
P00506,2024-11-30,26,345.9,13.3,1.26,4,4,0
P00506,2024-12-31,24,296.6,12.36,1.34,5,4,0
P00506,2025-01-30,27,349.8,12.96,1.17,4,4,0
P00506,2025-03-02,28,345.7,12.35,3.56,2,4,2
P00506,2025-04-01,30,391.9,13.06,0.81,3,4,2
P00506,2025-05-01,26,321.7,12.37,0.59,8,4,1
P00506,2025-06-01,26,315.7,12.14,2.61,4,4,0
P00506,2025-07-01,24,300.9,12.54,0.27,5,4,1
P00506,2025-08-01,29,358.8,12.37,2.25,9,4,0
P00506,2025-08-31,25,319.6,12.79,0.46,1,4,1
P00506,2025-10-01,24,319.9,13.33,1.05,3,4,2
P00506,2025-10-31,24,297.1,12.38,1.09,2,4,1
P00506,2025-12-01,28,352.4,12.59,0.44,3,4,1
P00506,2025-12-31,26,316.5,12.17,1.82,2,4,2
P00506,2026-01-30,26,321.0,12.34,0.83,0,4,0
P00506,2026-03-02,29,374.2,12.9,0.5,4,4,0
P00506,2026-04-01,26,326.4,12.56,3.46,2,4,1
P00506,2026-05-02,29,357.6,12.33,0.73,4,4,0
P00506,2026-06-01,28,348.5,12.45,0.47,2,4,0
P00506,2026-07-02,27,336.2,12.45,3.04,1,4,0
P00506,2026-08-01,26,310.8,11.95,5.34,3,4,0
P00507,2024-08-31,30,265.0,8.83,0.2,8,4,1
P00507,2024-09-30,27,225.2,8.34,3.7,5,4,2
P00507,2024-10-31,28,231.6,8.27,0.76,8,4,1
P00507,2024-11-30,29,261.9,9.03,0.97,1,4,3
P00507,2024-12-31,28,258.4,9.23,1.3,4,4,3
P00507,2025-01-30,26,233.3,8.97,1.75,4,4,2
P00507,2025-03-02,26,241.9,9.31,2.55,6,4,3
P00507,2025-04-01,29,262.6,9.06,3.65,7,4,4
P00507,2025-05-01,28,253.9,9.07,2.69,7,4,2
P00507,2025-06-01,28,285.1,10.18,3.18,11,4,3
P00507,2025-07-01,29,275.6,9.5,3.52,5,4,1
P00507,2025-08-01,28,249.2,8.9,0.68,5,4,2
P00507,2025-08-31,27,266.9,9.89,2.87,10,4,3
P00507,2025-10-01,28,268.8,9.6,2.3,4,4,4
P00507,2025-10-31,28,271.0,9.68,1.98,8,4,1
P00507,2025-12-01,30,308.4,10.28,2.22,4,4,3
P00507,2025-12-31,31,325.9,10.51,0.96,9,4,2
P00507,2026-01-30,29,288.1,9.94,5.24,5,4,3
P00507,2026-03-02,31,308.7,9.96,4.29,7,4,2
P00507,2026-04-01,31,291.4,9.4,6.0,8,4,2
P00507,2026-05-02,29,298.0,10.28,0.27,9,4,2
P00507,2026-06-01,31,319.3,10.3,4.19,9,4,1
P00507,2026-07-02,28,287.0,10.25,5.13,5,4,3
P00507,2026-08-01,29,294.0,10.14,1.97,7,4,3
P00508,2024-08-31,28,214.9,7.68,1.23,3,4,3
P00508,2024-09-30,29,238.7,8.23,1.42,2,4,2
P00508,2024-10-31,26,196.5,7.56,0.69,1,4,3
P00508,2024-11-30,28,193.4,6.91,1.79,2,4,2
P00508,2024-12-31,28,213.6,7.63,1.08,4,4,3
P00508,2025-01-30,27,214.4,7.94,4.28,4,4,1
P00508,2025-03-02,27,211.6,7.84,5.97,5,4,2
P00508,2025-04-01,28,208.1,7.43,1.16,5,4,2
P00508,2025-05-01,30,238.0,7.93,0.96,1,4,2
P00508,2025-06-01,27,180.2,6.67,1.2,4,4,2
P00508,2025-07-01,27,197.4,7.31,0.8,2,4,3
P00508,2025-08-01,26,195.0,7.5,1.76,2,4,1
P00508,2025-08-31,27,196.0,7.26,2.31,3,4,2
P00508,2025-10-01,27,199.5,7.39,5.09,9,4,3
P00508,2025-10-31,28,193.1,6.9,2.54,4,4,1
P00508,2025-12-01,28,213.1,7.61,2.87,4,4,3
P00508,2025-12-31,26,192.4,7.4,1.48,8,4,2
P00508,2026-01-30,30,210.7,7.02,2.57,1,4,1
P00508,2026-03-02,28,204.7,7.31,2.46,7,4,0
P00508,2026-04-01,26,188.2,7.24,0.69,4,4,2
P00508,2026-05-02,26,180.2,6.93,0.31,4,4,3
P00508,2026-06-01,29,206.2,7.11,2.06,4,4,2
P00508,2026-07-02,27,184.7,6.84,1.75,6,4,2
P00508,2026-08-01,29,186.4,6.43,1.32,2,4,2
P00509,2024-08-31,26,351.3,13.51,1.5,7,4,1
P00509,2024-09-30,30,417.5,13.92,0.78,6,4,0
P00509,2024-10-31,29,368.3,12.7,0.93,2,4,0
P00509,2024-11-30,31,393.3,12.69,1.18,7,4,0
P00509,2024-12-31,30,384.5,12.82,3.51,5,4,1
P00509,2025-01-30,25,338.7,13.55,3.11,8,4,1
P00509,2025-03-02,26,332.9,12.8,2.31,6,4,0
P00509,2025-04-01,29,387.8,13.37,0.7,7,4,0
P00509,2025-05-01,30,387.6,12.92,1.96,6,4,0
P00509,2025-06-01,27,368.2,13.64,1.36,7,4,1
P00509,2025-07-01,27,364.5,13.5,1.33,5,4,0
P00509,2025-08-01,26,361.4,13.9,4.1,5,4,0
P00509,2025-08-31,30,417.2,13.91,1.36,7,4,1
P00509,2025-10-01,27,365.2,13.53,1.57,4,4,0
P00509,2025-10-31,29,390.1,13.45,4.07,3,4,2
P00509,2025-12-01,30,401.9,13.4,2.47,4,4,2
P00509,2025-12-31,27,369.6,13.69,1.25,13,4,1
P00509,2026-01-30,30,409.7,13.66,1.25,3,4,1
P00509,2026-03-02,31,423.9,13.67,3.42,7,4,1
P00509,2026-04-01,26,332.1,12.77,6.0,6,4,0
P00509,2026-05-02,28,361.9,12.92,3.25,5,4,0
P00509,2026-06-01,29,355.7,12.26,3.06,10,4,2
P00509,2026-07-02,31,401.2,12.94,0.42,3,4,1
P00509,2026-08-01,26,332.5,12.79,1.92,9,4,2
P00510,2024-08-31,25,311.1,12.45,1.53,1,4,1
P00510,2024-09-30,28,331.9,11.85,1.21,3,4,0
P00510,2024-10-31,29,362.4,12.5,0.72,4,4,1
P00510,2024-11-30,27,327.9,12.14,3.97,4,4,1
P00510,2024-12-31,26,312.9,12.03,0.24,5,4,0
P00510,2025-01-30,25,295.0,11.8,0.83,7,4,1
P00510,2025-03-02,29,364.5,12.57,3.78,9,4,0
P00510,2025-04-01,29,359.6,12.4,3.12,7,4,0
P00510,2025-05-01,25,290.9,11.64,0.89,2,4,1
P00510,2025-06-01,29,345.6,11.92,1.43,4,4,1
P00510,2025-07-01,26,331.6,12.75,1.32,4,4,1
P00510,2025-08-01,27,344.5,12.76,1.89,9,4,0
P00510,2025-08-31,27,339.4,12.57,1.57,5,4,1
P00510,2025-10-01,31,361.5,11.66,3.39,3,4,1
P00510,2025-10-31,26,313.6,12.06,1.07,7,4,1
P00510,2025-12-01,26,319.0,12.27,1.34,2,4,0
P00510,2025-12-31,27,328.8,12.18,2.1,5,4,1
P00510,2026-01-30,27,343.1,12.71,3.48,2,4,1
P00510,2026-03-02,27,337.5,12.5,0.98,6,4,0
P00510,2026-04-01,28,368.5,13.16,1.06,1,4,1
P00510,2026-05-02,27,351.9,13.03,1.87,4,4,1
P00510,2026-06-01,29,380.0,13.11,0.27,4,4,0
P00510,2026-07-02,27,335.1,12.41,1.56,5,4,0
P00510,2026-08-01,30,371.2,12.37,2.5,0,4,1
P00511,2024-08-31,27,327.4,12.13,1.79,6,4,0
P00511,2024-09-30,29,372.1,12.83,3.0,1,4,0
P00511,2024-10-31,26,312.8,12.03,0.56,6,4,3
P00511,2024-11-30,27,337.9,12.51,2.35,4,4,2
P00511,2024-12-31,28,362.1,12.93,0.45,9,4,0
P00511,2025-01-30,28,337.4,12.05,2.07,5,4,0
P00511,2025-03-02,25,315.4,12.62,1.83,4,4,0
P00511,2025-04-01,27,344.7,12.77,1.01,6,4,2
P00511,2025-05-01,28,349.8,12.49,5.3,5,4,1
P00511,2025-06-01,27,346.5,12.83,1.23,5,4,1
P00511,2025-07-01,29,360.0,12.41,0.68,2,4,2
P00511,2025-08-01,27,358.8,13.29,4.1,3,4,1
P00511,2025-08-31,26,324.5,12.48,5.27,4,4,1
P00511,2025-10-01,27,341.1,12.63,0.76,5,4,1
P00511,2025-10-31,27,339.0,12.55,0.33,4,4,3
P00511,2025-12-01,26,343.3,13.21,1.5,2,4,0
P00511,2025-12-31,26,338.5,13.02,1.67,5,4,1
P00511,2026-01-30,27,365.8,13.55,2.0,3,4,1
P00511,2026-03-02,26,341.5,13.13,4.0,6,4,3
P00511,2026-04-01,28,364.9,13.03,0.68,8,4,2
P00511,2026-05-02,30,375.1,12.5,0.69,6,4,0
P00511,2026-06-01,27,353.4,13.09,0.57,5,4,1
P00511,2026-07-02,29,353.5,12.19,0.49,6,4,1
P00511,2026-08-01,28,365.0,13.03,2.41,2,4,3
P00512,2024-08-31,31,295.3,9.53,6.0,11,4,1
P00512,2024-09-30,28,261.9,9.35,3.7,10,4,2
P00512,2024-10-31,28,273.5,9.77,1.68,10,4,2
P00512,2024-11-30,31,267.5,8.63,1.03,9,4,2
P00512,2024-12-31,30,270.6,9.02,0.2,7,4,3
P00512,2025-01-30,31,283.1,9.13,0.71,9,4,1
P00512,2025-03-02,26,230.3,8.86,2.38,9,4,2
P00512,2025-04-01,29,273.9,9.44,1.24,9,4,1
P00512,2025-05-01,31,299.6,9.66,4.06,7,4,2
P00512,2025-06-01,30,289.9,9.66,2.15,5,4,1
P00512,2025-07-01,28,270.0,9.64,0.8,9,4,3
P00512,2025-08-01,29,286.1,9.87,2.64,3,4,3
P00512,2025-08-31,30,303.1,10.1,1.07,5,4,1
P00512,2025-10-01,29,292.7,10.09,3.37,7,4,2
P00512,2025-10-31,28,280.3,10.01,1.01,6,4,3
P00512,2025-12-01,28,291.4,10.41,2.59,9,4,1
P00512,2025-12-31,29,302.8,10.44,2.9,14,4,2
P00512,2026-01-30,29,287.0,9.89,2.78,6,4,3
P00512,2026-03-02,30,297.7,9.92,5.1,11,4,3
P00512,2026-04-01,29,283.0,9.76,2.81,7,4,2
P00512,2026-05-02,29,285.0,9.83,5.01,1,4,3
P00512,2026-06-01,29,278.3,9.6,1.15,5,4,3
P00512,2026-07-02,27,273.1,10.11,2.98,7,4,0
P00512,2026-08-01,29,289.6,9.98,1.94,10,4,3
P00513,2024-08-31,30,401.9,13.4,3.77,7,4,0
P00513,2024-09-30,30,402.6,13.42,2.44,6,4,0
P00513,2024-10-31,28,367.3,13.12,6.0,7,4,1
P00513,2024-11-30,28,333.3,11.9,1.13,11,4,0
P00513,2024-12-31,30,376.2,12.54,0.72,8,4,1
P00513,2025-01-30,29,340.8,11.75,1.68,10,4,0
P00513,2025-03-02,30,384.3,12.81,1.52,12,4,0
P00513,2025-04-01,28,352.5,12.59,4.54,6,4,3
P00513,2025-05-01,27,353.9,13.11,4.0,7,4,1
P00513,2025-06-01,29,351.2,12.11,2.61,5,4,2
P00513,2025-07-01,30,384.7,12.82,4.27,7,4,0
P00513,2025-08-01,29,363.5,12.54,1.94,8,4,0
P00513,2025-08-31,27,328.1,12.15,4.37,8,4,1
P00513,2025-10-01,29,348.6,12.02,1.68,5,4,0
P00513,2025-10-31,31,409.5,13.21,3.05,6,4,0
P00513,2025-12-01,27,327.3,12.12,1.33,5,4,0
P00513,2025-12-31,31,367.0,11.84,3.52,9,4,0
P00513,2026-01-30,30,344.0,11.47,0.87,7,4,2
P00513,2026-03-02,29,333.4,11.5,6.0,13,4,1
P00513,2026-04-01,29,351.0,12.1,3.09,9,4,1
P00513,2026-05-02,28,322.8,11.53,1.12,11,4,0
P00513,2026-06-01,28,346.6,12.38,2.9,6,4,1
P00513,2026-07-02,27,329.7,12.21,2.68,3,4,2
P00513,2026-08-01,30,384.2,12.81,0.89,15,4,0
P00514,2024-08-31,29,395.1,13.63,6.0,11,4,3
P00514,2024-09-30,28,354.6,12.67,0.75,9,4,0
P00514,2024-10-31,29,393.9,13.58,3.52,5,4,0
P00514,2024-11-30,31,418.2,13.49,1.96,4,4,0
P00514,2024-12-31,29,383.5,13.22,6.0,7,4,1
P00514,2025-01-30,30,400.2,13.34,2.06,5,4,0
P00514,2025-03-02,29,378.8,13.06,2.85,7,4,1
P00514,2025-04-01,31,397.7,12.83,1.51,4,4,1
P00514,2025-05-01,28,382.5,13.66,0.68,9,4,0
P00514,2025-06-01,30,403.4,13.45,2.06,3,4,1
P00514,2025-07-01,28,367.2,13.11,0.2,8,4,1
P00514,2025-08-01,29,370.1,12.76,1.69,8,4,1
P00514,2025-08-31,28,383.5,13.7,4.78,4,4,0
P00514,2025-10-01,29,385.5,13.29,1.83,3,4,2
P00514,2025-10-31,28,386.9,13.82,1.45,2,4,1
P00514,2025-12-01,29,380.4,13.12,1.03,11,4,0
P00514,2025-12-31,25,341.6,13.66,1.75,10,4,2
P00514,2026-01-30,27,363.2,13.45,4.05,6,4,3
P00514,2026-03-02,26,363.1,13.97,1.97,8,4,1
P00514,2026-04-01,30,396.7,13.22,4.17,4,4,1
P00514,2026-05-02,29,392.6,13.54,3.98,3,4,0
P00514,2026-06-01,27,367.1,13.6,1.16,7,4,1
P00514,2026-07-02,29,393.8,13.58,4.75,5,4,1
P00514,2026-08-01,28,378.0,13.5,4.09,8,4,1
P00515,2024-08-31,30,413.6,13.79,0.23,4,4,1
P00515,2024-09-30,27,369.3,13.68,1.5,7,4,0
P00515,2024-10-31,31,420.7,13.57,2.0,7,4,1
P00515,2024-11-30,30,419.9,14.0,3.22,6,4,1
P00515,2024-12-31,31,411.2,13.27,1.15,5,4,1
P00515,2025-01-30,28,373.9,13.35,1.11,6,4,1
P00515,2025-03-02,28,376.0,13.43,2.12,2,4,0
P00515,2025-04-01,27,382.3,14.16,0.42,8,4,0
P00515,2025-05-01,30,405.8,13.53,2.03,3,4,0
P00515,2025-06-01,28,362.9,12.96,0.33,10,4,0
P00515,2025-07-01,28,378.1,13.5,6.0,2,4,0
P00515,2025-08-01,27,352.9,13.07,4.63,7,4,2
P00515,2025-08-31,26,336.8,12.95,2.62,6,4,2
P00515,2025-10-01,28,362.4,12.94,2.52,9,4,0
P00515,2025-10-31,28,361.8,12.92,1.11,4,4,1
P00515,2025-12-01,28,360.8,12.88,4.28,10,4,1
P00515,2025-12-31,30,358.6,11.95,2.33,3,4,1
P00515,2026-01-30,30,390.3,13.01,4.58,7,4,0
P00515,2026-03-02,29,365.5,12.6,2.19,6,4,0
P00515,2026-04-01,31,372.0,12.0,2.14,6,4,0
P00515,2026-05-02,27,353.0,13.07,2.17,6,4,0
P00515,2026-06-01,31,381.7,12.31,1.53,9,4,1
P00515,2026-07-02,27,356.0,13.19,4.34,5,4,2
P00515,2026-08-01,30,379.8,12.66,0.7,6,4,1
P00516,2024-08-31,30,413.9,13.8,1.92,7,4,2
P00516,2024-09-30,29,391.2,13.49,1.77,7,4,0
P00516,2024-10-31,28,375.5,13.41,1.58,5,4,0
P00516,2024-11-30,29,392.0,13.52,4.2,2,4,0
P00516,2024-12-31,27,356.9,13.22,4.73,6,4,1
P00516,2025-01-30,31,430.5,13.89,2.04,10,4,0
P00516,2025-03-02,29,402.0,13.86,5.46,9,4,0
P00516,2025-04-01,27,381.6,14.13,5.38,14,4,0
P00516,2025-05-01,31,443.1,14.29,5.36,11,4,0
P00516,2025-06-01,26,373.5,14.36,5.23,5,4,0
P00516,2025-07-01,28,413.0,14.75,1.81,5,4,0
P00516,2025-08-01,26,396.9,15.27,2.37,7,4,0
P00516,2025-08-31,30,431.0,14.37,2.9,2,4,0
P00516,2025-10-01,31,435.5,14.05,4.29,9,4,3
P00516,2025-10-31,31,437.3,14.11,2.75,8,4,0
P00516,2025-12-01,29,411.0,14.17,3.27,10,4,1
P00516,2025-12-31,30,439.9,14.66,5.13,6,4,2
P00516,2026-01-30,28,381.2,13.62,3.91,6,4,1
P00516,2026-03-02,30,405.2,13.51,6.0,13,4,1
P00516,2026-04-01,31,442.0,14.26,2.38,17,4,0
P00516,2026-05-02,30,420.3,14.01,1.03,9,4,0
P00516,2026-06-01,28,404.7,14.45,4.43,4,4,1
P00516,2026-07-02,28,410.1,14.65,6.0,5,4,0
P00516,2026-08-01,30,455.0,15.17,1.35,11,4,0
P00517,2024-08-31,29,377.2,13.01,1.61,6,4,0
P00517,2024-09-30,28,375.6,13.41,2.41,5,4,1
P00517,2024-10-31,27,352.0,13.04,3.68,7,4,0
P00517,2024-11-30,28,364.5,13.02,1.82,6,4,2
P00517,2024-12-31,30,388.6,12.95,2.78,10,4,0
P00517,2025-01-30,26,341.4,13.13,5.25,4,4,0
P00517,2025-03-02,27,341.0,12.63,0.49,4,4,1
P00517,2025-04-01,27,355.5,13.17,1.87,10,4,1
P00517,2025-05-01,29,386.9,13.34,3.79,7,4,1
P00517,2025-06-01,31,417.2,13.46,2.88,2,4,3
P00517,2025-07-01,29,381.6,13.16,4.98,3,4,2
P00517,2025-08-01,28,348.8,12.46,3.05,6,4,0
P00517,2025-08-31,27,345.5,12.8,2.66,5,4,1
P00517,2025-10-01,31,397.7,12.83,1.7,8,4,1
P00517,2025-10-31,30,385.4,12.85,1.02,5,4,0
P00517,2025-12-01,29,375.0,12.93,5.34,7,4,1
P00517,2025-12-31,29,392.1,13.52,1.74,9,4,0
P00517,2026-01-30,30,399.6,13.32,2.55,4,4,1
P00517,2026-03-02,28,360.9,12.89,1.87,7,4,2
P00517,2026-04-01,31,404.0,13.03,1.19,3,4,1
P00517,2026-05-02,28,360.4,12.87,1.2,3,4,0
P00517,2026-06-01,30,397.2,13.24,4.05,10,4,1
P00517,2026-07-02,31,406.3,13.11,0.77,9,4,0
P00517,2026-08-01,27,351.8,13.03,6.0,6,4,1
P00518,2024-08-31,25,312.2,12.49,1.54,3,4,2
P00518,2024-09-30,25,315.7,12.63,3.08,5,4,1
P00518,2024-10-31,30,380.2,12.67,2.24,3,4,1
P00518,2024-11-30,26,338.1,13.0,0.29,3,4,1
P00518,2024-12-31,26,338.3,13.01,2.76,2,4,0
P00518,2025-01-30,27,343.2,12.71,1.69,2,4,0
P00518,2025-03-02,27,359.6,13.32,3.98,6,4,1
P00518,2025-04-01,26,326.7,12.57,3.14,1,4,0
P00518,2025-05-01,24,316.3,13.18,1.3,2,4,0
P00518,2025-06-01,27,339.8,12.58,1.96,1,4,0
P00518,2025-07-01,31,401.6,12.96,0.67,3,4,1
P00518,2025-08-01,26,329.9,12.69,1.27,4,4,1
P00518,2025-08-31,27,363.9,13.48,1.21,4,4,1
P00518,2025-10-01,31,413.7,13.34,1.71,4,4,0
P00518,2025-10-31,27,348.2,12.9,1.07,3,4,1
P00518,2025-12-01,27,354.2,13.12,2.02,5,4,0
P00518,2025-12-31,25,328.7,13.15,0.53,7,4,1
P00518,2026-01-30,27,345.4,12.79,4.84,6,4,3
P00518,2026-03-02,30,390.8,13.03,2.77,4,4,0
P00518,2026-04-01,27,344.4,12.76,2.12,5,4,0
P00518,2026-05-02,29,359.3,12.39,3.3,0,4,0
P00518,2026-06-01,26,332.5,12.79,1.32,3,4,0
P00518,2026-07-02,25,315.6,12.63,2.18,4,4,3
P00518,2026-08-01,28,363.2,12.97,2.49,1,4,3
P00519,2024-08-31,31,419.6,13.53,0.25,7,4,1
P00519,2024-09-30,29,372.5,12.84,3.17,9,4,0
P00519,2024-10-31,30,416.7,13.89,0.54,2,4,0
P00519,2024-11-30,28,377.1,13.47,3.04,5,4,0
P00519,2024-12-31,26,336.5,12.94,4.22,5,4,0
P00519,2025-01-30,27,348.5,12.91,4.64,4,4,0
P00519,2025-03-02,31,411.7,13.28,2.15,4,4,1
P00519,2025-04-01,28,372.1,13.29,0.38,8,4,1
P00519,2025-05-01,31,416.5,13.44,1.85,4,4,0
P00519,2025-06-01,28,383.8,13.71,0.75,3,4,0
P00519,2025-07-01,27,354.6,13.13,0.91,11,4,1
P00519,2025-08-01,31,416.7,13.44,1.57,3,4,0
P00519,2025-08-31,30,398.5,13.28,6.0,7,4,2
P00519,2025-10-01,29,398.5,13.74,3.35,3,4,0
P00519,2025-10-31,29,379.6,13.09,1.81,6,4,0
P00519,2025-12-01,30,411.8,13.73,2.23,9,4,1
P00519,2025-12-31,28,372.8,13.32,5.86,9,4,1
P00519,2026-01-30,28,361.0,12.89,1.76,4,4,1
P00519,2026-03-02,29,379.1,13.07,1.71,9,4,1
P00519,2026-04-01,27,358.4,13.27,1.22,6,4,1
P00519,2026-05-02,27,368.2,13.64,6.0,10,4,1
P00519,2026-06-01,28,380.8,13.6,4.07,4,4,2
P00519,2026-07-02,26,346.4,13.32,1.71,9,4,0
P00519,2026-08-01,30,418.4,13.95,1.19,4,4,0
P00520,2024-08-31,28,360.7,12.88,3.78,6,4,1
P00520,2024-09-30,25,305.7,12.23,0.34,2,4,2
P00520,2024-10-31,27,335.2,12.41,1.36,3,4,0
P00520,2024-11-30,29,365.7,12.61,3.22,5,4,2
P00520,2024-12-31,29,359.3,12.39,1.95,5,4,1
P00520,2025-01-30,28,362.1,12.93,1.18,5,4,1
P00520,2025-03-02,28,346.7,12.38,0.44,9,4,1
P00520,2025-04-01,26,323.4,12.44,1.71,7,4,0
P00520,2025-05-01,28,325.2,11.62,2.02,3,4,0
P00520,2025-06-01,25,318.4,12.74,1.04,5,4,1
P00520,2025-07-01,27,330.7,12.25,1.84,5,4,2
P00520,2025-08-01,26,335.8,12.91,0.76,4,4,2
P00520,2025-08-31,29,352.1,12.14,1.1,4,4,0
P00520,2025-10-01,29,338.8,11.68,2.1,2,4,1
P00520,2025-10-31,29,326.6,11.26,1.77,3,4,0
P00520,2025-12-01,27,324.8,12.03,1.03,2,4,0
P00520,2025-12-31,26,307.9,11.84,0.23,2,4,3
P00520,2026-01-30,31,389.1,12.55,1.62,5,4,1
P00520,2026-03-02,29,363.3,12.53,1.07,9,4,1
P00520,2026-04-01,26,314.1,12.08,1.9,6,4,1
P00520,2026-05-02,30,368.6,12.29,1.98,6,4,0
P00520,2026-06-01,31,393.4,12.69,1.74,7,4,1
P00520,2026-07-02,27,344.0,12.74,1.85,2,4,1
P00520,2026-08-01,26,314.5,12.1,1.47,5,4,0
P00521,2024-08-31,26,331.9,12.77,1.7,2,4,2
P00521,2024-09-30,27,341.3,12.64,1.17,5,4,0
P00521,2024-10-31,27,334.9,12.4,2.37,5,4,2
P00521,2024-11-30,28,363.6,12.99,2.11,3,4,1
P00521,2024-12-31,27,339.5,12.57,2.22,7,4,0
P00521,2025-01-30,25,292.1,11.68,0.97,2,4,1
P00521,2025-03-02,25,323.4,12.94,0.64,4,4,1
P00521,2025-04-01,26,338.7,13.03,1.41,3,4,0
P00521,2025-05-01,27,338.0,12.52,1.88,4,4,2
P00521,2025-06-01,26,335.5,12.9,0.67,5,4,1
P00521,2025-07-01,30,383.5,12.78,1.09,7,4,1
P00521,2025-08-01,27,325.1,12.04,3.14,5,4,0
P00521,2025-08-31,26,313.6,12.06,1.47,4,4,2
P00521,2025-10-01,25,317.3,12.69,1.84,2,4,2
P00521,2025-10-31,29,356.9,12.31,1.08,2,4,0
P00521,2025-12-01,28,333.8,11.92,1.88,2,4,2
P00521,2025-12-31,29,354.3,12.22,1.61,2,4,0
P00521,2026-01-30,28,338.9,12.1,4.71,4,4,0
P00521,2026-03-02,26,318.0,12.23,1.08,1,4,0
P00521,2026-04-01,27,335.2,12.42,1.38,5,4,0
P00521,2026-05-02,27,327.1,12.11,2.47,2,4,1
P00521,2026-06-01,27,318.0,11.78,4.17,3,4,0
P00521,2026-07-02,26,315.4,12.13,1.63,3,4,1
P00521,2026-08-01,28,337.8,12.06,1.6,2,4,2
P00522,2024-08-31,27,228.3,8.46,1.5,5,4,1
P00522,2024-09-30,29,253.4,8.74,1.72,3,4,0
P00522,2024-10-31,31,297.0,9.58,2.19,4,4,2
P00522,2024-11-30,28,240.6,8.59,3.56,9,4,1
P00522,2024-12-31,31,262.7,8.47,2.56,6,4,3
P00522,2025-01-30,31,265.8,8.57,2.23,5,4,3
P00522,2025-03-02,28,255.3,9.12,5.06,3,4,1
P00522,2025-04-01,29,253.9,8.75,1.41,2,4,1
P00522,2025-05-01,29,249.9,8.62,1.37,5,4,3
P00522,2025-06-01,26,244.3,9.4,3.55,11,4,2
P00522,2025-07-01,25,205.1,8.2,0.46,7,4,4
P00522,2025-08-01,28,249.6,8.91,0.73,3,4,4
P00522,2025-08-31,29,286.8,9.89,3.62,6,4,0
P00522,2025-10-01,28,251.0,8.96,3.37,8,4,2
P00522,2025-10-31,29,256.1,8.83,0.62,5,4,2
P00522,2025-12-01,28,259.9,9.28,1.47,8,4,2
P00522,2025-12-31,31,278.5,8.98,4.35,1,4,3
P00522,2026-01-30,28,265.6,9.49,0.76,10,4,2
P00522,2026-03-02,29,246.6,8.5,1.11,5,4,3
P00522,2026-04-01,27,241.1,8.93,0.65,6,4,4
P00522,2026-05-02,28,267.1,9.54,1.14,9,4,3
P00522,2026-06-01,28,254.0,9.07,5.0,8,4,3
P00522,2026-07-02,30,272.7,9.09,3.53,4,4,3
P00522,2026-08-01,30,273.0,9.1,1.48,6,4,2
P00523,2024-08-31,27,367.3,13.6,0.68,8,4,1
P00523,2024-09-30,27,354.8,13.14,4.82,9,4,0
P00523,2024-10-31,31,431.2,13.91,4.79,8,4,0
P00523,2024-11-30,30,397.8,13.26,2.73,6,4,2
P00523,2024-12-31,28,396.8,14.17,6.0,8,4,1
P00523,2025-01-30,28,387.3,13.83,1.95,5,4,1
P00523,2025-03-02,27,359.4,13.31,1.79,3,4,1
P00523,2025-04-01,29,404.2,13.94,0.94,5,4,1
P00523,2025-05-01,27,388.1,14.37,2.93,3,4,2
P00523,2025-06-01,31,440.9,14.22,2.41,0,4,0
P00523,2025-07-01,26,389.8,14.99,1.7,7,4,1
P00523,2025-08-01,26,377.5,14.52,1.07,9,4,1
P00523,2025-08-31,31,455.4,14.69,1.93,6,4,0
P00523,2025-10-01,29,424.8,14.65,1.48,10,4,2
P00523,2025-10-31,30,436.3,14.54,3.49,6,4,1
P00523,2025-12-01,30,445.1,14.84,0.8,6,4,0
P00523,2025-12-31,27,386.3,14.31,1.71,13,4,1
P00523,2026-01-30,28,400.5,14.3,4.65,7,4,2
P00523,2026-03-02,27,382.1,14.15,1.18,3,4,0
P00523,2026-04-01,30,437.5,14.58,3.79,4,4,1
P00523,2026-05-02,29,423.4,14.6,0.75,6,4,1
P00523,2026-06-01,27,388.5,14.39,1.77,3,4,2
P00523,2026-07-02,29,420.1,14.48,6.0,9,4,0
P00523,2026-08-01,29,424.1,14.63,0.41,5,4,1
P00524,2024-08-31,24,177.3,7.39,2.02,3,4,3
P00524,2024-09-30,30,228.9,7.63,1.97,6,4,2
P00524,2024-10-31,27,213.7,7.91,2.67,6,4,3
P00524,2024-11-30,27,215.7,7.99,1.69,2,4,2
P00524,2024-12-31,27,214.9,7.96,0.68,2,4,2
P00524,2025-01-30,28,215.3,7.69,1.04,3,4,3
P00524,2025-03-02,26,211.6,8.14,1.15,6,4,1
P00524,2025-04-01,25,202.9,8.11,2.04,4,4,2
P00524,2025-05-01,27,217.7,8.06,1.52,4,4,2
P00524,2025-06-01,30,200.4,6.68,1.31,5,4,2
P00524,2025-07-01,30,217.5,7.25,0.53,5,4,1
P00524,2025-08-01,28,195.9,7.0,5.35,4,4,3
P00524,2025-08-31,29,230.0,7.93,0.38,6,4,2
P00524,2025-10-01,29,182.6,6.3,2.29,4,4,2
P00524,2025-10-31,28,199.7,7.13,1.14,6,4,4
P00524,2025-12-01,26,183.7,7.07,2.85,5,4,3
P00524,2025-12-31,31,226.3,7.3,1.78,3,4,1
P00524,2026-01-30,27,210.1,7.78,0.6,9,4,2
P00524,2026-03-02,29,210.8,7.27,1.06,0,4,4
P00524,2026-04-01,27,174.0,6.44,0.65,3,4,3
P00524,2026-05-02,24,179.3,7.47,0.52,2,4,4
P00524,2026-06-01,29,212.8,7.34,5.03,4,4,4
P00524,2026-07-02,28,209.7,7.49,1.04,7,4,2
P00524,2026-08-01,25,169.4,6.78,1.29,4,4,2
P00525,2024-08-31,27,371.3,13.75,5.63,3,4,2
P00525,2024-09-30,27,355.3,13.16,3.38,4,4,1
P00525,2024-10-31,28,355.7,12.7,1.51,4,4,0
P00525,2024-11-30,28,369.5,13.2,1.18,1,4,1
P00525,2024-12-31,26,341.7,13.14,1.15,5,4,0
P00525,2025-01-30,25,331.4,13.26,4.24,4,4,1
P00525,2025-03-02,29,378.8,13.06,0.99,2,4,1
P00525,2025-04-01,27,369.3,13.68,1.48,4,4,1
P00525,2025-05-01,27,350.6,12.98,0.87,6,4,2
P00525,2025-06-01,30,375.3,12.51,1.39,9,4,1
P00525,2025-07-01,26,317.7,12.22,3.62,7,4,1
P00525,2025-08-01,29,382.0,13.17,0.5,4,4,0
P00525,2025-08-31,25,322.9,12.92,2.81,4,4,0
P00525,2025-10-01,25,317.5,12.7,1.11,3,4,1
P00525,2025-10-31,27,336.4,12.46,2.27,1,4,1
P00525,2025-12-01,29,372.5,12.85,4.17,4,4,0
P00525,2025-12-31,27,345.9,12.81,2.61,7,4,1
P00525,2026-01-30,28,344.1,12.29,2.71,2,4,2
P00525,2026-03-02,30,378.8,12.63,1.75,6,4,0
P00525,2026-04-01,27,347.5,12.87,1.79,1,4,1
P00525,2026-05-02,26,319.9,12.3,3.08,5,4,0
P00525,2026-06-01,28,352.9,12.6,0.74,3,4,0
P00525,2026-07-02,27,336.5,12.46,0.71,6,4,2
P00525,2026-08-01,27,337.2,12.49,1.03,7,4,0
P00526,2024-08-31,25,354.1,14.16,1.39,7,4,1
P00526,2024-09-30,29,427.1,14.73,3.14,8,4,2
P00526,2024-10-31,30,443.6,14.79,1.81,6,4,1
P00526,2024-11-30,27,399.0,14.78,0.29,10,4,1
P00526,2024-12-31,31,446.3,14.4,1.23,8,4,1
P00526,2025-01-30,28,407.1,14.54,2.36,2,4,0
P00526,2025-03-02,31,455.0,14.68,1.4,6,4,1
P00526,2025-04-01,29,433.0,14.93,1.78,9,4,0
P00526,2025-05-01,30,444.3,14.81,0.2,4,4,2
P00526,2025-06-01,30,413.6,13.79,0.4,3,4,1
P00526,2025-07-01,28,426.8,15.24,1.97,5,4,0
P00526,2025-08-01,28,409.0,14.61,1.72,9,4,0
P00526,2025-08-31,28,400.3,14.3,2.15,2,4,0
P00526,2025-10-01,29,439.6,15.16,0.32,6,4,2
P00526,2025-10-31,27,408.8,15.14,1.82,6,4,2
P00526,2025-12-01,30,433.7,14.46,2.43,5,4,2
P00526,2025-12-31,29,403.6,13.92,3.44,5,4,0
P00526,2026-01-30,28,410.1,14.65,0.69,8,4,1
P00526,2026-03-02,31,434.0,14.0,0.52,10,4,0
P00526,2026-04-01,30,410.8,13.69,0.37,6,4,1
P00526,2026-05-02,30,429.4,14.31,0.48,7,4,0
P00526,2026-06-01,31,460.8,14.87,1.52,8,4,2
P00526,2026-07-02,25,360.4,14.41,0.5,5,4,1
P00526,2026-08-01,30,419.4,13.98,2.52,1,4,1
P00527,2024-08-31,28,243.0,8.68,3.48,5,4,4
P00527,2024-09-30,28,228.5,8.16,1.19,4,4,2
P00527,2024-10-31,31,270.2,8.72,5.98,6,4,2
P00527,2024-11-30,29,257.8,8.89,1.37,4,4,4
P00527,2024-12-31,31,276.4,8.92,5.1,2,4,3
P00527,2025-01-30,29,251.4,8.67,1.31,6,4,4
P00527,2025-03-02,30,251.3,8.38,5.35,11,4,2
P00527,2025-04-01,29,271.3,9.36,2.6,10,4,2
P00527,2025-05-01,28,220.0,7.86,2.37,4,4,1
P00527,2025-06-01,30,267.1,8.9,0.56,9,4,0
P00527,2025-07-01,31,270.0,8.71,3.19,6,4,2
P00527,2025-08-01,26,213.2,8.2,1.5,2,4,2
P00527,2025-08-31,25,199.0,7.96,2.98,7,4,3
P00527,2025-10-01,31,283.0,9.13,2.67,4,4,3
P00527,2025-10-31,27,234.3,8.68,2.57,1,4,3
P00527,2025-12-01,29,239.8,8.27,3.31,11,4,3
P00527,2025-12-31,29,254.2,8.77,3.15,11,4,4
P00527,2026-01-30,28,249.0,8.89,3.38,10,4,3
P00527,2026-03-02,25,232.1,9.29,0.67,9,4,2
P00527,2026-04-01,27,223.2,8.27,5.36,7,4,2
P00527,2026-05-02,28,227.8,8.13,1.43,4,4,2
P00527,2026-06-01,29,231.2,7.97,2.16,7,4,3
P00527,2026-07-02,31,275.8,8.9,2.35,4,4,3
P00527,2026-08-01,29,229.9,7.93,3.56,4,4,4
P00528,2024-08-31,27,347.1,12.86,0.69,8,4,1
P00528,2024-09-30,28,381.7,13.63,3.54,3,4,2
P00528,2024-10-31,25,333.9,13.35,2.16,8,4,0
P00528,2024-11-30,28,351.8,12.56,1.19,1,4,0
P00528,2024-12-31,28,345.5,12.34,0.65,9,4,0
P00528,2025-01-30,26,315.6,12.14,1.75,6,4,0
P00528,2025-03-02,27,342.0,12.67,5.23,4,4,2
P00528,2025-04-01,29,360.2,12.42,1.65,4,4,1
P00528,2025-05-01,28,363.1,12.97,0.97,11,4,0
P00528,2025-06-01,29,367.5,12.67,2.67,10,4,1
P00528,2025-07-01,27,318.9,11.81,0.55,8,4,2
P00528,2025-08-01,29,354.2,12.21,2.59,4,4,3
P00528,2025-08-31,29,363.3,12.53,2.8,5,4,2
P00528,2025-10-01,29,352.9,12.17,0.9,9,4,0
P00528,2025-10-31,28,358.3,12.8,2.22,10,4,0
P00528,2025-12-01,29,337.0,11.62,3.47,4,4,0
P00528,2025-12-31,26,308.0,11.84,1.53,8,4,2
P00528,2026-01-30,30,366.4,12.21,2.53,5,4,0
P00528,2026-03-02,26,331.8,12.76,0.2,6,4,0
P00528,2026-04-01,28,333.7,11.92,2.07,3,4,1
P00528,2026-05-02,30,337.1,11.24,3.89,6,4,0
P00528,2026-06-01,29,315.3,10.87,2.3,4,4,0
P00528,2026-07-02,31,348.6,11.25,4.92,5,4,0
P00528,2026-08-01,30,339.2,11.31,1.66,5,4,1
P00529,2024-08-31,29,259.8,8.96,1.93,5,4,3
P00529,2024-09-30,30,297.8,9.93,1.82,9,4,2
P00529,2024-10-31,31,282.6,9.12,5.16,5,4,4
P00529,2024-11-30,29,281.3,9.7,1.02,5,4,3
P00529,2024-12-31,29,258.9,8.93,1.69,14,4,2
P00529,2025-01-30,29,256.7,8.85,3.04,5,4,2
P00529,2025-03-02,27,256.3,9.49,0.77,5,4,3
P00529,2025-04-01,31,297.4,9.59,2.55,8,4,2
P00529,2025-05-01,30,312.0,10.4,4.56,11,4,3
P00529,2025-06-01,31,312.6,10.08,1.16,10,4,2
P00529,2025-07-01,29,303.0,10.45,0.97,3,4,0
P00529,2025-08-01,31,298.9,9.64,0.94,5,4,3
P00529,2025-08-31,27,289.2,10.71,4.84,12,4,3
P00529,2025-10-01,31,296.1,9.55,2.12,5,4,3
P00529,2025-10-31,31,303.9,9.8,1.6,6,4,2
P00529,2025-12-01,31,313.7,10.12,3.79,6,4,2
P00529,2025-12-31,30,298.6,9.95,6.0,7,4,1
P00529,2026-01-30,30,277.5,9.25,3.0,8,4,1
P00529,2026-03-02,29,261.4,9.01,3.43,6,4,2
P00529,2026-04-01,30,259.6,8.65,2.26,6,4,3
P00529,2026-05-02,28,257.2,9.18,3.17,12,4,2
P00529,2026-06-01,29,270.4,9.32,4.14,6,4,2
P00529,2026-07-02,28,245.0,8.75,2.7,7,4,2
P00529,2026-08-01,28,249.7,8.92,3.26,5,4,3
P00530,2024-08-31,28,383.8,13.71,2.79,6,4,1
P00530,2024-09-30,28,371.3,13.26,2.67,5,4,2
P00530,2024-10-31,31,403.6,13.02,2.94,3,4,0
P00530,2024-11-30,27,363.3,13.46,1.69,10,4,0
P00530,2024-12-31,28,381.4,13.62,1.14,10,4,0
P00530,2025-01-30,29,379.6,13.09,1.66,6,4,1
P00530,2025-03-02,30,384.4,12.81,6.0,9,4,1
P00530,2025-04-01,31,420.2,13.56,2.46,9,4,0
P00530,2025-05-01,27,362.7,13.43,1.28,6,4,1
P00530,2025-06-01,28,387.5,13.84,4.2,5,4,0
P00530,2025-07-01,29,394.9,13.62,5.66,8,4,2
P00530,2025-08-01,29,394.8,13.61,3.31,4,4,1
P00530,2025-08-31,31,425.4,13.72,2.06,10,4,2
P00530,2025-10-01,29,387.5,13.36,0.77,5,4,1
P00530,2025-10-31,29,416.7,14.37,5.4,10,4,2
P00530,2025-12-01,31,438.1,14.13,1.18,8,4,2
P00530,2025-12-31,31,449.5,14.5,2.03,9,4,0
P00530,2026-01-30,29,407.1,14.04,3.05,9,4,0
P00530,2026-03-02,30,426.3,14.21,4.67,4,4,1
P00530,2026-04-01,29,403.3,13.91,0.83,6,4,1
P00530,2026-05-02,31,449.6,14.5,3.34,10,4,1
P00530,2026-06-01,31,453.7,14.64,1.39,3,4,3
P00530,2026-07-02,29,403.3,13.91,3.0,9,4,1
P00530,2026-08-01,31,448.5,14.47,2.77,7,4,1
P00531,2024-08-31,29,367.3,12.67,0.45,4,4,2
P00531,2024-09-30,27,340.2,12.6,0.56,2,4,0
P00531,2024-10-31,30,414.5,13.82,0.59,4,4,1
P00531,2024-11-30,26,331.9,12.76,3.3,4,4,0
P00531,2024-12-31,29,370.0,12.76,2.17,3,4,2
P00531,2025-01-30,25,325.7,13.03,6.0,3,4,1
P00531,2025-03-02,27,351.5,13.02,2.03,5,4,0
P00531,2025-04-01,28,370.3,13.22,0.71,3,4,1
P00531,2025-05-01,28,371.7,13.27,0.82,5,4,1
P00531,2025-06-01,27,346.9,12.85,2.18,5,4,1
P00531,2025-07-01,29,393.6,13.57,1.49,3,4,0
P00531,2025-08-01,26,342.0,13.15,3.91,7,4,1
P00531,2025-08-31,27,358.0,13.26,1.16,5,4,1
P00531,2025-10-01,24,336.7,14.03,1.09,6,4,1
P00531,2025-10-31,26,362.7,13.95,2.33,7,4,0
P00531,2025-12-01,28,393.2,14.04,1.23,4,4,0
P00531,2025-12-31,26,362.0,13.92,1.81,5,4,1
P00531,2026-01-30,27,386.4,14.31,1.58,4,4,1
P00531,2026-03-02,26,375.4,14.44,1.64,4,4,1
P00531,2026-04-01,27,360.9,13.37,0.84,2,4,0
P00531,2026-05-02,28,384.4,13.73,1.59,2,4,1
P00531,2026-06-01,24,329.9,13.75,1.69,2,4,0
P00531,2026-07-02,27,372.5,13.8,1.3,7,4,1
P00531,2026-08-01,27,375.6,13.91,2.51,5,4,1
P00532,2024-08-31,30,403.4,13.45,3.97,1,4,0
P00532,2024-09-30,30,385.6,12.85,2.44,6,4,1
P00532,2024-10-31,29,387.0,13.34,2.83,10,4,2
P00532,2024-11-30,29,367.9,12.69,6.0,5,4,0
P00532,2024-12-31,30,381.3,12.71,0.88,7,4,1
P00532,2025-01-30,29,365.3,12.6,1.06,8,4,0
P00532,2025-03-02,28,345.1,12.33,0.62,6,4,1
P00532,2025-04-01,28,350.2,12.51,3.69,8,4,3
P00532,2025-05-01,29,351.1,12.11,5.91,10,4,1
P00532,2025-06-01,29,324.8,11.2,3.64,10,4,0
P00532,2025-07-01,29,343.5,11.84,3.55,5,4,1
P00532,2025-08-01,30,370.8,12.36,3.66,10,4,0
P00532,2025-08-31,28,325.6,11.63,0.43,6,4,0
P00532,2025-10-01,30,353.6,11.79,1.92,2,4,1
P00532,2025-10-31,29,344.9,11.89,3.68,6,4,1
P00532,2025-12-01,28,334.9,11.96,0.6,7,4,2
P00532,2025-12-31,29,344.4,11.88,2.64,3,4,0
P00532,2026-01-30,30,383.9,12.8,4.34,1,4,0
P00532,2026-03-02,27,327.5,12.13,2.1,4,4,0
P00532,2026-04-01,27,348.2,12.9,0.97,6,4,0
P00532,2026-05-02,25,292.0,11.68,0.25,6,4,1
P00532,2026-06-01,28,342.0,12.22,1.78,4,4,2
P00532,2026-07-02,28,339.1,12.11,3.66,5,4,1
P00532,2026-08-01,27,325.6,12.06,2.83,4,4,0
P00533,2024-08-31,31,418.5,13.5,1.35,7,4,1
P00533,2024-09-30,29,387.4,13.36,3.33,6,4,2
P00533,2024-10-31,28,360.1,12.86,4.32,7,4,0
P00533,2024-11-30,28,383.7,13.7,1.2,8,4,0
P00533,2024-12-31,29,393.5,13.57,3.29,9,4,2
P00533,2025-01-30,29,409.9,14.13,1.55,8,4,1
P00533,2025-03-02,30,404.2,13.47,2.12,8,4,0
P00533,2025-04-01,29,394.7,13.61,5.31,6,4,1
P00533,2025-05-01,25,352.7,14.11,1.31,4,4,0
P00533,2025-06-01,28,389.4,13.91,2.44,3,4,0
P00533,2025-07-01,27,382.2,14.15,1.86,10,4,0
P00533,2025-08-01,30,420.3,14.01,0.58,6,4,1
P00533,2025-08-31,27,373.4,13.83,3.65,5,4,0
P00533,2025-10-01,29,410.5,14.16,1.77,6,4,0
P00533,2025-10-31,29,436.3,15.04,0.2,5,4,2
P00533,2025-12-01,31,463.7,14.96,6.0,8,4,1
P00533,2025-12-31,30,448.1,14.94,0.79,4,4,0
P00533,2026-01-30,31,461.3,14.88,3.69,6,4,0
P00533,2026-03-02,26,393.4,15.13,0.25,6,4,0
P00533,2026-04-01,28,405.6,14.48,3.61,9,4,1
P00533,2026-05-02,27,404.0,14.96,4.71,7,4,1
P00533,2026-06-01,25,347.9,13.92,0.85,7,4,2
P00533,2026-07-02,28,405.0,14.46,5.19,3,4,1
P00533,2026-08-01,30,426.4,14.21,2.76,7,4,0
P00534,2024-08-31,27,362.1,13.41,1.53,2,4,1
P00534,2024-09-30,26,343.6,13.22,0.91,6,4,1
P00534,2024-10-31,30,385.2,12.84,2.52,3,4,1
P00534,2024-11-30,29,379.8,13.1,1.2,4,4,1
P00534,2024-12-31,25,328.9,13.16,0.99,6,4,0
P00534,2025-01-30,27,351.7,13.03,3.19,9,4,2
P00534,2025-03-02,29,370.4,12.77,3.82,3,4,1
P00534,2025-04-01,30,396.3,13.21,1.52,2,4,0
P00534,2025-05-01,29,393.0,13.55,2.0,9,4,0
P00534,2025-06-01,26,351.5,13.52,0.88,2,4,0
P00534,2025-07-01,27,373.0,13.82,0.67,2,4,0
P00534,2025-08-01,30,393.9,13.13,1.94,4,4,1
P00534,2025-08-31,27,351.3,13.01,1.22,9,4,2
P00534,2025-10-01,30,391.4,13.05,0.2,7,4,1
P00534,2025-10-31,28,373.4,13.33,3.81,5,4,1
P00534,2025-12-01,27,331.5,12.28,0.32,9,4,0
P00534,2025-12-31,29,375.2,12.94,6.0,4,4,0
P00534,2026-01-30,29,385.3,13.29,1.76,2,4,1
P00534,2026-03-02,29,377.7,13.02,0.71,9,4,0
P00534,2026-04-01,28,361.7,12.92,0.73,5,4,0
P00534,2026-05-02,24,312.3,13.01,1.58,4,4,0
P00534,2026-06-01,26,348.8,13.42,1.79,5,4,0
P00534,2026-07-02,31,398.0,12.84,1.07,4,4,1
P00534,2026-08-01,28,339.1,12.11,3.14,6,4,0
P00535,2024-08-31,28,291.2,10.4,2.1,4,4,1
P00535,2024-09-30,27,306.7,11.36,2.67,4,4,1
P00535,2024-10-31,27,280.9,10.4,0.49,4,4,0
P00535,2024-11-30,29,312.8,10.79,4.35,4,4,0
P00535,2024-12-31,28,309.7,11.06,2.5,4,4,1
P00535,2025-01-30,27,305.5,11.32,3.37,3,4,2
P00535,2025-03-02,30,328.9,10.96,0.67,7,4,2
P00535,2025-04-01,26,287.8,11.07,0.5,4,4,0
P00535,2025-05-01,29,323.2,11.14,3.53,5,4,1
P00535,2025-06-01,25,277.4,11.1,0.9,5,4,2
P00535,2025-07-01,31,344.8,11.12,1.89,5,4,2
P00535,2025-08-01,28,301.4,10.76,0.57,7,4,0
P00535,2025-08-31,27,303.6,11.24,1.31,3,4,0
P00535,2025-10-01,28,298.4,10.66,1.89,2,4,1
P00535,2025-10-31,27,295.9,10.96,1.06,4,4,1
P00535,2025-12-01,28,338.8,12.1,2.67,2,4,1
P00535,2025-12-31,27,288.1,10.67,1.54,3,4,0
P00535,2026-01-30,29,306.2,10.56,1.48,3,4,2
P00535,2026-03-02,28,316.7,11.31,0.42,7,4,1
P00535,2026-04-01,26,301.8,11.61,0.58,9,4,2
P00535,2026-05-02,28,321.1,11.47,1.56,7,4,1
P00535,2026-06-01,26,266.6,10.25,3.16,5,4,0
P00535,2026-07-02,29,324.6,11.19,0.78,4,4,2
P00535,2026-08-01,28,310.0,11.07,2.45,2,4,1
P00536,2024-08-31,26,369.9,14.23,1.16,5,4,0
P00536,2024-09-30,31,409.1,13.2,0.84,6,4,1
P00536,2024-10-31,27,364.7,13.51,1.47,4,4,0
P00536,2024-11-30,27,332.0,12.3,0.87,7,4,2
P00536,2024-12-31,30,397.0,13.23,0.63,3,4,0
P00536,2025-01-30,30,420.4,14.01,5.72,3,4,1
P00536,2025-03-02,29,388.8,13.41,4.08,5,4,2
P00536,2025-04-01,30,406.5,13.55,2.0,2,4,0
P00536,2025-05-01,30,390.2,13.01,2.16,6,4,2
P00536,2025-06-01,31,412.1,13.29,1.21,7,4,3
P00536,2025-07-01,28,381.0,13.61,2.23,5,4,1
P00536,2025-08-01,28,367.5,13.13,0.66,11,4,0
P00536,2025-08-31,29,401.1,13.83,1.57,9,4,1
P00536,2025-10-01,31,423.2,13.65,0.72,11,4,1
P00536,2025-10-31,29,400.6,13.81,2.1,7,4,1
P00536,2025-12-01,31,407.4,13.14,1.12,11,4,0
P00536,2025-12-31,27,336.0,12.45,1.25,7,4,0
P00536,2026-01-30,27,361.3,13.38,1.47,4,4,0
P00536,2026-03-02,31,414.6,13.38,3.0,7,4,0
P00536,2026-04-01,31,410.8,13.25,1.02,11,4,1
P00536,2026-05-02,30,398.4,13.28,3.84,10,4,1
P00536,2026-06-01,30,384.2,12.81,3.71,3,4,2
P00536,2026-07-02,31,406.4,13.11,4.66,3,4,1
P00536,2026-08-01,30,420.8,14.03,0.91,7,4,1
P00537,2024-08-31,28,236.6,8.45,0.76,6,4,2
P00537,2024-09-30,25,201.6,8.06,0.55,8,4,2
P00537,2024-10-31,28,244.3,8.72,0.74,8,4,3
P00537,2024-11-30,28,238.7,8.52,1.63,6,4,3
P00537,2024-12-31,29,231.8,7.99,1.9,9,4,4
P00537,2025-01-30,28,216.4,7.73,1.83,5,4,3
P00537,2025-03-02,29,252.8,8.72,1.77,7,4,2
P00537,2025-04-01,25,199.8,7.99,5.29,6,4,3
P00537,2025-05-01,28,218.6,7.81,2.92,0,4,1
P00537,2025-06-01,26,203.2,7.81,2.92,6,4,3
P00537,2025-07-01,27,199.8,7.4,6.0,6,4,1
P00537,2025-08-01,27,222.6,8.24,2.92,6,4,1
P00537,2025-08-31,28,248.2,8.86,0.55,8,4,2
P00537,2025-10-01,29,229.7,7.92,3.81,6,4,2
P00537,2025-10-31,31,249.9,8.06,3.2,7,4,2
P00537,2025-12-01,29,224.9,7.76,1.53,5,4,3
P00537,2025-12-31,28,216.7,7.74,0.24,4,4,2
P00537,2026-01-30,29,233.8,8.06,2.78,6,4,3
P00537,2026-03-02,29,245.2,8.46,3.51,7,4,1
P00537,2026-04-01,29,217.1,7.49,3.98,9,4,2
P00537,2026-05-02,29,228.8,7.89,1.4,2,4,2
P00537,2026-06-01,26,223.7,8.6,2.42,10,4,4
P00537,2026-07-02,27,226.8,8.4,1.0,4,4,2
P00537,2026-08-01,26,232.3,8.93,1.57,5,4,2
P00538,2024-08-31,26,330.7,12.72,2.08,3,4,0
P00538,2024-09-30,28,358.1,12.79,0.2,3,4,1
P00538,2024-10-31,27,348.1,12.89,0.92,7,4,0
P00538,2024-11-30,27,353.2,13.08,2.16,7,4,1
P00538,2024-12-31,27,357.0,13.22,2.36,3,4,0
P00538,2025-01-30,27,336.8,12.48,2.38,5,4,0
P00538,2025-03-02,26,339.8,13.07,2.83,4,4,3
P00538,2025-04-01,28,354.2,12.65,2.42,3,4,0
P00538,2025-05-01,29,373.5,12.88,2.02,3,4,0
P00538,2025-06-01,27,344.0,12.74,1.63,4,4,1
P00538,2025-07-01,28,353.0,12.61,0.64,0,4,0
P00538,2025-08-01,26,319.9,12.3,0.82,6,4,0
P00538,2025-08-31,25,302.8,12.11,0.63,2,4,0
P00538,2025-10-01,30,365.8,12.19,2.0,6,4,3
P00538,2025-10-31,28,346.6,12.38,3.24,3,4,0
P00538,2025-12-01,25,308.5,12.34,1.89,3,4,1
P00538,2025-12-31,29,370.7,12.78,0.31,4,4,2
P00538,2026-01-30,25,324.1,12.96,0.32,6,4,1
P00538,2026-03-02,27,346.1,12.82,0.26,3,4,0
P00538,2026-04-01,26,330.7,12.72,1.2,5,4,1
P00538,2026-05-02,30,374.9,12.5,1.44,1,4,1
P00538,2026-06-01,26,318.2,12.24,0.25,2,4,1
P00538,2026-07-02,25,335.4,13.41,0.58,3,4,0
P00538,2026-08-01,25,316.7,12.67,1.41,6,4,2
P00539,2024-08-31,28,369.8,13.21,1.75,4,4,0
P00539,2024-09-30,28,376.8,13.46,0.3,8,4,0
P00539,2024-10-31,29,392.8,13.55,1.38,2,4,2
P00539,2024-11-30,28,376.0,13.43,1.05,5,4,1
P00539,2024-12-31,28,379.0,13.54,0.52,9,4,1
P00539,2025-01-30,30,387.3,12.91,2.76,1,4,0
P00539,2025-03-02,28,362.7,12.95,2.67,5,4,0
P00539,2025-04-01,25,313.7,12.55,2.95,1,4,0
P00539,2025-05-01,26,340.0,13.08,1.84,7,4,0
P00539,2025-06-01,29,376.8,12.99,2.01,5,4,2
P00539,2025-07-01,29,382.3,13.18,0.93,7,4,0
P00539,2025-08-01,25,318.7,12.75,0.57,2,4,2
P00539,2025-08-31,29,358.7,12.37,6.0,5,4,1
P00539,2025-10-01,27,331.7,12.29,2.35,10,4,0
P00539,2025-10-31,26,325.5,12.52,1.7,3,4,3
P00539,2025-12-01,29,342.7,11.82,2.75,4,4,0
P00539,2025-12-31,26,312.8,12.03,6.0,3,4,0
P00539,2026-01-30,28,343.3,12.26,1.11,5,4,0
P00539,2026-03-02,26,318.5,12.25,0.46,5,4,1
P00539,2026-04-01,28,350.4,12.51,2.75,6,4,0
P00539,2026-05-02,29,340.5,11.74,1.18,4,4,2
P00539,2026-06-01,28,342.0,12.21,0.47,2,4,0
P00539,2026-07-02,27,340.3,12.6,5.45,7,4,1
P00539,2026-08-01,28,340.9,12.17,0.26,9,4,1
P00540,2024-08-31,28,379.5,13.55,2.92,15,4,0
P00540,2024-09-30,29,404.5,13.95,2.45,7,4,1
P00540,2024-10-31,29,398.7,13.75,0.2,5,4,2
P00540,2024-11-30,30,419.8,13.99,2.21,7,4,1
P00540,2024-12-31,31,438.9,14.16,1.65,5,4,1
P00540,2025-01-30,31,421.8,13.61,2.81,10,4,1
P00540,2025-03-02,30,407.0,13.57,0.62,5,4,1
P00540,2025-04-01,30,430.0,14.33,1.07,5,4,0
P00540,2025-05-01,29,414.3,14.29,2.7,8,4,0
P00540,2025-06-01,29,410.1,14.14,2.39,5,4,1
P00540,2025-07-01,30,408.9,13.63,0.4,5,4,1
P00540,2025-08-01,28,370.7,13.24,4.06,9,4,0
P00540,2025-08-31,29,388.0,13.38,2.87,3,4,0
P00540,2025-10-01,29,394.8,13.61,6.0,5,4,2
P00540,2025-10-31,30,422.1,14.07,0.69,6,4,1
P00540,2025-12-01,29,378.9,13.07,4.21,5,4,0
P00540,2025-12-31,28,371.8,13.28,0.59,13,4,2
P00540,2026-01-30,30,398.2,13.27,5.08,3,4,2
P00540,2026-03-02,28,389.6,13.91,2.79,4,4,0
P00540,2026-04-01,31,397.4,12.82,3.49,4,4,1
P00540,2026-05-02,29,376.2,12.97,0.36,7,4,1
P00540,2026-06-01,30,386.7,12.89,0.98,4,4,0
P00540,2026-07-02,27,372.4,13.79,4.65,9,4,1
P00540,2026-08-01,28,363.9,12.99,3.91,7,4,1
P00541,2024-08-31,29,390.7,13.47,3.53,4,4,0
P00541,2024-09-30,31,453.9,14.64,1.93,6,4,1
P00541,2024-10-31,30,405.8,13.53,1.52,6,4,1
P00541,2024-11-30,29,398.8,13.75,3.06,9,4,0
P00541,2024-12-31,29,412.3,14.22,1.07,11,4,0
P00541,2025-01-30,28,394.5,14.09,3.28,12,4,2
P00541,2025-03-02,31,450.8,14.54,3.1,8,4,0
P00541,2025-04-01,26,383.2,14.74,1.43,6,4,0
P00541,2025-05-01,27,406.6,15.06,2.65,7,4,1
P00541,2025-06-01,28,399.3,14.26,0.9,4,4,2
P00541,2025-07-01,31,459.2,14.81,0.61,2,4,1
P00541,2025-08-01,30,434.7,14.49,4.75,13,4,1
P00541,2025-08-31,27,396.4,14.68,0.65,14,4,0
P00541,2025-10-01,31,454.5,14.66,5.94,5,4,1
P00541,2025-10-31,28,408.4,14.59,0.62,7,4,0
P00541,2025-12-01,30,430.9,14.36,6.0,8,4,1
P00541,2025-12-31,29,412.4,14.22,3.94,6,4,0
P00541,2026-01-30,30,423.4,14.11,2.89,4,4,1
P00541,2026-03-02,31,428.4,13.82,0.87,5,4,0
P00541,2026-04-01,26,363.6,13.99,2.04,9,4,0
P00541,2026-05-02,29,414.1,14.28,1.9,8,4,1
P00541,2026-06-01,29,402.3,13.87,3.33,5,4,1
P00541,2026-07-02,31,434.5,14.02,4.11,5,4,1
P00541,2026-08-01,28,401.2,14.33,3.86,10,4,0
P00542,2024-08-31,31,280.9,9.06,2.05,7,4,3
P00542,2024-09-30,27,267.1,9.89,1.22,6,4,2
P00542,2024-10-31,28,246.8,8.81,1.99,8,4,4
P00542,2024-11-30,25,225.3,9.01,3.35,7,4,2
P00542,2024-12-31,28,269.2,9.61,1.4,7,4,1
P00542,2025-01-30,30,300.8,10.03,0.92,9,4,3
P00542,2025-03-02,31,276.5,8.92,2.15,15,4,1
P00542,2025-04-01,30,295.3,9.84,0.62,3,4,1
P00542,2025-05-01,29,297.5,10.26,5.0,4,4,3
P00542,2025-06-01,28,278.5,9.95,1.87,5,4,3
P00542,2025-07-01,29,299.1,10.31,6.0,5,4,3
P00542,2025-08-01,29,292.7,10.09,6.0,8,4,2
P00542,2025-08-31,30,304.9,10.16,5.14,6,4,3
P00542,2025-10-01,30,299.4,9.98,4.42,9,4,2
P00542,2025-10-31,29,280.7,9.68,3.91,8,4,0
P00542,2025-12-01,31,294.7,9.51,6.0,7,4,2
P00542,2025-12-31,29,279.8,9.65,1.86,5,4,3
P00542,2026-01-30,29,264.3,9.11,3.05,6,4,3
P00542,2026-03-02,26,237.0,9.12,1.02,7,4,2
P00542,2026-04-01,30,273.3,9.11,5.17,5,4,2
P00542,2026-05-02,31,275.9,8.9,4.51,10,4,3
P00542,2026-06-01,31,290.0,9.35,6.0,7,4,1
P00542,2026-07-02,29,259.6,8.95,2.98,4,4,3
P00542,2026-08-01,27,251.2,9.3,1.11,9,4,2
P00543,2024-08-31,27,364.0,13.48,1.15,1,4,0
P00543,2024-09-30,26,368.1,14.16,0.64,7,4,1
P00543,2024-10-31,28,377.2,13.47,0.85,6,4,0
P00543,2024-11-30,29,391.5,13.5,1.59,3,4,0
P00543,2024-12-31,25,327.8,13.11,2.6,3,4,0
P00543,2025-01-30,28,390.7,13.95,4.67,7,4,0
P00543,2025-03-02,25,331.0,13.24,1.94,3,4,0
P00543,2025-04-01,27,362.2,13.42,1.09,6,4,0
P00543,2025-05-01,26,343.9,13.23,3.12,2,4,0
P00543,2025-06-01,29,408.7,14.09,3.02,7,4,1
P00543,2025-07-01,25,313.4,12.54,0.5,7,4,0
P00543,2025-08-01,30,381.0,12.7,2.39,9,4,0
P00543,2025-08-31,28,383.3,13.69,0.47,5,4,0
P00543,2025-10-01,31,395.1,12.75,0.61,4,4,1
P00543,2025-10-31,28,360.1,12.86,0.23,3,4,2
P00543,2025-12-01,25,333.8,13.35,3.0,2,4,1
P00543,2025-12-31,30,376.0,12.53,0.81,3,4,1
P00543,2026-01-30,25,308.2,12.33,2.61,4,4,0
P00543,2026-03-02,26,338.1,13.0,1.24,5,4,2
P00543,2026-04-01,30,377.3,12.58,4.49,3,4,1
P00543,2026-05-02,29,359.5,12.4,4.94,7,4,2
P00543,2026-06-01,28,347.2,12.4,1.44,7,4,0
P00543,2026-07-02,29,378.4,13.05,2.68,5,4,0
P00543,2026-08-01,28,343.1,12.25,2.88,3,4,1
P00544,2024-08-31,25,314.6,12.59,0.96,3,4,2
P00544,2024-09-30,31,397.5,12.82,1.09,7,4,0
P00544,2024-10-31,28,349.2,12.47,1.22,3,4,1
P00544,2024-11-30,27,353.8,13.1,0.72,0,4,1
P00544,2024-12-31,30,369.4,12.31,1.26,2,4,0
P00544,2025-01-30,25,326.0,13.04,0.32,3,4,1
P00544,2025-03-02,29,355.9,12.27,1.03,5,4,1
P00544,2025-04-01,28,357.6,12.77,1.48,2,4,0
P00544,2025-05-01,30,400.6,13.35,3.9,0,4,1
P00544,2025-06-01,26,360.2,13.85,2.36,5,4,0
P00544,2025-07-01,25,337.3,13.49,1.6,4,4,1
P00544,2025-08-01,29,382.6,13.19,1.45,4,4,1
P00544,2025-08-31,26,351.7,13.53,0.76,4,4,0
P00544,2025-10-01,28,379.1,13.54,0.55,2,4,1
P00544,2025-10-31,29,373.6,12.88,2.7,8,4,2
P00544,2025-12-01,25,337.6,13.5,1.62,2,4,1
P00544,2025-12-31,26,351.0,13.5,1.31,4,4,1
P00544,2026-01-30,24,312.9,13.04,0.68,2,4,1
P00544,2026-03-02,28,363.7,12.99,3.07,3,4,1
P00544,2026-04-01,28,353.6,12.63,1.83,7,4,2
P00544,2026-05-02,26,323.4,12.44,2.92,0,4,0
P00544,2026-06-01,26,327.9,12.61,5.92,5,4,0
P00544,2026-07-02,27,328.4,12.16,1.36,5,4,2
P00544,2026-08-01,27,320.7,11.88,4.21,9,4,0
P00545,2024-08-31,25,328.1,13.12,0.31,4,4,1
P00545,2024-09-30,26,338.6,13.02,1.85,4,4,0
P00545,2024-10-31,25,312.6,12.51,2.07,7,4,2
P00545,2024-11-30,28,356.1,12.72,1.17,5,4,1
P00545,2024-12-31,29,368.6,12.71,0.2,2,4,0
P00545,2025-01-30,29,368.4,12.7,3.51,3,4,1
P00545,2025-03-02,28,362.8,12.96,2.35,3,4,0
P00545,2025-04-01,28,363.7,12.99,0.49,1,4,0
P00545,2025-05-01,31,400.1,12.91,6.0,3,4,2
P00545,2025-06-01,28,358.7,12.81,3.15,0,4,1
P00545,2025-07-01,28,352.0,12.57,1.2,7,4,1
P00545,2025-08-01,25,315.4,12.62,0.69,6,4,1
P00545,2025-08-31,29,375.0,12.93,4.11,6,4,0
P00545,2025-10-01,28,342.0,12.21,2.02,2,4,0
P00545,2025-10-31,28,353.3,12.62,0.53,3,4,2
P00545,2025-12-01,26,315.8,12.15,3.55,4,4,1
P00545,2025-12-31,26,306.5,11.79,0.9,4,4,1
P00545,2026-01-30,27,331.2,12.27,1.83,3,4,1
P00545,2026-03-02,28,343.5,12.27,0.81,9,4,1
P00545,2026-04-01,30,356.5,11.88,1.78,2,4,1
P00545,2026-05-02,31,369.3,11.91,0.53,4,4,0
P00545,2026-06-01,29,360.3,12.42,1.46,5,4,0
P00545,2026-07-02,24,296.5,12.36,1.36,5,4,0
P00545,2026-08-01,28,345.9,12.35,0.52,8,4,0
P00546,2024-08-31,27,348.8,12.92,0.95,7,4,1
P00546,2024-09-30,27,361.9,13.4,2.11,7,4,0
P00546,2024-10-31,31,410.7,13.25,2.8,6,4,2
P00546,2024-11-30,29,381.1,13.14,2.88,3,4,2
P00546,2024-12-31,28,380.8,13.6,3.89,5,4,4
P00546,2025-01-30,31,396.4,12.79,1.17,4,4,3
P00546,2025-03-02,27,350.3,12.97,3.29,8,4,1
P00546,2025-04-01,30,386.9,12.9,0.35,7,4,0
P00546,2025-05-01,26,341.4,13.13,0.36,1,4,2
P00546,2025-06-01,28,375.7,13.42,1.43,7,4,1
P00546,2025-07-01,28,353.1,12.61,1.29,5,4,1
P00546,2025-08-01,28,359.0,12.82,1.84,3,4,0
P00546,2025-08-31,30,376.3,12.54,1.44,6,4,0
P00546,2025-10-01,27,334.9,12.4,1.18,0,4,0
P00546,2025-10-31,29,372.1,12.83,0.2,6,4,0
P00546,2025-12-01,29,383.8,13.23,0.35,5,4,2
P00546,2025-12-31,31,394.9,12.74,0.85,4,4,2
P00546,2026-01-30,29,377.2,13.01,3.62,6,4,0
P00546,2026-03-02,28,336.6,12.02,1.2,3,4,0
P00546,2026-04-01,28,369.9,13.21,1.34,5,4,0
P00546,2026-05-02,28,356.3,12.73,2.01,4,4,1
P00546,2026-06-01,30,362.2,12.07,2.67,5,4,0
P00546,2026-07-02,29,386.0,13.31,1.04,3,4,0
P00546,2026-08-01,28,358.2,12.79,0.2,3,4,1
P00547,2024-08-31,28,391.3,13.97,4.39,11,4,2
P00547,2024-09-30,28,389.4,13.91,3.55,7,4,0
P00547,2024-10-31,29,376.8,12.99,2.56,8,4,0
P00547,2024-11-30,28,382.7,13.67,2.91,2,4,1
P00547,2024-12-31,29,393.5,13.57,2.42,9,4,3
P00547,2025-01-30,30,415.2,13.84,0.81,2,4,1
P00547,2025-03-02,31,390.6,12.6,1.51,4,4,1
P00547,2025-04-01,30,389.3,12.98,0.92,8,4,1
P00547,2025-05-01,29,385.6,13.3,4.02,3,4,0
P00547,2025-06-01,27,364.2,13.49,4.36,10,4,2
P00547,2025-07-01,28,372.3,13.3,4.14,9,4,2
P00547,2025-08-01,30,397.6,13.25,0.74,4,4,1
P00547,2025-08-31,29,377.7,13.03,0.81,8,4,0
P00547,2025-10-01,30,386.3,12.88,4.69,8,4,0
P00547,2025-10-31,29,378.6,13.05,0.72,6,4,1
P00547,2025-12-01,30,388.2,12.94,1.08,9,4,4
P00547,2025-12-31,29,398.1,13.73,1.91,6,4,1
P00547,2026-01-30,31,422.8,13.64,2.5,4,4,2
P00547,2026-03-02,30,393.9,13.13,6.0,10,4,0
P00547,2026-04-01,28,363.1,12.97,3.43,3,4,1
P00547,2026-05-02,30,386.1,12.87,3.9,5,4,1
P00547,2026-06-01,28,364.4,13.01,3.77,7,4,0
P00547,2026-07-02,30,381.9,12.73,0.38,4,4,0
P00547,2026-08-01,28,353.1,12.61,3.73,12,4,1
P00548,2024-08-31,26,308.4,11.86,4.2,6,4,0
P00548,2024-09-30,27,316.6,11.73,0.65,2,4,1
P00548,2024-10-31,28,356.6,12.74,3.39,4,4,2
P00548,2024-11-30,27,340.7,12.62,0.3,4,4,1
P00548,2024-12-31,25,317.4,12.7,4.17,4,4,0
P00548,2025-01-30,28,346.3,12.37,0.79,6,4,0
P00548,2025-03-02,25,302.2,12.09,0.62,1,4,0
P00548,2025-04-01,26,296.2,11.39,0.7,3,4,1
P00548,2025-05-01,26,310.8,11.95,0.43,5,4,0
P00548,2025-06-01,27,317.4,11.75,3.68,3,4,1
P00548,2025-07-01,26,291.9,11.23,1.43,7,4,1
P00548,2025-08-01,28,317.7,11.35,0.2,2,4,0
P00548,2025-08-31,27,307.5,11.39,3.8,3,4,1
P00548,2025-10-01,28,326.5,11.66,1.39,0,4,1
P00548,2025-10-31,25,279.0,11.16,1.26,3,4,1
P00548,2025-12-01,26,321.0,12.35,4.8,5,4,2
P00548,2025-12-31,28,302.5,10.8,0.92,2,4,1
P00548,2026-01-30,28,320.8,11.46,0.25,2,4,0
P00548,2026-03-02,26,297.6,11.45,0.2,3,4,0
P00548,2026-04-01,30,345.2,11.51,4.07,2,4,0
P00548,2026-05-02,28,326.4,11.66,0.76,8,4,0
P00548,2026-06-01,24,275.6,11.48,0.75,1,4,1
P00548,2026-07-02,27,300.8,11.14,1.0,5,4,1
P00548,2026-08-01,27,308.0,11.41,1.69,1,4,1
P00549,2024-08-31,29,243.5,8.4,4.76,10,4,3
P00549,2024-09-30,27,238.9,8.85,5.1,4,4,2
P00549,2024-10-31,30,257.7,8.59,3.77,6,4,2
P00549,2024-11-30,30,250.7,8.36,0.97,5,4,1
P00549,2024-12-31,28,233.8,8.35,2.26,5,4,1
P00549,2025-01-30,31,240.3,7.75,3.56,6,4,3
P00549,2025-03-02,29,256.4,8.84,2.16,6,4,4
P00549,2025-04-01,28,230.4,8.23,6.0,7,4,3
P00549,2025-05-01,28,227.9,8.14,0.61,6,4,3
P00549,2025-06-01,30,254.2,8.47,1.8,6,4,2
P00549,2025-07-01,30,258.8,8.63,3.64,5,4,2
P00549,2025-08-01,26,209.4,8.05,2.33,8,4,2
P00549,2025-08-31,24,193.8,8.08,0.35,6,4,2
P00549,2025-10-01,28,239.5,8.55,1.86,5,4,2
P00549,2025-10-31,27,243.4,9.02,2.05,6,4,2
P00549,2025-12-01,28,242.4,8.66,3.77,6,4,1
P00549,2025-12-31,28,244.5,8.73,2.29,5,4,4
P00549,2026-01-30,29,247.1,8.52,5.37,6,4,2
P00549,2026-03-02,30,274.1,9.14,0.55,8,4,3
P00549,2026-04-01,28,266.2,9.51,2.83,8,4,2
P00549,2026-05-02,28,242.3,8.65,2.77,9,4,3
P00549,2026-06-01,31,299.9,9.67,0.97,5,4,4
P00549,2026-07-02,30,269.4,8.98,6.0,7,4,3
P00549,2026-08-01,29,279.1,9.63,0.71,11,4,2
P00550,2024-08-31,27,225.3,8.35,4.36,7,4,2
P00550,2024-09-30,31,253.1,8.16,1.14,3,4,4
P00550,2024-10-31,28,236.6,8.45,0.69,4,4,2
P00550,2024-11-30,31,262.5,8.47,0.2,5,4,2
P00550,2024-12-31,29,242.6,8.37,2.91,2,4,3
P00550,2025-01-30,29,241.4,8.32,1.35,6,4,1
P00550,2025-03-02,30,249.6,8.32,2.65,4,4,1
P00550,2025-04-01,25,216.6,8.66,2.93,4,4,3
P00550,2025-05-01,27,208.9,7.74,1.97,9,4,3
P00550,2025-06-01,29,234.0,8.07,2.21,0,4,1
P00550,2025-07-01,31,242.1,7.81,6.0,7,4,1
P00550,2025-08-01,29,239.2,8.25,1.54,7,4,4
P00550,2025-08-31,29,246.5,8.5,1.41,6,4,3
P00550,2025-10-01,27,216.8,8.03,2.99,3,4,1
P00550,2025-10-31,26,197.1,7.58,1.37,9,4,2
P00550,2025-12-01,27,227.8,8.44,4.64,4,4,2
P00550,2025-12-31,26,209.5,8.06,3.62,4,4,3
P00550,2026-01-30,28,225.9,8.07,0.95,5,4,2
P00550,2026-03-02,27,227.2,8.41,6.0,5,4,2
P00550,2026-04-01,26,222.0,8.54,1.57,4,4,3
P00550,2026-05-02,27,229.8,8.51,2.74,7,4,4
P00550,2026-06-01,28,255.3,9.12,0.8,6,4,4
P00550,2026-07-02,28,231.0,8.25,1.48,5,4,1
P00550,2026-08-01,29,246.7,8.51,2.0,7,4,3
P00551,2024-08-31,28,361.4,12.91,1.87,8,4,0
P00551,2024-09-30,31,403.3,13.01,1.42,6,4,0
P00551,2024-10-31,25,317.3,12.69,2.55,6,4,1
P00551,2024-11-30,30,399.4,13.31,1.95,7,4,0
P00551,2024-12-31,28,352.9,12.61,3.96,7,4,0
P00551,2025-01-30,30,377.7,12.59,5.63,2,4,1
P00551,2025-03-02,30,395.4,13.18,1.09,12,4,1
P00551,2025-04-01,29,371.5,12.81,0.63,8,4,1
P00551,2025-05-01,28,375.2,13.4,1.01,7,4,1
P00551,2025-06-01,29,393.0,13.55,1.95,4,4,2
P00551,2025-07-01,29,355.9,12.27,3.8,9,4,3
P00551,2025-08-01,29,376.8,12.99,3.47,6,4,1
P00551,2025-08-31,28,358.2,12.79,3.96,9,4,1
P00551,2025-10-01,29,351.4,12.12,6.0,12,4,0
P00551,2025-10-31,31,393.4,12.69,1.91,3,4,0
P00551,2025-12-01,30,390.3,13.01,1.16,10,4,0
P00551,2025-12-31,27,363.2,13.45,0.73,11,4,1
P00551,2026-01-30,30,382.0,12.73,1.21,7,4,0
P00551,2026-03-02,31,383.1,12.36,6.0,4,4,1
P00551,2026-04-01,29,360.6,12.44,1.09,4,4,0
P00551,2026-05-02,26,318.3,12.24,5.89,6,4,1
P00551,2026-06-01,28,346.2,12.36,0.2,6,4,1
P00551,2026-07-02,31,383.8,12.38,1.57,12,4,1
P00551,2026-08-01,31,406.5,13.11,2.37,10,4,2
P00552,2024-08-31,27,199.4,7.38,2.47,2,4,3
P00552,2024-09-30,26,178.6,6.87,0.82,2,4,3
P00552,2024-10-31,26,205.7,7.91,0.2,6,4,1
P00552,2024-11-30,27,200.8,7.44,0.95,6,4,3
P00552,2024-12-31,27,209.4,7.76,0.58,6,4,1
P00552,2025-01-30,28,224.0,8.0,0.57,1,4,2
P00552,2025-03-02,29,250.0,8.62,0.86,4,4,1
P00552,2025-04-01,28,215.6,7.7,2.91,4,4,1
P00552,2025-05-01,26,207.3,7.97,2.46,7,4,1
P00552,2025-06-01,27,202.2,7.49,1.31,7,4,0
P00552,2025-07-01,25,201.7,8.07,0.29,2,4,2
P00552,2025-08-01,29,209.4,7.22,3.09,4,4,1
P00552,2025-08-31,24,196.1,8.17,0.5,1,4,2
P00552,2025-10-01,27,213.5,7.91,6.0,6,4,2
P00552,2025-10-31,28,224.4,8.01,2.95,2,4,2
P00552,2025-12-01,29,217.3,7.49,0.91,4,4,2
P00552,2025-12-31,31,240.9,7.77,6.0,5,4,2
P00552,2026-01-30,28,231.9,8.28,1.32,2,4,2
P00552,2026-03-02,29,210.4,7.26,4.85,4,4,2
P00552,2026-04-01,26,190.6,7.33,0.71,6,4,0
P00552,2026-05-02,28,189.9,6.78,0.43,2,4,1
P00552,2026-06-01,26,209.6,8.06,3.76,8,4,3
P00552,2026-07-02,27,200.0,7.41,2.77,1,4,3
P00552,2026-08-01,28,194.7,6.95,2.03,4,4,0
P00553,2024-08-31,28,365.5,13.05,3.62,3,4,0
P00553,2024-09-30,29,383.5,13.22,4.15,3,4,0
P00553,2024-10-31,29,398.9,13.76,1.93,7,4,2
P00553,2024-11-30,31,402.6,12.99,1.85,3,4,1
P00553,2024-12-31,26,340.6,13.1,0.73,9,4,1
P00553,2025-01-30,29,385.7,13.3,1.11,3,4,2
P00553,2025-03-02,28,352.3,12.58,1.34,8,4,2
P00553,2025-04-01,26,332.1,12.77,1.84,6,4,1
P00553,2025-05-01,28,369.4,13.19,4.02,8,4,2
P00553,2025-06-01,28,357.0,12.75,2.86,10,4,0
P00553,2025-07-01,30,401.1,13.37,1.12,7,4,1
P00553,2025-08-01,28,353.5,12.63,0.92,4,4,0
P00553,2025-08-31,28,344.1,12.29,0.67,6,4,0
P00553,2025-10-01,28,348.7,12.45,1.58,4,4,2
P00553,2025-10-31,29,377.7,13.02,1.52,4,4,1
P00553,2025-12-01,27,328.4,12.16,0.58,3,4,1
P00553,2025-12-31,26,323.4,12.44,0.8,3,4,0
P00553,2026-01-30,28,346.7,12.38,3.0,8,4,0
P00553,2026-03-02,28,361.2,12.9,4.55,4,4,1
P00553,2026-04-01,25,312.6,12.5,5.43,6,4,0
P00553,2026-05-02,27,349.9,12.96,0.47,11,4,0
P00553,2026-06-01,29,373.5,12.88,1.24,4,4,0
P00553,2026-07-02,27,341.8,12.66,3.61,5,4,1
P00553,2026-08-01,30,393.4,13.11,1.23,2,4,1
P00554,2024-08-31,28,340.0,12.14,1.95,0,4,0
P00554,2024-09-30,26,298.7,11.49,4.42,6,4,1
P00554,2024-10-31,27,339.6,12.58,0.66,2,4,1
P00554,2024-11-30,28,322.0,11.5,0.23,5,4,1
P00554,2024-12-31,27,321.0,11.89,2.13,6,4,2
P00554,2025-01-30,27,317.2,11.75,1.88,2,4,2
P00554,2025-03-02,28,344.5,12.31,4.03,4,4,0
P00554,2025-04-01,27,327.6,12.13,2.98,3,4,0
P00554,2025-05-01,27,342.6,12.69,0.28,3,4,3
P00554,2025-06-01,27,321.6,11.91,1.82,7,4,1
P00554,2025-07-01,26,315.1,12.12,0.79,4,4,1
P00554,2025-08-01,28,334.2,11.94,2.91,4,4,2
P00554,2025-08-31,25,290.9,11.64,1.6,8,4,1
P00554,2025-10-01,29,353.3,12.18,2.57,4,4,2
P00554,2025-10-31,30,364.8,12.16,6.0,5,4,1
P00554,2025-12-01,29,358.9,12.37,0.42,5,4,1
P00554,2025-12-31,25,302.9,12.11,2.31,3,4,3
P00554,2026-01-30,24,292.8,12.2,3.3,7,4,2
P00554,2026-03-02,28,346.9,12.39,0.43,5,4,3
P00554,2026-04-01,25,304.0,12.16,2.18,5,4,1
P00554,2026-05-02,26,312.7,12.03,2.28,2,4,2
P00554,2026-06-01,26,293.5,11.29,0.75,5,4,0
P00554,2026-07-02,27,305.2,11.31,0.62,9,4,1
P00554,2026-08-01,29,322.6,11.12,1.94,7,4,1
P00555,2024-08-31,29,395.0,13.62,6.0,6,4,2
P00555,2024-09-30,28,380.6,13.59,2.14,5,4,1
P00555,2024-10-31,31,407.4,13.14,1.18,5,4,1
P00555,2024-11-30,31,427.3,13.78,2.9,7,4,0
P00555,2024-12-31,26,354.0,13.62,5.61,9,4,1
P00555,2025-01-30,30,414.4,13.81,1.92,7,4,0
P00555,2025-03-02,29,387.3,13.35,2.46,6,4,0
P00555,2025-04-01,29,384.2,13.25,0.96,7,4,0
P00555,2025-05-01,30,383.4,12.78,3.69,8,4,0
P00555,2025-06-01,30,403.6,13.45,1.91,7,4,0
P00555,2025-07-01,28,352.6,12.59,5.61,7,4,0
P00555,2025-08-01,29,372.2,12.83,1.69,6,4,2
P00555,2025-08-31,31,388.1,12.52,2.95,9,4,0
P00555,2025-10-01,28,357.2,12.76,2.77,8,4,0
P00555,2025-10-31,26,322.1,12.39,2.3,7,4,1
P00555,2025-12-01,29,365.8,12.61,6.0,11,4,2
P00555,2025-12-31,29,363.7,12.54,3.19,3,4,1
P00555,2026-01-30,29,339.7,11.72,2.39,9,4,1
P00555,2026-03-02,28,351.2,12.54,2.84,8,4,0
P00555,2026-04-01,30,372.4,12.41,6.0,3,4,0
P00555,2026-05-02,26,341.9,13.15,0.82,10,4,0
P00555,2026-06-01,28,347.3,12.4,2.01,3,4,0
P00555,2026-07-02,31,399.3,12.88,6.0,4,4,1
P00555,2026-08-01,31,410.2,13.23,5.61,3,4,1
P00556,2024-08-31,26,327.0,12.58,1.83,7,4,0
P00556,2024-09-30,26,346.8,13.34,0.9,3,4,1
P00556,2024-10-31,28,371.6,13.27,2.41,5,4,1
P00556,2024-11-30,28,369.6,13.2,2.42,4,4,3
P00556,2024-12-31,30,382.0,12.73,0.83,3,4,1
P00556,2025-01-30,26,351.4,13.51,2.19,4,4,1
P00556,2025-03-02,29,424.2,14.63,1.67,6,4,1
P00556,2025-04-01,25,329.0,13.16,1.62,5,4,0
P00556,2025-05-01,27,375.3,13.9,0.45,6,4,0
P00556,2025-06-01,29,398.2,13.73,2.16,6,4,1
P00556,2025-07-01,31,431.7,13.93,1.7,4,4,1
P00556,2025-08-01,30,419.9,14.0,1.16,4,4,0
P00556,2025-08-31,28,377.6,13.49,1.69,6,4,0
P00556,2025-10-01,28,388.6,13.88,1.71,3,4,1
P00556,2025-10-31,26,363.9,14.0,1.47,11,4,0
P00556,2025-12-01,30,415.9,13.86,1.41,4,4,1
P00556,2025-12-31,27,366.9,13.59,2.99,4,4,0
P00556,2026-01-30,29,392.2,13.52,1.12,3,4,0
P00556,2026-03-02,27,376.9,13.96,3.49,3,4,0
P00556,2026-04-01,28,379.3,13.55,1.26,3,4,1
P00556,2026-05-02,30,412.3,13.74,1.06,8,4,1
P00556,2026-06-01,28,384.7,13.74,2.35,4,4,2
P00556,2026-07-02,24,328.2,13.68,0.58,2,4,0
P00556,2026-08-01,27,360.5,13.35,1.7,3,4,0
P00557,2024-08-31,27,347.7,12.88,4.29,5,4,1
P00557,2024-09-30,29,363.6,12.54,5.4,5,4,1
P00557,2024-10-31,26,322.9,12.42,2.47,7,4,0
P00557,2024-11-30,28,376.7,13.45,5.26,2,4,0
P00557,2024-12-31,28,362.6,12.95,2.85,3,4,0
P00557,2025-01-30,27,339.1,12.56,1.68,8,4,0
P00557,2025-03-02,28,373.7,13.35,1.61,1,4,1
P00557,2025-04-01,28,378.1,13.5,1.01,5,4,0
P00557,2025-05-01,29,394.4,13.6,2.23,4,4,0
P00557,2025-06-01,28,391.1,13.97,0.8,1,4,0
P00557,2025-07-01,26,357.2,13.74,0.99,3,4,2
P00557,2025-08-01,29,413.6,14.26,1.31,9,4,0
P00557,2025-08-31,31,436.7,14.09,0.76,7,4,2
P00557,2025-10-01,25,353.3,14.13,3.01,3,4,0
P00557,2025-10-31,28,384.3,13.72,1.15,0,4,1
P00557,2025-12-01,27,371.9,13.77,1.68,4,4,0
P00557,2025-12-31,28,383.7,13.7,2.59,3,4,2
P00557,2026-01-30,26,356.3,13.71,1.43,3,4,0
P00557,2026-03-02,27,372.8,13.81,2.62,4,4,1
P00557,2026-04-01,28,384.3,13.73,2.03,3,4,2
P00557,2026-05-02,29,374.7,12.92,1.7,3,4,0
P00557,2026-06-01,27,360.4,13.35,2.39,5,4,3
P00557,2026-07-02,25,329.8,13.19,1.13,5,4,1
P00557,2026-08-01,25,325.7,13.03,3.06,1,4,2
P00558,2024-08-31,27,347.4,12.87,3.0,10,4,1
P00558,2024-09-30,29,376.7,12.99,1.11,6,4,1
P00558,2024-10-31,26,334.8,12.88,1.53,6,4,0
P00558,2024-11-30,27,360.6,13.36,2.2,12,4,0
P00558,2024-12-31,29,384.8,13.27,3.13,8,4,1
P00558,2025-01-30,30,419.1,13.97,1.95,5,4,0
P00558,2025-03-02,30,415.0,13.83,1.9,5,4,0
P00558,2025-04-01,29,411.4,14.19,0.51,9,4,0
P00558,2025-05-01,29,388.5,13.4,0.45,5,4,1
P00558,2025-06-01,30,425.9,14.2,6.0,4,4,1
P00558,2025-07-01,27,384.0,14.22,1.19,2,4,1
P00558,2025-08-01,29,384.4,13.26,3.2,5,4,1
P00558,2025-08-31,29,405.9,14.0,4.62,5,4,1
P00558,2025-10-01,29,410.0,14.14,0.88,5,4,1
P00558,2025-10-31,31,419.4,13.53,1.81,5,4,1
P00558,2025-12-01,30,428.8,14.29,4.18,4,4,0
P00558,2025-12-31,29,392.4,13.53,2.92,5,4,2
P00558,2026-01-30,28,366.0,13.07,6.0,6,4,1
P00558,2026-03-02,31,409.8,13.22,5.62,4,4,0
P00558,2026-04-01,27,372.3,13.79,0.85,3,4,1
P00558,2026-05-02,28,369.0,13.18,3.5,4,4,0
P00558,2026-06-01,29,370.4,12.77,0.86,6,4,1
P00558,2026-07-02,28,372.2,13.29,3.05,4,4,1
P00558,2026-08-01,29,406.9,14.03,1.89,6,4,0
P00559,2024-08-31,28,369.6,13.2,4.64,3,4,0
P00559,2024-09-30,29,376.1,12.97,3.81,7,4,0
P00559,2024-10-31,29,392.6,13.54,4.24,6,4,1
P00559,2024-11-30,25,315.4,12.61,3.38,9,4,0
P00559,2024-12-31,29,382.4,13.19,2.23,13,4,1
P00559,2025-01-30,31,406.8,13.12,0.42,4,4,1
P00559,2025-03-02,26,345.7,13.3,1.46,3,4,1
P00559,2025-04-01,28,352.2,12.58,1.63,4,4,1
P00559,2025-05-01,27,345.1,12.78,3.17,8,4,2
P00559,2025-06-01,27,361.2,13.38,2.46,5,4,0
P00559,2025-07-01,29,395.8,13.65,1.64,5,4,2
P00559,2025-08-01,29,395.3,13.63,2.77,8,4,2
P00559,2025-08-31,26,347.5,13.37,0.84,7,4,0
P00559,2025-10-01,27,363.0,13.45,3.89,3,4,0
P00559,2025-10-31,28,374.9,13.39,4.79,9,4,0
P00559,2025-12-01,28,387.7,13.85,6.0,7,4,1
P00559,2025-12-31,28,377.2,13.47,2.67,5,4,0
P00559,2026-01-30,29,410.6,14.16,3.23,4,4,2
P00559,2026-03-02,29,395.8,13.65,3.5,3,4,1
P00559,2026-04-01,28,383.5,13.7,1.35,10,4,0
P00559,2026-05-02,30,392.9,13.1,1.34,10,4,0
P00559,2026-06-01,30,418.2,13.94,2.48,6,4,0
P00559,2026-07-02,28,363.9,13.0,4.18,7,4,1
P00559,2026-08-01,25,348.0,13.92,5.63,6,4,0
P00560,2024-08-31,28,364.0,13.0,1.22,5,4,1
P00560,2024-09-30,30,401.2,13.37,5.32,4,4,0
P00560,2024-10-31,29,395.9,13.65,2.93,10,4,2
P00560,2024-11-30,28,366.4,13.09,1.0,6,4,1
P00560,2024-12-31,27,342.4,12.68,3.96,6,4,1
P00560,2025-01-30,30,406.7,13.56,0.6,3,4,1
P00560,2025-03-02,29,367.9,12.69,0.47,8,4,0
P00560,2025-04-01,29,353.4,12.19,3.04,5,4,2
P00560,2025-05-01,29,369.4,12.74,1.88,4,4,1
P00560,2025-06-01,29,379.6,13.09,0.83,9,4,1
P00560,2025-07-01,29,391.3,13.49,1.74,7,4,1
P00560,2025-08-01,28,368.2,13.15,1.41,6,4,3
P00560,2025-08-31,28,351.5,12.56,1.04,6,4,1
P00560,2025-10-01,28,364.8,13.03,4.25,6,4,0
P00560,2025-10-31,25,334.4,13.38,1.83,7,4,1
P00560,2025-12-01,28,357.7,12.78,1.51,5,4,1
P00560,2025-12-31,27,349.9,12.96,1.3,5,4,1
P00560,2026-01-30,27,353.2,13.08,3.24,5,4,1
P00560,2026-03-02,28,365.0,13.04,3.24,5,4,2
P00560,2026-04-01,28,371.5,13.27,0.38,8,4,0
P00560,2026-05-02,28,391.8,13.99,0.87,3,4,2
P00560,2026-06-01,30,390.9,13.03,0.63,5,4,2
P00560,2026-07-02,29,372.6,12.85,4.7,1,4,1
P00560,2026-08-01,29,385.8,13.3,2.36,6,4,1
P00561,2024-08-31,27,366.6,13.58,2.6,11,4,0
P00561,2024-09-30,29,404.6,13.95,3.18,3,4,1
P00561,2024-10-31,29,391.0,13.48,1.42,7,4,1
P00561,2024-11-30,28,375.6,13.42,1.34,6,4,2
P00561,2024-12-31,29,398.4,13.74,4.49,3,4,1
P00561,2025-01-30,27,363.8,13.47,4.52,7,4,1
P00561,2025-03-02,28,355.6,12.7,2.67,5,4,1
P00561,2025-04-01,26,321.3,12.36,3.74,5,4,2
P00561,2025-05-01,28,373.7,13.35,0.2,8,4,1
P00561,2025-06-01,30,379.9,12.66,2.01,8,4,0
P00561,2025-07-01,29,359.1,12.38,3.78,7,4,1
P00561,2025-08-01,28,357.8,12.78,3.06,3,4,0
P00561,2025-08-31,30,400.0,13.33,6.0,5,4,0
P00561,2025-10-01,26,322.9,12.42,2.77,5,4,1
P00561,2025-10-31,30,393.5,13.12,4.25,3,4,3
P00561,2025-12-01,27,322.6,11.95,1.59,3,4,1
P00561,2025-12-31,30,375.8,12.53,4.19,7,4,1
P00561,2026-01-30,27,333.0,12.33,4.73,4,4,1
P00561,2026-03-02,28,343.3,12.26,4.91,7,4,0
P00561,2026-04-01,31,368.4,11.88,1.99,8,4,1
P00561,2026-05-02,30,360.5,12.02,0.75,4,4,1
P00561,2026-06-01,26,313.7,12.07,6.0,5,4,0
P00561,2026-07-02,31,387.2,12.49,1.39,9,4,2
P00561,2026-08-01,31,386.3,12.46,5.87,5,4,0
P00562,2024-08-31,28,189.6,6.77,4.46,2,4,4
P00562,2024-09-30,29,203.6,7.02,2.0,3,4,3
P00562,2024-10-31,27,183.2,6.79,1.09,2,4,0
P00562,2024-11-30,29,229.5,7.91,0.25,0,4,3
P00562,2024-12-31,29,188.8,6.51,1.42,3,4,4
P00562,2025-01-30,25,179.3,7.17,3.73,2,4,2
P00562,2025-03-02,29,196.7,6.78,2.58,5,4,3
P00562,2025-04-01,25,184.8,7.39,1.27,3,4,4
P00562,2025-05-01,25,191.4,7.66,1.53,0,4,4
P00562,2025-06-01,27,212.8,7.88,4.45,4,4,1
P00562,2025-07-01,27,205.5,7.61,4.06,3,4,1
P00562,2025-08-01,26,190.5,7.33,0.79,2,4,3
P00562,2025-08-31,30,229.2,7.64,2.18,6,4,3
P00562,2025-10-01,30,220.4,7.35,2.59,5,4,2
P00562,2025-10-31,27,193.0,7.15,2.48,2,4,3
P00562,2025-12-01,25,181.9,7.28,1.29,2,4,4
P00562,2025-12-31,27,208.8,7.73,0.89,1,4,3
P00562,2026-01-30,26,177.6,6.83,2.76,3,4,3
P00562,2026-03-02,26,179.1,6.89,0.89,3,4,3
P00562,2026-04-01,27,209.2,7.75,1.0,7,4,2
P00562,2026-05-02,25,200.3,8.01,2.37,2,4,1
P00562,2026-06-01,25,187.1,7.48,1.34,3,4,4
P00562,2026-07-02,27,209.9,7.78,3.19,4,4,2
P00562,2026-08-01,26,205.1,7.89,0.74,3,4,4
P00563,2024-08-31,29,195.9,6.76,2.14,2,4,4
P00563,2024-09-30,29,219.2,7.56,0.53,3,4,3
P00563,2024-10-31,28,200.3,7.15,1.78,1,4,1
P00563,2024-11-30,29,217.7,7.51,3.32,6,4,4
P00563,2024-12-31,29,215.2,7.42,3.12,4,4,2
P00563,2025-01-30,30,243.3,8.11,2.1,2,4,3
P00563,2025-03-02,31,236.4,7.62,6.0,4,4,3
P00563,2025-04-01,28,204.8,7.31,2.5,1,4,4
P00563,2025-05-01,27,198.6,7.35,1.79,3,4,3
P00563,2025-06-01,29,210.4,7.26,2.8,12,4,2
P00563,2025-07-01,30,224.6,7.49,0.5,4,4,3
P00563,2025-08-01,29,227.6,7.85,0.86,7,4,3
P00563,2025-08-31,27,198.1,7.34,1.47,3,4,2
P00563,2025-10-01,27,192.6,7.13,0.4,1,4,1
P00563,2025-10-31,27,195.3,7.23,2.04,2,4,2
P00563,2025-12-01,27,200.7,7.43,2.33,3,4,3
P00563,2025-12-31,29,206.8,7.13,2.5,4,4,2
P00563,2026-01-30,28,192.2,6.86,0.85,6,4,3
P00563,2026-03-02,29,196.0,6.76,6.0,6,4,3
P00563,2026-04-01,26,198.9,7.65,1.64,1,4,4
P00563,2026-05-02,26,190.5,7.33,0.54,4,4,3
P00563,2026-06-01,23,159.9,6.95,4.82,1,4,0
P00563,2026-07-02,28,187.2,6.69,1.45,3,4,1
P00563,2026-08-01,26,170.2,6.55,0.44,2,4,2
P00564,2024-08-31,29,391.0,13.48,1.34,4,4,0
P00564,2024-09-30,26,352.6,13.56,1.5,9,4,0
P00564,2024-10-31,29,409.8,14.13,0.59,5,4,1
P00564,2024-11-30,29,389.8,13.44,3.63,8,4,0
P00564,2024-12-31,27,368.4,13.65,3.9,11,4,0
P00564,2025-01-30,25,338.1,13.52,1.63,7,4,2
P00564,2025-03-02,30,426.4,14.21,1.14,7,4,1
P00564,2025-04-01,27,388.3,14.38,4.28,7,4,1
P00564,2025-05-01,31,422.3,13.62,0.2,7,4,2
P00564,2025-06-01,27,389.6,14.43,4.59,5,4,0
P00564,2025-07-01,30,427.3,14.24,0.62,6,4,1
P00564,2025-08-01,29,431.2,14.87,2.91,8,4,3
P00564,2025-08-31,27,374.3,13.86,6.0,6,4,0
P00564,2025-10-01,29,399.8,13.78,0.2,6,4,0
P00564,2025-10-31,28,410.7,14.67,0.85,7,4,1
P00564,2025-12-01,27,375.6,13.91,3.45,13,4,1
P00564,2025-12-31,28,406.2,14.51,2.87,11,4,1
P00564,2026-01-30,28,384.2,13.72,0.2,5,4,1
P00564,2026-03-02,30,411.5,13.72,1.72,9,4,0
P00564,2026-04-01,31,395.9,12.77,1.6,7,4,0
P00564,2026-05-02,29,394.9,13.62,3.87,7,4,0
P00564,2026-06-01,29,367.9,12.69,0.82,4,4,0
P00564,2026-07-02,29,398.8,13.75,1.5,6,4,1
P00564,2026-08-01,29,374.6,12.92,2.67,6,4,1
P00565,2024-08-31,28,382.2,13.65,4.67,7,4,2
P00565,2024-09-30,31,400.0,12.9,1.85,5,4,0
P00565,2024-10-31,29,397.3,13.7,2.25,6,4,2
P00565,2024-11-30,28,381.9,13.64,1.29,4,4,0
P00565,2024-12-31,30,397.5,13.25,2.99,2,4,3
P00565,2025-01-30,29,406.1,14.0,5.01,6,4,1
P00565,2025-03-02,28,421.7,15.06,6.0,8,4,2
P00565,2025-04-01,30,441.2,14.71,0.48,5,4,1
P00565,2025-05-01,30,429.5,14.32,2.01,4,4,1
P00565,2025-06-01,28,402.5,14.38,3.31,5,4,1
P00565,2025-07-01,25,366.1,14.65,0.56,9,4,1
P00565,2025-08-01,30,451.2,15.04,2.13,5,4,3
P00565,2025-08-31,28,410.8,14.67,4.84,6,4,1
P00565,2025-10-01,28,419.0,14.96,1.7,7,4,1
P00565,2025-10-31,30,435.5,14.52,4.86,5,4,2
P00565,2025-12-01,28,410.9,14.68,2.35,6,4,2
P00565,2025-12-31,30,443.6,14.79,6.0,6,4,2
P00565,2026-01-30,29,439.6,15.16,1.36,9,4,0
P00565,2026-03-02,29,439.0,15.14,6.0,2,4,1
P00565,2026-04-01,27,389.1,14.41,1.47,5,4,2
P00565,2026-05-02,29,433.1,14.94,2.71,8,4,0
P00565,2026-06-01,30,466.6,15.55,2.71,6,4,0
P00565,2026-07-02,31,476.5,15.37,2.18,8,4,1
P00565,2026-08-01,31,480.3,15.5,2.78,7,4,0
P00566,2024-08-31,30,414.8,13.83,3.25,5,4,0
P00566,2024-09-30,28,368.1,13.15,4.71,6,4,1
P00566,2024-10-31,27,371.0,13.74,3.28,7,4,1
P00566,2024-11-30,26,351.4,13.51,5.25,4,4,1
P00566,2024-12-31,29,389.3,13.42,1.88,8,4,1
P00566,2025-01-30,30,410.3,13.68,2.98,9,4,1
P00566,2025-03-02,28,372.3,13.29,1.08,5,4,1
P00566,2025-04-01,29,377.3,13.01,4.56,5,4,1
P00566,2025-05-01,28,358.9,12.82,2.18,1,4,2
P00566,2025-06-01,28,369.8,13.21,3.87,6,4,1
P00566,2025-07-01,26,334.2,12.86,3.02,2,4,1
P00566,2025-08-01,31,416.9,13.45,0.45,12,4,2
P00566,2025-08-31,28,375.9,13.43,2.82,11,4,0
P00566,2025-10-01,29,390.1,13.45,4.21,6,4,0
P00566,2025-10-31,28,365.2,13.04,5.71,6,4,1
P00566,2025-12-01,30,379.4,12.65,0.45,4,4,1
P00566,2025-12-31,30,376.7,12.56,1.2,14,4,0
P00566,2026-01-30,30,378.0,12.6,4.86,6,4,1
P00566,2026-03-02,30,384.6,12.82,4.15,8,4,1
P00566,2026-04-01,27,368.9,13.66,1.3,6,4,0
P00566,2026-05-02,29,367.0,12.66,3.59,6,4,1
P00566,2026-06-01,29,393.0,13.55,3.64,4,4,0
P00566,2026-07-02,30,393.1,13.1,3.16,5,4,1
P00566,2026-08-01,30,417.8,13.93,4.62,12,4,2
P00567,2024-08-31,28,434.9,15.53,1.08,5,4,1
P00567,2024-09-30,28,408.7,14.6,0.85,6,4,0
P00567,2024-10-31,28,408.2,14.58,0.81,12,4,0
P00567,2024-11-30,30,447.5,14.92,0.91,10,4,0
P00567,2024-12-31,28,415.4,14.83,1.71,9,4,1
P00567,2025-01-30,27,402.1,14.89,1.54,9,4,1
P00567,2025-03-02,28,373.7,13.34,0.76,7,4,1
P00567,2025-04-01,30,418.4,13.95,0.52,3,4,0
P00567,2025-05-01,29,390.8,13.48,1.31,8,4,2
P00567,2025-06-01,30,404.9,13.5,1.17,7,4,3
P00567,2025-07-01,29,392.0,13.52,1.77,4,4,1
P00567,2025-08-01,28,354.0,12.64,0.63,8,4,2
P00567,2025-08-31,28,380.3,13.58,1.2,2,4,0
P00567,2025-10-01,26,333.3,12.82,1.81,10,4,0
P00567,2025-10-31,30,392.9,13.1,0.98,3,4,0
P00567,2025-12-01,30,391.0,13.03,1.45,8,4,0
P00567,2025-12-31,29,368.5,12.71,0.53,7,4,2
P00567,2026-01-30,30,380.6,12.69,1.01,2,4,2
P00567,2026-03-02,27,361.8,13.4,1.0,8,4,1
P00567,2026-04-01,29,372.8,12.86,1.32,9,4,1
P00567,2026-05-02,27,341.0,12.63,1.55,9,4,0
P00567,2026-06-01,30,393.7,13.12,0.56,4,4,2
P00567,2026-07-02,29,390.9,13.48,0.45,13,4,0
P00567,2026-08-01,28,350.1,12.5,2.13,7,4,1
P00568,2024-08-31,27,362.0,13.41,4.97,6,4,1
P00568,2024-09-30,26,344.3,13.24,3.64,8,4,1
P00568,2024-10-31,30,408.4,13.61,1.1,6,4,0
P00568,2024-11-30,27,373.0,13.81,0.47,8,4,1
P00568,2024-12-31,29,374.6,12.92,5.25,7,4,1
P00568,2025-01-30,29,380.8,13.13,1.86,6,4,1
P00568,2025-03-02,28,366.1,13.07,2.71,8,4,0
P00568,2025-04-01,30,398.1,13.27,2.45,7,4,2
P00568,2025-05-01,27,338.1,12.52,1.31,5,4,0
P00568,2025-06-01,27,359.2,13.3,5.11,7,4,1
P00568,2025-07-01,29,352.9,12.17,5.08,4,4,0
P00568,2025-08-01,29,376.9,13.0,6.0,7,4,3
P00568,2025-08-31,26,327.8,12.61,5.56,7,4,0
P00568,2025-10-01,30,399.3,13.31,2.75,9,4,2
P00568,2025-10-31,29,368.5,12.71,4.18,8,4,0
P00568,2025-12-01,31,394.5,12.73,0.74,6,4,0
P00568,2025-12-31,25,322.0,12.88,0.9,6,4,1
P00568,2026-01-30,31,414.4,13.37,4.65,5,4,1
P00568,2026-03-02,28,361.1,12.9,0.3,7,4,1
P00568,2026-04-01,29,358.5,12.36,3.08,3,4,1
P00568,2026-05-02,29,372.4,12.84,3.68,6,4,0
P00568,2026-06-01,26,321.7,12.37,1.57,4,4,1
P00568,2026-07-02,29,360.5,12.43,1.6,4,4,1
P00568,2026-08-01,30,372.2,12.41,0.49,0,4,1
P00569,2024-08-31,29,212.5,7.33,1.32,7,4,2
P00569,2024-09-30,29,209.1,7.21,0.84,5,4,4
P00569,2024-10-31,28,206.4,7.37,6.0,5,4,3
P00569,2024-11-30,26,188.9,7.27,1.84,8,4,1
P00569,2024-12-31,29,223.1,7.69,6.0,5,4,3
P00569,2025-01-30,29,213.0,7.35,2.37,6,4,1
P00569,2025-03-02,26,182.9,7.03,2.75,5,4,3
P00569,2025-04-01,25,176.0,7.04,3.25,4,4,3
P00569,2025-05-01,29,203.8,7.03,1.21,7,4,3
P00569,2025-06-01,26,193.4,7.44,3.9,7,4,1
P00569,2025-07-01,28,175.0,6.25,1.29,4,4,2
P00569,2025-08-01,28,198.2,7.08,0.45,8,4,2
P00569,2025-08-31,28,196.4,7.01,1.4,6,4,2
P00569,2025-10-01,26,176.6,6.79,2.45,3,4,2
P00569,2025-10-31,28,177.4,6.33,0.61,4,4,1
P00569,2025-12-01,29,190.3,6.56,0.2,6,4,3
P00569,2025-12-31,29,204.0,7.03,3.54,4,4,2
P00569,2026-01-30,31,197.5,6.37,1.0,4,4,2
P00569,2026-03-02,27,180.8,6.7,2.58,5,4,1
P00569,2026-04-01,30,200.4,6.68,1.84,8,4,2
P00569,2026-05-02,28,199.1,7.11,1.94,8,4,3
P00569,2026-06-01,30,179.9,6.0,2.55,6,4,2
P00569,2026-07-02,28,175.1,6.25,2.05,7,4,2
P00569,2026-08-01,29,193.3,6.67,1.19,3,4,2
P00570,2024-08-31,28,351.8,12.56,1.38,7,4,0
P00570,2024-09-30,26,342.3,13.17,3.5,1,4,1
P00570,2024-10-31,29,368.9,12.72,0.73,4,4,1
P00570,2024-11-30,29,361.4,12.46,0.46,4,4,2
P00570,2024-12-31,28,371.7,13.27,0.53,0,4,0
P00570,2025-01-30,26,326.3,12.55,1.13,3,4,0
P00570,2025-03-02,26,342.2,13.16,4.97,8,4,3
P00570,2025-04-01,29,377.9,13.03,3.86,6,4,0
P00570,2025-05-01,28,367.1,13.11,0.37,3,4,1
P00570,2025-06-01,27,350.5,12.98,0.54,3,4,0
P00570,2025-07-01,24,307.5,12.81,1.02,2,4,1
P00570,2025-08-01,25,324.3,12.97,2.37,1,4,1
P00570,2025-08-31,28,350.7,12.53,1.6,5,4,1
P00570,2025-10-01,29,371.9,12.82,1.82,2,4,1
P00570,2025-10-31,26,323.5,12.44,1.56,3,4,0
P00570,2025-12-01,29,360.3,12.42,1.06,4,4,2
P00570,2025-12-31,28,359.3,12.83,2.28,5,4,0
P00570,2026-01-30,27,361.2,13.38,3.41,2,4,2
P00570,2026-03-02,25,317.5,12.7,3.75,2,4,2
P00570,2026-04-01,25,326.3,13.05,1.27,4,4,2
P00570,2026-05-02,25,298.4,11.93,4.45,5,4,1
P00570,2026-06-01,25,303.7,12.15,2.05,5,4,1
P00570,2026-07-02,27,314.3,11.64,0.73,6,4,0
P00570,2026-08-01,25,308.9,12.36,1.86,7,4,0
P00571,2024-08-31,26,351.3,13.51,1.05,7,4,1
P00571,2024-09-30,29,389.0,13.41,2.51,8,4,1
P00571,2024-10-31,28,378.2,13.51,1.48,10,4,0
P00571,2024-11-30,30,421.1,14.04,6.0,8,4,1
P00571,2024-12-31,29,394.8,13.62,5.98,8,4,0
P00571,2025-01-30,30,392.6,13.09,2.68,8,4,0
P00571,2025-03-02,29,375.2,12.94,6.0,7,4,1
P00571,2025-04-01,27,353.1,13.08,2.92,6,4,0
P00571,2025-05-01,25,317.1,12.68,1.97,12,4,1
P00571,2025-06-01,29,383.6,13.23,2.68,6,4,0
P00571,2025-07-01,28,385.9,13.78,1.53,8,4,2
P00571,2025-08-01,29,382.9,13.2,6.0,5,4,0
P00571,2025-08-31,26,353.6,13.6,6.0,9,4,1
P00571,2025-10-01,30,397.4,13.25,4.94,7,4,1
P00571,2025-10-31,26,343.9,13.23,2.11,5,4,1
P00571,2025-12-01,26,325.1,12.51,2.44,8,4,1
P00571,2025-12-31,28,345.3,12.33,2.49,10,4,1
P00571,2026-01-30,30,388.4,12.95,3.72,11,4,1
P00571,2026-03-02,27,357.7,13.25,2.32,5,4,2
P00571,2026-04-01,29,375.5,12.95,1.34,8,4,0
P00571,2026-05-02,29,366.6,12.64,3.14,10,4,1
P00571,2026-06-01,27,356.6,13.21,1.77,4,4,1
P00571,2026-07-02,26,345.9,13.31,2.86,7,4,1
P00571,2026-08-01,30,396.0,13.2,0.29,10,4,1
P00572,2024-08-31,30,420.9,14.03,5.07,5,4,2
P00572,2024-09-30,28,373.5,13.34,2.48,10,4,2
P00572,2024-10-31,30,423.2,14.11,1.03,9,4,1
P00572,2024-11-30,31,417.0,13.45,0.42,10,4,0
P00572,2024-12-31,28,380.0,13.57,0.53,6,4,2
P00572,2025-01-30,30,407.0,13.57,2.26,9,4,0
P00572,2025-03-02,30,435.7,14.52,1.76,8,4,1
P00572,2025-04-01,27,405.6,15.02,3.08,7,4,0
P00572,2025-05-01,28,409.2,14.61,2.72,12,4,0
P00572,2025-06-01,30,420.3,14.01,1.81,8,4,2
P00572,2025-07-01,30,426.5,14.22,1.18,6,4,0
P00572,2025-08-01,28,402.3,14.37,5.01,6,4,1
P00572,2025-08-31,31,434.3,14.01,1.55,7,4,2
P00572,2025-10-01,27,399.9,14.81,2.58,10,4,0
P00572,2025-10-31,28,383.8,13.71,2.01,5,4,2
P00572,2025-12-01,31,437.7,14.12,3.98,7,4,0
P00572,2025-12-31,31,447.5,14.43,2.37,6,4,0
P00572,2026-01-30,31,453.7,14.64,1.4,5,4,1
P00572,2026-03-02,27,402.0,14.89,3.41,7,4,0
P00572,2026-04-01,30,424.8,14.16,3.58,4,4,0
P00572,2026-05-02,29,407.5,14.05,1.02,6,4,1
P00572,2026-06-01,28,404.1,14.43,2.34,4,4,2
P00572,2026-07-02,30,429.4,14.31,2.88,6,4,1
P00572,2026-08-01,30,411.4,13.71,3.64,9,4,0
P00573,2024-08-31,31,412.2,13.3,6.0,2,4,1
P00573,2024-09-30,31,430.3,13.88,1.96,8,4,0
P00573,2024-10-31,28,370.4,13.23,5.11,8,4,0
P00573,2024-11-30,29,376.2,12.97,1.22,5,4,1
P00573,2024-12-31,28,348.8,12.46,0.2,6,4,1
P00573,2025-01-30,27,358.2,13.26,6.0,3,4,0
P00573,2025-03-02,27,346.0,12.81,1.97,7,4,0
P00573,2025-04-01,30,397.3,13.24,0.86,9,4,0
P00573,2025-05-01,27,354.3,13.12,0.74,5,4,1
P00573,2025-06-01,30,390.3,13.01,2.66,1,4,0
P00573,2025-07-01,27,338.8,12.55,5.0,7,4,0
P00573,2025-08-01,27,319.5,11.83,1.63,7,4,1
P00573,2025-08-31,30,384.2,12.81,2.9,8,4,2
P00573,2025-10-01,24,286.4,11.94,2.14,7,4,0
P00573,2025-10-31,27,336.7,12.47,0.21,1,4,1
P00573,2025-12-01,31,385.7,12.44,1.39,6,4,2
P00573,2025-12-31,28,348.2,12.44,2.43,6,4,1
P00573,2026-01-30,22,263.6,11.98,1.31,4,4,0
P00573,2026-03-02,30,365.9,12.2,2.63,6,4,2
P00573,2026-04-01,29,377.2,13.01,0.91,7,4,2
P00573,2026-05-02,27,343.8,12.73,1.98,1,4,2
P00573,2026-06-01,28,357.9,12.78,0.79,9,4,1
P00573,2026-07-02,28,368.3,13.15,0.2,10,4,0
P00573,2026-08-01,28,380.2,13.58,0.32,9,4,2
P00574,2024-08-31,30,224.9,7.5,0.94,5,4,1
P00574,2024-09-30,28,188.8,6.74,2.54,4,4,2
P00574,2024-10-31,25,165.4,6.62,1.41,4,4,2
P00574,2024-11-30,29,222.8,7.68,1.33,2,4,2
P00574,2024-12-31,26,188.9,7.27,5.4,2,4,3
P00574,2025-01-30,29,197.8,6.82,4.8,2,4,1
P00574,2025-03-02,30,234.2,7.81,3.39,2,4,4
P00574,2025-04-01,30,207.2,6.91,0.52,3,4,3
P00574,2025-05-01,27,199.3,7.38,1.33,3,4,3
P00574,2025-06-01,27,193.9,7.18,0.66,3,4,3
P00574,2025-07-01,26,178.1,6.85,1.36,2,4,0
P00574,2025-08-01,29,188.0,6.48,2.32,3,4,1
P00574,2025-08-31,26,194.1,7.47,0.55,4,4,3
P00574,2025-10-01,28,202.5,7.23,1.61,2,4,3
P00574,2025-10-31,28,177.2,6.33,2.89,4,4,0
P00574,2025-12-01,27,170.1,6.3,1.09,4,4,3
P00574,2025-12-31,24,174.1,7.25,1.14,3,4,2
P00574,2026-01-30,25,160.9,6.44,1.31,2,4,3
P00574,2026-03-02,26,182.9,7.04,1.12,3,4,0
P00574,2026-04-01,28,176.9,6.32,2.25,3,4,2
P00574,2026-05-02,26,171.3,6.59,1.49,6,4,1
P00574,2026-06-01,23,143.5,6.24,1.12,6,4,2
P00574,2026-07-02,28,197.6,7.06,0.48,2,4,0
P00574,2026-08-01,27,200.5,7.43,0.82,2,4,1
P00575,2024-08-31,28,386.5,13.8,2.37,2,4,0
P00575,2024-09-30,29,388.3,13.39,2.36,6,4,0
P00575,2024-10-31,27,346.5,12.83,0.37,5,4,1
P00575,2024-11-30,29,381.8,13.17,2.86,3,4,1
P00575,2024-12-31,29,394.7,13.61,6.0,13,4,1
P00575,2025-01-30,28,369.6,13.2,2.54,12,4,1
P00575,2025-03-02,29,405.2,13.97,4.68,5,4,0
P00575,2025-04-01,28,360.1,12.86,6.0,8,4,0
P00575,2025-05-01,30,409.1,13.64,3.2,6,4,1
P00575,2025-06-01,30,392.4,13.08,1.37,4,4,0
P00575,2025-07-01,29,375.4,12.94,2.91,6,4,1
P00575,2025-08-01,26,355.4,13.67,2.37,5,4,0
P00575,2025-08-31,28,376.4,13.44,1.74,9,4,0
P00575,2025-10-01,30,387.4,12.91,6.0,5,4,1
P00575,2025-10-31,27,366.0,13.56,2.5,3,4,0
P00575,2025-12-01,26,349.9,13.46,0.6,3,4,1
P00575,2025-12-31,27,331.2,12.27,4.09,10,4,1
P00575,2026-01-30,28,362.5,12.95,1.31,8,4,1
P00575,2026-03-02,26,322.3,12.39,1.66,6,4,0
P00575,2026-04-01,26,320.2,12.31,1.82,5,4,2
P00575,2026-05-02,29,374.2,12.9,0.3,4,4,1
P00575,2026-06-01,31,395.4,12.76,0.69,8,4,2
P00575,2026-07-02,30,392.5,13.08,4.55,3,4,0
P00575,2026-08-01,28,358.7,12.81,2.18,2,4,0
P00576,2024-08-31,27,368.5,13.65,2.12,5,4,0
P00576,2024-09-30,27,345.8,12.81,1.28,9,4,1
P00576,2024-10-31,28,363.0,12.97,6.0,4,4,2
P00576,2024-11-30,27,364.2,13.49,2.15,10,4,2
P00576,2024-12-31,28,378.0,13.5,1.65,6,4,0
P00576,2025-01-30,30,401.8,13.39,2.68,10,4,1
P00576,2025-03-02,29,372.5,12.84,0.88,9,4,1
P00576,2025-04-01,31,406.9,13.12,3.12,10,4,0
P00576,2025-05-01,30,382.9,12.76,5.74,6,4,0
P00576,2025-06-01,30,377.8,12.59,0.61,7,4,0
P00576,2025-07-01,29,363.1,12.52,6.0,5,4,0
P00576,2025-08-01,31,384.5,12.4,4.09,13,4,1
P00576,2025-08-31,30,391.7,13.06,1.19,9,4,1
P00576,2025-10-01,31,401.0,12.93,5.56,2,4,0
P00576,2025-10-31,30,389.6,12.99,2.38,7,4,1
P00576,2025-12-01,30,387.7,12.92,3.34,7,4,1
P00576,2025-12-31,30,365.6,12.19,5.27,3,4,0
P00576,2026-01-30,31,388.9,12.54,1.24,10,4,0
P00576,2026-03-02,29,365.2,12.59,1.64,5,4,1
P00576,2026-04-01,31,387.5,12.5,6.0,1,4,1
P00576,2026-05-02,30,380.3,12.68,3.21,9,4,1
P00576,2026-06-01,30,366.6,12.22,4.52,13,4,1
P00576,2026-07-02,30,358.9,11.96,1.92,8,4,0
P00576,2026-08-01,29,353.1,12.18,2.4,13,4,0
P00577,2024-08-31,29,389.8,13.44,2.87,6,4,0
P00577,2024-09-30,28,378.7,13.52,2.96,10,4,2
P00577,2024-10-31,29,408.8,14.1,3.03,6,4,1
P00577,2024-11-30,29,387.6,13.36,6.0,9,4,2
P00577,2024-12-31,31,421.8,13.61,5.01,5,4,0
P00577,2025-01-30,29,399.8,13.79,3.08,5,4,0
P00577,2025-03-02,31,415.5,13.4,0.93,4,4,1
P00577,2025-04-01,31,401.0,12.94,5.4,6,4,3
P00577,2025-05-01,31,428.0,13.81,0.47,10,4,2
P00577,2025-06-01,29,394.3,13.6,0.84,6,4,1
P00577,2025-07-01,29,402.4,13.88,2.17,7,4,0
P00577,2025-08-01,28,399.1,14.25,6.0,7,4,0
P00577,2025-08-31,29,411.4,14.19,1.62,10,4,0
P00577,2025-10-01,29,391.2,13.49,6.0,7,4,0
P00577,2025-10-31,29,390.8,13.47,0.67,7,4,1
P00577,2025-12-01,30,399.4,13.31,2.89,5,4,1
P00577,2025-12-31,31,432.2,13.94,1.36,8,4,1
P00577,2026-01-30,29,400.5,13.81,3.1,6,4,1
P00577,2026-03-02,30,415.2,13.84,1.0,7,4,2
P00577,2026-04-01,31,430.0,13.87,1.76,5,4,0
P00577,2026-05-02,31,436.4,14.08,4.4,7,4,2
P00577,2026-06-01,30,403.7,13.46,6.0,5,4,1
P00577,2026-07-02,31,423.3,13.66,1.71,4,4,0
P00577,2026-08-01,29,385.5,13.29,1.01,13,4,0
P00578,2024-08-31,28,393.7,14.06,0.53,3,4,0
P00578,2024-09-30,29,390.1,13.45,1.69,2,4,0
P00578,2024-10-31,31,417.0,13.45,6.0,7,4,1
P00578,2024-11-30,26,338.1,13.01,2.75,6,4,1
P00578,2024-12-31,29,378.5,13.05,1.26,6,4,0
P00578,2025-01-30,28,365.0,13.03,2.38,4,4,1
P00578,2025-03-02,29,369.2,12.73,0.88,1,4,4
P00578,2025-04-01,28,360.9,12.89,0.6,5,4,1
P00578,2025-05-01,28,363.8,12.99,3.36,7,4,1
P00578,2025-06-01,31,411.6,13.28,2.57,6,4,0
P00578,2025-07-01,28,361.0,12.89,0.36,7,4,2
P00578,2025-08-01,31,396.9,12.8,5.26,3,4,0
P00578,2025-08-31,30,379.7,12.66,3.03,9,4,1
P00578,2025-10-01,28,351.9,12.57,0.98,8,4,1
P00578,2025-10-31,30,397.9,13.26,1.8,6,4,0
P00578,2025-12-01,29,358.8,12.37,1.48,4,4,0
P00578,2025-12-31,27,321.9,11.92,0.99,3,4,1
P00578,2026-01-30,28,334.4,11.94,2.52,5,4,0
P00578,2026-03-02,29,359.9,12.41,1.62,5,4,2
P00578,2026-04-01,30,361.0,12.03,5.39,5,4,3
P00578,2026-05-02,30,369.0,12.3,4.71,7,4,1
P00578,2026-06-01,28,335.7,11.99,3.76,9,4,2
P00578,2026-07-02,28,320.3,11.44,1.1,4,4,1
P00578,2026-08-01,26,303.9,11.69,6.0,4,4,1
P00579,2024-08-31,28,364.2,13.01,0.27,4,4,1
P00579,2024-09-30,28,350.8,12.53,0.87,8,4,0
P00579,2024-10-31,28,349.3,12.47,2.08,1,4,0
P00579,2024-11-30,29,373.1,12.87,1.43,6,4,0
P00579,2024-12-31,25,299.9,12.0,0.92,6,4,0
P00579,2025-01-30,27,338.2,12.53,0.28,2,4,0
P00579,2025-03-02,27,339.9,12.59,3.39,8,4,0
P00579,2025-04-01,26,314.4,12.09,0.2,6,4,1
P00579,2025-05-01,27,335.7,12.43,0.84,5,4,1
P00579,2025-06-01,29,344.7,11.89,1.33,4,4,0
P00579,2025-07-01,28,328.8,11.74,2.25,4,4,0
P00579,2025-08-01,28,324.2,11.58,0.27,7,4,0
P00579,2025-08-31,26,306.7,11.8,1.13,7,4,0
P00579,2025-10-01,29,344.2,11.87,0.55,4,4,3
P00579,2025-10-31,27,299.4,11.09,1.72,9,4,1
P00579,2025-12-01,24,264.9,11.04,2.17,5,4,2
P00579,2025-12-31,26,312.9,12.03,1.77,6,4,1
P00579,2026-01-30,29,337.1,11.63,0.71,4,4,2
P00579,2026-03-02,28,309.6,11.06,3.33,7,4,0
P00579,2026-04-01,30,358.3,11.94,1.44,4,4,2
P00579,2026-05-02,26,315.6,12.14,1.57,3,4,1
P00579,2026-06-01,27,313.7,11.62,0.43,7,4,1
P00579,2026-07-02,29,309.8,10.68,1.72,2,4,0
P00579,2026-08-01,29,338.4,11.67,0.41,5,4,0
P00580,2024-08-31,30,439.0,14.63,0.78,6,4,4
P00580,2024-09-30,28,426.3,15.22,0.32,4,4,3
P00580,2024-10-31,28,438.0,15.64,1.87,7,4,3
P00580,2024-11-30,29,443.7,15.3,1.15,7,4,4
P00580,2024-12-31,28,419.1,14.97,1.29,6,4,2
P00580,2025-01-30,25,369.6,14.78,0.85,6,4,4
P00580,2025-03-02,24,346.3,14.43,0.44,8,4,4
P00580,2025-04-01,29,436.8,15.06,2.26,9,4,4
P00580,2025-05-01,30,487.5,16.25,2.01,7,4,4
P00580,2025-06-01,28,423.7,15.13,1.53,9,4,3
P00580,2025-07-01,30,458.5,15.28,1.23,6,4,4
P00580,2025-08-01,29,438.5,15.12,0.98,8,4,4
P00580,2025-08-31,29,442.2,15.25,0.52,6,4,3
P00580,2025-10-01,30,432.2,14.41,2.72,9,4,4
P00580,2025-10-31,29,413.7,14.26,0.59,4,4,2
P00580,2025-12-01,29,435.0,15.0,1.3,5,4,4
P00580,2025-12-31,30,438.5,14.62,1.5,8,4,4
P00580,2026-01-30,28,430.6,15.38,0.47,1,4,4
P00580,2026-03-02,27,416.9,15.44,0.7,6,4,4
P00580,2026-04-01,31,482.4,15.56,0.84,6,4,4
P00580,2026-05-02,28,435.0,15.54,1.43,5,4,3
P00580,2026-06-01,27,424.8,15.73,0.63,7,4,2
P00580,2026-07-02,30,469.6,15.65,1.49,6,4,2
P00580,2026-08-01,27,422.1,15.63,0.31,4,4,3
P00581,2024-08-31,28,359.3,12.83,1.31,4,4,1
P00581,2024-09-30,25,332.7,13.31,2.13,5,4,2
P00581,2024-10-31,30,406.7,13.56,0.81,3,4,1
P00581,2024-11-30,29,374.2,12.9,4.37,9,4,1
P00581,2024-12-31,29,377.3,13.01,2.71,6,4,3
P00581,2025-01-30,26,333.8,12.84,2.87,7,4,1
P00581,2025-03-02,30,379.2,12.64,1.86,3,4,0
P00581,2025-04-01,27,343.5,12.72,1.96,4,4,1
P00581,2025-05-01,28,358.9,12.82,1.41,5,4,1
P00581,2025-06-01,29,368.2,12.7,0.91,5,4,1
P00581,2025-07-01,27,327.6,12.13,4.46,4,4,0
P00581,2025-08-01,27,328.4,12.16,4.27,3,4,0
P00581,2025-08-31,28,337.0,12.04,2.47,9,4,2
P00581,2025-10-01,28,346.4,12.37,0.43,4,4,2
P00581,2025-10-31,27,313.5,11.61,0.45,6,4,2
P00581,2025-12-01,29,343.7,11.85,0.72,10,4,0
P00581,2025-12-31,28,332.8,11.89,6.0,8,4,0
P00581,2026-01-30,28,338.4,12.09,0.63,5,4,1
P00581,2026-03-02,29,336.6,11.61,2.33,9,4,1
P00581,2026-04-01,28,305.3,10.9,1.42,7,4,0
P00581,2026-05-02,26,277.6,10.68,6.0,0,4,0
P00581,2026-06-01,29,320.8,11.06,2.21,6,4,2
P00581,2026-07-02,27,306.8,11.36,2.03,7,4,0
P00581,2026-08-01,28,329.5,11.77,0.96,4,4,0
P00582,2024-08-31,30,412.3,13.74,3.04,10,4,1
P00582,2024-09-30,31,421.1,13.58,6.0,11,4,2
P00582,2024-10-31,31,418.0,13.48,0.89,9,4,1
P00582,2024-11-30,31,418.6,13.5,2.47,3,4,0
P00582,2024-12-31,26,345.9,13.3,2.85,10,4,0
P00582,2025-01-30,30,426.2,14.21,4.74,5,4,0
P00582,2025-03-02,28,385.7,13.77,4.41,5,4,1
P00582,2025-04-01,30,429.9,14.33,2.25,6,4,0
P00582,2025-05-01,28,384.6,13.73,6.0,7,4,3
P00582,2025-06-01,26,350.6,13.48,0.64,7,4,1
P00582,2025-07-01,28,392.2,14.01,6.0,8,4,2
P00582,2025-08-01,31,442.6,14.28,1.3,8,4,1
P00582,2025-08-31,30,411.7,13.72,1.38,7,4,2
P00582,2025-10-01,27,380.7,14.1,1.81,7,4,2
P00582,2025-10-31,30,398.6,13.29,2.79,7,4,1
P00582,2025-12-01,29,386.3,13.32,2.7,9,4,1
P00582,2025-12-31,31,411.9,13.29,2.57,8,4,1
P00582,2026-01-30,30,410.6,13.69,3.86,9,4,1
P00582,2026-03-02,29,391.7,13.51,1.55,6,4,0
P00582,2026-04-01,28,372.0,13.28,2.58,9,4,0
P00582,2026-05-02,31,422.3,13.62,1.53,6,4,1
P00582,2026-06-01,27,347.2,12.86,1.38,9,4,1
P00582,2026-07-02,31,423.9,13.67,3.53,6,4,0
P00582,2026-08-01,29,391.0,13.48,4.11,5,4,1
P00583,2024-08-31,28,221.3,7.9,2.52,2,4,1
P00583,2024-09-30,28,227.1,8.11,0.88,2,4,2
P00583,2024-10-31,30,210.5,7.02,2.02,3,4,2
P00583,2024-11-30,28,227.6,8.13,0.65,5,4,1
P00583,2024-12-31,30,236.1,7.87,0.64,6,4,1
P00583,2025-01-30,27,244.2,9.05,3.53,6,4,4
P00583,2025-03-02,29,230.8,7.96,2.53,4,4,1
P00583,2025-04-01,28,232.6,8.31,2.87,4,4,2
P00583,2025-05-01,30,248.4,8.28,3.34,5,4,1
P00583,2025-06-01,27,235.7,8.73,0.35,3,4,2
P00583,2025-07-01,28,229.8,8.21,5.69,3,4,2
P00583,2025-08-01,31,250.2,8.07,0.68,7,4,3
P00583,2025-08-31,31,250.1,8.07,2.44,5,4,3
P00583,2025-10-01,30,222.9,7.43,1.82,4,4,3
P00583,2025-10-31,28,224.3,8.01,0.86,2,4,1
P00583,2025-12-01,26,209.2,8.04,1.81,4,4,2
P00583,2025-12-31,28,245.3,8.76,1.31,4,4,3
P00583,2026-01-30,31,262.6,8.47,1.07,3,4,2
P00583,2026-03-02,26,223.6,8.6,2.52,10,4,2
P00583,2026-04-01,29,237.1,8.18,3.67,7,4,2
P00583,2026-05-02,30,243.0,8.1,1.05,4,4,1
P00583,2026-06-01,25,205.8,8.23,2.38,2,4,2
P00583,2026-07-02,26,207.6,7.99,3.76,3,4,4
P00583,2026-08-01,26,195.4,7.52,2.9,5,4,2
P00584,2024-08-31,31,400.9,12.93,0.59,5,4,1
P00584,2024-09-30,26,314.5,12.1,1.29,8,4,0
P00584,2024-10-31,31,394.9,12.74,2.9,3,4,1
P00584,2024-11-30,27,360.5,13.35,2.24,5,4,2
P00584,2024-12-31,27,350.1,12.97,2.63,4,4,0
P00584,2025-01-30,30,378.9,12.63,2.66,5,4,2
P00584,2025-03-02,26,341.7,13.14,2.23,4,4,1
P00584,2025-04-01,27,353.2,13.08,0.32,2,4,1
P00584,2025-05-01,28,364.7,13.03,1.04,7,4,0
P00584,2025-06-01,25,349.8,13.99,1.39,5,4,1
P00584,2025-07-01,29,388.5,13.4,0.2,8,4,1
P00584,2025-08-01,28,350.8,12.53,1.76,4,4,1
P00584,2025-08-31,27,343.1,12.71,0.79,2,4,1
P00584,2025-10-01,26,309.0,11.88,2.53,6,4,0
P00584,2025-10-31,28,360.7,12.88,1.57,4,4,0
P00584,2025-12-01,28,335.9,12.0,1.45,4,4,0
P00584,2025-12-31,29,349.7,12.06,4.6,7,4,1
P00584,2026-01-30,30,374.4,12.48,0.73,3,4,1
P00584,2026-03-02,28,327.1,11.68,1.18,4,4,1
P00584,2026-04-01,28,325.7,11.63,0.74,9,4,3
P00584,2026-05-02,25,310.7,12.43,1.31,3,4,0
P00584,2026-06-01,28,334.6,11.95,1.61,6,4,2
P00584,2026-07-02,25,308.3,12.33,0.58,5,4,2
P00584,2026-08-01,29,352.4,12.15,1.1,5,4,0
P00585,2024-08-31,30,410.8,13.69,1.11,6,4,1
P00585,2024-09-30,28,381.0,13.61,6.0,6,4,1
P00585,2024-10-31,29,406.4,14.01,2.47,11,4,1
P00585,2024-11-30,31,413.0,13.32,0.43,5,4,2
P00585,2024-12-31,28,401.9,14.36,6.0,2,4,1
P00585,2025-01-30,28,400.3,14.3,2.1,3,4,0
P00585,2025-03-02,28,379.7,13.56,0.68,10,4,1
P00585,2025-04-01,30,419.8,13.99,4.35,5,4,0
P00585,2025-05-01,26,379.1,14.58,5.37,5,4,0
P00585,2025-06-01,27,366.0,13.56,6.0,6,4,2
P00585,2025-07-01,28,383.8,13.71,2.83,6,4,1
P00585,2025-08-01,31,439.8,14.19,1.47,8,4,1
P00585,2025-08-31,29,409.3,14.11,6.0,3,4,0
P00585,2025-10-01,29,415.6,14.33,2.45,5,4,1
P00585,2025-10-31,30,437.3,14.58,1.91,8,4,1
P00585,2025-12-01,29,419.3,14.46,1.24,7,4,0
P00585,2025-12-31,29,407.6,14.06,1.05,6,4,2
P00585,2026-01-30,25,355.1,14.2,2.14,7,4,3
P00585,2026-03-02,31,439.4,14.18,2.04,5,4,2
P00585,2026-04-01,29,427.9,14.76,0.97,4,4,0
P00585,2026-05-02,29,420.2,14.49,2.15,8,4,2
P00585,2026-06-01,28,395.7,14.13,3.12,6,4,1
P00585,2026-07-02,29,451.3,15.56,6.0,12,4,1
P00585,2026-08-01,30,437.5,14.58,3.5,2,4,1
P00586,2024-08-31,31,292.4,9.43,1.8,8,4,2
P00586,2024-09-30,28,257.6,9.2,1.05,7,4,2
P00586,2024-10-31,29,243.5,8.4,3.14,3,4,2
P00586,2024-11-30,29,244.3,8.43,3.98,9,4,2
P00586,2024-12-31,31,275.3,8.88,4.39,5,4,1
P00586,2025-01-30,30,255.3,8.51,6.0,6,4,1
P00586,2025-03-02,31,250.2,8.07,3.91,8,4,1
P00586,2025-04-01,27,240.8,8.92,1.04,6,4,2
P00586,2025-05-01,31,264.4,8.53,4.42,9,4,3
P00586,2025-06-01,27,227.0,8.41,4.89,6,4,3
P00586,2025-07-01,29,236.2,8.14,5.22,6,4,2
P00586,2025-08-01,29,227.8,7.85,5.72,5,4,3
P00586,2025-08-31,28,222.1,7.93,0.5,4,4,3
P00586,2025-10-01,29,256.8,8.85,2.52,6,4,1
P00586,2025-10-31,28,246.2,8.79,2.38,7,4,2
P00586,2025-12-01,31,261.8,8.44,1.81,9,4,2
P00586,2025-12-31,30,290.0,9.67,1.66,10,4,2
P00586,2026-01-30,31,268.0,8.64,1.79,8,4,3
P00586,2026-03-02,27,221.4,8.2,3.71,4,4,4
P00586,2026-04-01,28,225.9,8.07,3.95,9,4,4
P00586,2026-05-02,29,237.7,8.2,2.31,1,4,4
P00586,2026-06-01,27,209.4,7.75,1.07,7,4,4
P00586,2026-07-02,30,244.5,8.15,6.0,5,4,3
P00586,2026-08-01,30,219.8,7.33,1.89,10,4,4
P00587,2024-08-31,25,320.9,12.84,2.28,6,4,3
P00587,2024-09-30,25,320.9,12.84,1.59,2,4,0
P00587,2024-10-31,28,385.4,13.76,1.94,2,4,0
P00587,2024-11-30,27,345.2,12.79,2.32,5,4,1
P00587,2024-12-31,29,363.3,12.53,1.02,4,4,0
P00587,2025-01-30,28,361.7,12.92,0.89,4,4,0
P00587,2025-03-02,26,341.3,13.13,2.06,4,4,0
P00587,2025-04-01,25,331.8,13.27,1.33,9,4,0
P00587,2025-05-01,29,353.0,12.17,2.59,6,4,0
P00587,2025-06-01,30,362.5,12.08,1.62,3,4,1
P00587,2025-07-01,28,353.2,12.61,4.68,10,4,0
P00587,2025-08-01,28,377.0,13.46,0.43,5,4,2
P00587,2025-08-31,26,344.9,13.26,3.62,5,4,0
P00587,2025-10-01,28,382.8,13.67,6.0,8,4,1
P00587,2025-10-31,30,424.8,14.16,4.32,6,4,1
P00587,2025-12-01,27,373.6,13.84,0.89,3,4,1
P00587,2025-12-31,26,351.7,13.53,0.54,5,4,0
P00587,2026-01-30,23,293.7,12.77,1.45,3,4,1
P00587,2026-03-02,31,410.5,13.24,1.68,11,4,0
P00587,2026-04-01,28,371.3,13.26,1.18,1,4,0
P00587,2026-05-02,25,324.5,12.98,2.18,8,4,0
P00587,2026-06-01,26,342.4,13.17,4.24,2,4,2
P00587,2026-07-02,25,342.4,13.7,1.08,10,4,0
P00587,2026-08-01,27,379.5,14.06,2.11,2,4,0
P00588,2024-08-31,28,354.6,12.67,0.74,4,4,0
P00588,2024-09-30,28,379.6,13.56,0.78,7,4,0
P00588,2024-10-31,30,422.6,14.09,1.3,3,4,1
P00588,2024-11-30,29,377.4,13.02,1.31,6,4,0
P00588,2024-12-31,29,384.2,13.25,3.74,9,4,0
P00588,2025-01-30,29,401.2,13.84,2.46,6,4,0
P00588,2025-03-02,27,341.6,12.65,4.37,8,4,0
P00588,2025-04-01,27,364.7,13.51,0.62,7,4,1
P00588,2025-05-01,24,308.2,12.84,1.85,6,4,0
P00588,2025-06-01,30,395.2,13.17,1.33,7,4,1
P00588,2025-07-01,27,333.6,12.36,2.7,1,4,0
P00588,2025-08-01,31,417.2,13.46,3.28,5,4,1
P00588,2025-08-31,30,402.5,13.42,4.72,10,4,1
P00588,2025-10-01,30,389.8,12.99,2.01,5,4,1
P00588,2025-10-31,30,392.3,13.08,3.8,5,4,0
P00588,2025-12-01,29,390.9,13.48,0.88,9,4,0
P00588,2025-12-31,31,438.8,14.16,5.57,8,4,0
P00588,2026-01-30,29,371.0,12.79,2.76,4,4,0
P00588,2026-03-02,28,370.9,13.25,1.07,5,4,1
P00588,2026-04-01,28,380.6,13.59,1.49,7,4,0
P00588,2026-05-02,27,364.1,13.49,6.0,4,4,0
P00588,2026-06-01,28,382.6,13.67,2.5,7,4,0
P00588,2026-07-02,31,421.0,13.58,1.49,3,4,0
P00588,2026-08-01,29,393.1,13.56,1.56,7,4,2
P00589,2024-08-31,26,200.0,7.69,2.07,2,4,2
P00589,2024-09-30,31,251.7,8.12,2.97,7,4,1
P00589,2024-10-31,28,217.6,7.77,0.71,2,4,2
P00589,2024-11-30,26,212.6,8.18,3.46,2,4,4
P00589,2024-12-31,30,244.9,8.16,3.25,3,4,1
P00589,2025-01-30,29,218.9,7.55,3.28,11,4,3
P00589,2025-03-02,28,208.8,7.46,6.0,5,4,1
P00589,2025-04-01,25,209.8,8.39,1.34,7,4,1
P00589,2025-05-01,29,246.5,8.5,1.42,4,4,4
P00589,2025-06-01,30,254.4,8.48,4.44,2,4,2
P00589,2025-07-01,28,216.9,7.75,0.39,2,4,0
P00589,2025-08-01,26,218.5,8.4,0.2,6,4,1
P00589,2025-08-31,29,261.1,9.0,3.12,3,4,2
P00589,2025-10-01,28,230.9,8.25,0.85,3,4,1
P00589,2025-10-31,29,253.2,8.73,2.86,2,4,2
P00589,2025-12-01,28,240.6,8.59,0.44,3,4,2
P00589,2025-12-31,27,227.1,8.41,1.54,2,4,4
P00589,2026-01-30,29,252.5,8.71,0.85,7,4,1
P00589,2026-03-02,28,229.7,8.2,2.89,8,4,3
P00589,2026-04-01,25,223.7,8.95,1.55,3,4,1
P00589,2026-05-02,26,208.4,8.02,1.81,8,4,4
P00589,2026-06-01,28,255.6,9.13,0.2,9,4,2
P00589,2026-07-02,26,224.1,8.62,1.7,10,4,2
P00589,2026-08-01,28,252.5,9.02,1.98,9,4,2
P00590,2024-08-31,26,330.7,12.72,2.95,4,4,1
P00590,2024-09-30,26,357.2,13.74,0.69,4,4,1
P00590,2024-10-31,30,407.8,13.59,2.65,1,4,1
P00590,2024-11-30,26,354.8,13.65,4.12,4,4,1
P00590,2024-12-31,29,374.8,12.92,1.45,1,4,0
P00590,2025-01-30,28,388.6,13.88,2.13,4,4,0
P00590,2025-03-02,28,377.9,13.5,1.9,6,4,1
P00590,2025-04-01,27,384.3,14.23,0.98,2,4,2
P00590,2025-05-01,28,382.4,13.66,1.48,7,4,1
P00590,2025-06-01,30,409.7,13.66,0.73,8,4,0
P00590,2025-07-01,27,393.3,14.57,0.87,5,4,0
P00590,2025-08-01,27,372.6,13.8,5.46,6,4,1
P00590,2025-08-31,30,397.6,13.25,1.71,3,4,1
P00590,2025-10-01,29,405.7,13.99,1.05,4,4,0
P00590,2025-10-31,29,399.2,13.76,2.46,5,4,0
P00590,2025-12-01,28,396.2,14.15,0.7,4,4,1
P00590,2025-12-31,29,400.3,13.8,2.78,4,4,0
P00590,2026-01-30,27,376.4,13.94,1.92,6,4,1
P00590,2026-03-02,28,378.0,13.5,0.77,7,4,2
P00590,2026-04-01,28,400.5,14.3,3.49,8,4,1
P00590,2026-05-02,27,391.0,14.48,4.44,4,4,0
P00590,2026-06-01,29,424.8,14.65,0.87,14,4,1
P00590,2026-07-02,25,340.0,13.6,3.27,5,4,1
P00590,2026-08-01,30,419.9,14.0,1.25,5,4,0
P00591,2024-08-31,27,360.8,13.36,1.02,2,4,1
P00591,2024-09-30,29,379.6,13.09,6.0,4,4,2
P00591,2024-10-31,28,368.2,13.15,1.6,6,4,0
P00591,2024-11-30,28,362.1,12.93,3.49,5,4,0
P00591,2024-12-31,29,364.5,12.57,3.33,6,4,1
P00591,2025-01-30,30,399.1,13.3,1.17,4,4,0
P00591,2025-03-02,26,338.6,13.02,2.0,4,4,1
P00591,2025-04-01,26,343.6,13.21,4.17,5,4,1
P00591,2025-05-01,26,355.9,13.69,0.83,5,4,0
P00591,2025-06-01,27,378.0,14.0,1.18,2,4,0
P00591,2025-07-01,27,362.4,13.42,1.82,5,4,1
P00591,2025-08-01,30,406.6,13.55,1.54,5,4,1
P00591,2025-08-31,26,345.0,13.27,1.94,7,4,1
P00591,2025-10-01,30,407.3,13.58,1.04,4,4,1
P00591,2025-10-31,31,443.6,14.31,0.92,5,4,2
P00591,2025-12-01,28,396.7,14.17,2.01,2,4,0
P00591,2025-12-31,27,385.3,14.27,0.57,3,4,3
P00591,2026-01-30,31,436.9,14.09,1.56,6,4,0
P00591,2026-03-02,31,426.7,13.76,3.07,5,4,1
P00591,2026-04-01,31,423.0,13.64,2.9,3,4,0
P00591,2026-05-02,30,436.5,14.55,0.94,6,4,1
P00591,2026-06-01,30,399.7,13.32,0.37,3,4,0
P00591,2026-07-02,29,423.9,14.62,4.19,4,4,0
P00591,2026-08-01,27,385.0,14.26,2.77,5,4,1
P00592,2024-08-31,28,398.9,14.25,0.2,3,4,1
P00592,2024-09-30,30,423.1,14.1,1.1,9,4,0
P00592,2024-10-31,30,416.9,13.9,4.69,6,4,2
P00592,2024-11-30,31,439.3,14.17,5.39,4,4,2
P00592,2024-12-31,29,409.4,14.12,5.56,6,4,1
P00592,2025-01-30,28,392.0,14.0,0.87,8,4,1
P00592,2025-03-02,30,427.4,14.25,2.88,3,4,0
P00592,2025-04-01,30,410.6,13.69,2.98,9,4,0
P00592,2025-05-01,26,366.7,14.1,5.57,11,4,1
P00592,2025-06-01,31,406.1,13.1,1.26,5,4,1
P00592,2025-07-01,27,370.9,13.74,2.31,10,4,0
P00592,2025-08-01,26,372.4,14.32,0.54,5,4,0
P00592,2025-08-31,30,404.5,13.48,5.05,7,4,0
P00592,2025-10-01,30,404.6,13.49,2.23,9,4,1
P00592,2025-10-31,28,377.8,13.49,2.14,9,4,2
P00592,2025-12-01,31,409.1,13.2,1.37,6,4,0
P00592,2025-12-31,28,370.0,13.22,0.69,2,4,0
P00592,2026-01-30,30,403.1,13.44,2.99,10,4,0
P00592,2026-03-02,30,384.9,12.83,4.16,10,4,0
P00592,2026-04-01,31,415.3,13.4,0.64,8,4,0
P00592,2026-05-02,31,404.9,13.06,1.06,7,4,1
P00592,2026-06-01,27,353.3,13.09,1.79,11,4,0
P00592,2026-07-02,30,377.0,12.57,4.35,10,4,1
P00592,2026-08-01,28,359.3,12.83,6.0,7,4,1
P00593,2024-08-31,31,430.4,13.88,1.97,6,4,1
P00593,2024-09-30,29,403.5,13.91,0.56,3,4,1
P00593,2024-10-31,29,396.7,13.68,1.38,1,4,0
P00593,2024-11-30,28,372.9,13.32,1.32,10,4,4
P00593,2024-12-31,29,372.5,12.84,3.41,3,4,1
P00593,2025-01-30,30,381.7,12.72,6.0,3,4,0
P00593,2025-03-02,29,397.2,13.7,2.48,16,4,2
P00593,2025-04-01,28,358.2,12.79,1.58,5,4,1
P00593,2025-05-01,29,388.1,13.38,1.52,6,4,2
P00593,2025-06-01,31,402.2,12.97,3.09,3,4,2
P00593,2025-07-01,31,435.2,14.04,3.84,10,4,1
P00593,2025-08-01,27,349.6,12.95,0.93,5,4,2
P00593,2025-08-31,31,408.1,13.16,3.68,6,4,2
P00593,2025-10-01,27,349.9,12.96,3.53,11,4,0
P00593,2025-10-31,27,349.5,12.94,2.75,4,4,0
P00593,2025-12-01,28,353.8,12.64,3.96,8,4,1
P00593,2025-12-31,28,362.9,12.96,2.93,8,4,0
P00593,2026-01-30,30,385.2,12.84,0.87,8,4,0
P00593,2026-03-02,31,406.9,13.12,0.39,3,4,0
P00593,2026-04-01,29,382.4,13.19,1.89,7,4,0
P00593,2026-05-02,29,355.7,12.26,1.32,6,4,0
P00593,2026-06-01,28,359.5,12.84,4.71,6,4,0
P00593,2026-07-02,29,377.1,13.0,5.46,7,4,3
P00593,2026-08-01,28,359.7,12.85,1.35,2,4,0
P00594,2024-08-31,28,371.9,13.28,2.04,4,4,1
P00594,2024-09-30,27,349.2,12.93,0.99,1,4,2
P00594,2024-10-31,27,357.5,13.24,0.22,3,4,1
P00594,2024-11-30,28,334.1,11.93,2.01,2,4,1
P00594,2024-12-31,26,322.1,12.39,1.44,4,4,0
P00594,2025-01-30,27,324.0,12.0,4.56,3,4,2
P00594,2025-03-02,28,330.3,11.8,1.42,3,4,0
P00594,2025-04-01,28,333.5,11.91,2.78,2,4,1
P00594,2025-05-01,28,360.6,12.88,0.72,4,4,0
P00594,2025-06-01,24,288.6,12.02,4.66,8,4,0
P00594,2025-07-01,30,362.3,12.08,0.22,3,4,2
P00594,2025-08-01,29,358.8,12.37,1.45,6,4,1
P00594,2025-08-31,27,328.6,12.17,0.42,4,4,1
P00594,2025-10-01,28,347.4,12.41,0.85,2,4,1
P00594,2025-10-31,29,342.7,11.82,2.18,2,4,0
P00594,2025-12-01,28,343.3,12.26,1.17,3,4,1
P00594,2025-12-31,28,334.9,11.96,2.35,7,4,1
P00594,2026-01-30,29,331.5,11.43,1.85,6,4,0
P00594,2026-03-02,31,352.3,11.36,1.41,2,4,1
P00594,2026-04-01,26,302.4,11.63,0.94,2,4,1
P00594,2026-05-02,25,286.4,11.45,1.83,1,4,2
P00594,2026-06-01,27,316.6,11.72,1.22,4,4,0
P00594,2026-07-02,26,331.4,12.75,1.35,8,4,0
P00594,2026-08-01,28,325.7,11.63,3.71,3,4,1
P00595,2024-08-31,26,341.3,13.13,1.73,8,4,0
P00595,2024-09-30,26,332.0,12.77,1.77,9,4,1
P00595,2024-10-31,27,339.1,12.56,4.56,3,4,0
P00595,2024-11-30,30,387.5,12.92,1.58,4,4,1
P00595,2024-12-31,27,326.7,12.1,0.34,9,4,1
P00595,2025-01-30,26,335.0,12.88,0.67,6,4,1
P00595,2025-03-02,31,400.8,12.93,1.7,4,4,3
P00595,2025-04-01,29,376.7,12.99,3.57,4,4,0
P00595,2025-05-01,28,343.9,12.28,4.38,9,4,0
P00595,2025-06-01,29,355.8,12.27,1.38,5,4,1
P00595,2025-07-01,29,352.8,12.17,0.55,8,4,2
P00595,2025-08-01,29,359.7,12.4,0.34,11,4,1
P00595,2025-08-31,29,373.9,12.89,3.27,10,4,0
P00595,2025-10-01,28,333.1,11.9,1.96,2,4,0
P00595,2025-10-31,27,333.7,12.36,2.2,5,4,2
P00595,2025-12-01,27,351.1,13.0,0.56,7,4,0
P00595,2025-12-31,28,349.6,12.49,2.13,1,4,2
P00595,2026-01-30,26,327.3,12.59,2.01,3,4,0
P00595,2026-03-02,27,352.0,13.04,2.19,4,4,0
P00595,2026-04-01,27,339.8,12.59,4.73,5,4,0
P00595,2026-05-02,27,368.7,13.65,3.05,2,4,2
P00595,2026-06-01,27,350.8,12.99,0.34,2,4,0
P00595,2026-07-02,28,360.0,12.86,0.47,3,4,1
P00595,2026-08-01,28,352.2,12.58,0.2,3,4,1
P00596,2024-08-31,27,357.3,13.23,2.58,5,4,1
P00596,2024-09-30,31,396.6,12.79,5.36,2,4,1
P00596,2024-10-31,28,367.5,13.12,1.69,3,4,0
P00596,2024-11-30,24,296.0,12.33,0.96,6,4,2
P00596,2024-12-31,29,362.8,12.51,6.0,2,4,1
P00596,2025-01-30,30,362.6,12.09,0.71,4,4,1
P00596,2025-03-02,23,271.6,11.81,1.12,4,4,0
P00596,2025-04-01,25,331.0,13.24,3.83,2,4,1
P00596,2025-05-01,30,368.3,12.28,0.23,8,4,1
P00596,2025-06-01,27,336.7,12.47,2.16,3,4,1
P00596,2025-07-01,28,345.7,12.35,1.01,6,4,1
P00596,2025-08-01,26,314.8,12.11,2.9,1,4,1
P00596,2025-08-31,27,324.2,12.01,1.5,4,4,0
P00596,2025-10-01,30,373.6,12.45,1.57,1,4,1
P00596,2025-10-31,29,324.4,11.18,0.87,6,4,0
P00596,2025-12-01,28,341.9,12.21,1.62,7,4,2
P00596,2025-12-31,29,348.3,12.01,1.16,5,4,2
P00596,2026-01-30,26,296.4,11.4,5.04,1,4,2
P00596,2026-03-02,27,324.6,12.02,1.07,5,4,0
P00596,2026-04-01,31,359.7,11.6,1.66,2,4,2
P00596,2026-05-02,25,308.4,12.34,1.47,5,4,0
P00596,2026-06-01,30,368.2,12.27,1.4,9,4,1
P00596,2026-07-02,28,357.4,12.76,0.84,1,4,0
P00596,2026-08-01,27,334.3,12.38,3.96,3,4,1
P00597,2024-08-31,28,216.1,7.72,5.19,7,4,2
P00597,2024-09-30,29,216.2,7.45,1.12,3,4,1
P00597,2024-10-31,29,222.1,7.66,3.13,2,4,1
P00597,2024-11-30,26,195.0,7.5,4.04,6,4,2
P00597,2024-12-31,25,175.9,7.04,1.72,2,4,3
P00597,2025-01-30,27,204.7,7.58,1.23,4,4,3
P00597,2025-03-02,26,190.0,7.31,5.19,5,4,2
P00597,2025-04-01,25,190.6,7.62,0.6,3,4,0
P00597,2025-05-01,28,212.7,7.6,0.52,1,4,2
P00597,2025-06-01,27,191.5,7.09,0.85,3,4,2
P00597,2025-07-01,28,204.6,7.31,0.79,2,4,2
P00597,2025-08-01,28,206.3,7.37,1.33,4,4,2
P00597,2025-08-31,28,233.6,8.34,2.71,2,4,2
P00597,2025-10-01,25,201.5,8.06,1.57,2,4,1
P00597,2025-10-31,28,215.6,7.7,0.55,3,4,2
P00597,2025-12-01,25,177.5,7.1,1.73,6,4,0
P00597,2025-12-31,27,211.2,7.82,2.15,3,4,1
P00597,2026-01-30,29,235.2,8.11,0.22,7,4,4
P00597,2026-03-02,27,206.3,7.64,1.11,5,4,4
P00597,2026-04-01,30,197.6,6.59,1.13,2,4,3
P00597,2026-05-02,28,200.3,7.15,1.0,3,4,1
P00597,2026-06-01,27,202.9,7.52,0.59,7,4,2
P00597,2026-07-02,30,234.5,7.82,0.75,5,4,1
P00597,2026-08-01,26,180.4,6.94,1.81,5,4,2
P00598,2024-08-31,30,395.2,13.17,5.75,4,4,0
P00598,2024-09-30,24,308.4,12.85,1.89,5,4,1
P00598,2024-10-31,27,350.1,12.97,4.25,7,4,0
P00598,2024-11-30,31,414.4,13.37,2.3,8,4,1
P00598,2024-12-31,28,350.5,12.52,0.84,6,4,1
P00598,2025-01-30,29,388.7,13.4,0.74,7,4,1
P00598,2025-03-02,26,352.1,13.54,0.8,7,4,2
P00598,2025-04-01,28,359.7,12.85,1.0,3,4,0
P00598,2025-05-01,29,373.1,12.87,4.29,10,4,0
P00598,2025-06-01,31,369.1,11.91,5.22,7,4,0
P00598,2025-07-01,29,381.2,13.15,0.44,4,4,3
P00598,2025-08-01,28,367.7,13.13,3.68,3,4,1
P00598,2025-08-31,30,395.5,13.18,1.5,5,4,1
P00598,2025-10-01,30,407.8,13.59,2.43,7,4,1
P00598,2025-10-31,28,378.5,13.52,3.8,2,4,0
P00598,2025-12-01,27,372.8,13.81,2.56,3,4,1
P00598,2025-12-31,30,405.9,13.53,2.32,5,4,0
P00598,2026-01-30,26,349.0,13.42,0.97,7,4,0
P00598,2026-03-02,26,367.3,14.13,5.74,5,4,2
P00598,2026-04-01,25,342.6,13.7,1.11,1,4,1
P00598,2026-05-02,29,407.5,14.05,0.64,8,4,1
P00598,2026-06-01,29,375.1,12.93,1.74,3,4,1
P00598,2026-07-02,30,408.0,13.6,2.04,5,4,1
P00598,2026-08-01,29,382.4,13.19,2.34,4,4,0
P00599,2024-08-31,28,382.2,13.65,1.42,6,4,0
P00599,2024-09-30,30,419.0,13.97,4.7,9,4,2
P00599,2024-10-31,27,369.3,13.68,2.28,13,4,0
P00599,2024-11-30,28,379.0,13.53,2.74,5,4,0
P00599,2024-12-31,29,392.4,13.53,1.4,10,4,1
P00599,2025-01-30,28,363.4,12.98,2.99,9,4,0
P00599,2025-03-02,28,368.1,13.15,1.17,5,4,0
P00599,2025-04-01,30,415.1,13.84,3.68,6,4,2
P00599,2025-05-01,29,382.6,13.19,1.18,2,4,1
P00599,2025-06-01,31,404.3,13.04,1.59,8,4,1
P00599,2025-07-01,27,357.2,13.23,3.29,6,4,1
P00599,2025-08-01,29,399.7,13.78,2.99,5,4,1
P00599,2025-08-31,27,367.2,13.6,1.63,11,4,2
P00599,2025-10-01,27,350.7,12.99,1.65,6,4,2
P00599,2025-10-31,29,371.6,12.81,2.69,4,4,0
P00599,2025-12-01,27,346.8,12.84,3.29,3,4,1
P00599,2025-12-31,29,381.1,13.14,5.49,4,4,2
P00599,2026-01-30,27,352.6,13.06,2.75,7,4,0
P00599,2026-03-02,29,393.7,13.58,1.63,2,4,0
P00599,2026-04-01,28,383.9,13.71,3.51,7,4,0
P00599,2026-05-02,31,414.7,13.38,4.51,3,4,1
P00599,2026-06-01,31,411.6,13.28,0.2,5,4,0
P00599,2026-07-02,30,414.3,13.81,0.87,4,4,0
P00599,2026-08-01,28,383.7,13.7,3.35,7,4,1
P00600,2024-08-31,24,187.3,7.81,0.25,1,4,2
P00600,2024-09-30,28,194.1,6.93,0.3,3,4,1
P00600,2024-10-31,29,198.4,6.84,0.52,3,4,2
P00600,2024-11-30,29,187.0,6.45,0.59,4,4,2
P00600,2024-12-31,25,188.8,7.55,6.0,12,4,4
P00600,2025-01-30,29,228.6,7.88,1.15,2,4,1
P00600,2025-03-02,25,179.2,7.17,1.24,2,4,2
P00600,2025-04-01,28,196.6,7.02,4.43,4,4,1
P00600,2025-05-01,28,201.0,7.18,0.38,4,4,3
P00600,2025-06-01,30,237.3,7.91,6.0,6,4,4
P00600,2025-07-01,30,212.8,7.09,0.57,12,4,3
P00600,2025-08-01,26,200.0,7.69,2.18,1,4,2
P00600,2025-08-31,28,214.1,7.65,2.86,7,4,2
P00600,2025-10-01,26,184.2,7.08,0.29,2,4,2
P00600,2025-10-31,26,186.1,7.16,0.21,2,4,2
P00600,2025-12-01,27,185.8,6.88,4.09,4,4,4
P00600,2025-12-31,28,220.8,7.89,1.03,4,4,2
P00600,2026-01-30,27,212.3,7.86,3.58,4,4,3
P00600,2026-03-02,28,208.5,7.45,1.18,0,4,3
P00600,2026-04-01,28,201.7,7.2,2.6,3,4,2
P00600,2026-05-02,27,191.5,7.09,1.84,7,4,2
P00600,2026-06-01,26,211.0,8.12,0.5,2,4,1
P00600,2026-07-02,29,224.3,7.73,0.75,6,4,3
P00600,2026-08-01,27,212.4,7.87,0.48,4,4,3
P00601,2024-08-31,27,206.3,7.64,2.17,7,4,1
P00601,2024-09-30,28,228.1,8.15,4.76,7,4,1
P00601,2024-10-31,27,220.7,8.17,0.82,5,4,3
P00601,2024-11-30,31,236.1,7.62,0.91,4,4,1
P00601,2024-12-31,29,221.6,7.64,1.56,5,4,2
P00601,2025-01-30,29,234.3,8.08,1.52,3,4,2
P00601,2025-03-02,31,253.5,8.18,2.73,4,4,1
P00601,2025-04-01,27,228.1,8.45,1.83,1,4,4
P00601,2025-05-01,27,206.5,7.65,3.27,4,4,2
P00601,2025-06-01,30,251.1,8.37,0.58,9,4,3
P00601,2025-07-01,26,208.1,8.0,3.19,5,4,3
P00601,2025-08-01,27,211.3,7.83,0.65,6,4,2
P00601,2025-08-31,27,221.7,8.21,0.47,6,4,4
P00601,2025-10-01,25,217.8,8.71,1.92,10,4,3
P00601,2025-10-31,29,234.6,8.09,0.2,3,4,0
P00601,2025-12-01,26,217.6,8.37,0.92,3,4,0
P00601,2025-12-31,27,217.5,8.06,1.81,4,4,2
P00601,2026-01-30,29,247.9,8.55,2.51,4,4,2
P00601,2026-03-02,25,211.7,8.47,0.2,4,4,2
P00601,2026-04-01,29,243.9,8.41,0.82,4,4,3
P00601,2026-05-02,29,259.5,8.95,0.5,3,4,4
P00601,2026-06-01,27,220.0,8.15,0.88,3,4,3
P00601,2026-07-02,29,273.3,9.42,0.59,9,4,2
P00601,2026-08-01,26,249.0,9.58,1.78,3,4,1
P00602,2024-08-31,26,350.8,13.49,0.78,6,4,0
P00602,2024-09-30,28,373.4,13.34,0.24,3,4,0
P00602,2024-10-31,29,421.9,14.55,2.02,3,4,0
P00602,2024-11-30,31,438.9,14.16,1.18,1,4,1
P00602,2024-12-31,26,362.3,13.94,0.5,2,4,0
P00602,2025-01-30,30,397.2,13.24,0.87,5,4,0
P00602,2025-03-02,30,430.8,14.36,1.08,4,4,2
P00602,2025-04-01,26,372.1,14.31,0.46,2,4,0
P00602,2025-05-01,27,387.6,14.36,0.2,7,4,2
P00602,2025-06-01,26,358.9,13.8,1.14,5,4,0
P00602,2025-07-01,28,402.2,14.36,0.93,4,4,0
P00602,2025-08-01,30,422.9,14.1,0.3,1,4,0
P00602,2025-08-31,29,423.8,14.61,0.78,1,4,2
P00602,2025-10-01,27,385.3,14.27,0.56,5,4,1
P00602,2025-10-31,27,365.9,13.55,0.42,3,4,1
P00602,2025-12-01,25,355.4,14.21,1.61,8,4,1
P00602,2025-12-31,31,443.5,14.31,0.81,7,4,0
P00602,2026-01-30,28,396.0,14.14,0.83,5,4,0
P00602,2026-03-02,25,338.6,13.54,1.2,6,4,2
P00602,2026-04-01,30,408.5,13.62,1.14,5,4,1
P00602,2026-05-02,27,366.9,13.59,1.95,3,4,1
P00602,2026-06-01,27,370.7,13.73,0.51,1,4,1
P00602,2026-07-02,29,385.0,13.27,0.67,2,4,1
P00602,2026-08-01,29,395.4,13.64,0.76,3,4,1
P00603,2024-08-31,31,224.7,7.25,3.33,5,4,1
P00603,2024-09-30,27,205.6,7.61,1.96,9,4,1
P00603,2024-10-31,30,245.4,8.18,1.66,8,4,3
P00603,2024-11-30,30,257.2,8.57,0.99,10,4,2
P00603,2024-12-31,31,240.5,7.76,6.0,5,4,3
P00603,2025-01-30,26,202.4,7.78,0.36,6,4,2
P00603,2025-03-02,28,223.0,7.97,1.48,4,4,3
P00603,2025-04-01,29,247.8,8.54,1.9,3,4,2
P00603,2025-05-01,27,208.6,7.73,1.26,6,4,4
P00603,2025-06-01,24,196.3,8.18,1.04,4,4,2
P00603,2025-07-01,25,192.4,7.69,3.17,7,4,3
P00603,2025-08-01,29,232.5,8.02,4.12,2,4,4
P00603,2025-08-31,30,228.5,7.62,3.0,3,4,3
P00603,2025-10-01,28,198.1,7.07,0.49,2,4,1
P00603,2025-10-31,29,204.1,7.04,1.72,6,4,2
P00603,2025-12-01,29,208.1,7.18,1.86,5,4,1
P00603,2025-12-31,25,180.0,7.2,4.32,9,4,2
P00603,2026-01-30,27,196.5,7.28,1.19,6,4,4
P00603,2026-03-02,28,206.7,7.38,3.72,3,4,2
P00603,2026-04-01,27,215.7,7.99,2.06,4,4,3
P00603,2026-05-02,26,209.2,8.05,2.56,4,4,3
P00603,2026-06-01,28,237.8,8.49,0.34,2,4,4
P00603,2026-07-02,26,215.4,8.28,5.02,5,4,2
P00603,2026-08-01,28,235.8,8.42,5.2,5,4,4
P00604,2024-08-31,29,380.6,13.13,4.91,6,4,1
P00604,2024-09-30,27,370.9,13.74,6.0,11,4,1
P00604,2024-10-31,28,411.1,14.68,0.99,11,4,1
P00604,2024-11-30,26,361.0,13.88,1.92,3,4,0
P00604,2024-12-31,27,383.0,14.19,2.17,3,4,2
P00604,2025-01-30,28,409.7,14.63,3.97,4,4,0
P00604,2025-03-02,28,407.1,14.54,2.48,4,4,0
P00604,2025-04-01,26,359.2,13.81,2.13,5,4,1
P00604,2025-05-01,29,403.3,13.91,3.06,5,4,0
P00604,2025-06-01,28,409.2,14.61,2.45,3,4,0
P00604,2025-07-01,27,385.2,14.27,0.25,8,4,1
P00604,2025-08-01,29,420.9,14.51,4.49,9,4,0
P00604,2025-08-31,29,454.1,15.66,0.6,3,4,1
P00604,2025-10-01,29,448.8,15.47,4.07,8,4,0
P00604,2025-10-31,28,421.6,15.06,2.77,6,4,2
P00604,2025-12-01,28,388.8,13.88,3.11,4,4,1
P00604,2025-12-31,27,390.7,14.47,1.89,5,4,1
P00604,2026-01-30,29,428.3,14.77,1.97,7,4,0
P00604,2026-03-02,31,455.1,14.68,1.34,2,4,2
P00604,2026-04-01,31,438.8,14.15,0.61,4,4,1
P00604,2026-05-02,29,433.6,14.95,0.39,5,4,1
P00604,2026-06-01,26,398.2,15.32,2.79,9,4,1
P00604,2026-07-02,29,450.0,15.52,1.01,9,4,0
P00604,2026-08-01,27,422.4,15.64,0.93,5,4,2
P00605,2024-08-31,27,250.9,9.29,2.48,3,4,2
P00605,2024-09-30,26,241.9,9.3,1.58,8,4,4
P00605,2024-10-31,28,243.2,8.68,0.8,6,4,2
P00605,2024-11-30,31,288.7,9.31,1.66,5,4,1
P00605,2024-12-31,27,254.0,9.41,5.74,11,4,2
P00605,2025-01-30,28,252.4,9.01,1.13,2,4,2
P00605,2025-03-02,29,269.0,9.27,2.76,5,4,3
P00605,2025-04-01,30,283.6,9.45,1.81,7,4,1
P00605,2025-05-01,29,256.0,8.83,4.67,7,4,4
P00605,2025-06-01,30,255.7,8.52,5.06,5,4,3
P00605,2025-07-01,30,258.7,8.62,1.15,3,4,3
P00605,2025-08-01,29,257.6,8.88,2.4,9,4,3
P00605,2025-08-31,30,281.1,9.37,1.23,3,4,1
P00605,2025-10-01,31,251.0,8.1,6.0,6,4,1
P00605,2025-10-31,29,252.7,8.71,2.96,6,4,3
P00605,2025-12-01,28,252.4,9.01,2.86,4,4,3
P00605,2025-12-31,30,249.3,8.31,2.34,7,4,2
P00605,2026-01-30,31,227.4,7.34,0.33,6,4,2
P00605,2026-03-02,31,228.6,7.37,1.07,6,4,2
P00605,2026-04-01,28,198.3,7.08,2.06,3,4,1
P00605,2026-05-02,29,220.4,7.6,5.76,3,4,2
P00605,2026-06-01,30,222.9,7.43,3.24,7,4,1
P00605,2026-07-02,27,201.5,7.46,3.17,7,4,3
P00605,2026-08-01,27,195.3,7.23,3.32,9,4,2
P00606,2024-08-31,29,384.2,13.25,2.0,9,4,2
P00606,2024-09-30,27,343.9,12.74,3.38,3,4,3
P00606,2024-10-31,28,340.4,12.16,1.77,4,4,0
P00606,2024-11-30,27,343.7,12.73,0.89,1,4,0
P00606,2024-12-31,26,349.0,13.42,6.0,5,4,0
P00606,2025-01-30,27,335.6,12.43,0.68,5,4,0
P00606,2025-03-02,29,376.5,12.98,2.02,6,4,1
P00606,2025-04-01,27,345.2,12.79,1.89,8,4,1
P00606,2025-05-01,30,409.2,13.64,0.35,2,4,2
P00606,2025-06-01,26,324.8,12.49,0.78,4,4,1
P00606,2025-07-01,27,333.2,12.34,0.24,4,4,2
P00606,2025-08-01,29,404.8,13.96,2.18,1,4,0
P00606,2025-08-31,27,352.6,13.06,1.74,6,4,1
P00606,2025-10-01,26,356.9,13.73,0.67,5,4,1
P00606,2025-10-31,28,375.7,13.42,4.43,3,4,0
P00606,2025-12-01,26,345.7,13.3,2.17,2,4,1
P00606,2025-12-31,27,359.7,13.32,3.2,8,4,2
P00606,2026-01-30,26,333.6,12.83,1.97,3,4,0
P00606,2026-03-02,27,348.7,12.91,2.92,1,4,0
P00606,2026-04-01,27,355.6,13.17,1.24,8,4,0
P00606,2026-05-02,31,393.5,12.69,2.07,5,4,1
P00606,2026-06-01,28,329.4,11.77,2.09,0,4,1
P00606,2026-07-02,24,308.9,12.87,1.09,4,4,0
P00606,2026-08-01,29,371.7,12.82,2.64,3,4,2
P00607,2024-08-31,31,400.2,12.91,3.98,8,4,1
P00607,2024-09-30,30,397.6,13.25,1.5,9,4,0
P00607,2024-10-31,31,404.8,13.06,4.4,7,4,0
P00607,2024-11-30,30,412.9,13.76,1.01,5,4,2
P00607,2024-12-31,27,354.7,13.14,1.19,7,4,1
P00607,2025-01-30,29,382.4,13.19,1.49,7,4,1
P00607,2025-03-02,29,393.6,13.57,0.9,4,4,0
P00607,2025-04-01,27,362.7,13.43,0.2,8,4,0
P00607,2025-05-01,28,389.7,13.92,1.54,3,4,0
P00607,2025-06-01,28,369.2,13.19,1.56,6,4,2
P00607,2025-07-01,30,388.4,12.95,0.92,6,4,0
P00607,2025-08-01,28,349.4,12.48,0.92,6,4,0
P00607,2025-08-31,29,384.6,13.26,4.77,3,4,1
P00607,2025-10-01,29,383.8,13.24,1.89,7,4,1
P00607,2025-10-31,28,360.5,12.87,6.0,6,4,0
P00607,2025-12-01,30,412.0,13.73,2.01,10,4,2
P00607,2025-12-31,28,389.3,13.9,1.26,7,4,1
P00607,2026-01-30,29,402.6,13.88,1.14,7,4,1
P00607,2026-03-02,29,389.4,13.43,0.26,1,4,1
P00607,2026-04-01,30,400.9,13.36,4.45,8,4,3
P00607,2026-05-02,28,383.7,13.7,6.0,3,4,0
P00607,2026-06-01,31,409.6,13.21,6.0,5,4,0
P00607,2026-07-02,30,381.8,12.73,0.33,3,4,0
P00607,2026-08-01,30,404.2,13.47,3.33,4,4,0
P00608,2024-08-31,27,336.5,12.46,0.47,3,4,1
P00608,2024-09-30,29,368.1,12.69,1.19,7,4,1
P00608,2024-10-31,26,333.8,12.84,2.94,9,4,1
P00608,2024-11-30,28,337.9,12.07,4.06,2,4,0
P00608,2024-12-31,31,379.9,12.25,0.2,7,4,0
P00608,2025-01-30,29,358.2,12.35,1.92,9,4,0
P00608,2025-03-02,26,328.3,12.63,2.99,3,4,1
P00608,2025-04-01,26,336.2,12.93,3.63,7,4,0
P00608,2025-05-01,29,382.9,13.2,4.38,5,4,1
P00608,2025-06-01,28,375.0,13.39,1.14,1,4,2
P00608,2025-07-01,28,381.5,13.62,1.42,5,4,0
P00608,2025-08-01,27,343.6,12.73,0.99,1,4,0
P00608,2025-08-31,27,356.1,13.19,1.28,3,4,1
P00608,2025-10-01,27,346.1,12.82,2.97,1,4,0
P00608,2025-10-31,30,397.5,13.25,1.69,8,4,2
P00608,2025-12-01,27,372.0,13.78,0.2,4,4,2
P00608,2025-12-31,26,350.4,13.48,1.08,2,4,0
P00608,2026-01-30,27,379.5,14.06,0.89,3,4,0
P00608,2026-03-02,27,396.2,14.68,5.74,3,4,1
P00608,2026-04-01,28,397.0,14.18,1.78,5,4,1
P00608,2026-05-02,28,406.4,14.52,1.98,4,4,0
P00608,2026-06-01,26,377.1,14.5,2.42,3,4,1
P00608,2026-07-02,26,362.1,13.93,0.94,3,4,1
P00608,2026-08-01,25,364.0,14.56,1.2,2,4,1
P00609,2024-08-31,27,362.5,13.43,0.85,2,4,1
P00609,2024-09-30,28,344.5,12.31,1.01,4,4,1
P00609,2024-10-31,24,312.2,13.01,2.19,2,4,0
P00609,2024-11-30,26,331.2,12.74,2.47,2,4,1
P00609,2024-12-31,30,410.6,13.69,1.52,5,4,1
P00609,2025-01-30,28,386.1,13.79,0.2,4,4,0
P00609,2025-03-02,27,366.8,13.59,3.05,0,4,1
P00609,2025-04-01,31,419.5,13.53,1.29,6,4,2
P00609,2025-05-01,26,325.3,12.51,1.07,4,4,0
P00609,2025-06-01,27,365.7,13.54,1.17,4,4,0
P00609,2025-07-01,29,381.9,13.17,2.42,6,4,1
P00609,2025-08-01,28,361.6,12.92,0.49,4,4,0
P00609,2025-08-31,25,322.5,12.9,1.87,3,4,0
P00609,2025-10-01,27,319.6,11.84,0.2,9,4,1
P00609,2025-10-31,25,314.9,12.6,1.6,8,4,1
P00609,2025-12-01,26,325.9,12.53,2.82,0,4,0
P00609,2025-12-31,25,304.3,12.17,1.23,2,4,1
P00609,2026-01-30,30,403.5,13.45,1.53,7,4,0
P00609,2026-03-02,25,316.8,12.67,1.47,7,4,0
P00609,2026-04-01,27,336.3,12.46,0.75,3,4,0
P00609,2026-05-02,26,336.8,12.95,2.6,7,4,0
P00609,2026-06-01,30,397.5,13.25,2.54,4,4,1
P00609,2026-07-02,26,341.0,13.11,2.08,2,4,0
P00609,2026-08-01,25,321.0,12.84,0.39,5,4,0
P00610,2024-08-31,30,222.4,7.41,3.4,6,4,1
P00610,2024-09-30,27,202.1,7.48,1.72,3,4,3
P00610,2024-10-31,28,219.5,7.84,1.64,2,4,1
P00610,2024-11-30,25,195.4,7.81,0.44,5,4,2
P00610,2024-12-31,27,209.5,7.76,2.64,4,4,0
P00610,2025-01-30,27,203.1,7.52,5.56,3,4,2
P00610,2025-03-02,28,190.8,6.82,1.04,10,4,4
P00610,2025-04-01,27,178.5,6.61,0.84,3,4,2
P00610,2025-05-01,26,184.4,7.09,0.85,5,4,3
P00610,2025-06-01,28,210.5,7.52,2.01,3,4,3
P00610,2025-07-01,28,192.1,6.86,0.65,4,4,1
P00610,2025-08-01,27,174.4,6.46,0.48,5,4,1
P00610,2025-08-31,26,174.8,6.72,0.32,4,4,1
P00610,2025-10-01,30,214.6,7.15,0.61,3,4,3
P00610,2025-10-31,30,196.2,6.54,5.0,5,4,2
P00610,2025-12-01,29,194.9,6.72,2.3,3,4,2
P00610,2025-12-31,27,165.4,6.13,0.32,2,4,3
P00610,2026-01-30,27,175.4,6.5,0.83,5,4,3
P00610,2026-03-02,28,165.9,5.93,2.81,1,4,3
P00610,2026-04-01,27,179.1,6.63,0.25,5,4,2
P00610,2026-05-02,25,163.1,6.52,0.94,5,4,1
P00610,2026-06-01,28,154.4,5.51,0.22,5,4,3
P00610,2026-07-02,26,152.6,5.87,0.72,4,4,3
P00610,2026-08-01,28,165.6,5.91,1.78,10,4,2
P00611,2024-08-31,30,412.2,13.74,1.82,8,4,1
P00611,2024-09-30,28,373.8,13.35,3.06,5,4,1
P00611,2024-10-31,29,414.1,14.28,2.03,6,4,1
P00611,2024-11-30,28,376.2,13.44,1.03,11,4,0
P00611,2024-12-31,29,417.5,14.4,0.4,3,4,0
P00611,2025-01-30,29,395.3,13.63,2.91,3,4,1
P00611,2025-03-02,31,401.0,12.94,1.87,3,4,0
P00611,2025-04-01,29,391.8,13.51,3.43,8,4,0
P00611,2025-05-01,28,377.8,13.49,0.81,5,4,2
P00611,2025-06-01,29,404.1,13.93,2.26,6,4,2
P00611,2025-07-01,28,400.9,14.32,0.44,7,4,1
P00611,2025-08-01,29,389.5,13.43,0.96,7,4,2
P00611,2025-08-31,31,425.1,13.71,2.88,9,4,1
P00611,2025-10-01,31,415.6,13.41,0.86,6,4,1
P00611,2025-10-31,30,406.1,13.54,2.96,5,4,0
P00611,2025-12-01,28,393.5,14.05,1.09,8,4,2
P00611,2025-12-31,29,385.3,13.29,4.59,7,4,0
P00611,2026-01-30,29,408.4,14.08,2.8,5,4,1
P00611,2026-03-02,30,418.1,13.94,3.38,10,4,1
P00611,2026-04-01,28,389.8,13.92,2.85,5,4,1
P00611,2026-05-02,31,436.0,14.06,4.86,5,4,2
P00611,2026-06-01,28,389.3,13.9,2.42,9,4,2
P00611,2026-07-02,29,409.5,14.12,4.48,10,4,2
P00611,2026-08-01,30,415.1,13.84,4.36,6,4,1
P00612,2024-08-31,30,390.1,13.0,1.48,6,4,1
P00612,2024-09-30,28,354.7,12.67,1.67,9,4,0
P00612,2024-10-31,29,364.0,12.55,3.24,4,4,1
P00612,2024-11-30,28,365.9,13.07,2.39,4,4,0
P00612,2024-12-31,30,355.8,11.86,5.42,7,4,0
P00612,2025-01-30,28,370.8,13.24,0.96,10,4,1
P00612,2025-03-02,24,316.6,13.19,2.44,5,4,1
P00612,2025-04-01,29,387.9,13.38,0.35,8,4,0
P00612,2025-05-01,30,400.7,13.36,0.95,8,4,0
P00612,2025-06-01,29,371.7,12.82,4.25,3,4,1
P00612,2025-07-01,28,376.7,13.45,4.17,9,4,0
P00612,2025-08-01,28,379.7,13.56,1.2,6,4,0
P00612,2025-08-31,30,419.2,13.97,2.38,3,4,2
P00612,2025-10-01,30,412.7,13.76,1.67,7,4,1
P00612,2025-10-31,27,364.6,13.5,3.83,3,4,2
P00612,2025-12-01,27,365.5,13.54,2.0,5,4,0
P00612,2025-12-31,29,391.6,13.5,0.71,4,4,0
P00612,2026-01-30,28,390.7,13.95,0.26,8,4,2
P00612,2026-03-02,28,399.5,14.27,0.2,5,4,2
P00612,2026-04-01,30,413.6,13.79,0.96,5,4,1
P00612,2026-05-02,26,342.5,13.17,3.17,6,4,0
P00612,2026-06-01,28,396.0,14.14,3.13,6,4,0
P00612,2026-07-02,30,420.5,14.02,2.99,10,4,2
P00612,2026-08-01,28,363.1,12.97,4.11,8,4,2
P00613,2024-08-31,28,199.3,7.12,1.19,5,4,0
P00613,2024-09-30,25,186.5,7.46,1.79,4,4,2
P00613,2024-10-31,26,191.5,7.37,3.15,5,4,2
P00613,2024-11-30,28,224.9,8.03,0.2,3,4,2
P00613,2024-12-31,26,200.2,7.7,0.86,3,4,2
P00613,2025-01-30,26,189.5,7.29,0.6,5,4,2
P00613,2025-03-02,28,219.7,7.85,0.38,0,4,3
P00613,2025-04-01,31,268.2,8.65,1.05,9,4,3
P00613,2025-05-01,28,222.5,7.95,2.17,2,4,4
P00613,2025-06-01,26,202.3,7.78,3.13,5,4,2
P00613,2025-07-01,27,217.8,8.07,2.07,6,4,3
P00613,2025-08-01,27,196.9,7.29,3.62,2,4,2
P00613,2025-08-31,28,219.3,7.83,2.86,3,4,2
P00613,2025-10-01,26,214.3,8.24,1.62,3,4,4
P00613,2025-10-31,27,209.9,7.77,2.4,3,4,2
P00613,2025-12-01,29,247.1,8.52,1.85,6,4,2
P00613,2025-12-31,28,225.2,8.04,1.01,4,4,2
P00613,2026-01-30,27,204.7,7.58,0.63,1,4,3
P00613,2026-03-02,26,202.3,7.78,0.79,3,4,2
P00613,2026-04-01,29,250.0,8.62,1.73,4,4,2
P00613,2026-05-02,26,214.8,8.26,2.09,4,4,2
P00613,2026-06-01,28,230.1,8.22,0.92,3,4,2
P00613,2026-07-02,27,189.8,7.03,0.96,0,4,4
P00613,2026-08-01,27,212.2,7.86,2.08,8,4,3
P00614,2024-08-31,29,392.2,13.52,0.5,5,4,0
P00614,2024-09-30,30,409.1,13.64,2.07,5,4,0
P00614,2024-10-31,27,364.0,13.48,0.91,5,4,0
P00614,2024-11-30,28,385.1,13.75,1.06,6,4,1
P00614,2024-12-31,27,353.5,13.09,1.48,10,4,1
P00614,2025-01-30,27,364.0,13.48,2.14,5,4,2
P00614,2025-03-02,31,429.4,13.85,3.48,6,4,2
P00614,2025-04-01,28,368.6,13.16,2.18,12,4,1
P00614,2025-05-01,28,392.7,14.03,2.14,3,4,0
P00614,2025-06-01,30,411.7,13.72,4.13,12,4,0
P00614,2025-07-01,30,414.1,13.8,3.46,7,4,1
P00614,2025-08-01,29,397.5,13.71,3.86,5,4,1
P00614,2025-08-31,29,410.1,14.14,4.46,11,4,2
P00614,2025-10-01,26,358.0,13.77,1.03,6,4,1
P00614,2025-10-31,29,391.0,13.48,0.47,5,4,1
P00614,2025-12-01,27,377.6,13.99,1.35,8,4,1
P00614,2025-12-31,28,392.7,14.03,2.88,8,4,2
P00614,2026-01-30,31,433.7,13.99,1.27,8,4,0
P00614,2026-03-02,31,410.0,13.22,2.14,4,4,1
P00614,2026-04-01,29,407.4,14.05,1.45,8,4,1
P00614,2026-05-02,31,430.5,13.89,3.15,2,4,2
P00614,2026-06-01,28,381.1,13.61,4.43,3,4,1
P00614,2026-07-02,27,363.2,13.45,6.0,6,4,1
P00614,2026-08-01,29,400.7,13.82,3.34,9,4,0
P00615,2024-08-31,25,330.0,13.2,2.0,5,4,1
P00615,2024-09-30,27,348.2,12.9,0.94,9,4,1
P00615,2024-10-31,29,396.5,13.67,1.9,5,4,1
P00615,2024-11-30,30,389.9,13.0,0.63,5,4,0
P00615,2024-12-31,27,336.2,12.45,1.42,7,4,1
P00615,2025-01-30,30,375.7,12.52,0.52,3,4,0
P00615,2025-03-02,28,375.0,13.39,1.12,2,4,1
P00615,2025-04-01,29,383.8,13.24,2.19,7,4,2
P00615,2025-05-01,25,342.8,13.71,6.0,3,4,0
P00615,2025-06-01,26,311.8,11.99,0.56,6,4,1
P00615,2025-07-01,28,370.4,13.23,4.95,3,4,1
P00615,2025-08-01,29,377.3,13.01,5.22,8,4,0
P00615,2025-08-31,26,340.7,13.1,2.24,5,4,1
P00615,2025-10-01,29,378.1,13.04,3.77,6,4,2
P00615,2025-10-31,29,367.4,12.67,1.64,7,4,0
P00615,2025-12-01,28,370.3,13.23,2.05,5,4,0
P00615,2025-12-31,31,380.2,12.26,2.9,6,4,1
P00615,2026-01-30,27,340.5,12.61,2.21,2,4,0
P00615,2026-03-02,28,346.4,12.37,2.25,7,4,1
P00615,2026-04-01,29,373.2,12.87,4.92,5,4,1
P00615,2026-05-02,29,347.5,11.98,3.69,6,4,0
P00615,2026-06-01,29,329.8,11.37,1.7,3,4,1
P00615,2026-07-02,28,327.8,11.71,1.71,10,4,1
P00615,2026-08-01,27,339.2,12.56,2.71,8,4,2
P00616,2024-08-31,28,369.4,13.19,4.22,4,4,0
P00616,2024-09-30,28,371.8,13.28,0.35,8,4,1
P00616,2024-10-31,25,322.5,12.9,3.74,6,4,0
P00616,2024-11-30,30,389.4,12.98,2.88,5,4,1
P00616,2024-12-31,28,347.1,12.4,1.44,5,4,1
P00616,2025-01-30,30,380.0,12.67,3.17,3,4,1
P00616,2025-03-02,28,368.2,13.15,1.93,7,4,1
P00616,2025-04-01,30,370.7,12.36,3.16,8,4,1
P00616,2025-05-01,30,386.3,12.88,1.99,9,4,1
P00616,2025-06-01,25,322.9,12.92,5.75,7,4,0
P00616,2025-07-01,30,386.0,12.87,5.21,5,4,1
P00616,2025-08-01,28,346.8,12.39,5.27,6,4,2
P00616,2025-08-31,30,384.8,12.83,6.0,11,4,0
P00616,2025-10-01,25,331.4,13.25,1.67,10,4,1
P00616,2025-10-31,28,344.9,12.32,2.43,7,4,2
P00616,2025-12-01,28,372.0,13.29,1.53,10,4,3
P00616,2025-12-31,27,339.6,12.58,2.5,6,4,1
P00616,2026-01-30,30,399.2,13.31,1.96,5,4,0
P00616,2026-03-02,29,373.5,12.88,0.56,10,4,1
P00616,2026-04-01,27,367.3,13.6,1.75,4,4,0
P00616,2026-05-02,26,351.4,13.52,4.07,3,4,0
P00616,2026-06-01,31,415.6,13.41,6.0,8,4,1
P00616,2026-07-02,26,354.8,13.64,1.81,5,4,0
P00616,2026-08-01,31,398.5,12.85,5.34,5,4,0
P00617,2024-08-31,25,316.4,12.66,1.51,2,4,0
P00617,2024-09-30,27,335.2,12.41,3.02,7,4,2
P00617,2024-10-31,28,369.2,13.19,0.97,3,4,0
P00617,2024-11-30,29,366.7,12.65,2.85,2,4,0
P00617,2024-12-31,28,346.0,12.36,0.94,3,4,0
P00617,2025-01-30,26,334.1,12.85,0.71,5,4,1
P00617,2025-03-02,27,329.9,12.22,1.28,7,4,2
P00617,2025-04-01,30,395.3,13.18,2.6,4,4,1
P00617,2025-05-01,26,334.7,12.87,1.28,3,4,0
P00617,2025-06-01,30,382.8,12.76,5.22,1,4,0
P00617,2025-07-01,28,349.9,12.5,2.26,3,4,0
P00617,2025-08-01,28,357.0,12.75,2.23,3,4,0
P00617,2025-08-31,29,381.1,13.14,2.69,2,4,0
P00617,2025-10-01,30,405.6,13.52,0.5,3,4,2
P00617,2025-10-31,27,363.6,13.47,0.57,6,4,0
P00617,2025-12-01,28,366.5,13.09,1.03,3,4,1
P00617,2025-12-31,28,372.7,13.31,1.42,9,4,3
P00617,2026-01-30,28,389.7,13.92,2.57,6,4,0
P00617,2026-03-02,27,355.2,13.16,1.87,4,4,0
P00617,2026-04-01,27,387.2,14.34,1.24,3,4,0
P00617,2026-05-02,30,402.2,13.41,2.54,3,4,0
P00617,2026-06-01,29,383.8,13.23,1.59,4,4,2
P00617,2026-07-02,26,357.8,13.76,0.84,2,4,1
P00617,2026-08-01,29,429.0,14.79,2.01,2,4,1
P00618,2024-08-31,30,416.7,13.89,2.0,9,4,2
P00618,2024-09-30,27,376.6,13.95,1.57,4,4,0
P00618,2024-10-31,29,400.2,13.8,0.73,8,4,2
P00618,2024-11-30,30,386.7,12.89,3.07,6,4,1
P00618,2024-12-31,27,356.2,13.19,3.63,5,4,2
P00618,2025-01-30,30,398.0,13.27,1.87,4,4,2
P00618,2025-03-02,29,372.1,12.83,4.24,4,4,2
P00618,2025-04-01,29,376.0,12.97,5.62,6,4,0
P00618,2025-05-01,31,406.0,13.1,3.27,6,4,0
P00618,2025-06-01,28,385.0,13.75,1.07,6,4,1
P00618,2025-07-01,26,352.8,13.57,1.42,11,4,1
P00618,2025-08-01,29,360.5,12.43,2.95,4,4,1
P00618,2025-08-31,27,357.1,13.23,0.61,7,4,2
P00618,2025-10-01,28,382.0,13.64,1.38,4,4,0
P00618,2025-10-31,28,356.4,12.73,0.2,4,4,0
P00618,2025-12-01,28,349.3,12.48,3.16,8,4,1
P00618,2025-12-31,27,369.6,13.69,1.61,6,4,1
P00618,2026-01-30,30,403.1,13.44,0.81,5,4,1
P00618,2026-03-02,31,399.8,12.9,1.02,3,4,0
P00618,2026-04-01,28,373.4,13.33,1.84,4,4,1
P00618,2026-05-02,29,366.7,12.65,0.35,5,4,2
P00618,2026-06-01,29,386.3,13.32,0.75,8,4,0
P00618,2026-07-02,31,414.8,13.38,1.65,6,4,1
P00618,2026-08-01,28,362.8,12.96,1.08,3,4,2
P00619,2024-08-31,26,317.0,12.19,1.11,2,4,0
P00619,2024-09-30,30,369.6,12.32,1.44,3,4,0
P00619,2024-10-31,26,343.4,13.21,1.77,2,4,0
P00619,2024-11-30,29,365.4,12.6,3.12,2,4,1
P00619,2024-12-31,27,351.5,13.02,2.67,4,4,1
P00619,2025-01-30,29,371.7,12.82,0.98,3,4,1
P00619,2025-03-02,28,348.0,12.43,1.63,3,4,0
P00619,2025-04-01,30,385.2,12.84,2.35,4,4,1
P00619,2025-05-01,28,360.7,12.88,0.35,4,4,1
P00619,2025-06-01,25,339.7,13.59,1.52,7,4,0
P00619,2025-07-01,29,380.5,13.12,1.88,5,4,0
P00619,2025-08-01,29,378.3,13.04,1.93,7,4,1
P00619,2025-08-31,31,409.5,13.21,6.0,3,4,0
P00619,2025-10-01,25,311.5,12.46,1.83,5,4,1
P00619,2025-10-31,27,352.2,13.04,0.97,4,4,2
P00619,2025-12-01,23,293.9,12.78,1.75,3,4,1
P00619,2025-12-31,27,330.4,12.24,1.6,5,4,0
P00619,2026-01-30,26,324.9,12.5,1.49,0,4,1
P00619,2026-03-02,29,350.6,12.09,1.54,6,4,0
P00619,2026-04-01,31,394.6,12.73,3.25,3,4,0
P00619,2026-05-02,28,359.8,12.85,3.6,2,4,0
P00619,2026-06-01,27,328.2,12.15,1.01,9,4,1
P00619,2026-07-02,27,348.9,12.92,0.41,7,4,0
P00619,2026-08-01,27,345.4,12.79,6.0,5,4,1
P00620,2024-08-31,30,416.7,13.89,4.49,6,4,1
P00620,2024-09-30,30,411.5,13.72,2.34,7,4,2
P00620,2024-10-31,26,356.2,13.7,6.0,10,4,0
P00620,2024-11-30,31,427.1,13.78,6.0,6,4,1
P00620,2024-12-31,31,458.0,14.78,2.55,5,4,1
P00620,2025-01-30,28,404.7,14.46,2.04,7,4,1
P00620,2025-03-02,27,385.2,14.27,4.25,5,4,2
P00620,2025-04-01,31,436.3,14.07,0.63,11,4,1
P00620,2025-05-01,28,380.7,13.6,2.4,1,4,0
P00620,2025-06-01,30,398.7,13.29,2.54,6,4,0
P00620,2025-07-01,29,377.8,13.03,0.87,6,4,1
P00620,2025-08-01,31,421.6,13.6,6.0,7,4,2
P00620,2025-08-31,29,398.3,13.74,2.82,5,4,1
P00620,2025-10-01,29,404.0,13.93,4.79,4,4,0
P00620,2025-10-31,29,410.2,14.15,2.85,9,4,3
P00620,2025-12-01,30,406.4,13.55,1.52,6,4,0
P00620,2025-12-31,24,339.2,14.13,2.23,4,4,1
P00620,2026-01-30,30,414.6,13.82,0.56,5,4,1
P00620,2026-03-02,31,443.5,14.31,3.95,9,4,0
P00620,2026-04-01,30,392.3,13.08,3.49,4,4,3
P00620,2026-05-02,29,384.7,13.26,5.84,10,4,1
P00620,2026-06-01,28,370.9,13.25,2.37,5,4,3
P00620,2026-07-02,30,422.2,14.07,0.95,9,4,0
P00620,2026-08-01,27,366.9,13.59,1.71,5,4,0
P00621,2024-08-31,29,383.3,13.22,0.44,5,4,2
P00621,2024-09-30,29,389.0,13.41,1.43,6,4,1
P00621,2024-10-31,31,410.5,13.24,3.6,7,4,1
P00621,2024-11-30,29,375.8,12.96,4.63,10,4,1
P00621,2024-12-31,28,350.4,12.51,0.96,7,4,0
P00621,2025-01-30,28,380.7,13.6,6.0,5,4,0
P00621,2025-03-02,30,406.5,13.55,1.66,4,4,2
P00621,2025-04-01,28,366.7,13.1,2.99,6,4,1
P00621,2025-05-01,29,384.4,13.25,0.39,4,4,1
P00621,2025-06-01,26,357.6,13.76,0.34,2,4,3
P00621,2025-07-01,31,416.1,13.42,1.87,6,4,0
P00621,2025-08-01,29,386.5,13.33,4.72,8,4,1
P00621,2025-08-31,26,339.8,13.07,2.56,6,4,1
P00621,2025-10-01,29,384.4,13.26,0.36,5,4,1
P00621,2025-10-31,30,400.4,13.35,2.99,7,4,1
P00621,2025-12-01,30,384.6,12.82,0.2,6,4,2
P00621,2025-12-31,31,389.0,12.55,5.77,4,4,2
P00621,2026-01-30,29,378.0,13.03,2.16,3,4,0
P00621,2026-03-02,28,352.4,12.59,3.1,4,4,2
P00621,2026-04-01,28,367.8,13.14,3.38,12,4,0
P00621,2026-05-02,29,393.3,13.56,2.38,7,4,1
P00621,2026-06-01,28,377.4,13.48,6.0,7,4,1
P00621,2026-07-02,27,347.6,12.88,2.15,7,4,0
P00621,2026-08-01,29,375.3,12.94,4.93,7,4,0
P00622,2024-08-31,27,366.0,13.56,1.73,2,4,0
P00622,2024-09-30,27,344.6,12.76,1.45,4,4,0
P00622,2024-10-31,28,370.0,13.21,0.45,4,4,2
P00622,2024-11-30,28,379.1,13.54,0.2,2,4,0
P00622,2024-12-31,26,364.6,14.02,1.59,3,4,1
P00622,2025-01-30,31,432.8,13.96,2.45,2,4,3
P00622,2025-03-02,25,324.2,12.97,0.84,4,4,0
P00622,2025-04-01,28,359.5,12.84,1.94,0,4,2
P00622,2025-05-01,28,334.8,11.96,2.79,3,4,0
P00622,2025-06-01,27,322.0,11.92,1.88,4,4,1
P00622,2025-07-01,27,323.0,11.96,0.92,4,4,0
P00622,2025-08-01,26,329.6,12.68,3.03,4,4,0
P00622,2025-08-31,26,326.6,12.56,0.8,4,4,2
P00622,2025-10-01,29,369.1,12.73,0.59,5,4,1
P00622,2025-10-31,28,364.1,13.0,0.71,5,4,1
P00622,2025-12-01,25,329.3,13.17,0.46,2,4,1
P00622,2025-12-31,28,348.0,12.43,1.83,0,4,0
P00622,2026-01-30,26,336.8,12.95,0.84,5,4,2
P00622,2026-03-02,25,314.4,12.57,1.64,5,4,0
P00622,2026-04-01,28,353.6,12.63,0.62,3,4,0
P00622,2026-05-02,25,314.7,12.59,1.6,5,4,0
P00622,2026-06-01,28,382.3,13.65,0.86,7,4,2
P00622,2026-07-02,28,346.9,12.39,1.86,4,4,3
P00622,2026-08-01,27,337.0,12.48,1.05,4,4,0
P00623,2024-08-31,27,352.6,13.06,0.71,2,4,0
P00623,2024-09-30,28,376.4,13.44,2.63,1,4,0
P00623,2024-10-31,31,410.3,13.24,2.67,5,4,1
P00623,2024-11-30,29,362.7,12.51,1.44,2,4,0
P00623,2024-12-31,28,364.1,13.01,0.2,4,4,0
P00623,2025-01-30,30,368.1,12.27,1.36,8,4,1
P00623,2025-03-02,27,325.3,12.05,2.03,4,4,0
P00623,2025-04-01,28,346.0,12.36,2.85,4,4,2
P00623,2025-05-01,30,367.5,12.25,1.7,4,4,0
P00623,2025-06-01,31,390.9,12.61,4.72,5,4,1
P00623,2025-07-01,29,383.3,13.22,3.02,4,4,2
P00623,2025-08-01,29,363.6,12.54,0.95,8,4,0
P00623,2025-08-31,27,343.1,12.71,1.01,5,4,0
P00623,2025-10-01,31,393.4,12.69,1.64,2,4,2
P00623,2025-10-31,25,315.6,12.63,2.98,7,4,2
P00623,2025-12-01,27,345.9,12.81,6.0,7,4,0
P00623,2025-12-31,29,367.7,12.68,3.44,4,4,0
P00623,2026-01-30,28,350.9,12.53,1.97,9,4,2
P00623,2026-03-02,27,331.3,12.27,1.74,5,4,1
P00623,2026-04-01,30,376.8,12.56,0.88,8,4,1
P00623,2026-05-02,31,403.3,13.01,0.91,3,4,4
P00623,2026-06-01,27,352.7,13.06,5.1,11,4,0
P00623,2026-07-02,29,368.7,12.71,2.68,4,4,0
P00623,2026-08-01,29,352.2,12.15,1.44,4,4,1
P00624,2024-08-31,27,351.4,13.01,1.8,8,4,2
P00624,2024-09-30,26,328.0,12.61,1.99,4,4,1
P00624,2024-10-31,28,362.9,12.96,1.14,7,4,1
P00624,2024-11-30,31,426.2,13.75,1.77,4,4,0
P00624,2024-12-31,28,359.5,12.84,1.95,4,4,0
P00624,2025-01-30,28,384.7,13.74,3.59,3,4,1
P00624,2025-03-02,30,400.2,13.34,1.63,5,4,0
P00624,2025-04-01,26,325.0,12.5,2.55,5,4,2
P00624,2025-05-01,28,382.9,13.67,3.68,5,4,2
P00624,2025-06-01,27,353.3,13.09,1.57,5,4,1
P00624,2025-07-01,27,392.5,14.54,1.16,6,4,1
P00624,2025-08-01,30,410.5,13.68,1.44,7,4,0
P00624,2025-08-31,30,412.9,13.76,1.81,7,4,0
P00624,2025-10-01,28,404.7,14.45,1.62,7,4,0
P00624,2025-10-31,28,400.5,14.3,1.29,8,4,1
P00624,2025-12-01,29,416.6,14.37,3.28,13,4,1
P00624,2025-12-31,29,404.1,13.93,2.91,6,4,2
P00624,2026-01-30,27,356.3,13.19,1.17,5,4,1
P00624,2026-03-02,28,395.5,14.12,1.02,6,4,1
P00624,2026-04-01,27,374.2,13.86,2.41,4,4,0
P00624,2026-05-02,26,341.5,13.14,2.44,8,4,1
P00624,2026-06-01,29,397.8,13.72,2.1,4,4,2
P00624,2026-07-02,30,431.8,14.39,0.2,3,4,1
P00624,2026-08-01,27,364.7,13.51,2.07,6,4,0
P00625,2024-08-31,31,291.1,9.39,2.22,8,4,2
P00625,2024-09-30,29,295.2,10.18,0.71,3,4,1
P00625,2024-10-31,30,286.0,9.53,2.09,9,4,1
P00625,2024-11-30,29,274.8,9.48,1.34,11,4,2
P00625,2024-12-31,31,300.0,9.68,1.14,7,4,3
P00625,2025-01-30,28,262.1,9.36,1.78,6,4,2
P00625,2025-03-02,31,296.5,9.56,6.0,10,4,3
P00625,2025-04-01,30,264.9,8.83,0.79,9,4,3
P00625,2025-05-01,31,316.4,10.21,1.08,11,4,3
P00625,2025-06-01,30,289.0,9.63,2.35,9,4,3
P00625,2025-07-01,27,250.8,9.29,1.74,7,4,1
P00625,2025-08-01,28,270.4,9.66,2.14,6,4,2
P00625,2025-08-31,29,265.5,9.15,1.64,4,4,4
P00625,2025-10-01,28,268.9,9.6,1.99,6,4,3
P00625,2025-10-31,28,256.5,9.16,0.42,8,4,3
P00625,2025-12-01,28,245.6,8.77,4.34,11,4,0
P00625,2025-12-31,26,232.0,8.92,1.9,6,4,2
P00625,2026-01-30,30,247.4,8.25,5.8,4,4,3
P00625,2026-03-02,30,251.3,8.38,1.33,6,4,2
P00625,2026-04-01,29,227.7,7.85,5.88,9,4,1
P00625,2026-05-02,26,215.5,8.29,1.2,7,4,3
P00625,2026-06-01,27,217.5,8.06,2.82,6,4,2
P00625,2026-07-02,30,262.7,8.76,2.76,3,4,2
P00625,2026-08-01,28,251.1,8.97,3.43,8,4,2
P00626,2024-08-31,29,364.1,12.55,3.31,7,4,1
P00626,2024-09-30,25,321.6,12.86,4.91,8,4,1
P00626,2024-10-31,25,312.1,12.48,0.95,2,4,0
P00626,2024-11-30,28,351.1,12.54,2.41,4,4,2
P00626,2024-12-31,28,355.9,12.71,1.57,6,4,0
P00626,2025-01-30,27,337.0,12.48,1.08,4,4,2
P00626,2025-03-02,28,357.4,12.77,1.59,3,4,2
P00626,2025-04-01,27,343.2,12.71,2.48,3,4,0
P00626,2025-05-01,27,367.9,13.63,2.2,3,4,3
P00626,2025-06-01,26,323.7,12.45,2.37,2,4,0
P00626,2025-07-01,27,341.5,12.65,0.89,2,4,1
P00626,2025-08-01,26,341.4,13.13,1.72,6,4,0
P00626,2025-08-31,25,352.2,14.09,1.47,5,4,2
P00626,2025-10-01,31,397.5,12.82,1.27,3,4,0
P00626,2025-10-31,27,356.9,13.22,2.52,2,4,1
P00626,2025-12-01,27,379.2,14.05,0.26,4,4,0
P00626,2025-12-31,27,370.8,13.73,4.54,3,4,2
P00626,2026-01-30,27,364.8,13.51,1.48,4,4,0
P00626,2026-03-02,29,396.3,13.66,1.85,7,4,1
P00626,2026-04-01,29,411.3,14.18,2.62,4,4,2
P00626,2026-05-02,28,397.8,14.21,0.96,3,4,1
P00626,2026-06-01,30,403.1,13.44,1.68,9,4,1
P00626,2026-07-02,29,402.2,13.87,2.78,4,4,1
P00626,2026-08-01,27,369.1,13.67,1.14,2,4,1
P00627,2024-08-31,29,397.1,13.69,2.36,13,4,0
P00627,2024-09-30,28,377.5,13.48,5.06,12,4,1
P00627,2024-10-31,29,401.2,13.84,0.76,15,4,2
P00627,2024-11-30,27,376.7,13.95,3.17,7,4,1
P00627,2024-12-31,30,401.3,13.38,4.43,7,4,0
P00627,2025-01-30,28,384.9,13.75,6.0,7,4,0
P00627,2025-03-02,30,419.1,13.97,6.0,7,4,2
P00627,2025-04-01,31,428.8,13.83,0.29,9,4,1
P00627,2025-05-01,29,412.6,14.23,1.8,12,4,0
P00627,2025-06-01,29,424.8,14.65,1.45,9,4,2
P00627,2025-07-01,31,463.6,14.95,4.55,12,4,2
P00627,2025-08-01,31,468.0,15.1,3.91,8,4,0
P00627,2025-08-31,27,401.7,14.88,1.59,6,4,0
P00627,2025-10-01,28,396.5,14.16,1.44,7,4,0
P00627,2025-10-31,30,436.4,14.55,3.7,9,4,1
P00627,2025-12-01,30,446.0,14.87,2.08,10,4,0
P00627,2025-12-31,29,436.1,15.04,4.41,9,4,0
P00627,2026-01-30,27,383.8,14.22,4.24,6,4,1
P00627,2026-03-02,29,434.5,14.98,0.41,9,4,0
P00627,2026-04-01,26,401.4,15.44,2.32,8,4,0
P00627,2026-05-02,29,418.4,14.43,5.59,5,4,1
P00627,2026-06-01,28,395.9,14.14,1.51,9,4,1
P00627,2026-07-02,27,350.5,12.98,5.06,10,4,1
P00627,2026-08-01,30,428.8,14.29,1.2,7,4,0
P00628,2024-08-31,29,374.0,12.9,0.67,2,4,2
P00628,2024-09-30,27,348.7,12.91,1.65,11,4,0
P00628,2024-10-31,29,393.9,13.58,1.16,5,4,0
P00628,2024-11-30,28,373.8,13.35,2.09,6,4,2
P00628,2024-12-31,27,359.5,13.31,2.51,3,4,0
P00628,2025-01-30,27,388.4,14.38,1.18,5,4,0
P00628,2025-03-02,31,428.1,13.81,0.75,4,4,0
P00628,2025-04-01,30,411.6,13.72,5.19,2,4,2
P00628,2025-05-01,31,441.7,14.25,2.11,8,4,1
P00628,2025-06-01,29,415.8,14.34,4.09,10,4,1
P00628,2025-07-01,29,390.2,13.46,0.57,4,4,0
P00628,2025-08-01,31,408.7,13.18,6.0,6,4,1
P00628,2025-08-31,28,375.9,13.42,1.58,7,4,2
P00628,2025-10-01,26,340.6,13.1,0.58,7,4,1
P00628,2025-10-31,28,370.9,13.25,1.3,5,4,2
P00628,2025-12-01,27,348.4,12.9,2.72,6,4,1
P00628,2025-12-31,28,375.5,13.41,0.41,2,4,0
P00628,2026-01-30,29,382.7,13.2,2.22,3,4,1
P00628,2026-03-02,25,321.7,12.87,5.04,2,4,1
P00628,2026-04-01,28,363.9,13.0,3.39,2,4,2
P00628,2026-05-02,28,355.1,12.68,0.56,3,4,1
P00628,2026-06-01,28,351.2,12.54,0.89,6,4,2
P00628,2026-07-02,29,369.2,12.73,3.44,6,4,0
P00628,2026-08-01,28,361.7,12.92,1.65,4,4,1
P00629,2024-08-31,30,381.0,12.7,4.01,6,4,1
P00629,2024-09-30,28,374.3,13.37,0.37,6,4,0
P00629,2024-10-31,29,402.3,13.87,1.86,9,4,2
P00629,2024-11-30,29,377.8,13.03,3.01,9,4,1
P00629,2024-12-31,31,410.5,13.24,1.01,8,4,1
P00629,2025-01-30,26,355.5,13.67,0.31,3,4,0
P00629,2025-03-02,28,370.5,13.23,0.91,6,4,0
P00629,2025-04-01,28,370.1,13.22,6.0,7,4,2
P00629,2025-05-01,28,394.2,14.08,2.01,7,4,0
P00629,2025-06-01,28,406.9,14.53,5.32,9,4,0
P00629,2025-07-01,29,407.9,14.06,3.06,7,4,1
P00629,2025-08-01,29,400.1,13.8,3.31,7,4,1
P00629,2025-08-31,29,407.2,14.04,1.57,8,4,1
P00629,2025-10-01,30,399.5,13.32,2.43,8,4,0
P00629,2025-10-31,30,408.8,13.63,0.7,8,4,1
P00629,2025-12-01,28,393.1,14.04,1.37,6,4,0
P00629,2025-12-31,31,415.4,13.4,1.02,8,4,0
P00629,2026-01-30,29,413.9,14.27,2.2,2,4,0
P00629,2026-03-02,29,413.5,14.26,2.96,8,4,0
P00629,2026-04-01,29,427.8,14.75,1.84,16,4,1
P00629,2026-05-02,29,424.0,14.62,0.45,2,4,1
P00629,2026-06-01,30,427.0,14.23,1.58,5,4,1
P00629,2026-07-02,25,355.1,14.2,1.51,7,4,2
P00629,2026-08-01,28,363.6,12.99,1.36,7,4,0
P00630,2024-08-31,29,219.7,7.57,1.72,2,4,3
P00630,2024-09-30,28,216.9,7.75,3.79,7,4,2
P00630,2024-10-31,25,196.9,7.88,1.79,6,4,2
P00630,2024-11-30,27,199.5,7.39,0.64,2,4,2
P00630,2024-12-31,24,183.7,7.66,1.93,2,4,2
P00630,2025-01-30,29,235.9,8.13,3.63,3,4,1
P00630,2025-03-02,26,204.1,7.85,0.66,5,4,3
P00630,2025-04-01,28,224.3,8.01,1.26,4,4,4
P00630,2025-05-01,30,236.2,7.87,1.29,5,4,2
P00630,2025-06-01,24,190.6,7.94,1.2,2,4,2
P00630,2025-07-01,27,200.3,7.42,2.96,1,4,2
P00630,2025-08-01,29,224.0,7.73,1.46,6,4,3
P00630,2025-08-31,31,232.6,7.5,1.24,7,4,4
P00630,2025-10-01,28,195.6,6.99,1.29,3,4,0
P00630,2025-10-31,28,219.1,7.83,0.97,8,4,1
P00630,2025-12-01,28,225.0,8.04,1.96,5,4,1
P00630,2025-12-31,29,233.1,8.04,1.46,8,4,2
P00630,2026-01-30,28,234.4,8.37,2.58,5,4,2
P00630,2026-03-02,27,227.0,8.41,0.63,6,4,2
P00630,2026-04-01,27,227.6,8.43,1.31,3,4,2
P00630,2026-05-02,26,234.3,9.01,1.32,7,4,4
P00630,2026-06-01,27,254.7,9.43,0.85,2,4,2
P00630,2026-07-02,28,240.9,8.6,1.99,9,4,1
P00630,2026-08-01,27,215.2,7.97,3.22,4,4,2
P00631,2024-08-31,30,268.4,8.95,4.42,3,4,3
P00631,2024-09-30,24,205.9,8.58,1.2,7,4,2
P00631,2024-10-31,26,228.5,8.79,0.68,4,4,1
P00631,2024-11-30,29,242.0,8.35,1.54,10,4,2
P00631,2024-12-31,29,239.9,8.27,4.46,11,4,3
P00631,2025-01-30,31,275.5,8.89,3.91,9,4,2
P00631,2025-03-02,31,262.0,8.45,3.28,7,4,3
P00631,2025-04-01,30,245.9,8.2,2.25,12,4,2
P00631,2025-05-01,28,246.7,8.81,1.35,5,4,2
P00631,2025-06-01,30,257.5,8.58,2.17,5,4,3
P00631,2025-07-01,28,217.7,7.78,1.46,5,4,4
P00631,2025-08-01,30,248.5,8.28,2.64,8,4,3
P00631,2025-08-31,29,253.5,8.74,2.4,10,4,1
P00631,2025-10-01,31,265.8,8.57,2.24,3,4,4
P00631,2025-10-31,29,220.3,7.6,0.98,8,4,1
P00631,2025-12-01,29,217.6,7.5,3.04,9,4,3
P00631,2025-12-31,26,205.9,7.92,3.59,9,4,2
P00631,2026-01-30,27,244.8,9.07,1.94,7,4,2
P00631,2026-03-02,28,210.6,7.52,0.23,12,4,2
P00631,2026-04-01,28,236.1,8.43,4.04,4,4,3
P00631,2026-05-02,28,242.8,8.67,1.14,11,4,2
P00631,2026-06-01,29,260.3,8.98,1.98,6,4,0
P00631,2026-07-02,30,254.6,8.49,3.21,4,4,1
P00631,2026-08-01,31,256.1,8.26,5.2,3,4,2
P00632,2024-08-31,28,377.9,13.5,0.98,4,4,1
P00632,2024-09-30,28,348.7,12.45,2.13,4,4,1
P00632,2024-10-31,26,347.1,13.35,2.87,12,4,1
P00632,2024-11-30,28,366.4,13.08,1.97,6,4,1
P00632,2024-12-31,30,384.0,12.8,0.34,9,4,0
P00632,2025-01-30,26,334.1,12.85,2.28,6,4,1
P00632,2025-03-02,28,349.8,12.49,1.46,3,4,0
P00632,2025-04-01,31,395.8,12.77,0.67,4,4,2
P00632,2025-05-01,31,393.9,12.71,4.03,3,4,1
P00632,2025-06-01,28,361.6,12.91,1.61,7,4,0
P00632,2025-07-01,29,385.8,13.3,1.75,3,4,2
P00632,2025-08-01,26,345.7,13.3,3.22,5,4,1
P00632,2025-08-31,26,333.5,12.83,2.69,3,4,1
P00632,2025-10-01,28,335.3,11.97,1.88,3,4,1
P00632,2025-10-31,29,377.0,13.0,1.92,6,4,1
P00632,2025-12-01,29,382.1,13.18,2.01,6,4,0
P00632,2025-12-31,28,386.4,13.8,1.04,4,4,1
P00632,2026-01-30,28,373.6,13.34,1.62,7,4,2
P00632,2026-03-02,31,401.5,12.95,2.51,5,4,3
P00632,2026-04-01,28,350.1,12.5,1.42,2,4,0
P00632,2026-05-02,28,360.4,12.87,3.19,9,4,1
P00632,2026-06-01,31,389.4,12.56,2.07,4,4,0
P00632,2026-07-02,28,351.5,12.55,1.88,8,4,1
P00632,2026-08-01,31,409.5,13.21,0.36,8,4,1
P00633,2024-08-31,28,358.8,12.81,1.36,7,4,0
P00633,2024-09-30,29,354.4,12.22,0.69,5,4,0
P00633,2024-10-31,29,386.8,13.34,0.3,8,4,0
P00633,2024-11-30,30,402.5,13.42,2.59,6,4,0
P00633,2024-12-31,27,355.8,13.18,1.63,6,4,1
P00633,2025-01-30,29,380.9,13.13,0.87,7,4,0
P00633,2025-03-02,28,367.7,13.13,1.49,3,4,3
P00633,2025-04-01,27,367.0,13.59,2.37,2,4,1
P00633,2025-05-01,29,384.0,13.24,4.06,6,4,2
P00633,2025-06-01,26,346.9,13.34,1.35,4,4,1
P00633,2025-07-01,27,358.8,13.29,4.96,2,4,2
P00633,2025-08-01,28,390.3,13.94,0.66,6,4,1
P00633,2025-08-31,29,413.1,14.25,1.58,6,4,1
P00633,2025-10-01,26,355.4,13.67,3.43,5,4,1
P00633,2025-10-31,31,433.8,13.99,2.86,8,4,0
P00633,2025-12-01,27,389.1,14.41,6.0,7,4,0
P00633,2025-12-31,25,359.5,14.38,0.97,5,4,1
P00633,2026-01-30,29,402.0,13.86,2.76,4,4,2
P00633,2026-03-02,29,411.7,14.2,4.03,9,4,0
P00633,2026-04-01,28,400.3,14.3,4.27,4,4,0
P00633,2026-05-02,29,398.6,13.74,3.21,7,4,1
P00633,2026-06-01,30,430.0,14.33,3.22,9,4,3
P00633,2026-07-02,29,409.5,14.12,3.41,4,4,0
P00633,2026-08-01,28,412.5,14.73,0.47,5,4,1
P00634,2024-08-31,27,383.4,14.2,0.26,6,4,1
P00634,2024-09-30,29,408.1,14.07,1.51,5,4,1
P00634,2024-10-31,26,367.7,14.14,2.29,10,4,2
P00634,2024-11-30,28,392.8,14.03,1.22,3,4,0
P00634,2024-12-31,27,380.3,14.09,0.66,2,4,1
P00634,2025-01-30,29,419.3,14.46,1.56,5,4,0
P00634,2025-03-02,27,389.7,14.43,1.01,6,4,0
P00634,2025-04-01,31,436.6,14.08,1.66,6,4,1
P00634,2025-05-01,26,352.9,13.57,0.82,5,4,1
P00634,2025-06-01,26,367.0,14.12,0.85,7,4,1
P00634,2025-07-01,28,374.1,13.36,1.08,8,4,0
P00634,2025-08-01,28,384.4,13.73,2.29,5,4,1
P00634,2025-08-31,27,365.0,13.52,0.2,4,4,0
P00634,2025-10-01,29,403.5,13.91,0.95,7,4,2
P00634,2025-10-31,27,362.1,13.41,1.18,2,4,3
P00634,2025-12-01,25,331.4,13.26,3.02,2,4,0
P00634,2025-12-31,27,406.0,15.04,0.49,5,4,0
P00634,2026-01-30,29,410.1,14.14,0.67,2,4,0
P00634,2026-03-02,27,385.2,14.27,1.46,1,4,1
P00634,2026-04-01,24,333.8,13.91,0.45,4,4,0
P00634,2026-05-02,27,378.6,14.02,2.36,1,4,0
P00634,2026-06-01,26,375.1,14.43,0.88,6,4,0
P00634,2026-07-02,27,394.0,14.59,0.64,4,4,2
P00634,2026-08-01,28,419.8,14.99,0.31,2,4,1
P00635,2024-08-31,27,370.5,13.72,2.7,9,4,0
P00635,2024-09-30,29,383.3,13.22,1.62,4,4,1
P00635,2024-10-31,28,374.2,13.36,4.07,7,4,3
P00635,2024-11-30,27,357.9,13.26,3.39,8,4,0
P00635,2024-12-31,30,410.8,13.69,1.93,8,4,2
P00635,2025-01-30,28,387.5,13.84,2.33,5,4,1
P00635,2025-03-02,28,361.8,12.92,2.04,8,4,1
P00635,2025-04-01,31,399.7,12.89,0.89,7,4,2
P00635,2025-05-01,27,373.2,13.82,2.37,5,4,1
P00635,2025-06-01,28,394.1,14.08,6.0,7,4,2
P00635,2025-07-01,30,417.8,13.93,1.88,5,4,1
P00635,2025-08-01,30,390.0,13.0,1.3,8,4,1
P00635,2025-08-31,30,440.1,14.67,1.31,8,4,1
P00635,2025-10-01,27,382.9,14.18,2.24,8,4,1
P00635,2025-10-31,30,445.2,14.84,2.53,5,4,2
P00635,2025-12-01,30,431.2,14.37,2.45,2,4,0
P00635,2025-12-31,31,456.7,14.73,3.23,6,4,3
P00635,2026-01-30,28,398.2,14.22,1.29,9,4,0
P00635,2026-03-02,27,396.2,14.67,0.73,6,4,1
P00635,2026-04-01,30,422.7,14.09,2.17,5,4,2
P00635,2026-05-02,31,452.4,14.59,0.76,4,4,1
P00635,2026-06-01,28,412.6,14.74,4.57,8,4,0
P00635,2026-07-02,29,429.5,14.81,5.73,6,4,0
P00635,2026-08-01,30,425.7,14.19,1.47,4,4,0
P00636,2024-08-31,25,320.1,12.8,4.78,1,4,2
P00636,2024-09-30,25,319.3,12.77,6.0,3,4,1
P00636,2024-10-31,27,345.2,12.79,3.83,2,4,1
P00636,2024-11-30,27,325.8,12.07,1.69,4,4,1
P00636,2024-12-31,30,378.0,12.6,0.2,1,4,1
P00636,2025-01-30,28,352.8,12.6,1.12,4,4,2
P00636,2025-03-02,30,376.0,12.53,1.38,5,4,0
P00636,2025-04-01,27,345.8,12.81,0.61,8,4,0
P00636,2025-05-01,30,393.9,13.13,2.23,4,4,1
P00636,2025-06-01,29,395.6,13.64,0.53,1,4,1
P00636,2025-07-01,28,351.4,12.55,0.48,2,4,1
P00636,2025-08-01,27,348.2,12.9,0.84,3,4,1
P00636,2025-08-31,28,343.2,12.26,1.86,5,4,2
P00636,2025-10-01,29,391.0,13.48,2.44,7,4,0
P00636,2025-10-31,28,379.0,13.54,1.0,2,4,2
P00636,2025-12-01,26,363.7,13.99,0.38,2,4,0
P00636,2025-12-31,27,355.1,13.15,1.27,1,4,0
P00636,2026-01-30,28,377.0,13.47,1.32,5,4,2
P00636,2026-03-02,25,335.5,13.42,1.69,5,4,1
P00636,2026-04-01,26,341.8,13.14,0.34,6,4,1
P00636,2026-05-02,26,352.6,13.56,1.29,3,4,0
P00636,2026-06-01,27,370.6,13.73,2.16,4,4,2
P00636,2026-07-02,26,328.4,12.63,0.5,5,4,1
P00636,2026-08-01,28,370.5,13.23,0.6,2,4,0
P00637,2024-08-31,27,354.2,13.12,3.64,7,4,3
P00637,2024-09-30,28,357.6,12.77,3.76,7,4,2
P00637,2024-10-31,27,355.4,13.16,1.1,4,4,2
P00637,2024-11-30,29,370.1,12.76,1.52,2,4,0
P00637,2024-12-31,28,376.3,13.44,2.68,7,4,0
P00637,2025-01-30,27,342.5,12.68,2.96,11,4,2
P00637,2025-03-02,31,399.8,12.9,1.1,6,4,0
P00637,2025-04-01,26,363.4,13.98,2.76,4,4,1
P00637,2025-05-01,29,397.4,13.7,1.19,5,4,0
P00637,2025-06-01,27,362.3,13.42,3.11,7,4,2
P00637,2025-07-01,28,382.4,13.66,2.45,3,4,0
P00637,2025-08-01,31,441.3,14.24,1.96,4,4,3
P00637,2025-08-31,29,388.5,13.4,0.31,7,4,0
P00637,2025-10-01,29,389.5,13.43,5.71,5,4,0
P00637,2025-10-31,31,411.1,13.26,0.93,7,4,0
P00637,2025-12-01,30,407.8,13.59,1.16,4,4,0
P00637,2025-12-31,26,341.3,13.13,3.16,2,4,0
P00637,2026-01-30,30,395.9,13.2,1.88,3,4,0
P00637,2026-03-02,28,375.8,13.42,5.78,2,4,1
P00637,2026-04-01,27,348.0,12.89,1.61,6,4,1
P00637,2026-05-02,28,371.8,13.28,2.28,10,4,1
P00637,2026-06-01,27,356.9,13.22,1.45,4,4,1
P00637,2026-07-02,26,366.0,14.08,1.27,5,4,1
P00637,2026-08-01,29,400.0,13.79,1.77,7,4,1
P00638,2024-08-31,27,355.6,13.17,2.2,6,4,1
P00638,2024-09-30,26,353.4,13.59,1.28,3,4,1
P00638,2024-10-31,25,321.3,12.85,1.81,3,4,1
P00638,2024-11-30,28,373.1,13.33,1.46,3,4,1
P00638,2024-12-31,27,359.7,13.32,1.18,3,4,2
P00638,2025-01-30,26,344.1,13.23,1.23,6,4,0
P00638,2025-03-02,25,358.9,14.36,2.37,2,4,1
P00638,2025-04-01,26,346.9,13.34,1.08,5,4,0
P00638,2025-05-01,25,332.9,13.32,5.57,6,4,2
P00638,2025-06-01,24,316.1,13.17,0.47,3,4,1
P00638,2025-07-01,29,383.4,13.22,2.02,6,4,1
P00638,2025-08-01,27,361.4,13.38,1.41,4,4,1
P00638,2025-08-31,25,342.2,13.69,2.74,2,4,1
P00638,2025-10-01,25,340.4,13.61,1.62,5,4,1
P00638,2025-10-31,28,374.8,13.39,1.07,3,4,0
P00638,2025-12-01,24,332.3,13.85,1.71,4,4,1
P00638,2025-12-31,29,397.7,13.71,1.23,3,4,1
P00638,2026-01-30,26,373.5,14.37,1.13,3,4,1
P00638,2026-03-02,28,363.4,12.98,0.69,3,4,0
P00638,2026-04-01,26,352.8,13.57,1.28,2,4,1
P00638,2026-05-02,30,399.7,13.32,0.92,7,4,1
P00638,2026-06-01,25,332.5,13.3,3.6,2,4,3
P00638,2026-07-02,28,374.9,13.39,1.6,1,4,0
P00638,2026-08-01,28,382.5,13.66,1.19,8,4,0
P00639,2024-08-31,28,378.2,13.51,1.47,8,4,1
P00639,2024-09-30,29,391.3,13.49,0.66,5,4,0
P00639,2024-10-31,29,361.9,12.48,0.57,7,4,3
P00639,2024-11-30,27,352.0,13.04,3.62,7,4,1
P00639,2024-12-31,30,352.9,11.76,5.07,5,4,2
P00639,2025-01-30,27,347.2,12.86,2.83,6,4,2
P00639,2025-03-02,29,376.3,12.97,5.57,8,4,2
P00639,2025-04-01,28,389.6,13.91,1.61,4,4,1
P00639,2025-05-01,29,379.4,13.08,1.0,5,4,0
P00639,2025-06-01,30,398.9,13.3,1.82,6,4,1
P00639,2025-07-01,30,386.7,12.89,1.25,4,4,1
P00639,2025-08-01,30,385.8,12.86,0.7,5,4,1
P00639,2025-08-31,31,398.3,12.85,1.41,5,4,1
P00639,2025-10-01,29,390.4,13.46,6.0,8,4,1
P00639,2025-10-31,31,413.3,13.33,2.69,9,4,1
P00639,2025-12-01,28,380.4,13.59,2.03,3,4,0
P00639,2025-12-31,30,374.1,12.47,0.83,9,4,0
P00639,2026-01-30,29,388.0,13.38,4.62,2,4,1
P00639,2026-03-02,28,372.6,13.31,0.46,3,4,2
P00639,2026-04-01,24,301.6,12.57,1.34,9,4,3
P00639,2026-05-02,27,339.7,12.58,5.47,6,4,0
P00639,2026-06-01,28,368.0,13.14,1.73,8,4,1
P00639,2026-07-02,28,365.9,13.07,4.58,8,4,1
P00639,2026-08-01,28,358.6,12.81,3.1,7,4,2
P00640,2024-08-31,29,297.2,10.25,1.3,6,4,0
P00640,2024-09-30,28,294.7,10.53,1.9,2,4,0
P00640,2024-10-31,28,295.1,10.54,1.03,6,4,3
P00640,2024-11-30,31,336.1,10.84,2.13,6,4,0
P00640,2024-12-31,29,309.2,10.66,5.3,8,4,0
P00640,2025-01-30,27,279.6,10.35,5.71,4,4,3
P00640,2025-03-02,27,265.1,9.82,1.88,5,4,1
P00640,2025-04-01,27,273.7,10.14,2.53,4,4,2
P00640,2025-05-01,27,250.3,9.27,6.0,3,4,1
P00640,2025-06-01,26,263.3,10.13,0.48,5,4,0
P00640,2025-07-01,31,310.0,10.0,2.46,1,4,3
P00640,2025-08-01,29,312.4,10.77,0.54,4,4,1
P00640,2025-08-31,24,250.4,10.43,1.56,5,4,1
P00640,2025-10-01,27,290.5,10.76,0.71,5,4,0
P00640,2025-10-31,29,320.6,11.06,0.99,3,4,0
P00640,2025-12-01,28,309.6,11.06,2.07,5,4,0
P00640,2025-12-31,28,305.4,10.91,2.95,2,4,0
P00640,2026-01-30,27,290.1,10.74,4.31,8,4,1
P00640,2026-03-02,28,297.5,10.62,0.41,4,4,0
P00640,2026-04-01,26,284.9,10.96,0.87,7,4,0
P00640,2026-05-02,26,272.0,10.46,1.77,6,4,0
P00640,2026-06-01,28,310.0,11.07,1.83,4,4,2
P00640,2026-07-02,27,295.3,10.94,1.88,6,4,2
P00640,2026-08-01,31,349.5,11.27,1.07,3,4,0
P00641,2024-08-31,31,417.3,13.46,1.13,4,4,1
P00641,2024-09-30,27,341.5,12.65,0.94,8,4,0
P00641,2024-10-31,28,361.6,12.92,2.46,12,4,2
P00641,2024-11-30,29,365.7,12.61,4.04,9,4,1
P00641,2024-12-31,27,346.3,12.83,0.59,5,4,3
P00641,2025-01-30,28,372.4,13.3,2.24,6,4,3
P00641,2025-03-02,26,377.7,14.53,1.05,1,4,2
P00641,2025-04-01,29,388.3,13.39,3.08,10,4,0
P00641,2025-05-01,27,387.0,14.33,6.0,5,4,0
P00641,2025-06-01,30,437.9,14.6,0.2,5,4,2
P00641,2025-07-01,28,403.0,14.39,0.53,3,4,2
P00641,2025-08-01,30,429.2,14.31,3.53,2,4,2
P00641,2025-08-31,27,403.0,14.93,3.99,5,4,0
P00641,2025-10-01,29,416.6,14.36,3.67,8,4,0
P00641,2025-10-31,31,447.7,14.44,1.79,8,4,1
P00641,2025-12-01,27,377.6,13.98,1.64,9,4,1
P00641,2025-12-31,27,381.4,14.13,3.79,4,4,2
P00641,2026-01-30,30,440.8,14.69,4.93,6,4,1
P00641,2026-03-02,28,390.7,13.95,3.91,9,4,0
P00641,2026-04-01,26,392.5,15.09,0.7,7,4,0
P00641,2026-05-02,27,413.4,15.31,2.34,3,4,0
P00641,2026-06-01,31,449.4,14.5,3.03,5,4,0
P00641,2026-07-02,27,408.4,15.13,6.0,10,4,2
P00641,2026-08-01,28,412.6,14.74,1.6,8,4,0
P00642,2024-08-31,24,309.0,12.87,0.69,2,4,0
P00642,2024-09-30,29,371.1,12.8,0.83,2,4,0
P00642,2024-10-31,29,364.0,12.55,3.47,2,4,2
P00642,2024-11-30,29,380.5,13.12,1.43,1,4,0
P00642,2024-12-31,27,348.8,12.92,1.76,5,4,1
P00642,2025-01-30,28,381.7,13.63,0.77,4,4,2
P00642,2025-03-02,29,385.2,13.28,0.58,4,4,2
P00642,2025-04-01,27,365.3,13.53,1.21,4,4,2
P00642,2025-05-01,29,385.4,13.29,0.86,8,4,0
P00642,2025-06-01,25,337.4,13.5,3.4,2,4,2
P00642,2025-07-01,25,328.7,13.15,0.2,4,4,0
P00642,2025-08-01,26,346.3,13.32,1.99,3,4,2
P00642,2025-08-31,30,407.5,13.58,2.04,5,4,1
P00642,2025-10-01,26,333.0,12.81,1.34,5,4,1
P00642,2025-10-31,29,374.0,12.9,0.52,2,4,0
P00642,2025-12-01,27,350.1,12.96,1.6,3,4,0
P00642,2025-12-31,28,358.8,12.81,3.19,2,4,1
P00642,2026-01-30,26,329.3,12.66,1.05,5,4,1
P00642,2026-03-02,26,327.3,12.59,0.68,2,4,0
P00642,2026-04-01,26,352.7,13.56,4.11,5,4,3
P00642,2026-05-02,26,320.4,12.32,0.87,2,4,0
P00642,2026-06-01,25,326.6,13.06,2.31,4,4,1
P00642,2026-07-02,27,339.0,12.55,0.52,3,4,1
P00642,2026-08-01,28,346.5,12.37,0.46,2,4,0
P00643,2024-08-31,27,342.7,12.69,1.54,5,4,1
P00643,2024-09-30,30,405.4,13.51,3.66,11,4,1
P00643,2024-10-31,31,396.9,12.8,1.79,11,4,0
P00643,2024-11-30,29,377.7,13.02,1.89,9,4,2
P00643,2024-12-31,30,393.6,13.12,1.76,10,4,2
P00643,2025-01-30,29,377.8,13.03,2.68,8,4,1
P00643,2025-03-02,30,419.6,13.99,0.2,3,4,2
P00643,2025-04-01,28,387.9,13.85,2.51,10,4,0
P00643,2025-05-01,30,401.7,13.39,2.04,6,4,0
P00643,2025-06-01,28,392.9,14.03,2.87,10,4,0
P00643,2025-07-01,30,412.8,13.76,5.26,3,4,1
P00643,2025-08-01,28,409.4,14.62,4.82,8,4,1
P00643,2025-08-31,29,393.2,13.56,1.4,11,4,2
P00643,2025-10-01,28,395.4,14.12,1.1,6,4,1
P00643,2025-10-31,30,432.5,14.42,2.02,4,4,0
P00643,2025-12-01,31,446.1,14.39,1.53,9,4,0
P00643,2025-12-31,29,424.2,14.63,5.57,10,4,1
P00643,2026-01-30,28,398.6,14.24,1.62,5,4,1
P00643,2026-03-02,31,441.6,14.25,6.0,8,4,0
P00643,2026-04-01,27,385.8,14.29,3.85,4,4,0
P00643,2026-05-02,27,380.6,14.1,0.67,7,4,1
P00643,2026-06-01,31,430.8,13.9,5.67,10,4,2
P00643,2026-07-02,28,421.8,15.06,6.0,8,4,0
P00643,2026-08-01,29,409.9,14.13,0.86,9,4,0
P00644,2024-08-31,30,391.3,13.04,0.44,5,4,1
P00644,2024-09-30,28,364.8,13.03,2.21,2,4,0
P00644,2024-10-31,26,326.5,12.56,2.48,3,4,1
P00644,2024-11-30,25,314.7,12.59,2.02,9,4,2
P00644,2024-12-31,27,337.5,12.5,0.2,0,4,0
P00644,2025-01-30,28,360.8,12.89,0.54,4,4,1
P00644,2025-03-02,29,349.4,12.05,2.66,3,4,2
P00644,2025-04-01,28,354.8,12.67,5.19,3,4,1
P00644,2025-05-01,28,352.6,12.59,0.2,3,4,0
P00644,2025-06-01,27,344.6,12.76,1.51,5,4,0
P00644,2025-07-01,31,401.0,12.94,1.47,6,4,0
P00644,2025-08-01,27,366.6,13.58,3.88,7,4,1
P00644,2025-08-31,30,402.0,13.4,3.49,6,4,0
P00644,2025-10-01,28,359.0,12.82,0.62,3,4,1
P00644,2025-10-31,29,401.7,13.85,4.21,2,4,0
P00644,2025-12-01,28,386.0,13.79,3.34,3,4,0
P00644,2025-12-31,26,347.7,13.37,1.59,5,4,1
P00644,2026-01-30,29,395.3,13.63,0.81,9,4,1
P00644,2026-03-02,29,411.6,14.19,2.83,0,4,0
P00644,2026-04-01,28,387.5,13.84,0.95,3,4,0
P00644,2026-05-02,27,376.9,13.96,1.35,4,4,2
P00644,2026-06-01,25,372.0,14.88,1.26,5,4,0
P00644,2026-07-02,27,378.8,14.03,0.57,4,4,0
P00644,2026-08-01,23,328.4,14.28,0.34,3,4,1
P00645,2024-08-31,27,376.5,13.94,4.27,6,4,0
P00645,2024-09-30,30,401.0,13.37,1.53,7,4,1
P00645,2024-10-31,30,414.9,13.83,1.96,5,4,0
P00645,2024-11-30,27,357.6,13.25,1.17,6,4,1
P00645,2024-12-31,29,390.5,13.47,0.89,4,4,0
P00645,2025-01-30,24,333.8,13.91,5.19,3,4,0
P00645,2025-03-02,29,380.4,13.12,4.57,4,4,0
P00645,2025-04-01,28,381.8,13.64,0.36,8,4,2
P00645,2025-05-01,27,362.2,13.41,6.0,9,4,0
P00645,2025-06-01,29,398.5,13.74,1.2,7,4,1
P00645,2025-07-01,31,422.0,13.61,4.58,4,4,1
P00645,2025-08-01,31,432.6,13.96,4.43,4,4,2
P00645,2025-08-31,31,420.0,13.55,3.18,3,4,1
P00645,2025-10-01,29,419.1,14.45,2.08,6,4,0
P00645,2025-10-31,29,412.1,14.21,1.59,7,4,0
P00645,2025-12-01,29,418.4,14.43,0.2,4,4,1
P00645,2025-12-31,28,406.7,14.53,2.9,5,4,1
P00645,2026-01-30,30,425.2,14.17,2.98,4,4,2
P00645,2026-03-02,25,360.2,14.41,0.65,15,4,0
P00645,2026-04-01,30,414.0,13.8,2.0,8,4,1
P00645,2026-05-02,27,383.3,14.2,2.22,3,4,1
P00645,2026-06-01,29,410.6,14.16,1.11,6,4,2
P00645,2026-07-02,28,380.7,13.6,0.56,7,4,0
P00645,2026-08-01,29,377.5,13.02,4.94,6,4,0
P00646,2024-08-31,29,212.7,7.33,4.45,4,4,2
P00646,2024-09-30,26,183.8,7.07,4.77,3,4,2
P00646,2024-10-31,26,196.0,7.54,6.0,5,4,2
P00646,2024-11-30,24,183.8,7.66,1.49,4,4,3
P00646,2024-12-31,30,198.6,6.62,0.84,6,4,3
P00646,2025-01-30,28,189.1,6.75,2.18,7,4,1
P00646,2025-03-02,27,172.6,6.39,1.18,6,4,2
P00646,2025-04-01,25,166.4,6.65,1.35,5,4,1
P00646,2025-05-01,27,185.5,6.87,0.94,3,4,2
P00646,2025-06-01,27,178.9,6.62,4.41,2,4,1
P00646,2025-07-01,30,158.5,5.28,2.04,6,4,2
P00646,2025-08-01,28,164.9,5.89,2.72,2,4,0
P00646,2025-08-31,24,137.8,5.74,5.52,6,4,4
P00646,2025-10-01,25,165.0,6.6,0.9,1,4,3
P00646,2025-10-31,26,165.5,6.37,2.12,5,4,3
P00646,2025-12-01,24,163.7,6.82,1.53,2,4,2
P00646,2025-12-31,26,168.0,6.46,5.48,5,4,1
P00646,2026-01-30,28,203.4,7.26,3.86,1,4,2
P00646,2026-03-02,28,190.7,6.81,2.38,2,4,1
P00646,2026-04-01,29,178.7,6.16,2.74,5,4,3
P00646,2026-05-02,28,163.0,5.82,0.62,3,4,2
P00646,2026-06-01,26,178.8,6.88,1.12,5,4,1
P00646,2026-07-02,27,165.5,6.13,1.81,3,4,1
P00646,2026-08-01,26,165.0,6.35,0.71,8,4,1
P00647,2024-08-31,28,202.2,7.22,1.87,2,4,2
P00647,2024-09-30,27,205.3,7.6,1.19,2,4,2
P00647,2024-10-31,29,202.9,7.0,6.0,0,4,3
P00647,2024-11-30,27,201.2,7.45,3.21,2,4,3
P00647,2024-12-31,25,192.3,7.69,0.41,2,4,2
P00647,2025-01-30,28,221.0,7.89,1.44,2,4,2
P00647,2025-03-02,27,218.1,8.08,4.06,6,4,1
P00647,2025-04-01,30,210.0,7.0,0.76,0,4,2
P00647,2025-05-01,29,201.4,6.95,6.0,4,4,3
P00647,2025-06-01,29,200.9,6.93,1.97,7,4,1
P00647,2025-07-01,30,212.0,7.07,0.69,3,4,2
P00647,2025-08-01,25,167.7,6.71,0.78,6,4,2
P00647,2025-08-31,27,176.9,6.55,1.86,5,4,1
P00647,2025-10-01,29,207.0,7.14,1.0,5,4,1
P00647,2025-10-31,28,205.0,7.32,1.16,5,4,2
P00647,2025-12-01,28,185.6,6.63,1.98,4,4,2
P00647,2025-12-31,27,210.4,7.79,1.04,4,4,3
P00647,2026-01-30,26,193.6,7.44,4.58,2,4,2
P00647,2026-03-02,28,222.6,7.95,1.5,3,4,1
P00647,2026-04-01,29,229.8,7.92,1.21,2,4,4
P00647,2026-05-02,28,207.9,7.43,5.4,1,4,2
P00647,2026-06-01,27,208.0,7.7,4.79,4,4,3
P00647,2026-07-02,29,209.2,7.22,2.14,7,4,4
P00647,2026-08-01,30,225.9,7.53,1.5,1,4,1
P00648,2024-08-31,28,249.0,8.89,0.31,6,4,3
P00648,2024-09-30,27,250.0,9.26,1.06,6,4,2
P00648,2024-10-31,28,246.3,8.8,2.05,5,4,1
P00648,2024-11-30,29,254.1,8.76,2.68,6,4,2
P00648,2024-12-31,29,225.0,7.76,1.74,7,4,2
P00648,2025-01-30,28,235.4,8.41,1.73,5,4,1
P00648,2025-03-02,30,264.1,8.8,2.85,4,4,1
P00648,2025-04-01,28,245.9,8.78,3.0,5,4,2
P00648,2025-05-01,27,252.8,9.36,4.56,8,4,1
P00648,2025-06-01,26,234.5,9.02,0.74,5,4,3
P00648,2025-07-01,28,248.4,8.87,1.59,3,4,2
P00648,2025-08-01,28,264.6,9.45,2.83,4,4,2
P00648,2025-08-31,31,270.6,8.73,2.29,5,4,1
P00648,2025-10-01,28,255.9,9.14,2.23,8,4,0
P00648,2025-10-31,28,245.5,8.77,0.63,6,4,2
P00648,2025-12-01,28,246.3,8.8,1.36,6,4,2
P00648,2025-12-31,31,263.0,8.49,2.28,4,4,3
P00648,2026-01-30,28,249.9,8.92,3.8,7,4,3
P00648,2026-03-02,30,264.2,8.81,2.78,6,4,3
P00648,2026-04-01,29,249.5,8.6,2.11,3,4,3
P00648,2026-05-02,27,220.0,8.15,1.94,9,4,3
P00648,2026-06-01,28,222.0,7.93,2.11,3,4,2
P00648,2026-07-02,27,236.3,8.75,3.98,11,4,3
P00648,2026-08-01,29,258.6,8.92,0.79,5,4,1
P00649,2024-08-31,29,360.7,12.44,1.64,3,4,0
P00649,2024-09-30,27,353.6,13.1,1.7,3,4,0
P00649,2024-10-31,29,378.8,13.06,0.83,6,4,1
P00649,2024-11-30,28,367.9,13.14,1.84,5,4,0
P00649,2024-12-31,31,388.9,12.54,1.71,4,4,2
P00649,2025-01-30,30,380.3,12.68,0.2,9,4,2
P00649,2025-03-02,28,349.3,12.48,4.43,1,4,2
P00649,2025-04-01,29,370.7,12.78,0.45,6,4,1
P00649,2025-05-01,29,349.3,12.04,1.65,13,4,1
P00649,2025-06-01,28,345.5,12.34,5.14,4,4,1
P00649,2025-07-01,27,327.8,12.14,0.35,9,4,2
P00649,2025-08-01,28,347.5,12.41,3.06,7,4,2
P00649,2025-08-31,24,291.4,12.14,6.0,8,4,2
P00649,2025-10-01,30,379.0,12.63,2.52,10,4,1
P00649,2025-10-31,29,378.9,13.07,6.0,7,4,0
P00649,2025-12-01,29,387.3,13.36,1.49,4,4,0
P00649,2025-12-31,27,349.1,12.93,0.59,7,4,1
P00649,2026-01-30,27,339.6,12.58,1.69,5,4,0
P00649,2026-03-02,26,328.3,12.63,1.71,4,4,0
P00649,2026-04-01,28,366.6,13.09,1.36,4,4,2
P00649,2026-05-02,26,311.6,11.98,0.48,8,4,1
P00649,2026-06-01,29,351.4,12.12,2.15,2,4,0
P00649,2026-07-02,29,370.8,12.79,3.57,5,4,1
P00649,2026-08-01,28,385.0,13.75,1.84,7,4,1
P00650,2024-08-31,29,371.6,12.82,1.93,3,4,1
P00650,2024-09-30,28,348.3,12.44,1.21,1,4,0
P00650,2024-10-31,27,333.5,12.35,3.47,3,4,0
P00650,2024-11-30,31,390.1,12.58,2.15,5,4,0
P00650,2024-12-31,26,307.1,11.81,1.61,5,4,1
P00650,2025-01-30,28,345.8,12.35,3.17,3,4,0
P00650,2025-03-02,26,330.6,12.72,3.08,2,4,2
P00650,2025-04-01,30,373.4,12.45,0.46,4,4,1
P00650,2025-05-01,27,340.3,12.6,2.37,1,4,2
P00650,2025-06-01,28,336.4,12.02,0.83,2,4,1
P00650,2025-07-01,26,323.7,12.45,1.23,5,4,1
P00650,2025-08-01,29,343.5,11.85,2.3,7,4,1
P00650,2025-08-31,28,349.9,12.5,1.69,9,4,1
P00650,2025-10-01,29,331.4,11.43,3.05,5,4,0
P00650,2025-10-31,27,323.7,11.99,4.67,4,4,0
P00650,2025-12-01,25,291.9,11.68,1.45,3,4,0
P00650,2025-12-31,31,370.8,11.96,3.43,5,4,1
P00650,2026-01-30,29,361.9,12.48,3.32,5,4,1
P00650,2026-03-02,28,341.8,12.21,0.88,2,4,1
P00650,2026-04-01,27,314.9,11.66,0.75,5,4,2
P00650,2026-05-02,29,345.4,11.91,3.42,8,4,2
P00650,2026-06-01,29,360.5,12.43,0.21,4,4,1
P00650,2026-07-02,27,342.3,12.68,1.36,4,4,0
P00650,2026-08-01,28,353.1,12.61,0.85,5,4,1
P00651,2024-08-31,27,366.1,13.56,0.45,8,4,0
P00651,2024-09-30,28,382.0,13.64,3.82,11,4,1
P00651,2024-10-31,31,423.3,13.65,4.92,6,4,1
P00651,2024-11-30,29,388.5,13.4,4.46,9,4,1
P00651,2024-12-31,27,368.6,13.65,3.32,5,4,2
P00651,2025-01-30,30,409.9,13.66,2.51,7,4,0
P00651,2025-03-02,29,396.4,13.67,4.75,9,4,1
P00651,2025-04-01,29,394.1,13.59,2.61,9,4,1
P00651,2025-05-01,27,392.2,14.53,3.36,5,4,0
P00651,2025-06-01,30,414.3,13.81,1.13,8,4,0
P00651,2025-07-01,30,406.6,13.55,1.7,3,4,0
P00651,2025-08-01,29,418.5,14.43,1.85,4,4,0
P00651,2025-08-31,30,440.6,14.69,1.17,7,4,2
P00651,2025-10-01,30,413.4,13.78,6.0,3,4,1
P00651,2025-10-31,26,363.5,13.98,6.0,7,4,1
P00651,2025-12-01,27,373.2,13.82,0.74,8,4,0
P00651,2025-12-31,30,423.2,14.11,3.37,5,4,0
P00651,2026-01-30,26,368.9,14.19,4.19,1,4,2
P00651,2026-03-02,28,394.1,14.08,3.35,9,4,1
P00651,2026-04-01,31,434.1,14.0,3.32,7,4,1
P00651,2026-05-02,30,402.1,13.4,2.26,9,4,1
P00651,2026-06-01,31,404.2,13.04,1.57,9,4,2
P00651,2026-07-02,27,357.5,13.24,1.49,6,4,0
P00651,2026-08-01,26,351.7,13.53,1.1,6,4,1
P00652,2024-08-31,29,216.5,7.47,2.06,6,4,3
P00652,2024-09-30,26,192.7,7.41,0.72,2,4,3
P00652,2024-10-31,26,184.5,7.1,2.55,4,4,3
P00652,2024-11-30,28,210.1,7.5,0.79,6,4,2
P00652,2024-12-31,28,225.4,8.05,0.31,3,4,0
P00652,2025-01-30,27,205.3,7.6,1.03,10,4,1
P00652,2025-03-02,27,203.2,7.53,0.97,8,4,1
P00652,2025-04-01,26,212.8,8.19,0.8,3,4,3
P00652,2025-05-01,26,202.5,7.79,0.32,1,4,3
P00652,2025-06-01,29,231.3,7.98,0.73,4,4,3
P00652,2025-07-01,26,203.4,7.82,2.69,5,4,0
P00652,2025-08-01,26,212.3,8.16,4.19,3,4,2
P00652,2025-08-31,29,243.2,8.39,1.1,7,4,4
P00652,2025-10-01,28,198.8,7.1,5.08,8,4,1
P00652,2025-10-31,28,230.8,8.24,1.8,2,4,0
P00652,2025-12-01,27,222.9,8.25,0.96,7,4,3
P00652,2025-12-31,29,226.7,7.82,0.63,4,4,3
P00652,2026-01-30,31,240.2,7.75,0.9,5,4,0
P00652,2026-03-02,29,211.8,7.3,2.47,5,4,0
P00652,2026-04-01,28,190.4,6.8,3.17,3,4,1
P00652,2026-05-02,26,167.4,6.44,0.75,5,4,3
P00652,2026-06-01,28,203.8,7.28,1.52,6,4,1
P00652,2026-07-02,30,179.5,5.98,0.47,1,4,2
P00652,2026-08-01,30,196.8,6.56,0.76,3,4,3
P00653,2024-08-31,30,274.1,9.14,1.07,10,4,3
P00653,2024-09-30,28,258.4,9.23,1.39,11,4,3
P00653,2024-10-31,26,255.3,9.82,1.41,9,4,2
P00653,2024-11-30,28,255.4,9.12,4.97,13,4,3
P00653,2024-12-31,26,227.4,8.75,2.26,6,4,1
P00653,2025-01-30,27,247.3,9.16,1.78,10,4,2
P00653,2025-03-02,30,284.2,9.47,1.29,3,4,3
P00653,2025-04-01,31,279.4,9.01,3.05,5,4,0
P00653,2025-05-01,27,246.1,9.11,0.95,8,4,1
P00653,2025-06-01,28,262.1,9.36,3.6,4,4,2
P00653,2025-07-01,31,297.4,9.59,4.13,8,4,2
P00653,2025-08-01,29,277.4,9.56,3.78,12,4,1
P00653,2025-08-31,28,271.8,9.71,4.31,8,4,3
P00653,2025-10-01,30,294.2,9.81,3.65,3,4,3
P00653,2025-10-31,29,279.8,9.65,2.52,11,4,3
P00653,2025-12-01,29,288.7,9.96,1.72,5,4,3
P00653,2025-12-31,27,248.7,9.21,1.84,4,4,4
P00653,2026-01-30,31,287.7,9.28,2.21,11,4,2
P00653,2026-03-02,30,275.7,9.19,1.02,11,4,3
P00653,2026-04-01,27,243.7,9.03,6.0,7,4,0
P00653,2026-05-02,31,296.7,9.57,5.17,10,4,2
P00653,2026-06-01,30,291.3,9.71,1.87,9,4,1
P00653,2026-07-02,29,292.4,10.08,1.87,7,4,1
P00653,2026-08-01,27,289.5,10.72,6.0,6,4,2
P00654,2024-08-31,27,337.1,12.48,0.62,5,4,1
P00654,2024-09-30,31,393.2,12.68,1.13,3,4,0
P00654,2024-10-31,28,356.2,12.72,0.42,3,4,0
P00654,2024-11-30,27,355.7,13.18,4.48,3,4,2
P00654,2024-12-31,25,316.2,12.65,1.91,6,4,1
P00654,2025-01-30,24,320.1,13.34,0.85,6,4,0
P00654,2025-03-02,28,353.4,12.62,1.15,4,4,0
P00654,2025-04-01,30,399.6,13.32,3.75,4,4,0
P00654,2025-05-01,27,336.2,12.45,3.17,4,4,0
P00654,2025-06-01,28,353.7,12.63,1.67,4,4,0
P00654,2025-07-01,29,374.3,12.91,0.59,7,4,0
P00654,2025-08-01,30,363.1,12.1,1.37,4,4,1
P00654,2025-08-31,30,384.8,12.83,1.65,4,4,1
P00654,2025-10-01,29,370.4,12.77,2.7,7,4,0
P00654,2025-10-31,29,366.8,12.65,1.78,4,4,0
P00654,2025-12-01,30,397.7,13.26,0.89,3,4,1
P00654,2025-12-31,28,367.6,13.13,2.69,3,4,0
P00654,2026-01-30,30,403.6,13.45,2.38,6,4,1
P00654,2026-03-02,26,343.1,13.2,4.51,5,4,1
P00654,2026-04-01,29,397.9,13.72,0.71,3,4,0
P00654,2026-05-02,27,364.1,13.48,2.19,1,4,0
P00654,2026-06-01,27,378.3,14.01,2.59,4,4,2
P00654,2026-07-02,30,411.0,13.7,2.24,5,4,0
P00654,2026-08-01,26,348.9,13.42,1.35,4,4,0
P00655,2024-08-31,27,348.1,12.89,1.31,1,4,2
P00655,2024-09-30,28,351.5,12.56,2.71,8,4,0
P00655,2024-10-31,25,322.8,12.91,1.01,7,4,0
P00655,2024-11-30,28,338.2,12.08,5.01,3,4,1
P00655,2024-12-31,25,311.4,12.45,1.53,2,4,0
P00655,2025-01-30,25,298.4,11.94,0.66,5,4,0
P00655,2025-03-02,27,327.5,12.13,2.14,5,4,2
P00655,2025-04-01,27,315.5,11.68,2.67,6,4,0
P00655,2025-05-01,30,375.7,12.52,1.54,3,4,2
P00655,2025-06-01,28,354.3,12.66,1.21,4,4,1
P00655,2025-07-01,27,309.1,11.45,2.03,4,4,0
P00655,2025-08-01,27,310.6,11.51,0.82,2,4,2
P00655,2025-08-31,27,314.0,11.63,0.98,5,4,1
P00655,2025-10-01,30,369.4,12.31,1.44,5,4,1
P00655,2025-10-31,27,300.9,11.14,0.96,7,4,0
P00655,2025-12-01,29,340.1,11.73,1.63,7,4,1
P00655,2025-12-31,29,336.9,11.62,2.58,3,4,0
P00655,2026-01-30,30,371.5,12.38,2.39,7,4,1
P00655,2026-03-02,30,368.3,12.28,1.61,5,4,1
P00655,2026-04-01,26,299.5,11.52,1.9,4,4,0
P00655,2026-05-02,27,331.1,12.26,0.71,5,4,2
P00655,2026-06-01,28,324.3,11.58,1.53,3,4,2
P00655,2026-07-02,26,316.1,12.16,0.2,3,4,0
P00655,2026-08-01,27,309.5,11.46,0.67,10,4,1
P00656,2024-08-31,30,395.9,13.2,3.44,10,4,0
P00656,2024-09-30,31,406.6,13.12,1.66,9,4,0
P00656,2024-10-31,28,367.1,13.11,2.49,7,4,0
P00656,2024-11-30,29,383.9,13.24,1.32,11,4,0
P00656,2024-12-31,29,386.6,13.33,0.88,10,4,0
P00656,2025-01-30,28,369.9,13.21,1.5,10,4,0
P00656,2025-03-02,29,384.3,13.25,1.89,6,4,1
P00656,2025-04-01,29,376.5,12.98,0.31,9,4,1
P00656,2025-05-01,25,324.4,12.98,6.0,7,4,1
P00656,2025-06-01,30,372.8,12.43,3.13,6,4,0
P00656,2025-07-01,31,393.4,12.69,6.0,10,4,0
P00656,2025-08-01,29,355.9,12.27,3.62,11,4,0
P00656,2025-08-31,26,332.5,12.79,6.0,7,4,1
P00656,2025-10-01,29,396.2,13.66,1.64,8,4,2
P00656,2025-10-31,28,370.1,13.22,0.55,3,4,1
P00656,2025-12-01,29,373.0,12.86,5.76,10,4,3
P00656,2025-12-31,31,403.0,13.0,2.87,11,4,3
P00656,2026-01-30,31,393.7,12.7,4.17,4,4,1
P00656,2026-03-02,31,384.2,12.39,2.79,6,4,2
P00656,2026-04-01,27,335.8,12.44,6.0,4,4,2
P00656,2026-05-02,28,349.1,12.47,2.45,7,4,0
P00656,2026-06-01,29,362.6,12.5,3.96,9,4,0
P00656,2026-07-02,29,356.0,12.27,1.17,7,4,0
P00656,2026-08-01,30,378.5,12.62,1.75,5,4,1
P00657,2024-08-31,27,350.7,12.99,1.77,1,4,1
P00657,2024-09-30,23,294.8,12.82,4.54,6,4,2
P00657,2024-10-31,26,332.5,12.79,1.34,4,4,1
P00657,2024-11-30,26,318.6,12.26,1.82,5,4,0
P00657,2024-12-31,28,352.1,12.58,0.72,1,4,0
P00657,2025-01-30,31,377.4,12.18,1.73,8,4,1
P00657,2025-03-02,28,345.2,12.33,0.51,4,4,1
P00657,2025-04-01,24,305.4,12.73,2.46,4,4,0
P00657,2025-05-01,25,327.1,13.08,0.44,4,4,1
P00657,2025-06-01,26,360.3,13.86,2.1,7,4,2
P00657,2025-07-01,30,392.1,13.07,2.31,4,4,2
P00657,2025-08-01,27,351.3,13.01,0.85,9,4,1
P00657,2025-08-31,29,383.2,13.22,0.98,7,4,2
P00657,2025-10-01,26,328.2,12.62,6.0,5,4,2
P00657,2025-10-31,28,360.4,12.87,1.42,2,4,0
P00657,2025-12-01,29,391.8,13.51,1.17,8,4,1
P00657,2025-12-31,31,398.8,12.86,4.56,1,4,0
P00657,2026-01-30,30,370.8,12.36,1.8,2,4,1
P00657,2026-03-02,26,315.4,12.13,0.2,4,4,0
P00657,2026-04-01,30,380.9,12.7,1.61,10,4,2
P00657,2026-05-02,26,315.1,12.12,0.93,1,4,0
P00657,2026-06-01,27,330.6,12.24,0.62,3,4,2
P00657,2026-07-02,29,353.7,12.2,1.1,2,4,0
P00657,2026-08-01,31,381.1,12.29,2.29,6,4,0
P00658,2024-08-31,29,242.8,8.37,2.81,13,4,0
P00658,2024-09-30,29,255.6,8.82,2.53,8,4,3
P00658,2024-10-31,28,233.2,8.33,0.68,4,4,2
P00658,2024-11-30,28,229.2,8.19,2.28,3,4,0
P00658,2024-12-31,28,252.2,9.01,4.82,10,4,1
P00658,2025-01-30,28,254.3,9.08,6.0,8,4,1
P00658,2025-03-02,29,241.7,8.33,0.45,7,4,4
P00658,2025-04-01,31,258.2,8.33,3.51,7,4,2
P00658,2025-05-01,27,225.0,8.33,0.4,9,4,3
P00658,2025-06-01,27,247.1,9.15,2.2,10,4,4
P00658,2025-07-01,29,222.8,7.68,3.64,8,4,0
P00658,2025-08-01,29,235.4,8.12,1.07,9,4,1
P00658,2025-08-31,27,227.3,8.42,1.04,8,4,2
P00658,2025-10-01,28,240.0,8.57,1.86,10,4,2
P00658,2025-10-31,29,233.5,8.05,3.62,9,4,3
P00658,2025-12-01,30,242.2,8.07,3.02,2,4,3
P00658,2025-12-31,30,240.6,8.02,2.88,5,4,2
P00658,2026-01-30,31,233.2,7.52,1.56,11,4,2
P00658,2026-03-02,27,221.7,8.21,1.78,7,4,1
P00658,2026-04-01,30,245.7,8.19,3.19,5,4,3
P00658,2026-05-02,30,240.6,8.02,0.31,12,4,1
P00658,2026-06-01,29,238.3,8.22,2.51,6,4,2
P00658,2026-07-02,30,252.4,8.41,2.92,7,4,3
P00658,2026-08-01,29,251.0,8.66,1.92,5,4,3
P00659,2024-08-31,27,335.4,12.42,3.21,1,4,0
P00659,2024-09-30,28,340.6,12.16,1.63,2,4,2
P00659,2024-10-31,26,322.9,12.42,1.66,5,4,2
P00659,2024-11-30,27,325.6,12.06,2.49,2,4,2
P00659,2024-12-31,28,344.1,12.29,3.32,3,4,1
P00659,2025-01-30,27,351.8,13.03,1.64,0,4,0
P00659,2025-03-02,31,383.4,12.37,1.82,1,4,0
P00659,2025-04-01,26,328.9,12.65,1.84,1,4,1
P00659,2025-05-01,27,342.2,12.67,1.33,2,4,1
P00659,2025-06-01,26,327.9,12.61,1.07,4,4,0
P00659,2025-07-01,26,311.6,11.98,0.61,6,4,1
P00659,2025-08-01,29,340.3,11.73,0.86,7,4,1
P00659,2025-08-31,28,329.9,11.78,0.59,4,4,0
P00659,2025-10-01,28,345.0,12.32,1.87,2,4,0
P00659,2025-10-31,25,310.4,12.42,2.09,7,4,1
P00659,2025-12-01,31,381.2,12.3,3.26,3,4,2
P00659,2025-12-31,30,350.4,11.68,3.82,2,4,0
P00659,2026-01-30,28,324.8,11.6,1.4,2,4,0
P00659,2026-03-02,26,298.8,11.49,1.05,2,4,1
P00659,2026-04-01,27,317.7,11.77,4.49,4,4,0
P00659,2026-05-02,27,307.7,11.4,1.56,6,4,2
P00659,2026-06-01,25,272.2,10.89,3.22,2,4,0
P00659,2026-07-02,29,342.6,11.81,1.57,2,4,0
P00659,2026-08-01,25,286.0,11.44,4.04,4,4,1
P00660,2024-08-31,26,349.8,13.45,0.38,0,4,3
P00660,2024-09-30,27,380.0,14.08,0.49,5,4,2
P00660,2024-10-31,27,388.7,14.4,0.2,5,4,4
P00660,2024-11-30,26,382.0,14.69,0.63,6,4,4
P00660,2024-12-31,26,367.4,14.13,0.41,2,4,3
P00660,2025-01-30,27,369.9,13.7,0.59,1,4,4
P00660,2025-03-02,28,397.1,14.18,0.25,2,4,3
P00660,2025-04-01,27,366.0,13.56,0.5,0,4,0
P00660,2025-05-01,25,354.6,14.18,0.33,5,4,4
P00660,2025-06-01,24,335.8,13.99,1.65,1,4,4
P00660,2025-07-01,26,380.5,14.63,0.43,3,4,4
P00660,2025-08-01,25,364.2,14.57,0.52,4,4,3
P00660,2025-08-31,26,361.0,13.89,0.7,2,4,2
P00660,2025-10-01,28,399.3,14.26,0.2,9,4,2
P00660,2025-10-31,28,384.2,13.72,1.0,5,4,2
P00660,2025-12-01,25,348.7,13.95,0.28,5,4,3
P00660,2025-12-31,25,354.5,14.18,0.76,7,4,4
P00660,2026-01-30,27,390.7,14.47,0.63,5,4,4
P00660,2026-03-02,26,390.5,15.02,0.64,1,4,2
P00660,2026-04-01,29,432.4,14.91,0.32,2,4,3
P00660,2026-05-02,26,385.3,14.82,0.2,2,4,1
P00660,2026-06-01,28,395.3,14.12,0.2,5,4,4
P00660,2026-07-02,28,431.3,15.4,0.29,3,4,4
P00660,2026-08-01,29,434.5,14.98,0.82,2,4,4
P00661,2024-08-31,27,352.7,13.06,2.23,8,4,0
P00661,2024-09-30,29,388.0,13.38,0.21,7,4,0
P00661,2024-10-31,28,384.9,13.75,1.87,7,4,2
P00661,2024-11-30,28,389.3,13.9,2.55,3,4,2
P00661,2024-12-31,27,352.6,13.06,1.59,7,4,1
P00661,2025-01-30,28,364.2,13.01,3.72,9,4,0
P00661,2025-03-02,30,387.7,12.92,3.91,4,4,0
P00661,2025-04-01,28,367.9,13.14,1.86,3,4,0
P00661,2025-05-01,29,367.8,12.68,2.23,4,4,1
P00661,2025-06-01,28,375.1,13.4,0.7,8,4,1
P00661,2025-07-01,29,380.5,13.12,6.0,9,4,1
P00661,2025-08-01,29,376.4,12.98,0.46,5,4,1
P00661,2025-08-31,28,354.5,12.66,4.85,5,4,0
P00661,2025-10-01,26,322.1,12.39,5.76,2,4,1
P00661,2025-10-31,27,324.1,12.0,1.17,3,4,2
P00661,2025-12-01,28,328.6,11.73,4.37,5,4,1
P00661,2025-12-31,29,372.5,12.84,2.47,5,4,1
P00661,2026-01-30,31,397.2,12.81,6.0,6,4,0
P00661,2026-03-02,31,400.8,12.93,3.85,7,4,0
P00661,2026-04-01,30,391.8,13.06,3.46,8,4,1
P00661,2026-05-02,27,345.0,12.78,0.89,5,4,1
P00661,2026-06-01,30,410.2,13.67,0.2,2,4,1
P00661,2026-07-02,29,380.6,13.12,0.66,7,4,2
P00661,2026-08-01,25,344.1,13.77,2.24,6,4,0
P00662,2024-08-31,28,376.0,13.43,3.07,9,4,1
P00662,2024-09-30,29,397.1,13.69,0.89,8,4,2
P00662,2024-10-31,29,393.7,13.58,1.18,5,4,0
P00662,2024-11-30,27,380.8,14.1,2.9,5,4,0
P00662,2024-12-31,29,386.3,13.32,1.62,9,4,1
P00662,2025-01-30,31,416.5,13.44,4.95,5,4,0
P00662,2025-03-02,28,363.9,12.99,0.93,2,4,0
P00662,2025-04-01,25,358.3,14.33,4.14,6,4,0
P00662,2025-05-01,30,411.0,13.7,6.0,5,4,2
P00662,2025-06-01,30,388.5,12.95,6.0,4,4,0
P00662,2025-07-01,31,414.7,13.38,4.4,5,4,3
P00662,2025-08-01,29,388.0,13.38,0.57,2,4,0
P00662,2025-08-31,29,376.2,12.97,4.39,4,4,2
P00662,2025-10-01,28,350.0,12.5,4.86,5,4,0
P00662,2025-10-31,25,331.3,13.25,2.96,6,4,1
P00662,2025-12-01,30,409.7,13.66,6.0,1,4,0
P00662,2025-12-31,27,345.0,12.78,4.0,6,4,0
P00662,2026-01-30,28,349.0,12.47,2.58,7,4,1
P00662,2026-03-02,30,387.8,12.93,1.24,3,4,0
P00662,2026-04-01,27,346.2,12.82,1.06,10,4,0
P00662,2026-05-02,29,382.4,13.19,4.89,8,4,1
P00662,2026-06-01,29,352.8,12.17,1.07,6,4,1
P00662,2026-07-02,30,391.3,13.04,2.99,4,4,0
P00662,2026-08-01,29,358.4,12.36,6.0,8,4,2
P00663,2024-08-31,26,366.7,14.11,1.44,5,4,0
P00663,2024-09-30,31,434.0,14.0,4.18,11,4,2
P00663,2024-10-31,29,410.7,14.16,0.96,12,4,0
P00663,2024-11-30,28,374.1,13.36,6.0,12,4,1
P00663,2024-12-31,30,409.8,13.66,2.13,4,4,2
P00663,2025-01-30,31,422.9,13.64,4.2,12,4,1
P00663,2025-03-02,28,388.5,13.87,1.45,3,4,0
P00663,2025-04-01,31,410.7,13.25,2.16,4,4,0
P00663,2025-05-01,28,363.9,13.0,6.0,13,4,1
P00663,2025-06-01,26,344.4,13.25,2.33,9,4,2
P00663,2025-07-01,30,386.7,12.89,0.59,3,4,0
P00663,2025-08-01,29,383.6,13.23,0.98,6,4,1
P00663,2025-08-31,29,378.4,13.05,1.91,5,4,1
P00663,2025-10-01,30,384.7,12.82,1.79,5,4,2
P00663,2025-10-31,29,365.7,12.61,4.05,7,4,1
P00663,2025-12-01,29,364.3,12.56,0.88,8,4,0
P00663,2025-12-31,30,365.1,12.17,0.75,12,4,1
P00663,2026-01-30,27,335.1,12.41,0.74,7,4,2
P00663,2026-03-02,31,382.4,12.34,5.86,9,4,1
P00663,2026-04-01,29,364.6,12.57,1.64,5,4,1
P00663,2026-05-02,28,362.6,12.95,3.41,10,4,2
P00663,2026-06-01,27,344.5,12.76,4.34,8,4,1
P00663,2026-07-02,28,370.5,13.23,1.24,4,4,1
P00663,2026-08-01,29,382.9,13.2,3.33,4,4,0
P00664,2024-08-31,25,303.3,12.13,3.7,5,4,1
P00664,2024-09-30,29,366.6,12.64,0.76,2,4,2
P00664,2024-10-31,27,338.3,12.53,1.94,6,4,0
P00664,2024-11-30,29,366.0,12.62,1.8,3,4,0
P00664,2024-12-31,28,343.2,12.26,0.93,3,4,0
P00664,2025-01-30,26,314.1,12.08,0.68,6,4,0
P00664,2025-03-02,30,362.1,12.07,4.86,4,4,2
P00664,2025-04-01,30,371.6,12.39,2.74,2,4,2
P00664,2025-05-01,26,319.0,12.27,1.67,8,4,1
P00664,2025-06-01,27,319.4,11.83,0.71,4,4,0
P00664,2025-07-01,28,353.2,12.61,1.65,3,4,1
P00664,2025-08-01,31,382.7,12.35,2.25,3,4,1
P00664,2025-08-31,26,347.9,13.38,1.98,7,4,1
P00664,2025-10-01,29,348.7,12.02,2.88,11,4,0
P00664,2025-10-31,30,347.7,11.59,2.96,3,4,3
P00664,2025-12-01,31,362.1,11.68,5.06,8,4,1
P00664,2025-12-31,28,340.9,12.17,3.43,3,4,1
P00664,2026-01-30,28,347.3,12.4,2.2,5,4,1
P00664,2026-03-02,29,356.7,12.3,5.59,6,4,2
P00664,2026-04-01,31,403.7,13.02,1.28,5,4,0
P00664,2026-05-02,28,339.8,12.14,1.39,7,4,1
P00664,2026-06-01,29,364.6,12.57,2.28,3,4,0
P00664,2026-07-02,28,370.3,13.22,0.79,5,4,1
P00664,2026-08-01,25,306.3,12.25,3.11,6,4,0
P00665,2024-08-31,27,357.5,13.24,5.08,7,4,0
P00665,2024-09-30,28,369.6,13.2,2.46,3,4,0
P00665,2024-10-31,29,380.9,13.14,4.29,7,4,1
P00665,2024-11-30,30,410.7,13.69,2.58,3,4,0
P00665,2024-12-31,31,397.6,12.83,3.99,5,4,0
P00665,2025-01-30,30,402.8,13.43,4.55,4,4,0
P00665,2025-03-02,28,367.1,13.11,3.21,3,4,1
P00665,2025-04-01,28,372.4,13.3,1.01,10,4,1
P00665,2025-05-01,30,402.4,13.41,1.32,8,4,2
P00665,2025-06-01,31,414.8,13.38,1.99,3,4,0
P00665,2025-07-01,27,364.1,13.49,3.61,7,4,1
P00665,2025-08-01,30,401.7,13.39,4.84,5,4,0
P00665,2025-08-31,26,347.3,13.36,4.74,4,4,0
P00665,2025-10-01,27,365.6,13.54,1.72,9,4,2
P00665,2025-10-31,29,387.6,13.36,0.66,4,4,1
P00665,2025-12-01,30,373.8,12.46,0.35,4,4,1
P00665,2025-12-31,30,388.5,12.95,2.35,6,4,1
P00665,2026-01-30,27,354.6,13.13,2.27,7,4,1
P00665,2026-03-02,28,359.8,12.85,0.2,7,4,0
P00665,2026-04-01,26,333.3,12.82,1.23,9,4,0
P00665,2026-05-02,27,328.7,12.18,0.98,12,4,0
P00665,2026-06-01,29,378.7,13.06,2.81,3,4,2
P00665,2026-07-02,29,386.8,13.34,5.37,10,4,1
P00665,2026-08-01,29,363.8,12.55,3.43,9,4,1
P00666,2024-08-31,28,358.8,12.81,5.85,7,4,0
P00666,2024-09-30,26,316.8,12.18,6.0,2,4,1
P00666,2024-10-31,27,339.4,12.57,3.24,4,4,1
P00666,2024-11-30,26,333.1,12.81,0.94,7,4,1
P00666,2024-12-31,24,299.6,12.48,0.28,2,4,2
P00666,2025-01-30,27,358.9,13.29,0.38,4,4,2
P00666,2025-03-02,28,338.6,12.09,1.5,3,4,0
P00666,2025-04-01,26,326.7,12.56,0.49,4,4,2
P00666,2025-05-01,26,328.3,12.63,3.23,4,4,3
P00666,2025-06-01,30,365.7,12.19,1.05,6,4,0
P00666,2025-07-01,26,319.1,12.27,1.25,5,4,1
P00666,2025-08-01,29,339.6,11.71,2.7,5,4,2
P00666,2025-08-31,27,326.5,12.09,3.06,4,4,2
P00666,2025-10-01,27,332.7,12.32,1.38,5,4,0
P00666,2025-10-31,28,301.6,10.77,0.84,2,4,2
P00666,2025-12-01,29,321.1,11.07,1.49,4,4,1
P00666,2025-12-31,30,333.4,11.11,0.68,3,4,1
P00666,2026-01-30,28,312.9,11.17,0.97,5,4,1
P00666,2026-03-02,29,333.0,11.48,1.26,5,4,1
P00666,2026-04-01,29,316.5,10.91,2.2,7,4,0
P00666,2026-05-02,26,279.8,10.76,0.94,4,4,3
P00666,2026-06-01,30,349.3,11.64,3.18,4,4,3
P00666,2026-07-02,27,318.0,11.78,2.14,9,4,0
P00666,2026-08-01,27,314.8,11.66,0.49,4,4,1
P00667,2024-08-31,29,384.1,13.24,4.84,4,4,1
P00667,2024-09-30,28,361.1,12.9,0.53,6,4,1
P00667,2024-10-31,28,371.1,13.25,3.61,10,4,1
P00667,2024-11-30,30,383.2,12.77,0.79,6,4,1
P00667,2024-12-31,29,384.7,13.26,3.78,9,4,0
P00667,2025-01-30,30,388.5,12.95,3.83,4,4,0
P00667,2025-03-02,29,383.5,13.23,1.71,2,4,0
P00667,2025-04-01,28,370.2,13.22,0.29,2,4,0
P00667,2025-05-01,29,382.4,13.19,1.91,3,4,0
P00667,2025-06-01,26,328.2,12.62,3.57,8,4,1
P00667,2025-07-01,28,357.8,12.78,1.9,5,4,0
P00667,2025-08-01,28,357.0,12.75,0.63,3,4,0
P00667,2025-08-31,29,373.1,12.86,1.44,4,4,0
P00667,2025-10-01,29,356.0,12.27,1.03,2,4,0
P00667,2025-10-31,26,351.5,13.52,0.35,3,4,2
P00667,2025-12-01,30,377.9,12.6,1.35,10,4,0
P00667,2025-12-31,30,342.4,11.41,5.8,4,4,0
P00667,2026-01-30,30,378.5,12.62,3.7,5,4,0
P00667,2026-03-02,28,350.3,12.51,0.94,6,4,0
P00667,2026-04-01,28,325.7,11.63,5.49,6,4,0
P00667,2026-05-02,29,341.0,11.76,2.18,6,4,0
P00667,2026-06-01,29,348.5,12.02,0.5,8,4,0
P00667,2026-07-02,29,352.1,12.14,2.32,5,4,1
P00667,2026-08-01,29,338.7,11.68,1.47,10,4,1
P00668,2024-08-31,26,334.0,12.84,2.23,4,4,1
P00668,2024-09-30,26,327.1,12.58,1.7,4,4,0
P00668,2024-10-31,27,346.0,12.81,0.98,2,4,0
P00668,2024-11-30,30,371.9,12.4,0.93,3,4,0
P00668,2024-12-31,27,322.8,11.95,0.71,5,4,1
P00668,2025-01-30,29,365.2,12.59,3.5,1,4,1
P00668,2025-03-02,27,355.7,13.17,2.19,2,4,0
P00668,2025-04-01,28,353.6,12.63,0.96,4,4,0
P00668,2025-05-01,27,335.4,12.42,2.23,1,4,1
P00668,2025-06-01,26,306.3,11.78,4.31,2,4,1
P00668,2025-07-01,27,343.4,12.72,1.09,1,4,0
P00668,2025-08-01,26,309.2,11.89,0.76,1,4,0
P00668,2025-08-31,28,331.3,11.83,1.53,3,4,1
P00668,2025-10-01,26,323.9,12.46,0.5,3,4,1
P00668,2025-10-31,27,327.8,12.14,1.11,1,4,2
P00668,2025-12-01,27,312.5,11.57,1.26,2,4,0
P00668,2025-12-31,28,344.1,12.29,0.44,4,4,1
P00668,2026-01-30,26,304.6,11.72,1.05,3,4,0
P00668,2026-03-02,26,316.3,12.17,1.46,2,4,0
P00668,2026-04-01,26,311.1,11.96,1.13,3,4,1
P00668,2026-05-02,28,344.1,12.29,0.57,3,4,0
P00668,2026-06-01,28,347.3,12.4,0.7,4,4,1
P00668,2026-07-02,27,348.7,12.91,2.06,4,4,2
P00668,2026-08-01,29,369.3,12.74,0.29,2,4,0
P00669,2024-08-31,27,349.7,12.95,3.24,3,4,0
P00669,2024-09-30,30,389.8,12.99,4.39,1,4,2
P00669,2024-10-31,29,372.5,12.84,0.85,4,4,0
P00669,2024-11-30,28,371.7,13.27,2.71,7,4,2
P00669,2024-12-31,31,395.9,12.77,1.29,5,4,0
P00669,2025-01-30,29,355.8,12.27,0.73,2,4,1
P00669,2025-03-02,28,370.2,13.22,1.57,2,4,1
P00669,2025-04-01,29,345.3,11.91,3.27,4,4,0
P00669,2025-05-01,31,375.3,12.11,3.33,7,4,1
P00669,2025-06-01,28,329.7,11.77,2.99,6,4,0
P00669,2025-07-01,30,389.5,12.98,2.6,7,4,0
P00669,2025-08-01,28,351.0,12.54,6.0,6,4,0
P00669,2025-08-31,29,362.6,12.5,0.6,5,4,2
P00669,2025-10-01,28,351.2,12.54,4.06,3,4,0
P00669,2025-10-31,30,375.1,12.5,1.95,11,4,1
P00669,2025-12-01,28,355.0,12.68,3.19,2,4,2
P00669,2025-12-31,28,349.6,12.49,2.03,14,4,1
P00669,2026-01-30,30,346.2,11.54,2.73,4,4,0
P00669,2026-03-02,27,331.1,12.26,1.18,3,4,0
P00669,2026-04-01,29,357.4,12.32,2.95,4,4,0
P00669,2026-05-02,29,348.2,12.01,3.17,5,4,2
P00669,2026-06-01,27,317.6,11.76,3.91,6,4,1
P00669,2026-07-02,30,350.9,11.7,0.48,7,4,1
P00669,2026-08-01,27,340.1,12.6,2.7,13,4,1
P00670,2024-08-31,29,216.5,7.47,0.62,4,4,0
P00670,2024-09-30,27,203.9,7.55,0.7,4,4,2
P00670,2024-10-31,28,205.8,7.35,1.06,3,4,3
P00670,2024-11-30,27,183.3,6.79,0.67,5,4,1
P00670,2024-12-31,27,208.2,7.71,0.52,2,4,4
P00670,2025-01-30,28,194.6,6.95,1.7,6,4,1
P00670,2025-03-02,25,188.8,7.55,4.69,1,4,1
P00670,2025-04-01,30,229.5,7.65,1.81,2,4,4
P00670,2025-05-01,28,206.1,7.36,0.78,7,4,1
P00670,2025-06-01,24,166.2,6.92,1.05,3,4,0
P00670,2025-07-01,27,195.4,7.24,6.0,6,4,1
P00670,2025-08-01,29,222.0,7.66,1.2,9,4,1
P00670,2025-08-31,28,222.9,7.96,1.17,6,4,2
P00670,2025-10-01,28,191.3,6.83,2.24,1,4,3
P00670,2025-10-31,28,209.2,7.47,2.18,5,4,2
P00670,2025-12-01,28,200.7,7.17,1.21,4,4,2
P00670,2025-12-31,28,195.4,6.98,0.2,3,4,2
P00670,2026-01-30,26,194.2,7.47,4.67,6,4,2
P00670,2026-03-02,28,192.5,6.87,0.53,5,4,2
P00670,2026-04-01,27,183.8,6.81,1.72,4,4,1
P00670,2026-05-02,27,212.8,7.88,2.94,5,4,1
P00670,2026-06-01,27,182.3,6.75,1.51,5,4,2
P00670,2026-07-02,29,223.1,7.69,1.0,1,4,4
P00670,2026-08-01,28,198.2,7.08,2.77,5,4,2
P00671,2024-08-31,28,365.8,13.06,3.35,4,4,1
P00671,2024-09-30,26,333.8,12.84,1.25,2,4,0
P00671,2024-10-31,28,356.3,12.72,1.66,4,4,0
P00671,2024-11-30,26,308.4,11.86,0.93,5,4,1
P00671,2024-12-31,29,387.4,13.36,0.26,4,4,0
P00671,2025-01-30,29,359.8,12.41,1.5,6,4,1
P00671,2025-03-02,31,403.5,13.02,2.19,5,4,0
P00671,2025-04-01,31,399.7,12.89,0.38,5,4,2
P00671,2025-05-01,30,387.6,12.92,0.78,2,4,1
P00671,2025-06-01,28,351.8,12.56,2.71,6,4,1
P00671,2025-07-01,27,339.6,12.58,0.78,4,4,1
P00671,2025-08-01,26,336.5,12.94,4.28,2,4,2
P00671,2025-08-31,31,409.0,13.19,2.71,8,4,0
P00671,2025-10-01,31,402.5,12.98,2.41,3,4,0
P00671,2025-10-31,30,401.8,13.39,2.07,5,4,2
P00671,2025-12-01,28,368.4,13.16,1.57,9,4,1
P00671,2025-12-31,27,358.3,13.27,1.49,3,4,2
P00671,2026-01-30,28,373.8,13.35,1.02,6,4,2
P00671,2026-03-02,31,408.3,13.17,1.11,4,4,0
P00671,2026-04-01,28,373.1,13.33,1.97,4,4,1
P00671,2026-05-02,27,374.4,13.87,2.63,5,4,1
P00671,2026-06-01,30,434.7,14.49,0.8,6,4,0
P00671,2026-07-02,27,358.7,13.29,0.57,5,4,0
P00671,2026-08-01,28,410.0,14.64,1.04,6,4,2
P00672,2024-08-31,29,384.3,13.25,0.63,3,4,2
P00672,2024-09-30,27,359.1,13.3,1.75,4,4,0
P00672,2024-10-31,28,389.9,13.92,2.33,6,4,1
P00672,2024-11-30,25,334.4,13.38,1.6,6,4,1
P00672,2024-12-31,27,372.1,13.78,0.82,8,4,0
P00672,2025-01-30,29,393.6,13.57,1.38,4,4,1
P00672,2025-03-02,30,406.6,13.55,3.98,7,4,1
P00672,2025-04-01,30,388.6,12.95,3.69,9,4,1
P00672,2025-05-01,27,371.7,13.77,0.98,5,4,2
P00672,2025-06-01,29,397.3,13.7,4.26,5,4,1
P00672,2025-07-01,29,416.1,14.35,1.23,6,4,1
P00672,2025-08-01,29,408.0,14.07,1.35,8,4,0
P00672,2025-08-31,28,407.1,14.54,3.38,5,4,0
P00672,2025-10-01,28,367.4,13.12,0.45,2,4,0
P00672,2025-10-31,29,404.4,13.95,6.0,3,4,0
P00672,2025-12-01,29,399.7,13.78,3.71,4,4,0
P00672,2025-12-31,28,391.4,13.98,5.31,5,4,1
P00672,2026-01-30,27,359.2,13.3,1.63,5,4,0
P00672,2026-03-02,28,385.3,13.76,1.36,1,4,0
P00672,2026-04-01,29,395.1,13.62,3.04,4,4,1
P00672,2026-05-02,27,350.4,12.98,4.43,6,4,2
P00672,2026-06-01,27,329.6,12.21,2.81,3,4,1
P00672,2026-07-02,25,310.2,12.41,2.11,4,4,2
P00672,2026-08-01,30,372.2,12.41,3.12,3,4,1
P00673,2024-08-31,27,353.8,13.1,3.58,3,4,1
P00673,2024-09-30,29,377.9,13.03,1.47,3,4,0
P00673,2024-10-31,25,309.5,12.38,1.59,6,4,0
P00673,2024-11-30,28,354.1,12.65,1.81,2,4,0
P00673,2024-12-31,27,332.6,12.32,0.71,1,4,0
P00673,2025-01-30,27,339.8,12.58,2.4,6,4,2
P00673,2025-03-02,28,346.0,12.36,0.78,6,4,0
P00673,2025-04-01,28,360.9,12.89,1.21,3,4,1
P00673,2025-05-01,27,345.8,12.81,1.26,5,4,1
P00673,2025-06-01,26,342.6,13.18,4.61,2,4,0
P00673,2025-07-01,25,329.0,13.16,1.04,4,4,1
P00673,2025-08-01,25,326.2,13.05,0.29,5,4,0
P00673,2025-08-31,26,346.4,13.32,1.91,2,4,1
P00673,2025-10-01,30,382.9,12.76,2.85,5,4,1
P00673,2025-10-31,27,333.6,12.36,3.23,3,4,0
P00673,2025-12-01,29,367.7,12.68,0.74,4,4,0
P00673,2025-12-31,30,401.7,13.39,0.2,4,4,1
P00673,2026-01-30,24,299.3,12.47,2.14,1,4,2
P00673,2026-03-02,26,327.0,12.58,6.0,2,4,1
P00673,2026-04-01,25,307.6,12.3,1.21,4,4,0
P00673,2026-05-02,26,327.7,12.6,0.58,8,4,0
P00673,2026-06-01,28,352.9,12.6,1.47,0,4,0
P00673,2026-07-02,26,323.1,12.43,2.83,3,4,2
P00673,2026-08-01,26,326.8,12.57,0.78,4,4,2
P00674,2024-08-31,27,351.2,13.01,1.67,5,4,1
P00674,2024-09-30,29,376.7,12.99,1.99,1,4,2
P00674,2024-10-31,27,354.2,13.12,3.24,4,4,1
P00674,2024-11-30,27,346.4,12.83,1.43,3,4,0
P00674,2024-12-31,24,311.2,12.97,1.82,4,4,3
P00674,2025-01-30,29,387.7,13.37,0.4,10,4,1
P00674,2025-03-02,24,295.4,12.31,1.87,2,4,0
P00674,2025-04-01,23,311.7,13.55,1.26,4,4,2
P00674,2025-05-01,27,381.1,14.11,2.72,4,4,1
P00674,2025-06-01,28,374.8,13.38,0.44,7,4,0
P00674,2025-07-01,24,326.5,13.61,2.35,5,4,1
P00674,2025-08-01,30,395.3,13.18,6.0,6,4,1
P00674,2025-08-31,26,362.6,13.95,1.03,6,4,1
P00674,2025-10-01,27,366.2,13.56,3.17,2,4,3
P00674,2025-10-31,27,368.9,13.66,1.32,3,4,0
P00674,2025-12-01,28,366.5,13.09,1.44,5,4,2
P00674,2025-12-31,25,324.5,12.98,1.56,6,4,1
P00674,2026-01-30,30,432.4,14.41,0.67,9,4,0
P00674,2026-03-02,26,341.6,13.14,3.22,2,4,0
P00674,2026-04-01,29,386.4,13.32,2.02,4,4,1
P00674,2026-05-02,28,393.0,14.04,1.59,7,4,1
P00674,2026-06-01,27,357.8,13.25,0.79,4,4,1
P00674,2026-07-02,28,376.3,13.44,1.73,6,4,1
P00674,2026-08-01,28,409.2,14.61,2.72,8,4,1
P00675,2024-08-31,31,413.9,13.35,6.0,7,4,1
P00675,2024-09-30,29,403.7,13.92,2.81,7,4,1
P00675,2024-10-31,28,385.7,13.77,3.53,2,4,0
P00675,2024-11-30,31,437.6,14.12,2.93,7,4,0
P00675,2024-12-31,28,389.9,13.93,0.97,13,4,1
P00675,2025-01-30,28,386.6,13.81,2.01,5,4,1
P00675,2025-03-02,29,395.3,13.63,2.96,9,4,0
P00675,2025-04-01,29,391.3,13.49,1.91,10,4,1
P00675,2025-05-01,28,371.2,13.26,2.97,6,4,0
P00675,2025-06-01,31,419.0,13.52,4.38,4,4,0
P00675,2025-07-01,28,367.8,13.14,4.72,5,4,1
P00675,2025-08-01,26,348.3,13.4,2.31,13,4,0
P00675,2025-08-31,30,420.4,14.01,3.31,7,4,1
P00675,2025-10-01,31,434.4,14.01,1.0,4,4,1
P00675,2025-10-31,29,385.2,13.28,1.44,1,4,2
P00675,2025-12-01,29,389.4,13.43,1.47,9,4,0
P00675,2025-12-31,29,390.8,13.48,2.41,4,4,1
P00675,2026-01-30,31,420.3,13.56,2.98,6,4,0
P00675,2026-03-02,31,416.0,13.42,4.39,8,4,1
P00675,2026-04-01,29,362.7,12.51,1.99,7,4,0
P00675,2026-05-02,29,395.7,13.65,3.07,6,4,1
P00675,2026-06-01,31,385.8,12.45,1.01,8,4,3
P00675,2026-07-02,28,352.4,12.59,4.67,6,4,1
P00675,2026-08-01,27,343.4,12.72,4.17,9,4,1
P00676,2024-08-31,28,404.2,14.44,3.9,8,4,2
P00676,2024-09-30,29,399.3,13.77,1.93,8,4,0
P00676,2024-10-31,31,425.8,13.74,3.85,3,4,3
P00676,2024-11-30,31,422.2,13.62,2.35,9,4,1
P00676,2024-12-31,29,408.0,14.07,4.54,7,4,0
P00676,2025-01-30,30,438.4,14.61,4.08,9,4,2
P00676,2025-03-02,27,395.4,14.64,2.03,10,4,3
P00676,2025-04-01,28,394.6,14.09,1.4,6,4,1
P00676,2025-05-01,27,409.3,15.16,2.07,8,4,1
P00676,2025-06-01,27,369.9,13.7,6.0,5,4,0
P00676,2025-07-01,29,409.2,14.11,1.56,10,4,1
P00676,2025-08-01,29,414.3,14.29,6.0,10,4,1
P00676,2025-08-31,29,420.4,14.5,6.0,8,4,2
P00676,2025-10-01,27,378.0,14.0,2.73,5,4,2
P00676,2025-10-31,31,431.8,13.93,4.32,8,4,0
P00676,2025-12-01,30,422.0,14.07,6.0,8,4,0
P00676,2025-12-31,31,440.5,14.21,2.75,8,4,2
P00676,2026-01-30,28,389.5,13.91,1.65,9,4,0
P00676,2026-03-02,27,378.9,14.03,1.94,5,4,3
P00676,2026-04-01,31,420.0,13.55,1.47,6,4,1
P00676,2026-05-02,30,401.1,13.37,6.0,11,4,3
P00676,2026-06-01,31,421.5,13.6,3.38,9,4,1
P00676,2026-07-02,30,404.7,13.49,2.81,5,4,2
P00676,2026-08-01,29,409.2,14.11,5.04,6,4,0
P00677,2024-08-31,27,353.7,13.1,0.31,5,4,1
P00677,2024-09-30,30,388.3,12.94,1.09,8,4,2
P00677,2024-10-31,28,386.2,13.79,1.83,4,4,1
P00677,2024-11-30,29,388.4,13.39,2.4,3,4,2
P00677,2024-12-31,25,343.8,13.75,1.43,5,4,1
P00677,2025-01-30,30,415.8,13.86,2.72,5,4,1
P00677,2025-03-02,25,342.7,13.71,4.0,7,4,1
P00677,2025-04-01,28,372.4,13.3,1.9,1,4,0
P00677,2025-05-01,29,378.5,13.05,2.41,5,4,1
P00677,2025-06-01,30,388.9,12.96,4.19,8,4,1
P00677,2025-07-01,28,363.3,12.97,0.99,4,4,1
P00677,2025-08-01,27,356.9,13.22,4.36,6,4,0
P00677,2025-08-31,29,384.4,13.26,1.93,5,4,2
P00677,2025-10-01,27,357.5,13.24,2.46,5,4,1
P00677,2025-10-31,29,371.3,12.8,4.55,5,4,1
P00677,2025-12-01,30,416.2,13.87,4.43,6,4,2
P00677,2025-12-31,28,370.6,13.23,3.43,10,4,1
P00677,2026-01-30,27,350.4,12.98,1.23,2,4,2
P00677,2026-03-02,28,376.5,13.44,3.4,5,4,1
P00677,2026-04-01,25,330.9,13.23,2.76,4,4,0
P00677,2026-05-02,29,370.0,12.76,2.27,3,4,0
P00677,2026-06-01,31,413.4,13.34,2.66,5,4,1
P00677,2026-07-02,30,408.3,13.61,4.4,7,4,2
P00677,2026-08-01,28,382.4,13.66,3.8,4,4,0
P00678,2024-08-31,30,288.1,9.6,0.29,6,4,0
P00678,2024-09-30,30,265.8,8.86,2.3,8,4,4
P00678,2024-10-31,29,256.7,8.85,0.58,6,4,2
P00678,2024-11-30,31,284.1,9.17,2.63,6,4,2
P00678,2024-12-31,28,245.1,8.75,1.18,5,4,1
P00678,2025-01-30,27,235.3,8.71,5.41,4,4,2
P00678,2025-03-02,31,274.3,8.85,2.77,3,4,3
P00678,2025-04-01,28,240.9,8.6,2.39,7,4,4
P00678,2025-05-01,27,238.3,8.83,1.46,8,4,3
P00678,2025-06-01,31,262.6,8.47,0.51,5,4,1
P00678,2025-07-01,27,239.4,8.87,4.99,9,4,3
P00678,2025-08-01,27,236.3,8.75,3.14,9,4,1
P00678,2025-08-31,29,247.0,8.52,1.27,5,4,3
P00678,2025-10-01,28,242.8,8.67,1.24,10,4,2
P00678,2025-10-31,31,275.9,8.9,0.94,4,4,3
P00678,2025-12-01,31,304.5,9.82,4.38,5,4,2
P00678,2025-12-31,27,246.9,9.14,5.54,5,4,1
P00678,2026-01-30,27,243.2,9.01,6.0,6,4,2
P00678,2026-03-02,28,229.7,8.2,0.7,5,4,4
P00678,2026-04-01,30,279.0,9.3,1.07,7,4,2
P00678,2026-05-02,27,244.5,9.06,1.62,5,4,2
P00678,2026-06-01,29,266.0,9.17,2.24,10,4,2
P00678,2026-07-02,27,272.6,10.1,3.74,5,4,2
P00678,2026-08-01,30,283.1,9.44,1.73,10,4,2
P00679,2024-08-31,26,334.1,12.85,6.0,6,4,0
P00679,2024-09-30,27,311.2,11.52,0.75,1,4,1
P00679,2024-10-31,27,344.4,12.75,1.12,4,4,1
P00679,2024-11-30,27,330.0,12.22,2.45,1,4,0
P00679,2024-12-31,26,331.3,12.74,1.54,4,4,3
P00679,2025-01-30,29,356.6,12.29,2.23,6,4,0
P00679,2025-03-02,26,342.2,13.16,1.74,3,4,2
P00679,2025-04-01,30,364.4,12.15,2.0,6,4,0
P00679,2025-05-01,28,354.1,12.65,0.82,5,4,1
P00679,2025-06-01,26,313.3,12.05,1.83,7,4,1
P00679,2025-07-01,30,361.3,12.04,0.39,1,4,0
P00679,2025-08-01,27,323.7,11.99,0.69,4,4,1
P00679,2025-08-31,29,369.1,12.73,0.61,0,4,1
P00679,2025-10-01,28,355.1,12.68,2.74,6,4,2
P00679,2025-10-31,30,362.5,12.08,0.89,3,4,0
P00679,2025-12-01,26,318.8,12.26,1.94,3,4,1
P00679,2025-12-31,27,309.8,11.47,0.99,7,4,2
P00679,2026-01-30,26,317.5,12.21,0.95,5,4,0
P00679,2026-03-02,27,315.6,11.69,1.73,1,4,1
P00679,2026-04-01,30,363.9,12.13,3.2,3,4,1
P00679,2026-05-02,27,339.2,12.56,5.05,2,4,0
P00679,2026-06-01,26,319.3,12.28,1.68,4,4,0
P00679,2026-07-02,25,326.8,13.07,1.71,3,4,1
P00679,2026-08-01,27,318.8,11.81,0.2,5,4,2
P00680,2024-08-31,29,416.8,14.37,0.91,8,4,2
P00680,2024-09-30,29,425.9,14.69,0.39,3,4,4
P00680,2024-10-31,31,472.7,15.25,0.5,7,4,3
P00680,2024-11-30,29,424.5,14.64,0.28,2,4,4
P00680,2024-12-31,25,380.3,15.21,0.33,8,4,4
P00680,2025-01-30,28,421.3,15.05,1.61,9,4,3
P00680,2025-03-02,29,430.3,14.84,0.64,3,4,3
P00680,2025-04-01,26,402.8,15.49,1.26,9,4,4
P00680,2025-05-01,29,418.4,14.43,1.01,8,4,4
P00680,2025-06-01,31,447.6,14.44,1.09,12,4,2
P00680,2025-07-01,31,468.5,15.11,1.24,4,4,4
P00680,2025-08-01,29,426.0,14.69,0.72,6,4,1
P00680,2025-08-31,28,423.4,15.12,1.45,6,4,3
P00680,2025-10-01,31,470.9,15.19,1.29,6,4,4
P00680,2025-10-31,30,443.0,14.77,0.84,13,4,3
P00680,2025-12-01,28,428.5,15.31,0.7,6,4,2
P00680,2025-12-31,28,420.0,15.0,0.4,3,4,4
P00680,2026-01-30,29,442.7,15.27,1.0,10,4,4
P00680,2026-03-02,31,452.9,14.61,1.09,6,4,3
P00680,2026-04-01,25,376.9,15.07,1.85,5,4,4
P00680,2026-05-02,30,447.4,14.91,2.49,2,4,3
P00680,2026-06-01,30,456.7,15.22,0.44,2,4,4
P00680,2026-07-02,29,444.9,15.34,0.34,4,4,1
P00680,2026-08-01,27,403.0,14.92,1.26,6,4,4
P00681,2024-08-31,28,357.3,12.76,3.4,5,4,0
P00681,2024-09-30,27,345.2,12.79,3.38,5,4,0
P00681,2024-10-31,27,352.0,13.04,0.38,2,4,1
P00681,2024-11-30,27,348.8,12.92,1.87,9,4,1
P00681,2024-12-31,25,327.3,13.09,1.68,2,4,1
P00681,2025-01-30,29,407.1,14.04,4.5,8,4,0
P00681,2025-03-02,30,409.5,13.65,2.44,4,4,1
P00681,2025-04-01,27,364.4,13.5,1.94,4,4,0
P00681,2025-05-01,29,386.3,13.32,2.14,4,4,0
P00681,2025-06-01,27,363.0,13.44,0.74,3,4,0
P00681,2025-07-01,28,376.5,13.45,1.3,9,4,1
P00681,2025-08-01,28,371.4,13.26,3.19,5,4,0
P00681,2025-08-31,29,387.6,13.37,1.36,3,4,0
P00681,2025-10-01,29,384.4,13.26,4.37,4,4,2
P00681,2025-10-31,28,357.3,12.76,1.0,5,4,2
P00681,2025-12-01,30,396.9,13.23,0.74,3,4,0
P00681,2025-12-31,27,356.7,13.21,1.84,4,4,1
P00681,2026-01-30,25,335.1,13.4,1.05,2,4,0
P00681,2026-03-02,27,372.5,13.8,1.23,2,4,1
P00681,2026-04-01,24,338.7,14.11,2.59,5,4,1
P00681,2026-05-02,28,392.9,14.03,0.64,3,4,1
P00681,2026-06-01,28,383.5,13.7,1.88,2,4,0
P00681,2026-07-02,28,370.9,13.24,1.17,4,4,1
P00681,2026-08-01,28,391.8,13.99,1.12,3,4,1
P00682,2024-08-31,28,255.2,9.12,1.89,3,4,3
P00682,2024-09-30,30,252.6,8.42,1.7,4,4,3
P00682,2024-10-31,28,267.4,9.55,1.7,7,4,3
P00682,2024-11-30,30,268.8,8.96,1.91,5,4,2
P00682,2024-12-31,29,259.0,8.93,6.0,4,4,1
P00682,2025-01-30,29,257.3,8.87,6.0,3,4,2
P00682,2025-03-02,30,300.9,10.03,2.98,7,4,2
P00682,2025-04-01,31,280.3,9.04,5.49,6,4,2
P00682,2025-05-01,29,254.1,8.76,2.04,9,4,3
P00682,2025-06-01,29,272.0,9.38,2.82,5,4,3
P00682,2025-07-01,30,280.4,9.35,1.83,8,4,4
P00682,2025-08-01,30,273.8,9.13,3.34,4,4,1
P00682,2025-08-31,31,296.8,9.58,3.31,5,4,3
P00682,2025-10-01,27,244.5,9.05,0.49,8,4,2
P00682,2025-10-31,27,252.7,9.36,3.49,6,4,2
P00682,2025-12-01,29,252.1,8.69,4.29,5,4,3
P00682,2025-12-31,28,271.7,9.7,4.38,7,4,2
P00682,2026-01-30,28,251.1,8.97,1.53,10,4,1
P00682,2026-03-02,29,261.8,9.03,1.56,7,4,1
P00682,2026-04-01,30,277.1,9.24,0.28,7,4,2
P00682,2026-05-02,27,248.7,9.21,0.86,8,4,4
P00682,2026-06-01,31,288.6,9.31,6.0,8,4,1
P00682,2026-07-02,28,250.6,8.95,0.82,8,4,1
P00682,2026-08-01,28,266.6,9.52,1.77,4,4,4
P00683,2024-08-31,25,344.7,13.79,2.04,6,4,2
P00683,2024-09-30,31,426.5,13.76,2.0,6,4,2
P00683,2024-10-31,29,407.6,14.05,2.45,5,4,0
P00683,2024-11-30,29,387.5,13.36,4.04,6,4,1
P00683,2024-12-31,25,332.0,13.28,0.71,3,4,1
P00683,2025-01-30,28,382.6,13.66,1.87,8,4,0
P00683,2025-03-02,30,393.2,13.11,3.02,4,4,3
P00683,2025-04-01,27,328.8,12.18,4.28,4,4,0
P00683,2025-05-01,30,365.0,12.17,2.7,4,4,1
P00683,2025-06-01,27,331.7,12.28,1.91,7,4,1
P00683,2025-07-01,30,379.3,12.64,1.1,7,4,2
P00683,2025-08-01,29,379.8,13.1,2.76,4,4,1
P00683,2025-08-31,29,365.1,12.59,1.09,6,4,0
P00683,2025-10-01,29,371.9,12.82,0.52,4,4,0
P00683,2025-10-31,30,382.3,12.74,0.77,6,4,0
P00683,2025-12-01,30,381.6,12.72,0.69,5,4,0
P00683,2025-12-31,28,361.0,12.89,0.74,7,4,0
P00683,2026-01-30,27,349.4,12.94,0.44,5,4,0
P00683,2026-03-02,27,348.3,12.9,1.59,5,4,0
P00683,2026-04-01,28,346.5,12.38,0.29,6,4,2
P00683,2026-05-02,28,349.1,12.47,0.66,2,4,0
P00683,2026-06-01,27,348.9,12.92,1.81,4,4,2
P00683,2026-07-02,26,335.2,12.89,1.8,3,4,1
P00683,2026-08-01,27,317.4,11.76,2.33,1,4,0
P00684,2024-08-31,28,373.0,13.32,3.16,6,4,1
P00684,2024-09-30,31,413.3,13.33,1.45,6,4,1
P00684,2024-10-31,30,384.9,12.83,5.63,6,4,2
P00684,2024-11-30,31,418.5,13.5,3.41,6,4,2
P00684,2024-12-31,29,393.9,13.58,2.52,5,4,0
P00684,2025-01-30,28,355.4,12.69,3.14,7,4,2
P00684,2025-03-02,28,369.0,13.18,4.45,9,4,1
P00684,2025-04-01,28,366.8,13.1,3.18,10,4,1
P00684,2025-05-01,31,414.8,13.38,6.0,11,4,2
P00684,2025-06-01,27,346.8,12.84,2.58,11,4,0
P00684,2025-07-01,28,367.7,13.13,1.4,8,4,0
P00684,2025-08-01,29,374.7,12.92,1.05,6,4,0
P00684,2025-08-31,29,381.0,13.14,3.93,8,4,1
P00684,2025-10-01,28,370.8,13.24,2.41,8,4,1
P00684,2025-10-31,27,378.6,14.02,3.38,7,4,1
P00684,2025-12-01,29,384.3,13.25,6.0,5,4,1
P00684,2025-12-31,30,406.6,13.55,6.0,9,4,0
P00684,2026-01-30,27,356.9,13.22,1.85,2,4,0
P00684,2026-03-02,30,404.7,13.49,5.26,3,4,2
P00684,2026-04-01,28,378.9,13.53,6.0,12,4,0
P00684,2026-05-02,27,373.2,13.82,3.25,13,4,1
P00684,2026-06-01,31,414.4,13.37,2.67,3,4,2
P00684,2026-07-02,29,384.7,13.26,6.0,4,4,0
P00684,2026-08-01,30,381.5,12.72,3.66,10,4,1
P00685,2024-08-31,28,360.1,12.86,1.98,4,4,0
P00685,2024-09-30,28,360.3,12.87,3.09,7,4,1
P00685,2024-10-31,28,358.3,12.8,0.42,0,4,0
P00685,2024-11-30,26,349.5,13.44,0.6,4,4,0
P00685,2024-12-31,26,325.1,12.5,0.95,5,4,1
P00685,2025-01-30,30,390.4,13.01,0.94,0,4,1
P00685,2025-03-02,25,316.2,12.65,1.46,3,4,0
P00685,2025-04-01,26,337.0,12.96,0.99,3,4,2
P00685,2025-05-01,28,362.3,12.94,3.38,2,4,0
P00685,2025-06-01,29,405.0,13.97,2.16,5,4,0
P00685,2025-07-01,26,366.6,14.1,4.91,3,4,1
P00685,2025-08-01,26,337.6,12.99,4.1,5,4,0
P00685,2025-08-31,27,367.5,13.61,0.86,2,4,1
P00685,2025-10-01,28,368.3,13.16,1.05,3,4,0
P00685,2025-10-31,27,353.9,13.11,3.31,2,4,0
P00685,2025-12-01,26,339.1,13.04,1.43,4,4,0
P00685,2025-12-31,29,396.9,13.69,2.22,2,4,0
P00685,2026-01-30,26,346.2,13.32,2.32,3,4,1
P00685,2026-03-02,25,335.0,13.4,0.7,7,4,0
P00685,2026-04-01,29,383.2,13.21,3.13,1,4,1
P00685,2026-05-02,26,345.3,13.28,0.92,4,4,1
P00685,2026-06-01,26,357.0,13.73,0.91,5,4,2
P00685,2026-07-02,25,325.8,13.03,0.99,4,4,0
P00685,2026-08-01,25,341.0,13.64,2.06,5,4,0
P00686,2024-08-31,29,385.4,13.29,1.28,8,4,1
P00686,2024-09-30,27,358.6,13.28,2.18,12,4,1
P00686,2024-10-31,31,412.6,13.31,6.0,7,4,0
P00686,2024-11-30,27,364.5,13.5,5.78,9,4,1
P00686,2024-12-31,31,419.6,13.54,1.22,7,4,1
P00686,2025-01-30,28,380.7,13.6,1.49,5,4,1
P00686,2025-03-02,29,423.2,14.59,3.9,5,4,0
P00686,2025-04-01,25,339.5,13.58,5.64,5,4,0
P00686,2025-05-01,27,385.8,14.29,1.23,7,4,1
P00686,2025-06-01,27,380.9,14.11,2.45,5,4,0
P00686,2025-07-01,29,418.2,14.42,2.27,7,4,1
P00686,2025-08-01,29,407.9,14.07,3.05,6,4,0
P00686,2025-08-31,27,377.0,13.96,2.54,7,4,2
P00686,2025-10-01,31,430.3,13.88,4.46,9,4,1
P00686,2025-10-31,29,400.7,13.82,1.97,7,4,0
P00686,2025-12-01,28,379.7,13.56,1.61,6,4,2
P00686,2025-12-31,30,436.3,14.54,1.59,8,4,0
P00686,2026-01-30,28,377.1,13.47,2.84,5,4,1
P00686,2026-03-02,29,408.2,14.08,1.81,6,4,3
P00686,2026-04-01,31,421.5,13.6,0.6,8,4,0
P00686,2026-05-02,28,397.2,14.19,1.76,7,4,1
P00686,2026-06-01,29,399.4,13.77,1.39,9,4,2
P00686,2026-07-02,31,431.6,13.92,3.66,6,4,1
P00686,2026-08-01,24,335.9,14.0,1.37,5,4,2
P00687,2024-08-31,29,331.1,11.42,5.98,12,4,2
P00687,2024-09-30,28,313.5,11.2,4.36,11,4,1
P00687,2024-10-31,27,305.9,11.33,4.94,7,4,0
P00687,2024-11-30,31,349.6,11.28,2.35,8,4,0
P00687,2024-12-31,31,358.1,11.55,3.0,11,4,1
P00687,2025-01-30,29,340.8,11.75,2.44,5,4,1
P00687,2025-03-02,29,348.7,12.02,6.0,8,4,1
P00687,2025-04-01,28,322.8,11.53,2.8,4,4,1
P00687,2025-05-01,26,278.9,10.73,6.0,5,4,0
P00687,2025-06-01,29,324.5,11.19,3.77,12,4,0
P00687,2025-07-01,31,326.8,10.54,2.85,6,4,2
P00687,2025-08-01,28,298.9,10.67,0.78,8,4,0
P00687,2025-08-31,30,309.4,10.31,3.34,4,4,1
P00687,2025-10-01,29,304.0,10.48,1.9,7,4,0
P00687,2025-10-31,29,323.4,11.15,2.46,5,4,1
P00687,2025-12-01,26,291.1,11.2,2.11,6,4,0
P00687,2025-12-31,30,327.7,10.92,3.47,4,4,2
P00687,2026-01-30,28,302.3,10.8,2.33,4,4,2
P00687,2026-03-02,28,296.7,10.6,3.15,10,4,0
P00687,2026-04-01,31,335.5,10.82,2.92,9,4,0
P00687,2026-05-02,29,302.2,10.42,4.51,13,4,1
P00687,2026-06-01,31,328.2,10.59,1.15,7,4,0
P00687,2026-07-02,28,292.9,10.46,2.98,9,4,1
P00687,2026-08-01,30,300.8,10.03,6.0,5,4,2
P00688,2024-08-31,27,322.0,11.93,1.51,2,4,1
P00688,2024-09-30,26,325.5,12.52,0.2,7,4,1
P00688,2024-10-31,27,331.9,12.29,4.55,2,4,2
P00688,2024-11-30,28,341.6,12.2,1.05,2,4,1
P00688,2024-12-31,26,326.1,12.54,0.98,3,4,1
P00688,2025-01-30,28,317.6,11.34,0.51,2,4,0
P00688,2025-03-02,27,330.7,12.25,0.96,4,4,1
P00688,2025-04-01,27,316.8,11.73,1.66,1,4,1
P00688,2025-05-01,27,328.7,12.17,2.99,4,4,0
P00688,2025-06-01,28,340.2,12.15,0.2,3,4,0
P00688,2025-07-01,24,297.3,12.39,1.27,5,4,2
P00688,2025-08-01,28,319.9,11.43,4.5,3,4,2
P00688,2025-08-31,28,315.3,11.26,6.0,3,4,2
P00688,2025-10-01,27,306.0,11.33,1.87,5,4,0
P00688,2025-10-31,27,321.0,11.89,2.07,2,4,2
P00688,2025-12-01,30,334.2,11.14,1.85,2,4,1
P00688,2025-12-31,25,283.0,11.32,0.46,4,4,2
P00688,2026-01-30,29,318.6,10.98,1.22,2,4,1
P00688,2026-03-02,26,286.7,11.03,3.1,5,4,1
P00688,2026-04-01,26,300.0,11.54,0.43,4,4,0
P00688,2026-05-02,27,299.6,11.1,1.31,4,4,1
P00688,2026-06-01,27,307.4,11.39,1.04,5,4,1
P00688,2026-07-02,28,312.8,11.17,1.88,1,4,0
P00688,2026-08-01,26,298.0,11.46,1.01,1,4,1
P00689,2024-08-31,26,231.3,8.9,1.45,8,4,4
P00689,2024-09-30,30,274.3,9.14,1.55,6,4,3
P00689,2024-10-31,26,221.3,8.51,0.59,5,4,3
P00689,2024-11-30,30,267.9,8.93,3.54,8,4,3
P00689,2024-12-31,29,255.2,8.8,2.64,8,4,4
P00689,2025-01-30,27,244.5,9.06,1.06,7,4,1
P00689,2025-03-02,28,245.2,8.76,1.85,5,4,0
P00689,2025-04-01,29,253.9,8.76,0.38,6,4,4
P00689,2025-05-01,31,269.5,8.69,2.45,7,4,4
P00689,2025-06-01,26,218.6,8.41,3.97,4,4,2
P00689,2025-07-01,29,249.8,8.62,0.65,3,4,1
P00689,2025-08-01,29,247.4,8.53,6.0,6,4,3
P00689,2025-08-31,29,244.7,8.44,0.35,5,4,1
P00689,2025-10-01,29,263.3,9.08,0.78,5,4,4
P00689,2025-10-31,28,239.1,8.54,0.84,4,4,3
P00689,2025-12-01,27,243.4,9.02,0.95,6,4,4
P00689,2025-12-31,29,239.6,8.26,0.9,2,4,2
P00689,2026-01-30,28,230.1,8.22,3.73,7,4,1
P00689,2026-03-02,28,246.3,8.8,2.29,7,4,4
P00689,2026-04-01,30,236.4,7.88,3.65,3,4,2
P00689,2026-05-02,30,255.2,8.51,2.89,6,4,2
P00689,2026-06-01,29,235.4,8.12,6.0,7,4,3
P00689,2026-07-02,28,227.9,8.14,0.58,6,4,2
P00689,2026-08-01,30,258.7,8.62,1.23,10,4,2
P00690,2024-08-31,29,277.3,9.56,6.0,8,4,1
P00690,2024-09-30,28,262.5,9.37,1.93,8,4,2
P00690,2024-10-31,28,268.2,9.58,5.17,12,4,3
P00690,2024-11-30,29,280.9,9.69,3.19,12,4,1
P00690,2024-12-31,28,254.5,9.09,0.2,14,4,2
P00690,2025-01-30,28,269.8,9.64,3.38,2,4,2
P00690,2025-03-02,28,282.4,10.09,0.59,8,4,2
P00690,2025-04-01,30,317.8,10.59,2.18,9,4,4
P00690,2025-05-01,31,320.6,10.34,5.35,10,4,2
P00690,2025-06-01,29,295.1,10.18,3.12,9,4,3
P00690,2025-07-01,27,291.7,10.81,2.22,7,4,3
P00690,2025-08-01,31,315.2,10.17,0.2,7,4,1
P00690,2025-08-31,28,278.5,9.95,0.76,8,4,3
P00690,2025-10-01,30,298.6,9.95,4.99,9,4,2
P00690,2025-10-31,29,293.6,10.12,0.73,7,4,4
P00690,2025-12-01,31,306.6,9.89,2.63,7,4,2
P00690,2025-12-31,28,270.9,9.68,2.22,5,4,3
P00690,2026-01-30,29,295.7,10.2,1.5,7,4,2
P00690,2026-03-02,28,269.3,9.62,0.9,5,4,1
P00690,2026-04-01,30,294.1,9.8,1.21,7,4,1
P00690,2026-05-02,29,258.2,8.9,1.81,5,4,4
P00690,2026-06-01,28,282.3,10.08,0.83,4,4,2
P00690,2026-07-02,31,289.0,9.32,6.0,6,4,2
P00690,2026-08-01,31,304.8,9.83,0.39,8,4,2
P00691,2024-08-31,27,355.3,13.16,1.33,8,4,1
P00691,2024-09-30,27,347.5,12.87,0.47,6,4,0
P00691,2024-10-31,28,372.6,13.31,2.01,6,4,0
P00691,2024-11-30,29,395.9,13.65,4.98,8,4,1
P00691,2024-12-31,29,398.2,13.73,5.56,2,4,0
P00691,2025-01-30,29,406.3,14.01,1.65,4,4,1
P00691,2025-03-02,25,365.0,14.6,3.31,5,4,1
P00691,2025-04-01,25,346.4,13.86,1.34,5,4,1
P00691,2025-05-01,29,404.7,13.96,3.53,4,4,1
P00691,2025-06-01,27,382.0,14.15,0.2,6,4,0
P00691,2025-07-01,30,448.1,14.94,3.22,7,4,0
P00691,2025-08-01,27,381.1,14.12,2.74,4,4,0
P00691,2025-08-31,28,398.0,14.21,6.0,4,4,0
P00691,2025-10-01,26,368.2,14.16,0.86,6,4,1
P00691,2025-10-31,25,371.9,14.87,2.37,9,4,0
P00691,2025-12-01,29,414.8,14.3,0.2,5,4,1
P00691,2025-12-31,31,453.3,14.62,5.12,6,4,1
P00691,2026-01-30,27,393.9,14.59,3.46,3,4,1
P00691,2026-03-02,30,421.9,14.06,2.01,1,4,0
P00691,2026-04-01,29,405.5,13.98,1.73,7,4,1
P00691,2026-05-02,29,402.5,13.88,2.38,4,4,1
P00691,2026-06-01,27,384.3,14.23,1.57,4,4,0
P00691,2026-07-02,29,419.8,14.48,3.28,3,4,1
P00691,2026-08-01,29,434.4,14.98,0.85,8,4,2
P00692,2024-08-31,26,335.2,12.89,1.24,1,4,1
P00692,2024-09-30,27,338.1,12.52,1.84,5,4,0
P00692,2024-10-31,26,315.3,12.13,0.6,2,4,2
P00692,2024-11-30,26,319.6,12.29,1.2,3,4,1
P00692,2024-12-31,25,302.9,12.12,3.07,5,4,0
P00692,2025-01-30,28,338.3,12.08,0.78,3,4,0
P00692,2025-03-02,26,316.6,12.18,2.67,2,4,0
P00692,2025-04-01,28,357.4,12.76,2.37,2,4,1
P00692,2025-05-01,28,327.6,11.7,0.57,3,4,2
P00692,2025-06-01,28,331.0,11.82,0.51,2,4,1
P00692,2025-07-01,26,318.9,12.27,4.74,1,4,1
P00692,2025-08-01,25,291.4,11.66,1.2,3,4,1
P00692,2025-08-31,25,292.6,11.7,2.57,5,4,0
P00692,2025-10-01,24,267.0,11.12,4.87,4,4,1
P00692,2025-10-31,28,287.2,10.26,2.32,3,4,1
P00692,2025-12-01,26,284.8,10.95,1.51,3,4,0
P00692,2025-12-31,27,303.9,11.26,3.58,4,4,1
P00692,2026-01-30,27,288.3,10.68,0.81,3,4,0
P00692,2026-03-02,25,270.7,10.83,2.88,3,4,0
P00692,2026-04-01,24,267.8,11.16,4.31,2,4,1
P00692,2026-05-02,27,280.1,10.37,0.64,3,4,1
P00692,2026-06-01,24,254.2,10.59,1.02,3,4,0
P00692,2026-07-02,27,287.9,10.66,1.29,1,4,2
P00692,2026-08-01,27,287.0,10.63,1.06,5,4,1
P00693,2024-08-31,28,369.3,13.19,1.96,8,4,1
P00693,2024-09-30,29,367.7,12.68,1.57,4,4,1
P00693,2024-10-31,27,342.6,12.69,1.86,3,4,0
P00693,2024-11-30,30,389.0,12.97,4.11,6,4,2
P00693,2024-12-31,30,394.5,13.15,0.58,9,4,2
P00693,2025-01-30,28,391.3,13.98,2.62,5,4,1
P00693,2025-03-02,31,416.9,13.45,2.63,5,4,2
P00693,2025-04-01,30,417.6,13.92,2.17,3,4,1
P00693,2025-05-01,29,403.3,13.91,6.0,4,4,2
P00693,2025-06-01,29,400.2,13.8,3.79,3,4,0
P00693,2025-07-01,30,432.7,14.42,1.87,4,4,0
P00693,2025-08-01,28,400.7,14.31,2.68,4,4,0
P00693,2025-08-31,26,367.0,14.12,4.36,5,4,1
P00693,2025-10-01,29,409.0,14.1,2.84,6,4,0
P00693,2025-10-31,27,402.4,14.9,2.41,6,4,0
P00693,2025-12-01,26,364.3,14.01,1.17,6,4,0
P00693,2025-12-31,30,436.3,14.54,1.27,6,4,1
P00693,2026-01-30,28,390.9,13.96,0.99,6,4,1
P00693,2026-03-02,27,412.7,15.28,0.51,5,4,0
P00693,2026-04-01,29,426.4,14.7,6.0,6,4,2
P00693,2026-05-02,26,385.0,14.81,2.13,1,4,0
P00693,2026-06-01,31,474.9,15.32,1.71,3,4,1
P00693,2026-07-02,29,454.6,15.68,6.0,5,4,0
P00693,2026-08-01,29,461.3,15.91,2.52,8,4,3
P00694,2024-08-31,27,353.7,13.1,3.63,7,4,2
P00694,2024-09-30,29,360.1,12.42,1.95,5,4,1
P00694,2024-10-31,29,383.7,13.23,1.7,3,4,1
P00694,2024-11-30,26,344.4,13.25,1.19,6,4,2
P00694,2024-12-31,27,340.8,12.62,1.06,4,4,2
P00694,2025-01-30,28,365.5,13.05,0.56,2,4,0
P00694,2025-03-02,27,334.6,12.39,2.91,5,4,0
P00694,2025-04-01,28,353.3,12.62,1.67,8,4,0
P00694,2025-05-01,27,314.1,11.63,3.29,4,4,1
P00694,2025-06-01,29,320.9,11.07,2.06,3,4,0
P00694,2025-07-01,29,340.4,11.74,1.63,5,4,0
P00694,2025-08-01,27,330.1,12.23,0.2,4,4,1
P00694,2025-08-31,28,325.1,11.61,3.74,2,4,1
P00694,2025-10-01,27,299.0,11.07,1.26,5,4,0
P00694,2025-10-31,26,304.6,11.71,1.63,3,4,1
P00694,2025-12-01,28,327.4,11.69,1.49,6,4,0
P00694,2025-12-31,31,346.8,11.19,0.95,8,4,0
P00694,2026-01-30,28,309.3,11.05,2.45,3,4,0
P00694,2026-03-02,27,282.2,10.45,1.03,4,4,3
P00694,2026-04-01,30,332.4,11.08,1.03,5,4,2
P00694,2026-05-02,28,322.9,11.53,1.02,8,4,0
P00694,2026-06-01,25,271.0,10.84,2.41,4,4,1
P00694,2026-07-02,27,287.8,10.66,0.92,8,4,2
P00694,2026-08-01,24,263.1,10.96,4.32,5,4,2
P00695,2024-08-31,30,408.9,13.63,3.36,8,4,1
P00695,2024-09-30,31,414.8,13.38,1.91,5,4,0
P00695,2024-10-31,29,391.4,13.5,1.24,5,4,1
P00695,2024-11-30,29,378.6,13.05,0.88,2,4,0
P00695,2024-12-31,31,407.8,13.15,3.59,7,4,1
P00695,2025-01-30,28,365.7,13.06,2.86,5,4,0
P00695,2025-03-02,29,379.8,13.1,2.58,5,4,1
P00695,2025-04-01,28,351.2,12.54,2.34,8,4,3
P00695,2025-05-01,28,357.5,12.77,2.09,11,4,0
P00695,2025-06-01,30,385.4,12.85,4.81,6,4,1
P00695,2025-07-01,30,385.7,12.86,1.65,2,4,0
P00695,2025-08-01,31,380.2,12.26,2.67,15,4,0
P00695,2025-08-31,29,350.1,12.07,2.53,10,4,0
P00695,2025-10-01,29,335.2,11.56,6.0,6,4,0
P00695,2025-10-31,28,331.0,11.82,3.11,7,4,1
P00695,2025-12-01,29,360.6,12.44,1.95,10,4,1
P00695,2025-12-31,29,338.9,11.69,1.23,8,4,1
P00695,2026-01-30,31,378.7,12.22,1.33,6,4,0
P00695,2026-03-02,30,341.8,11.39,1.79,3,4,1
P00695,2026-04-01,31,365.0,11.78,1.9,4,4,1
P00695,2026-05-02,29,364.8,12.58,1.12,11,4,2
P00695,2026-06-01,28,343.0,12.25,2.04,9,4,0
P00695,2026-07-02,29,341.9,11.79,1.84,7,4,3
P00695,2026-08-01,29,335.9,11.58,4.99,5,4,0
P00696,2024-08-31,27,326.8,12.1,1.49,2,4,0
P00696,2024-09-30,26,317.7,12.22,1.71,6,4,0
P00696,2024-10-31,26,322.9,12.42,1.03,5,4,1
P00696,2024-11-30,27,320.9,11.88,0.2,3,4,0
P00696,2024-12-31,27,328.1,12.15,0.99,0,4,1
P00696,2025-01-30,27,350.9,12.99,2.95,8,4,2
P00696,2025-03-02,27,339.9,12.59,2.26,2,4,2
P00696,2025-04-01,26,338.0,13.0,1.06,5,4,1
P00696,2025-05-01,27,357.3,13.24,1.14,3,4,1
P00696,2025-06-01,29,356.5,12.29,0.88,1,4,0
P00696,2025-07-01,30,391.7,13.06,4.62,1,4,1
P00696,2025-08-01,28,357.9,12.78,1.18,1,4,2
P00696,2025-08-31,28,361.8,12.92,2.39,7,4,1
P00696,2025-10-01,27,330.8,12.25,1.83,3,4,3
P00696,2025-10-31,28,348.1,12.43,1.29,2,4,1
P00696,2025-12-01,29,368.9,12.72,0.91,2,4,0
P00696,2025-12-31,26,312.0,12.0,1.12,4,4,1
P00696,2026-01-30,29,327.2,11.28,2.95,7,4,1
P00696,2026-03-02,27,324.9,12.03,0.56,6,4,2
P00696,2026-04-01,24,294.1,12.26,0.29,4,4,1
P00696,2026-05-02,28,348.2,12.44,0.71,4,4,0
P00696,2026-06-01,25,319.8,12.79,0.99,1,4,0
P00696,2026-07-02,27,331.5,12.28,0.36,1,4,2
P00696,2026-08-01,26,321.6,12.37,1.59,2,4,0
P00697,2024-08-31,29,221.9,7.65,1.16,3,4,2
P00697,2024-09-30,25,204.0,8.16,5.03,3,4,2
P00697,2024-10-31,31,260.6,8.41,1.1,2,4,3
P00697,2024-11-30,29,224.3,7.74,0.58,5,4,3
P00697,2024-12-31,28,234.0,8.36,2.73,1,4,2
P00697,2025-01-30,26,197.3,7.59,0.86,10,4,2
P00697,2025-03-02,30,223.3,7.44,2.88,5,4,2
P00697,2025-04-01,28,208.8,7.46,1.44,3,4,4
P00697,2025-05-01,30,219.3,7.31,3.73,1,4,2
P00697,2025-06-01,28,197.0,7.04,4.36,8,4,3
P00697,2025-07-01,27,179.1,6.63,2.13,4,4,3
P00697,2025-08-01,25,174.7,6.99,0.2,5,4,2
P00697,2025-08-31,30,201.3,6.71,2.68,4,4,4
P00697,2025-10-01,26,183.9,7.07,3.47,2,4,3
P00697,2025-10-31,28,214.4,7.66,2.76,5,4,3
P00697,2025-12-01,28,190.9,6.82,2.83,5,4,2
P00697,2025-12-31,31,222.9,7.19,3.02,6,4,2
P00697,2026-01-30,29,215.6,7.43,0.89,3,4,1
P00697,2026-03-02,26,191.6,7.37,0.48,3,4,2
P00697,2026-04-01,27,200.8,7.44,0.84,7,4,2
P00697,2026-05-02,25,167.9,6.72,1.51,4,4,0
P00697,2026-06-01,30,230.1,7.67,0.62,4,4,3
P00697,2026-07-02,24,158.2,6.59,0.47,4,4,2
P00697,2026-08-01,28,194.9,6.96,1.22,4,4,3
P00698,2024-08-31,28,351.8,12.56,0.23,4,4,0
P00698,2024-09-30,29,355.0,12.24,0.42,7,4,0
P00698,2024-10-31,29,379.2,13.08,3.73,1,4,0
P00698,2024-11-30,26,313.6,12.06,2.43,5,4,1
P00698,2024-12-31,31,388.8,12.54,2.62,2,4,0
P00698,2025-01-30,30,370.3,12.34,1.24,5,4,0
P00698,2025-03-02,29,360.1,12.42,0.96,3,4,0
P00698,2025-04-01,26,315.4,12.13,0.91,3,4,0
P00698,2025-05-01,30,367.6,12.25,1.24,4,4,0
P00698,2025-06-01,26,327.3,12.59,1.56,6,4,0
P00698,2025-07-01,27,340.2,12.6,1.14,3,4,2
P00698,2025-08-01,25,308.0,12.32,2.17,5,4,1
P00698,2025-08-31,30,355.0,11.83,4.22,6,4,2
P00698,2025-10-01,28,331.7,11.85,3.39,4,4,1
P00698,2025-10-31,27,319.4,11.83,0.34,3,4,1
P00698,2025-12-01,27,314.0,11.63,2.78,9,4,1
P00698,2025-12-31,24,276.3,11.51,5.09,4,4,1
P00698,2026-01-30,28,333.3,11.9,1.65,3,4,1
P00698,2026-03-02,28,294.4,10.52,3.72,4,4,0
P00698,2026-04-01,27,311.1,11.52,4.14,3,4,0
P00698,2026-05-02,27,290.6,10.76,2.56,6,4,0
P00698,2026-06-01,29,316.2,10.9,2.55,3,4,1
P00698,2026-07-02,27,290.3,10.75,1.47,4,4,0
P00698,2026-08-01,26,277.0,10.65,1.82,8,4,0
P00699,2024-08-31,27,349.3,12.94,2.47,5,4,2
P00699,2024-09-30,27,348.0,12.89,0.71,8,4,1
P00699,2024-10-31,25,314.2,12.57,0.89,1,4,0
P00699,2024-11-30,27,346.6,12.84,0.44,2,4,0
P00699,2024-12-31,27,340.3,12.6,1.6,6,4,2
P00699,2025-01-30,26,323.8,12.45,6.0,4,4,1
P00699,2025-03-02,28,364.7,13.02,0.82,9,4,0
P00699,2025-04-01,24,298.6,12.44,0.7,3,4,2
P00699,2025-05-01,29,372.3,12.84,1.32,9,4,0
P00699,2025-06-01,27,340.5,12.61,1.17,2,4,2
P00699,2025-07-01,28,355.5,12.7,4.03,6,4,1
P00699,2025-08-01,31,385.7,12.44,0.71,5,4,1
P00699,2025-08-31,29,381.3,13.15,3.34,6,4,2
P00699,2025-10-01,26,345.9,13.3,4.09,6,4,1
P00699,2025-10-31,31,424.0,13.68,1.15,3,4,0
P00699,2025-12-01,30,394.9,13.16,2.56,3,4,0
P00699,2025-12-31,28,376.2,13.43,2.5,4,4,1
P00699,2026-01-30,26,343.7,13.22,3.3,6,4,2
P00699,2026-03-02,30,409.0,13.63,1.36,5,4,0
P00699,2026-04-01,27,368.1,13.64,0.51,5,4,2
P00699,2026-05-02,29,386.8,13.34,4.05,10,4,0
P00699,2026-06-01,31,423.9,13.67,1.83,5,4,1
P00699,2026-07-02,26,336.1,12.93,3.53,3,4,0
P00699,2026-08-01,29,383.7,13.23,3.4,4,4,1
P00700,2024-08-31,25,309.0,12.36,1.87,5,4,2
P00700,2024-09-30,28,350.1,12.5,1.09,3,4,1
P00700,2024-10-31,27,349.3,12.94,1.34,3,4,1
P00700,2024-11-30,27,363.4,13.46,2.09,8,4,0
P00700,2024-12-31,30,393.8,13.13,1.45,5,4,2
P00700,2025-01-30,26,352.3,13.55,3.19,5,4,0
P00700,2025-03-02,28,378.7,13.52,2.41,4,4,2
P00700,2025-04-01,26,342.9,13.19,0.65,6,4,2
P00700,2025-05-01,26,347.5,13.37,0.41,2,4,0
P00700,2025-06-01,28,369.5,13.2,2.86,1,4,2
P00700,2025-07-01,28,366.7,13.1,1.21,9,4,1
P00700,2025-08-01,25,318.4,12.74,1.21,4,4,1
P00700,2025-08-31,26,350.6,13.49,1.54,1,4,0
P00700,2025-10-01,29,382.9,13.2,1.59,4,4,0
P00700,2025-10-31,25,302.7,12.11,1.82,5,4,0
P00700,2025-12-01,27,346.5,12.83,1.66,3,4,1
P00700,2025-12-31,28,349.4,12.48,2.47,5,4,1
P00700,2026-01-30,27,342.5,12.68,1.02,1,4,0
P00700,2026-03-02,26,313.9,12.07,2.88,5,4,0
P00700,2026-04-01,28,371.3,13.26,0.67,9,4,0
P00700,2026-05-02,25,309.4,12.38,0.26,8,4,1
P00700,2026-06-01,27,308.7,11.43,2.42,1,4,1
P00700,2026-07-02,26,312.7,12.03,1.59,3,4,0
P00700,2026-08-01,28,340.7,12.17,2.97,4,4,1
P00701,2024-08-31,31,399.9,12.9,5.9,4,4,1
P00701,2024-09-30,27,346.8,12.84,6.0,4,4,0
P00701,2024-10-31,28,379.8,13.56,3.86,6,4,1
P00701,2024-11-30,31,396.0,12.78,3.98,5,4,0
P00701,2024-12-31,29,381.6,13.16,5.23,8,4,1
P00701,2025-01-30,31,411.6,13.28,0.3,6,4,3
P00701,2025-03-02,27,347.8,12.88,4.55,7,4,2
P00701,2025-04-01,29,347.3,11.98,1.18,5,4,2
P00701,2025-05-01,31,400.5,12.92,1.91,7,4,0
P00701,2025-06-01,30,376.1,12.54,4.67,7,4,0
P00701,2025-07-01,29,350.0,12.07,1.03,10,4,0
P00701,2025-08-01,28,352.8,12.6,1.68,5,4,2
P00701,2025-08-31,27,329.6,12.21,4.97,5,4,1
P00701,2025-10-01,27,349.8,12.96,4.66,10,4,0
P00701,2025-10-31,27,330.9,12.26,0.72,7,4,1
P00701,2025-12-01,31,381.9,12.32,2.92,4,4,0
P00701,2025-12-31,29,367.8,12.68,0.2,8,4,4
P00701,2026-01-30,28,350.2,12.51,3.43,3,4,2
P00701,2026-03-02,28,349.1,12.47,0.55,7,4,0
P00701,2026-04-01,26,333.9,12.84,6.0,3,4,1
P00701,2026-05-02,30,386.2,12.87,2.53,10,4,0
P00701,2026-06-01,29,370.4,12.77,2.71,11,4,2
P00701,2026-07-02,26,349.8,13.45,1.43,8,4,2
P00701,2026-08-01,31,410.5,13.24,0.71,1,4,1
P00702,2024-08-31,27,342.3,12.68,0.2,6,4,1
P00702,2024-09-30,30,400.5,13.35,2.24,4,4,0
P00702,2024-10-31,28,369.7,13.2,3.05,2,4,2
P00702,2024-11-30,27,369.9,13.7,2.0,6,4,0
P00702,2024-12-31,24,314.0,13.08,1.39,4,4,1
P00702,2025-01-30,26,326.1,12.54,1.57,5,4,1
P00702,2025-03-02,27,356.6,13.21,2.06,4,4,1
P00702,2025-04-01,28,361.3,12.9,1.89,5,4,1
P00702,2025-05-01,27,347.0,12.85,1.56,6,4,1
P00702,2025-06-01,29,374.6,12.92,2.37,1,4,0
P00702,2025-07-01,26,333.6,12.83,0.96,5,4,3
P00702,2025-08-01,30,411.2,13.71,0.7,2,4,0
P00702,2025-08-31,27,364.1,13.49,0.36,4,4,1
P00702,2025-10-01,27,346.6,12.84,2.84,0,4,0
P00702,2025-10-31,26,359.7,13.83,1.03,4,4,2
P00702,2025-12-01,29,381.1,13.14,0.57,3,4,0
P00702,2025-12-31,24,323.2,13.47,0.28,2,4,1
P00702,2026-01-30,28,355.5,12.69,1.51,5,4,2
P00702,2026-03-02,28,364.7,13.03,1.09,3,4,0
P00702,2026-04-01,27,346.1,12.82,3.61,3,4,2
P00702,2026-05-02,27,355.3,13.16,3.38,4,4,1
P00702,2026-06-01,27,353.1,13.08,1.35,2,4,1
P00702,2026-07-02,26,340.3,13.09,1.85,5,4,2
P00702,2026-08-01,28,368.3,13.16,4.32,4,4,0
P00703,2024-08-31,27,339.6,12.58,1.1,5,4,2
P00703,2024-09-30,26,323.5,12.44,1.61,2,4,1
P00703,2024-10-31,27,321.6,11.91,5.08,4,4,1
P00703,2024-11-30,29,345.8,11.93,1.49,6,4,1
P00703,2024-12-31,26,294.5,11.33,3.55,2,4,0
P00703,2025-01-30,24,293.2,12.22,1.74,4,4,0
P00703,2025-03-02,31,389.3,12.56,4.23,5,4,1
P00703,2025-04-01,26,317.9,12.23,0.71,4,4,1
P00703,2025-05-01,30,381.0,12.7,2.98,9,4,1
P00703,2025-06-01,27,326.4,12.09,4.77,3,4,1
P00703,2025-07-01,29,370.8,12.79,0.72,3,4,0
P00703,2025-08-01,27,321.9,11.92,0.95,8,4,0
P00703,2025-08-31,28,360.3,12.87,1.12,5,4,2
P00703,2025-10-01,28,337.0,12.04,0.45,4,4,1
P00703,2025-10-31,29,348.6,12.02,2.68,8,4,1
P00703,2025-12-01,24,297.0,12.38,0.52,9,4,3
P00703,2025-12-31,30,390.8,13.03,6.0,7,4,0
P00703,2026-01-30,27,337.2,12.49,2.23,0,4,1
P00703,2026-03-02,28,365.3,13.05,1.82,3,4,2
P00703,2026-04-01,27,348.0,12.89,4.49,8,4,1
P00703,2026-05-02,29,363.8,12.54,2.06,4,4,2
P00703,2026-06-01,28,337.1,12.04,3.62,4,4,2
P00703,2026-07-02,26,304.8,11.72,3.03,4,4,2
P00703,2026-08-01,27,323.6,11.99,1.42,6,4,0
P00704,2024-08-31,27,226.4,8.38,1.29,5,4,1
P00704,2024-09-30,26,192.2,7.39,1.05,10,4,3
P00704,2024-10-31,27,211.6,7.84,1.36,7,4,2
P00704,2024-11-30,25,191.6,7.66,3.85,3,4,2
P00704,2024-12-31,30,231.1,7.7,0.73,9,4,3
P00704,2025-01-30,31,220.3,7.11,1.54,7,4,2
P00704,2025-03-02,29,186.0,6.41,6.0,7,4,2
P00704,2025-04-01,28,193.8,6.92,1.63,3,4,1
P00704,2025-05-01,26,188.0,7.23,1.95,6,4,3
P00704,2025-06-01,29,223.0,7.69,0.67,7,4,1
P00704,2025-07-01,29,218.2,7.52,3.58,7,4,2
P00704,2025-08-01,27,173.8,6.44,2.17,9,4,3
P00704,2025-08-31,28,178.4,6.37,3.95,9,4,3
P00704,2025-10-01,30,193.7,6.46,3.62,2,4,1
P00704,2025-10-31,30,194.4,6.48,1.63,4,4,2
P00704,2025-12-01,28,177.6,6.34,6.0,5,4,2
P00704,2025-12-31,30,192.1,6.4,2.36,3,4,4
P00704,2026-01-30,29,174.4,6.01,2.62,5,4,3
P00704,2026-03-02,29,183.1,6.31,1.9,6,4,1
P00704,2026-04-01,30,184.2,6.14,0.76,4,4,0
P00704,2026-05-02,28,181.6,6.48,2.4,4,4,3
P00704,2026-06-01,25,161.5,6.46,0.6,5,4,2
P00704,2026-07-02,27,180.6,6.69,1.21,3,4,1
P00704,2026-08-01,29,208.4,7.19,2.28,5,4,2
P00705,2024-08-31,29,363.6,12.54,0.29,6,4,1
P00705,2024-09-30,30,368.5,12.28,1.01,5,4,0
P00705,2024-10-31,28,348.3,12.44,0.5,5,4,1
P00705,2024-11-30,25,319.2,12.77,1.7,2,4,0
P00705,2024-12-31,29,376.9,13.0,2.31,5,4,1
P00705,2025-01-30,25,297.6,11.91,2.03,6,4,1
P00705,2025-03-02,25,299.6,11.98,0.94,3,4,0
P00705,2025-04-01,27,316.9,11.74,0.48,6,4,1
P00705,2025-05-01,26,327.9,12.61,0.79,4,4,0
P00705,2025-06-01,30,381.7,12.72,4.37,7,4,0
P00705,2025-07-01,25,317.7,12.71,2.94,11,4,2
P00705,2025-08-01,26,335.3,12.9,1.15,4,4,1
P00705,2025-08-31,25,318.0,12.72,0.52,5,4,1
P00705,2025-10-01,25,315.4,12.61,1.02,6,4,2
P00705,2025-10-31,29,348.0,12.0,3.41,7,4,1
P00705,2025-12-01,27,336.3,12.46,2.46,6,4,0
P00705,2025-12-31,26,322.8,12.41,1.8,2,4,0
P00705,2026-01-30,26,341.0,13.12,3.34,7,4,0
P00705,2026-03-02,24,315.1,13.13,1.29,8,4,0
P00705,2026-04-01,30,385.9,12.86,2.64,1,4,0
P00705,2026-05-02,28,377.6,13.49,3.77,8,4,0
P00705,2026-06-01,23,316.8,13.77,1.0,1,4,1
P00705,2026-07-02,28,361.6,12.91,0.4,2,4,0
P00705,2026-08-01,27,327.5,12.13,4.53,9,4,1
P00706,2024-08-31,28,386.6,13.81,1.14,6,4,0
P00706,2024-09-30,26,333.8,12.84,2.01,1,4,1
P00706,2024-10-31,30,391.5,13.05,1.38,9,4,0
P00706,2024-11-30,31,398.3,12.85,4.6,12,4,0
P00706,2024-12-31,29,377.4,13.01,1.18,3,4,0
P00706,2025-01-30,28,369.0,13.18,4.93,6,4,1
P00706,2025-03-02,30,384.2,12.81,0.5,5,4,0
P00706,2025-04-01,29,391.1,13.49,1.42,6,4,0
P00706,2025-05-01,29,378.4,13.05,0.27,5,4,0
P00706,2025-06-01,28,369.8,13.21,2.09,5,4,0
P00706,2025-07-01,30,404.5,13.48,1.03,2,4,0
P00706,2025-08-01,31,412.0,13.29,0.33,12,4,0
P00706,2025-08-31,30,412.8,13.76,6.0,6,4,2
P00706,2025-10-01,31,399.3,12.88,2.44,12,4,1
P00706,2025-10-31,31,392.2,12.65,2.13,8,4,2
P00706,2025-12-01,29,365.7,12.61,5.75,7,4,1
P00706,2025-12-31,29,389.9,13.45,4.07,7,4,0
P00706,2026-01-30,30,404.5,13.48,0.88,5,4,2
P00706,2026-03-02,29,388.3,13.39,4.93,3,4,2
P00706,2026-04-01,29,379.0,13.07,3.61,10,4,0
P00706,2026-05-02,29,372.5,12.84,5.04,5,4,1
P00706,2026-06-01,28,368.8,13.17,0.2,7,4,1
P00706,2026-07-02,31,426.2,13.75,2.42,5,4,0
P00706,2026-08-01,31,411.9,13.29,6.0,11,4,0
P00707,2024-08-31,28,379.2,13.54,2.8,3,4,1
P00707,2024-09-30,27,361.9,13.4,1.56,8,4,1
P00707,2024-10-31,28,379.5,13.55,1.23,5,4,0
P00707,2024-11-30,30,419.7,13.99,6.0,9,4,0
P00707,2024-12-31,30,397.1,13.24,0.97,13,4,2
P00707,2025-01-30,28,373.9,13.35,2.45,5,4,1
P00707,2025-03-02,26,349.0,13.42,2.42,8,4,1
P00707,2025-04-01,31,410.3,13.24,0.2,6,4,3
P00707,2025-05-01,26,334.9,12.88,1.08,3,4,1
P00707,2025-06-01,29,389.8,13.44,1.12,5,4,1
P00707,2025-07-01,28,366.9,13.1,0.69,4,4,0
P00707,2025-08-01,31,405.1,13.07,1.33,9,4,0
P00707,2025-08-31,28,368.8,13.17,1.68,7,4,0
P00707,2025-10-01,30,389.9,13.0,2.24,6,4,0
P00707,2025-10-31,28,358.1,12.79,1.87,4,4,0
P00707,2025-12-01,30,413.6,13.79,4.3,7,4,2
P00707,2025-12-31,27,356.6,13.21,6.0,8,4,2
P00707,2026-01-30,30,394.8,13.16,2.74,6,4,1
P00707,2026-03-02,29,377.7,13.02,0.85,9,4,0
P00707,2026-04-01,30,416.1,13.87,6.0,5,4,0
P00707,2026-05-02,26,337.1,12.96,5.13,10,4,0
P00707,2026-06-01,31,408.1,13.17,2.35,5,4,1
P00707,2026-07-02,30,398.1,13.27,3.25,10,4,0
P00707,2026-08-01,30,402.2,13.41,4.59,6,4,1
P00708,2024-08-31,28,365.8,13.07,1.86,6,4,0
P00708,2024-09-30,28,359.4,12.83,1.07,5,4,1
P00708,2024-10-31,28,359.4,12.84,1.48,7,4,0
P00708,2024-11-30,28,332.6,11.88,3.05,8,4,0
P00708,2024-12-31,28,340.0,12.14,2.72,4,4,0
P00708,2025-01-30,29,346.8,11.96,2.08,3,4,1
P00708,2025-03-02,30,366.0,12.2,2.8,2,4,0
P00708,2025-04-01,28,342.1,12.22,3.03,7,4,0
P00708,2025-05-01,27,324.9,12.03,0.77,4,4,0
P00708,2025-06-01,28,316.5,11.3,0.88,2,4,0
P00708,2025-07-01,30,352.6,11.75,0.75,7,4,1
P00708,2025-08-01,25,291.2,11.65,0.67,5,4,2
P00708,2025-08-31,31,359.0,11.58,0.2,2,4,1
P00708,2025-10-01,27,326.6,12.1,1.29,5,4,0
P00708,2025-10-31,27,325.0,12.04,1.04,4,4,1
P00708,2025-12-01,29,354.6,12.23,2.43,5,4,0
P00708,2025-12-31,28,344.2,12.29,1.07,5,4,0
P00708,2026-01-30,31,382.3,12.33,2.49,3,4,0
P00708,2026-03-02,29,354.2,12.21,0.54,3,4,2
P00708,2026-04-01,28,333.3,11.9,1.48,4,4,1
P00708,2026-05-02,27,313.7,11.62,0.85,4,4,1
P00708,2026-06-01,28,316.9,11.32,6.0,4,4,2
P00708,2026-07-02,29,351.5,12.12,0.2,4,4,1
P00708,2026-08-01,28,319.0,11.39,3.64,3,4,0
P00709,2024-08-31,27,384.3,14.23,5.68,10,4,0
P00709,2024-09-30,30,412.4,13.75,0.46,7,4,1
P00709,2024-10-31,30,421.8,14.06,1.04,8,4,2
P00709,2024-11-30,31,431.9,13.93,0.41,6,4,0
P00709,2024-12-31,27,373.4,13.83,3.2,11,4,1
P00709,2025-01-30,30,413.6,13.79,3.61,5,4,1
P00709,2025-03-02,31,434.9,14.03,6.0,4,4,1
P00709,2025-04-01,29,393.4,13.56,2.1,8,4,1
P00709,2025-05-01,31,438.8,14.15,3.28,7,4,2
P00709,2025-06-01,27,373.9,13.85,2.73,9,4,0
P00709,2025-07-01,30,405.5,13.52,6.0,8,4,2
P00709,2025-08-01,31,447.1,14.42,1.06,10,4,1
P00709,2025-08-31,31,406.0,13.1,1.38,6,4,0
P00709,2025-10-01,30,404.0,13.47,1.38,6,4,0
P00709,2025-10-31,31,386.3,12.46,0.85,6,4,1
P00709,2025-12-01,28,350.3,12.51,1.95,6,4,0
P00709,2025-12-31,29,375.7,12.95,3.92,9,4,1
P00709,2026-01-30,31,401.7,12.96,2.34,6,4,1
P00709,2026-03-02,30,378.3,12.61,2.08,7,4,1
P00709,2026-04-01,29,373.1,12.87,0.99,3,4,2
P00709,2026-05-02,31,386.1,12.45,3.5,4,4,1
P00709,2026-06-01,27,347.0,12.85,1.94,10,4,1
P00709,2026-07-02,29,366.3,12.63,5.82,4,4,0
P00709,2026-08-01,29,358.2,12.35,0.68,6,4,2
P00710,2024-08-31,27,344.6,12.76,0.83,1,4,0
P00710,2024-09-30,28,359.6,12.84,0.51,2,4,1
P00710,2024-10-31,26,340.0,13.08,1.25,1,4,1
P00710,2024-11-30,27,364.5,13.5,0.57,1,4,1
P00710,2024-12-31,29,411.9,14.2,1.99,3,4,1
P00710,2025-01-30,27,378.2,14.01,0.65,2,4,2
P00710,2025-03-02,27,378.9,14.03,1.72,5,4,0
P00710,2025-04-01,29,429.6,14.81,2.32,8,4,0
P00710,2025-05-01,27,377.0,13.96,2.25,6,4,3
P00710,2025-06-01,28,413.1,14.75,1.55,2,4,1
P00710,2025-07-01,29,414.1,14.28,1.08,6,4,2
P00710,2025-08-01,26,360.9,13.88,1.23,2,4,0
P00710,2025-08-31,28,378.6,13.52,0.88,3,4,1
P00710,2025-10-01,27,388.4,14.38,0.77,6,4,3
P00710,2025-10-31,27,396.2,14.67,2.34,3,4,1
P00710,2025-12-01,28,418.8,14.96,1.2,6,4,1
P00710,2025-12-31,27,388.1,14.38,1.18,0,4,0
P00710,2026-01-30,28,388.2,13.86,1.7,7,4,0
P00710,2026-03-02,28,384.5,13.73,3.03,1,4,0
P00710,2026-04-01,26,372.0,14.31,0.73,4,4,2
P00710,2026-05-02,23,327.8,14.25,2.38,6,4,2
P00710,2026-06-01,26,355.2,13.66,2.35,2,4,2
P00710,2026-07-02,26,341.0,13.12,0.45,3,4,0
P00710,2026-08-01,25,334.1,13.36,2.13,1,4,0
P00711,2024-08-31,29,372.4,12.84,0.83,5,4,2
P00711,2024-09-30,29,368.8,12.72,1.35,2,4,1
P00711,2024-10-31,28,347.5,12.41,1.14,3,4,0
P00711,2024-11-30,29,360.5,12.43,1.85,4,4,0
P00711,2024-12-31,28,352.6,12.59,3.58,5,4,1
P00711,2025-01-30,26,332.3,12.78,1.14,6,4,3
P00711,2025-03-02,26,341.6,13.14,0.8,1,4,1
P00711,2025-04-01,28,377.1,13.47,0.81,4,4,1
P00711,2025-05-01,27,356.0,13.19,1.76,3,4,1
P00711,2025-06-01,29,383.9,13.24,0.64,2,4,0
P00711,2025-07-01,29,390.8,13.48,3.17,4,4,1
P00711,2025-08-01,29,387.4,13.36,1.78,4,4,1
P00711,2025-08-31,31,415.1,13.39,2.39,3,4,1
P00711,2025-10-01,26,340.3,13.09,5.54,4,4,2
P00711,2025-10-31,28,369.4,13.19,0.85,3,4,0
P00711,2025-12-01,28,375.7,13.42,0.56,2,4,1
P00711,2025-12-31,31,380.7,12.28,0.3,8,4,1
P00711,2026-01-30,26,305.4,11.75,0.31,6,4,1
P00711,2026-03-02,28,356.6,12.74,1.61,1,4,1
P00711,2026-04-01,25,320.9,12.84,3.03,3,4,1
P00711,2026-05-02,28,337.2,12.04,4.25,3,4,1
P00711,2026-06-01,29,376.7,12.99,1.19,5,4,0
P00711,2026-07-02,27,339.7,12.58,1.05,6,4,2
P00711,2026-08-01,27,329.3,12.2,1.05,3,4,2
P00712,2024-08-31,29,277.9,9.58,2.61,12,4,2
P00712,2024-09-30,28,267.9,9.57,1.34,7,4,3
P00712,2024-10-31,30,300.2,10.01,4.02,5,4,2
P00712,2024-11-30,29,286.9,9.89,6.0,4,4,1
P00712,2024-12-31,29,270.7,9.33,3.22,17,4,2
P00712,2025-01-30,29,259.1,8.93,2.61,7,4,3
P00712,2025-03-02,30,283.1,9.44,1.48,4,4,2
P00712,2025-04-01,31,281.0,9.07,4.8,11,4,1
P00712,2025-05-01,30,275.4,9.18,6.0,7,4,2
P00712,2025-06-01,29,278.5,9.6,1.53,9,4,3
P00712,2025-07-01,29,272.1,9.38,1.38,7,4,2
P00712,2025-08-01,28,284.7,10.17,1.88,4,4,2
P00712,2025-08-31,28,274.6,9.81,4.76,7,4,4
P00712,2025-10-01,29,277.6,9.57,1.37,7,4,3
P00712,2025-10-31,31,301.6,9.73,6.0,10,4,1
P00712,2025-12-01,30,274.2,9.14,1.64,8,4,1
P00712,2025-12-31,29,262.7,9.06,0.57,13,4,2
P00712,2026-01-30,29,267.7,9.23,0.7,4,4,1
P00712,2026-03-02,31,289.4,9.33,1.6,4,4,3
P00712,2026-04-01,31,313.1,10.1,1.87,8,4,3
P00712,2026-05-02,29,286.8,9.89,6.0,12,4,2
P00712,2026-06-01,28,287.3,10.26,1.55,5,4,1
P00712,2026-07-02,29,283.3,9.77,0.2,12,4,1
P00712,2026-08-01,29,279.9,9.65,4.76,3,4,2
P00713,2024-08-31,29,401.3,13.84,5.0,2,4,0
P00713,2024-09-30,29,383.2,13.21,1.08,4,4,0
P00713,2024-10-31,29,379.3,13.08,2.67,7,4,1
P00713,2024-11-30,31,425.6,13.73,4.7,8,4,0
P00713,2024-12-31,28,359.0,12.82,0.85,6,4,0
P00713,2025-01-30,24,317.0,13.21,1.96,2,4,0
P00713,2025-03-02,30,368.8,12.29,1.85,4,4,1
P00713,2025-04-01,29,378.2,13.04,0.29,8,4,0
P00713,2025-05-01,24,327.3,13.64,4.24,1,4,1
P00713,2025-06-01,26,343.7,13.22,0.93,8,4,0
P00713,2025-07-01,29,353.7,12.2,2.83,10,4,1
P00713,2025-08-01,30,385.8,12.86,1.77,5,4,1
P00713,2025-08-31,28,366.8,13.1,2.63,5,4,1
P00713,2025-10-01,30,411.3,13.71,1.86,10,4,0
P00713,2025-10-31,28,384.2,13.72,2.55,6,4,3
P00713,2025-12-01,31,420.5,13.56,2.12,7,4,1
P00713,2025-12-31,30,414.8,13.83,2.84,5,4,1
P00713,2026-01-30,29,391.4,13.5,1.26,8,4,0
P00713,2026-03-02,29,393.8,13.58,1.46,6,4,0
P00713,2026-04-01,29,398.9,13.75,1.3,5,4,0
P00713,2026-05-02,26,345.6,13.29,2.63,7,4,1
P00713,2026-06-01,29,394.2,13.59,2.05,3,4,2
P00713,2026-07-02,30,401.6,13.39,0.84,6,4,1
P00713,2026-08-01,28,376.1,13.43,1.43,9,4,1
P00714,2024-08-31,31,289.7,9.35,1.22,6,4,1
P00714,2024-09-30,31,262.6,8.47,6.0,6,4,2
P00714,2024-10-31,31,271.2,8.75,1.47,8,4,2
P00714,2024-11-30,29,277.1,9.56,1.21,4,4,2
P00714,2024-12-31,28,268.9,9.6,2.02,6,4,3
P00714,2025-01-30,30,284.8,9.49,2.18,12,4,1
P00714,2025-03-02,30,277.0,9.23,2.06,9,4,2
P00714,2025-04-01,28,260.7,9.31,1.44,8,4,3
P00714,2025-05-01,28,269.7,9.63,6.0,10,4,2
P00714,2025-06-01,29,260.0,8.97,1.59,2,4,2
P00714,2025-07-01,28,263.5,9.41,1.88,7,4,3
P00714,2025-08-01,28,272.4,9.73,0.95,10,4,3
P00714,2025-08-31,27,240.4,8.9,2.52,8,4,2
P00714,2025-10-01,30,296.6,9.89,0.84,6,4,3
P00714,2025-10-31,30,300.5,10.02,6.0,6,4,4
P00714,2025-12-01,28,269.2,9.61,1.09,3,4,1
P00714,2025-12-31,29,294.2,10.15,0.55,11,4,3
P00714,2026-01-30,28,274.0,9.79,1.02,11,4,4
P00714,2026-03-02,31,323.1,10.42,6.0,9,4,3
P00714,2026-04-01,30,307.3,10.24,2.98,6,4,2
P00714,2026-05-02,30,297.8,9.93,1.52,6,4,2
P00714,2026-06-01,31,324.3,10.46,6.0,8,4,3
P00714,2026-07-02,30,281.4,9.38,1.47,4,4,4
P00714,2026-08-01,27,272.4,10.09,1.16,5,4,2
P00715,2024-08-31,27,369.2,13.67,2.35,4,4,1
P00715,2024-09-30,29,370.3,12.77,2.7,7,4,0
P00715,2024-10-31,26,331.4,12.75,0.86,6,4,2
P00715,2024-11-30,26,341.8,13.14,1.64,4,4,1
P00715,2024-12-31,27,346.6,12.84,0.56,3,4,2
P00715,2025-01-30,26,335.8,12.92,4.61,1,4,0
P00715,2025-03-02,24,329.9,13.75,4.25,5,4,1
P00715,2025-04-01,28,365.4,13.05,0.41,3,4,2
P00715,2025-05-01,26,353.4,13.59,0.54,4,4,1
P00715,2025-06-01,26,352.8,13.57,2.27,3,4,0
P00715,2025-07-01,31,399.7,12.89,0.62,5,4,1
P00715,2025-08-01,29,389.2,13.42,0.68,6,4,0
P00715,2025-08-31,27,356.8,13.21,1.38,6,4,0
P00715,2025-10-01,28,377.1,13.47,0.26,3,4,0
P00715,2025-10-31,28,374.5,13.37,0.38,10,4,1
P00715,2025-12-01,29,370.9,12.79,3.58,5,4,1
P00715,2025-12-31,26,349.9,13.46,2.58,4,4,1
P00715,2026-01-30,29,408.5,14.09,2.38,3,4,0
P00715,2026-03-02,30,414.0,13.8,0.2,9,4,0
P00715,2026-04-01,28,392.7,14.03,0.84,4,4,1
P00715,2026-05-02,26,362.0,13.92,0.95,8,4,0
P00715,2026-06-01,28,386.9,13.82,1.97,3,4,0
P00715,2026-07-02,29,401.5,13.85,1.78,3,4,1
P00715,2026-08-01,29,411.6,14.19,3.87,5,4,1
P00716,2024-08-31,29,351.8,12.13,0.52,3,4,0
P00716,2024-09-30,30,401.9,13.4,1.23,1,4,1
P00716,2024-10-31,27,334.4,12.39,0.2,2,4,2
P00716,2024-11-30,29,357.3,12.32,0.48,3,4,2
P00716,2024-12-31,28,330.3,11.79,1.3,3,4,0
P00716,2025-01-30,29,360.7,12.44,1.44,4,4,2
P00716,2025-03-02,26,327.3,12.59,0.89,2,4,1
P00716,2025-04-01,28,335.9,12.0,2.12,4,4,1
P00716,2025-05-01,23,269.0,11.7,0.91,5,4,1
P00716,2025-06-01,27,327.6,12.13,1.0,4,4,1
P00716,2025-07-01,27,341.3,12.64,0.22,2,4,1
P00716,2025-08-01,26,313.5,12.06,1.66,1,4,1
P00716,2025-08-31,27,311.2,11.53,1.26,8,4,1
P00716,2025-10-01,27,332.8,12.33,0.35,5,4,2
P00716,2025-10-31,25,293.6,11.74,2.14,5,4,0
P00716,2025-12-01,28,314.2,11.22,2.77,1,4,1
P00716,2025-12-31,26,302.0,11.62,1.19,4,4,1
P00716,2026-01-30,28,314.1,11.22,3.1,6,4,0
P00716,2026-03-02,27,300.1,11.12,1.72,3,4,0
P00716,2026-04-01,26,266.0,10.23,0.36,4,4,0
P00716,2026-05-02,26,281.3,10.82,2.66,5,4,2
P00716,2026-06-01,27,309.2,11.45,0.56,6,4,0
P00716,2026-07-02,28,294.6,10.52,1.87,4,4,0
P00716,2026-08-01,27,298.9,11.07,0.76,2,4,2
P00717,2024-08-31,31,292.8,9.45,1.26,4,4,2
P00717,2024-09-30,31,262.2,8.46,1.05,9,4,1
P00717,2024-10-31,30,261.8,8.73,0.56,9,4,0
P00717,2024-11-30,29,261.3,9.01,5.02,10,4,3
P00717,2024-12-31,29,268.3,9.25,2.0,15,4,2
P00717,2025-01-30,30,287.8,9.59,1.22,7,4,1
P00717,2025-03-02,27,239.6,8.87,3.26,5,4,2
P00717,2025-04-01,30,304.8,10.16,0.2,7,4,1
P00717,2025-05-01,28,262.0,9.36,2.59,5,4,2
P00717,2025-06-01,29,277.1,9.55,0.21,4,4,4
P00717,2025-07-01,29,272.3,9.39,0.88,9,4,4
P00717,2025-08-01,26,250.9,9.65,1.98,7,4,2
P00717,2025-08-31,29,288.4,9.95,2.24,8,4,3
P00717,2025-10-01,28,266.4,9.52,1.9,7,4,1
P00717,2025-10-31,29,279.6,9.64,3.33,6,4,3
P00717,2025-12-01,28,271.1,9.68,2.4,7,4,3
P00717,2025-12-31,30,274.1,9.14,3.13,4,4,3
P00717,2026-01-30,28,275.6,9.84,6.0,6,4,2
P00717,2026-03-02,31,288.0,9.29,3.16,7,4,2
P00717,2026-04-01,27,259.7,9.62,1.78,6,4,3
P00717,2026-05-02,31,321.1,10.36,4.31,11,4,3
P00717,2026-06-01,30,295.1,9.84,2.33,9,4,2
P00717,2026-07-02,31,310.2,10.01,3.2,9,4,3
P00717,2026-08-01,26,275.0,10.58,5.49,12,4,2
P00718,2024-08-31,30,441.5,14.72,0.46,7,4,3
P00718,2024-09-30,29,429.7,14.82,0.73,3,4,4
P00718,2024-10-31,27,392.0,14.52,0.61,6,4,3
P00718,2024-11-30,29,429.1,14.8,0.44,6,4,2
P00718,2024-12-31,29,419.9,14.48,1.26,2,4,3
P00718,2025-01-30,28,415.4,14.83,1.31,4,4,2
P00718,2025-03-02,28,398.5,14.23,0.35,6,4,3
P00718,2025-04-01,29,405.0,13.97,1.32,6,4,2
P00718,2025-05-01,28,389.7,13.92,0.28,7,4,3
P00718,2025-06-01,30,430.5,14.35,0.57,4,4,1
P00718,2025-07-01,28,429.1,15.32,0.47,4,4,2
P00718,2025-08-01,28,391.8,13.99,0.2,6,4,4
P00718,2025-08-31,27,379.5,14.05,0.46,6,4,4
P00718,2025-10-01,27,370.2,13.71,0.26,11,4,4
P00718,2025-10-31,28,375.7,13.42,0.47,5,4,4
P00718,2025-12-01,31,448.3,14.46,0.68,5,4,4
P00718,2025-12-31,27,376.5,13.94,0.61,6,4,4
P00718,2026-01-30,27,366.2,13.56,1.62,3,4,4
P00718,2026-03-02,28,379.3,13.55,1.16,3,4,3
P00718,2026-04-01,26,366.1,14.08,0.35,3,4,3
P00718,2026-05-02,28,381.0,13.61,0.2,3,4,3
P00718,2026-06-01,29,402.7,13.89,0.76,5,4,3
P00718,2026-07-02,30,421.3,14.04,0.61,4,4,3
P00718,2026-08-01,31,436.7,14.09,0.86,1,4,3
P00719,2024-08-31,31,425.5,13.72,3.74,3,4,1
P00719,2024-09-30,30,413.6,13.79,1.83,10,4,0
P00719,2024-10-31,31,430.6,13.89,0.8,5,4,2
P00719,2024-11-30,29,400.1,13.8,6.0,4,4,1
P00719,2024-12-31,31,425.1,13.71,2.78,9,4,0
P00719,2025-01-30,31,428.8,13.83,1.97,11,4,2
P00719,2025-03-02,31,459.5,14.82,2.27,10,4,1
P00719,2025-04-01,31,447.7,14.44,1.17,3,4,0
P00719,2025-05-01,30,421.4,14.05,1.32,6,4,2
P00719,2025-06-01,31,444.2,14.33,4.32,3,4,1
P00719,2025-07-01,28,387.1,13.83,2.26,10,4,1
P00719,2025-08-01,31,438.4,14.14,1.51,3,4,0
P00719,2025-08-31,30,421.7,14.06,1.2,11,4,0
P00719,2025-10-01,29,409.0,14.1,0.43,8,4,0
P00719,2025-10-31,31,415.0,13.39,6.0,9,4,1
P00719,2025-12-01,29,442.9,15.27,4.8,5,4,1
P00719,2025-12-31,27,357.5,13.24,0.45,6,4,1
P00719,2026-01-30,28,405.9,14.5,3.06,2,4,2
P00719,2026-03-02,29,389.6,13.44,1.79,8,4,3
P00719,2026-04-01,30,383.8,12.79,1.88,13,4,0
P00719,2026-05-02,30,407.3,13.58,3.08,8,4,1
P00719,2026-06-01,28,372.6,13.31,0.84,6,4,2
P00719,2026-07-02,29,389.5,13.43,0.65,6,4,0
P00719,2026-08-01,31,427.5,13.79,0.53,5,4,0
P00720,2024-08-31,29,383.3,13.22,1.91,5,4,1
P00720,2024-09-30,24,330.9,13.79,6.0,8,4,2
P00720,2024-10-31,29,366.3,12.63,1.68,5,4,1
P00720,2024-11-30,27,351.8,13.03,4.28,0,4,0
P00720,2024-12-31,26,330.7,12.72,1.07,2,4,1
P00720,2025-01-30,26,314.5,12.1,0.87,3,4,0
P00720,2025-03-02,27,358.3,13.27,1.01,2,4,1
P00720,2025-04-01,29,383.4,13.22,1.19,2,4,1
P00720,2025-05-01,26,319.2,12.28,2.05,5,4,0
P00720,2025-06-01,29,379.9,13.1,3.24,1,4,3
P00720,2025-07-01,31,388.1,12.52,2.92,2,4,1
P00720,2025-08-01,25,318.8,12.75,3.71,5,4,1
P00720,2025-08-31,25,309.2,12.37,0.2,5,4,1
P00720,2025-10-01,28,356.5,12.73,2.65,7,4,1
P00720,2025-10-31,27,359.1,13.3,3.48,0,4,1
P00720,2025-12-01,29,352.3,12.15,3.36,7,4,2
P00720,2025-12-31,26,331.0,12.73,1.63,5,4,0
P00720,2026-01-30,29,331.9,11.44,2.39,2,4,0
P00720,2026-03-02,28,339.4,12.12,1.13,6,4,1
P00720,2026-04-01,27,350.2,12.97,0.96,5,4,0
P00720,2026-05-02,27,341.1,12.63,1.6,2,4,1
P00720,2026-06-01,29,354.1,12.21,3.8,3,4,1
P00720,2026-07-02,25,303.7,12.15,0.92,3,4,0
P00720,2026-08-01,26,318.9,12.27,2.88,4,4,0
P00721,2024-08-31,28,382.2,13.65,5.42,9,4,0
P00721,2024-09-30,31,418.6,13.5,2.33,5,4,0
P00721,2024-10-31,31,416.1,13.42,0.37,6,4,1
P00721,2024-11-30,29,420.3,14.49,1.96,6,4,2
P00721,2024-12-31,28,388.5,13.87,0.9,7,4,1
P00721,2025-01-30,30,404.4,13.48,0.81,2,4,2
P00721,2025-03-02,29,411.1,14.17,0.92,11,4,2
P00721,2025-04-01,30,427.7,14.26,2.83,7,4,1
P00721,2025-05-01,31,427.0,13.78,1.29,5,4,2
P00721,2025-06-01,31,453.5,14.63,2.31,2,4,1
P00721,2025-07-01,28,390.8,13.96,1.11,4,4,0
P00721,2025-08-01,30,421.7,14.06,6.0,7,4,0
P00721,2025-08-31,29,400.3,13.8,4.25,6,4,0
P00721,2025-10-01,28,390.6,13.95,1.96,10,4,0
P00721,2025-10-31,27,389.4,14.42,1.58,2,4,0
P00721,2025-12-01,30,446.0,14.87,0.82,13,4,1
P00721,2025-12-31,31,450.6,14.54,1.52,7,4,0
P00721,2026-01-30,31,463.7,14.96,1.62,5,4,1
P00721,2026-03-02,31,472.1,15.23,3.68,9,4,0
P00721,2026-04-01,27,406.0,15.04,4.09,9,4,1
P00721,2026-05-02,29,440.7,15.2,2.6,7,4,0
P00721,2026-06-01,29,433.6,14.95,1.17,8,4,0
P00721,2026-07-02,31,494.1,15.94,0.91,5,4,0
P00721,2026-08-01,28,436.4,15.59,1.54,9,4,0
P00722,2024-08-31,31,379.4,12.24,0.54,6,4,2
P00722,2024-09-30,27,354.5,13.13,1.96,7,4,1
P00722,2024-10-31,27,344.5,12.76,3.2,4,4,2
P00722,2024-11-30,28,351.3,12.55,2.6,7,4,1
P00722,2024-12-31,29,362.8,12.51,0.83,5,4,2
P00722,2025-01-30,28,368.5,13.16,1.48,6,4,0
P00722,2025-03-02,25,310.1,12.41,2.59,6,4,0
P00722,2025-04-01,30,385.3,12.84,2.84,5,4,1
P00722,2025-05-01,28,346.9,12.39,6.0,5,4,2
P00722,2025-06-01,30,376.2,12.54,1.92,8,4,2
P00722,2025-07-01,29,351.6,12.12,1.31,6,4,0
P00722,2025-08-01,30,353.9,11.8,0.36,4,4,1
P00722,2025-08-31,30,376.3,12.54,0.28,5,4,2
P00722,2025-10-01,27,351.0,13.0,2.84,9,4,0
P00722,2025-10-31,27,324.2,12.01,1.19,9,4,1
P00722,2025-12-01,29,347.7,11.99,2.48,10,4,0
P00722,2025-12-31,27,311.2,11.53,2.9,6,4,0
P00722,2026-01-30,29,354.9,12.24,2.94,1,4,1
P00722,2026-03-02,28,352.0,12.57,2.04,4,4,1
P00722,2026-04-01,27,335.4,12.42,3.7,7,4,0
P00722,2026-05-02,27,337.3,12.49,1.91,3,4,1
P00722,2026-06-01,29,341.4,11.77,6.0,9,4,2
P00722,2026-07-02,24,298.4,12.43,1.64,5,4,0
P00722,2026-08-01,29,360.8,12.44,0.27,5,4,1
P00723,2024-08-31,26,178.0,6.85,1.07,2,4,1
P00723,2024-09-30,28,180.8,6.46,1.54,2,4,4
P00723,2024-10-31,29,207.2,7.14,1.74,2,4,2
P00723,2024-11-30,27,185.6,6.87,2.13,4,4,2
P00723,2024-12-31,26,169.6,6.52,0.79,5,4,3
P00723,2025-01-30,28,177.4,6.34,1.54,3,4,1
P00723,2025-03-02,28,173.5,6.2,2.91,2,4,2
P00723,2025-04-01,27,163.9,6.07,2.68,0,4,2
P00723,2025-05-01,27,146.5,5.42,2.38,5,4,1
P00723,2025-06-01,25,159.8,6.39,0.74,5,4,2
P00723,2025-07-01,28,141.2,5.04,1.36,4,4,2
P00723,2025-08-01,29,144.6,4.99,1.91,4,4,3
P00723,2025-08-31,26,118.9,4.57,0.54,6,4,2
P00723,2025-10-01,27,127.4,4.72,4.59,2,4,1
P00723,2025-10-31,26,134.7,5.18,1.75,3,4,3
P00723,2025-12-01,28,158.8,5.67,1.96,4,4,2
P00723,2025-12-31,27,154.8,5.73,0.66,4,4,2
P00723,2026-01-30,25,136.1,5.45,3.48,3,4,2
P00723,2026-03-02,27,123.6,4.58,3.62,5,4,2
P00723,2026-04-01,27,138.7,5.14,0.89,5,4,2
P00723,2026-05-02,26,138.6,5.33,5.46,2,4,4
P00723,2026-06-01,26,139.1,5.35,0.57,3,4,3
P00723,2026-07-02,28,150.8,5.38,2.45,2,4,3
P00723,2026-08-01,28,130.1,4.65,0.72,5,4,3
P00724,2024-08-31,27,363.3,13.46,1.78,4,4,0
P00724,2024-09-30,27,358.4,13.27,0.39,7,4,1
P00724,2024-10-31,28,354.8,12.67,1.77,12,4,0
P00724,2024-11-30,27,351.5,13.02,1.85,5,4,1
P00724,2024-12-31,28,360.4,12.87,2.56,3,4,1
P00724,2025-01-30,29,368.4,12.7,2.45,6,4,1
P00724,2025-03-02,27,351.9,13.03,4.45,4,4,1
P00724,2025-04-01,29,370.3,12.77,1.82,7,4,1
P00724,2025-05-01,31,381.8,12.32,6.0,7,4,1
P00724,2025-06-01,29,357.9,12.34,2.2,6,4,1
P00724,2025-07-01,29,358.0,12.34,6.0,8,4,0
P00724,2025-08-01,28,364.3,13.01,2.17,8,4,1
P00724,2025-08-31,28,366.2,13.08,1.41,1,4,2
P00724,2025-10-01,27,337.7,12.51,3.09,4,4,1
P00724,2025-10-31,31,394.7,12.73,2.96,1,4,0
P00724,2025-12-01,26,343.9,13.23,5.03,6,4,1
P00724,2025-12-31,31,423.4,13.66,0.34,5,4,0
P00724,2026-01-30,30,369.8,12.33,4.09,10,4,2
P00724,2026-03-02,28,348.6,12.45,3.75,8,4,2
P00724,2026-04-01,29,372.8,12.86,1.08,8,4,1
P00724,2026-05-02,26,327.6,12.6,1.79,4,4,0
P00724,2026-06-01,28,335.0,11.97,2.13,3,4,1
P00724,2026-07-02,28,349.0,12.47,5.41,6,4,0
P00724,2026-08-01,28,360.1,12.86,0.23,6,4,0
P00725,2024-08-31,24,294.7,12.28,1.95,5,4,0
P00725,2024-09-30,28,363.7,12.99,2.05,1,4,0
P00725,2024-10-31,27,342.9,12.7,0.2,3,4,1
P00725,2024-11-30,29,371.1,12.79,0.91,8,4,1
P00725,2024-12-31,28,367.0,13.11,0.66,1,4,1
P00725,2025-01-30,28,346.5,12.38,1.14,5,4,3
P00725,2025-03-02,28,356.6,12.74,1.38,2,4,0
P00725,2025-04-01,27,340.4,12.61,1.1,2,4,1
P00725,2025-05-01,27,346.1,12.82,0.67,7,4,0
P00725,2025-06-01,25,323.2,12.93,2.23,7,4,2
P00725,2025-07-01,28,378.9,13.53,1.73,5,4,1
P00725,2025-08-01,28,374.6,13.38,0.98,5,4,2
P00725,2025-08-31,30,406.5,13.55,2.02,4,4,0
P00725,2025-10-01,28,373.2,13.33,2.09,3,4,2
P00725,2025-10-31,26,324.0,12.46,1.42,5,4,1
P00725,2025-12-01,28,350.7,12.52,1.17,6,4,0
P00725,2025-12-31,29,381.0,13.14,5.03,5,4,1
P00725,2026-01-30,28,373.7,13.35,1.62,2,4,1
P00725,2026-03-02,27,339.5,12.57,3.28,3,4,2
P00725,2026-04-01,28,379.5,13.55,0.77,1,4,0
P00725,2026-05-02,30,395.4,13.18,0.23,7,4,0
P00725,2026-06-01,26,347.4,13.36,1.97,5,4,1
P00725,2026-07-02,28,366.4,13.08,1.91,6,4,0
P00725,2026-08-01,29,401.9,13.86,2.71,4,4,2
P00726,2024-08-31,28,377.2,13.47,0.4,7,4,2
P00726,2024-09-30,28,364.5,13.02,2.53,4,4,0
P00726,2024-10-31,26,342.7,13.18,1.4,4,4,0
P00726,2024-11-30,26,342.0,13.16,3.08,2,4,0
P00726,2024-12-31,29,388.1,13.38,1.33,2,4,1
P00726,2025-01-30,29,385.1,13.28,3.06,8,4,0
P00726,2025-03-02,26,352.1,13.54,3.69,7,4,1
P00726,2025-04-01,26,362.6,13.95,3.87,5,4,0
P00726,2025-05-01,30,405.7,13.52,1.47,4,4,0
P00726,2025-06-01,31,410.8,13.25,4.2,6,4,0
P00726,2025-07-01,29,385.4,13.29,4.85,8,4,0
P00726,2025-08-01,25,333.0,13.32,0.29,8,4,2
P00726,2025-08-31,28,377.5,13.48,1.56,6,4,0
P00726,2025-10-01,28,365.6,13.06,1.97,10,4,1
P00726,2025-10-31,28,344.7,12.31,1.18,3,4,2
P00726,2025-12-01,28,357.3,12.76,4.38,5,4,0
P00726,2025-12-31,26,328.4,12.63,1.26,6,4,1
P00726,2026-01-30,29,378.7,13.06,0.31,5,4,2
P00726,2026-03-02,26,335.2,12.89,2.19,7,4,1
P00726,2026-04-01,27,339.0,12.55,1.29,5,4,1
P00726,2026-05-02,26,311.7,11.99,1.71,9,4,1
P00726,2026-06-01,30,385.1,12.84,3.15,5,4,1
P00726,2026-07-02,31,389.6,12.57,2.39,6,4,2
P00726,2026-08-01,29,348.5,12.02,1.89,1,4,2
P00727,2024-08-31,28,250.2,8.94,0.75,3,4,2
P00727,2024-09-30,27,252.0,9.33,3.92,7,4,1
P00727,2024-10-31,28,256.2,9.15,0.47,5,4,4
P00727,2024-11-30,28,226.0,8.07,0.76,9,4,3
P00727,2024-12-31,30,250.0,8.33,0.2,5,4,4
P00727,2025-01-30,31,258.1,8.33,1.55,8,4,2
P00727,2025-03-02,30,265.3,8.84,1.46,5,4,2
P00727,2025-04-01,30,276.3,9.21,5.7,5,4,4
P00727,2025-05-01,28,244.8,8.74,1.61,11,4,4
P00727,2025-06-01,28,260.1,9.29,0.59,6,4,2
P00727,2025-07-01,27,239.7,8.88,2.18,4,4,3
P00727,2025-08-01,28,224.6,8.02,1.27,6,4,3
P00727,2025-08-31,28,265.3,9.48,3.33,11,4,2
P00727,2025-10-01,28,230.0,8.22,3.03,6,4,1
P00727,2025-10-31,29,248.3,8.56,1.34,5,4,3
P00727,2025-12-01,26,227.1,8.74,3.71,8,4,1
P00727,2025-12-31,30,254.6,8.49,0.32,5,4,2
P00727,2026-01-30,28,246.5,8.8,3.39,9,4,3
P00727,2026-03-02,27,229.3,8.49,1.48,8,4,1
P00727,2026-04-01,29,225.2,7.77,1.59,6,4,2
P00727,2026-05-02,28,244.2,8.72,1.26,3,4,1
P00727,2026-06-01,30,242.4,8.08,4.06,6,4,1
P00727,2026-07-02,31,263.2,8.49,3.19,5,4,0
P00727,2026-08-01,28,241.1,8.61,3.93,1,4,3
P00728,2024-08-31,28,378.4,13.51,6.0,6,4,0
P00728,2024-09-30,30,427.0,14.23,6.0,8,4,0
P00728,2024-10-31,30,395.5,13.18,4.19,3,4,1
P00728,2024-11-30,31,421.7,13.6,4.23,8,4,0
P00728,2024-12-31,31,414.0,13.35,0.34,8,4,0
P00728,2025-01-30,29,377.4,13.01,2.27,2,4,0
P00728,2025-03-02,31,408.0,13.16,1.09,3,4,0
P00728,2025-04-01,31,415.6,13.41,0.77,5,4,0
P00728,2025-05-01,31,416.9,13.45,2.41,4,4,0
P00728,2025-06-01,28,377.0,13.46,2.51,7,4,0
P00728,2025-07-01,31,406.3,13.11,1.3,7,4,2
P00728,2025-08-01,26,337.3,12.97,6.0,7,4,0
P00728,2025-08-31,30,387.6,12.92,6.0,9,4,1
P00728,2025-10-01,29,380.4,13.12,2.09,6,4,0
P00728,2025-10-31,24,322.6,13.44,2.23,6,4,2
P00728,2025-12-01,29,359.6,12.4,3.26,4,4,0
P00728,2025-12-31,28,355.3,12.69,3.59,5,4,2
P00728,2026-01-30,29,378.6,13.06,1.47,4,4,0
P00728,2026-03-02,30,378.6,12.62,4.19,5,4,1
P00728,2026-04-01,26,329.8,12.68,1.46,13,4,1
P00728,2026-05-02,26,337.1,12.97,1.14,4,4,1
P00728,2026-06-01,26,349.8,13.45,4.33,10,4,1
P00728,2026-07-02,29,408.3,14.08,1.88,9,4,0
P00728,2026-08-01,28,358.7,12.81,3.97,7,4,0
P00729,2024-08-31,26,330.5,12.71,2.77,2,4,2
P00729,2024-09-30,31,407.0,13.13,1.09,7,4,2
P00729,2024-10-31,28,369.2,13.18,1.01,4,4,1
P00729,2024-11-30,27,352.4,13.05,1.7,4,4,0
P00729,2024-12-31,29,363.9,12.55,6.0,7,4,1
P00729,2025-01-30,27,364.4,13.5,2.39,8,4,1
P00729,2025-03-02,27,353.1,13.08,3.38,4,4,0
P00729,2025-04-01,29,372.9,12.86,0.96,7,4,0
P00729,2025-05-01,29,379.6,13.09,0.2,6,4,1
P00729,2025-06-01,29,377.9,13.03,2.39,2,4,1
P00729,2025-07-01,27,351.9,13.03,0.56,6,4,3
P00729,2025-08-01,27,355.6,13.17,1.41,6,4,1
P00729,2025-08-31,25,346.2,13.85,1.41,5,4,1
P00729,2025-10-01,28,368.8,13.17,0.9,3,4,1
P00729,2025-10-31,31,399.0,12.87,3.43,3,4,1
P00729,2025-12-01,27,358.8,13.29,0.73,3,4,1
P00729,2025-12-31,26,343.6,13.21,2.96,8,4,1
P00729,2026-01-30,28,352.3,12.58,5.69,5,4,0
P00729,2026-03-02,27,341.4,12.65,0.8,4,4,2
P00729,2026-04-01,26,333.7,12.83,1.97,2,4,1
P00729,2026-05-02,31,407.4,13.14,0.76,7,4,0
P00729,2026-06-01,27,348.1,12.89,0.58,5,4,0
P00729,2026-07-02,27,343.6,12.73,0.4,2,4,3
P00729,2026-08-01,29,369.4,12.74,4.55,1,4,0
P00730,2024-08-31,29,365.6,12.61,2.37,3,4,0
P00730,2024-09-30,26,320.6,12.33,2.34,5,4,1
P00730,2024-10-31,27,326.3,12.09,2.23,1,4,0
P00730,2024-11-30,28,348.8,12.46,3.45,3,4,0
P00730,2024-12-31,27,337.2,12.49,0.88,5,4,1
P00730,2025-01-30,28,329.2,11.76,2.23,5,4,0
P00730,2025-03-02,31,389.9,12.58,2.97,5,4,1
P00730,2025-04-01,26,330.9,12.73,1.26,7,4,0
P00730,2025-05-01,30,387.9,12.93,1.26,5,4,3
P00730,2025-06-01,26,309.9,11.92,2.09,10,4,0
P00730,2025-07-01,27,352.0,13.04,6.0,5,4,1
P00730,2025-08-01,28,375.8,13.42,1.45,9,4,0
P00730,2025-08-31,28,355.5,12.7,1.28,7,4,0
P00730,2025-10-01,26,333.2,12.82,2.68,2,4,1
P00730,2025-10-31,28,382.4,13.66,5.34,4,4,2
P00730,2025-12-01,30,395.0,13.17,4.87,5,4,0
P00730,2025-12-31,27,358.9,13.29,2.38,3,4,0
P00730,2026-01-30,28,372.1,13.29,0.31,3,4,1
P00730,2026-03-02,23,306.7,13.33,2.11,5,4,2
P00730,2026-04-01,26,339.6,13.06,2.38,3,4,1
P00730,2026-05-02,29,378.4,13.05,1.62,4,4,0
P00730,2026-06-01,23,310.3,13.49,0.83,3,4,0
P00730,2026-07-02,28,368.2,13.15,4.64,3,4,0
P00730,2026-08-01,27,352.2,13.05,1.79,3,4,0
P00731,2024-08-31,26,175.1,6.73,1.66,2,4,3
P00731,2024-09-30,28,232.3,8.3,2.5,5,4,2
P00731,2024-10-31,26,226.1,8.7,2.58,4,4,3
P00731,2024-11-30,29,219.7,7.57,2.31,10,4,2
P00731,2024-12-31,27,213.0,7.89,1.13,1,4,3
P00731,2025-01-30,29,249.8,8.62,3.09,4,4,0
P00731,2025-03-02,27,209.2,7.75,0.31,4,4,2
P00731,2025-04-01,26,229.9,8.84,0.82,5,4,2
P00731,2025-05-01,30,268.5,8.95,0.73,2,4,2
P00731,2025-06-01,29,250.5,8.64,0.89,0,4,2
P00731,2025-07-01,28,237.9,8.5,0.61,3,4,2
P00731,2025-08-01,29,268.5,9.26,1.1,8,4,3
P00731,2025-08-31,27,252.5,9.35,3.58,6,4,3
P00731,2025-10-01,25,226.8,9.07,0.29,3,4,2
P00731,2025-10-31,25,218.2,8.73,1.96,9,4,3
P00731,2025-12-01,26,241.7,9.29,1.06,3,4,4
P00731,2025-12-31,27,240.7,8.92,1.11,6,4,3
P00731,2026-01-30,26,236.8,9.11,0.77,4,4,3
P00731,2026-03-02,27,252.1,9.34,0.88,4,4,3
P00731,2026-04-01,26,241.3,9.28,0.55,4,4,2
P00731,2026-05-02,27,249.3,9.23,3.28,3,4,4
P00731,2026-06-01,30,287.6,9.59,1.16,3,4,1
P00731,2026-07-02,30,289.7,9.66,1.96,4,4,2
P00731,2026-08-01,25,241.4,9.66,0.4,7,4,2
P00732,2024-08-31,28,215.1,7.68,2.88,6,4,2
P00732,2024-09-30,30,260.6,8.69,2.77,3,4,3
P00732,2024-10-31,30,237.2,7.91,1.66,7,4,2
P00732,2024-11-30,26,212.0,8.15,0.34,7,4,1
P00732,2024-12-31,25,212.1,8.48,0.5,2,4,3
P00732,2025-01-30,26,228.0,8.77,0.2,2,4,2
P00732,2025-03-02,29,244.6,8.43,3.36,2,4,4
P00732,2025-04-01,27,199.6,7.39,2.53,4,4,2
P00732,2025-05-01,26,203.3,7.82,1.4,6,4,2
P00732,2025-06-01,30,255.7,8.52,0.91,6,4,2
P00732,2025-07-01,27,204.5,7.57,4.21,5,4,2
P00732,2025-08-01,26,202.8,7.8,2.12,4,4,2
P00732,2025-08-31,28,221.9,7.92,1.23,6,4,3
P00732,2025-10-01,27,207.4,7.68,2.66,2,4,2
P00732,2025-10-31,29,225.5,7.77,3.27,4,4,4
P00732,2025-12-01,28,199.6,7.13,2.83,4,4,1
P00732,2025-12-31,30,213.6,7.12,0.35,6,4,2
P00732,2026-01-30,27,207.4,7.68,4.02,1,4,1
P00732,2026-03-02,27,215.6,7.99,0.62,4,4,1
P00732,2026-04-01,26,215.5,8.29,1.37,6,4,3
P00732,2026-05-02,27,201.6,7.47,1.12,5,4,2
P00732,2026-06-01,27,211.2,7.82,0.88,1,4,0
P00732,2026-07-02,27,205.4,7.61,6.0,0,4,1
P00732,2026-08-01,30,215.6,7.19,1.42,6,4,2
P00733,2024-08-31,29,396.2,13.66,1.01,4,4,2
P00733,2024-09-30,27,346.6,12.84,2.31,8,4,0
P00733,2024-10-31,24,307.3,12.8,1.91,11,4,2
P00733,2024-11-30,25,327.0,13.08,1.42,6,4,0
P00733,2024-12-31,30,383.7,12.79,3.21,5,4,0
P00733,2025-01-30,28,351.1,12.54,0.29,10,4,0
P00733,2025-03-02,30,391.8,13.06,4.54,4,4,1
P00733,2025-04-01,28,375.0,13.39,2.65,2,4,1
P00733,2025-05-01,26,350.4,13.48,0.8,4,4,2
P00733,2025-06-01,30,388.1,12.94,4.96,4,4,0
P00733,2025-07-01,29,398.0,13.73,2.62,7,4,0
P00733,2025-08-01,29,372.8,12.85,0.27,4,4,0
P00733,2025-08-31,31,399.9,12.9,1.01,4,4,0
P00733,2025-10-01,29,357.3,12.32,1.41,6,4,0
P00733,2025-10-31,28,360.5,12.87,5.39,6,4,1
P00733,2025-12-01,30,380.0,12.67,4.57,9,4,1
P00733,2025-12-31,31,385.3,12.43,1.44,3,4,1
P00733,2026-01-30,29,389.0,13.41,3.05,9,4,0
P00733,2026-03-02,29,385.5,13.29,4.67,2,4,0
P00733,2026-04-01,27,347.9,12.89,3.13,3,4,1
P00733,2026-05-02,28,355.6,12.7,1.28,4,4,2
P00733,2026-06-01,28,360.1,12.86,3.04,6,4,1
P00733,2026-07-02,31,413.2,13.33,2.18,4,4,2
P00733,2026-08-01,25,341.6,13.66,0.73,4,4,1
P00734,2024-08-31,26,350.5,13.48,3.65,7,4,0
P00734,2024-09-30,27,365.5,13.54,4.57,2,4,0
P00734,2024-10-31,30,430.3,14.34,1.59,8,4,0
P00734,2024-11-30,28,394.9,14.1,0.51,3,4,2
P00734,2024-12-31,28,398.3,14.22,0.6,10,4,0
P00734,2025-01-30,28,389.0,13.89,6.0,5,4,0
P00734,2025-03-02,29,406.6,14.02,6.0,5,4,1
P00734,2025-04-01,27,359.7,13.32,2.01,8,4,0
P00734,2025-05-01,26,374.3,14.4,2.9,8,4,1
P00734,2025-06-01,28,389.6,13.91,6.0,4,4,2
P00734,2025-07-01,26,342.5,13.17,1.4,4,4,2
P00734,2025-08-01,27,365.1,13.52,4.65,2,4,3
P00734,2025-08-31,30,412.9,13.76,3.74,4,4,1
P00734,2025-10-01,28,380.4,13.59,3.57,9,4,1
P00734,2025-10-31,28,386.0,13.79,1.52,6,4,2
P00734,2025-12-01,29,367.3,12.67,4.39,4,4,1
P00734,2025-12-31,28,390.2,13.93,1.84,4,4,3
P00734,2026-01-30,29,399.6,13.78,2.19,9,4,0
P00734,2026-03-02,30,393.6,13.12,4.99,5,4,1
P00734,2026-04-01,29,405.9,14.0,2.66,6,4,0
P00734,2026-05-02,31,422.6,13.63,3.59,2,4,1
P00734,2026-06-01,30,428.1,14.27,4.18,10,4,0
P00734,2026-07-02,28,405.1,14.47,0.92,8,4,1
P00734,2026-08-01,28,407.9,14.57,3.3,6,4,0
P00735,2024-08-31,29,377.0,13.0,2.08,7,4,1
P00735,2024-09-30,27,329.7,12.21,3.06,5,4,2
P00735,2024-10-31,27,346.1,12.82,0.43,3,4,1
P00735,2024-11-30,26,320.0,12.31,2.19,2,4,0
P00735,2024-12-31,28,330.1,11.79,2.02,3,4,0
P00735,2025-01-30,27,344.7,12.77,5.63,6,4,1
P00735,2025-03-02,31,368.5,11.89,1.81,4,4,2
P00735,2025-04-01,28,347.8,12.42,0.54,5,4,0
P00735,2025-05-01,26,323.2,12.43,1.45,2,4,1
P00735,2025-06-01,27,335.4,12.42,0.2,3,4,0
P00735,2025-07-01,24,295.7,12.32,0.92,3,4,1
P00735,2025-08-01,28,353.3,12.62,2.54,4,4,0
P00735,2025-08-31,24,290.9,12.12,2.22,5,4,1
P00735,2025-10-01,25,324.2,12.97,0.39,2,4,2
P00735,2025-10-31,28,346.8,12.39,1.82,7,4,1
P00735,2025-12-01,29,372.2,12.83,1.77,2,4,0
P00735,2025-12-31,27,323.5,11.98,1.81,2,4,1
P00735,2026-01-30,26,322.3,12.4,1.27,8,4,0
P00735,2026-03-02,27,336.1,12.45,1.13,6,4,2
P00735,2026-04-01,25,315.1,12.6,2.1,1,4,1
P00735,2026-05-02,30,380.2,12.67,2.73,4,4,0
P00735,2026-06-01,30,386.8,12.89,0.93,5,4,1
P00735,2026-07-02,29,381.2,13.14,0.86,1,4,3
P00735,2026-08-01,24,310.5,12.94,0.66,4,4,0
P00736,2024-08-31,27,381.5,14.13,2.99,5,4,1
P00736,2024-09-30,30,425.7,14.19,2.43,4,4,0
P00736,2024-10-31,29,423.5,14.6,1.99,6,4,0
P00736,2024-11-30,30,430.5,14.35,2.96,5,4,0
P00736,2024-12-31,30,424.5,14.15,3.34,2,4,0
P00736,2025-01-30,30,444.6,14.82,3.62,8,4,0
P00736,2025-03-02,30,433.8,14.46,0.2,5,4,0
P00736,2025-04-01,30,447.2,14.91,3.82,7,4,1
P00736,2025-05-01,28,406.1,14.5,0.92,5,4,0
P00736,2025-06-01,26,377.4,14.52,2.51,7,4,1
P00736,2025-07-01,29,426.9,14.72,2.27,6,4,0
P00736,2025-08-01,28,395.7,14.13,1.59,8,4,0
P00736,2025-08-31,29,414.1,14.28,2.11,7,4,0
P00736,2025-10-01,31,442.6,14.28,3.76,2,4,1
P00736,2025-10-31,30,428.7,14.29,1.21,6,4,0
P00736,2025-12-01,28,394.5,14.09,5.09,6,4,1
P00736,2025-12-31,29,407.7,14.06,0.54,9,4,1
P00736,2026-01-30,30,437.8,14.59,1.66,9,4,0
P00736,2026-03-02,27,387.7,14.36,3.32,4,4,0
P00736,2026-04-01,28,427.3,15.26,0.61,10,4,0
P00736,2026-05-02,28,429.7,15.35,3.65,7,4,0
P00736,2026-06-01,30,455.5,15.18,1.77,11,4,2
P00736,2026-07-02,31,474.0,15.29,1.2,6,4,2
P00736,2026-08-01,26,391.3,15.05,2.83,2,4,0
P00737,2024-08-31,28,364.0,13.0,1.07,8,4,1
P00737,2024-09-30,28,373.7,13.35,1.64,1,4,0
P00737,2024-10-31,27,374.3,13.86,2.5,2,4,1
P00737,2024-11-30,26,338.0,13.0,0.54,6,4,0
P00737,2024-12-31,26,346.7,13.33,4.97,2,4,2
P00737,2025-01-30,28,357.3,12.76,2.74,4,4,0
P00737,2025-03-02,26,339.5,13.06,6.0,5,4,0
P00737,2025-04-01,29,370.6,12.78,2.21,3,4,0
P00737,2025-05-01,30,386.6,12.89,0.58,5,4,3
P00737,2025-06-01,25,313.7,12.55,1.91,4,4,1
P00737,2025-07-01,26,324.6,12.49,0.36,8,4,0
P00737,2025-08-01,25,308.4,12.34,1.43,6,4,2
P00737,2025-08-31,26,321.9,12.38,1.54,3,4,1
P00737,2025-10-01,24,293.7,12.24,1.88,5,4,0
P00737,2025-10-31,26,320.4,12.32,2.68,1,4,0
P00737,2025-12-01,28,351.7,12.56,2.03,5,4,0
P00737,2025-12-31,28,348.2,12.44,0.95,2,4,0
P00737,2026-01-30,29,347.9,12.0,0.27,8,4,1
P00737,2026-03-02,29,347.3,11.98,0.31,7,4,2
P00737,2026-04-01,27,344.2,12.75,1.8,4,4,2
P00737,2026-05-02,26,319.6,12.29,1.33,3,4,0
P00737,2026-06-01,28,357.6,12.77,1.47,3,4,2
P00737,2026-07-02,24,323.8,13.49,0.42,3,4,2
P00737,2026-08-01,31,377.8,12.19,1.77,4,4,0
P00738,2024-08-31,28,244.2,8.72,2.03,5,4,0
P00738,2024-09-30,27,204.7,7.58,0.71,7,4,2
P00738,2024-10-31,30,258.9,8.63,0.4,4,4,2
P00738,2024-11-30,27,251.6,9.32,2.29,7,4,3
P00738,2024-12-31,27,240.4,8.9,3.06,5,4,3
P00738,2025-01-30,30,267.5,8.92,1.05,4,4,2
P00738,2025-03-02,30,254.3,8.48,1.11,7,4,3
P00738,2025-04-01,26,234.7,9.03,1.65,3,4,4
P00738,2025-05-01,28,228.6,8.16,3.01,5,4,1
P00738,2025-06-01,28,256.5,9.16,1.42,8,4,3
P00738,2025-07-01,28,260.0,9.29,2.76,4,4,4
P00738,2025-08-01,26,228.6,8.79,4.8,8,4,3
P00738,2025-08-31,28,239.3,8.54,0.93,5,4,0
P00738,2025-10-01,27,260.2,9.64,3.08,3,4,0
P00738,2025-10-31,29,258.0,8.9,1.66,8,4,3
P00738,2025-12-01,26,248.7,9.56,1.98,5,4,3
P00738,2025-12-31,28,243.4,8.69,2.67,3,4,0
P00738,2026-01-30,26,238.5,9.17,0.99,5,4,0
P00738,2026-03-02,31,289.7,9.34,1.88,3,4,2
P00738,2026-04-01,27,247.7,9.17,1.88,6,4,2
P00738,2026-05-02,28,216.4,7.73,3.95,2,4,3
P00738,2026-06-01,28,216.8,7.74,1.4,10,4,3
P00738,2026-07-02,27,244.0,9.04,0.93,6,4,0
P00738,2026-08-01,27,236.3,8.75,5.05,3,4,2
P00739,2024-08-31,28,353.1,12.61,4.83,2,4,2
P00739,2024-09-30,27,339.8,12.59,1.71,9,4,2
P00739,2024-10-31,27,335.2,12.41,0.2,4,4,2
P00739,2024-11-30,29,351.2,12.11,2.49,1,4,1
P00739,2024-12-31,27,329.7,12.21,3.47,7,4,2
P00739,2025-01-30,30,381.7,12.72,1.38,2,4,1
P00739,2025-03-02,25,319.6,12.78,1.58,3,4,0
P00739,2025-04-01,28,361.6,12.92,1.22,4,4,1
P00739,2025-05-01,27,338.1,12.52,2.03,5,4,1
P00739,2025-06-01,28,381.0,13.61,4.15,1,4,0
P00739,2025-07-01,30,415.9,13.86,0.7,4,4,0
P00739,2025-08-01,27,379.8,14.07,2.77,2,4,0
P00739,2025-08-31,26,341.1,13.12,2.28,3,4,2
P00739,2025-10-01,27,351.3,13.01,0.84,3,4,1
P00739,2025-10-31,29,412.0,14.21,3.15,2,4,2
P00739,2025-12-01,28,380.7,13.6,1.58,2,4,1
P00739,2025-12-31,26,365.1,14.04,4.39,5,4,1
P00739,2026-01-30,29,424.4,14.63,1.36,5,4,1
P00739,2026-03-02,29,436.8,15.06,1.37,5,4,1
P00739,2026-04-01,27,377.4,13.98,5.43,3,4,0
P00739,2026-05-02,28,394.3,14.08,2.0,2,4,0
P00739,2026-06-01,28,394.2,14.08,1.71,6,4,0
P00739,2026-07-02,28,382.4,13.66,2.95,6,4,2
P00739,2026-08-01,27,380.5,14.09,0.87,4,4,1
P00740,2024-08-31,28,348.3,12.44,0.55,2,4,0
P00740,2024-09-30,23,292.3,12.71,1.29,1,4,1
P00740,2024-10-31,29,357.7,12.33,2.39,2,4,0
P00740,2024-11-30,25,307.4,12.3,2.77,3,4,0
P00740,2024-12-31,27,330.6,12.24,0.47,5,4,1
P00740,2025-01-30,27,324.3,12.01,2.49,4,4,2
P00740,2025-03-02,27,324.9,12.03,3.05,1,4,1
P00740,2025-04-01,26,333.6,12.83,2.57,5,4,0
P00740,2025-05-01,28,335.0,11.96,0.74,4,4,2
P00740,2025-06-01,28,331.4,11.84,3.06,4,4,2
P00740,2025-07-01,28,355.4,12.69,0.47,2,4,1
P00740,2025-08-01,27,354.4,13.13,0.61,1,4,1
P00740,2025-08-31,26,345.3,13.28,0.87,6,4,0
P00740,2025-10-01,25,310.2,12.41,1.85,4,4,2
P00740,2025-10-31,24,313.5,13.06,4.98,2,4,2
P00740,2025-12-01,27,350.0,12.96,1.77,3,4,0
P00740,2025-12-31,27,357.0,13.22,1.43,1,4,0
P00740,2026-01-30,29,369.2,12.73,1.0,4,4,0
P00740,2026-03-02,28,372.8,13.31,3.47,6,4,0
P00740,2026-04-01,29,351.2,12.11,1.18,6,4,2
P00740,2026-05-02,28,360.4,12.87,0.97,2,4,1
P00740,2026-06-01,27,338.1,12.52,2.14,4,4,1
P00740,2026-07-02,28,328.5,11.73,0.5,6,4,1
P00740,2026-08-01,25,301.6,12.06,5.17,5,4,1
P00741,2024-08-31,27,202.3,7.49,2.07,3,4,2
P00741,2024-09-30,27,194.2,7.19,0.48,4,4,2
P00741,2024-10-31,27,192.0,7.11,0.37,6,4,1
P00741,2024-11-30,28,209.9,7.5,0.63,6,4,2
P00741,2024-12-31,28,194.7,6.95,1.27,3,4,1
P00741,2025-01-30,28,204.5,7.3,3.68,5,4,2
P00741,2025-03-02,26,205.5,7.9,1.07,6,4,1
P00741,2025-04-01,25,192.8,7.71,4.99,4,4,1
P00741,2025-05-01,28,223.3,7.97,1.71,3,4,1
P00741,2025-06-01,30,212.5,7.08,0.2,6,4,3
P00741,2025-07-01,27,207.3,7.68,1.42,3,4,1
P00741,2025-08-01,27,180.4,6.68,1.51,1,4,3
P00741,2025-08-31,28,191.8,6.85,1.29,5,4,2
P00741,2025-10-01,30,199.6,6.65,1.26,6,4,3
P00741,2025-10-31,28,180.6,6.45,0.83,10,4,1
P00741,2025-12-01,25,168.8,6.75,2.53,2,4,2
P00741,2025-12-31,25,158.5,6.34,2.4,8,4,1
P00741,2026-01-30,26,161.2,6.2,1.39,2,4,2
P00741,2026-03-02,30,194.1,6.47,2.88,5,4,3
P00741,2026-04-01,27,165.9,6.15,0.46,6,4,3
P00741,2026-05-02,27,165.5,6.13,1.34,5,4,0
P00741,2026-06-01,30,157.8,5.26,0.86,4,4,2
P00741,2026-07-02,25,133.2,5.33,0.67,1,4,0
P00741,2026-08-01,27,151.4,5.61,0.75,1,4,2
P00742,2024-08-31,29,371.4,12.81,1.48,10,4,2
P00742,2024-09-30,29,378.6,13.05,1.05,3,4,1
P00742,2024-10-31,29,400.9,13.82,1.26,6,4,1
P00742,2024-11-30,29,415.5,14.33,1.08,9,4,1
P00742,2024-12-31,31,447.7,14.44,6.0,6,4,3
P00742,2025-01-30,27,380.5,14.09,6.0,10,4,1
P00742,2025-03-02,30,441.5,14.72,6.0,4,4,0
P00742,2025-04-01,28,393.2,14.04,3.23,8,4,1
P00742,2025-05-01,28,394.3,14.08,3.21,7,4,1
P00742,2025-06-01,27,379.5,14.06,4.68,7,4,2
P00742,2025-07-01,31,423.5,13.66,1.8,11,4,1
P00742,2025-08-01,30,425.2,14.17,6.0,6,4,0
P00742,2025-08-31,27,374.0,13.85,0.32,6,4,2
P00742,2025-10-01,28,391.5,13.98,1.27,2,4,2
P00742,2025-10-31,30,432.9,14.43,3.41,9,4,2
P00742,2025-12-01,30,431.4,14.38,1.63,7,4,0
P00742,2025-12-31,31,440.6,14.21,4.14,5,4,0
P00742,2026-01-30,28,409.9,14.64,3.21,6,4,1
P00742,2026-03-02,28,425.5,15.2,1.23,6,4,0
P00742,2026-04-01,27,401.8,14.88,5.88,9,4,1
P00742,2026-05-02,27,419.6,15.54,3.99,8,4,0
P00742,2026-06-01,31,485.0,15.65,1.8,9,4,0
P00742,2026-07-02,31,455.9,14.71,4.81,10,4,0
P00742,2026-08-01,29,446.2,15.38,3.96,4,4,1
P00743,2024-08-31,31,434.9,14.03,6.0,6,4,0
P00743,2024-09-30,26,353.2,13.58,3.57,9,4,0
P00743,2024-10-31,30,398.8,13.29,3.37,1,4,1
P00743,2024-11-30,30,394.0,13.13,0.64,9,4,0
P00743,2024-12-31,30,406.2,13.54,2.65,7,4,2
P00743,2025-01-30,27,373.8,13.84,2.13,5,4,0
P00743,2025-03-02,30,396.0,13.2,2.31,7,4,2
P00743,2025-04-01,28,376.9,13.46,6.0,10,4,0
P00743,2025-05-01,29,397.8,13.72,4.81,9,4,1
P00743,2025-06-01,30,411.5,13.72,2.09,6,4,1
P00743,2025-07-01,28,387.7,13.85,1.97,8,4,0
P00743,2025-08-01,27,374.2,13.86,1.03,9,4,0
P00743,2025-08-31,31,426.4,13.75,0.2,6,4,2
P00743,2025-10-01,30,409.7,13.66,1.17,8,4,0
P00743,2025-10-31,28,385.4,13.76,3.68,6,4,2
P00743,2025-12-01,31,433.0,13.97,0.44,3,4,1
P00743,2025-12-31,29,409.7,14.13,2.2,9,4,2
P00743,2026-01-30,31,439.9,14.19,1.04,10,4,0
P00743,2026-03-02,31,446.9,14.42,2.28,9,4,0
P00743,2026-04-01,27,388.5,14.39,1.12,10,4,2
P00743,2026-05-02,29,417.8,14.41,0.3,5,4,1
P00743,2026-06-01,29,414.1,14.28,1.7,6,4,1
P00743,2026-07-02,30,435.2,14.51,5.57,5,4,1
P00743,2026-08-01,28,407.7,14.56,0.65,9,4,0
P00744,2024-08-31,30,404.1,13.47,1.92,6,4,0
P00744,2024-09-30,29,370.8,12.79,1.96,6,4,0
P00744,2024-10-31,27,362.9,13.44,1.02,4,4,2
P00744,2024-11-30,31,432.0,13.93,0.84,12,4,1
P00744,2024-12-31,27,362.4,13.42,6.0,8,4,2
P00744,2025-01-30,30,406.4,13.55,2.24,13,4,0
P00744,2025-03-02,31,418.0,13.48,5.15,7,4,3
P00744,2025-04-01,30,434.3,14.48,0.35,4,4,0
P00744,2025-05-01,29,430.2,14.83,3.64,11,4,2
P00744,2025-06-01,27,374.4,13.87,2.46,6,4,0
P00744,2025-07-01,31,426.4,13.75,3.84,8,4,0
P00744,2025-08-01,29,392.7,13.54,3.77,8,4,1
P00744,2025-08-31,28,400.1,14.29,5.8,6,4,0
P00744,2025-10-01,28,369.5,13.19,0.78,6,4,0
P00744,2025-10-31,31,413.4,13.34,1.73,4,4,0
P00744,2025-12-01,29,392.5,13.53,3.64,10,4,2
P00744,2025-12-31,26,350.0,13.46,1.88,7,4,1
P00744,2026-01-30,29,395.5,13.64,3.34,3,4,0
P00744,2026-03-02,29,385.7,13.3,0.65,12,4,0
P00744,2026-04-01,28,370.9,13.25,6.0,4,4,0
P00744,2026-05-02,31,425.4,13.72,3.34,4,4,0
P00744,2026-06-01,30,395.5,13.18,1.96,6,4,1
P00744,2026-07-02,28,393.8,14.06,1.51,8,4,0
P00744,2026-08-01,28,395.6,14.13,3.79,6,4,2
P00745,2024-08-31,27,209.1,7.74,5.69,4,4,2
P00745,2024-09-30,29,237.5,8.19,1.14,7,4,2
P00745,2024-10-31,27,223.2,8.27,2.66,1,4,2
P00745,2024-11-30,31,240.8,7.77,0.95,2,4,3
P00745,2024-12-31,31,254.5,8.21,4.26,1,4,1
P00745,2025-01-30,31,249.3,8.04,0.6,4,4,3
P00745,2025-03-02,30,245.6,8.19,0.59,6,4,1
P00745,2025-04-01,30,241.0,8.03,0.2,1,4,1
P00745,2025-05-01,27,193.4,7.16,1.33,3,4,3
P00745,2025-06-01,27,187.4,6.94,1.76,1,4,2
P00745,2025-07-01,29,210.6,7.26,3.44,6,4,1
P00745,2025-08-01,29,184.5,6.36,0.59,8,4,2
P00745,2025-08-31,30,212.6,7.09,2.49,5,4,2
P00745,2025-10-01,31,236.0,7.61,1.3,3,4,4
P00745,2025-10-31,28,222.8,7.96,2.35,3,4,3
P00745,2025-12-01,29,202.6,6.99,0.49,6,4,2
P00745,2025-12-31,25,179.3,7.17,0.85,2,4,1
P00745,2026-01-30,25,179.9,7.2,0.52,4,4,3
P00745,2026-03-02,31,214.6,6.92,2.24,4,4,3
P00745,2026-04-01,30,209.9,7.0,1.21,9,4,4
P00745,2026-05-02,27,195.7,7.25,0.61,3,4,4
P00745,2026-06-01,29,215.5,7.43,1.26,8,4,4
P00745,2026-07-02,27,193.9,7.18,0.52,5,4,3
P00745,2026-08-01,29,221.2,7.63,0.98,7,4,1
P00746,2024-08-31,30,403.1,13.44,0.79,6,4,2
P00746,2024-09-30,30,398.9,13.3,6.0,9,4,3
P00746,2024-10-31,30,387.9,12.93,3.1,8,4,1
P00746,2024-11-30,28,377.9,13.5,1.76,10,4,0
P00746,2024-12-31,29,385.3,13.29,1.59,5,4,1
P00746,2025-01-30,29,376.9,13.0,2.92,9,4,0
P00746,2025-03-02,31,401.9,12.97,3.57,8,4,0
P00746,2025-04-01,31,406.6,13.12,0.87,6,4,1
P00746,2025-05-01,30,358.1,11.94,5.04,6,4,2
P00746,2025-06-01,28,359.7,12.85,1.99,6,4,0
P00746,2025-07-01,30,374.3,12.48,4.08,7,4,0
P00746,2025-08-01,28,360.1,12.86,4.4,5,4,1
P00746,2025-08-31,28,338.4,12.09,4.16,6,4,0
P00746,2025-10-01,31,400.7,12.93,3.53,10,4,0
P00746,2025-10-31,29,388.4,13.39,2.0,8,4,0
P00746,2025-12-01,28,363.6,12.99,5.36,4,4,1
P00746,2025-12-31,30,393.0,13.1,4.45,7,4,0
P00746,2026-01-30,30,362.9,12.1,4.69,9,4,0
P00746,2026-03-02,31,407.3,13.14,2.97,9,4,0
P00746,2026-04-01,28,354.9,12.67,0.66,6,4,2
P00746,2026-05-02,31,397.5,12.82,2.55,5,4,2
P00746,2026-06-01,30,390.5,13.02,0.89,11,4,0
P00746,2026-07-02,27,334.7,12.4,1.63,4,4,2
P00746,2026-08-01,29,372.3,12.84,1.34,9,4,0
P00747,2024-08-31,27,330.6,12.24,0.28,2,4,0
P00747,2024-09-30,28,354.8,12.67,1.05,2,4,0
P00747,2024-10-31,28,374.4,13.37,1.35,5,4,0
P00747,2024-11-30,28,375.7,13.42,1.69,4,4,0
P00747,2024-12-31,25,310.1,12.4,1.15,5,4,0
P00747,2025-01-30,24,290.4,12.1,4.39,5,4,0
P00747,2025-03-02,25,315.9,12.63,3.23,1,4,1
P00747,2025-04-01,25,330.7,13.23,0.2,3,4,1
P00747,2025-05-01,25,315.5,12.62,1.07,0,4,1
P00747,2025-06-01,24,312.3,13.01,0.82,2,4,1
P00747,2025-07-01,26,311.8,11.99,1.73,3,4,2
P00747,2025-08-01,27,336.0,12.44,0.75,6,4,0
P00747,2025-08-31,27,325.5,12.05,0.7,2,4,0
P00747,2025-10-01,27,337.5,12.5,1.57,5,4,0
P00747,2025-10-31,27,322.1,11.93,2.82,2,4,1
P00747,2025-12-01,28,324.8,11.6,0.95,3,4,1
P00747,2025-12-31,27,347.9,12.88,3.81,3,4,2
P00747,2026-01-30,28,337.0,12.03,1.34,3,4,0
P00747,2026-03-02,25,302.7,12.11,3.96,3,4,0
P00747,2026-04-01,27,337.1,12.49,0.45,3,4,1
P00747,2026-05-02,25,306.3,12.25,2.69,3,4,1
P00747,2026-06-01,26,321.3,12.36,0.45,0,4,0
P00747,2026-07-02,26,339.8,13.07,0.2,5,4,1
P00747,2026-08-01,27,351.2,13.01,4.36,3,4,3
P00748,2024-08-31,29,393.6,13.57,6.0,3,4,1
P00748,2024-09-30,29,402.3,13.87,2.94,5,4,0
P00748,2024-10-31,29,395.3,13.63,1.8,11,4,1
P00748,2024-11-30,28,385.8,13.78,2.65,8,4,1
P00748,2024-12-31,30,414.8,13.83,0.81,4,4,0
P00748,2025-01-30,29,393.7,13.58,1.91,8,4,0
P00748,2025-03-02,31,418.3,13.49,6.0,4,4,2
P00748,2025-04-01,29,376.3,12.98,1.62,7,4,0
P00748,2025-05-01,27,364.5,13.5,1.92,4,4,1
P00748,2025-06-01,30,409.4,13.65,1.01,5,4,0
P00748,2025-07-01,30,394.0,13.13,1.63,9,4,1
P00748,2025-08-01,30,394.5,13.15,1.44,9,4,1
P00748,2025-08-31,26,365.1,14.04,0.57,7,4,0
P00748,2025-10-01,30,392.1,13.07,5.4,3,4,0
P00748,2025-10-31,30,374.9,12.5,6.0,3,4,0
P00748,2025-12-01,27,338.7,12.54,6.0,8,4,0
P00748,2025-12-31,30,374.8,12.49,1.03,8,4,0
P00748,2026-01-30,29,356.4,12.29,1.89,6,4,0
P00748,2026-03-02,31,378.3,12.2,2.6,8,4,1
P00748,2026-04-01,30,349.5,11.65,2.19,9,4,0
P00748,2026-05-02,28,327.2,11.69,3.32,2,4,1
P00748,2026-06-01,29,366.4,12.64,2.07,4,4,0
P00748,2026-07-02,31,366.5,11.82,2.53,3,4,0
P00748,2026-08-01,27,327.8,12.14,4.04,5,4,2
P00749,2024-08-31,25,323.5,12.94,2.24,8,4,2
P00749,2024-09-30,29,344.4,11.87,2.35,4,4,2
P00749,2024-10-31,30,368.4,12.28,3.74,0,4,1
P00749,2024-11-30,28,349.1,12.47,1.09,5,4,0
P00749,2024-12-31,27,323.6,11.99,2.51,6,4,1
P00749,2025-01-30,26,306.8,11.8,0.48,4,4,1
P00749,2025-03-02,24,316.8,13.2,0.35,3,4,2
P00749,2025-04-01,23,288.6,12.55,2.34,6,4,1
P00749,2025-05-01,28,357.1,12.75,3.68,2,4,0
P00749,2025-06-01,25,326.8,13.07,1.88,1,4,0
P00749,2025-07-01,27,315.1,11.67,1.29,6,4,0
P00749,2025-08-01,31,376.0,12.13,1.18,3,4,0
P00749,2025-08-31,28,346.0,12.36,1.25,4,4,2
P00749,2025-10-01,27,321.1,11.89,0.2,2,4,0
P00749,2025-10-31,25,293.9,11.76,0.85,6,4,0
P00749,2025-12-01,26,326.2,12.55,2.02,4,4,0
P00749,2025-12-31,29,367.7,12.68,1.46,8,4,1
P00749,2026-01-30,29,356.0,12.27,1.32,3,4,2
P00749,2026-03-02,26,322.0,12.38,0.97,0,4,0
P00749,2026-04-01,26,322.4,12.4,2.93,1,4,0
P00749,2026-05-02,30,360.2,12.01,0.84,7,4,1
P00749,2026-06-01,26,319.6,12.29,1.88,3,4,0
P00749,2026-07-02,25,308.0,12.32,0.79,6,4,0
P00749,2026-08-01,27,336.6,12.47,2.64,3,4,0
P00750,2024-08-31,25,305.8,12.23,2.79,10,4,1
P00750,2024-09-30,23,298.4,12.97,0.44,3,4,1
P00750,2024-10-31,29,388.8,13.41,1.45,5,4,1
P00750,2024-11-30,25,312.0,12.48,0.31,4,4,0
P00750,2024-12-31,26,339.6,13.06,0.38,7,4,0
P00750,2025-01-30,27,340.8,12.62,3.89,7,4,0
P00750,2025-03-02,29,396.6,13.68,1.6,3,4,2
P00750,2025-04-01,26,336.9,12.96,3.31,4,4,1
P00750,2025-05-01,27,365.5,13.54,1.06,4,4,0
P00750,2025-06-01,27,357.3,13.23,1.42,2,4,1
P00750,2025-07-01,29,387.8,13.37,1.96,8,4,1
P00750,2025-08-01,29,379.5,13.09,0.85,7,4,0
P00750,2025-08-31,29,353.0,12.17,1.48,6,4,1
P00750,2025-10-01,30,360.4,12.01,2.04,3,4,1
P00750,2025-10-31,28,330.5,11.8,3.34,1,4,0
P00750,2025-12-01,30,353.2,11.77,0.76,8,4,0
P00750,2025-12-31,30,354.2,11.81,4.54,2,4,0
P00750,2026-01-30,25,296.2,11.85,0.7,4,4,2
P00750,2026-03-02,24,303.1,12.63,3.85,4,4,1
P00750,2026-04-01,28,346.7,12.38,0.85,3,4,0
P00750,2026-05-02,29,371.6,12.81,1.96,7,4,2
P00750,2026-06-01,30,362.0,12.07,0.91,5,4,0
P00750,2026-07-02,30,365.8,12.19,0.95,4,4,1
P00750,2026-08-01,27,342.4,12.68,1.44,7,4,1
P00751,2024-08-31,26,314.6,12.1,0.96,4,4,0
P00751,2024-09-30,25,328.8,13.15,1.45,5,4,0
P00751,2024-10-31,27,368.7,13.65,0.29,1,4,0
P00751,2024-11-30,27,354.6,13.13,0.55,4,4,2
P00751,2024-12-31,24,309.7,12.9,0.89,2,4,0
P00751,2025-01-30,30,378.3,12.61,3.36,1,4,1
P00751,2025-03-02,26,335.7,12.91,0.6,1,4,1
P00751,2025-04-01,27,376.2,13.93,2.38,5,4,0
P00751,2025-05-01,30,404.1,13.47,1.16,3,4,0
P00751,2025-06-01,27,346.8,12.84,0.54,1,4,2
P00751,2025-07-01,25,323.3,12.93,1.59,5,4,1
P00751,2025-08-01,27,352.5,13.06,3.9,5,4,0
P00751,2025-08-31,26,339.2,13.05,1.39,3,4,1
P00751,2025-10-01,26,356.6,13.72,0.84,2,4,2
P00751,2025-10-31,27,370.0,13.7,2.94,2,4,3
P00751,2025-12-01,28,369.2,13.19,0.96,0,4,2
P00751,2025-12-31,28,356.5,12.73,1.93,3,4,2
P00751,2026-01-30,26,341.7,13.14,0.57,0,4,1
P00751,2026-03-02,29,354.7,12.23,4.5,5,4,3
P00751,2026-04-01,24,304.2,12.68,2.17,3,4,1
P00751,2026-05-02,26,327.4,12.59,2.35,3,4,1
P00751,2026-06-01,26,333.0,12.81,1.01,6,4,0
P00751,2026-07-02,28,367.9,13.14,1.67,2,4,1
P00751,2026-08-01,25,318.2,12.73,4.83,0,4,1
P00752,2024-08-31,28,349.9,12.5,1.31,5,4,1
P00752,2024-09-30,27,329.8,12.22,1.17,3,4,0
P00752,2024-10-31,29,372.1,12.83,2.21,1,4,1
P00752,2024-11-30,27,325.4,12.05,2.36,5,4,1
P00752,2024-12-31,24,312.0,13.0,1.57,5,4,1
P00752,2025-01-30,28,352.8,12.6,0.28,4,4,0
P00752,2025-03-02,28,359.6,12.84,0.81,2,4,1
P00752,2025-04-01,27,323.4,11.98,0.27,6,4,3
P00752,2025-05-01,23,272.1,11.83,3.98,3,4,0
P00752,2025-06-01,25,306.6,12.26,0.33,8,4,1
P00752,2025-07-01,26,319.8,12.3,0.58,3,4,1
P00752,2025-08-01,26,317.2,12.2,0.2,1,4,1
P00752,2025-08-31,24,284.1,11.84,1.37,6,4,1
P00752,2025-10-01,29,335.5,11.57,1.01,2,4,0
P00752,2025-10-31,26,307.3,11.82,1.36,2,4,1
P00752,2025-12-01,25,289.4,11.57,1.31,3,4,0
P00752,2025-12-31,24,279.4,11.64,0.58,3,4,1
P00752,2026-01-30,27,315.9,11.7,3.48,3,4,1
P00752,2026-03-02,27,325.5,12.06,2.91,5,4,2
P00752,2026-04-01,24,270.5,11.27,3.44,2,4,2
P00752,2026-05-02,24,300.5,12.52,0.65,6,4,1
P00752,2026-06-01,29,346.1,11.93,1.17,14,4,0
P00752,2026-07-02,26,310.6,11.95,0.57,7,4,1
P00752,2026-08-01,26,328.8,12.64,2.06,3,4,1
P00753,2024-08-31,30,255.1,8.5,1.0,4,4,2
P00753,2024-09-30,30,266.4,8.88,1.14,9,4,2
P00753,2024-10-31,26,249.3,9.59,0.58,6,4,2
P00753,2024-11-30,29,255.9,8.82,4.18,7,4,2
P00753,2024-12-31,27,241.3,8.94,3.01,5,4,1
P00753,2025-01-30,28,255.1,9.11,2.13,7,4,2
P00753,2025-03-02,29,248.3,8.56,3.73,6,4,3
P00753,2025-04-01,30,269.6,8.99,0.98,10,4,2
P00753,2025-05-01,28,242.6,8.66,3.17,4,4,2
P00753,2025-06-01,27,215.3,7.97,2.46,7,4,2
P00753,2025-07-01,26,230.3,8.86,6.0,5,4,1
P00753,2025-08-01,30,242.9,8.1,0.49,5,4,4
P00753,2025-08-31,30,230.5,7.68,2.36,5,4,3
P00753,2025-10-01,29,231.8,7.99,1.09,6,4,2
P00753,2025-10-31,28,241.1,8.61,3.81,4,4,3
P00753,2025-12-01,30,246.2,8.21,2.66,6,4,2
P00753,2025-12-31,28,224.4,8.01,4.25,4,4,1
P00753,2026-01-30,31,251.8,8.12,6.0,4,4,2
P00753,2026-03-02,30,231.0,7.7,3.36,7,4,2
P00753,2026-04-01,29,213.1,7.35,1.6,6,4,3
P00753,2026-05-02,29,217.3,7.49,0.59,4,4,3
P00753,2026-06-01,30,233.0,7.77,1.19,7,4,2
P00753,2026-07-02,26,200.5,7.71,2.7,6,4,2
P00753,2026-08-01,30,222.9,7.43,3.45,5,4,3
P00754,2024-08-31,29,245.0,8.45,2.45,10,4,1
P00754,2024-09-30,30,263.4,8.78,1.47,9,4,4
P00754,2024-10-31,27,242.2,8.97,0.58,4,4,4
P00754,2024-11-30,29,251.5,8.67,6.0,8,4,1
P00754,2024-12-31,31,263.7,8.51,4.57,7,4,4
P00754,2025-01-30,30,269.3,8.98,5.55,6,4,0
P00754,2025-03-02,28,241.5,8.62,0.41,9,4,2
P00754,2025-04-01,27,246.6,9.13,2.24,5,4,3
P00754,2025-05-01,28,221.4,7.91,6.0,6,4,1
P00754,2025-06-01,29,255.1,8.8,3.76,9,4,2
P00754,2025-07-01,27,217.5,8.05,1.58,4,4,1
P00754,2025-08-01,27,240.3,8.9,2.23,6,4,2
P00754,2025-08-31,31,270.1,8.71,5.65,8,4,3
P00754,2025-10-01,27,246.7,9.14,6.0,7,4,3
P00754,2025-10-31,31,284.3,9.17,2.7,8,4,2
P00754,2025-12-01,30,287.3,9.58,3.37,6,4,2
P00754,2025-12-31,31,261.7,8.44,1.83,5,4,0
P00754,2026-01-30,28,226.4,8.09,2.64,14,4,2
P00754,2026-03-02,31,285.1,9.2,1.62,5,4,3
P00754,2026-04-01,28,239.7,8.56,5.83,9,4,4
P00754,2026-05-02,30,270.2,9.01,2.64,11,4,2
P00754,2026-06-01,28,258.1,9.22,6.0,12,4,3
P00754,2026-07-02,29,260.1,8.97,3.03,13,4,3
P00754,2026-08-01,30,284.3,9.48,4.16,13,4,3
P00755,2024-08-31,28,380.8,13.6,3.86,8,4,1
P00755,2024-09-30,29,384.0,13.24,2.27,3,4,1
P00755,2024-10-31,29,375.5,12.95,2.26,5,4,1
P00755,2024-11-30,28,374.9,13.39,6.0,2,4,0
P00755,2024-12-31,28,355.2,12.69,3.14,6,4,0
P00755,2025-01-30,30,394.4,13.15,1.27,8,4,1
P00755,2025-03-02,28,369.5,13.2,3.26,5,4,1
P00755,2025-04-01,29,375.9,12.96,5.2,3,4,0
P00755,2025-05-01,29,388.5,13.4,0.78,8,4,0
P00755,2025-06-01,30,365.0,12.17,2.09,8,4,2
P00755,2025-07-01,30,402.6,13.42,1.66,7,4,0
P00755,2025-08-01,30,388.8,12.96,3.15,5,4,3
P00755,2025-08-31,27,356.9,13.22,1.93,7,4,1
P00755,2025-10-01,31,385.5,12.43,4.07,8,4,2
P00755,2025-10-31,30,402.6,13.42,1.39,5,4,1
P00755,2025-12-01,31,384.5,12.4,1.3,6,4,2
P00755,2025-12-31,30,388.4,12.95,0.59,11,4,1
P00755,2026-01-30,28,363.4,12.98,5.82,5,4,1
P00755,2026-03-02,29,396.3,13.67,3.41,4,4,0
P00755,2026-04-01,30,391.0,13.03,2.19,9,4,2
P00755,2026-05-02,31,406.3,13.1,1.11,5,4,0
P00755,2026-06-01,29,362.8,12.51,0.28,7,4,0
P00755,2026-07-02,27,354.5,13.13,6.0,7,4,1
P00755,2026-08-01,28,364.7,13.02,4.59,3,4,2
P00756,2024-08-31,31,391.7,12.64,1.3,11,4,0
P00756,2024-09-30,28,363.1,12.97,1.95,6,4,0
P00756,2024-10-31,29,379.5,13.09,0.89,9,4,2
P00756,2024-11-30,29,369.1,12.73,3.15,6,4,0
P00756,2024-12-31,28,336.8,12.03,1.55,2,4,1
P00756,2025-01-30,29,353.9,12.2,1.46,7,4,2
P00756,2025-03-02,26,316.3,12.17,1.79,6,4,0
P00756,2025-04-01,31,407.0,13.13,1.03,7,4,1
P00756,2025-05-01,28,352.8,12.6,0.72,6,4,2
P00756,2025-06-01,30,395.1,13.17,2.75,3,4,0
P00756,2025-07-01,30,399.0,13.3,2.13,7,4,0
P00756,2025-08-01,28,381.6,13.63,2.63,6,4,0
P00756,2025-08-31,27,393.1,14.56,1.55,9,4,2
P00756,2025-10-01,26,363.5,13.98,2.57,5,4,0
P00756,2025-10-31,29,402.9,13.89,2.71,3,4,2
P00756,2025-12-01,28,377.5,13.48,1.39,4,4,1
P00756,2025-12-31,27,369.2,13.67,0.81,4,4,0
P00756,2026-01-30,28,399.6,14.27,4.34,5,4,1
P00756,2026-03-02,27,378.6,14.02,2.86,4,4,3
P00756,2026-04-01,28,399.7,14.27,0.95,2,4,2
P00756,2026-05-02,28,402.2,14.37,1.29,4,4,2
P00756,2026-06-01,28,419.2,14.97,4.02,5,4,1
P00756,2026-07-02,27,399.0,14.78,1.49,3,4,0
P00756,2026-08-01,27,387.1,14.34,0.84,3,4,1
P00757,2024-08-31,29,367.2,12.66,4.94,3,4,0
P00757,2024-09-30,27,371.6,13.76,2.96,4,4,2
P00757,2024-10-31,30,425.8,14.19,0.98,2,4,2
P00757,2024-11-30,26,357.2,13.74,6.0,7,4,0
P00757,2024-12-31,27,373.6,13.84,2.28,5,4,0
P00757,2025-01-30,29,384.0,13.24,0.63,3,4,1
P00757,2025-03-02,29,400.4,13.81,5.18,6,4,2
P00757,2025-04-01,28,375.4,13.41,1.14,4,4,3
P00757,2025-05-01,28,377.7,13.49,0.58,7,4,3
P00757,2025-06-01,30,390.1,13.0,0.27,11,4,2
P00757,2025-07-01,30,397.6,13.25,3.95,6,4,1
P00757,2025-08-01,30,413.5,13.78,1.01,3,4,2
P00757,2025-08-31,31,434.1,14.0,0.74,3,4,0
P00757,2025-10-01,28,387.6,13.84,2.77,2,4,0
P00757,2025-10-31,26,365.6,14.06,0.67,8,4,0
P00757,2025-12-01,28,376.2,13.43,0.75,6,4,1
P00757,2025-12-31,26,395.7,15.22,3.08,3,4,2
P00757,2026-01-30,30,450.0,15.0,1.04,2,4,2
P00757,2026-03-02,28,415.0,14.82,5.5,6,4,0
P00757,2026-04-01,31,441.0,14.23,3.13,7,4,0
P00757,2026-05-02,30,422.7,14.09,1.19,7,4,0
P00757,2026-06-01,30,427.5,14.25,0.67,7,4,1
P00757,2026-07-02,25,385.6,15.42,0.35,6,4,0
P00757,2026-08-01,28,418.3,14.94,0.78,7,4,1
P00758,2024-08-31,24,308.4,12.85,3.6,9,4,0
P00758,2024-09-30,29,367.0,12.65,1.35,0,4,1
P00758,2024-10-31,30,381.5,12.72,5.12,7,4,1
P00758,2024-11-30,29,390.5,13.46,0.53,6,4,0
P00758,2024-12-31,28,352.8,12.6,3.34,4,4,0
P00758,2025-01-30,30,373.3,12.44,0.75,9,4,0
P00758,2025-03-02,29,369.0,12.73,3.05,8,4,1
P00758,2025-04-01,29,379.4,13.08,3.02,5,4,2
P00758,2025-05-01,29,364.8,12.58,2.31,6,4,0
P00758,2025-06-01,28,381.9,13.64,1.94,6,4,0
P00758,2025-07-01,29,370.0,12.76,1.4,9,4,1
P00758,2025-08-01,29,377.8,13.03,1.65,5,4,0
P00758,2025-08-31,28,375.9,13.42,2.62,7,4,1
P00758,2025-10-01,30,393.8,13.13,1.16,9,4,0
P00758,2025-10-31,29,374.2,12.9,3.16,8,4,0
P00758,2025-12-01,28,373.7,13.35,1.13,5,4,3
P00758,2025-12-31,28,361.6,12.91,1.26,8,4,1
P00758,2026-01-30,28,350.3,12.51,3.14,6,4,1
P00758,2026-03-02,29,364.1,12.56,6.0,11,4,1
P00758,2026-04-01,28,363.4,12.98,2.39,3,4,1
P00758,2026-05-02,29,360.9,12.44,2.39,5,4,1
P00758,2026-06-01,28,372.7,13.31,4.02,6,4,0
P00758,2026-07-02,28,374.8,13.39,5.6,10,4,0
P00758,2026-08-01,29,370.0,12.76,3.07,7,4,0
P00759,2024-08-31,31,442.7,14.28,3.28,6,4,0
P00759,2024-09-30,27,353.5,13.09,2.34,6,4,0
P00759,2024-10-31,30,426.4,14.21,2.28,4,4,1
P00759,2024-11-30,29,405.6,13.98,5.28,4,4,1
P00759,2024-12-31,31,445.2,14.36,0.3,10,4,0
P00759,2025-01-30,28,397.6,14.2,2.05,6,4,1
P00759,2025-03-02,31,428.9,13.83,1.4,9,4,0
P00759,2025-04-01,30,400.1,13.34,1.53,5,4,0
P00759,2025-05-01,27,362.9,13.44,1.73,3,4,1
P00759,2025-06-01,26,322.1,12.39,2.48,3,4,0
P00759,2025-07-01,29,388.2,13.39,0.55,7,4,0
P00759,2025-08-01,29,381.3,13.15,0.67,7,4,1
P00759,2025-08-31,30,383.1,12.77,2.44,12,4,2
P00759,2025-10-01,30,396.6,13.22,2.34,6,4,0
P00759,2025-10-31,29,391.3,13.49,3.64,4,4,1
P00759,2025-12-01,31,414.9,13.38,2.09,2,4,1
P00759,2025-12-31,29,353.2,12.18,2.25,5,4,2
P00759,2026-01-30,27,341.0,12.63,4.39,7,4,1
P00759,2026-03-02,30,379.4,12.65,6.0,7,4,1
P00759,2026-04-01,30,366.4,12.21,3.03,4,4,1
P00759,2026-05-02,31,378.6,12.21,1.31,6,4,0
P00759,2026-06-01,30,359.8,11.99,3.94,13,4,1
P00759,2026-07-02,28,341.4,12.19,6.0,9,4,1
P00759,2026-08-01,30,382.3,12.74,1.52,7,4,0
P00760,2024-08-31,31,391.4,12.63,1.91,6,4,0
P00760,2024-09-30,31,408.9,13.19,2.92,6,4,0
P00760,2024-10-31,27,354.4,13.13,1.81,5,4,2
P00760,2024-11-30,30,368.3,12.28,1.37,5,4,1
P00760,2024-12-31,29,355.5,12.26,0.35,10,4,0
P00760,2025-01-30,28,342.3,12.22,2.77,7,4,1
P00760,2025-03-02,28,341.1,12.18,0.98,12,4,1
P00760,2025-04-01,27,336.6,12.47,1.31,13,4,1
P00760,2025-05-01,29,372.6,12.85,5.07,6,4,0
P00760,2025-06-01,27,340.8,12.62,3.57,5,4,1
P00760,2025-07-01,26,337.8,12.99,0.3,9,4,1
P00760,2025-08-01,28,377.6,13.49,0.99,6,4,2
P00760,2025-08-31,29,379.0,13.07,1.5,9,4,0
P00760,2025-10-01,28,376.9,13.46,1.98,3,4,2
P00760,2025-10-31,28,380.4,13.59,2.09,7,4,0
P00760,2025-12-01,27,363.7,13.47,1.92,4,4,2
P00760,2025-12-31,27,356.3,13.2,3.76,6,4,1
P00760,2026-01-30,25,317.3,12.69,2.9,7,4,0
P00760,2026-03-02,31,409.9,13.22,2.49,5,4,1
P00760,2026-04-01,29,387.7,13.37,5.87,13,4,1
P00760,2026-05-02,27,355.6,13.17,1.26,8,4,1
P00760,2026-06-01,30,400.8,13.36,0.2,9,4,0
P00760,2026-07-02,29,374.8,12.93,1.24,6,4,3
P00760,2026-08-01,29,381.1,13.14,2.32,4,4,0
P00761,2024-08-31,26,332.8,12.8,2.51,0,4,2
P00761,2024-09-30,28,360.5,12.88,0.99,6,4,1
P00761,2024-10-31,26,328.9,12.65,1.43,5,4,0
P00761,2024-11-30,28,368.3,13.15,1.06,8,4,0
P00761,2024-12-31,28,364.9,13.03,1.15,2,4,0
P00761,2025-01-30,25,345.8,13.83,1.52,0,4,2
P00761,2025-03-02,27,361.7,13.4,1.41,3,4,0
P00761,2025-04-01,26,335.0,12.89,5.03,5,4,0
P00761,2025-05-01,27,355.6,13.17,1.35,5,4,0
P00761,2025-06-01,28,374.2,13.36,3.83,6,4,2
P00761,2025-07-01,27,358.1,13.26,3.67,3,4,0
P00761,2025-08-01,27,382.4,14.16,1.52,7,4,1
P00761,2025-08-31,30,416.1,13.87,1.17,2,4,0
P00761,2025-10-01,29,376.9,13.0,1.01,5,4,0
P00761,2025-10-31,26,350.2,13.47,0.75,6,4,2
P00761,2025-12-01,27,363.0,13.45,0.47,3,4,3
P00761,2025-12-31,28,396.9,14.17,2.15,5,4,0
P00761,2026-01-30,26,377.0,14.5,3.17,4,4,1
P00761,2026-03-02,29,418.4,14.43,1.99,0,4,1
P00761,2026-04-01,31,454.6,14.66,2.6,4,4,1
P00761,2026-05-02,29,405.3,13.98,0.92,6,4,0
P00761,2026-06-01,27,387.6,14.35,4.19,4,4,1
P00761,2026-07-02,28,376.3,13.44,1.25,2,4,1
P00761,2026-08-01,26,348.0,13.39,0.85,5,4,1
P00762,2024-08-31,30,410.8,13.69,1.1,6,4,1
P00762,2024-09-30,31,429.1,13.84,0.96,7,4,1
P00762,2024-10-31,29,400.7,13.82,1.49,6,4,1
P00762,2024-11-30,31,396.4,12.79,0.99,11,4,1
P00762,2024-12-31,30,379.6,12.65,1.51,7,4,1
P00762,2025-01-30,31,406.6,13.11,2.62,6,4,2
P00762,2025-03-02,28,349.8,12.49,2.42,5,4,1
P00762,2025-04-01,31,380.6,12.28,3.13,2,4,2
P00762,2025-05-01,30,363.0,12.1,2.72,6,4,0
P00762,2025-06-01,31,387.1,12.49,0.96,10,4,0
P00762,2025-07-01,29,365.8,12.61,2.52,3,4,0
P00762,2025-08-01,27,327.9,12.14,2.46,2,4,1
P00762,2025-08-31,31,370.0,11.93,0.85,8,4,1
P00762,2025-10-01,30,360.2,12.01,1.76,5,4,0
P00762,2025-10-31,28,350.7,12.53,4.95,6,4,1
P00762,2025-12-01,27,335.5,12.43,3.98,10,4,1
P00762,2025-12-31,28,340.5,12.16,6.0,6,4,1
P00762,2026-01-30,29,356.5,12.29,2.67,8,4,1
P00762,2026-03-02,29,340.4,11.74,3.49,11,4,2
P00762,2026-04-01,31,367.7,11.86,1.15,6,4,0
P00762,2026-05-02,30,357.2,11.91,0.5,7,4,0
P00762,2026-06-01,27,315.6,11.69,0.99,11,4,1
P00762,2026-07-02,29,346.2,11.94,2.67,9,4,0
P00762,2026-08-01,28,310.5,11.09,1.06,8,4,1
P00763,2024-08-31,26,340.2,13.08,3.86,5,4,2
P00763,2024-09-30,29,386.4,13.32,1.55,8,4,0
P00763,2024-10-31,28,372.0,13.29,1.38,6,4,1
P00763,2024-11-30,31,439.1,14.17,0.2,5,4,1
P00763,2024-12-31,28,395.8,14.13,0.78,5,4,1
P00763,2025-01-30,31,428.6,13.83,4.66,6,4,0
P00763,2025-03-02,30,415.3,13.84,6.0,8,4,0
P00763,2025-04-01,29,412.5,14.23,6.0,9,4,0
P00763,2025-05-01,30,431.4,14.38,4.96,3,4,0
P00763,2025-06-01,29,421.7,14.54,3.81,3,4,2
P00763,2025-07-01,31,450.9,14.54,1.14,5,4,0
P00763,2025-08-01,31,454.1,14.65,4.11,10,4,2
P00763,2025-08-31,29,420.8,14.51,1.03,7,4,2
P00763,2025-10-01,30,440.1,14.67,6.0,5,4,0
P00763,2025-10-31,28,408.3,14.58,3.01,4,4,1
P00763,2025-12-01,29,448.2,15.46,4.57,7,4,0
P00763,2025-12-31,31,467.6,15.08,0.65,6,4,1
P00763,2026-01-30,31,461.6,14.89,3.82,8,4,1
P00763,2026-03-02,29,436.3,15.04,1.67,8,4,0
P00763,2026-04-01,31,479.7,15.47,4.56,8,4,0
P00763,2026-05-02,31,490.4,15.82,5.51,6,4,1
P00763,2026-06-01,30,464.0,15.47,3.44,9,4,1
P00763,2026-07-02,31,457.5,14.76,1.3,8,4,0
P00763,2026-08-01,31,483.8,15.61,0.27,7,4,1
P00764,2024-08-31,31,408.4,13.17,0.89,2,4,1
P00764,2024-09-30,30,413.8,13.79,6.0,3,4,1
P00764,2024-10-31,29,394.4,13.6,6.0,7,4,1
P00764,2024-11-30,28,372.7,13.31,5.24,5,4,0
P00764,2024-12-31,31,385.7,12.44,2.81,6,4,0
P00764,2025-01-30,29,396.4,13.67,3.79,4,4,0
P00764,2025-03-02,27,353.2,13.08,1.4,8,4,1
P00764,2025-04-01,29,394.1,13.59,0.42,7,4,0
P00764,2025-05-01,26,340.8,13.11,1.59,5,4,0
P00764,2025-06-01,31,396.3,12.79,2.67,6,4,0
P00764,2025-07-01,26,339.0,13.04,0.73,5,4,0
P00764,2025-08-01,31,404.6,13.05,3.08,4,4,1
P00764,2025-08-31,30,415.4,13.85,1.99,5,4,0
P00764,2025-10-01,30,387.4,12.91,1.53,5,4,0
P00764,2025-10-31,28,369.9,13.21,0.96,13,4,0
P00764,2025-12-01,31,429.6,13.86,1.65,5,4,1
P00764,2025-12-31,30,412.0,13.73,4.35,7,4,0
P00764,2026-01-30,30,413.5,13.78,0.2,6,4,0
P00764,2026-03-02,30,413.8,13.79,5.1,7,4,1
P00764,2026-04-01,28,382.7,13.67,3.08,5,4,1
P00764,2026-05-02,29,402.8,13.89,0.88,6,4,0
P00764,2026-06-01,29,386.9,13.34,3.3,5,4,0
P00764,2026-07-02,30,416.9,13.9,0.91,6,4,2
P00764,2026-08-01,28,365.9,13.07,1.37,5,4,0
P00765,2024-08-31,28,374.7,13.38,3.54,4,4,1
P00765,2024-09-30,27,360.3,13.35,1.87,1,4,0
P00765,2024-10-31,27,349.9,12.96,2.39,6,4,0
P00765,2024-11-30,29,371.5,12.81,0.74,6,4,1
P00765,2024-12-31,27,348.3,12.9,0.27,4,4,0
P00765,2025-01-30,29,382.5,13.19,2.62,1,4,2
P00765,2025-03-02,26,325.9,12.53,1.71,4,4,1
P00765,2025-04-01,27,333.4,12.35,1.96,6,4,0
P00765,2025-05-01,28,371.3,13.26,4.11,6,4,0
P00765,2025-06-01,27,359.8,13.33,2.65,2,4,2
P00765,2025-07-01,26,337.4,12.98,4.07,6,4,2
P00765,2025-08-01,27,334.2,12.38,0.87,6,4,1
P00765,2025-08-31,29,366.5,12.64,3.48,2,4,1
P00765,2025-10-01,27,350.5,12.98,2.49,3,4,0
P00765,2025-10-31,29,374.3,12.91,1.26,6,4,2
P00765,2025-12-01,27,355.6,13.17,2.37,7,4,1
P00765,2025-12-31,25,325.1,13.0,1.85,8,4,1
P00765,2026-01-30,29,386.8,13.34,1.36,5,4,1
P00765,2026-03-02,27,362.0,13.41,0.47,6,4,2
P00765,2026-04-01,29,357.3,12.32,1.49,4,4,0
P00765,2026-05-02,28,371.7,13.27,1.27,2,4,1
P00765,2026-06-01,26,327.8,12.61,1.14,3,4,0
P00765,2026-07-02,26,341.5,13.13,6.0,6,4,0
P00765,2026-08-01,29,376.3,12.98,0.96,2,4,1
P00766,2024-08-31,27,371.5,13.76,3.5,10,4,1
P00766,2024-09-30,27,360.8,13.36,0.93,9,4,1
P00766,2024-10-31,30,413.5,13.78,4.41,6,4,2
P00766,2024-11-30,31,413.8,13.35,2.65,12,4,2
P00766,2024-12-31,25,330.6,13.23,1.07,9,4,1
P00766,2025-01-30,28,380.7,13.6,1.47,3,4,1
P00766,2025-03-02,29,380.8,13.13,1.27,5,4,2
P00766,2025-04-01,29,386.1,13.31,1.03,6,4,1
P00766,2025-05-01,30,416.5,13.88,2.65,7,4,2
P00766,2025-06-01,31,422.2,13.62,1.3,10,4,0
P00766,2025-07-01,28,376.8,13.46,4.5,8,4,0
P00766,2025-08-01,27,377.8,13.99,2.28,5,4,0
P00766,2025-08-31,31,411.4,13.27,2.47,6,4,0
P00766,2025-10-01,28,388.0,13.86,1.77,4,4,1
P00766,2025-10-31,28,372.2,13.29,5.64,9,4,1
P00766,2025-12-01,27,335.3,12.42,1.95,8,4,0
P00766,2025-12-31,29,373.3,12.87,0.79,6,4,2
P00766,2026-01-30,30,391.4,13.05,5.62,7,4,1
P00766,2026-03-02,26,337.2,12.97,1.74,2,4,1
P00766,2026-04-01,31,422.4,13.63,0.68,4,4,0
P00766,2026-05-02,29,386.3,13.32,5.44,5,4,0
P00766,2026-06-01,31,420.2,13.55,1.17,3,4,0
P00766,2026-07-02,31,433.5,13.98,2.16,5,4,2
P00766,2026-08-01,28,400.5,14.3,3.68,6,4,0
P00767,2024-08-31,28,342.3,12.22,0.61,5,4,3
P00767,2024-09-30,27,339.2,12.56,1.85,5,4,1
P00767,2024-10-31,28,334.0,11.93,3.15,3,4,2
P00767,2024-11-30,30,345.4,11.51,5.02,5,4,1
P00767,2024-12-31,27,314.2,11.64,1.88,2,4,0
P00767,2025-01-30,27,335.0,12.41,1.03,6,4,3
P00767,2025-03-02,27,331.6,12.28,0.43,6,4,1
P00767,2025-04-01,24,301.6,12.57,1.37,3,4,0
P00767,2025-05-01,23,300.5,13.06,1.96,4,4,1
P00767,2025-06-01,27,350.6,12.99,1.48,7,4,0
P00767,2025-07-01,27,350.2,12.97,4.51,2,4,0
P00767,2025-08-01,27,326.1,12.08,1.23,8,4,0
P00767,2025-08-31,27,349.8,12.96,1.46,4,4,0
P00767,2025-10-01,24,310.8,12.95,2.0,7,4,0
P00767,2025-10-31,28,356.2,12.72,0.55,5,4,0
P00767,2025-12-01,25,324.2,12.97,0.24,8,4,1
P00767,2025-12-31,27,329.6,12.21,1.23,4,4,1
P00767,2026-01-30,27,329.0,12.19,0.64,3,4,2
P00767,2026-03-02,27,315.8,11.7,1.26,5,4,0
P00767,2026-04-01,27,331.9,12.29,3.34,4,4,0
P00767,2026-05-02,28,347.5,12.41,2.02,4,4,1
P00767,2026-06-01,25,299.5,11.98,0.74,4,4,0
P00767,2026-07-02,27,348.3,12.9,3.3,3,4,2
P00767,2026-08-01,27,332.4,12.31,1.5,8,4,0
P00768,2024-08-31,30,410.3,13.68,0.63,2,4,0
P00768,2024-09-30,27,376.0,13.93,2.18,6,4,2
P00768,2024-10-31,30,418.8,13.96,2.52,4,4,0
P00768,2024-11-30,30,441.0,14.7,2.2,10,4,0
P00768,2024-12-31,30,401.3,13.38,1.21,8,4,2
P00768,2025-01-30,29,396.7,13.68,4.13,7,4,2
P00768,2025-03-02,29,398.9,13.75,2.23,5,4,0
P00768,2025-04-01,29,394.6,13.61,3.3,6,4,0
P00768,2025-05-01,27,374.9,13.89,1.14,6,4,0
P00768,2025-06-01,30,410.9,13.7,5.04,6,4,0
P00768,2025-07-01,29,402.4,13.88,1.17,8,4,1
P00768,2025-08-01,28,372.2,13.29,0.52,3,4,0
P00768,2025-08-31,30,406.1,13.54,2.02,6,4,2
P00768,2025-10-01,27,363.2,13.45,4.16,9,4,0
P00768,2025-10-31,30,396.0,13.2,2.92,5,4,1
P00768,2025-12-01,28,381.5,13.62,4.49,9,4,1
P00768,2025-12-31,29,395.9,13.65,3.39,9,4,0
P00768,2026-01-30,26,372.7,14.33,2.93,12,4,1
P00768,2026-03-02,30,411.3,13.71,5.61,7,4,0
P00768,2026-04-01,31,408.2,13.17,1.4,3,4,0
P00768,2026-05-02,30,398.7,13.29,0.56,12,4,0
P00768,2026-06-01,28,387.7,13.85,3.92,8,4,0
P00768,2026-07-02,28,382.5,13.66,1.23,8,4,0
P00768,2026-08-01,31,402.9,13.0,2.02,7,4,1
P00769,2024-08-31,31,394.9,12.74,1.99,7,4,1
P00769,2024-09-30,25,332.0,13.28,1.85,6,4,0
P00769,2024-10-31,31,417.6,13.47,1.87,4,4,0
P00769,2024-11-30,25,340.2,13.61,4.04,6,4,2
P00769,2024-12-31,28,380.5,13.59,3.86,3,4,2
P00769,2025-01-30,28,399.6,14.27,0.44,3,4,0
P00769,2025-03-02,29,396.9,13.69,4.71,4,4,0
P00769,2025-04-01,26,348.6,13.41,3.75,7,4,1
P00769,2025-05-01,28,365.6,13.06,2.12,5,4,1
P00769,2025-06-01,30,403.8,13.46,3.07,5,4,0
P00769,2025-07-01,29,406.4,14.01,3.15,2,4,1
P00769,2025-08-01,25,339.7,13.59,3.14,2,4,2
P00769,2025-08-31,27,357.2,13.23,1.07,3,4,2
P00769,2025-10-01,29,368.1,12.69,1.95,4,4,2
P00769,2025-10-31,30,393.9,13.13,0.2,6,4,0
P00769,2025-12-01,27,357.8,13.25,1.59,3,4,3
P00769,2025-12-31,27,383.4,14.2,0.77,5,4,1
P00769,2026-01-30,28,376.8,13.46,5.42,6,4,1
P00769,2026-03-02,26,341.6,13.14,3.15,6,4,1
P00769,2026-04-01,27,369.4,13.68,1.91,5,4,0
P00769,2026-05-02,31,415.9,13.42,3.11,7,4,1
P00769,2026-06-01,31,437.0,14.1,1.18,8,4,0
P00769,2026-07-02,27,377.2,13.97,3.21,10,4,1
P00769,2026-08-01,26,353.3,13.59,1.33,7,4,2
P00770,2024-08-31,30,400.3,13.34,4.23,6,4,0
P00770,2024-09-30,28,388.7,13.88,1.8,8,4,1
P00770,2024-10-31,28,389.3,13.9,4.15,13,4,1
P00770,2024-11-30,31,428.5,13.82,1.22,8,4,0
P00770,2024-12-31,30,388.2,12.94,0.27,6,4,3
P00770,2025-01-30,28,371.0,13.25,0.2,4,4,0
P00770,2025-03-02,28,368.4,13.16,6.0,5,4,0
P00770,2025-04-01,28,366.1,13.07,5.1,9,4,1
P00770,2025-05-01,28,369.1,13.18,4.53,8,4,0
P00770,2025-06-01,30,393.1,13.1,0.77,7,4,2
P00770,2025-07-01,29,400.0,13.79,2.55,9,4,1
P00770,2025-08-01,29,408.9,14.1,0.84,9,4,2
P00770,2025-08-31,28,391.0,13.96,1.94,12,4,1
P00770,2025-10-01,28,396.7,14.17,5.99,10,4,1
P00770,2025-10-31,26,355.0,13.66,3.88,2,4,3
P00770,2025-12-01,31,421.3,13.59,2.32,12,4,0
P00770,2025-12-31,29,390.8,13.48,3.38,4,4,1
P00770,2026-01-30,27,374.4,13.86,3.97,5,4,1
P00770,2026-03-02,28,392.5,14.02,3.79,8,4,0
P00770,2026-04-01,29,393.3,13.56,2.97,10,4,0
P00770,2026-05-02,29,394.4,13.6,2.11,9,4,0
P00770,2026-06-01,29,404.7,13.96,1.23,8,4,1
P00770,2026-07-02,25,343.6,13.75,4.93,10,4,3
P00770,2026-08-01,26,358.2,13.78,2.98,10,4,2
P00771,2024-08-31,28,356.1,12.72,0.93,3,4,1
P00771,2024-09-30,28,350.2,12.51,2.41,8,4,1
P00771,2024-10-31,27,344.8,12.77,1.55,9,4,0
P00771,2024-11-30,26,325.2,12.51,0.59,5,4,1
P00771,2024-12-31,29,357.3,12.32,1.43,3,4,2
P00771,2025-01-30,31,387.3,12.49,3.7,5,4,0
P00771,2025-03-02,31,363.1,11.71,2.05,4,4,2
P00771,2025-04-01,27,334.1,12.37,1.18,8,4,2
P00771,2025-05-01,28,336.1,12.0,6.0,3,4,1
P00771,2025-06-01,30,368.8,12.29,5.53,5,4,1
P00771,2025-07-01,28,357.1,12.75,1.67,2,4,3
P00771,2025-08-01,27,314.1,11.63,1.01,3,4,3
P00771,2025-08-31,31,356.0,11.48,2.67,6,4,0
P00771,2025-10-01,26,315.1,12.12,1.69,8,4,0
P00771,2025-10-31,28,325.3,11.62,1.18,3,4,0
P00771,2025-12-01,29,352.0,12.14,2.01,9,4,0
P00771,2025-12-31,28,324.7,11.6,3.11,8,4,0
P00771,2026-01-30,31,367.5,11.86,3.45,2,4,0
P00771,2026-03-02,26,293.6,11.29,2.47,7,4,2
P00771,2026-04-01,27,320.0,11.85,4.97,4,4,0
P00771,2026-05-02,27,312.4,11.57,0.91,3,4,2
P00771,2026-06-01,26,304.0,11.69,1.63,5,4,2
P00771,2026-07-02,28,315.1,11.26,1.37,4,4,0
P00771,2026-08-01,28,329.5,11.77,6.0,4,4,1
P00772,2024-08-31,30,418.6,13.95,5.24,5,4,1
P00772,2024-09-30,29,403.7,13.92,0.38,8,4,1
P00772,2024-10-31,27,376.2,13.93,6.0,6,4,0
P00772,2024-11-30,27,409.4,15.16,0.59,10,4,2
P00772,2024-12-31,27,391.8,14.51,2.77,9,4,1
P00772,2025-01-30,29,420.0,14.48,1.02,7,4,1
P00772,2025-03-02,29,402.2,13.87,3.49,9,4,0
P00772,2025-04-01,31,431.4,13.92,0.94,8,4,0
P00772,2025-05-01,29,407.4,14.05,2.9,8,4,1
P00772,2025-06-01,30,410.6,13.69,1.11,3,4,1
P00772,2025-07-01,31,411.1,13.26,6.0,10,4,1
P00772,2025-08-01,28,371.4,13.26,2.75,9,4,2
P00772,2025-08-31,31,425.3,13.72,2.81,8,4,1
P00772,2025-10-01,29,400.4,13.81,2.58,6,4,2
P00772,2025-10-31,27,367.7,13.62,4.29,9,4,0
P00772,2025-12-01,31,418.3,13.49,1.45,5,4,1
P00772,2025-12-31,29,400.7,13.82,5.39,5,4,0
P00772,2026-01-30,28,381.6,13.63,1.53,8,4,1
P00772,2026-03-02,31,401.9,12.96,1.8,9,4,2
P00772,2026-04-01,31,415.9,13.42,5.71,10,4,1
P00772,2026-05-02,27,386.5,14.32,2.89,6,4,2
P00772,2026-06-01,29,418.6,14.43,0.58,8,4,0
P00772,2026-07-02,28,398.6,14.23,0.78,6,4,0
P00772,2026-08-01,28,372.0,13.28,1.26,5,4,0
P00773,2024-08-31,27,354.2,13.12,2.2,4,4,1
P00773,2024-09-30,30,396.1,13.2,0.52,5,4,0
P00773,2024-10-31,28,334.5,11.95,0.2,9,4,0
P00773,2024-11-30,29,367.4,12.67,1.8,7,4,2
P00773,2024-12-31,29,366.4,12.63,1.79,7,4,0
P00773,2025-01-30,29,387.8,13.37,1.72,4,4,2
P00773,2025-03-02,27,347.7,12.88,0.87,6,4,0
P00773,2025-04-01,28,369.0,13.18,4.07,4,4,0
P00773,2025-05-01,29,417.9,14.41,2.17,6,4,1
P00773,2025-06-01,28,381.6,13.63,2.28,6,4,1
P00773,2025-07-01,27,346.5,12.83,0.7,4,4,1
P00773,2025-08-01,23,312.4,13.58,1.27,6,4,1
P00773,2025-08-31,29,394.2,13.59,6.0,4,4,1
P00773,2025-10-01,27,370.1,13.71,2.77,4,4,1
P00773,2025-10-31,28,378.3,13.51,0.87,6,4,0
P00773,2025-12-01,29,382.2,13.18,2.75,2,4,0
P00773,2025-12-31,28,364.3,13.01,2.09,7,4,0
P00773,2026-01-30,30,394.4,13.15,1.49,9,4,1
P00773,2026-03-02,27,371.2,13.75,4.78,4,4,0
P00773,2026-04-01,29,390.8,13.47,1.06,9,4,0
P00773,2026-05-02,26,350.3,13.47,2.77,5,4,1
P00773,2026-06-01,28,372.4,13.3,0.84,11,4,1
P00773,2026-07-02,27,374.3,13.86,1.29,6,4,1
P00773,2026-08-01,28,377.6,13.49,6.0,6,4,1
P00774,2024-08-31,29,395.9,13.65,2.45,7,4,0
P00774,2024-09-30,31,409.9,13.22,4.11,6,4,1
P00774,2024-10-31,30,403.6,13.45,4.55,5,4,2
P00774,2024-11-30,29,400.7,13.82,3.74,9,4,0
P00774,2024-12-31,31,448.8,14.48,3.7,7,4,1
P00774,2025-01-30,30,427.7,14.26,2.88,8,4,0
P00774,2025-03-02,28,386.5,13.81,4.94,4,4,0
P00774,2025-04-01,27,384.6,14.24,1.69,10,4,1
P00774,2025-05-01,30,407.3,13.58,3.28,5,4,2
P00774,2025-06-01,27,391.1,14.48,1.16,8,4,0
P00774,2025-07-01,28,393.3,14.05,0.76,10,4,1
P00774,2025-08-01,30,410.5,13.68,1.24,9,4,1
P00774,2025-08-31,29,400.1,13.8,4.75,11,4,0
P00774,2025-10-01,26,354.7,13.64,1.63,9,4,0
P00774,2025-10-31,29,388.8,13.41,4.82,6,4,0
P00774,2025-12-01,29,362.9,12.52,6.0,7,4,0
P00774,2025-12-31,28,362.2,12.93,3.72,3,4,3
P00774,2026-01-30,30,393.4,13.11,1.95,5,4,1
P00774,2026-03-02,28,367.1,13.11,0.82,6,4,2
P00774,2026-04-01,25,297.1,11.88,6.0,12,4,0
P00774,2026-05-02,28,341.9,12.21,3.76,3,4,1
P00774,2026-06-01,28,339.7,12.13,5.01,5,4,1
P00774,2026-07-02,27,336.4,12.46,1.97,6,4,2
P00774,2026-08-01,31,397.4,12.82,2.69,4,4,0
P00775,2024-08-31,28,197.6,7.06,2.26,2,4,2
P00775,2024-09-30,25,179.9,7.2,0.33,2,4,2
P00775,2024-10-31,28,206.6,7.38,1.09,4,4,2
P00775,2024-11-30,26,202.7,7.8,1.14,2,4,3
P00775,2024-12-31,29,238.0,8.21,2.42,2,4,3
P00775,2025-01-30,26,196.5,7.56,3.54,5,4,1
P00775,2025-03-02,24,164.5,6.85,2.5,3,4,3
P00775,2025-04-01,28,193.1,6.9,4.57,8,4,2
P00775,2025-05-01,27,212.3,7.86,2.31,4,4,4
P00775,2025-06-01,27,222.9,8.26,1.06,7,4,0
P00775,2025-07-01,27,202.4,7.5,0.99,4,4,3
P00775,2025-08-01,24,167.5,6.98,0.41,3,4,1
P00775,2025-08-31,29,224.2,7.73,1.78,5,4,2
P00775,2025-10-01,27,211.9,7.85,0.72,6,4,2
P00775,2025-10-31,26,205.2,7.89,1.54,3,4,4
P00775,2025-12-01,29,217.0,7.48,2.45,2,4,1
P00775,2025-12-31,28,224.1,8.0,0.57,6,4,2
P00775,2026-01-30,28,217.9,7.78,3.13,3,4,2
P00775,2026-03-02,27,205.9,7.62,3.3,3,4,2
P00775,2026-04-01,27,210.1,7.78,4.45,4,4,2
P00775,2026-05-02,26,212.7,8.18,0.92,5,4,1
P00775,2026-06-01,27,188.8,6.99,1.67,4,4,3
P00775,2026-07-02,27,207.2,7.68,0.57,5,4,2
P00775,2026-08-01,29,206.3,7.11,0.93,3,4,2
P00776,2024-08-31,27,330.9,12.26,1.84,4,4,0
P00776,2024-09-30,26,331.4,12.75,2.27,5,4,0
P00776,2024-10-31,26,320.8,12.34,0.23,5,4,0
P00776,2024-11-30,27,340.7,12.62,1.39,1,4,2
P00776,2024-12-31,28,361.2,12.9,2.27,6,4,1
P00776,2025-01-30,28,352.5,12.59,1.89,4,4,0
P00776,2025-03-02,29,376.7,12.99,1.08,1,4,1
P00776,2025-04-01,27,342.0,12.66,1.01,1,4,1
P00776,2025-05-01,27,325.0,12.04,0.77,3,4,1
P00776,2025-06-01,28,368.2,13.15,1.39,3,4,1
P00776,2025-07-01,26,330.4,12.71,3.13,2,4,1
P00776,2025-08-01,26,338.4,13.02,0.78,2,4,0
P00776,2025-08-31,26,326.4,12.56,1.42,4,4,0
P00776,2025-10-01,27,328.1,12.15,2.2,3,4,1
P00776,2025-10-31,26,340.7,13.1,1.24,3,4,1
P00776,2025-12-01,25,334.1,13.37,1.01,6,4,1
P00776,2025-12-31,25,323.1,12.92,0.72,4,4,1
P00776,2026-01-30,26,326.9,12.57,4.97,6,4,1
P00776,2026-03-02,28,371.1,13.25,0.91,7,4,0
P00776,2026-04-01,26,330.4,12.71,3.25,4,4,1
P00776,2026-05-02,30,379.4,12.65,3.35,3,4,0
P00776,2026-06-01,26,320.6,12.33,1.02,1,4,2
P00776,2026-07-02,27,350.6,12.99,0.64,3,4,0
P00776,2026-08-01,30,372.9,12.43,1.24,4,4,1
P00777,2024-08-31,27,352.6,13.06,6.0,2,4,1
P00777,2024-09-30,31,418.6,13.5,5.04,8,4,3
P00777,2024-10-31,31,426.2,13.75,0.31,9,4,0
P00777,2024-11-30,30,402.8,13.43,1.97,5,4,1
P00777,2024-12-31,28,381.9,13.64,2.26,5,4,0
P00777,2025-01-30,28,359.1,12.83,3.19,6,4,0
P00777,2025-03-02,29,358.9,12.37,4.3,1,4,0
P00777,2025-04-01,29,353.5,12.19,1.21,5,4,3
P00777,2025-05-01,28,334.7,11.95,2.36,3,4,0
P00777,2025-06-01,30,362.2,12.07,3.35,7,4,1
P00777,2025-07-01,31,366.1,11.81,2.82,6,4,1
P00777,2025-08-01,30,335.4,11.18,1.18,13,4,0
P00777,2025-08-31,28,334.1,11.93,0.96,8,4,2
P00777,2025-10-01,29,342.0,11.79,1.65,6,4,1
P00777,2025-10-31,30,360.5,12.02,2.99,7,4,0
P00777,2025-12-01,31,363.3,11.72,1.94,10,4,1
P00777,2025-12-31,28,325.3,11.62,3.57,6,4,1
P00777,2026-01-30,31,358.4,11.56,0.55,4,4,3
P00777,2026-03-02,28,343.6,12.27,3.86,11,4,1
P00777,2026-04-01,29,331.6,11.43,1.65,5,4,0
P00777,2026-05-02,30,336.3,11.21,3.37,12,4,2
P00777,2026-06-01,31,372.0,12.0,0.42,3,4,0
P00777,2026-07-02,31,362.1,11.68,2.8,8,4,1
P00777,2026-08-01,31,356.6,11.5,5.3,5,4,2
P00778,2024-08-31,27,344.9,12.77,1.23,7,4,1
P00778,2024-09-30,30,412.7,13.76,2.61,5,4,1
P00778,2024-10-31,28,383.6,13.7,4.73,2,4,0
P00778,2024-11-30,31,397.4,12.82,1.45,5,4,1
P00778,2024-12-31,27,353.0,13.07,1.68,11,4,0
P00778,2025-01-30,29,380.8,13.13,1.19,4,4,1
P00778,2025-03-02,30,372.5,12.42,3.55,6,4,0
P00778,2025-04-01,28,397.5,14.2,0.67,4,4,0
P00778,2025-05-01,28,377.0,13.47,2.14,6,4,1
P00778,2025-06-01,27,365.6,13.54,0.36,3,4,1
P00778,2025-07-01,28,370.7,13.24,2.84,7,4,2
P00778,2025-08-01,29,403.1,13.9,1.41,4,4,1
P00778,2025-08-31,29,399.2,13.77,2.29,6,4,1
P00778,2025-10-01,26,352.0,13.54,2.77,5,4,1
P00778,2025-10-31,27,352.5,13.06,3.13,7,4,3
P00778,2025-12-01,28,383.1,13.68,4.63,4,4,0
P00778,2025-12-31,29,408.9,14.1,0.46,4,4,1
P00778,2026-01-30,27,352.7,13.06,4.43,3,4,1
P00778,2026-03-02,31,395.4,12.76,1.13,3,4,1
P00778,2026-04-01,27,355.5,13.17,3.5,9,4,0
P00778,2026-05-02,29,398.0,13.72,0.22,5,4,1
P00778,2026-06-01,27,366.1,13.56,0.2,7,4,0
P00778,2026-07-02,25,341.0,13.64,5.94,6,4,2
P00778,2026-08-01,29,385.9,13.31,1.96,4,4,0
P00779,2024-08-31,28,341.8,12.21,1.09,4,4,0
P00779,2024-09-30,27,336.1,12.45,0.85,3,4,2
P00779,2024-10-31,29,376.6,12.99,0.85,3,4,1
P00779,2024-11-30,28,377.2,13.47,4.42,4,4,1
P00779,2024-12-31,28,363.7,12.99,1.93,5,4,2
P00779,2025-01-30,26,357.9,13.77,3.25,3,4,1
P00779,2025-03-02,29,383.9,13.24,0.91,4,4,0
P00779,2025-04-01,29,392.2,13.53,2.52,1,4,0
P00779,2025-05-01,26,334.3,12.86,3.54,3,4,1
P00779,2025-06-01,29,390.1,13.45,0.83,7,4,1
P00779,2025-07-01,27,350.0,12.96,3.26,2,4,2
P00779,2025-08-01,26,348.8,13.42,2.96,5,4,1
P00779,2025-08-31,27,350.3,12.97,1.63,1,4,1
P00779,2025-10-01,26,324.6,12.48,2.16,4,4,1
P00779,2025-10-31,25,312.0,12.48,0.2,2,4,1
P00779,2025-12-01,25,311.3,12.45,0.56,3,4,0
P00779,2025-12-31,29,347.4,11.98,0.67,4,4,2
P00779,2026-01-30,29,362.1,12.49,0.39,3,4,1
P00779,2026-03-02,31,386.5,12.47,2.18,2,4,1
P00779,2026-04-01,28,363.1,12.97,3.48,2,4,1
P00779,2026-05-02,23,299.0,13.0,2.94,7,4,0
P00779,2026-06-01,27,315.6,11.69,3.57,3,4,1
P00779,2026-07-02,27,326.0,12.07,0.34,1,4,0
P00779,2026-08-01,28,339.3,12.12,2.87,5,4,0
P00780,2024-08-31,31,433.8,13.99,3.48,3,4,0
P00780,2024-09-30,31,442.5,14.27,2.54,6,4,0
P00780,2024-10-31,29,390.5,13.46,1.44,7,4,0
P00780,2024-11-30,27,389.5,14.42,2.37,8,4,0
P00780,2024-12-31,31,432.7,13.96,0.67,9,4,0
P00780,2025-01-30,30,407.0,13.57,1.11,10,4,2
P00780,2025-03-02,31,455.2,14.68,2.54,7,4,1
P00780,2025-04-01,30,402.2,13.41,4.15,5,4,1
P00780,2025-05-01,27,371.9,13.77,1.15,10,4,0
P00780,2025-06-01,29,390.5,13.47,2.85,9,4,1
P00780,2025-07-01,30,427.5,14.25,1.65,7,4,1
P00780,2025-08-01,30,434.2,14.47,2.41,7,4,0
P00780,2025-08-31,29,401.9,13.86,6.0,13,4,1
P00780,2025-10-01,27,369.4,13.68,6.0,8,4,2
P00780,2025-10-31,28,378.7,13.53,2.62,5,4,1
P00780,2025-12-01,31,442.5,14.27,3.85,11,4,1
P00780,2025-12-31,29,416.1,14.35,0.73,3,4,1
P00780,2026-01-30,28,383.5,13.7,1.28,5,4,1
P00780,2026-03-02,31,442.6,14.28,0.92,4,4,0
P00780,2026-04-01,30,442.5,14.75,3.6,3,4,2
P00780,2026-05-02,29,397.4,13.7,1.3,10,4,2
P00780,2026-06-01,30,450.0,15.0,4.03,6,4,0
P00780,2026-07-02,29,424.1,14.62,1.6,6,4,2
P00780,2026-08-01,30,444.0,14.8,3.49,8,4,2
P00781,2024-08-31,27,361.6,13.39,6.0,4,4,1
P00781,2024-09-30,31,418.7,13.51,2.21,7,4,2
P00781,2024-10-31,31,404.4,13.04,1.46,9,4,1
P00781,2024-11-30,31,428.6,13.82,2.36,4,4,1
P00781,2024-12-31,29,393.0,13.55,2.98,9,4,1
P00781,2025-01-30,28,369.4,13.19,1.68,10,4,1
P00781,2025-03-02,31,414.2,13.36,0.76,5,4,0
P00781,2025-04-01,30,369.9,12.33,1.87,6,4,2
P00781,2025-05-01,28,344.9,12.32,6.0,7,4,0
P00781,2025-06-01,30,403.0,13.43,1.59,14,4,1
P00781,2025-07-01,28,386.2,13.79,6.0,9,4,1
P00781,2025-08-01,31,396.3,12.78,2.25,8,4,2
P00781,2025-08-31,31,391.2,12.62,2.93,6,4,0
P00781,2025-10-01,30,378.2,12.61,2.32,8,4,1
P00781,2025-10-31,31,381.5,12.31,2.24,9,4,2
P00781,2025-12-01,29,384.2,13.25,6.0,6,4,1
P00781,2025-12-31,28,342.6,12.24,0.39,6,4,0
P00781,2026-01-30,27,349.9,12.96,0.68,12,4,1
P00781,2026-03-02,29,375.2,12.94,2.29,11,4,0
P00781,2026-04-01,28,341.6,12.2,1.2,10,4,2
P00781,2026-05-02,29,363.2,12.53,4.69,5,4,1
P00781,2026-06-01,29,372.3,12.84,6.0,9,4,1
P00781,2026-07-02,28,369.1,13.18,1.82,8,4,0
P00781,2026-08-01,28,348.6,12.45,3.4,6,4,1
P00782,2024-08-31,27,343.8,12.73,1.0,1,4,1
P00782,2024-09-30,27,334.5,12.39,0.2,3,4,1
P00782,2024-10-31,30,386.7,12.89,0.75,2,4,0
P00782,2024-11-30,28,368.6,13.16,1.04,3,4,1
P00782,2024-12-31,28,370.3,13.22,1.01,4,4,0
P00782,2025-01-30,28,340.2,12.15,3.75,4,4,1
P00782,2025-03-02,26,335.5,12.9,0.23,3,4,1
P00782,2025-04-01,27,358.0,13.26,1.6,7,4,2
P00782,2025-05-01,29,378.7,13.06,1.39,5,4,1
P00782,2025-06-01,28,329.1,11.75,1.95,5,4,1
P00782,2025-07-01,27,313.0,11.59,2.42,3,4,0
P00782,2025-08-01,26,302.7,11.64,1.41,1,4,0
P00782,2025-08-31,28,350.4,12.51,2.12,5,4,1
P00782,2025-10-01,28,328.0,11.71,0.36,2,4,0
P00782,2025-10-31,25,312.4,12.49,0.82,7,4,1
P00782,2025-12-01,30,381.6,12.72,1.1,3,4,2
P00782,2025-12-31,30,358.4,11.95,0.57,4,4,2
P00782,2026-01-30,28,339.0,12.11,1.48,5,4,0
P00782,2026-03-02,29,380.8,13.13,0.72,4,4,0
P00782,2026-04-01,27,332.0,12.3,4.21,2,4,0
P00782,2026-05-02,27,363.5,13.46,0.96,4,4,0
P00782,2026-06-01,27,371.5,13.76,2.14,6,4,2
P00782,2026-07-02,27,363.7,13.47,2.77,3,4,1
P00782,2026-08-01,26,347.1,13.35,1.48,4,4,0
P00783,2024-08-31,25,305.3,12.21,0.63,5,4,0
P00783,2024-09-30,26,351.6,13.52,0.35,2,4,1
P00783,2024-10-31,30,410.1,13.67,1.6,7,4,0
P00783,2024-11-30,28,376.5,13.45,2.17,6,4,0
P00783,2024-12-31,30,401.6,13.39,1.02,3,4,2
P00783,2025-01-30,29,404.7,13.96,2.22,1,4,1
P00783,2025-03-02,25,342.8,13.71,1.28,6,4,1
P00783,2025-04-01,30,415.0,13.83,0.74,6,4,2
P00783,2025-05-01,28,394.6,14.09,1.24,6,4,1
P00783,2025-06-01,30,427.9,14.26,1.61,6,4,0
P00783,2025-07-01,26,363.2,13.97,3.29,4,4,2
P00783,2025-08-01,27,362.6,13.43,0.94,6,4,1
P00783,2025-08-31,30,404.8,13.49,4.11,5,4,1
P00783,2025-10-01,29,410.0,14.14,2.56,4,4,0
P00783,2025-10-31,24,358.0,14.91,0.73,6,4,0
P00783,2025-12-01,28,409.4,14.62,1.2,6,4,0
P00783,2025-12-31,28,400.4,14.3,3.33,3,4,1
P00783,2026-01-30,23,330.5,14.37,0.98,7,4,1
P00783,2026-03-02,27,382.6,14.17,1.73,5,4,1
P00783,2026-04-01,25,362.0,14.48,1.34,3,4,0
P00783,2026-05-02,28,408.7,14.6,3.98,2,4,0
P00783,2026-06-01,27,389.2,14.41,1.58,5,4,1
P00783,2026-07-02,26,386.1,14.85,1.78,2,4,0
P00783,2026-08-01,28,410.0,14.64,1.26,1,4,1
P00784,2024-08-31,31,312.3,10.07,0.8,6,4,3
P00784,2024-09-30,25,249.4,9.97,2.41,5,4,2
P00784,2024-10-31,31,291.5,9.4,1.28,4,4,2
P00784,2024-11-30,30,291.5,9.72,2.8,4,4,2
P00784,2024-12-31,30,279.2,9.31,1.83,7,4,2
P00784,2025-01-30,28,277.7,9.92,1.22,5,4,3
P00784,2025-03-02,27,253.8,9.4,0.73,12,4,3
P00784,2025-04-01,29,267.1,9.21,2.01,7,4,1
P00784,2025-05-01,28,278.0,9.93,1.62,12,4,2
P00784,2025-06-01,30,265.2,8.84,2.45,6,4,3
P00784,2025-07-01,30,298.7,9.96,6.0,9,4,3
P00784,2025-08-01,28,243.9,8.71,2.97,8,4,2
P00784,2025-08-31,29,275.1,9.49,1.69,7,4,3
P00784,2025-10-01,31,261.3,8.43,0.92,4,4,2
P00784,2025-10-31,28,249.9,8.92,1.79,8,4,3
P00784,2025-12-01,29,282.2,9.73,1.85,12,4,0
P00784,2025-12-31,29,295.4,10.19,2.11,5,4,3
P00784,2026-01-30,31,297.2,9.59,1.52,6,4,2
P00784,2026-03-02,29,258.3,8.91,3.47,10,4,1
P00784,2026-04-01,28,252.0,9.0,2.29,11,4,3
P00784,2026-05-02,29,262.5,9.05,2.39,6,4,1
P00784,2026-06-01,31,262.5,8.47,3.3,3,4,1
P00784,2026-07-02,29,254.8,8.79,4.56,8,4,2
P00784,2026-08-01,30,261.3,8.71,0.49,13,4,3
P00785,2024-08-31,27,204.0,7.55,0.33,2,4,1
P00785,2024-09-30,29,223.9,7.72,1.9,7,4,1
P00785,2024-10-31,27,211.5,7.83,2.44,8,4,3
P00785,2024-11-30,27,223.6,8.28,0.58,7,4,2
P00785,2024-12-31,26,200.7,7.72,1.76,2,4,2
P00785,2025-01-30,29,213.7,7.37,2.09,2,4,3
P00785,2025-03-02,26,200.1,7.7,1.79,5,4,2
P00785,2025-04-01,28,231.4,8.26,0.67,4,4,3
P00785,2025-05-01,28,239.2,8.54,1.49,7,4,4
P00785,2025-06-01,25,207.8,8.31,3.84,9,4,1
P00785,2025-07-01,26,228.1,8.77,0.68,6,4,3
P00785,2025-08-01,29,215.5,7.43,5.07,4,4,0
P00785,2025-08-31,30,250.2,8.34,2.03,2,4,3
P00785,2025-10-01,28,240.9,8.6,1.01,8,4,3
P00785,2025-10-31,28,232.8,8.31,1.25,5,4,3
P00785,2025-12-01,29,244.5,8.43,2.26,4,4,3
P00785,2025-12-31,27,233.6,8.65,3.7,2,4,2
P00785,2026-01-30,29,245.1,8.45,1.71,3,4,2
P00785,2026-03-02,29,239.2,8.25,0.81,3,4,3
P00785,2026-04-01,28,237.2,8.47,0.53,7,4,1
P00785,2026-05-02,28,241.0,8.61,3.86,7,4,2
P00785,2026-06-01,28,221.9,7.92,1.55,4,4,1
P00785,2026-07-02,29,230.9,7.96,0.51,4,4,3
P00785,2026-08-01,30,267.7,8.92,0.52,1,4,3
P00786,2024-08-31,29,234.9,8.1,1.61,4,4,1
P00786,2024-09-30,31,257.4,8.3,2.88,7,4,3
P00786,2024-10-31,27,227.6,8.43,1.35,7,4,1
P00786,2024-11-30,30,260.6,8.69,0.2,3,4,1
P00786,2024-12-31,28,232.1,8.29,1.14,3,4,3
P00786,2025-01-30,31,251.0,8.1,3.68,5,4,0
P00786,2025-03-02,24,192.8,8.03,2.85,5,4,1
P00786,2025-04-01,28,228.9,8.17,2.75,5,4,2
P00786,2025-05-01,31,251.9,8.13,1.78,4,4,3
P00786,2025-06-01,28,223.8,7.99,2.19,2,4,2
P00786,2025-07-01,27,212.3,7.86,3.14,5,4,1
P00786,2025-08-01,29,220.2,7.59,1.29,4,4,1
P00786,2025-08-31,29,242.0,8.34,0.61,2,4,3
P00786,2025-10-01,26,204.8,7.88,1.34,9,4,4
P00786,2025-10-31,29,249.9,8.62,1.81,3,4,3
P00786,2025-12-01,31,263.0,8.48,0.65,5,4,2
P00786,2025-12-31,29,252.7,8.72,4.21,6,4,0
P00786,2026-01-30,29,277.6,9.57,5.81,3,4,1
P00786,2026-03-02,25,210.3,8.41,0.82,2,4,3
P00786,2026-04-01,30,257.9,8.6,0.83,2,4,3
P00786,2026-05-02,30,267.3,8.91,2.1,6,4,3
P00786,2026-06-01,30,275.3,9.18,3.21,3,4,2
P00786,2026-07-02,28,247.6,8.84,1.73,7,4,3
P00786,2026-08-01,28,277.2,9.9,0.64,4,4,2
P00787,2024-08-31,27,402.0,14.89,0.96,7,4,1
P00787,2024-09-30,27,399.0,14.78,0.96,6,4,0
P00787,2024-10-31,30,436.8,14.56,0.2,6,4,0
P00787,2024-11-30,31,448.1,14.45,0.25,8,4,0
P00787,2024-12-31,30,409.4,13.65,1.77,5,4,1
P00787,2025-01-30,28,387.4,13.84,0.47,4,4,1
P00787,2025-03-02,31,425.5,13.73,0.69,2,4,1
P00787,2025-04-01,29,396.5,13.67,1.5,6,4,2
P00787,2025-05-01,29,384.6,13.26,0.26,5,4,0
P00787,2025-06-01,28,391.4,13.98,1.54,5,4,0
P00787,2025-07-01,30,424.0,14.13,0.84,2,4,0
P00787,2025-08-01,30,409.7,13.66,3.86,8,4,1
P00787,2025-08-31,31,434.5,14.02,6.0,4,4,1
P00787,2025-10-01,27,371.0,13.74,0.99,10,4,0
P00787,2025-10-31,30,403.8,13.46,3.17,1,4,0
P00787,2025-12-01,31,449.4,14.5,1.61,10,4,0
P00787,2025-12-31,28,382.1,13.65,1.42,3,4,0
P00787,2026-01-30,29,417.9,14.41,0.87,6,4,1
P00787,2026-03-02,31,405.1,13.07,6.0,10,4,2
P00787,2026-04-01,31,391.1,12.62,0.59,8,4,1
P00787,2026-05-02,27,357.0,13.22,0.42,9,4,1
P00787,2026-06-01,27,357.5,13.24,0.42,7,4,1
P00787,2026-07-02,30,429.6,14.32,0.51,6,4,0
P00787,2026-08-01,30,417.0,13.9,0.69,8,4,0
P00788,2024-08-31,29,404.7,13.96,4.53,8,4,0
P00788,2024-09-30,31,449.5,14.5,0.27,7,4,0
P00788,2024-10-31,30,415.7,13.86,0.7,11,4,1
P00788,2024-11-30,29,384.1,13.25,3.42,5,4,0
P00788,2024-12-31,30,394.3,13.14,4.42,14,4,3
P00788,2025-01-30,26,325.3,12.51,5.05,7,4,0
P00788,2025-03-02,30,404.5,13.48,5.57,7,4,0
P00788,2025-04-01,31,421.7,13.6,6.0,7,4,2
P00788,2025-05-01,29,378.7,13.06,6.0,12,4,2
P00788,2025-06-01,30,402.9,13.43,2.51,3,4,0
P00788,2025-07-01,28,359.7,12.85,4.08,11,4,1
P00788,2025-08-01,30,403.9,13.46,4.19,6,4,1
P00788,2025-08-31,28,369.8,13.21,6.0,6,4,0
P00788,2025-10-01,30,398.0,13.27,2.53,10,4,1
P00788,2025-10-31,31,445.6,14.38,2.61,6,4,1
P00788,2025-12-01,30,413.5,13.78,3.11,7,4,0
P00788,2025-12-31,30,388.2,12.94,0.69,5,4,0
P00788,2026-01-30,30,393.8,13.13,0.2,4,4,1
P00788,2026-03-02,30,379.2,12.64,1.65,8,4,0
P00788,2026-04-01,28,369.3,13.19,3.01,6,4,1
P00788,2026-05-02,28,382.5,13.66,1.59,12,4,3
P00788,2026-06-01,31,388.9,12.54,0.74,10,4,1
P00788,2026-07-02,27,342.1,12.67,3.08,9,4,0
P00788,2026-08-01,31,394.1,12.71,1.67,9,4,0
P00789,2024-08-31,29,381.9,13.17,1.09,2,4,1
P00789,2024-09-30,30,405.8,13.53,2.18,5,4,2
P00789,2024-10-31,28,354.8,12.67,2.85,4,4,1
P00789,2024-11-30,27,344.8,12.77,3.01,5,4,2
P00789,2024-12-31,28,366.9,13.1,6.0,9,4,2
P00789,2025-01-30,29,370.2,12.76,0.89,3,4,2
P00789,2025-03-02,28,349.7,12.49,0.39,3,4,2
P00789,2025-04-01,30,400.1,13.34,1.01,4,4,1
P00789,2025-05-01,28,364.6,13.02,6.0,1,4,2
P00789,2025-06-01,31,416.6,13.44,0.46,7,4,0
P00789,2025-07-01,30,406.0,13.53,0.67,5,4,1
P00789,2025-08-01,29,391.0,13.48,1.1,8,4,0
P00789,2025-08-31,28,379.9,13.57,1.49,3,4,1
P00789,2025-10-01,29,408.7,14.09,1.59,6,4,1
P00789,2025-10-31,30,397.7,13.26,0.22,5,4,0
P00789,2025-12-01,27,385.4,14.27,1.11,1,4,0
P00789,2025-12-31,28,392.3,14.01,0.59,3,4,1
P00789,2026-01-30,28,378.3,13.51,1.95,6,4,0
P00789,2026-03-02,28,379.7,13.56,1.92,6,4,0
P00789,2026-04-01,28,395.8,14.14,2.42,3,4,1
P00789,2026-05-02,30,416.5,13.88,2.35,6,4,0
P00789,2026-06-01,27,369.6,13.69,0.2,9,4,0
P00789,2026-07-02,28,384.8,13.74,6.0,3,4,0
P00789,2026-08-01,28,380.8,13.6,1.16,4,4,0
P00790,2024-08-31,29,204.8,7.06,0.67,4,4,3
P00790,2024-09-30,28,217.3,7.76,3.53,4,4,3
P00790,2024-10-31,26,222.4,8.55,2.31,3,4,2
P00790,2024-11-30,27,215.4,7.98,2.0,4,4,3
P00790,2024-12-31,30,239.8,7.99,1.17,11,4,3
P00790,2025-01-30,29,222.7,7.68,1.25,5,4,3
P00790,2025-03-02,29,232.8,8.03,1.59,2,4,3
P00790,2025-04-01,26,214.4,8.25,1.98,8,4,2
P00790,2025-05-01,27,203.5,7.54,0.24,2,4,0
P00790,2025-06-01,27,214.5,7.94,2.18,4,4,3
P00790,2025-07-01,28,209.8,7.49,1.72,3,4,2
P00790,2025-08-01,28,215.3,7.69,3.85,4,4,0
P00790,2025-08-31,26,192.5,7.4,0.83,5,4,2
P00790,2025-10-01,29,225.7,7.78,1.45,4,4,4
P00790,2025-10-31,29,224.0,7.73,2.81,6,4,2
P00790,2025-12-01,31,235.5,7.6,0.27,3,4,3
P00790,2025-12-31,27,191.4,7.09,1.8,4,4,3
P00790,2026-01-30,28,208.8,7.46,2.55,4,4,2
P00790,2026-03-02,26,201.3,7.74,1.83,7,4,2
P00790,2026-04-01,27,198.8,7.36,1.06,1,4,2
P00790,2026-05-02,27,214.0,7.92,1.44,5,4,3
P00790,2026-06-01,28,215.9,7.71,1.99,3,4,3
P00790,2026-07-02,23,175.8,7.65,0.79,1,4,1
P00790,2026-08-01,25,197.8,7.91,2.81,5,4,2
P00791,2024-08-31,29,394.0,13.58,1.26,11,4,0
P00791,2024-09-30,29,386.5,13.33,2.41,8,4,0
P00791,2024-10-31,27,355.3,13.16,4.66,6,4,0
P00791,2024-11-30,27,340.7,12.62,4.33,6,4,1
P00791,2024-12-31,31,383.3,12.36,3.11,5,4,0
P00791,2025-01-30,28,343.0,12.25,6.0,6,4,1
P00791,2025-03-02,29,363.5,12.54,3.21,11,4,1
P00791,2025-04-01,29,376.8,12.99,0.92,8,4,1
P00791,2025-05-01,31,369.4,11.92,1.11,9,4,3
P00791,2025-06-01,27,332.8,12.33,2.64,4,4,0
P00791,2025-07-01,29,347.3,11.97,5.32,11,4,0
P00791,2025-08-01,31,385.2,12.42,5.18,10,4,0
P00791,2025-08-31,28,329.4,11.76,1.83,7,4,0
P00791,2025-10-01,30,379.4,12.65,3.97,7,4,2
P00791,2025-10-31,28,364.4,13.01,0.38,7,4,0
P00791,2025-12-01,28,368.1,13.14,2.4,2,4,2
P00791,2025-12-31,31,384.0,12.39,5.43,7,4,1
P00791,2026-01-30,30,376.2,12.54,2.78,5,4,0
P00791,2026-03-02,30,373.5,12.45,3.73,6,4,1
P00791,2026-04-01,30,355.1,11.84,4.12,2,4,0
P00791,2026-05-02,29,347.2,11.97,1.47,11,4,1
P00791,2026-06-01,28,324.9,11.6,4.53,2,4,0
P00791,2026-07-02,29,340.0,11.72,4.59,8,4,0
P00791,2026-08-01,29,329.0,11.34,3.5,4,4,3
P00792,2024-08-31,29,396.3,13.67,1.23,6,4,1
P00792,2024-09-30,27,363.6,13.47,2.7,11,4,0
P00792,2024-10-31,25,337.8,13.51,1.83,5,4,0
P00792,2024-11-30,31,429.4,13.85,3.33,6,4,1
P00792,2024-12-31,27,376.2,13.93,2.35,6,4,2
P00792,2025-01-30,29,418.3,14.42,1.74,5,4,0
P00792,2025-03-02,29,401.0,13.83,1.17,8,4,1
P00792,2025-04-01,27,369.4,13.68,1.47,7,4,1
P00792,2025-05-01,29,405.0,13.97,4.49,6,4,2
P00792,2025-06-01,29,393.3,13.56,4.04,8,4,0
P00792,2025-07-01,29,384.6,13.26,1.59,6,4,1
P00792,2025-08-01,30,413.4,13.78,2.91,1,4,1
P00792,2025-08-31,29,406.6,14.02,4.43,3,4,1
P00792,2025-10-01,30,418.9,13.96,5.61,7,4,3
P00792,2025-10-31,28,372.5,13.3,1.57,9,4,1
P00792,2025-12-01,30,409.8,13.66,3.4,6,4,0
P00792,2025-12-31,29,404.1,13.94,6.0,5,4,1
P00792,2026-01-30,28,394.2,14.08,2.07,3,4,1
P00792,2026-03-02,30,422.4,14.08,3.92,3,4,1
P00792,2026-04-01,29,399.5,13.77,0.71,5,4,1
P00792,2026-05-02,29,410.9,14.17,2.93,6,4,0
P00792,2026-06-01,30,418.1,13.94,3.03,3,4,1
P00792,2026-07-02,28,402.4,14.37,1.76,14,4,1
P00792,2026-08-01,28,388.8,13.89,2.28,4,4,1
P00793,2024-08-31,26,337.1,12.96,4.44,8,4,0
P00793,2024-09-30,29,391.1,13.49,6.0,4,4,1
P00793,2024-10-31,30,404.8,13.49,1.87,6,4,0
P00793,2024-11-30,29,396.1,13.66,1.92,3,4,2
P00793,2024-12-31,28,371.2,13.26,1.08,5,4,2
P00793,2025-01-30,31,414.1,13.36,5.62,8,4,2
P00793,2025-03-02,29,386.9,13.34,4.02,5,4,1
P00793,2025-04-01,31,397.7,12.83,6.0,9,4,1
P00793,2025-05-01,29,389.4,13.43,6.0,7,4,0
P00793,2025-06-01,30,392.3,13.08,1.61,8,4,2
P00793,2025-07-01,26,344.8,13.26,0.2,9,4,1
P00793,2025-08-01,28,392.1,14.0,2.39,4,4,1
P00793,2025-08-31,26,351.1,13.5,1.78,6,4,0
P00793,2025-10-01,29,392.9,13.55,3.03,6,4,0
P00793,2025-10-31,31,421.7,13.6,2.83,6,4,1
P00793,2025-12-01,28,377.3,13.48,1.61,8,4,0
P00793,2025-12-31,29,379.3,13.08,1.23,7,4,1
P00793,2026-01-30,29,389.9,13.45,1.56,7,4,2
P00793,2026-03-02,30,390.5,13.02,1.04,4,4,0
P00793,2026-04-01,30,387.1,12.9,4.38,3,4,2
P00793,2026-05-02,31,420.5,13.56,1.45,6,4,3
P00793,2026-06-01,30,406.2,13.54,2.17,11,4,2
P00793,2026-07-02,28,348.1,12.43,1.27,5,4,0
P00793,2026-08-01,30,359.1,11.97,2.66,4,4,0
P00794,2024-08-31,29,244.7,8.44,1.51,4,4,2
P00794,2024-09-30,27,189.1,7.0,1.98,6,4,3
P00794,2024-10-31,28,224.3,8.01,3.56,4,4,2
P00794,2024-11-30,29,219.8,7.58,5.56,5,4,2
P00794,2024-12-31,26,221.7,8.53,1.1,6,4,2
P00794,2025-01-30,25,221.3,8.85,4.69,6,4,3
P00794,2025-03-02,29,243.6,8.4,3.51,2,4,1
P00794,2025-04-01,28,224.8,8.03,3.78,4,4,2
P00794,2025-05-01,28,242.2,8.65,0.51,6,4,2
P00794,2025-06-01,29,241.5,8.33,0.63,5,4,0
P00794,2025-07-01,28,231.5,8.27,1.21,6,4,3
P00794,2025-08-01,28,219.9,7.85,1.68,2,4,3
P00794,2025-08-31,28,247.7,8.84,5.02,5,4,3
P00794,2025-10-01,28,239.8,8.56,2.08,7,4,2
P00794,2025-10-31,27,223.1,8.26,1.44,2,4,2
P00794,2025-12-01,30,256.2,8.54,0.2,6,4,2
P00794,2025-12-31,26,223.0,8.58,0.2,9,4,4
P00794,2026-01-30,28,252.3,9.01,2.04,2,4,1
P00794,2026-03-02,29,257.9,8.89,0.85,5,4,2
P00794,2026-04-01,29,257.2,8.87,4.85,5,4,3
P00794,2026-05-02,31,254.6,8.21,6.0,4,4,4
P00794,2026-06-01,29,256.7,8.85,3.32,4,4,3
P00794,2026-07-02,28,226.7,8.1,4.74,4,4,3
P00794,2026-08-01,28,231.0,8.25,0.94,4,4,3
P00795,2024-08-31,30,254.0,8.47,5.01,3,4,2
P00795,2024-09-30,29,264.8,9.13,4.21,4,4,3
P00795,2024-10-31,28,263.6,9.41,1.75,9,4,2
P00795,2024-11-30,30,279.0,9.3,3.59,6,4,1
P00795,2024-12-31,29,267.9,9.24,2.46,8,4,1
P00795,2025-01-30,28,232.7,8.31,4.93,5,4,3
P00795,2025-03-02,29,248.0,8.55,0.35,6,4,1
P00795,2025-04-01,28,232.8,8.31,0.75,17,4,2
P00795,2025-05-01,29,252.8,8.72,0.81,6,4,2
P00795,2025-06-01,31,251.0,8.1,0.2,8,4,3
P00795,2025-07-01,26,228.0,8.77,0.87,7,4,2
P00795,2025-08-01,28,236.0,8.43,1.18,4,4,2
P00795,2025-08-31,31,280.3,9.04,2.07,10,4,3
P00795,2025-10-01,29,240.9,8.31,5.07,7,4,1
P00795,2025-10-31,31,283.7,9.15,2.79,3,4,2
P00795,2025-12-01,30,272.2,9.07,1.61,6,4,2
P00795,2025-12-31,30,263.2,8.77,5.69,3,4,2
P00795,2026-01-30,27,246.9,9.14,0.56,5,4,4
P00795,2026-03-02,28,265.8,9.49,3.06,5,4,2
P00795,2026-04-01,29,247.9,8.55,2.2,7,4,1
P00795,2026-05-02,29,261.7,9.02,3.14,5,4,2
P00795,2026-06-01,30,259.4,8.65,2.7,5,4,2
P00795,2026-07-02,26,230.6,8.87,6.0,6,4,2
P00795,2026-08-01,26,224.6,8.64,1.57,3,4,2
P00796,2024-08-31,29,376.1,12.97,0.33,9,4,2
P00796,2024-09-30,29,374.9,12.93,1.91,5,4,0
P00796,2024-10-31,28,358.1,12.79,5.48,1,4,0
P00796,2024-11-30,29,393.2,13.56,4.07,7,4,2
P00796,2024-12-31,27,347.1,12.85,1.75,2,4,0
P00796,2025-01-30,29,400.3,13.8,4.09,5,4,0
P00796,2025-03-02,28,365.1,13.04,3.13,6,4,1
P00796,2025-04-01,26,336.8,12.95,2.53,3,4,1
P00796,2025-05-01,28,392.5,14.02,1.19,8,4,0
P00796,2025-06-01,25,304.6,12.18,0.22,4,4,0
P00796,2025-07-01,31,392.1,12.65,0.39,2,4,1
P00796,2025-08-01,28,373.2,13.33,0.62,5,4,2
P00796,2025-08-31,25,311.7,12.47,1.83,7,4,1
P00796,2025-10-01,26,321.8,12.38,2.16,8,4,1
P00796,2025-10-31,28,358.3,12.8,4.83,2,4,1
P00796,2025-12-01,29,391.9,13.51,1.76,2,4,2
P00796,2025-12-31,26,337.3,12.97,0.66,2,4,0
P00796,2026-01-30,29,357.6,12.33,0.25,4,4,1
P00796,2026-03-02,25,325.8,13.03,3.48,6,4,1
P00796,2026-04-01,29,367.8,12.68,2.84,2,4,1
P00796,2026-05-02,27,336.4,12.46,0.74,5,4,2
P00796,2026-06-01,30,360.2,12.01,0.46,1,4,1
P00796,2026-07-02,29,373.4,12.87,0.74,6,4,0
P00796,2026-08-01,26,321.8,12.38,0.2,8,4,2
P00797,2024-08-31,26,338.5,13.02,3.72,7,4,2
P00797,2024-09-30,30,389.1,12.97,0.99,4,4,1
P00797,2024-10-31,27,343.1,12.71,2.68,2,4,0
P00797,2024-11-30,29,367.1,12.66,2.49,4,4,1
P00797,2024-12-31,29,373.6,12.88,1.58,3,4,0
P00797,2025-01-30,26,337.6,12.98,4.31,2,4,1
P00797,2025-03-02,30,368.6,12.29,2.76,4,4,1
P00797,2025-04-01,27,319.1,11.82,3.3,2,4,1
P00797,2025-05-01,26,300.6,11.56,1.5,4,4,1
P00797,2025-06-01,26,300.1,11.54,0.86,5,4,1
P00797,2025-07-01,27,306.8,11.36,0.82,1,4,0
P00797,2025-08-01,27,308.9,11.44,3.53,3,4,0
P00797,2025-08-31,30,352.1,11.74,0.61,4,4,0
P00797,2025-10-01,27,328.3,12.16,1.34,3,4,1
P00797,2025-10-31,27,321.1,11.89,4.8,5,4,0
P00797,2025-12-01,29,344.3,11.87,0.82,5,4,1
P00797,2025-12-31,29,334.9,11.55,5.52,5,4,0
P00797,2026-01-30,29,359.8,12.41,2.2,3,4,0
P00797,2026-03-02,27,304.4,11.28,1.41,5,4,2
P00797,2026-04-01,27,320.8,11.88,1.38,5,4,1
P00797,2026-05-02,28,342.3,12.22,1.95,9,4,1
P00797,2026-06-01,26,313.2,12.05,5.46,8,4,0
P00797,2026-07-02,29,332.6,11.47,1.77,3,4,0
P00797,2026-08-01,29,328.9,11.34,0.53,6,4,1
P00798,2024-08-31,29,246.5,8.5,2.89,11,4,3
P00798,2024-09-30,31,283.7,9.15,2.13,9,4,3
P00798,2024-10-31,30,269.0,8.97,2.08,5,4,3
P00798,2024-11-30,30,282.2,9.41,3.09,5,4,1
P00798,2024-12-31,29,261.0,9.0,3.2,6,4,2
P00798,2025-01-30,31,295.3,9.53,2.51,6,4,2
P00798,2025-03-02,31,296.1,9.55,2.29,8,4,1
P00798,2025-04-01,30,275.9,9.2,2.56,7,4,4
P00798,2025-05-01,27,280.3,10.38,3.79,4,4,3
P00798,2025-06-01,29,307.0,10.58,2.39,8,4,1
P00798,2025-07-01,28,291.5,10.41,1.32,6,4,1
P00798,2025-08-01,28,298.9,10.67,0.51,3,4,4
P00798,2025-08-31,29,303.2,10.46,2.39,9,4,2
P00798,2025-10-01,27,291.6,10.8,0.36,5,4,3
P00798,2025-10-31,31,319.6,10.31,4.77,3,4,2
P00798,2025-12-01,28,292.2,10.44,2.88,2,4,2
P00798,2025-12-31,29,302.8,10.44,1.51,6,4,2
P00798,2026-01-30,30,309.3,10.31,0.63,8,4,3
P00798,2026-03-02,26,264.3,10.17,6.0,4,4,2
P00798,2026-04-01,25,252.4,10.1,5.22,7,4,3
P00798,2026-05-02,29,326.6,11.26,0.94,11,4,3
P00798,2026-06-01,28,304.2,10.87,4.51,8,4,1
P00798,2026-07-02,30,330.5,11.02,2.15,7,4,2
P00798,2026-08-01,28,289.8,10.35,0.92,7,4,2
P00799,2024-08-31,28,378.5,13.52,4.97,9,4,0
P00799,2024-09-30,30,378.2,12.61,0.49,9,4,2
P00799,2024-10-31,28,357.1,12.75,5.16,7,4,1
P00799,2024-11-30,29,377.9,13.03,1.03,6,4,0
P00799,2024-12-31,31,402.8,12.99,3.9,8,4,1
P00799,2025-01-30,29,383.0,13.21,2.27,5,4,0
P00799,2025-03-02,29,376.6,12.99,3.86,11,4,1
P00799,2025-04-01,27,351.6,13.02,1.35,4,4,0
P00799,2025-05-01,28,355.3,12.69,0.39,8,4,0
P00799,2025-06-01,29,361.8,12.48,2.44,3,4,0
P00799,2025-07-01,30,420.5,14.02,2.38,7,4,0
P00799,2025-08-01,30,394.1,13.14,3.03,9,4,0
P00799,2025-08-31,31,417.3,13.46,2.32,5,4,0
P00799,2025-10-01,29,390.4,13.46,5.18,7,4,1
P00799,2025-10-31,31,429.1,13.84,2.08,5,4,1
P00799,2025-12-01,28,355.3,12.69,1.0,6,4,1
P00799,2025-12-31,29,360.3,12.42,1.49,4,4,1
P00799,2026-01-30,29,380.4,13.12,4.47,4,4,0
P00799,2026-03-02,27,354.6,13.13,2.48,10,4,3
P00799,2026-04-01,31,386.8,12.48,2.31,11,4,1
P00799,2026-05-02,31,399.8,12.9,4.71,4,4,1
P00799,2026-06-01,30,400.7,13.36,3.95,4,4,0
P00799,2026-07-02,27,349.7,12.95,0.96,11,4,1
P00799,2026-08-01,28,372.8,13.31,3.02,5,4,0
P00800,2024-08-31,25,334.9,13.39,0.55,4,4,1
P00800,2024-09-30,26,354.8,13.65,5.86,8,4,1
P00800,2024-10-31,30,403.3,13.44,2.75,5,4,1
P00800,2024-11-30,30,369.3,12.31,1.55,7,4,1
P00800,2024-12-31,27,375.9,13.92,6.0,10,4,1
P00800,2025-01-30,29,381.5,13.16,2.62,7,4,0
P00800,2025-03-02,30,413.0,13.77,3.38,8,4,1
P00800,2025-04-01,31,434.9,14.03,2.81,7,4,2
P00800,2025-05-01,29,396.4,13.67,3.25,6,4,1
P00800,2025-06-01,29,394.8,13.61,2.03,6,4,0
P00800,2025-07-01,28,378.4,13.51,3.01,4,4,1
P00800,2025-08-01,31,418.8,13.51,0.95,4,4,0
P00800,2025-08-31,29,414.5,14.29,6.0,12,4,1
P00800,2025-10-01,30,383.8,12.79,4.46,7,4,0
P00800,2025-10-31,30,402.0,13.4,6.0,7,4,0
P00800,2025-12-01,30,416.0,13.87,5.56,6,4,3
P00800,2025-12-31,31,415.4,13.4,4.78,7,4,1
P00800,2026-01-30,29,382.1,13.17,1.53,5,4,1
P00800,2026-03-02,30,392.5,13.08,3.36,6,4,0
P00800,2026-04-01,31,404.8,13.06,1.19,4,4,0
P00800,2026-05-02,29,381.7,13.16,1.38,6,4,1
P00800,2026-06-01,31,417.8,13.48,1.38,8,4,1
P00800,2026-07-02,28,377.8,13.49,2.78,8,4,1
P00800,2026-08-01,25,343.5,13.74,2.34,2,4,1
