personnel_id,snapshot_date,welfare_risk_score
P00001,2026-04-04,39.105
P00001,2026-05-04,35.492
P00001,2026-06-03,44.291
P00001,2026-07-03,46.049
P00001,2026-08-02,40.494
P00001,2026-09-01,38.411
P00002,2026-04-04,57.451
P00002,2026-05-04,55.52
P00002,2026-06-03,55.712
P00002,2026-07-03,56.808
P00002,2026-08-02,59.552
P00002,2026-09-01,58.091
P00003,2026-04-04,57.678
P00003,2026-05-04,68.748
P00003,2026-06-03,73.594
P00003,2026-07-03,78.767
P00003,2026-08-02,76.258
P00003,2026-09-01,79.333
P00004,2026-04-04,30.394
P00004,2026-05-04,38.273
P00004,2026-06-03,28.225
P00004,2026-07-03,42.461
P00004,2026-08-02,48.561
P00004,2026-09-01,48.687
P00005,2026-04-04,52.336
P00005,2026-05-04,63.877
P00005,2026-06-03,58.439
P00005,2026-07-03,60.402
P00005,2026-08-02,61.021
P00005,2026-09-01,49.733
P00006,2026-04-04,33.18
P00006,2026-05-04,33.737
P00006,2026-06-03,51.18
P00006,2026-07-03,36.2
P00006,2026-08-02,41.143
P00006,2026-09-01,36.55
P00007,2026-04-04,57.061
P00007,2026-05-04,61.101
P00007,2026-06-03,53.03
P00007,2026-07-03,53.908
P00007,2026-08-02,43.241
P00007,2026-09-01,44.573
P00008,2026-04-04,61.012
P00008,2026-05-04,56.906
P00008,2026-06-03,50.485
P00008,2026-07-03,46.744
P00008,2026-08-02,56.39
P00008,2026-09-01,65.999
P00009,2026-04-04,56.721
P00009,2026-05-04,52.801
P00009,2026-06-03,40.861
P00009,2026-07-03,45.284
P00009,2026-08-02,46.063
P00009,2026-09-01,38.118
P00010,2026-04-04,52.942
P00010,2026-05-04,57.227
P00010,2026-06-03,52.893
P00010,2026-07-03,52.222
P00010,2026-08-02,74.104
P00010,2026-09-01,68.413
P00011,2026-04-04,20.213
P00011,2026-05-04,21.058
P00011,2026-06-03,16.903
P00011,2026-07-03,26.95
P00011,2026-08-02,29.648
P00011,2026-09-01,33.034
P00012,2026-04-04,46.954
P00012,2026-05-04,35.535
P00012,2026-06-03,55.157
P00012,2026-07-03,44.638
P00012,2026-08-02,42.311
P00012,2026-09-01,43.361
P00013,2026-04-04,50.042
P00013,2026-05-04,57.248
P00013,2026-06-03,55.19
P00013,2026-07-03,49.192
P00013,2026-08-02,55.949
P00013,2026-09-01,61.376
P00014,2026-04-04,41.711
P00014,2026-05-04,40.203
P00014,2026-06-03,41.041
P00014,2026-07-03,45.506
P00014,2026-08-02,51.712
P00014,2026-09-01,48.969
P00015,2026-04-04,39.919
P00015,2026-05-04,33.348
P00015,2026-06-03,45.879
P00015,2026-07-03,43.96
P00015,2026-08-02,36.258
P00015,2026-09-01,44.836
P00016,2026-04-04,47.687
P00016,2026-05-04,46.105
P00016,2026-06-03,51.508
P00016,2026-07-03,69.133
P00016,2026-08-02,47.322
P00016,2026-09-01,51.924
P00017,2026-04-04,41.091
P00017,2026-05-04,45.737
P00017,2026-06-03,38.778
P00017,2026-07-03,52.677
P00017,2026-08-02,49.224
P00017,2026-09-01,50.625
P00018,2026-04-04,64.574
P00018,2026-05-04,66.107
P00018,2026-06-03,57.403
P00018,2026-07-03,48.752
P00018,2026-08-02,63.517
P00018,2026-09-01,62.803
P00019,2026-04-04,60.575
P00019,2026-05-04,43.435
P00019,2026-06-03,53.698
P00019,2026-07-03,46.506
P00019,2026-08-02,57.607
P00019,2026-09-01,41.434
P00020,2026-04-04,37.01
P00020,2026-05-04,40.279
P00020,2026-06-03,36.236
P00020,2026-07-03,38.342
P00020,2026-08-02,37.411
P00020,2026-09-01,43.907
P00021,2026-04-04,53.018
P00021,2026-05-04,60.68
P00021,2026-06-03,50.194
P00021,2026-07-03,67.105
P00021,2026-08-02,68.689
P00021,2026-09-01,73.395
P00022,2026-04-04,56.198
P00022,2026-05-04,52.98
P00022,2026-06-03,58.154
P00022,2026-07-03,55.146
P00022,2026-08-02,41.223
P00022,2026-09-01,48.04
P00023,2026-04-04,41.439
P00023,2026-05-04,59.771
P00023,2026-06-03,45.401
P00023,2026-07-03,48.536
P00023,2026-08-02,44.203
P00023,2026-09-01,47.536
P00024,2026-04-04,65.199
P00024,2026-05-04,76.22
P00024,2026-06-03,78.381
P00024,2026-07-03,72.502
P00024,2026-08-02,66.504
P00024,2026-09-01,78.721
P00025,2026-04-04,67.355
P00025,2026-05-04,61.192
P00025,2026-06-03,57.051
P00025,2026-07-03,49.645
P00025,2026-08-02,65.423
P00025,2026-09-01,66.734
P00026,2026-04-04,49.087
P00026,2026-05-04,55.527
P00026,2026-06-03,59.458
P00026,2026-07-03,54.091
P00026,2026-08-02,53.041
P00026,2026-09-01,52.727
P00027,2026-04-04,42.864
P00027,2026-05-04,46.685
P00027,2026-06-03,60.588
P00027,2026-07-03,48.859
P00027,2026-08-02,50.389
P00027,2026-09-01,53.14
P00028,2026-04-04,61.694
P00028,2026-05-04,67.039
P00028,2026-06-03,58.379
P00028,2026-07-03,73.536
P00028,2026-08-02,68.907
P00028,2026-09-01,70.883
P00029,2026-04-04,63.759
P00029,2026-05-04,66.677
P00029,2026-06-03,68.327
P00029,2026-07-03,63.912
P00029,2026-08-02,63.347
P00029,2026-09-01,50.158
P00030,2026-04-04,38.731
P00030,2026-05-04,51.057
P00030,2026-06-03,38.234
P00030,2026-07-03,44.698
P00030,2026-08-02,46.741
P00030,2026-09-01,52.044
P00031,2026-04-04,74.678
P00031,2026-05-04,59.701
P00031,2026-06-03,66.525
P00031,2026-07-03,63.76
P00031,2026-08-02,77.631
P00031,2026-09-01,68.351
P00032,2026-04-04,52.933
P00032,2026-05-04,47.356
P00032,2026-06-03,52.4
P00032,2026-07-03,52.973
P00032,2026-08-02,60.479
P00032,2026-09-01,60.091
P00033,2026-04-04,37.192
P00033,2026-05-04,33.295
P00033,2026-06-03,42.588
P00033,2026-07-03,38.458
P00033,2026-08-02,37.768
P00033,2026-09-01,39.298
P00034,2026-04-04,57.383
P00034,2026-05-04,48.74
P00034,2026-06-03,62.658
P00034,2026-07-03,44.712
P00034,2026-08-02,60.742
P00034,2026-09-01,62.152
P00035,2026-04-04,26.469
P00035,2026-05-04,39.431
P00035,2026-06-03,39.89
P00035,2026-07-03,39.642
P00035,2026-08-02,28.033
P00035,2026-09-01,38.669
P00036,2026-04-04,62.683
P00036,2026-05-04,62.008
P00036,2026-06-03,73.824
P00036,2026-07-03,65.884
P00036,2026-08-02,65.525
P00036,2026-09-01,73.149
P00037,2026-04-04,46.051
P00037,2026-05-04,28.762
P00037,2026-06-03,42.992
P00037,2026-07-03,44.276
P00037,2026-08-02,45.061
P00037,2026-09-01,41.36
P00038,2026-04-04,69.575
P00038,2026-05-04,72.17
P00038,2026-06-03,73.152
P00038,2026-07-03,67.924
P00038,2026-08-02,61.7
P00038,2026-09-01,64.448
P00039,2026-04-04,68.573
P00039,2026-05-04,61.009
P00039,2026-06-03,62.183
P00039,2026-07-03,76.896
P00039,2026-08-02,85.53
P00039,2026-09-01,63.231
P00040,2026-04-04,63.81
P00040,2026-05-04,62.971
P00040,2026-06-03,66.482
P00040,2026-07-03,65.809
P00040,2026-08-02,72.113
P00040,2026-09-01,67.93
P00041,2026-04-04,63.144
P00041,2026-05-04,64.414
P00041,2026-06-03,66.036
P00041,2026-07-03,63.294
P00041,2026-08-02,66.554
P00041,2026-09-01,63.106
P00042,2026-04-04,53.567
P00042,2026-05-04,56.14
P00042,2026-06-03,55.704
P00042,2026-07-03,54.036
P00042,2026-08-02,43.407
P00042,2026-09-01,59.901
P00043,2026-04-04,61.458
P00043,2026-05-04,58.0
P00043,2026-06-03,56.726
P00043,2026-07-03,77.706
P00043,2026-08-02,77.093
P00043,2026-09-01,76.688
P00044,2026-04-04,45.026
P00044,2026-05-04,48.336
P00044,2026-06-03,46.387
P00044,2026-07-03,42.985
P00044,2026-08-02,56.43
P00044,2026-09-01,60.205
P00045,2026-04-04,45.147
P00045,2026-05-04,45.209
P00045,2026-06-03,42.989
P00045,2026-07-03,45.111
P00045,2026-08-02,39.139
P00045,2026-09-01,37.71
P00046,2026-04-04,23.911
P00046,2026-05-04,9.844
P00046,2026-06-03,20.6
P00046,2026-07-03,20.931
P00046,2026-08-02,19.415
P00046,2026-09-01,13.749
P00047,2026-04-04,49.456
P00047,2026-05-04,59.295
P00047,2026-06-03,58.001
P00047,2026-07-03,70.187
P00047,2026-08-02,53.254
P00047,2026-09-01,56.009
P00048,2026-04-04,78.335
P00048,2026-05-04,70.876
P00048,2026-06-03,66.988
P00048,2026-07-03,60.687
P00048,2026-08-02,61.664
P00048,2026-09-01,64.401
P00049,2026-04-04,35.076
P00049,2026-05-04,25.328
P00049,2026-06-03,37.184
P00049,2026-07-03,33.5
P00049,2026-08-02,43.761
P00049,2026-09-01,43.833
P00050,2026-04-04,38.15
P00050,2026-05-04,40.498
P00050,2026-06-03,48.721
P00050,2026-07-03,37.379
P00050,2026-08-02,48.892
P00050,2026-09-01,36.343
P00051,2026-04-04,62.151
P00051,2026-05-04,58.107
P00051,2026-06-03,60.137
P00051,2026-07-03,70.962
P00051,2026-08-02,53.226
P00051,2026-09-01,61.531
P00052,2026-04-04,77.881
P00052,2026-05-04,73.981
P00052,2026-06-03,69.31
P00052,2026-07-03,72.467
P00052,2026-08-02,76.553
P00052,2026-09-01,72.061
P00053,2026-04-04,21.425
P00053,2026-05-04,24.461
P00053,2026-06-03,20.241
P00053,2026-07-03,30.251
P00053,2026-08-02,33.963
P00053,2026-09-01,29.995
P00054,2026-04-04,56.167
P00054,2026-05-04,76.204
P00054,2026-06-03,56.117
P00054,2026-07-03,60.827
P00054,2026-08-02,57.454
P00054,2026-09-01,61.142
P00055,2026-04-04,69.394
P00055,2026-05-04,65.296
P00055,2026-06-03,65.76
P00055,2026-07-03,80.642
P00055,2026-08-02,73.026
P00055,2026-09-01,73.099
P00056,2026-04-04,45.766
P00056,2026-05-04,32.415
P00056,2026-06-03,43.384
P00056,2026-07-03,47.983
P00056,2026-08-02,58.416
P00056,2026-09-01,50.507
P00057,2026-04-04,56.786
P00057,2026-05-04,59.841
P00057,2026-06-03,58.032
P00057,2026-07-03,64.436
P00057,2026-08-02,66.924
P00057,2026-09-01,73.919
P00058,2026-04-04,53.183
P00058,2026-05-04,70.463
P00058,2026-06-03,57.806
P00058,2026-07-03,52.211
P00058,2026-08-02,59.886
P00058,2026-09-01,61.584
P00059,2026-04-04,32.664
P00059,2026-05-04,21.662
P00059,2026-06-03,37.505
P00059,2026-07-03,44.923
P00059,2026-08-02,44.363
P00059,2026-09-01,45.978
P00060,2026-04-04,70.469
P00060,2026-05-04,49.845
P00060,2026-06-03,55.023
P00060,2026-07-03,56.459
P00060,2026-08-02,50.425
P00060,2026-09-01,57.304
P00061,2026-04-04,64.825
P00061,2026-05-04,56.91
P00061,2026-06-03,57.4
P00061,2026-07-03,47.596
P00061,2026-08-02,61.404
P00061,2026-09-01,57.21
P00062,2026-04-04,25.541
P00062,2026-05-04,34.32
P00062,2026-06-03,34.717
P00062,2026-07-03,38.118
P00062,2026-08-02,39.449
P00062,2026-09-01,45.198
P00063,2026-04-04,42.501
P00063,2026-05-04,43.737
P00063,2026-06-03,44.398
P00063,2026-07-03,38.905
P00063,2026-08-02,49.949
P00063,2026-09-01,54.8
P00064,2026-04-04,56.673
P00064,2026-05-04,47.388
P00064,2026-06-03,50.684
P00064,2026-07-03,59.483
P00064,2026-08-02,49.963
P00064,2026-09-01,49.805
P00065,2026-04-04,59.606
P00065,2026-05-04,56.933
P00065,2026-06-03,72.907
P00065,2026-07-03,59.017
P00065,2026-08-02,63.456
P00065,2026-09-01,57.076
P00066,2026-04-04,64.757
P00066,2026-05-04,47.053
P00066,2026-06-03,56.102
P00066,2026-07-03,47.573
P00066,2026-08-02,50.656
P00066,2026-09-01,46.688
P00067,2026-04-04,49.918
P00067,2026-05-04,46.279
P00067,2026-06-03,42.594
P00067,2026-07-03,49.313
P00067,2026-08-02,54.375
P00067,2026-09-01,60.771
P00068,2026-04-04,27.672
P00068,2026-05-04,38.092
P00068,2026-06-03,27.08
P00068,2026-07-03,26.321
P00068,2026-08-02,26.579
P00068,2026-09-01,38.722
P00069,2026-04-04,44.463
P00069,2026-05-04,49.273
P00069,2026-06-03,43.552
P00069,2026-07-03,45.963
P00069,2026-08-02,38.997
P00069,2026-09-01,40.736
P00070,2026-04-04,43.724
P00070,2026-05-04,40.123
P00070,2026-06-03,44.608
P00070,2026-07-03,40.047
P00070,2026-08-02,53.33
P00070,2026-09-01,51.448
P00071,2026-04-04,63.992
P00071,2026-05-04,69.657
P00071,2026-06-03,69.066
P00071,2026-07-03,68.368
P00071,2026-08-02,59.393
P00071,2026-09-01,60.355
P00072,2026-04-04,32.007
P00072,2026-05-04,45.175
P00072,2026-06-03,33.561
P00072,2026-07-03,42.037
P00072,2026-08-02,49.893
P00072,2026-09-01,43.878
P00073,2026-04-04,56.355
P00073,2026-05-04,44.787
P00073,2026-06-03,55.729
P00073,2026-07-03,54.678
P00073,2026-08-02,46.626
P00073,2026-09-01,50.316
P00074,2026-04-04,55.523
P00074,2026-05-04,55.071
P00074,2026-06-03,45.921
P00074,2026-07-03,35.701
P00074,2026-08-02,56.568
P00074,2026-09-01,63.901
P00075,2026-04-04,60.206
P00075,2026-05-04,59.16
P00075,2026-06-03,67.181
P00075,2026-07-03,68.946
P00075,2026-08-02,71.549
P00075,2026-09-01,62.184
P00076,2026-04-04,19.555
P00076,2026-05-04,27.27
P00076,2026-06-03,24.748
P00076,2026-07-03,38.726
P00076,2026-08-02,23.592
P00076,2026-09-01,17.237
P00077,2026-04-04,71.382
P00077,2026-05-04,62.924
P00077,2026-06-03,70.656
P00077,2026-07-03,80.851
P00077,2026-08-02,71.13
P00077,2026-09-01,65.956
P00078,2026-04-04,64.187
P00078,2026-05-04,70.773
P00078,2026-06-03,76.199
P00078,2026-07-03,69.092
P00078,2026-08-02,80.126
P00078,2026-09-01,82.498
P00079,2026-04-04,39.207
P00079,2026-05-04,40.976
P00079,2026-06-03,38.599
P00079,2026-07-03,38.288
P00079,2026-08-02,48.32
P00079,2026-09-01,46.796
P00080,2026-04-04,74.006
P00080,2026-05-04,72.925
P00080,2026-06-03,65.605
P00080,2026-07-03,64.693
P00080,2026-08-02,62.99
P00080,2026-09-01,64.371
P00081,2026-04-04,60.903
P00081,2026-05-04,60.026
P00081,2026-06-03,64.329
P00081,2026-07-03,61.025
P00081,2026-08-02,61.394
P00081,2026-09-01,65.345
P00082,2026-04-04,49.87
P00082,2026-05-04,41.569
P00082,2026-06-03,60.837
P00082,2026-07-03,42.333
P00082,2026-08-02,48.846
P00082,2026-09-01,37.057
P00083,2026-04-04,48.625
P00083,2026-05-04,59.876
P00083,2026-06-03,48.902
P00083,2026-07-03,45.372
P00083,2026-08-02,61.292
P00083,2026-09-01,55.107
P00084,2026-04-04,58.526
P00084,2026-05-04,57.222
P00084,2026-06-03,59.651
P00084,2026-07-03,52.301
P00084,2026-08-02,49.502
P00084,2026-09-01,57.384
P00085,2026-04-04,40.381
P00085,2026-05-04,39.517
P00085,2026-06-03,47.436
P00085,2026-07-03,43.149
P00085,2026-08-02,45.06
P00085,2026-09-01,49.965
P00086,2026-04-04,36.843
P00086,2026-05-04,43.013
P00086,2026-06-03,48.905
P00086,2026-07-03,67.01
P00086,2026-08-02,44.904
P00086,2026-09-01,40.99
P00087,2026-04-04,70.581
P00087,2026-05-04,63.03
P00087,2026-06-03,68.864
P00087,2026-07-03,53.528
P00087,2026-08-02,67.361
P00087,2026-09-01,65.129
P00088,2026-04-04,63.528
P00088,2026-05-04,65.991
P00088,2026-06-03,53.912
P00088,2026-07-03,74.661
P00088,2026-08-02,56.48
P00088,2026-09-01,57.584
P00089,2026-04-04,44.763
P00089,2026-05-04,37.27
P00089,2026-06-03,43.985
P00089,2026-07-03,36.235
P00089,2026-08-02,31.788
P00089,2026-09-01,28.272
P00090,2026-04-04,57.041
P00090,2026-05-04,47.804
P00090,2026-06-03,44.429
P00090,2026-07-03,49.155
P00090,2026-08-02,61.452
P00090,2026-09-01,63.599
P00091,2026-04-04,38.349
P00091,2026-05-04,39.531
P00091,2026-06-03,41.54
P00091,2026-07-03,45.265
P00091,2026-08-02,41.835
P00091,2026-09-01,28.994
P00092,2026-04-04,55.646
P00092,2026-05-04,74.817
P00092,2026-06-03,49.67
P00092,2026-07-03,68.973
P00092,2026-08-02,71.864
P00092,2026-09-01,68.283
P00093,2026-04-04,72.564
P00093,2026-05-04,66.58
P00093,2026-06-03,87.959
P00093,2026-07-03,58.788
P00093,2026-08-02,70.671
P00093,2026-09-01,70.067
P00094,2026-04-04,50.931
P00094,2026-05-04,56.36
P00094,2026-06-03,51.884
P00094,2026-07-03,53.07
P00094,2026-08-02,52.188
P00094,2026-09-01,59.887
P00095,2026-04-04,31.919
P00095,2026-05-04,44.469
P00095,2026-06-03,37.269
P00095,2026-07-03,45.849
P00095,2026-08-02,44.04
P00095,2026-09-01,43.386
P00096,2026-04-04,64.807
P00096,2026-05-04,59.055
P00096,2026-06-03,73.559
P00096,2026-07-03,65.447
P00096,2026-08-02,71.719
P00096,2026-09-01,72.424
P00097,2026-04-04,63.533
P00097,2026-05-04,64.344
P00097,2026-06-03,60.929
P00097,2026-07-03,81.245
P00097,2026-08-02,77.528
P00097,2026-09-01,64.096
P00098,2026-04-04,58.233
P00098,2026-05-04,66.156
P00098,2026-06-03,62.527
P00098,2026-07-03,76.898
P00098,2026-08-02,55.88
P00098,2026-09-01,60.194
P00099,2026-04-04,42.837
P00099,2026-05-04,49.254
P00099,2026-06-03,41.44
P00099,2026-07-03,55.523
P00099,2026-08-02,43.7
P00099,2026-09-01,43.575
P00100,2026-04-04,46.062
P00100,2026-05-04,51.669
P00100,2026-06-03,54.047
P00100,2026-07-03,46.449
P00100,2026-08-02,46.86
P00100,2026-09-01,46.132
P00101,2026-04-04,39.075
P00101,2026-05-04,32.173
P00101,2026-06-03,53.048
P00101,2026-07-03,48.191
P00101,2026-08-02,51.613
P00101,2026-09-01,43.887
P00102,2026-04-04,33.166
P00102,2026-05-04,29.663
P00102,2026-06-03,28.469
P00102,2026-07-03,14.218
P00102,2026-08-02,28.033
P00102,2026-09-01,33.163
P00103,2026-04-04,46.438
P00103,2026-05-04,53.166
P00103,2026-06-03,65.238
P00103,2026-07-03,55.882
P00103,2026-08-02,59.393
P00103,2026-09-01,53.15
P00104,2026-04-04,55.141
P00104,2026-05-04,61.937
P00104,2026-06-03,72.532
P00104,2026-07-03,64.466
P00104,2026-08-02,65.979
P00104,2026-09-01,57.559
P00105,2026-04-04,63.102
P00105,2026-05-04,60.167
P00105,2026-06-03,67.444
P00105,2026-07-03,70.359
P00105,2026-08-02,68.266
P00105,2026-09-01,61.739
P00106,2026-04-04,36.818
P00106,2026-05-04,43.221
P00106,2026-06-03,38.87
P00106,2026-07-03,32.181
P00106,2026-08-02,33.799
P00106,2026-09-01,35.648
P00107,2026-04-04,59.163
P00107,2026-05-04,56.954
P00107,2026-06-03,69.617
P00107,2026-07-03,62.319
P00107,2026-08-02,76.152
P00107,2026-09-01,81.41
P00108,2026-04-04,64.82
P00108,2026-05-04,77.492
P00108,2026-06-03,76.056
P00108,2026-07-03,70.71
P00108,2026-08-02,72.968
P00108,2026-09-01,73.94
P00109,2026-04-04,36.331
P00109,2026-05-04,40.266
P00109,2026-06-03,44.06
P00109,2026-07-03,48.368
P00109,2026-08-02,39.076
P00109,2026-09-01,45.029
P00110,2026-04-04,48.147
P00110,2026-05-04,46.395
P00110,2026-06-03,49.37
P00110,2026-07-03,48.977
P00110,2026-08-02,65.391
P00110,2026-09-01,63.854
P00111,2026-04-04,21.073
P00111,2026-05-04,23.814
P00111,2026-06-03,29.722
P00111,2026-07-03,18.056
P00111,2026-08-02,26.008
P00111,2026-09-01,31.53
P00112,2026-04-04,41.408
P00112,2026-05-04,38.511
P00112,2026-06-03,37.334
P00112,2026-07-03,49.386
P00112,2026-08-02,38.623
P00112,2026-09-01,44.576
P00113,2026-04-04,67.518
P00113,2026-05-04,66.484
P00113,2026-06-03,60.9
P00113,2026-07-03,78.992
P00113,2026-08-02,80.717
P00113,2026-09-01,83.971
P00114,2026-04-04,33.786
P00114,2026-05-04,47.929
P00114,2026-06-03,53.493
P00114,2026-07-03,36.529
P00114,2026-08-02,57.432
P00114,2026-09-01,53.83
P00115,2026-04-04,49.271
P00115,2026-05-04,49.137
P00115,2026-06-03,55.273
P00115,2026-07-03,35.65
P00115,2026-08-02,35.58
P00115,2026-09-01,45.947
P00116,2026-04-04,47.577
P00116,2026-05-04,66.481
P00116,2026-06-03,45.532
P00116,2026-07-03,56.78
P00116,2026-08-02,49.023
P00116,2026-09-01,50.285
P00117,2026-04-04,42.607
P00117,2026-05-04,48.17
P00117,2026-06-03,43.737
P00117,2026-07-03,62.255
P00117,2026-08-02,56.796
P00117,2026-09-01,51.536
P00118,2026-04-04,67.493
P00118,2026-05-04,46.959
P00118,2026-06-03,63.618
P00118,2026-07-03,58.244
P00118,2026-08-02,65.7
P00118,2026-09-01,59.766
P00119,2026-04-04,51.179
P00119,2026-05-04,62.659
P00119,2026-06-03,57.107
P00119,2026-07-03,56.186
P00119,2026-08-02,46.105
P00119,2026-09-01,62.054
P00120,2026-04-04,51.888
P00120,2026-05-04,63.7
P00120,2026-06-03,56.397
P00120,2026-07-03,50.074
P00120,2026-08-02,52.747
P00120,2026-09-01,58.945
P00121,2026-04-04,43.197
P00121,2026-05-04,45.192
P00121,2026-06-03,52.844
P00121,2026-07-03,43.569
P00121,2026-08-02,54.903
P00121,2026-09-01,51.164
P00122,2026-04-04,36.538
P00122,2026-05-04,37.198
P00122,2026-06-03,34.938
P00122,2026-07-03,44.045
P00122,2026-08-02,39.779
P00122,2026-09-01,41.75
P00123,2026-04-04,49.369
P00123,2026-05-04,54.386
P00123,2026-06-03,53.538
P00123,2026-07-03,46.718
P00123,2026-08-02,48.29
P00123,2026-09-01,44.334
P00124,2026-04-04,73.065
P00124,2026-05-04,65.564
P00124,2026-06-03,57.878
P00124,2026-07-03,55.104
P00124,2026-08-02,58.436
P00124,2026-09-01,66.45
P00125,2026-04-04,9.49
P00125,2026-05-04,18.386
P00125,2026-06-03,14.979
P00125,2026-07-03,16.402
P00125,2026-08-02,15.672
P00125,2026-09-01,21.82
P00126,2026-04-04,67.485
P00126,2026-05-04,78.624
P00126,2026-06-03,70.767
P00126,2026-07-03,73.19
P00126,2026-08-02,58.81
P00126,2026-09-01,64.305
P00127,2026-04-04,59.834
P00127,2026-05-04,65.264
P00127,2026-06-03,59.851
P00127,2026-07-03,65.931
P00127,2026-08-02,66.846
P00127,2026-09-01,74.542
P00128,2026-04-04,71.083
P00128,2026-05-04,70.344
P00128,2026-06-03,69.525
P00128,2026-07-03,56.607
P00128,2026-08-02,70.716
P00128,2026-09-01,68.367
P00129,2026-04-04,48.154
P00129,2026-05-04,50.85
P00129,2026-06-03,45.953
P00129,2026-07-03,54.073
P00129,2026-08-02,54.836
P00129,2026-09-01,63.396
P00130,2026-04-04,48.065
P00130,2026-05-04,43.205
P00130,2026-06-03,51.522
P00130,2026-07-03,56.5
P00130,2026-08-02,58.179
P00130,2026-09-01,58.846
P00131,2026-04-04,55.793
P00131,2026-05-04,37.881
P00131,2026-06-03,37.813
P00131,2026-07-03,43.467
P00131,2026-08-02,51.293
P00131,2026-09-01,43.632
P00132,2026-04-04,35.067
P00132,2026-05-04,35.3
P00132,2026-06-03,43.34
P00132,2026-07-03,41.546
P00132,2026-08-02,38.31
P00132,2026-09-01,38.012
P00133,2026-04-04,26.555
P00133,2026-05-04,28.677
P00133,2026-06-03,35.662
P00133,2026-07-03,28.685
P00133,2026-08-02,39.922
P00133,2026-09-01,40.115
P00134,2026-04-04,70.473
P00134,2026-05-04,68.291
P00134,2026-06-03,67.872
P00134,2026-07-03,63.271
P00134,2026-08-02,66.955
P00134,2026-09-01,64.854
P00135,2026-04-04,61.727
P00135,2026-05-04,61.793
P00135,2026-06-03,68.561
P00135,2026-07-03,54.991
P00135,2026-08-02,67.006
P00135,2026-09-01,60.602
P00136,2026-04-04,32.17
P00136,2026-05-04,40.41
P00136,2026-06-03,27.57
P00136,2026-07-03,47.946
P00136,2026-08-02,42.229
P00136,2026-09-01,39.061
P00137,2026-04-04,72.63
P00137,2026-05-04,64.346
P00137,2026-06-03,72.503
P00137,2026-07-03,77.344
P00137,2026-08-02,58.979
P00137,2026-09-01,67.152
P00138,2026-04-04,27.68
P00138,2026-05-04,28.392
P00138,2026-06-03,33.653
P00138,2026-07-03,22.145
P00138,2026-08-02,30.449
P00138,2026-09-01,30.163
P00139,2026-04-04,56.48
P00139,2026-05-04,69.9
P00139,2026-06-03,55.163
P00139,2026-07-03,56.264
P00139,2026-08-02,56.136
P00139,2026-09-01,55.151
P00140,2026-04-04,69.803
P00140,2026-05-04,65.247
P00140,2026-06-03,57.652
P00140,2026-07-03,65.874
P00140,2026-08-02,58.151
P00140,2026-09-01,60.314
P00141,2026-04-04,46.094
P00141,2026-05-04,47.88
P00141,2026-06-03,46.988
P00141,2026-07-03,45.767
P00141,2026-08-02,50.327
P00141,2026-09-01,51.808
P00142,2026-04-04,51.305
P00142,2026-05-04,41.759
P00142,2026-06-03,51.298
P00142,2026-07-03,56.475
P00142,2026-08-02,41.078
P00142,2026-09-01,40.408
P00143,2026-04-04,49.796
P00143,2026-05-04,47.99
P00143,2026-06-03,48.873
P00143,2026-07-03,47.155
P00143,2026-08-02,47.725
P00143,2026-09-01,46.447
P00144,2026-04-04,31.754
P00144,2026-05-04,34.131
P00144,2026-06-03,39.351
P00144,2026-07-03,30.286
P00144,2026-08-02,36.725
P00144,2026-09-01,32.858
P00145,2026-04-04,65.3
P00145,2026-05-04,64.702
P00145,2026-06-03,54.616
P00145,2026-07-03,73.141
P00145,2026-08-02,75.464
P00145,2026-09-01,68.605
P00146,2026-04-04,55.815
P00146,2026-05-04,51.187
P00146,2026-06-03,44.343
P00146,2026-07-03,51.772
P00146,2026-08-02,51.732
P00146,2026-09-01,58.699
P00147,2026-04-04,53.259
P00147,2026-05-04,46.268
P00147,2026-06-03,38.592
P00147,2026-07-03,64.497
P00147,2026-08-02,54.32
P00147,2026-09-01,45.32
P00148,2026-04-04,47.19
P00148,2026-05-04,53.939
P00148,2026-06-03,60.253
P00148,2026-07-03,48.24
P00148,2026-08-02,67.886
P00148,2026-09-01,70.632
P00149,2026-04-04,70.777
P00149,2026-05-04,63.336
P00149,2026-06-03,55.084
P00149,2026-07-03,62.112
P00149,2026-08-02,61.772
P00149,2026-09-01,56.447
P00150,2026-04-04,57.36
P00150,2026-05-04,60.605
P00150,2026-06-03,57.889
P00150,2026-07-03,66.162
P00150,2026-08-02,63.572
P00150,2026-09-01,61.384
P00151,2026-04-04,34.503
P00151,2026-05-04,38.181
P00151,2026-06-03,28.773
P00151,2026-07-03,40.36
P00151,2026-08-02,39.394
P00151,2026-09-01,33.904
P00152,2026-04-04,55.361
P00152,2026-05-04,66.928
P00152,2026-06-03,49.487
P00152,2026-07-03,54.297
P00152,2026-08-02,64.21
P00152,2026-09-01,62.498
P00153,2026-04-04,22.433
P00153,2026-05-04,22.543
P00153,2026-06-03,22.011
P00153,2026-07-03,24.791
P00153,2026-08-02,41.377
P00153,2026-09-01,43.631
P00154,2026-04-04,62.168
P00154,2026-05-04,43.307
P00154,2026-06-03,39.796
P00154,2026-07-03,46.911
P00154,2026-08-02,49.352
P00154,2026-09-01,48.626
P00155,2026-04-04,45.57
P00155,2026-05-04,52.053
P00155,2026-06-03,59.168
P00155,2026-07-03,56.496
P00155,2026-08-02,54.268
P00155,2026-09-01,40.2
P00156,2026-04-04,50.075
P00156,2026-05-04,50.357
P00156,2026-06-03,50.379
P00156,2026-07-03,53.311
P00156,2026-08-02,46.614
P00156,2026-09-01,52.182
P00157,2026-04-04,33.611
P00157,2026-05-04,44.197
P00157,2026-06-03,32.455
P00157,2026-07-03,43.044
P00157,2026-08-02,47.376
P00157,2026-09-01,51.595
P00158,2026-04-04,50.339
P00158,2026-05-04,43.786
P00158,2026-06-03,41.908
P00158,2026-07-03,46.281
P00158,2026-08-02,56.316
P00158,2026-09-01,54.125
P00159,2026-04-04,47.011
P00159,2026-05-04,31.959
P00159,2026-06-03,34.52
P00159,2026-07-03,38.485
P00159,2026-08-02,50.003
P00159,2026-09-01,43.917
P00160,2026-04-04,48.228
P00160,2026-05-04,40.009
P00160,2026-06-03,46.554
P00160,2026-07-03,44.336
P00160,2026-08-02,49.622
P00160,2026-09-01,54.851
P00161,2026-04-04,68.5
P00161,2026-05-04,71.54
P00161,2026-06-03,54.327
P00161,2026-07-03,71.182
P00161,2026-08-02,72.427
P00161,2026-09-01,65.519
P00162,2026-04-04,51.827
P00162,2026-05-04,51.395
P00162,2026-06-03,50.425
P00162,2026-07-03,54.451
P00162,2026-08-02,65.699
P00162,2026-09-01,48.589
P00163,2026-04-04,38.854
P00163,2026-05-04,38.262
P00163,2026-06-03,53.744
P00163,2026-07-03,60.971
P00163,2026-08-02,58.545
P00163,2026-09-01,60.045
P00164,2026-04-04,55.034
P00164,2026-05-04,50.378
P00164,2026-06-03,42.806
P00164,2026-07-03,45.819
P00164,2026-08-02,55.051
P00164,2026-09-01,51.843
P00165,2026-04-04,70.425
P00165,2026-05-04,73.226
P00165,2026-06-03,67.57
P00165,2026-07-03,81.59
P00165,2026-08-02,68.249
P00165,2026-09-01,63.128
P00166,2026-04-04,39.073
P00166,2026-05-04,32.394
P00166,2026-06-03,35.017
P00166,2026-07-03,51.65
P00166,2026-08-02,35.5
P00166,2026-09-01,41.858
P00167,2026-04-04,65.105
P00167,2026-05-04,65.067
P00167,2026-06-03,65.799
P00167,2026-07-03,81.587
P00167,2026-08-02,62.426
P00167,2026-09-01,63.894
P00168,2026-04-04,56.589
P00168,2026-05-04,58.439
P00168,2026-06-03,45.973
P00168,2026-07-03,55.622
P00168,2026-08-02,55.988
P00168,2026-09-01,59.03
P00169,2026-04-04,30.92
P00169,2026-05-04,35.152
P00169,2026-06-03,26.464
P00169,2026-07-03,22.667
P00169,2026-08-02,40.906
P00169,2026-09-01,40.635
P00170,2026-04-04,48.898
P00170,2026-05-04,54.444
P00170,2026-06-03,58.113
P00170,2026-07-03,54.238
P00170,2026-08-02,53.053
P00170,2026-09-01,52.75
P00171,2026-04-04,75.394
P00171,2026-05-04,68.355
P00171,2026-06-03,64.349
P00171,2026-07-03,54.821
P00171,2026-08-02,62.199
P00171,2026-09-01,62.312
P00172,2026-04-04,44.484
P00172,2026-05-04,51.505
P00172,2026-06-03,50.915
P00172,2026-07-03,51.467
P00172,2026-08-02,49.915
P00172,2026-09-01,46.279
P00173,2026-04-04,56.505
P00173,2026-05-04,56.059
P00173,2026-06-03,61.692
P00173,2026-07-03,67.492
P00173,2026-08-02,56.368
P00173,2026-09-01,62.231
P00174,2026-04-04,46.502
P00174,2026-05-04,56.837
P00174,2026-06-03,64.19
P00174,2026-07-03,54.947
P00174,2026-08-02,61.703
P00174,2026-09-01,68.307
P00175,2026-04-04,45.082
P00175,2026-05-04,48.015
P00175,2026-06-03,44.861
P00175,2026-07-03,53.755
P00175,2026-08-02,60.264
P00175,2026-09-01,64.944
P00176,2026-04-04,43.506
P00176,2026-05-04,48.364
P00176,2026-06-03,39.233
P00176,2026-07-03,46.282
P00176,2026-08-02,51.405
P00176,2026-09-01,51.366
P00177,2026-04-04,61.904
P00177,2026-05-04,58.806
P00177,2026-06-03,60.32
P00177,2026-07-03,62.866
P00177,2026-08-02,65.08
P00177,2026-09-01,60.601
P00178,2026-04-04,51.561
P00178,2026-05-04,52.514
P00178,2026-06-03,62.693
P00178,2026-07-03,42.512
P00178,2026-08-02,54.622
P00178,2026-09-01,64.044
P00179,2026-04-04,56.136
P00179,2026-05-04,37.246
P00179,2026-06-03,43.19
P00179,2026-07-03,36.312
P00179,2026-08-02,41.724
P00179,2026-09-01,39.519
P00180,2026-04-04,57.35
P00180,2026-05-04,62.094
P00180,2026-06-03,53.533
P00180,2026-07-03,50.673
P00180,2026-08-02,63.989
P00180,2026-09-01,63.927
P00181,2026-04-04,39.162
P00181,2026-05-04,44.155
P00181,2026-06-03,42.399
P00181,2026-07-03,42.301
P00181,2026-08-02,40.558
P00181,2026-09-01,40.548
P00182,2026-04-04,43.083
P00182,2026-05-04,36.99
P00182,2026-06-03,45.801
P00182,2026-07-03,34.074
P00182,2026-08-02,33.017
P00182,2026-09-01,41.754
P00183,2026-04-04,61.387
P00183,2026-05-04,64.025
P00183,2026-06-03,62.145
P00183,2026-07-03,78.036
P00183,2026-08-02,59.591
P00183,2026-09-01,64.863
P00184,2026-04-04,30.784
P00184,2026-05-04,35.747
P00184,2026-06-03,36.811
P00184,2026-07-03,41.694
P00184,2026-08-02,31.076
P00184,2026-09-01,34.542
P00185,2026-04-04,53.463
P00185,2026-05-04,58.748
P00185,2026-06-03,54.562
P00185,2026-07-03,58.317
P00185,2026-08-02,52.051
P00185,2026-09-01,43.691
P00186,2026-04-04,40.944
P00186,2026-05-04,48.053
P00186,2026-06-03,52.722
P00186,2026-07-03,43.477
P00186,2026-08-02,36.179
P00186,2026-09-01,58.399
P00187,2026-04-04,90.087
P00187,2026-05-04,62.521
P00187,2026-06-03,64.986
P00187,2026-07-03,72.005
P00187,2026-08-02,84.034
P00187,2026-09-01,95.896
P00188,2026-04-04,46.285
P00188,2026-05-04,37.326
P00188,2026-06-03,43.753
P00188,2026-07-03,40.445
P00188,2026-08-02,41.43
P00188,2026-09-01,48.449
P00189,2026-04-04,29.542
P00189,2026-05-04,31.574
P00189,2026-06-03,42.221
P00189,2026-07-03,43.627
P00189,2026-08-02,36.932
P00189,2026-09-01,38.143
P00190,2026-04-04,16.345
P00190,2026-05-04,32.598
P00190,2026-06-03,34.298
P00190,2026-07-03,32.873
P00190,2026-08-02,41.363
P00190,2026-09-01,37.091
P00191,2026-04-04,58.384
P00191,2026-05-04,60.458
P00191,2026-06-03,79.028
P00191,2026-07-03,56.355
P00191,2026-08-02,62.661
P00191,2026-09-01,61.005
P00192,2026-04-04,60.607
P00192,2026-05-04,70.249
P00192,2026-06-03,62.143
P00192,2026-07-03,60.549
P00192,2026-08-02,53.315
P00192,2026-09-01,53.34
P00193,2026-04-04,52.37
P00193,2026-05-04,47.971
P00193,2026-06-03,48.924
P00193,2026-07-03,55.305
P00193,2026-08-02,50.514
P00193,2026-09-01,48.397
P00194,2026-04-04,44.019
P00194,2026-05-04,39.526
P00194,2026-06-03,47.417
P00194,2026-07-03,42.241
P00194,2026-08-02,49.604
P00194,2026-09-01,51.062
P00195,2026-04-04,66.492
P00195,2026-05-04,53.011
P00195,2026-06-03,60.437
P00195,2026-07-03,59.335
P00195,2026-08-02,61.564
P00195,2026-09-01,57.487
P00196,2026-04-04,71.038
P00196,2026-05-04,69.542
P00196,2026-06-03,54.019
P00196,2026-07-03,57.559
P00196,2026-08-02,54.658
P00196,2026-09-01,60.958
P00197,2026-04-04,56.94
P00197,2026-05-04,62.548
P00197,2026-06-03,60.87
P00197,2026-07-03,60.16
P00197,2026-08-02,56.278
P00197,2026-09-01,51.728
P00198,2026-04-04,63.6
P00198,2026-05-04,72.086
P00198,2026-06-03,70.114
P00198,2026-07-03,68.658
P00198,2026-08-02,80.308
P00198,2026-09-01,88.502
P00199,2026-04-04,37.217
P00199,2026-05-04,43.287
P00199,2026-06-03,41.22
P00199,2026-07-03,36.602
P00199,2026-08-02,48.884
P00199,2026-09-01,36.264
P00200,2026-04-04,45.44
P00200,2026-05-04,51.016
P00200,2026-06-03,45.78
P00200,2026-07-03,41.286
P00200,2026-08-02,48.749
P00200,2026-09-01,50.61
P00201,2026-04-04,33.593
P00201,2026-05-04,45.123
P00201,2026-06-03,46.362
P00201,2026-07-03,37.976
P00201,2026-08-02,41.045
P00201,2026-09-01,46.971
P00202,2026-04-04,62.064
P00202,2026-05-04,59.46
P00202,2026-06-03,64.774
P00202,2026-07-03,58.277
P00202,2026-08-02,62.584
P00202,2026-09-01,74.632
P00203,2026-04-04,38.725
P00203,2026-05-04,33.945
P00203,2026-06-03,51.381
P00203,2026-07-03,52.027
P00203,2026-08-02,54.198
P00203,2026-09-01,40.86
P00204,2026-04-04,39.504
P00204,2026-05-04,50.327
P00204,2026-06-03,58.876
P00204,2026-07-03,53.624
P00204,2026-08-02,40.649
P00204,2026-09-01,39.685
P00205,2026-04-04,65.555
P00205,2026-05-04,45.219
P00205,2026-06-03,53.309
P00205,2026-07-03,55.165
P00205,2026-08-02,74.13
P00205,2026-09-01,59.039
P00206,2026-04-04,54.502
P00206,2026-05-04,49.04
P00206,2026-06-03,50.23
P00206,2026-07-03,55.726
P00206,2026-08-02,49.758
P00206,2026-09-01,52.157
P00207,2026-04-04,58.747
P00207,2026-05-04,57.609
P00207,2026-06-03,52.259
P00207,2026-07-03,58.716
P00207,2026-08-02,53.011
P00207,2026-09-01,54.498
P00208,2026-04-04,73.732
P00208,2026-05-04,66.214
P00208,2026-06-03,71.906
P00208,2026-07-03,62.45
P00208,2026-08-02,65.92
P00208,2026-09-01,74.524
P00209,2026-04-04,45.923
P00209,2026-05-04,34.655
P00209,2026-06-03,54.061
P00209,2026-07-03,44.536
P00209,2026-08-02,56.184
P00209,2026-09-01,52.029
P00210,2026-04-04,51.593
P00210,2026-05-04,61.779
P00210,2026-06-03,58.329
P00210,2026-07-03,56.543
P00210,2026-08-02,58.835
P00210,2026-09-01,63.429
P00211,2026-04-04,43.952
P00211,2026-05-04,51.289
P00211,2026-06-03,52.532
P00211,2026-07-03,49.758
P00211,2026-08-02,43.162
P00211,2026-09-01,52.399
P00212,2026-04-04,53.701
P00212,2026-05-04,52.742
P00212,2026-06-03,48.398
P00212,2026-07-03,56.9
P00212,2026-08-02,56.077
P00212,2026-09-01,55.412
P00213,2026-04-04,48.717
P00213,2026-05-04,44.51
P00213,2026-06-03,37.965
P00213,2026-07-03,35.99
P00213,2026-08-02,43.895
P00213,2026-09-01,50.595
P00214,2026-04-04,47.777
P00214,2026-05-04,39.383
P00214,2026-06-03,55.279
P00214,2026-07-03,51.512
P00214,2026-08-02,60.076
P00214,2026-09-01,41.799
P00215,2026-04-04,51.767
P00215,2026-05-04,56.98
P00215,2026-06-03,56.086
P00215,2026-07-03,54.07
P00215,2026-08-02,63.668
P00215,2026-09-01,53.208
P00216,2026-04-04,41.268
P00216,2026-05-04,50.93
P00216,2026-06-03,42.843
P00216,2026-07-03,59.195
P00216,2026-08-02,50.783
P00216,2026-09-01,53.339
P00217,2026-04-04,60.383
P00217,2026-05-04,66.511
P00217,2026-06-03,73.571
P00217,2026-07-03,66.754
P00217,2026-08-02,71.092
P00217,2026-09-01,84.719
P00218,2026-04-04,59.43
P00218,2026-05-04,58.59
P00218,2026-06-03,55.062
P00218,2026-07-03,53.013
P00218,2026-08-02,62.554
P00218,2026-09-01,61.35
P00219,2026-04-04,53.727
P00219,2026-05-04,54.254
P00219,2026-06-03,55.838
P00219,2026-07-03,51.314
P00219,2026-08-02,61.295
P00219,2026-09-01,63.804
P00220,2026-04-04,24.302
P00220,2026-05-04,25.801
P00220,2026-06-03,37.871
P00220,2026-07-03,33.108
P00220,2026-08-02,40.445
P00220,2026-09-01,33.897
P00221,2026-04-04,53.028
P00221,2026-05-04,50.609
P00221,2026-06-03,50.673
P00221,2026-07-03,48.235
P00221,2026-08-02,50.729
P00221,2026-09-01,39.045
P00222,2026-04-04,35.94
P00222,2026-05-04,25.555
P00222,2026-06-03,46.74
P00222,2026-07-03,35.913
P00222,2026-08-02,33.998
P00222,2026-09-01,40.531
P00223,2026-04-04,34.716
P00223,2026-05-04,41.441
P00223,2026-06-03,45.41
P00223,2026-07-03,48.449
P00223,2026-08-02,49.224
P00223,2026-09-01,46.784
P00224,2026-04-04,31.737
P00224,2026-05-04,35.945
P00224,2026-06-03,37.693
P00224,2026-07-03,39.985
P00224,2026-08-02,47.69
P00224,2026-09-01,47.218
P00225,2026-04-04,55.623
P00225,2026-05-04,58.304
P00225,2026-06-03,67.131
P00225,2026-07-03,54.227
P00225,2026-08-02,64.387
P00225,2026-09-01,74.732
P00226,2026-04-04,40.664
P00226,2026-05-04,48.217
P00226,2026-06-03,51.888
P00226,2026-07-03,55.088
P00226,2026-08-02,57.839
P00226,2026-09-01,57.702
P00227,2026-04-04,59.688
P00227,2026-05-04,59.224
P00227,2026-06-03,49.247
P00227,2026-07-03,58.351
P00227,2026-08-02,53.084
P00227,2026-09-01,53.916
P00228,2026-04-04,25.004
P00228,2026-05-04,22.744
P00228,2026-06-03,29.007
P00228,2026-07-03,21.328
P00228,2026-08-02,31.483
P00228,2026-09-01,28.272
P00229,2026-04-04,43.218
P00229,2026-05-04,54.911
P00229,2026-06-03,48.697
P00229,2026-07-03,70.238
P00229,2026-08-02,69.188
P00229,2026-09-01,63.641
P00230,2026-04-04,53.784
P00230,2026-05-04,44.86
P00230,2026-06-03,69.636
P00230,2026-07-03,63.085
P00230,2026-08-02,63.5
P00230,2026-09-01,65.169
P00231,2026-04-04,60.101
P00231,2026-05-04,64.222
P00231,2026-06-03,63.714
P00231,2026-07-03,57.756
P00231,2026-08-02,65.91
P00231,2026-09-01,60.114
P00232,2026-04-04,20.385
P00232,2026-05-04,16.877
P00232,2026-06-03,14.663
P00232,2026-07-03,8.984
P00232,2026-08-02,37.508
P00232,2026-09-01,37.697
P00233,2026-04-04,53.005
P00233,2026-05-04,58.789
P00233,2026-06-03,53.889
P00233,2026-07-03,51.206
P00233,2026-08-02,51.753
P00233,2026-09-01,51.893
P00234,2026-04-04,56.103
P00234,2026-05-04,67.917
P00234,2026-06-03,61.969
P00234,2026-07-03,79.281
P00234,2026-08-02,56.601
P00234,2026-09-01,55.823
P00235,2026-04-04,62.679
P00235,2026-05-04,61.885
P00235,2026-06-03,63.025
P00235,2026-07-03,69.264
P00235,2026-08-02,55.828
P00235,2026-09-01,59.274
P00236,2026-04-04,39.81
P00236,2026-05-04,25.473
P00236,2026-06-03,40.775
P00236,2026-07-03,32.126
P00236,2026-08-02,28.212
P00236,2026-09-01,35.097
P00237,2026-04-04,55.258
P00237,2026-05-04,45.909
P00237,2026-06-03,48.044
P00237,2026-07-03,65.778
P00237,2026-08-02,67.816
P00237,2026-09-01,63.911
P00238,2026-04-04,68.082
P00238,2026-05-04,62.076
P00238,2026-06-03,55.69
P00238,2026-07-03,59.662
P00238,2026-08-02,57.058
P00238,2026-09-01,58.533
P00239,2026-04-04,58.701
P00239,2026-05-04,64.848
P00239,2026-06-03,57.664
P00239,2026-07-03,46.147
P00239,2026-08-02,52.977
P00239,2026-09-01,52.907
P00240,2026-04-04,43.073
P00240,2026-05-04,50.099
P00240,2026-06-03,57.705
P00240,2026-07-03,56.654
P00240,2026-08-02,47.262
P00240,2026-09-01,57.291
P00241,2026-04-04,62.455
P00241,2026-05-04,55.056
P00241,2026-06-03,45.266
P00241,2026-07-03,49.97
P00241,2026-08-02,65.694
P00241,2026-09-01,54.311
P00242,2026-04-04,60.741
P00242,2026-05-04,64.389
P00242,2026-06-03,64.486
P00242,2026-07-03,56.571
P00242,2026-08-02,71.448
P00242,2026-09-01,71.859
P00243,2026-04-04,32.719
P00243,2026-05-04,49.629
P00243,2026-06-03,45.79
P00243,2026-07-03,46.016
P00243,2026-08-02,43.924
P00243,2026-09-01,50.209
P00244,2026-04-04,49.113
P00244,2026-05-04,70.565
P00244,2026-06-03,75.586
P00244,2026-07-03,71.991
P00244,2026-08-02,64.082
P00244,2026-09-01,60.811
P00245,2026-04-04,49.824
P00245,2026-05-04,49.261
P00245,2026-06-03,50.581
P00245,2026-07-03,54.541
P00245,2026-08-02,46.141
P00245,2026-09-01,48.327
P00246,2026-04-04,59.766
P00246,2026-05-04,64.517
P00246,2026-06-03,47.001
P00246,2026-07-03,50.289
P00246,2026-08-02,67.588
P00246,2026-09-01,59.973
P00247,2026-04-04,46.238
P00247,2026-05-04,50.967
P00247,2026-06-03,80.436
P00247,2026-07-03,61.784
P00247,2026-08-02,61.541
P00247,2026-09-01,58.164
P00248,2026-04-04,33.52
P00248,2026-05-04,41.018
P00248,2026-06-03,50.489
P00248,2026-07-03,35.217
P00248,2026-08-02,42.68
P00248,2026-09-01,56.306
P00249,2026-04-04,60.859
P00249,2026-05-04,54.715
P00249,2026-06-03,66.261
P00249,2026-07-03,64.034
P00249,2026-08-02,69.07
P00249,2026-09-01,68.449
P00250,2026-04-04,61.389
P00250,2026-05-04,73.06
P00250,2026-06-03,76.67
P00250,2026-07-03,75.133
P00250,2026-08-02,77.652
P00250,2026-09-01,67.255
P00251,2026-04-04,63.417
P00251,2026-05-04,62.535
P00251,2026-06-03,55.934
P00251,2026-07-03,63.938
P00251,2026-08-02,74.096
P00251,2026-09-01,57.99
P00252,2026-04-04,37.38
P00252,2026-05-04,49.187
P00252,2026-06-03,48.938
P00252,2026-07-03,34.577
P00252,2026-08-02,30.364
P00252,2026-09-01,36.602
P00253,2026-04-04,30.65
P00253,2026-05-04,35.7
P00253,2026-06-03,37.453
P00253,2026-07-03,50.26
P00253,2026-08-02,38.581
P00253,2026-09-01,39.473
P00254,2026-04-04,80.064
P00254,2026-05-04,75.316
P00254,2026-06-03,75.541
P00254,2026-07-03,81.14
P00254,2026-08-02,69.662
P00254,2026-09-01,82.118
P00255,2026-04-04,43.544
P00255,2026-05-04,54.304
P00255,2026-06-03,61.527
P00255,2026-07-03,50.982
P00255,2026-08-02,42.181
P00255,2026-09-01,51.424
P00256,2026-04-04,45.202
P00256,2026-05-04,36.736
P00256,2026-06-03,47.274
P00256,2026-07-03,41.554
P00256,2026-08-02,48.516
P00256,2026-09-01,52.486
P00257,2026-04-04,23.662
P00257,2026-05-04,25.752
P00257,2026-06-03,24.576
P00257,2026-07-03,30.981
P00257,2026-08-02,26.913
P00257,2026-09-01,38.217
P00258,2026-04-04,46.429
P00258,2026-05-04,40.285
P00258,2026-06-03,57.16
P00258,2026-07-03,56.238
P00258,2026-08-02,55.806
P00258,2026-09-01,49.964
P00259,2026-04-04,41.501
P00259,2026-05-04,38.856
P00259,2026-06-03,39.241
P00259,2026-07-03,35.745
P00259,2026-08-02,43.282
P00259,2026-09-01,48.687
P00260,2026-04-04,47.097
P00260,2026-05-04,58.904
P00260,2026-06-03,70.236
P00260,2026-07-03,65.579
P00260,2026-08-02,63.996
P00260,2026-09-01,64.89
P00261,2026-04-04,50.128
P00261,2026-05-04,61.572
P00261,2026-06-03,57.918
P00261,2026-07-03,62.445
P00261,2026-08-02,60.065
P00261,2026-09-01,74.175
P00262,2026-04-04,52.979
P00262,2026-05-04,48.358
P00262,2026-06-03,51.34
P00262,2026-07-03,63.692
P00262,2026-08-02,50.347
P00262,2026-09-01,53.457
P00263,2026-04-04,56.968
P00263,2026-05-04,50.409
P00263,2026-06-03,52.178
P00263,2026-07-03,60.787
P00263,2026-08-02,60.522
P00263,2026-09-01,51.017
P00264,2026-04-04,52.663
P00264,2026-05-04,51.585
P00264,2026-06-03,57.555
P00264,2026-07-03,58.254
P00264,2026-08-02,54.834
P00264,2026-09-01,57.661
P00265,2026-04-04,74.449
P00265,2026-05-04,84.696
P00265,2026-06-03,72.014
P00265,2026-07-03,87.591
P00265,2026-08-02,87.173
P00265,2026-09-01,76.012
P00266,2026-04-04,49.264
P00266,2026-05-04,45.125
P00266,2026-06-03,53.512
P00266,2026-07-03,49.878
P00266,2026-08-02,50.346
P00266,2026-09-01,47.443
P00267,2026-04-04,44.653
P00267,2026-05-04,44.88
P00267,2026-06-03,36.776
P00267,2026-07-03,50.964
P00267,2026-08-02,39.432
P00267,2026-09-01,49.949
P00268,2026-04-04,71.187
P00268,2026-05-04,75.425
P00268,2026-06-03,64.379
P00268,2026-07-03,70.311
P00268,2026-08-02,78.134
P00268,2026-09-01,72.846
P00269,2026-04-04,33.699
P00269,2026-05-04,38.44
P00269,2026-06-03,36.716
P00269,2026-07-03,32.942
P00269,2026-08-02,34.566
P00269,2026-09-01,26.86
P00270,2026-04-04,58.452
P00270,2026-05-04,49.698
P00270,2026-06-03,69.651
P00270,2026-07-03,60.811
P00270,2026-08-02,54.991
P00270,2026-09-01,72.625
P00271,2026-04-04,50.331
P00271,2026-05-04,63.429
P00271,2026-06-03,52.319
P00271,2026-07-03,47.838
P00271,2026-08-02,55.782
P00271,2026-09-01,48.255
P00272,2026-04-04,15.471
P00272,2026-05-04,20.28
P00272,2026-06-03,29.739
P00272,2026-07-03,28.903
P00272,2026-08-02,27.464
P00272,2026-09-01,27.289
P00273,2026-04-04,55.226
P00273,2026-05-04,68.469
P00273,2026-06-03,61.168
P00273,2026-07-03,58.088
P00273,2026-08-02,57.021
P00273,2026-09-01,50.506
P00274,2026-04-04,43.341
P00274,2026-05-04,62.093
P00274,2026-06-03,46.035
P00274,2026-07-03,42.409
P00274,2026-08-02,40.53
P00274,2026-09-01,45.378
P00275,2026-04-04,30.945
P00275,2026-05-04,33.404
P00275,2026-06-03,32.531
P00275,2026-07-03,32.214
P00275,2026-08-02,47.773
P00275,2026-09-01,48.655
P00276,2026-04-04,74.957
P00276,2026-05-04,69.518
P00276,2026-06-03,80.208
P00276,2026-07-03,60.652
P00276,2026-08-02,73.871
P00276,2026-09-01,74.671
P00277,2026-04-04,76.164
P00277,2026-05-04,72.86
P00277,2026-06-03,59.821
P00277,2026-07-03,65.055
P00277,2026-08-02,61.619
P00277,2026-09-01,55.113
P00278,2026-04-04,37.395
P00278,2026-05-04,29.221
P00278,2026-06-03,27.39
P00278,2026-07-03,33.223
P00278,2026-08-02,14.564
P00278,2026-09-01,29.749
P00279,2026-04-04,39.449
P00279,2026-05-04,25.502
P00279,2026-06-03,43.646
P00279,2026-07-03,46.523
P00279,2026-08-02,52.158
P00279,2026-09-01,45.523
P00280,2026-04-04,58.901
P00280,2026-05-04,63.349
P00280,2026-06-03,72.475
P00280,2026-07-03,68.074
P00280,2026-08-02,67.031
P00280,2026-09-01,69.729
P00281,2026-04-04,72.516
P00281,2026-05-04,53.535
P00281,2026-06-03,79.599
P00281,2026-07-03,71.405
P00281,2026-08-02,72.037
P00281,2026-09-01,77.677
P00282,2026-04-04,35.644
P00282,2026-05-04,36.916
P00282,2026-06-03,30.033
P00282,2026-07-03,34.276
P00282,2026-08-02,38.667
P00282,2026-09-01,33.04
P00283,2026-04-04,58.747
P00283,2026-05-04,57.034
P00283,2026-06-03,59.663
P00283,2026-07-03,53.642
P00283,2026-08-02,50.392
P00283,2026-09-01,65.238
P00284,2026-04-04,43.616
P00284,2026-05-04,37.903
P00284,2026-06-03,28.385
P00284,2026-07-03,37.021
P00284,2026-08-02,45.22
P00284,2026-09-01,43.703
P00285,2026-04-04,38.299
P00285,2026-05-04,27.802
P00285,2026-06-03,34.6
P00285,2026-07-03,43.754
P00285,2026-08-02,34.907
P00285,2026-09-01,35.678
P00286,2026-04-04,33.246
P00286,2026-05-04,39.763
P00286,2026-06-03,42.456
P00286,2026-07-03,36.577
P00286,2026-08-02,37.523
P00286,2026-09-01,42.098
P00287,2026-04-04,35.899
P00287,2026-05-04,33.639
P00287,2026-06-03,26.761
P00287,2026-07-03,32.926
P00287,2026-08-02,35.807
P00287,2026-09-01,46.715
P00288,2026-04-04,47.52
P00288,2026-05-04,58.675
P00288,2026-06-03,66.038
P00288,2026-07-03,64.332
P00288,2026-08-02,53.693
P00288,2026-09-01,56.313
P00289,2026-04-04,57.57
P00289,2026-05-04,71.614
P00289,2026-06-03,72.333
P00289,2026-07-03,80.267
P00289,2026-08-02,63.669
P00289,2026-09-01,61.498
P00290,2026-04-04,69.814
P00290,2026-05-04,72.98
P00290,2026-06-03,66.372
P00290,2026-07-03,67.208
P00290,2026-08-02,61.083
P00290,2026-09-01,77.885
P00291,2026-04-04,61.775
P00291,2026-05-04,50.397
P00291,2026-06-03,76.098
P00291,2026-07-03,64.133
P00291,2026-08-02,60.372
P00291,2026-09-01,72.493
P00292,2026-04-04,62.871
P00292,2026-05-04,63.817
P00292,2026-06-03,60.136
P00292,2026-07-03,75.794
P00292,2026-08-02,66.187
P00292,2026-09-01,65.027
P00293,2026-04-04,63.288
P00293,2026-05-04,57.698
P00293,2026-06-03,48.829
P00293,2026-07-03,61.753
P00293,2026-08-02,54.721
P00293,2026-09-01,45.454
P00294,2026-04-04,71.404
P00294,2026-05-04,68.668
P00294,2026-06-03,74.706
P00294,2026-07-03,69.992
P00294,2026-08-02,79.331
P00294,2026-09-01,78.119
P00295,2026-04-04,35.008
P00295,2026-05-04,50.033
P00295,2026-06-03,41.204
P00295,2026-07-03,36.132
P00295,2026-08-02,42.016
P00295,2026-09-01,41.519
P00296,2026-04-04,57.502
P00296,2026-05-04,54.462
P00296,2026-06-03,44.118
P00296,2026-07-03,46.603
P00296,2026-08-02,62.399
P00296,2026-09-01,49.721
P00297,2026-04-04,63.075
P00297,2026-05-04,69.843
P00297,2026-06-03,62.714
P00297,2026-07-03,68.904
P00297,2026-08-02,80.428
P00297,2026-09-01,69.276
P00298,2026-04-04,36.31
P00298,2026-05-04,37.96
P00298,2026-06-03,41.12
P00298,2026-07-03,53.532
P00298,2026-08-02,42.58
P00298,2026-09-01,36.382
P00299,2026-04-04,64.969
P00299,2026-05-04,54.972
P00299,2026-06-03,80.123
P00299,2026-07-03,71.211
P00299,2026-08-02,65.429
P00299,2026-09-01,70.184
P00300,2026-04-04,58.64
P00300,2026-05-04,50.262
P00300,2026-06-03,50.582
P00300,2026-07-03,50.173
P00300,2026-08-02,56.609
P00300,2026-09-01,46.303
P00301,2026-04-04,28.879
P00301,2026-05-04,32.861
P00301,2026-06-03,42.209
P00301,2026-07-03,40.948
P00301,2026-08-02,26.143
P00301,2026-09-01,30.26
P00302,2026-04-04,45.267
P00302,2026-05-04,37.813
P00302,2026-06-03,44.974
P00302,2026-07-03,58.026
P00302,2026-08-02,39.163
P00302,2026-09-01,51.895
P00303,2026-04-04,69.356
P00303,2026-05-04,56.514
P00303,2026-06-03,57.912
P00303,2026-07-03,66.952
P00303,2026-08-02,50.457
P00303,2026-09-01,63.985
P00304,2026-04-04,63.213
P00304,2026-05-04,84.945
P00304,2026-06-03,80.602
P00304,2026-07-03,89.324
P00304,2026-08-02,81.012
P00304,2026-09-01,77.232
P00305,2026-04-04,51.768
P00305,2026-05-04,64.482
P00305,2026-06-03,54.701
P00305,2026-07-03,52.906
P00305,2026-08-02,54.562
P00305,2026-09-01,50.076
P00306,2026-04-04,49.974
P00306,2026-05-04,42.922
P00306,2026-06-03,68.722
P00306,2026-07-03,62.256
P00306,2026-08-02,50.708
P00306,2026-09-01,45.843
P00307,2026-04-04,60.932
P00307,2026-05-04,55.023
P00307,2026-06-03,56.036
P00307,2026-07-03,68.728
P00307,2026-08-02,44.668
P00307,2026-09-01,55.685
P00308,2026-04-04,41.704
P00308,2026-05-04,35.166
P00308,2026-06-03,46.606
P00308,2026-07-03,40.122
P00308,2026-08-02,39.916
P00308,2026-09-01,41.362
P00309,2026-04-04,44.826
P00309,2026-05-04,59.012
P00309,2026-06-03,51.702
P00309,2026-07-03,67.511
P00309,2026-08-02,75.854
P00309,2026-09-01,71.82
P00310,2026-04-04,31.983
P00310,2026-05-04,32.729
P00310,2026-06-03,28.095
P00310,2026-07-03,50.058
P00310,2026-08-02,39.633
P00310,2026-09-01,46.553
P00311,2026-04-04,61.124
P00311,2026-05-04,72.241
P00311,2026-06-03,76.092
P00311,2026-07-03,56.53
P00311,2026-08-02,76.488
P00311,2026-09-01,77.034
P00312,2026-04-04,57.256
P00312,2026-05-04,70.57
P00312,2026-06-03,66.187
P00312,2026-07-03,62.186
P00312,2026-08-02,75.278
P00312,2026-09-01,68.498
P00313,2026-04-04,63.709
P00313,2026-05-04,70.205
P00313,2026-06-03,77.734
P00313,2026-07-03,57.066
P00313,2026-08-02,63.174
P00313,2026-09-01,58.245
P00314,2026-04-04,35.641
P00314,2026-05-04,44.153
P00314,2026-06-03,47.992
P00314,2026-07-03,47.089
P00314,2026-08-02,56.898
P00314,2026-09-01,56.722
P00315,2026-04-04,59.304
P00315,2026-05-04,70.553
P00315,2026-06-03,62.674
P00315,2026-07-03,55.988
P00315,2026-08-02,53.343
P00315,2026-09-01,58.09
P00316,2026-04-04,24.332
P00316,2026-05-04,15.2
P00316,2026-06-03,29.035
P00316,2026-07-03,40.017
P00316,2026-08-02,18.781
P00316,2026-09-01,35.308
P00317,2026-04-04,63.796
P00317,2026-05-04,63.945
P00317,2026-06-03,52.499
P00317,2026-07-03,68.442
P00317,2026-08-02,78.122
P00317,2026-09-01,75.649
P00318,2026-04-04,41.008
P00318,2026-05-04,29.529
P00318,2026-06-03,29.66
P00318,2026-07-03,34.575
P00318,2026-08-02,41.604
P00318,2026-09-01,37.977
P00319,2026-04-04,50.006
P00319,2026-05-04,50.719
P00319,2026-06-03,52.668
P00319,2026-07-03,46.7
P00319,2026-08-02,46.093
P00319,2026-09-01,44.673
P00320,2026-04-04,83.073
P00320,2026-05-04,70.109
P00320,2026-06-03,81.703
P00320,2026-07-03,70.564
P00320,2026-08-02,69.972
P00320,2026-09-01,77.176
P00321,2026-04-04,28.303
P00321,2026-05-04,44.506
P00321,2026-06-03,43.899
P00321,2026-07-03,43.347
P00321,2026-08-02,46.545
P00321,2026-09-01,47.569
P00322,2026-04-04,42.144
P00322,2026-05-04,31.737
P00322,2026-06-03,42.536
P00322,2026-07-03,31.79
P00322,2026-08-02,43.64
P00322,2026-09-01,43.045
P00323,2026-04-04,36.145
P00323,2026-05-04,42.113
P00323,2026-06-03,39.069
P00323,2026-07-03,39.687
P00323,2026-08-02,42.738
P00323,2026-09-01,40.721
P00324,2026-04-04,55.947
P00324,2026-05-04,57.746
P00324,2026-06-03,55.14
P00324,2026-07-03,58.634
P00324,2026-08-02,54.667
P00324,2026-09-01,52.719
P00325,2026-04-04,48.299
P00325,2026-05-04,53.682
P00325,2026-06-03,41.725
P00325,2026-07-03,51.625
P00325,2026-08-02,43.673
P00325,2026-09-01,43.906
P00326,2026-04-04,82.407
P00326,2026-05-04,79.718
P00326,2026-06-03,76.38
P00326,2026-07-03,55.568
P00326,2026-08-02,77.318
P00326,2026-09-01,65.723
P00327,2026-04-04,38.56
P00327,2026-05-04,40.619
P00327,2026-06-03,39.109
P00327,2026-07-03,48.314
P00327,2026-08-02,53.026
P00327,2026-09-01,41.355
P00328,2026-04-04,59.707
P00328,2026-05-04,60.849
P00328,2026-06-03,61.136
P00328,2026-07-03,66.047
P00328,2026-08-02,68.652
P00328,2026-09-01,65.289
P00329,2026-04-04,66.234
P00329,2026-05-04,66.595
P00329,2026-06-03,65.447
P00329,2026-07-03,79.467
P00329,2026-08-02,65.334
P00329,2026-09-01,71.188
P00330,2026-04-04,67.173
P00330,2026-05-04,67.086
P00330,2026-06-03,48.647
P00330,2026-07-03,48.951
P00330,2026-08-02,54.339
P00330,2026-09-01,58.141
P00331,2026-04-04,32.079
P00331,2026-05-04,15.221
P00331,2026-06-03,27.003
P00331,2026-07-03,18.638
P00331,2026-08-02,25.903
P00331,2026-09-01,32.423
P00332,2026-04-04,63.623
P00332,2026-05-04,53.78
P00332,2026-06-03,58.808
P00332,2026-07-03,67.827
P00332,2026-08-02,58.184
P00332,2026-09-01,59.097
P00333,2026-04-04,39.516
P00333,2026-05-04,48.247
P00333,2026-06-03,43.241
P00333,2026-07-03,33.387
P00333,2026-08-02,50.562
P00333,2026-09-01,47.949
P00334,2026-04-04,48.97
P00334,2026-05-04,59.156
P00334,2026-06-03,55.076
P00334,2026-07-03,50.264
P00334,2026-08-02,54.474
P00334,2026-09-01,66.07
P00335,2026-04-04,52.23
P00335,2026-05-04,55.112
P00335,2026-06-03,65.391
P00335,2026-07-03,50.06
P00335,2026-08-02,51.157
P00335,2026-09-01,56.473
P00336,2026-04-04,39.874
P00336,2026-05-04,36.235
P00336,2026-06-03,33.615
P00336,2026-07-03,31.519
P00336,2026-08-02,34.448
P00336,2026-09-01,37.869
P00337,2026-04-04,50.67
P00337,2026-05-04,46.649
P00337,2026-06-03,40.21
P00337,2026-07-03,28.469
P00337,2026-08-02,49.668
P00337,2026-09-01,35.274
P00338,2026-04-04,56.472
P00338,2026-05-04,28.931
P00338,2026-06-03,37.292
P00338,2026-07-03,39.1
P00338,2026-08-02,42.285
P00338,2026-09-01,35.182
P00339,2026-04-04,50.811
P00339,2026-05-04,56.104
P00339,2026-06-03,54.016
P00339,2026-07-03,46.957
P00339,2026-08-02,50.938
P00339,2026-09-01,56.265
P00340,2026-04-04,46.482
P00340,2026-05-04,50.525
P00340,2026-06-03,49.784
P00340,2026-07-03,38.565
P00340,2026-08-02,38.841
P00340,2026-09-01,45.626
P00341,2026-04-04,32.453
P00341,2026-05-04,24.479
P00341,2026-06-03,25.099
P00341,2026-07-03,42.272
P00341,2026-08-02,27.802
P00341,2026-09-01,30.867
P00342,2026-04-04,47.352
P00342,2026-05-04,49.424
P00342,2026-06-03,51.645
P00342,2026-07-03,61.522
P00342,2026-08-02,51.757
P00342,2026-09-01,46.264
P00343,2026-04-04,34.399
P00343,2026-05-04,29.771
P00343,2026-06-03,26.322
P00343,2026-07-03,28.685
P00343,2026-08-02,36.937
P00343,2026-09-01,43.976
P00344,2026-04-04,68.384
P00344,2026-05-04,72.15
P00344,2026-06-03,67.929
P00344,2026-07-03,66.568
P00344,2026-08-02,69.857
P00344,2026-09-01,72.597
P00345,2026-04-04,53.914
P00345,2026-05-04,61.695
P00345,2026-06-03,60.311
P00345,2026-07-03,58.946
P00345,2026-08-02,54.944
P00345,2026-09-01,53.775
P00346,2026-04-04,28.741
P00346,2026-05-04,32.32
P00346,2026-06-03,32.249
P00346,2026-07-03,32.106
P00346,2026-08-02,39.626
P00346,2026-09-01,32.535
P00347,2026-04-04,42.829
P00347,2026-05-04,31.408
P00347,2026-06-03,30.45
P00347,2026-07-03,49.755
P00347,2026-08-02,41.373
P00347,2026-09-01,41.149
P00348,2026-04-04,39.591
P00348,2026-05-04,42.724
P00348,2026-06-03,39.339
P00348,2026-07-03,59.018
P00348,2026-08-02,43.741
P00348,2026-09-01,53.227
P00349,2026-04-04,88.458
P00349,2026-05-04,78.092
P00349,2026-06-03,75.437
P00349,2026-07-03,59.014
P00349,2026-08-02,72.608
P00349,2026-09-01,71.516
P00350,2026-04-04,53.335
P00350,2026-05-04,47.552
P00350,2026-06-03,62.754
P00350,2026-07-03,65.393
P00350,2026-08-02,60.125
P00350,2026-09-01,66.597
P00351,2026-04-04,40.572
P00351,2026-05-04,48.483
P00351,2026-06-03,38.519
P00351,2026-07-03,31.271
P00351,2026-08-02,54.399
P00351,2026-09-01,48.748
P00352,2026-04-04,65.494
P00352,2026-05-04,58.477
P00352,2026-06-03,72.635
P00352,2026-07-03,72.881
P00352,2026-08-02,80.41
P00352,2026-09-01,60.231
P00353,2026-04-04,43.039
P00353,2026-05-04,44.016
P00353,2026-06-03,58.737
P00353,2026-07-03,45.216
P00353,2026-08-02,48.218
P00353,2026-09-01,51.251
P00354,2026-04-04,35.711
P00354,2026-05-04,46.84
P00354,2026-06-03,48.929
P00354,2026-07-03,51.014
P00354,2026-08-02,34.037
P00354,2026-09-01,56.187
P00355,2026-04-04,50.193
P00355,2026-05-04,54.399
P00355,2026-06-03,58.287
P00355,2026-07-03,69.383
P00355,2026-08-02,71.676
P00355,2026-09-01,69.334
P00356,2026-04-04,55.488
P00356,2026-05-04,65.248
P00356,2026-06-03,46.182
P00356,2026-07-03,45.951
P00356,2026-08-02,44.476
P00356,2026-09-01,50.174
P00357,2026-04-04,46.848
P00357,2026-05-04,46.308
P00357,2026-06-03,36.769
P00357,2026-07-03,45.732
P00357,2026-08-02,36.659
P00357,2026-09-01,44.005
P00358,2026-04-04,54.417
P00358,2026-05-04,54.537
P00358,2026-06-03,46.922
P00358,2026-07-03,49.929
P00358,2026-08-02,67.34
P00358,2026-09-01,62.857
P00359,2026-04-04,33.434
P00359,2026-05-04,33.783
P00359,2026-06-03,39.674
P00359,2026-07-03,54.167
P00359,2026-08-02,33.839
P00359,2026-09-01,38.683
P00360,2026-04-04,46.891
P00360,2026-05-04,34.199
P00360,2026-06-03,40.563
P00360,2026-07-03,31.823
P00360,2026-08-02,53.304
P00360,2026-09-01,46.641
P00361,2026-04-04,66.516
P00361,2026-05-04,68.254
P00361,2026-06-03,71.088
P00361,2026-07-03,61.11
P00361,2026-08-02,57.985
P00361,2026-09-01,64.292
P00362,2026-04-04,30.444
P00362,2026-05-04,39.545
P00362,2026-06-03,49.811
P00362,2026-07-03,35.446
P00362,2026-08-02,39.348
P00362,2026-09-01,30.588
P00363,2026-04-04,52.07
P00363,2026-05-04,42.992
P00363,2026-06-03,46.89
P00363,2026-07-03,58.939
P00363,2026-08-02,60.48
P00363,2026-09-01,54.02
P00364,2026-04-04,61.693
P00364,2026-05-04,61.0
P00364,2026-06-03,51.071
P00364,2026-07-03,63.354
P00364,2026-08-02,79.154
P00364,2026-09-01,73.675
P00365,2026-04-04,59.555
P00365,2026-05-04,57.636
P00365,2026-06-03,49.842
P00365,2026-07-03,57.086
P00365,2026-08-02,62.619
P00365,2026-09-01,58.067
P00366,2026-04-04,33.91
P00366,2026-05-04,22.981
P00366,2026-06-03,40.771
P00366,2026-07-03,34.362
P00366,2026-08-02,38.631
P00366,2026-09-01,44.327
P00367,2026-04-04,69.934
P00367,2026-05-04,57.253
P00367,2026-06-03,72.556
P00367,2026-07-03,72.368
P00367,2026-08-02,72.451
P00367,2026-09-01,74.367
P00368,2026-04-04,37.591
P00368,2026-05-04,44.728
P00368,2026-06-03,50.906
P00368,2026-07-03,54.324
P00368,2026-08-02,61.357
P00368,2026-09-01,55.524
P00369,2026-04-04,13.866
P00369,2026-05-04,18.327
P00369,2026-06-03,13.059
P00369,2026-07-03,8.426
P00369,2026-08-02,9.022
P00369,2026-09-01,13.947
P00370,2026-04-04,58.53
P00370,2026-05-04,52.884
P00370,2026-06-03,51.86
P00370,2026-07-03,61.824
P00370,2026-08-02,69.05
P00370,2026-09-01,62.386
P00371,2026-04-04,68.526
P00371,2026-05-04,54.433
P00371,2026-06-03,63.611
P00371,2026-07-03,57.897
P00371,2026-08-02,62.196
P00371,2026-09-01,60.857
P00372,2026-04-04,63.271
P00372,2026-05-04,65.903
P00372,2026-06-03,65.089
P00372,2026-07-03,66.344
P00372,2026-08-02,69.0
P00372,2026-09-01,68.682
P00373,2026-04-04,65.475
P00373,2026-05-04,47.496
P00373,2026-06-03,57.955
P00373,2026-07-03,55.804
P00373,2026-08-02,59.561
P00373,2026-09-01,51.924
P00374,2026-04-04,27.933
P00374,2026-05-04,44.149
P00374,2026-06-03,52.913
P00374,2026-07-03,54.305
P00374,2026-08-02,57.802
P00374,2026-09-01,50.084
P00375,2026-04-04,54.359
P00375,2026-05-04,37.616
P00375,2026-06-03,45.972
P00375,2026-07-03,32.978
P00375,2026-08-02,46.201
P00375,2026-09-01,47.844
P00376,2026-04-04,67.521
P00376,2026-05-04,60.798
P00376,2026-06-03,67.951
P00376,2026-07-03,66.42
P00376,2026-08-02,63.061
P00376,2026-09-01,58.557
P00377,2026-04-04,52.918
P00377,2026-05-04,62.998
P00377,2026-06-03,61.09
P00377,2026-07-03,63.827
P00377,2026-08-02,58.808
P00377,2026-09-01,63.61
P00378,2026-04-04,65.832
P00378,2026-05-04,64.046
P00378,2026-06-03,67.107
P00378,2026-07-03,66.501
P00378,2026-08-02,63.085
P00378,2026-09-01,65.393
P00379,2026-04-04,39.696
P00379,2026-05-04,40.772
P00379,2026-06-03,37.856
P00379,2026-07-03,38.303
P00379,2026-08-02,39.656
P00379,2026-09-01,39.935
P00380,2026-04-04,35.062
P00380,2026-05-04,54.563
P00380,2026-06-03,51.011
P00380,2026-07-03,47.707
P00380,2026-08-02,48.347
P00380,2026-09-01,57.16
P00381,2026-04-04,54.984
P00381,2026-05-04,70.822
P00381,2026-06-03,59.391
P00381,2026-07-03,51.114
P00381,2026-08-02,51.382
P00381,2026-09-01,56.509
P00382,2026-04-04,38.214
P00382,2026-05-04,49.967
P00382,2026-06-03,42.508
P00382,2026-07-03,55.497
P00382,2026-08-02,49.263
P00382,2026-09-01,41.752
P00383,2026-04-04,31.979
P00383,2026-05-04,30.405
P00383,2026-06-03,33.463
P00383,2026-07-03,15.444
P00383,2026-08-02,32.151
P00383,2026-09-01,28.539
P00384,2026-04-04,56.971
P00384,2026-05-04,61.433
P00384,2026-06-03,51.493
P00384,2026-07-03,44.102
P00384,2026-08-02,55.304
P00384,2026-09-01,53.281
P00385,2026-04-04,30.914
P00385,2026-05-04,31.359
P00385,2026-06-03,28.746
P00385,2026-07-03,26.405
P00385,2026-08-02,27.419
P00385,2026-09-01,22.233
P00386,2026-04-04,54.316
P00386,2026-05-04,39.518
P00386,2026-06-03,53.491
P00386,2026-07-03,50.99
P00386,2026-08-02,49.524
P00386,2026-09-01,58.233
P00387,2026-04-04,55.844
P00387,2026-05-04,61.676
P00387,2026-06-03,58.534
P00387,2026-07-03,68.098
P00387,2026-08-02,68.599
P00387,2026-09-01,66.132
P00388,2026-04-04,60.749
P00388,2026-05-04,61.032
P00388,2026-06-03,55.758
P00388,2026-07-03,53.083
P00388,2026-08-02,52.188
P00388,2026-09-01,53.967
P00389,2026-04-04,78.83
P00389,2026-05-04,78.403
P00389,2026-06-03,74.837
P00389,2026-07-03,73.866
P00389,2026-08-02,75.275
P00389,2026-09-01,82.481
P00390,2026-04-04,33.271
P00390,2026-05-04,48.459
P00390,2026-06-03,45.761
P00390,2026-07-03,41.586
P00390,2026-08-02,47.994
P00390,2026-09-01,47.067
P00391,2026-04-04,84.383
P00391,2026-05-04,73.891
P00391,2026-06-03,77.666
P00391,2026-07-03,66.18
P00391,2026-08-02,72.289
P00391,2026-09-01,72.533
P00392,2026-04-04,71.969
P00392,2026-05-04,73.421
P00392,2026-06-03,69.052
P00392,2026-07-03,76.064
P00392,2026-08-02,71.721
P00392,2026-09-01,77.234
P00393,2026-04-04,64.711
P00393,2026-05-04,64.53
P00393,2026-06-03,67.66
P00393,2026-07-03,73.837
P00393,2026-08-02,69.235
P00393,2026-09-01,69.624
P00394,2026-04-04,37.774
P00394,2026-05-04,43.313
P00394,2026-06-03,33.779
P00394,2026-07-03,30.421
P00394,2026-08-02,48.135
P00394,2026-09-01,41.312
P00395,2026-04-04,61.425
P00395,2026-05-04,58.797
P00395,2026-06-03,51.686
P00395,2026-07-03,54.914
P00395,2026-08-02,59.961
P00395,2026-09-01,51.508
P00396,2026-04-04,49.325
P00396,2026-05-04,35.782
P00396,2026-06-03,58.125
P00396,2026-07-03,34.534
P00396,2026-08-02,42.763
P00396,2026-09-01,46.905
P00397,2026-04-04,34.179
P00397,2026-05-04,33.698
P00397,2026-06-03,42.709
P00397,2026-07-03,41.924
P00397,2026-08-02,35.735
P00397,2026-09-01,37.794
P00398,2026-04-04,51.941
P00398,2026-05-04,60.177
P00398,2026-06-03,53.057
P00398,2026-07-03,58.551
P00398,2026-08-02,66.609
P00398,2026-09-01,75.164
P00399,2026-04-04,35.045
P00399,2026-05-04,32.897
P00399,2026-06-03,22.002
P00399,2026-07-03,33.272
P00399,2026-08-02,32.385
P00399,2026-09-01,26.937
P00400,2026-04-04,59.589
P00400,2026-05-04,76.363
P00400,2026-06-03,76.534
P00400,2026-07-03,80.697
P00400,2026-08-02,81.75
P00400,2026-09-01,72.428
P00401,2026-04-04,48.8
P00401,2026-05-04,50.391
P00401,2026-06-03,49.691
P00401,2026-07-03,45.712
P00401,2026-08-02,30.904
P00401,2026-09-01,39.848
P00402,2026-04-04,43.299
P00402,2026-05-04,46.095
P00402,2026-06-03,48.499
P00402,2026-07-03,57.05
P00402,2026-08-02,54.404
P00402,2026-09-01,55.027
P00403,2026-04-04,70.515
P00403,2026-05-04,63.311
P00403,2026-06-03,71.878
P00403,2026-07-03,65.054
P00403,2026-08-02,82.753
P00403,2026-09-01,81.93
P00404,2026-04-04,46.212
P00404,2026-05-04,57.524
P00404,2026-06-03,52.55
P00404,2026-07-03,45.709
P00404,2026-08-02,61.542
P00404,2026-09-01,59.838
P00405,2026-04-04,63.604
P00405,2026-05-04,49.829
P00405,2026-06-03,48.215
P00405,2026-07-03,47.467
P00405,2026-08-02,51.814
P00405,2026-09-01,46.143
P00406,2026-04-04,40.687
P00406,2026-05-04,59.036
P00406,2026-06-03,64.058
P00406,2026-07-03,58.743
P00406,2026-08-02,62.471
P00406,2026-09-01,63.089
P00407,2026-04-04,77.669
P00407,2026-05-04,58.429
P00407,2026-06-03,82.804
P00407,2026-07-03,64.626
P00407,2026-08-02,84.701
P00407,2026-09-01,61.336
P00408,2026-04-04,50.097
P00408,2026-05-04,41.696
P00408,2026-06-03,50.405
P00408,2026-07-03,54.236
P00408,2026-08-02,58.643
P00408,2026-09-01,60.522
P00409,2026-04-04,56.161
P00409,2026-05-04,51.497
P00409,2026-06-03,57.852
P00409,2026-07-03,58.786
P00409,2026-08-02,64.624
P00409,2026-09-01,64.107
P00410,2026-04-04,69.835
P00410,2026-05-04,56.967
P00410,2026-06-03,64.419
P00410,2026-07-03,50.572
P00410,2026-08-02,64.488
P00410,2026-09-01,63.238
P00411,2026-04-04,40.109
P00411,2026-05-04,43.519
P00411,2026-06-03,48.933
P00411,2026-07-03,50.669
P00411,2026-08-02,44.3
P00411,2026-09-01,54.248
P00412,2026-04-04,59.737
P00412,2026-05-04,42.415
P00412,2026-06-03,59.304
P00412,2026-07-03,60.139
P00412,2026-08-02,51.465
P00412,2026-09-01,64.255
P00413,2026-04-04,62.599
P00413,2026-05-04,64.924
P00413,2026-06-03,46.337
P00413,2026-07-03,58.352
P00413,2026-08-02,50.314
P00413,2026-09-01,59.427
P00414,2026-04-04,51.435
P00414,2026-05-04,48.576
P00414,2026-06-03,57.435
P00414,2026-07-03,58.63
P00414,2026-08-02,81.876
P00414,2026-09-01,66.943
P00415,2026-04-04,38.353
P00415,2026-05-04,48.122
P00415,2026-06-03,51.348
P00415,2026-07-03,44.863
P00415,2026-08-02,48.024
P00415,2026-09-01,52.619
P00416,2026-04-04,45.149
P00416,2026-05-04,59.153
P00416,2026-06-03,64.671
P00416,2026-07-03,43.059
P00416,2026-08-02,50.366
P00416,2026-09-01,48.709
P00417,2026-04-04,65.175
P00417,2026-05-04,65.888
P00417,2026-06-03,61.413
P00417,2026-07-03,55.216
P00417,2026-08-02,48.973
P00417,2026-09-01,50.909
P00418,2026-04-04,36.249
P00418,2026-05-04,44.543
P00418,2026-06-03,41.042
P00418,2026-07-03,52.992
P00418,2026-08-02,50.151
P00418,2026-09-01,42.393
P00419,2026-04-04,76.1
P00419,2026-05-04,67.224
P00419,2026-06-03,63.791
P00419,2026-07-03,68.577
P00419,2026-08-02,70.283
P00419,2026-09-01,68.328
P00420,2026-04-04,61.9
P00420,2026-05-04,54.184
P00420,2026-06-03,68.224
P00420,2026-07-03,62.444
P00420,2026-08-02,69.954
P00420,2026-09-01,62.554
P00421,2026-04-04,63.786
P00421,2026-05-04,67.278
P00421,2026-06-03,70.687
P00421,2026-07-03,65.236
P00421,2026-08-02,49.667
P00421,2026-09-01,68.016
P00422,2026-04-04,52.247
P00422,2026-05-04,70.505
P00422,2026-06-03,64.576
P00422,2026-07-03,73.041
P00422,2026-08-02,59.779
P00422,2026-09-01,65.905
P00423,2026-04-04,57.705
P00423,2026-05-04,53.004
P00423,2026-06-03,45.322
P00423,2026-07-03,39.058
P00423,2026-08-02,39.468
P00423,2026-09-01,46.884
P00424,2026-04-04,49.792
P00424,2026-05-04,43.377
P00424,2026-06-03,54.361
P00424,2026-07-03,57.836
P00424,2026-08-02,58.906
P00424,2026-09-01,57.72
P00425,2026-04-04,59.407
P00425,2026-05-04,48.065
P00425,2026-06-03,45.257
P00425,2026-07-03,41.592
P00425,2026-08-02,43.588
P00425,2026-09-01,45.777
P00426,2026-04-04,20.294
P00426,2026-05-04,42.778
P00426,2026-06-03,43.23
P00426,2026-07-03,33.036
P00426,2026-08-02,35.057
P00426,2026-09-01,47.017
P00427,2026-04-04,35.419
P00427,2026-05-04,40.602
P00427,2026-06-03,61.272
P00427,2026-07-03,44.6
P00427,2026-08-02,57.872
P00427,2026-09-01,58.236
P00428,2026-04-04,41.395
P00428,2026-05-04,40.483
P00428,2026-06-03,48.757
P00428,2026-07-03,42.276
P00428,2026-08-02,31.868
P00428,2026-09-01,44.515
P00429,2026-04-04,51.94
P00429,2026-05-04,49.004
P00429,2026-06-03,52.597
P00429,2026-07-03,60.07
P00429,2026-08-02,47.906
P00429,2026-09-01,50.2
P00430,2026-04-04,69.568
P00430,2026-05-04,71.956
P00430,2026-06-03,64.127
P00430,2026-07-03,72.888
P00430,2026-08-02,65.223
P00430,2026-09-01,61.141
P00431,2026-04-04,46.608
P00431,2026-05-04,53.745
P00431,2026-06-03,62.546
P00431,2026-07-03,57.182
P00431,2026-08-02,51.246
P00431,2026-09-01,71.122
P00432,2026-04-04,51.898
P00432,2026-05-04,57.518
P00432,2026-06-03,51.197
P00432,2026-07-03,57.465
P00432,2026-08-02,53.582
P00432,2026-09-01,58.572
P00433,2026-04-04,33.425
P00433,2026-05-04,22.51
P00433,2026-06-03,26.146
P00433,2026-07-03,22.905
P00433,2026-08-02,20.399
P00433,2026-09-01,21.966
P00434,2026-04-04,48.163
P00434,2026-05-04,47.854
P00434,2026-06-03,42.428
P00434,2026-07-03,46.633
P00434,2026-08-02,46.708
P00434,2026-09-01,48.584
P00435,2026-04-04,47.618
P00435,2026-05-04,42.99
P00435,2026-06-03,38.791
P00435,2026-07-03,54.768
P00435,2026-08-02,46.246
P00435,2026-09-01,54.329
P00436,2026-04-04,46.982
P00436,2026-05-04,47.095
P00436,2026-06-03,45.811
P00436,2026-07-03,42.644
P00436,2026-08-02,52.827
P00436,2026-09-01,45.578
P00437,2026-04-04,45.789
P00437,2026-05-04,31.732
P00437,2026-06-03,47.702
P00437,2026-07-03,57.015
P00437,2026-08-02,49.052
P00437,2026-09-01,53.18
P00438,2026-04-04,39.27
P00438,2026-05-04,43.908
P00438,2026-06-03,57.246
P00438,2026-07-03,46.329
P00438,2026-08-02,37.798
P00438,2026-09-01,52.663
P00439,2026-04-04,41.452
P00439,2026-05-04,38.248
P00439,2026-06-03,47.945
P00439,2026-07-03,43.035
P00439,2026-08-02,42.001
P00439,2026-09-01,41.887
P00440,2026-04-04,64.788
P00440,2026-05-04,55.799
P00440,2026-06-03,60.951
P00440,2026-07-03,88.972
P00440,2026-08-02,64.95
P00440,2026-09-01,60.605
P00441,2026-04-04,36.684
P00441,2026-05-04,39.847
P00441,2026-06-03,47.458
P00441,2026-07-03,41.681
P00441,2026-08-02,42.672
P00441,2026-09-01,42.767
P00442,2026-04-04,46.962
P00442,2026-05-04,53.604
P00442,2026-06-03,47.993
P00442,2026-07-03,58.817
P00442,2026-08-02,43.0
P00442,2026-09-01,35.173
P00443,2026-04-04,36.818
P00443,2026-05-04,31.885
P00443,2026-06-03,48.407
P00443,2026-07-03,46.147
P00443,2026-08-02,36.316
P00443,2026-09-01,40.981
P00444,2026-04-04,71.742
P00444,2026-05-04,68.259
P00444,2026-06-03,72.411
P00444,2026-07-03,73.899
P00444,2026-08-02,85.577
P00444,2026-09-01,90.721
P00445,2026-04-04,68.563
P00445,2026-05-04,85.966
P00445,2026-06-03,65.957
P00445,2026-07-03,76.345
P00445,2026-08-02,69.334
P00445,2026-09-01,63.554
P00446,2026-04-04,62.671
P00446,2026-05-04,60.258
P00446,2026-06-03,60.178
P00446,2026-07-03,79.341
P00446,2026-08-02,62.171
P00446,2026-09-01,58.547
P00447,2026-04-04,47.619
P00447,2026-05-04,58.491
P00447,2026-06-03,49.855
P00447,2026-07-03,51.589
P00447,2026-08-02,56.833
P00447,2026-09-01,50.442
P00448,2026-04-04,42.911
P00448,2026-05-04,53.638
P00448,2026-06-03,49.509
P00448,2026-07-03,42.692
P00448,2026-08-02,61.821
P00448,2026-09-01,50.858
P00449,2026-04-04,57.383
P00449,2026-05-04,67.429
P00449,2026-06-03,54.638
P00449,2026-07-03,56.97
P00449,2026-08-02,67.086
P00449,2026-09-01,58.419
P00450,2026-04-04,43.311
P00450,2026-05-04,32.578
P00450,2026-06-03,37.775
P00450,2026-07-03,33.685
P00450,2026-08-02,48.371
P00450,2026-09-01,47.837
P00451,2026-04-04,56.335
P00451,2026-05-04,58.364
P00451,2026-06-03,63.143
P00451,2026-07-03,73.261
P00451,2026-08-02,68.25
P00451,2026-09-01,66.542
P00452,2026-04-04,29.327
P00452,2026-05-04,34.448
P00452,2026-06-03,31.119
P00452,2026-07-03,29.735
P00452,2026-08-02,49.711
P00452,2026-09-01,33.33
P00453,2026-04-04,61.275
P00453,2026-05-04,60.671
P00453,2026-06-03,59.202
P00453,2026-07-03,77.245
P00453,2026-08-02,63.385
P00453,2026-09-01,54.84
P00454,2026-04-04,67.298
P00454,2026-05-04,72.883
P00454,2026-06-03,72.16
P00454,2026-07-03,71.986
P00454,2026-08-02,59.058
P00454,2026-09-01,60.404
P00455,2026-04-04,70.742
P00455,2026-05-04,66.032
P00455,2026-06-03,85.378
P00455,2026-07-03,64.301
P00455,2026-08-02,60.215
P00455,2026-09-01,71.576
P00456,2026-04-04,48.475
P00456,2026-05-04,52.589
P00456,2026-06-03,44.52
P00456,2026-07-03,50.095
P00456,2026-08-02,48.74
P00456,2026-09-01,52.248
P00457,2026-04-04,55.763
P00457,2026-05-04,42.82
P00457,2026-06-03,58.843
P00457,2026-07-03,50.028
P00457,2026-08-02,61.437
P00457,2026-09-01,58.621
P00458,2026-04-04,49.281
P00458,2026-05-04,46.647
P00458,2026-06-03,48.874
P00458,2026-07-03,62.9
P00458,2026-08-02,44.28
P00458,2026-09-01,40.972
P00459,2026-04-04,60.725
P00459,2026-05-04,61.161
P00459,2026-06-03,56.674
P00459,2026-07-03,63.797
P00459,2026-08-02,66.778
P00459,2026-09-01,74.109
P00460,2026-04-04,65.371
P00460,2026-05-04,61.496
P00460,2026-06-03,69.96
P00460,2026-07-03,71.612
P00460,2026-08-02,66.359
P00460,2026-09-01,70.464
P00461,2026-04-04,52.639
P00461,2026-05-04,49.756
P00461,2026-06-03,54.948
P00461,2026-07-03,42.939
P00461,2026-08-02,51.932
P00461,2026-09-01,54.545
P00462,2026-04-04,45.343
P00462,2026-05-04,48.02
P00462,2026-06-03,49.352
P00462,2026-07-03,54.805
P00462,2026-08-02,62.125
P00462,2026-09-01,68.45
P00463,2026-04-04,48.361
P00463,2026-05-04,52.894
P00463,2026-06-03,39.101
P00463,2026-07-03,44.235
P00463,2026-08-02,46.297
P00463,2026-09-01,54.034
P00464,2026-04-04,32.648
P00464,2026-05-04,48.363
P00464,2026-06-03,54.108
P00464,2026-07-03,49.676
P00464,2026-08-02,32.805
P00464,2026-09-01,40.438
P00465,2026-04-04,54.57
P00465,2026-05-04,46.954
P00465,2026-06-03,58.147
P00465,2026-07-03,39.947
P00465,2026-08-02,70.976
P00465,2026-09-01,65.252
P00466,2026-04-04,61.558
P00466,2026-05-04,65.233
P00466,2026-06-03,70.569
P00466,2026-07-03,68.53
P00466,2026-08-02,66.26
P00466,2026-09-01,66.868
P00467,2026-04-04,36.519
P00467,2026-05-04,28.798
P00467,2026-06-03,47.361
P00467,2026-07-03,33.172
P00467,2026-08-02,25.654
P00467,2026-09-01,30.288
P00468,2026-04-04,60.552
P00468,2026-05-04,61.225
P00468,2026-06-03,59.748
P00468,2026-07-03,51.551
P00468,2026-08-02,72.93
P00468,2026-09-01,71.978
P00469,2026-04-04,59.658
P00469,2026-05-04,55.872
P00469,2026-06-03,39.184
P00469,2026-07-03,60.399
P00469,2026-08-02,63.523
P00469,2026-09-01,61.922
P00470,2026-04-04,51.774
P00470,2026-05-04,44.957
P00470,2026-06-03,52.355
P00470,2026-07-03,59.29
P00470,2026-08-02,52.013
P00470,2026-09-01,53.372
P00471,2026-04-04,25.422
P00471,2026-05-04,14.75
P00471,2026-06-03,24.143
P00471,2026-07-03,23.81
P00471,2026-08-02,20.9
P00471,2026-09-01,19.243
P00472,2026-04-04,49.154
P00472,2026-05-04,43.566
P00472,2026-06-03,52.743
P00472,2026-07-03,51.882
P00472,2026-08-02,54.141
P00472,2026-09-01,49.897
P00473,2026-04-04,37.565
P00473,2026-05-04,41.857
P00473,2026-06-03,42.594
P00473,2026-07-03,49.913
P00473,2026-08-02,38.166
P00473,2026-09-01,35.278
P00474,2026-04-04,56.777
P00474,2026-05-04,71.289
P00474,2026-06-03,63.725
P00474,2026-07-03,63.824
P00474,2026-08-02,63.126
P00474,2026-09-01,69.54
P00475,2026-04-04,36.976
P00475,2026-05-04,43.497
P00475,2026-06-03,45.239
P00475,2026-07-03,43.943
P00475,2026-08-02,50.646
P00475,2026-09-01,42.889
P00476,2026-04-04,30.593
P00476,2026-05-04,29.606
P00476,2026-06-03,23.152
P00476,2026-07-03,34.062
P00476,2026-08-02,37.761
P00476,2026-09-01,32.21
P00477,2026-04-04,57.861
P00477,2026-05-04,65.068
P00477,2026-06-03,73.511
P00477,2026-07-03,60.546
P00477,2026-08-02,65.459
P00477,2026-09-01,67.417
P00478,2026-04-04,34.1
P00478,2026-05-04,23.284
P00478,2026-06-03,19.629
P00478,2026-07-03,39.683
P00478,2026-08-02,40.309
P00478,2026-09-01,39.949
P00479,2026-04-04,41.05
P00479,2026-05-04,48.876
P00479,2026-06-03,40.945
P00479,2026-07-03,49.885
P00479,2026-08-02,45.896
P00479,2026-09-01,41.825
P00480,2026-04-04,49.52
P00480,2026-05-04,57.191
P00480,2026-06-03,55.385
P00480,2026-07-03,58.543
P00480,2026-08-02,66.523
P00480,2026-09-01,60.433
P00481,2026-04-04,41.477
P00481,2026-05-04,26.342
P00481,2026-06-03,40.283
P00481,2026-07-03,46.945
P00481,2026-08-02,29.418
P00481,2026-09-01,35.043
P00482,2026-04-04,64.002
P00482,2026-05-04,57.497
P00482,2026-06-03,60.384
P00482,2026-07-03,54.757
P00482,2026-08-02,65.418
P00482,2026-09-01,65.041
P00483,2026-04-04,46.011
P00483,2026-05-04,58.332
P00483,2026-06-03,59.752
P00483,2026-07-03,53.454
P00483,2026-08-02,55.944
P00483,2026-09-01,62.163
P00484,2026-04-04,38.708
P00484,2026-05-04,36.755
P00484,2026-06-03,43.869
P00484,2026-07-03,41.665
P00484,2026-08-02,41.033
P00484,2026-09-01,42.946
P00485,2026-04-04,22.84
P00485,2026-05-04,27.792
P00485,2026-06-03,28.71
P00485,2026-07-03,28.799
P00485,2026-08-02,40.11
P00485,2026-09-01,45.871
P00486,2026-04-04,46.426
P00486,2026-05-04,51.905
P00486,2026-06-03,50.787
P00486,2026-07-03,53.187
P00486,2026-08-02,58.728
P00486,2026-09-01,54.057
P00487,2026-04-04,58.611
P00487,2026-05-04,61.047
P00487,2026-06-03,36.852
P00487,2026-07-03,44.062
P00487,2026-08-02,58.186
P00487,2026-09-01,60.4
P00488,2026-04-04,58.715
P00488,2026-05-04,53.034
P00488,2026-06-03,42.725
P00488,2026-07-03,67.015
P00488,2026-08-02,72.1
P00488,2026-09-01,71.301
P00489,2026-04-04,56.047
P00489,2026-05-04,56.468
P00489,2026-06-03,60.041
P00489,2026-07-03,53.973
P00489,2026-08-02,62.384
P00489,2026-09-01,74.361
P00490,2026-04-04,61.548
P00490,2026-05-04,67.229
P00490,2026-06-03,73.287
P00490,2026-07-03,56.139
P00490,2026-08-02,83.207
P00490,2026-09-01,76.206
P00491,2026-04-04,31.322
P00491,2026-05-04,48.724
P00491,2026-06-03,46.031
P00491,2026-07-03,38.818
P00491,2026-08-02,35.522
P00491,2026-09-01,33.621
P00492,2026-04-04,46.953
P00492,2026-05-04,55.655
P00492,2026-06-03,58.186
P00492,2026-07-03,46.688
P00492,2026-08-02,54.754
P00492,2026-09-01,51.481
P00493,2026-04-04,50.251
P00493,2026-05-04,55.355
P00493,2026-06-03,51.215
P00493,2026-07-03,53.651
P00493,2026-08-02,51.136
P00493,2026-09-01,39.415
P00494,2026-04-04,64.452
P00494,2026-05-04,48.894
P00494,2026-06-03,47.164
P00494,2026-07-03,58.968
P00494,2026-08-02,56.859
P00494,2026-09-01,55.418
P00495,2026-04-04,48.605
P00495,2026-05-04,55.09
P00495,2026-06-03,48.093
P00495,2026-07-03,52.143
P00495,2026-08-02,56.598
P00495,2026-09-01,52.391
P00496,2026-04-04,60.824
P00496,2026-05-04,52.211
P00496,2026-06-03,41.657
P00496,2026-07-03,44.299
P00496,2026-08-02,45.288
P00496,2026-09-01,46.479
P00497,2026-04-04,67.05
P00497,2026-05-04,72.116
P00497,2026-06-03,72.011
P00497,2026-07-03,63.29
P00497,2026-08-02,61.421
P00497,2026-09-01,67.113
P00498,2026-04-04,55.029
P00498,2026-05-04,51.498
P00498,2026-06-03,49.124
P00498,2026-07-03,40.658
P00498,2026-08-02,58.073
P00498,2026-09-01,57.888
P00499,2026-04-04,57.471
P00499,2026-05-04,69.597
P00499,2026-06-03,58.371
P00499,2026-07-03,72.494
P00499,2026-08-02,78.413
P00499,2026-09-01,72.428
P00500,2026-04-04,21.951
P00500,2026-05-04,24.951
P00500,2026-06-03,39.294
P00500,2026-07-03,25.032
P00500,2026-08-02,30.056
P00500,2026-09-01,36.789
P00501,2026-04-04,60.407
P00501,2026-05-04,74.665
P00501,2026-06-03,62.337
P00501,2026-07-03,62.566
P00501,2026-08-02,77.589
P00501,2026-09-01,82.121
P00502,2026-04-04,66.657
P00502,2026-05-04,74.564
P00502,2026-06-03,62.4
P00502,2026-07-03,70.755
P00502,2026-08-02,64.1
P00502,2026-09-01,64.406
P00503,2026-04-04,70.657
P00503,2026-05-04,79.067
P00503,2026-06-03,76.919
P00503,2026-07-03,61.655
P00503,2026-08-02,85.743
P00503,2026-09-01,77.183
P00504,2026-04-04,62.998
P00504,2026-05-04,56.301
P00504,2026-06-03,56.579
P00504,2026-07-03,47.703
P00504,2026-08-02,56.809
P00504,2026-09-01,56.233
P00505,2026-04-04,46.319
P00505,2026-05-04,53.568
P00505,2026-06-03,47.954
P00505,2026-07-03,56.894
P00505,2026-08-02,63.2
P00505,2026-09-01,65.71
P00506,2026-04-04,47.507
P00506,2026-05-04,42.994
P00506,2026-06-03,44.669
P00506,2026-07-03,48.275
P00506,2026-08-02,48.968
P00506,2026-09-01,58.511
P00507,2026-04-04,24.037
P00507,2026-05-04,25.52
P00507,2026-06-03,30.588
P00507,2026-07-03,27.383
P00507,2026-08-02,37.545
P00507,2026-09-01,42.16
P00508,2026-04-04,21.448
P00508,2026-05-04,26.052
P00508,2026-06-03,19.456
P00508,2026-07-03,36.531
P00508,2026-08-02,32.029
P00508,2026-09-01,34.578
P00509,2026-04-04,31.451
P00509,2026-05-04,45.468
P00509,2026-06-03,37.334
P00509,2026-07-03,44.801
P00509,2026-08-02,34.003
P00509,2026-09-01,40.19
P00510,2026-04-04,51.033
P00510,2026-05-04,48.123
P00510,2026-06-03,53.669
P00510,2026-07-03,46.161
P00510,2026-08-02,63.046
P00510,2026-09-01,44.988
P00511,2026-04-04,43.104
P00511,2026-05-04,57.466
P00511,2026-06-03,41.106
P00511,2026-07-03,53.378
P00511,2026-08-02,62.357
P00511,2026-09-01,63.451
P00512,2026-04-04,79.639
P00512,2026-05-04,55.919
P00512,2026-06-03,57.754
P00512,2026-07-03,64.168
P00512,2026-08-02,68.828
P00512,2026-09-01,83.404
P00513,2026-04-04,52.591
P00513,2026-05-04,46.31
P00513,2026-06-03,55.229
P00513,2026-07-03,55.845
P00513,2026-08-02,64.339
P00513,2026-09-01,67.179
P00514,2026-04-04,51.544
P00514,2026-05-04,42.28
P00514,2026-06-03,36.335
P00514,2026-07-03,42.597
P00514,2026-08-02,48.848
P00514,2026-09-01,51.121
P00515,2026-04-04,59.684
P00515,2026-05-04,59.334
P00515,2026-06-03,56.079
P00515,2026-07-03,62.518
P00515,2026-08-02,54.42
P00515,2026-09-01,59.81
P00516,2026-04-04,69.401
P00516,2026-05-04,59.215
P00516,2026-06-03,58.779
P00516,2026-07-03,49.642
P00516,2026-08-02,69.756
P00516,2026-09-01,77.226
P00517,2026-04-04,55.877
P00517,2026-05-04,44.263
P00517,2026-06-03,50.059
P00517,2026-07-03,50.959
P00517,2026-08-02,63.856
P00517,2026-09-01,61.436
P00518,2026-04-04,57.286
P00518,2026-05-04,43.163
P00518,2026-06-03,42.7
P00518,2026-07-03,64.542
P00518,2026-08-02,55.676
P00518,2026-09-01,54.889
P00519,2026-04-04,64.805
P00519,2026-05-04,61.758
P00519,2026-06-03,52.87
P00519,2026-07-03,77.723
P00519,2026-08-02,51.45
P00519,2026-09-01,57.332
P00520,2026-04-04,58.962
P00520,2026-05-04,53.073
P00520,2026-06-03,49.237
P00520,2026-07-03,57.711
P00520,2026-08-02,42.122
P00520,2026-09-01,56.392
P00521,2026-04-04,52.913
P00521,2026-05-04,70.003
P00521,2026-06-03,54.509
P00521,2026-07-03,58.488
P00521,2026-08-02,65.313
P00521,2026-09-01,63.129
P00522,2026-04-04,37.416
P00522,2026-05-04,31.941
P00522,2026-06-03,51.306
P00522,2026-07-03,50.906
P00522,2026-08-02,50.809
P00522,2026-09-01,45.754
P00523,2026-04-04,38.068
P00523,2026-05-04,27.297
P00523,2026-06-03,25.897
P00523,2026-07-03,47.831
P00523,2026-08-02,28.711
P00523,2026-09-01,35.436
P00524,2026-04-04,24.782
P00524,2026-05-04,38.079
P00524,2026-06-03,20.746
P00524,2026-07-03,17.851
P00524,2026-08-02,26.931
P00524,2026-09-01,27.594
P00525,2026-04-04,22.245
P00525,2026-05-04,33.164
P00525,2026-06-03,29.67
P00525,2026-07-03,31.46
P00525,2026-08-02,30.101
P00525,2026-09-01,31.893
P00526,2026-04-04,47.832
P00526,2026-05-04,53.724
P00526,2026-06-03,47.887
P00526,2026-07-03,56.141
P00526,2026-08-02,56.867
P00526,2026-09-01,57.963
P00527,2026-04-04,42.447
P00527,2026-05-04,49.248
P00527,2026-06-03,38.847
P00527,2026-07-03,34.865
P00527,2026-08-02,53.052
P00527,2026-09-01,56.772
P00528,2026-04-04,51.445
P00528,2026-05-04,55.202
P00528,2026-06-03,60.446
P00528,2026-07-03,47.706
P00528,2026-08-02,54.358
P00528,2026-09-01,51.037
P00529,2026-04-04,59.071
P00529,2026-05-04,58.184
P00529,2026-06-03,51.064
P00529,2026-07-03,53.569
P00529,2026-08-02,53.893
P00529,2026-09-01,54.353
P00530,2026-04-04,62.046
P00530,2026-05-04,72.489
P00530,2026-06-03,57.089
P00530,2026-07-03,61.376
P00530,2026-08-02,69.715
P00530,2026-09-01,66.713
P00531,2026-04-04,49.349
P00531,2026-05-04,58.069
P00531,2026-06-03,50.286
P00531,2026-07-03,57.645
P00531,2026-08-02,52.647
P00531,2026-09-01,52.433
P00532,2026-04-04,58.504
P00532,2026-05-04,60.564
P00532,2026-06-03,69.779
P00532,2026-07-03,67.209
P00532,2026-08-02,57.016
P00532,2026-09-01,60.76
P00533,2026-04-04,59.572
P00533,2026-05-04,71.066
P00533,2026-06-03,64.226
P00533,2026-07-03,73.841
P00533,2026-08-02,62.751
P00533,2026-09-01,64.114
P00534,2026-04-04,54.313
P00534,2026-05-04,41.832
P00534,2026-06-03,39.251
P00534,2026-07-03,35.121
P00534,2026-08-02,48.977
P00534,2026-09-01,39.648
P00535,2026-04-04,54.227
P00535,2026-05-04,53.122
P00535,2026-06-03,54.363
P00535,2026-07-03,61.659
P00535,2026-08-02,53.04
P00535,2026-09-01,48.76
P00536,2026-04-04,61.901
P00536,2026-05-04,49.031
P00536,2026-06-03,66.566
P00536,2026-07-03,53.507
P00536,2026-08-02,61.112
P00536,2026-09-01,65.661
P00537,2026-04-04,30.591
P00537,2026-05-04,44.148
P00537,2026-06-03,35.269
P00537,2026-07-03,38.84
P00537,2026-08-02,52.355
P00537,2026-09-01,39.858
P00538,2026-04-04,49.453
P00538,2026-05-04,61.238
P00538,2026-06-03,46.81
P00538,2026-07-03,59.378
P00538,2026-08-02,67.696
P00538,2026-09-01,63.052
P00539,2026-04-04,37.183
P00539,2026-05-04,52.064
P00539,2026-06-03,48.811
P00539,2026-07-03,53.525
P00539,2026-08-02,59.755
P00539,2026-09-01,64.103
P00540,2026-04-04,51.868
P00540,2026-05-04,44.798
P00540,2026-06-03,52.575
P00540,2026-07-03,63.69
P00540,2026-08-02,58.794
P00540,2026-09-01,59.44
P00541,2026-04-04,57.816
P00541,2026-05-04,54.457
P00541,2026-06-03,64.904
P00541,2026-07-03,52.83
P00541,2026-08-02,61.285
P00541,2026-09-01,62.484
P00542,2026-04-04,48.591
P00542,2026-05-04,45.464
P00542,2026-06-03,48.441
P00542,2026-07-03,34.519
P00542,2026-08-02,46.309
P00542,2026-09-01,52.743
P00543,2026-04-04,59.016
P00543,2026-05-04,52.426
P00543,2026-06-03,46.805
P00543,2026-07-03,58.993
P00543,2026-08-02,63.232
P00543,2026-09-01,58.084
P00544,2026-04-04,36.787
P00544,2026-05-04,58.463
P00544,2026-06-03,42.077
P00544,2026-07-03,58.099
P00544,2026-08-02,53.145
P00544,2026-09-01,43.032
P00545,2026-04-04,35.176
P00545,2026-05-04,34.997
P00545,2026-06-03,42.659
P00545,2026-07-03,32.424
P00545,2026-08-02,43.627
P00545,2026-09-01,47.02
P00546,2026-04-04,49.484
P00546,2026-05-04,55.576
P00546,2026-06-03,61.837
P00546,2026-07-03,60.247
P00546,2026-08-02,45.607
P00546,2026-09-01,53.783
P00547,2026-04-04,52.054
P00547,2026-05-04,48.106
P00547,2026-06-03,54.302
P00547,2026-07-03,60.881
P00547,2026-08-02,68.983
P00547,2026-09-01,65.429
P00548,2026-04-04,40.822
P00548,2026-05-04,42.325
P00548,2026-06-03,49.957
P00548,2026-07-03,43.779
P00548,2026-08-02,52.75
P00548,2026-09-01,50.626
P00549,2026-04-04,47.545
P00549,2026-05-04,47.495
P00549,2026-06-03,58.47
P00549,2026-07-03,42.661
P00549,2026-08-02,55.249
P00549,2026-09-01,49.242
P00550,2026-04-04,46.544
P00550,2026-05-04,38.559
P00550,2026-06-03,43.581
P00550,2026-07-03,37.617
P00550,2026-08-02,37.139
P00550,2026-09-01,42.955
P00551,2026-04-04,81.893
P00551,2026-05-04,71.03
P00551,2026-06-03,82.118
P00551,2026-07-03,63.958
P00551,2026-08-02,76.88
P00551,2026-09-01,75.816
P00552,2026-04-04,16.306
P00552,2026-05-04,26.915
P00552,2026-06-03,19.544
P00552,2026-07-03,22.556
P00552,2026-08-02,31.493
P00552,2026-09-01,28.171
P00553,2026-04-04,60.242
P00553,2026-05-04,66.658
P00553,2026-06-03,59.622
P00553,2026-07-03,60.11
P00553,2026-08-02,48.573
P00553,2026-09-01,69.084
P00554,2026-04-04,57.855
P00554,2026-05-04,45.079
P00554,2026-06-03,52.904
P00554,2026-07-03,48.203
P00554,2026-08-02,59.875
P00554,2026-09-01,52.942
P00555,2026-04-04,78.496
P00555,2026-05-04,62.288
P00555,2026-06-03,79.717
P00555,2026-07-03,78.645
P00555,2026-08-02,72.235
P00555,2026-09-01,70.515
P00556,2026-04-04,39.744
P00556,2026-05-04,39.208
P00556,2026-06-03,43.515
P00556,2026-07-03,38.768
P00556,2026-08-02,37.123
P00556,2026-09-01,45.616
P00557,2026-04-04,59.577
P00557,2026-05-04,60.177
P00557,2026-06-03,62.495
P00557,2026-07-03,66.099
P00557,2026-08-02,63.959
P00557,2026-09-01,56.224
P00558,2026-04-04,68.04
P00558,2026-05-04,66.352
P00558,2026-06-03,58.135
P00558,2026-07-03,65.735
P00558,2026-08-02,58.597
P00558,2026-09-01,70.778
P00559,2026-04-04,45.435
P00559,2026-05-04,50.545
P00559,2026-06-03,53.978
P00559,2026-07-03,57.887
P00559,2026-08-02,49.338
P00559,2026-09-01,55.053
P00560,2026-04-04,42.778
P00560,2026-05-04,48.075
P00560,2026-06-03,52.293
P00560,2026-07-03,53.756
P00560,2026-08-02,41.696
P00560,2026-09-01,45.199
P00561,2026-04-04,51.757
P00561,2026-05-04,47.663
P00561,2026-06-03,60.396
P00561,2026-07-03,59.786
P00561,2026-08-02,59.328
P00561,2026-09-01,63.747
P00562,2026-04-04,36.265
P00562,2026-05-04,56.034
P00562,2026-06-03,36.002
P00562,2026-07-03,39.856
P00562,2026-08-02,28.912
P00562,2026-09-01,35.517
P00563,2026-04-04,51.223
P00563,2026-05-04,54.126
P00563,2026-06-03,37.208
P00563,2026-07-03,44.848
P00563,2026-08-02,43.795
P00563,2026-09-01,44.158
P00564,2026-04-04,47.657
P00564,2026-05-04,49.534
P00564,2026-06-03,56.508
P00564,2026-07-03,55.517
P00564,2026-08-02,64.622
P00564,2026-09-01,63.144
P00565,2026-04-04,68.783
P00565,2026-05-04,60.48
P00565,2026-06-03,67.789
P00565,2026-07-03,73.495
P00565,2026-08-02,55.249
P00565,2026-09-01,60.607
P00566,2026-04-04,36.732
P00566,2026-05-04,38.622
P00566,2026-06-03,46.791
P00566,2026-07-03,49.854
P00566,2026-08-02,52.535
P00566,2026-09-01,37.311
P00567,2026-04-04,41.165
P00567,2026-05-04,35.185
P00567,2026-06-03,43.467
P00567,2026-07-03,44.736
P00567,2026-08-02,47.439
P00567,2026-09-01,42.631
P00568,2026-04-04,49.814
P00568,2026-05-04,63.804
P00568,2026-06-03,44.699
P00568,2026-07-03,53.689
P00568,2026-08-02,58.763
P00568,2026-09-01,61.811
P00569,2026-04-04,47.842
P00569,2026-05-04,42.101
P00569,2026-06-03,47.445
P00569,2026-07-03,32.433
P00569,2026-08-02,49.253
P00569,2026-09-01,42.382
P00570,2026-04-04,50.314
P00570,2026-05-04,57.32
P00570,2026-06-03,70.299
P00570,2026-07-03,67.699
P00570,2026-08-02,65.123
P00570,2026-09-01,57.777
P00571,2026-04-04,73.145
P00571,2026-05-04,77.786
P00571,2026-06-03,55.926
P00571,2026-07-03,65.773
P00571,2026-08-02,70.65
P00571,2026-09-01,77.087
P00572,2026-04-04,51.457
P00572,2026-05-04,57.638
P00572,2026-06-03,50.689
P00572,2026-07-03,51.34
P00572,2026-08-02,63.591
P00572,2026-09-01,67.183
P00573,2026-04-04,68.534
P00573,2026-05-04,72.238
P00573,2026-06-03,55.927
P00573,2026-07-03,50.924
P00573,2026-08-02,56.737
P00573,2026-09-01,60.172
P00574,2026-04-04,38.515
P00574,2026-05-04,25.828
P00574,2026-06-03,33.045
P00574,2026-07-03,34.45
P00574,2026-08-02,31.692
P00574,2026-09-01,28.429
P00575,2026-04-04,46.651
P00575,2026-05-04,47.331
P00575,2026-06-03,40.065
P00575,2026-07-03,43.187
P00575,2026-08-02,56.829
P00575,2026-09-01,57.726
P00576,2026-04-04,53.256
P00576,2026-05-04,63.058
P00576,2026-06-03,60.783
P00576,2026-07-03,77.103
P00576,2026-08-02,75.14
P00576,2026-09-01,70.98
P00577,2026-04-04,58.784
P00577,2026-05-04,49.982
P00577,2026-06-03,49.604
P00577,2026-07-03,55.646
P00577,2026-08-02,65.45
P00577,2026-09-01,52.77
P00578,2026-04-04,45.355
P00578,2026-05-04,51.38
P00578,2026-06-03,53.084
P00578,2026-07-03,47.005
P00578,2026-08-02,53.171
P00578,2026-09-01,56.979
P00579,2026-04-04,60.093
P00579,2026-05-04,44.433
P00579,2026-06-03,62.891
P00579,2026-07-03,51.477
P00579,2026-08-02,46.572
P00579,2026-09-01,49.397
P00580,2026-04-04,68.339
P00580,2026-05-04,73.203
P00580,2026-06-03,65.251
P00580,2026-07-03,73.888
P00580,2026-08-02,75.873
P00580,2026-09-01,70.669
P00581,2026-04-04,35.526
P00581,2026-05-04,45.226
P00581,2026-06-03,38.588
P00581,2026-07-03,31.192
P00581,2026-08-02,51.081
P00581,2026-09-01,46.63
P00582,2026-04-04,73.928
P00582,2026-05-04,67.447
P00582,2026-06-03,73.762
P00582,2026-07-03,69.138
P00582,2026-08-02,75.097
P00582,2026-09-01,84.513
P00583,2026-04-04,25.58
P00583,2026-05-04,7.283
P00583,2026-06-03,20.556
P00583,2026-07-03,23.998
P00583,2026-08-02,15.946
P00583,2026-09-01,12.299
P00584,2026-04-04,54.073
P00584,2026-05-04,52.661
P00584,2026-06-03,64.811
P00584,2026-07-03,70.032
P00584,2026-08-02,63.388
P00584,2026-09-01,68.634
P00585,2026-04-04,40.149
P00585,2026-05-04,44.759
P00585,2026-06-03,40.248
P00585,2026-07-03,51.521
P00585,2026-08-02,42.128
P00585,2026-09-01,50.208
P00586,2026-04-04,40.099
P00586,2026-05-04,31.758
P00586,2026-06-03,28.202
P00586,2026-07-03,42.662
P00586,2026-08-02,41.365
P00586,2026-09-01,51.126
P00587,2026-04-04,36.519
P00587,2026-05-04,38.811
P00587,2026-06-03,32.311
P00587,2026-07-03,33.884
P00587,2026-08-02,40.091
P00587,2026-09-01,37.374
P00588,2026-04-04,41.189
P00588,2026-05-04,49.888
P00588,2026-06-03,45.077
P00588,2026-07-03,55.111
P00588,2026-08-02,50.805
P00588,2026-09-01,59.762
P00589,2026-04-04,30.396
P00589,2026-05-04,20.419
P00589,2026-06-03,23.887
P00589,2026-07-03,24.402
P00589,2026-08-02,15.091
P00589,2026-09-01,20.139
P00590,2026-04-04,39.409
P00590,2026-05-04,44.745
P00590,2026-06-03,47.119
P00590,2026-07-03,60.656
P00590,2026-08-02,48.871
P00590,2026-09-01,52.444
P00591,2026-04-04,43.977
P00591,2026-05-04,41.847
P00591,2026-06-03,43.023
P00591,2026-07-03,36.028
P00591,2026-08-02,29.685
P00591,2026-09-01,35.029
P00592,2026-04-04,63.589
P00592,2026-05-04,75.512
P00592,2026-06-03,73.758
P00592,2026-07-03,67.888
P00592,2026-08-02,65.006
P00592,2026-09-01,67.979
P00593,2026-04-04,52.427
P00593,2026-05-04,51.246
P00593,2026-06-03,49.057
P00593,2026-07-03,35.762
P00593,2026-08-02,55.282
P00593,2026-09-01,61.621
P00594,2026-04-04,59.026
P00594,2026-05-04,37.067
P00594,2026-06-03,44.529
P00594,2026-07-03,49.76
P00594,2026-08-02,44.623
P00594,2026-09-01,39.651
P00595,2026-04-04,32.373
P00595,2026-05-04,43.769
P00595,2026-06-03,44.833
P00595,2026-07-03,48.865
P00595,2026-08-02,57.548
P00595,2026-09-01,52.185
P00596,2026-04-04,37.664
P00596,2026-05-04,26.955
P00596,2026-06-03,47.091
P00596,2026-07-03,40.436
P00596,2026-08-02,56.025
P00596,2026-09-01,45.237
P00597,2026-04-04,34.074
P00597,2026-05-04,39.759
P00597,2026-06-03,31.24
P00597,2026-07-03,40.569
P00597,2026-08-02,29.254
P00597,2026-09-01,36.516
P00598,2026-04-04,37.542
P00598,2026-05-04,28.798
P00598,2026-06-03,41.03
P00598,2026-07-03,32.39
P00598,2026-08-02,32.971
P00598,2026-09-01,29.129
P00599,2026-04-04,63.509
P00599,2026-05-04,65.941
P00599,2026-06-03,41.58
P00599,2026-07-03,61.2
P00599,2026-08-02,54.099
P00599,2026-09-01,60.581
P00600,2026-04-04,27.973
P00600,2026-05-04,28.36
P00600,2026-06-03,28.662
P00600,2026-07-03,17.533
P00600,2026-08-02,33.777
P00600,2026-09-01,31.58
P00601,2026-04-04,45.45
P00601,2026-05-04,28.015
P00601,2026-06-03,41.253
P00601,2026-07-03,37.636
P00601,2026-08-02,36.364
P00601,2026-09-01,33.05
P00602,2026-04-04,52.188
P00602,2026-05-04,39.156
P00602,2026-06-03,45.159
P00602,2026-07-03,38.587
P00602,2026-08-02,41.137
P00602,2026-09-01,43.315
P00603,2026-04-04,38.309
P00603,2026-05-04,27.731
P00603,2026-06-03,29.493
P00603,2026-07-03,34.23
P00603,2026-08-02,29.82
P00603,2026-09-01,28.742
P00604,2026-04-04,66.707
P00604,2026-05-04,57.561
P00604,2026-06-03,67.199
P00604,2026-07-03,59.886
P00604,2026-08-02,51.106
P00604,2026-09-01,54.761
P00605,2026-04-04,39.536
P00605,2026-05-04,31.152
P00605,2026-06-03,33.902
P00605,2026-07-03,39.444
P00605,2026-08-02,33.36
P00605,2026-09-01,33.434
P00606,2026-04-04,37.117
P00606,2026-05-04,38.853
P00606,2026-06-03,52.275
P00606,2026-07-03,53.999
P00606,2026-08-02,38.848
P00606,2026-09-01,26.458
P00607,2026-04-04,63.152
P00607,2026-05-04,63.159
P00607,2026-06-03,64.213
P00607,2026-07-03,62.668
P00607,2026-08-02,62.919
P00607,2026-09-01,63.925
P00608,2026-04-04,57.826
P00608,2026-05-04,64.142
P00608,2026-06-03,46.804
P00608,2026-07-03,45.042
P00608,2026-08-02,53.085
P00608,2026-09-01,55.66
P00609,2026-04-04,32.618
P00609,2026-05-04,25.687
P00609,2026-06-03,43.616
P00609,2026-07-03,34.879
P00609,2026-08-02,44.483
P00609,2026-09-01,47.777
P00610,2026-04-04,38.814
P00610,2026-05-04,44.793
P00610,2026-06-03,44.706
P00610,2026-07-03,44.699
P00610,2026-08-02,45.31
P00610,2026-09-01,34.582
P00611,2026-04-04,77.155
P00611,2026-05-04,85.546
P00611,2026-06-03,63.937
P00611,2026-07-03,70.351
P00611,2026-08-02,86.009
P00611,2026-09-01,77.405
P00612,2026-04-04,42.177
P00612,2026-05-04,45.06
P00612,2026-06-03,44.517
P00612,2026-07-03,50.129
P00612,2026-08-02,45.116
P00612,2026-09-01,57.435
P00613,2026-04-04,20.293
P00613,2026-05-04,26.454
P00613,2026-06-03,24.154
P00613,2026-07-03,30.495
P00613,2026-08-02,27.388
P00613,2026-09-01,28.252
P00614,2026-04-04,68.107
P00614,2026-05-04,64.274
P00614,2026-06-03,60.114
P00614,2026-07-03,63.371
P00614,2026-08-02,70.947
P00614,2026-09-01,73.607
P00615,2026-04-04,68.087
P00615,2026-05-04,57.084
P00615,2026-06-03,69.886
P00615,2026-07-03,56.735
P00615,2026-08-02,62.183
P00615,2026-09-01,69.436
P00616,2026-04-04,48.801
P00616,2026-05-04,44.378
P00616,2026-06-03,53.397
P00616,2026-07-03,49.101
P00616,2026-08-02,51.942
P00616,2026-09-01,46.895
P00617,2026-04-04,44.776
P00617,2026-05-04,39.589
P00617,2026-06-03,64.687
P00617,2026-07-03,45.044
P00617,2026-08-02,58.915
P00617,2026-09-01,43.023
P00618,2026-04-04,67.332
P00618,2026-05-04,57.617
P00618,2026-06-03,77.821
P00618,2026-07-03,66.436
P00618,2026-08-02,67.55
P00618,2026-09-01,64.008
P00619,2026-04-04,57.085
P00619,2026-05-04,50.057
P00619,2026-06-03,31.393
P00619,2026-07-03,45.45
P00619,2026-08-02,47.415
P00619,2026-09-01,43.63
P00620,2026-04-04,46.691
P00620,2026-05-04,41.242
P00620,2026-06-03,51.287
P00620,2026-07-03,42.103
P00620,2026-08-02,50.044
P00620,2026-09-01,55.931
P00621,2026-04-04,58.617
P00621,2026-05-04,53.798
P00621,2026-06-03,48.341
P00621,2026-07-03,59.307
P00621,2026-08-02,59.738
P00621,2026-09-01,62.727
P00622,2026-04-04,46.602
P00622,2026-05-04,42.758
P00622,2026-06-03,42.415
P00622,2026-07-03,44.413
P00622,2026-08-02,44.614
P00622,2026-09-01,44.847
P00623,2026-04-04,46.498
P00623,2026-05-04,42.571
P00623,2026-06-03,50.365
P00623,2026-07-03,61.837
P00623,2026-08-02,54.22
P00623,2026-09-01,59.698
P00624,2026-04-04,60.806
P00624,2026-05-04,77.547
P00624,2026-06-03,53.479
P00624,2026-07-03,61.649
P00624,2026-08-02,52.459
P00624,2026-09-01,63.016
P00625,2026-04-04,42.163
P00625,2026-05-04,44.337
P00625,2026-06-03,49.454
P00625,2026-07-03,44.23
P00625,2026-08-02,47.851
P00625,2026-09-01,38.617
P00626,2026-04-04,57.621
P00626,2026-05-04,47.429
P00626,2026-06-03,44.762
P00626,2026-07-03,39.331
P00626,2026-08-02,55.274
P00626,2026-09-01,50.489
P00627,2026-04-04,74.55
P00627,2026-05-04,82.163
P00627,2026-06-03,84.305
P00627,2026-07-03,76.036
P00627,2026-08-02,72.312
P00627,2026-09-01,75.674
P00628,2026-04-04,60.77
P00628,2026-05-04,53.762
P00628,2026-06-03,54.341
P00628,2026-07-03,70.381
P00628,2026-08-02,62.114
P00628,2026-09-01,68.332
P00629,2026-04-04,49.904
P00629,2026-05-04,44.788
P00629,2026-06-03,50.334
P00629,2026-07-03,42.015
P00629,2026-08-02,53.624
P00629,2026-09-01,56.457
P00630,2026-04-04,34.128
P00630,2026-05-04,25.452
P00630,2026-06-03,30.281
P00630,2026-07-03,36.402
P00630,2026-08-02,36.222
P00630,2026-09-01,30.432
P00631,2026-04-04,57.792
P00631,2026-05-04,64.554
P00631,2026-06-03,56.551
P00631,2026-07-03,62.72
P00631,2026-08-02,52.683
P00631,2026-09-01,61.657
P00632,2026-04-04,61.432
P00632,2026-05-04,60.152
P00632,2026-06-03,49.842
P00632,2026-07-03,63.766
P00632,2026-08-02,55.679
P00632,2026-09-01,56.603
P00633,2026-04-04,54.449
P00633,2026-05-04,58.979
P00633,2026-06-03,55.793
P00633,2026-07-03,49.399
P00633,2026-08-02,59.909
P00633,2026-09-01,57.645
P00634,2026-04-04,54.401
P00634,2026-05-04,60.539
P00634,2026-06-03,48.902
P00634,2026-07-03,56.754
P00634,2026-08-02,46.37
P00634,2026-09-01,45.432
P00635,2026-04-04,27.194
P00635,2026-05-04,25.25
P00635,2026-06-03,28.123
P00635,2026-07-03,40.361
P00635,2026-08-02,37.756
P00635,2026-09-01,42.269
P00636,2026-04-04,37.655
P00636,2026-05-04,37.843
P00636,2026-06-03,37.757
P00636,2026-07-03,33.929
P00636,2026-08-02,32.359
P00636,2026-09-01,29.345
P00637,2026-04-04,45.772
P00637,2026-05-04,54.958
P00637,2026-06-03,36.778
P00637,2026-07-03,39.724
P00637,2026-08-02,51.287
P00637,2026-09-01,48.526
P00638,2026-04-04,50.192
P00638,2026-05-04,28.267
P00638,2026-06-03,38.176
P00638,2026-07-03,39.206
P00638,2026-08-02,17.996
P00638,2026-09-01,37.972
P00639,2026-04-04,76.759
P00639,2026-05-04,72.959
P00639,2026-06-03,56.374
P00639,2026-07-03,75.73
P00639,2026-08-02,73.161
P00639,2026-09-01,67.827
P00640,2026-04-04,51.523
P00640,2026-05-04,62.457
P00640,2026-06-03,58.892
P00640,2026-07-03,58.919
P00640,2026-08-02,67.13
P00640,2026-09-01,61.93
P00641,2026-04-04,57.052
P00641,2026-05-04,61.192
P00641,2026-06-03,61.421
P00641,2026-07-03,66.71
P00641,2026-08-02,66.433
P00641,2026-09-01,64.237
P00642,2026-04-04,52.31
P00642,2026-05-04,45.586
P00642,2026-06-03,39.727
P00642,2026-07-03,40.077
P00642,2026-08-02,41.81
P00642,2026-09-01,45.578
P00643,2026-04-04,76.614
P00643,2026-05-04,75.677
P00643,2026-06-03,83.531
P00643,2026-07-03,89.611
P00643,2026-08-02,76.245
P00643,2026-09-01,87.802
P00644,2026-04-04,42.984
P00644,2026-05-04,41.808
P00644,2026-06-03,39.446
P00644,2026-07-03,45.899
P00644,2026-08-02,37.738
P00644,2026-09-01,52.96
P00645,2026-04-04,42.697
P00645,2026-05-04,47.286
P00645,2026-06-03,42.223
P00645,2026-07-03,50.694
P00645,2026-08-02,43.995
P00645,2026-09-01,50.848
P00646,2026-04-04,29.523
P00646,2026-05-04,26.273
P00646,2026-06-03,32.253
P00646,2026-07-03,15.207
P00646,2026-08-02,22.526
P00646,2026-09-01,35.373
P00647,2026-04-04,23.976
P00647,2026-05-04,8.937
P00647,2026-06-03,13.0
P00647,2026-07-03,16.817
P00647,2026-08-02,23.843
P00647,2026-09-01,24.956
P00648,2026-04-04,38.554
P00648,2026-05-04,44.347
P00648,2026-06-03,39.169
P00648,2026-07-03,33.101
P00648,2026-08-02,37.939
P00648,2026-09-01,35.16
P00649,2026-04-04,64.611
P00649,2026-05-04,60.608
P00649,2026-06-03,68.388
P00649,2026-07-03,70.356
P00649,2026-08-02,62.455
P00649,2026-09-01,74.136
P00650,2026-04-04,54.308
P00650,2026-05-04,66.061
P00650,2026-06-03,68.737
P00650,2026-07-03,67.526
P00650,2026-08-02,54.679
P00650,2026-09-01,58.472
P00651,2026-04-04,68.858
P00651,2026-05-04,72.871
P00651,2026-06-03,75.555
P00651,2026-07-03,73.553
P00651,2026-08-02,80.892
P00651,2026-09-01,77.829
P00652,2026-04-04,37.521
P00652,2026-05-04,42.544
P00652,2026-06-03,35.947
P00652,2026-07-03,32.526
P00652,2026-08-02,44.13
P00652,2026-09-01,44.157
P00653,2026-04-04,20.721
P00653,2026-05-04,37.114
P00653,2026-06-03,29.428
P00653,2026-07-03,38.411
P00653,2026-08-02,34.079
P00653,2026-09-01,36.073
P00654,2026-04-04,51.711
P00654,2026-05-04,63.686
P00654,2026-06-03,54.072
P00654,2026-07-03,54.826
P00654,2026-08-02,61.356
P00654,2026-09-01,67.086
P00655,2026-04-04,41.609
P00655,2026-05-04,42.438
P00655,2026-06-03,47.283
P00655,2026-07-03,60.175
P00655,2026-08-02,49.962
P00655,2026-09-01,51.747
P00656,2026-04-04,74.048
P00656,2026-05-04,55.882
P00656,2026-06-03,57.591
P00656,2026-07-03,67.426
P00656,2026-08-02,66.974
P00656,2026-09-01,68.746
P00657,2026-04-04,43.738
P00657,2026-05-04,41.523
P00657,2026-06-03,36.931
P00657,2026-07-03,39.736
P00657,2026-08-02,32.955
P00657,2026-09-01,33.79
P00658,2026-04-04,56.359
P00658,2026-05-04,60.694
P00658,2026-06-03,55.64
P00658,2026-07-03,57.413
P00658,2026-08-02,60.856
P00658,2026-09-01,63.027
P00659,2026-04-04,33.182
P00659,2026-05-04,33.97
P00659,2026-06-03,41.672
P00659,2026-07-03,31.473
P00659,2026-08-02,49.676
P00659,2026-09-01,38.35
P00660,2026-04-04,57.499
P00660,2026-05-04,47.276
P00660,2026-06-03,50.213
P00660,2026-07-03,59.112
P00660,2026-08-02,51.971
P00660,2026-09-01,52.634
P00661,2026-04-04,58.21
P00661,2026-05-04,66.752
P00661,2026-06-03,57.671
P00661,2026-07-03,55.143
P00661,2026-08-02,55.854
P00661,2026-09-01,55.942
P00662,2026-04-04,41.103
P00662,2026-05-04,42.764
P00662,2026-06-03,41.498
P00662,2026-07-03,53.692
P00662,2026-08-02,67.217
P00662,2026-09-01,58.705
P00663,2026-04-04,55.759
P00663,2026-05-04,62.446
P00663,2026-06-03,50.138
P00663,2026-07-03,62.222
P00663,2026-08-02,61.249
P00663,2026-09-01,54.002
P00664,2026-04-04,43.079
P00664,2026-05-04,53.157
P00664,2026-06-03,55.698
P00664,2026-07-03,47.851
P00664,2026-08-02,39.608
P00664,2026-09-01,44.912
P00665,2026-04-04,48.25
P00665,2026-05-04,50.047
P00665,2026-06-03,63.186
P00665,2026-07-03,61.481
P00665,2026-08-02,50.44
P00665,2026-09-01,58.569
P00666,2026-04-04,51.359
P00666,2026-05-04,48.498
P00666,2026-06-03,56.444
P00666,2026-07-03,39.487
P00666,2026-08-02,47.156
P00666,2026-09-01,47.149
P00667,2026-04-04,48.834
P00667,2026-05-04,43.595
P00667,2026-06-03,60.687
P00667,2026-07-03,62.868
P00667,2026-08-02,45.172
P00667,2026-09-01,41.574
P00668,2026-04-04,48.238
P00668,2026-05-04,54.919
P00668,2026-06-03,62.271
P00668,2026-07-03,62.875
P00668,2026-08-02,55.501
P00668,2026-09-01,65.764
P00669,2026-04-04,44.947
P00669,2026-05-04,55.534
P00669,2026-06-03,47.531
P00669,2026-07-03,54.4
P00669,2026-08-02,55.894
P00669,2026-09-01,45.655
P00670,2026-04-04,36.584
P00670,2026-05-04,28.847
P00670,2026-06-03,33.063
P00670,2026-07-03,25.36
P00670,2026-08-02,29.39
P00670,2026-09-01,33.443
P00671,2026-04-04,23.092
P00671,2026-05-04,32.255
P00671,2026-06-03,32.68
P00671,2026-07-03,33.447
P00671,2026-08-02,40.496
P00671,2026-09-01,40.242
P00672,2026-04-04,83.98
P00672,2026-05-04,73.402
P00672,2026-06-03,68.437
P00672,2026-07-03,69.949
P00672,2026-08-02,80.671
P00672,2026-09-01,69.454
P00673,2026-04-04,47.719
P00673,2026-05-04,46.383
P00673,2026-06-03,47.37
P00673,2026-07-03,52.294
P00673,2026-08-02,50.397
P00673,2026-09-01,52.437
P00674,2026-04-04,22.389
P00674,2026-05-04,35.543
P00674,2026-06-03,28.159
P00674,2026-07-03,31.746
P00674,2026-08-02,34.677
P00674,2026-09-01,31.146
P00675,2026-04-04,43.773
P00675,2026-05-04,41.029
P00675,2026-06-03,48.0
P00675,2026-07-03,52.161
P00675,2026-08-02,57.156
P00675,2026-09-01,49.675
P00676,2026-04-04,65.455
P00676,2026-05-04,80.121
P00676,2026-06-03,78.069
P00676,2026-07-03,72.713
P00676,2026-08-02,76.009
P00676,2026-09-01,81.079
P00677,2026-04-04,52.905
P00677,2026-05-04,58.431
P00677,2026-06-03,61.075
P00677,2026-07-03,65.485
P00677,2026-08-02,54.84
P00677,2026-09-01,53.733
P00678,2026-04-04,41.993
P00678,2026-05-04,42.542
P00678,2026-06-03,55.132
P00678,2026-07-03,45.176
P00678,2026-08-02,50.564
P00678,2026-09-01,48.003
P00679,2026-04-04,58.173
P00679,2026-05-04,60.729
P00679,2026-06-03,54.957
P00679,2026-07-03,56.066
P00679,2026-08-02,70.596
P00679,2026-09-01,60.048
P00680,2026-04-04,38.623
P00680,2026-05-04,48.462
P00680,2026-06-03,41.267
P00680,2026-07-03,51.213
P00680,2026-08-02,45.047
P00680,2026-09-01,53.059
P00681,2026-04-04,51.676
P00681,2026-05-04,65.126
P00681,2026-06-03,52.718
P00681,2026-07-03,46.753
P00681,2026-08-02,53.24
P00681,2026-09-01,57.271
P00682,2026-04-04,34.429
P00682,2026-05-04,43.959
P00682,2026-06-03,44.128
P00682,2026-07-03,53.056
P00682,2026-08-02,53.242
P00682,2026-09-01,50.872
P00683,2026-04-04,56.797
P00683,2026-05-04,45.817
P00683,2026-06-03,57.565
P00683,2026-07-03,42.533
P00683,2026-08-02,47.491
P00683,2026-09-01,44.906
P00684,2026-04-04,80.698
P00684,2026-05-04,76.869
P00684,2026-06-03,86.5
P00684,2026-07-03,70.717
P00684,2026-08-02,71.739
P00684,2026-09-01,90.034
P00685,2026-04-04,48.423
P00685,2026-05-04,36.821
P00685,2026-06-03,51.947
P00685,2026-07-03,39.565
P00685,2026-08-02,49.648
P00685,2026-09-01,44.164
P00686,2026-04-04,57.136
P00686,2026-05-04,56.29
P00686,2026-06-03,68.8
P00686,2026-07-03,54.454
P00686,2026-08-02,52.09
P00686,2026-09-01,55.661
P00687,2026-04-04,41.879
P00687,2026-05-04,41.284
P00687,2026-06-03,46.588
P00687,2026-07-03,46.675
P00687,2026-08-02,54.453
P00687,2026-09-01,50.084
P00688,2026-04-04,39.858
P00688,2026-05-04,37.586
P00688,2026-06-03,28.909
P00688,2026-07-03,30.297
P00688,2026-08-02,46.806
P00688,2026-09-01,59.703
P00689,2026-04-04,40.585
P00689,2026-05-04,37.595
P00689,2026-06-03,37.627
P00689,2026-07-03,45.777
P00689,2026-08-02,45.572
P00689,2026-09-01,51.256
P00690,2026-04-04,62.239
P00690,2026-05-04,61.855
P00690,2026-06-03,49.897
P00690,2026-07-03,53.339
P00690,2026-08-02,70.148
P00690,2026-09-01,71.697
P00691,2026-04-04,43.002
P00691,2026-05-04,48.928
P00691,2026-06-03,55.785
P00691,2026-07-03,39.964
P00691,2026-08-02,51.711
P00691,2026-09-01,54.746
P00692,2026-04-04,63.3
P00692,2026-05-04,51.566
P00692,2026-06-03,59.882
P00692,2026-07-03,46.139
P00692,2026-08-02,46.622
P00692,2026-09-01,50.895
P00693,2026-04-04,56.18
P00693,2026-05-04,65.227
P00693,2026-06-03,68.135
P00693,2026-07-03,58.948
P00693,2026-08-02,81.06
P00693,2026-09-01,70.254
P00694,2026-04-04,28.998
P00694,2026-05-04,24.245
P00694,2026-06-03,33.968
P00694,2026-07-03,28.507
P00694,2026-08-02,32.36
P00694,2026-09-01,36.353
P00695,2026-04-04,69.615
P00695,2026-05-04,56.322
P00695,2026-06-03,58.376
P00695,2026-07-03,62.731
P00695,2026-08-02,74.133
P00695,2026-09-01,71.372
P00696,2026-04-04,35.218
P00696,2026-05-04,41.648
P00696,2026-06-03,57.491
P00696,2026-07-03,37.359
P00696,2026-08-02,29.804
P00696,2026-09-01,30.744
P00697,2026-04-04,32.321
P00697,2026-05-04,30.714
P00697,2026-06-03,35.401
P00697,2026-07-03,44.433
P00697,2026-08-02,33.04
P00697,2026-09-01,28.037
P00698,2026-04-04,57.565
P00698,2026-05-04,54.082
P00698,2026-06-03,59.061
P00698,2026-07-03,63.548
P00698,2026-08-02,50.026
P00698,2026-09-01,57.052
P00699,2026-04-04,38.798
P00699,2026-05-04,59.297
P00699,2026-06-03,49.033
P00699,2026-07-03,42.886
P00699,2026-08-02,53.968
P00699,2026-09-01,47.287
P00700,2026-04-04,51.342
P00700,2026-05-04,52.091
P00700,2026-06-03,54.687
P00700,2026-07-03,58.042
P00700,2026-08-02,44.889
P00700,2026-09-01,41.86
P00701,2026-04-04,58.328
P00701,2026-05-04,62.813
P00701,2026-06-03,54.873
P00701,2026-07-03,62.747
P00701,2026-08-02,58.301
P00701,2026-09-01,57.459
P00702,2026-04-04,46.752
P00702,2026-05-04,56.127
P00702,2026-06-03,50.643
P00702,2026-07-03,58.797
P00702,2026-08-02,53.171
P00702,2026-09-01,50.449
P00703,2026-04-04,27.46
P00703,2026-05-04,7.721
P00703,2026-06-03,40.279
P00703,2026-07-03,29.19
P00703,2026-08-02,30.686
P00703,2026-09-01,24.2
P00704,2026-04-04,30.495
P00704,2026-05-04,18.305
P00704,2026-06-03,8.686
P00704,2026-07-03,24.536
P00704,2026-08-02,25.194
P00704,2026-09-01,25.703
P00705,2026-04-04,36.555
P00705,2026-05-04,48.739
P00705,2026-06-03,54.005
P00705,2026-07-03,41.647
P00705,2026-08-02,48.586
P00705,2026-09-01,59.412
P00706,2026-04-04,64.497
P00706,2026-05-04,64.607
P00706,2026-06-03,58.954
P00706,2026-07-03,79.271
P00706,2026-08-02,66.685
P00706,2026-09-01,69.981
P00707,2026-04-04,53.216
P00707,2026-05-04,46.747
P00707,2026-06-03,50.008
P00707,2026-07-03,53.492
P00707,2026-08-02,48.682
P00707,2026-09-01,64.182
P00708,2026-04-04,66.769
P00708,2026-05-04,57.651
P00708,2026-06-03,57.783
P00708,2026-07-03,69.699
P00708,2026-08-02,57.214
P00708,2026-09-01,61.295
P00709,2026-04-04,55.64
P00709,2026-05-04,51.188
P00709,2026-06-03,53.607
P00709,2026-07-03,54.806
P00709,2026-08-02,62.217
P00709,2026-09-01,52.073
P00710,2026-04-04,53.95
P00710,2026-05-04,53.921
P00710,2026-06-03,71.743
P00710,2026-07-03,56.106
P00710,2026-08-02,55.827
P00710,2026-09-01,57.506
P00711,2026-04-04,40.549
P00711,2026-05-04,41.987
P00711,2026-06-03,52.082
P00711,2026-07-03,49.977
P00711,2026-08-02,61.848
P00711,2026-09-01,52.157
P00712,2026-04-04,37.614
P00712,2026-05-04,37.049
P00712,2026-06-03,49.779
P00712,2026-07-03,39.046
P00712,2026-08-02,42.446
P00712,2026-09-01,41.078
P00713,2026-04-04,69.715
P00713,2026-05-04,59.757
P00713,2026-06-03,50.404
P00713,2026-07-03,55.24
P00713,2026-08-02,56.374
P00713,2026-09-01,64.026
P00714,2026-04-04,47.707
P00714,2026-05-04,45.561
P00714,2026-06-03,51.166
P00714,2026-07-03,40.37
P00714,2026-08-02,42.868
P00714,2026-09-01,47.917
P00715,2026-04-04,40.972
P00715,2026-05-04,34.632
P00715,2026-06-03,44.891
P00715,2026-07-03,43.999
P00715,2026-08-02,37.744
P00715,2026-09-01,46.91
P00716,2026-04-04,54.833
P00716,2026-05-04,55.794
P00716,2026-06-03,49.181
P00716,2026-07-03,45.442
P00716,2026-08-02,48.741
P00716,2026-09-01,48.773
P00717,2026-04-04,37.869
P00717,2026-05-04,37.795
P00717,2026-06-03,47.533
P00717,2026-07-03,46.077
P00717,2026-08-02,53.277
P00717,2026-09-01,48.598
P00718,2026-04-04,35.759
P00718,2026-05-04,35.087
P00718,2026-06-03,30.489
P00718,2026-07-03,44.727
P00718,2026-08-02,33.628
P00718,2026-09-01,37.063
P00719,2026-04-04,68.164
P00719,2026-05-04,63.678
P00719,2026-06-03,64.698
P00719,2026-07-03,80.441
P00719,2026-08-02,59.068
P00719,2026-09-01,62.361
P00720,2026-04-04,49.997
P00720,2026-05-04,43.173
P00720,2026-06-03,50.887
P00720,2026-07-03,55.75
P00720,2026-08-02,48.844
P00720,2026-09-01,46.889
P00721,2026-04-04,74.71
P00721,2026-05-04,69.097
P00721,2026-06-03,86.44
P00721,2026-07-03,92.8
P00721,2026-08-02,70.086
P00721,2026-09-01,82.878
P00722,2026-04-04,51.953
P00722,2026-05-04,42.561
P00722,2026-06-03,38.39
P00722,2026-07-03,47.722
P00722,2026-08-02,48.924
P00722,2026-09-01,43.455
P00723,2026-04-04,21.574
P00723,2026-05-04,25.17
P00723,2026-06-03,17.566
P00723,2026-07-03,20.058
P00723,2026-08-02,20.902
P00723,2026-09-01,18.935
P00724,2026-04-04,37.149
P00724,2026-05-04,50.128
P00724,2026-06-03,38.481
P00724,2026-07-03,48.011
P00724,2026-08-02,55.733
P00724,2026-09-01,43.441
P00725,2026-04-04,35.339
P00725,2026-05-04,40.534
P00725,2026-06-03,30.795
P00725,2026-07-03,29.23
P00725,2026-08-02,33.415
P00725,2026-09-01,36.478
P00726,2026-04-04,44.806
P00726,2026-05-04,60.798
P00726,2026-06-03,60.204
P00726,2026-07-03,54.884
P00726,2026-08-02,50.841
P00726,2026-09-01,49.754
P00727,2026-04-04,42.073
P00727,2026-05-04,45.445
P00727,2026-06-03,47.526
P00727,2026-07-03,33.661
P00727,2026-08-02,38.439
P00727,2026-09-01,45.258
P00728,2026-04-04,58.982
P00728,2026-05-04,62.96
P00728,2026-06-03,52.78
P00728,2026-07-03,66.451
P00728,2026-08-02,59.584
P00728,2026-09-01,57.216
P00729,2026-04-04,45.097
P00729,2026-05-04,55.227
P00729,2026-06-03,45.334
P00729,2026-07-03,50.819
P00729,2026-08-02,55.556
P00729,2026-09-01,53.659
P00730,2026-04-04,46.216
P00730,2026-05-04,59.873
P00730,2026-06-03,47.886
P00730,2026-07-03,59.533
P00730,2026-08-02,58.984
P00730,2026-09-01,61.051
P00731,2026-04-04,31.241
P00731,2026-05-04,22.232
P00731,2026-06-03,18.15
P00731,2026-07-03,19.842
P00731,2026-08-02,24.171
P00731,2026-09-01,28.773
P00732,2026-04-04,29.853
P00732,2026-05-04,19.291
P00732,2026-06-03,39.754
P00732,2026-07-03,32.751
P00732,2026-08-02,30.551
P00732,2026-09-01,28.721
P00733,2026-04-04,43.272
P00733,2026-05-04,46.279
P00733,2026-06-03,38.643
P00733,2026-07-03,46.037
P00733,2026-08-02,43.268
P00733,2026-09-01,48.897
P00734,2026-04-04,46.363
P00734,2026-05-04,51.411
P00734,2026-06-03,45.748
P00734,2026-07-03,48.649
P00734,2026-08-02,52.043
P00734,2026-09-01,45.201
P00735,2026-04-04,39.589
P00735,2026-05-04,37.782
P00735,2026-06-03,34.956
P00735,2026-07-03,34.216
P00735,2026-08-02,30.29
P00735,2026-09-01,41.641
P00736,2026-04-04,44.047
P00736,2026-05-04,45.431
P00736,2026-06-03,39.368
P00736,2026-07-03,56.318
P00736,2026-08-02,37.224
P00736,2026-09-01,39.252
P00737,2026-04-04,42.846
P00737,2026-05-04,37.237
P00737,2026-06-03,48.765
P00737,2026-07-03,42.19
P00737,2026-08-02,41.493
P00737,2026-09-01,40.61
P00738,2026-04-04,35.565
P00738,2026-05-04,42.547
P00738,2026-06-03,32.753
P00738,2026-07-03,47.777
P00738,2026-08-02,34.982
P00738,2026-09-01,26.997
P00739,2026-04-04,44.141
P00739,2026-05-04,29.151
P00739,2026-06-03,41.84
P00739,2026-07-03,32.885
P00739,2026-08-02,45.537
P00739,2026-09-01,44.691
P00740,2026-04-04,43.661
P00740,2026-05-04,51.726
P00740,2026-06-03,49.475
P00740,2026-07-03,52.337
P00740,2026-08-02,58.413
P00740,2026-09-01,50.977
P00741,2026-04-04,33.1
P00741,2026-05-04,25.256
P00741,2026-06-03,33.028
P00741,2026-07-03,39.44
P00741,2026-08-02,18.233
P00741,2026-09-01,23.765
P00742,2026-04-04,45.219
P00742,2026-05-04,70.759
P00742,2026-06-03,52.454
P00742,2026-07-03,57.563
P00742,2026-08-02,67.72
P00742,2026-09-01,62.353
P00743,2026-04-04,35.562
P00743,2026-05-04,49.019
P00743,2026-06-03,53.818
P00743,2026-07-03,53.696
P00743,2026-08-02,53.165
P00743,2026-09-01,52.345
P00744,2026-04-04,52.243
P00744,2026-05-04,56.218
P00744,2026-06-03,55.948
P00744,2026-07-03,51.861
P00744,2026-08-02,54.907
P00744,2026-09-01,66.184
P00745,2026-04-04,44.559
P00745,2026-05-04,49.672
P00745,2026-06-03,40.348
P00745,2026-07-03,29.929
P00745,2026-08-02,51.44
P00745,2026-09-01,48.025
P00746,2026-04-04,78.087
P00746,2026-05-04,78.641
P00746,2026-06-03,74.465
P00746,2026-07-03,76.604
P00746,2026-08-02,80.12
P00746,2026-09-01,80.336
P00747,2026-04-04,54.895
P00747,2026-05-04,46.192
P00747,2026-06-03,48.952
P00747,2026-07-03,54.398
P00747,2026-08-02,49.644
P00747,2026-09-01,43.435
P00748,2026-04-04,43.356
P00748,2026-05-04,40.391
P00748,2026-06-03,58.732
P00748,2026-07-03,52.703
P00748,2026-08-02,43.377
P00748,2026-09-01,46.612
P00749,2026-04-04,48.8
P00749,2026-05-04,55.988
P00749,2026-06-03,45.223
P00749,2026-07-03,61.955
P00749,2026-08-02,49.716
P00749,2026-09-01,48.516
P00750,2026-04-04,50.876
P00750,2026-05-04,38.683
P00750,2026-06-03,47.86
P00750,2026-07-03,47.682
P00750,2026-08-02,40.687
P00750,2026-09-01,47.301
P00751,2026-04-04,36.763
P00751,2026-05-04,47.791
P00751,2026-06-03,44.324
P00751,2026-07-03,47.482
P00751,2026-08-02,49.244
P00751,2026-09-01,48.373
P00752,2026-04-04,54.22
P00752,2026-05-04,46.892
P00752,2026-06-03,53.085
P00752,2026-07-03,47.247
P00752,2026-08-02,50.278
P00752,2026-09-01,50.751
P00753,2026-04-04,60.94
P00753,2026-05-04,63.02
P00753,2026-06-03,56.571
P00753,2026-07-03,52.281
P00753,2026-08-02,67.213
P00753,2026-09-01,72.598
P00754,2026-04-04,44.632
P00754,2026-05-04,43.924
P00754,2026-06-03,45.776
P00754,2026-07-03,48.536
P00754,2026-08-02,45.541
P00754,2026-09-01,47.053
P00755,2026-04-04,68.05
P00755,2026-05-04,57.952
P00755,2026-06-03,58.844
P00755,2026-07-03,51.635
P00755,2026-08-02,48.735
P00755,2026-09-01,47.031
P00756,2026-04-04,59.799
P00756,2026-05-04,56.643
P00756,2026-06-03,65.518
P00756,2026-07-03,64.91
P00756,2026-08-02,62.891
P00756,2026-09-01,66.74
P00757,2026-04-04,64.996
P00757,2026-05-04,76.011
P00757,2026-06-03,72.348
P00757,2026-07-03,60.967
P00757,2026-08-02,76.646
P00757,2026-09-01,80.41
P00758,2026-04-04,57.898
P00758,2026-05-04,50.578
P00758,2026-06-03,56.488
P00758,2026-07-03,70.749
P00758,2026-08-02,56.291
P00758,2026-09-01,49.818
P00759,2026-04-04,71.129
P00759,2026-05-04,74.888
P00759,2026-06-03,65.127
P00759,2026-07-03,72.635
P00759,2026-08-02,57.802
P00759,2026-09-01,65.905
P00760,2026-04-04,50.836
P00760,2026-05-04,56.503
P00760,2026-06-03,61.12
P00760,2026-07-03,58.922
P00760,2026-08-02,58.491
P00760,2026-09-01,64.081
P00761,2026-04-04,38.472
P00761,2026-05-04,52.34
P00761,2026-06-03,47.228
P00761,2026-07-03,35.269
P00761,2026-08-02,43.854
P00761,2026-09-01,46.374
P00762,2026-04-04,68.813
P00762,2026-05-04,64.482
P00762,2026-06-03,67.906
P00762,2026-07-03,68.782
P00762,2026-08-02,59.454
P00762,2026-09-01,57.278
P00763,2026-04-04,40.823
P00763,2026-05-04,74.63
P00763,2026-06-03,56.153
P00763,2026-07-03,57.734
P00763,2026-08-02,61.038
P00763,2026-09-01,61.125
P00764,2026-04-04,65.273
P00764,2026-05-04,67.026
P00764,2026-06-03,59.351
P00764,2026-07-03,74.984
P00764,2026-08-02,68.99
P00764,2026-09-01,65.699
P00765,2026-04-04,60.487
P00765,2026-05-04,59.949
P00765,2026-06-03,72.48
P00765,2026-07-03,64.114
P00765,2026-08-02,64.286
P00765,2026-09-01,69.742
P00766,2026-04-04,55.588
P00766,2026-05-04,46.049
P00766,2026-06-03,52.809
P00766,2026-07-03,71.076
P00766,2026-08-02,49.041
P00766,2026-09-01,57.647
P00767,2026-04-04,66.802
P00767,2026-05-04,53.063
P00767,2026-06-03,54.761
P00767,2026-07-03,54.564
P00767,2026-08-02,56.052
P00767,2026-09-01,49.798
P00768,2026-04-04,62.82
P00768,2026-05-04,61.608
P00768,2026-06-03,58.609
P00768,2026-07-03,68.043
P00768,2026-08-02,67.528
P00768,2026-09-01,73.198
P00769,2026-04-04,50.524
P00769,2026-05-04,51.121
P00769,2026-06-03,43.542
P00769,2026-07-03,57.318
P00769,2026-08-02,53.156
P00769,2026-09-01,54.385
P00770,2026-04-04,59.388
P00770,2026-05-04,71.516
P00770,2026-06-03,64.684
P00770,2026-07-03,60.317
P00770,2026-08-02,54.506
P00770,2026-09-01,64.807
P00771,2026-04-04,62.984
P00771,2026-05-04,59.563
P00771,2026-06-03,58.368
P00771,2026-07-03,47.541
P00771,2026-08-02,72.594
P00771,2026-09-01,61.958
P00772,2026-04-04,39.46
P00772,2026-05-04,36.392
P00772,2026-06-03,23.961
P00772,2026-07-03,51.617
P00772,2026-08-02,38.95
P00772,2026-09-01,45.327
P00773,2026-04-04,55.126
P00773,2026-05-04,53.892
P00773,2026-06-03,71.717
P00773,2026-07-03,59.854
P00773,2026-08-02,67.541
P00773,2026-09-01,63.2
P00774,2026-04-04,43.817
P00774,2026-05-04,46.057
P00774,2026-06-03,40.41
P00774,2026-07-03,44.222
P00774,2026-08-02,52.285
P00774,2026-09-01,45.241
P00775,2026-04-04,44.718
P00775,2026-05-04,34.178
P00775,2026-06-03,36.011
P00775,2026-07-03,41.368
P00775,2026-08-02,41.306
P00775,2026-09-01,35.128
P00776,2026-04-04,47.693
P00776,2026-05-04,57.107
P00776,2026-06-03,46.713
P00776,2026-07-03,56.336
P00776,2026-08-02,44.755
P00776,2026-09-01,51.72
P00777,2026-04-04,51.832
P00777,2026-05-04,43.551
P00777,2026-06-03,43.032
P00777,2026-07-03,47.646
P00777,2026-08-02,52.006
P00777,2026-09-01,52.736
P00778,2026-04-04,62.339
P00778,2026-05-04,51.814
P00778,2026-06-03,51.297
P00778,2026-07-03,57.231
P00778,2026-08-02,49.337
P00778,2026-09-01,44.302
P00779,2026-04-04,48.031
P00779,2026-05-04,53.427
P00779,2026-06-03,48.23
P00779,2026-07-03,50.678
P00779,2026-08-02,47.232
P00779,2026-09-01,53.355
P00780,2026-04-04,78.161
P00780,2026-05-04,78.049
P00780,2026-06-03,63.272
P00780,2026-07-03,64.64
P00780,2026-08-02,70.93
P00780,2026-09-01,82.542
P00781,2026-04-04,56.598
P00781,2026-05-04,64.769
P00781,2026-06-03,59.729
P00781,2026-07-03,57.631
P00781,2026-08-02,51.665
P00781,2026-09-01,56.44
P00782,2026-04-04,36.276
P00782,2026-05-04,47.003
P00782,2026-06-03,49.13
P00782,2026-07-03,40.511
P00782,2026-08-02,52.165
P00782,2026-09-01,45.804
P00783,2026-04-04,61.329
P00783,2026-05-04,53.843
P00783,2026-06-03,54.281
P00783,2026-07-03,53.936
P00783,2026-08-02,58.151
P00783,2026-09-01,58.009
P00784,2026-04-04,38.324
P00784,2026-05-04,48.57
P00784,2026-06-03,40.648
P00784,2026-07-03,49.844
P00784,2026-08-02,59.146
P00784,2026-09-01,46.709
P00785,2026-04-04,47.914
P00785,2026-05-04,54.188
P00785,2026-06-03,41.149
P00785,2026-07-03,46.164
P00785,2026-08-02,42.546
P00785,2026-09-01,50.521
P00786,2026-04-04,32.696
P00786,2026-05-04,47.471
P00786,2026-06-03,38.195
P00786,2026-07-03,43.558
P00786,2026-08-02,39.307
P00786,2026-09-01,46.459
P00787,2026-04-04,25.044
P00787,2026-05-04,37.32
P00787,2026-06-03,33.976
P00787,2026-07-03,35.187
P00787,2026-08-02,46.297
P00787,2026-09-01,42.264
P00788,2026-04-04,73.155
P00788,2026-05-04,70.328
P00788,2026-06-03,51.32
P00788,2026-07-03,58.955
P00788,2026-08-02,51.468
P00788,2026-09-01,58.978
P00789,2026-04-04,51.872
P00789,2026-05-04,68.925
P00789,2026-06-03,56.868
P00789,2026-07-03,59.928
P00789,2026-08-02,58.051
P00789,2026-09-01,53.375
P00790,2026-04-04,19.516
P00790,2026-05-04,26.109
P00790,2026-06-03,30.51
P00790,2026-07-03,24.861
P00790,2026-08-02,42.515
P00790,2026-09-01,23.725
P00791,2026-04-04,48.947
P00791,2026-05-04,61.641
P00791,2026-06-03,63.03
P00791,2026-07-03,61.73
P00791,2026-08-02,73.318
P00791,2026-09-01,70.08
P00792,2026-04-04,64.037
P00792,2026-05-04,59.561
P00792,2026-06-03,60.871
P00792,2026-07-03,57.276
P00792,2026-08-02,79.185
P00792,2026-09-01,69.766
P00793,2026-04-04,67.094
P00793,2026-05-04,61.098
P00793,2026-06-03,53.552
P00793,2026-07-03,55.798
P00793,2026-08-02,63.084
P00793,2026-09-01,57.931
P00794,2026-04-04,21.391
P00794,2026-05-04,27.908
P00794,2026-06-03,14.678
P00794,2026-07-03,18.786
P00794,2026-08-02,22.616
P00794,2026-09-01,21.938
P00795,2026-04-04,32.268
P00795,2026-05-04,46.221
P00795,2026-06-03,53.854
P00795,2026-07-03,54.029
P00795,2026-08-02,47.691
P00795,2026-09-01,34.222
P00796,2026-04-04,54.432
P00796,2026-05-04,64.321
P00796,2026-06-03,59.17
P00796,2026-07-03,61.239
P00796,2026-08-02,63.261
P00796,2026-09-01,51.946
P00797,2026-04-04,53.202
P00797,2026-05-04,51.799
P00797,2026-06-03,69.832
P00797,2026-07-03,58.91
P00797,2026-08-02,61.333
P00797,2026-09-01,60.471
P00798,2026-04-04,34.5
P00798,2026-05-04,39.508
P00798,2026-06-03,41.822
P00798,2026-07-03,43.321
P00798,2026-08-02,43.093
P00798,2026-09-01,50.521
P00799,2026-04-04,56.905
P00799,2026-05-04,43.996
P00799,2026-06-03,55.749
P00799,2026-07-03,72.982
P00799,2026-08-02,67.099
P00799,2026-09-01,53.809
P00800,2026-04-04,73.143
P00800,2026-05-04,76.514
P00800,2026-06-03,70.5
P00800,2026-07-03,71.455
P00800,2026-08-02,69.985
P00800,2026-09-01,72.135
