leave_id,personnel_id,leave_type,start_date,end_date,days_availed
P00001-L001,P00001,compensatory,2024-09-04,2024-09-12,7.6
P00001-L002,P00001,earned,2024-12-25,2025-01-01,6.4
P00001-L003,P00001,earned,2025-04-19,2025-04-23,4.0
P00001-L004,P00001,compensatory,2025-09-12,2025-10-11,29.0
P00001-L005,P00001,medical,2026-01-12,2026-01-22,10.0
P00001-L006,P00001,casual,2026-05-08,2026-05-11,3.0
P00001-L007,P00001,earned,2026-06-16,2026-06-19,3.7
P00002-L001,P00002,earned,2024-09-13,2024-09-21,8.1
P00002-L002,P00002,earned,2024-11-06,2024-11-16,9.8
P00002-L003,P00002,compensatory,2024-12-31,2025-01-24,24.0
P00002-L004,P00002,earned,2025-03-18,2025-03-25,7.0
P00002-L005,P00002,earned,2025-04-17,2025-05-01,14.6
P00002-L006,P00002,earned,2025-06-17,2025-06-26,8.3
P00002-L007,P00002,earned,2025-08-20,2025-09-11,21.9
P00002-L008,P00002,earned,2025-10-07,2025-10-17,10.5
P00002-L009,P00002,earned,2025-12-03,2025-12-13,9.5
P00002-L010,P00002,earned,2026-01-26,2026-01-30,4.7
P00002-L011,P00002,medical,2026-03-24,2026-04-03,9.9
P00002-L012,P00002,casual,2026-06-12,2026-06-14,2.4
P00002-L013,P00002,earned,2026-07-14,2026-08-02,18.9
P00003-L001,P00003,earned,2024-09-07,2024-09-13,5.7
P00003-L002,P00003,earned,2024-10-26,2024-10-31,5.5
P00003-L003,P00003,casual,2024-11-10,2024-11-17,6.8
P00003-L004,P00003,compensatory,2024-12-25,2025-01-01,6.8
P00003-L005,P00003,casual,2025-01-21,2025-01-31,9.9
P00003-L006,P00003,earned,2025-02-25,2025-03-05,7.3
P00003-L007,P00003,earned,2025-04-09,2025-04-19,10.2
P00003-L008,P00003,earned,2025-05-19,2025-05-24,5.6
P00003-L009,P00003,casual,2025-06-07,2025-06-18,10.3
P00003-L010,P00003,casual,2025-07-19,2025-07-28,8.9
P00003-L011,P00003,earned,2025-08-20,2025-09-01,12.6
P00003-L012,P00003,casual,2025-09-20,2025-09-29,9.1
P00003-L013,P00003,earned,2025-11-04,2025-11-09,4.6
P00003-L014,P00003,earned,2025-12-25,2025-12-30,5.1
P00003-L015,P00003,earned,2026-01-03,2026-01-14,10.9
P00003-L016,P00003,earned,2026-02-08,2026-02-14,6.6
P00003-L017,P00003,earned,2026-03-15,2026-03-27,12.5
P00003-L018,P00003,casual,2026-04-19,2026-05-03,13.9
P00003-L019,P00003,earned,2026-05-20,2026-05-23,2.9
P00003-L020,P00003,earned,2026-06-24,2026-07-01,6.7
P00003-L021,P00003,earned,2026-07-29,2026-08-08,9.8
P00004-L001,P00004,casual,2024-09-01,2024-09-12,11.1
P00004-L002,P00004,earned,2024-10-03,2024-10-11,7.7
P00004-L003,P00004,casual,2024-10-29,2024-11-03,4.7
P00004-L004,P00004,earned,2024-12-07,2024-12-13,6.0
P00004-L005,P00004,earned,2025-01-14,2025-01-20,5.6
P00004-L006,P00004,earned,2025-02-01,2025-02-05,3.4
P00004-L007,P00004,earned,2025-02-23,2025-03-07,11.6
P00004-L008,P00004,compensatory,2025-04-18,2025-04-20,1.9
P00004-L009,P00004,earned,2025-05-11,2025-05-17,6.8
P00004-L010,P00004,earned,2025-05-29,2025-06-03,5.2
P00004-L011,P00004,earned,2025-06-26,2025-07-06,9.5
P00004-L012,P00004,casual,2025-07-23,2025-07-27,3.9
P00004-L013,P00004,casual,2025-08-24,2025-08-29,4.8
P00004-L014,P00004,medical,2025-09-19,2025-09-28,9.6
P00004-L015,P00004,earned,2025-10-17,2025-10-23,6.1
P00004-L016,P00004,earned,2025-11-26,2025-11-30,4.4
P00004-L017,P00004,casual,2025-12-13,2025-12-21,8.4
P00004-L018,P00004,earned,2026-01-26,2026-02-04,9.1
P00004-L019,P00004,casual,2026-02-28,2026-03-05,4.9
P00004-L020,P00004,casual,2026-03-16,2026-03-27,10.5
P00004-L021,P00004,earned,2026-04-16,2026-04-25,9.7
P00004-L022,P00004,casual,2026-05-16,2026-05-24,7.8
P00004-L023,P00004,earned,2026-06-06,2026-06-17,10.3
P00004-L024,P00004,earned,2026-07-08,2026-07-13,4.9
P00004-L025,P00004,earned,2026-08-06,2026-08-19,12.2
P00005-L001,P00005,earned,2024-09-19,2024-09-23,4.0
P00005-L002,P00005,casual,2024-10-02,2024-10-10,7.5
P00005-L003,P00005,earned,2024-11-07,2024-11-17,9.5
P00005-L004,P00005,earned,2024-12-16,2024-12-22,6.5
P00005-L005,P00005,earned,2025-01-15,2025-01-24,8.7
P00005-L006,P00005,earned,2025-01-30,2025-02-19,19.9
P00005-L007,P00005,earned,2025-03-19,2025-03-20,2.0
P00005-L008,P00005,earned,2025-04-02,2025-04-15,12.7
P00005-L009,P00005,casual,2025-05-14,2025-05-24,9.4
P00005-L010,P00005,earned,2025-06-17,2025-06-21,4.3
P00005-L011,P00005,casual,2025-07-02,2025-07-06,4.0
P00005-L012,P00005,earned,2025-08-03,2025-08-15,11.7
P00005-L013,P00005,compensatory,2025-09-15,2025-09-21,6.2
P00005-L014,P00005,medical,2025-10-18,2025-10-27,8.5
P00005-L015,P00005,casual,2025-11-03,2025-11-09,6.0
P00005-L016,P00005,earned,2025-12-02,2025-12-16,14.0
P00005-L017,P00005,earned,2026-01-02,2026-01-07,4.8
P00005-L018,P00005,casual,2026-02-05,2026-02-10,5.0
P00005-L019,P00005,earned,2026-03-18,2026-03-21,3.1
P00005-L020,P00005,earned,2026-04-04,2026-04-07,4.0
P00005-L021,P00005,casual,2026-05-18,2026-05-21,3.5
P00005-L022,P00005,earned,2026-06-12,2026-06-16,4.2
P00005-L023,P00005,casual,2026-07-14,2026-07-21,6.4
P00005-L024,P00005,earned,2026-08-24,2026-08-29,5.0
P00006-L001,P00006,casual,2024-09-20,2024-09-30,10.8
P00006-L002,P00006,medical,2024-11-07,2024-11-14,6.2
P00006-L003,P00006,earned,2024-12-12,2024-12-20,8.0
P00006-L004,P00006,medical,2025-02-03,2025-02-08,5.1
P00006-L005,P00006,compensatory,2025-03-13,2025-04-02,19.9
P00006-L006,P00006,earned,2025-05-08,2025-05-17,9.0
P00006-L007,P00006,earned,2025-06-13,2025-06-21,8.4
P00006-L008,P00006,earned,2025-07-26,2025-08-01,6.2
P00006-L009,P00006,casual,2025-09-15,2025-09-30,14.8
P00006-L010,P00006,casual,2025-10-26,2025-11-02,7.1
P00006-L011,P00006,earned,2025-12-16,2025-12-29,12.9
P00006-L012,P00006,medical,2026-01-31,2026-02-10,10.0
P00006-L013,P00006,earned,2026-03-02,2026-03-09,6.2
P00006-L014,P00006,casual,2026-04-30,2026-05-04,3.6
P00006-L015,P00006,earned,2026-06-14,2026-06-26,12.1
P00006-L016,P00006,earned,2026-08-09,2026-08-17,8.6
P00007-L001,P00007,casual,2024-09-03,2024-09-13,9.5
P00007-L002,P00007,earned,2024-11-08,2024-11-17,8.4
P00007-L003,P00007,medical,2024-12-06,2024-12-14,8.3
P00007-L004,P00007,earned,2025-01-24,2025-02-09,16.2
P00007-L005,P00007,earned,2025-03-14,2025-03-27,13.7
P00007-L006,P00007,medical,2025-04-27,2025-05-06,8.6
P00007-L007,P00007,earned,2025-06-14,2025-06-28,13.6
P00007-L008,P00007,compensatory,2025-07-20,2025-07-25,5.0
P00007-L009,P00007,earned,2025-09-08,2025-09-14,5.8
P00007-L010,P00007,earned,2025-10-25,2025-10-28,2.8
P00007-L011,P00007,casual,2025-12-04,2025-12-21,16.8
P00007-L012,P00007,casual,2026-01-24,2026-02-12,19.0
P00007-L013,P00007,casual,2026-03-12,2026-03-17,4.5
P00007-L014,P00007,earned,2026-04-21,2026-04-30,9.2
P00007-L015,P00007,earned,2026-06-09,2026-06-22,13.2
P00007-L016,P00007,medical,2026-07-19,2026-07-29,10.1
P00008-L001,P00008,earned,2024-09-09,2024-09-23,14.1
P00008-L002,P00008,casual,2024-10-20,2024-11-07,18.0
P00008-L003,P00008,compensatory,2025-01-01,2025-01-07,5.7
P00008-L004,P00008,earned,2025-01-30,2025-02-04,5.5
P00008-L005,P00008,compensatory,2025-03-12,2025-03-17,4.9
P00008-L006,P00008,medical,2025-04-18,2025-05-10,22.1
P00008-L007,P00008,earned,2025-06-28,2025-07-02,3.7
P00008-L008,P00008,earned,2025-07-18,2025-07-28,10.8
P00008-L009,P00008,earned,2025-09-04,2025-09-12,7.7
P00008-L010,P00008,casual,2025-11-11,2025-11-25,14.0
P00008-L011,P00008,compensatory,2025-12-05,2025-12-11,6.2
P00008-L012,P00008,earned,2026-01-23,2026-01-30,6.7
P00008-L013,P00008,casual,2026-03-21,2026-03-31,10.4
P00008-L014,P00008,medical,2026-04-19,2026-05-07,17.5
P00008-L015,P00008,casual,2026-07-02,2026-07-10,8.2
P00008-L016,P00008,casual,2026-07-27,2026-08-05,9.2
P00009-L001,P00009,medical,2024-09-11,2024-09-14,3.4
P00009-L002,P00009,earned,2024-11-19,2024-11-23,4.7
P00009-L003,P00009,compensatory,2024-12-24,2025-01-02,8.6
P00009-L004,P00009,casual,2025-03-09,2025-03-11,1.9
P00009-L005,P00009,casual,2025-04-09,2025-04-19,10.3
P00009-L006,P00009,earned,2025-05-19,2025-06-04,16.1
P00009-L007,P00009,medical,2025-07-23,2025-08-07,14.6
P00009-L008,P00009,casual,2025-09-29,2025-10-08,9.0
P00009-L009,P00009,earned,2025-11-25,2025-12-07,12.5
P00009-L010,P00009,earned,2025-12-26,2026-01-02,7.0
P00009-L011,P00009,casual,2026-02-09,2026-02-26,16.6
P00009-L012,P00009,earned,2026-04-10,2026-04-19,9.2
P00009-L013,P00009,casual,2026-07-04,2026-07-08,4.1
P00009-L014,P00009,earned,2026-07-20,2026-07-29,9.4
P00010-L001,P00010,earned,2024-09-20,2024-09-29,9.1
P00010-L002,P00010,casual,2024-10-16,2024-11-03,17.6
P00010-L003,P00010,earned,2024-11-18,2024-11-28,10.2
P00010-L004,P00010,medical,2024-12-26,2025-01-06,10.3
P00010-L005,P00010,casual,2025-02-04,2025-02-07,3.5
P00010-L006,P00010,earned,2025-03-04,2025-03-13,8.6
P00010-L007,P00010,casual,2025-04-11,2025-04-20,8.7
P00010-L008,P00010,earned,2025-05-26,2025-05-29,2.3
P00010-L009,P00010,casual,2025-06-19,2025-06-23,3.8
P00010-L010,P00010,casual,2025-08-06,2025-08-26,19.9
P00010-L011,P00010,casual,2025-09-07,2025-09-15,7.9
P00010-L012,P00010,earned,2025-10-17,2025-10-26,8.9
P00010-L013,P00010,compensatory,2025-11-16,2025-11-22,5.4
P00010-L014,P00010,earned,2025-12-25,2026-01-11,17.8
P00010-L015,P00010,earned,2026-02-21,2026-02-28,7.6
P00010-L016,P00010,earned,2026-03-11,2026-03-20,8.4
P00010-L017,P00010,casual,2026-04-10,2026-04-28,17.6
P00010-L018,P00010,casual,2026-06-04,2026-06-08,4.3
P00010-L019,P00010,earned,2026-06-29,2026-07-14,15.8
P00010-L020,P00010,casual,2026-08-04,2026-08-16,12.3
P00011-L001,P00011,medical,2024-09-11,2024-09-26,15.5
P00011-L002,P00011,medical,2024-10-16,2024-10-22,5.7
P00011-L003,P00011,casual,2024-11-08,2024-11-16,7.7
P00011-L004,P00011,casual,2024-12-08,2024-12-17,8.7
P00011-L005,P00011,casual,2025-01-07,2025-01-12,4.6
P00011-L006,P00011,earned,2025-02-12,2025-02-14,1.8
P00011-L007,P00011,casual,2025-03-25,2025-03-30,5.3
P00011-L008,P00011,casual,2025-04-29,2025-05-10,10.7
P00011-L009,P00011,earned,2025-05-16,2025-06-03,17.7
P00011-L010,P00011,earned,2025-06-14,2025-06-17,3.7
P00011-L011,P00011,earned,2025-07-27,2025-08-08,12.6
P00011-L012,P00011,earned,2025-08-28,2025-09-04,7.2
P00011-L013,P00011,earned,2025-09-29,2025-10-04,4.8
P00011-L014,P00011,earned,2025-10-21,2025-10-26,5.1
P00011-L015,P00011,earned,2025-11-25,2025-12-08,13.2
P00011-L016,P00011,casual,2025-12-26,2025-12-31,4.7
P00011-L017,P00011,medical,2026-02-12,2026-02-14,2.1
P00011-L018,P00011,earned,2026-03-07,2026-03-13,5.7
P00011-L019,P00011,earned,2026-03-26,2026-04-02,6.5
P00011-L020,P00011,earned,2026-05-09,2026-05-11,2.9
P00011-L021,P00011,casual,2026-06-17,2026-06-23,6.0
P00011-L022,P00011,medical,2026-07-28,2026-07-30,1.7
P00011-L023,P00011,casual,2026-08-04,2026-08-07,2.5
P00012-L001,P00012,medical,2024-10-03,2024-10-16,13.3
P00012-L002,P00012,medical,2024-12-09,2024-12-14,5.4
P00012-L003,P00012,compensatory,2025-02-09,2025-02-25,15.8
P00012-L004,P00012,casual,2025-04-04,2025-04-09,4.9
P00012-L005,P00012,earned,2025-05-14,2025-05-26,11.6
P00012-L006,P00012,casual,2025-07-16,2025-07-31,14.6
P00012-L007,P00012,earned,2025-09-03,2025-09-09,5.8
P00012-L008,P00012,earned,2025-12-04,2025-12-16,11.8
P00012-L009,P00012,casual,2026-01-30,2026-02-03,4.0
P00012-L010,P00012,earned,2026-03-18,2026-04-03,16.3
P00012-L011,P00012,medical,2026-06-02,2026-06-21,19.5
P00012-L012,P00012,earned,2026-07-14,2026-07-31,16.3
P00013-L001,P00013,casual,2024-09-11,2024-09-24,13.4
P00013-L002,P00013,medical,2024-10-23,2024-10-27,3.6
P00013-L003,P00013,earned,2024-12-16,2024-12-21,4.8
P00013-L004,P00013,earned,2025-02-04,2025-02-20,16.1
P00013-L005,P00013,earned,2025-04-05,2025-04-09,4.6
P00013-L006,P00013,compensatory,2025-05-02,2025-05-11,9.0
P00013-L007,P00013,earned,2025-06-27,2025-07-05,8.2
P00013-L008,P00013,medical,2025-08-23,2025-09-03,10.8
P00013-L009,P00013,casual,2025-09-26,2025-10-03,6.9
P00013-L010,P00013,earned,2025-12-03,2025-12-20,16.4
P00013-L011,P00013,casual,2026-01-17,2026-01-31,13.4
P00013-L012,P00013,earned,2026-02-26,2026-03-09,10.8
P00013-L013,P00013,earned,2026-05-01,2026-05-06,5.4
P00013-L014,P00013,medical,2026-05-27,2026-06-03,6.9
P00013-L015,P00013,compensatory,2026-07-21,2026-07-25,4.4
P00014-L001,P00014,earned,2024-09-10,2024-09-26,16.9
P00014-L002,P00014,earned,2024-10-31,2024-11-14,14.4
P00014-L003,P00014,casual,2024-12-03,2024-12-10,7.8
P00014-L004,P00014,earned,2025-01-03,2025-01-29,26.5
P00014-L005,P00014,earned,2025-02-15,2025-02-20,5.0
P00014-L006,P00014,earned,2025-03-29,2025-04-05,7.7
P00014-L007,P00014,earned,2025-05-10,2025-05-20,10.5
P00014-L008,P00014,compensatory,2025-06-14,2025-06-20,5.7
P00014-L009,P00014,casual,2025-07-22,2025-07-23,1.7
P00014-L010,P00014,casual,2025-09-01,2025-09-13,11.4
P00014-L011,P00014,earned,2025-10-11,2025-10-16,5.0
P00014-L012,P00014,earned,2025-11-28,2025-12-07,8.5
P00014-L013,P00014,earned,2026-01-05,2026-01-14,9.3
P00014-L014,P00014,casual,2026-02-27,2026-03-12,12.9
P00014-L015,P00014,medical,2026-04-06,2026-04-14,7.6
P00014-L016,P00014,earned,2026-05-23,2026-05-24,1.0
P00014-L017,P00014,earned,2026-06-15,2026-07-01,16.0
P00014-L018,P00014,earned,2026-07-25,2026-08-04,9.8
P00015-L001,P00015,earned,2024-10-10,2024-10-16,6.2
P00015-L002,P00015,casual,2024-12-14,2024-12-29,15.0
P00015-L003,P00015,medical,2025-01-18,2025-01-22,3.4
P00015-L004,P00015,earned,2025-04-05,2025-04-22,16.6
P00015-L005,P00015,casual,2025-07-08,2025-07-13,5.7
P00015-L006,P00015,casual,2025-08-17,2025-09-03,17.5
P00015-L007,P00015,casual,2025-10-16,2025-10-26,10.5
P00015-L008,P00015,casual,2025-12-18,2026-01-01,13.8
P00015-L009,P00015,casual,2026-02-17,2026-02-19,2.1
P00015-L010,P00015,compensatory,2026-05-25,2026-06-10,15.4
P00015-L011,P00015,casual,2026-07-25,2026-08-03,9.3
P00016-L001,P00016,casual,2024-08-31,2024-09-07,6.9
P00016-L002,P00016,casual,2024-10-04,2024-10-10,6.2
P00016-L003,P00016,casual,2024-11-08,2024-11-11,3.1
P00016-L004,P00016,earned,2024-12-08,2024-12-16,7.9
P00016-L005,P00016,earned,2025-01-05,2025-01-12,6.9
P00016-L006,P00016,earned,2025-02-14,2025-02-22,7.7
P00016-L007,P00016,earned,2025-03-30,2025-04-03,3.4
P00016-L008,P00016,casual,2025-04-16,2025-04-22,5.9
P00016-L009,P00016,earned,2025-06-01,2025-06-06,4.9
P00016-L010,P00016,earned,2025-07-07,2025-07-10,2.5
P00016-L011,P00016,earned,2025-07-24,2025-08-01,7.9
P00016-L012,P00016,earned,2025-08-23,2025-08-29,6.3
P00016-L013,P00016,earned,2025-09-19,2025-09-30,10.8
P00016-L014,P00016,earned,2025-10-30,2025-11-05,6.3
P00016-L015,P00016,casual,2025-11-24,2025-12-10,15.8
P00016-L016,P00016,earned,2025-12-27,2026-01-03,7.2
P00016-L017,P00016,medical,2026-01-25,2026-02-03,8.3
P00016-L018,P00016,earned,2026-03-05,2026-03-09,4.1
P00016-L019,P00016,compensatory,2026-04-06,2026-04-17,10.5
P00016-L020,P00016,earned,2026-05-05,2026-05-09,4.8
P00016-L021,P00016,medical,2026-06-16,2026-06-23,7.1
P00016-L022,P00016,earned,2026-07-02,2026-07-06,3.7
P00016-L023,P00016,earned,2026-08-16,2026-08-26,9.8
P00017-L001,P00017,casual,2024-09-15,2024-09-21,6.1
P00017-L002,P00017,casual,2024-10-07,2024-10-12,5.5
P00017-L003,P00017,casual,2024-11-09,2024-11-15,5.9
P00017-L004,P00017,casual,2024-12-09,2024-12-11,1.4
P00017-L005,P00017,earned,2025-01-14,2025-01-19,5.3
P00017-L006,P00017,earned,2025-03-04,2025-03-10,6.7
P00017-L007,P00017,earned,2025-03-21,2025-03-27,5.6
P00017-L008,P00017,earned,2025-05-05,2025-05-11,6.3
P00017-L009,P00017,earned,2025-05-24,2025-05-29,4.9
P00017-L010,P00017,earned,2025-07-01,2025-07-15,14.0
P00017-L011,P00017,medical,2025-08-11,2025-08-17,6.0
P00017-L012,P00017,earned,2025-09-09,2025-09-14,4.3
P00017-L013,P00017,casual,2025-10-08,2025-10-15,6.6
P00017-L014,P00017,casual,2025-11-23,2025-12-03,10.1
P00017-L015,P00017,earned,2025-12-18,2025-12-23,5.3
P00017-L016,P00017,casual,2026-01-29,2026-02-06,7.5
P00017-L017,P00017,earned,2026-02-23,2026-03-01,6.0
P00017-L018,P00017,medical,2026-03-19,2026-04-05,16.3
P00017-L019,P00017,medical,2026-05-09,2026-05-16,6.7
P00017-L020,P00017,earned,2026-05-30,2026-06-03,4.6
P00017-L021,P00017,earned,2026-07-10,2026-07-25,14.5
P00017-L022,P00017,earned,2026-08-13,2026-08-18,5.4
P00018-L001,P00018,casual,2024-09-08,2024-09-15,6.8
P00018-L002,P00018,casual,2024-10-11,2024-10-21,9.7
P00018-L003,P00018,casual,2024-11-21,2024-11-26,5.0
P00018-L004,P00018,earned,2024-12-21,2025-01-01,10.7
P00018-L005,P00018,medical,2025-01-22,2025-02-01,9.9
P00018-L006,P00018,casual,2025-02-24,2025-02-28,4.6
P00018-L007,P00018,casual,2025-03-28,2025-04-05,8.0
P00018-L008,P00018,casual,2025-05-04,2025-05-10,5.5
P00018-L009,P00018,casual,2025-06-08,2025-06-23,15.2
P00018-L010,P00018,earned,2025-07-11,2025-07-16,4.4
P00018-L011,P00018,earned,2025-08-14,2025-08-22,7.9
P00018-L012,P00018,medical,2025-09-20,2025-09-23,3.6
P00018-L013,P00018,earned,2025-11-07,2025-11-10,3.2
P00018-L014,P00018,casual,2025-12-08,2025-12-14,5.6
P00018-L015,P00018,earned,2026-01-07,2026-01-14,7.1
P00018-L016,P00018,earned,2026-02-04,2026-02-17,13.0
P00018-L017,P00018,earned,2026-03-14,2026-03-30,16.2
P00018-L018,P00018,compensatory,2026-05-01,2026-05-06,5.2
P00018-L019,P00018,casual,2026-05-22,2026-06-03,11.4
P00018-L020,P00018,casual,2026-07-11,2026-07-23,12.1
P00018-L021,P00018,compensatory,2026-08-06,2026-08-14,8.9
P00019-L001,P00019,earned,2024-09-04,2024-09-10,6.4
P00019-L002,P00019,earned,2024-10-29,2024-11-04,6.0
P00019-L003,P00019,earned,2024-12-15,2025-01-01,16.7
P00019-L004,P00019,medical,2025-01-23,2025-01-27,4.7
P00019-L005,P00019,medical,2025-03-07,2025-03-13,6.5
P00019-L006,P00019,casual,2025-04-24,2025-05-09,15.7
P00019-L007,P00019,earned,2025-06-02,2025-06-13,11.3
P00019-L008,P00019,casual,2025-08-12,2025-08-20,8.0
P00019-L009,P00019,casual,2025-09-08,2025-09-19,10.7
P00019-L010,P00019,earned,2025-11-02,2025-11-21,18.9
P00019-L011,P00019,medical,2025-12-14,2025-12-21,6.9
P00019-L012,P00019,earned,2026-01-19,2026-01-21,1.9
P00019-L013,P00019,earned,2026-03-20,2026-03-27,6.9
P00019-L014,P00019,compensatory,2026-04-30,2026-05-12,11.2
P00019-L015,P00019,earned,2026-06-24,2026-07-10,16.1
P00019-L016,P00019,earned,2026-07-18,2026-07-23,5.1
P00020-L001,P00020,casual,2024-09-19,2024-09-28,9.0
P00020-L002,P00020,casual,2024-10-18,2024-10-23,4.6
P00020-L003,P00020,compensatory,2024-11-24,2024-11-28,4.8
P00020-L004,P00020,compensatory,2024-12-24,2024-12-30,6.0
P00020-L005,P00020,earned,2025-01-22,2025-01-29,7.2
P00020-L006,P00020,compensatory,2025-02-25,2025-03-02,5.0
P00020-L007,P00020,earned,2025-04-03,2025-04-08,5.4
P00020-L008,P00020,earned,2025-05-08,2025-05-12,3.7
P00020-L009,P00020,compensatory,2025-06-16,2025-06-27,11.1
P00020-L010,P00020,medical,2025-07-13,2025-07-17,3.7
P00020-L011,P00020,casual,2025-08-18,2025-08-21,2.9
P00020-L012,P00020,casual,2025-09-21,2025-09-27,5.5
P00020-L013,P00020,casual,2025-10-28,2025-11-06,9.0
P00020-L014,P00020,casual,2025-11-28,2025-12-07,8.7
P00020-L015,P00020,medical,2026-01-16,2026-01-19,2.8
P00020-L016,P00020,casual,2026-02-18,2026-03-02,11.7
P00020-L017,P00020,earned,2026-03-18,2026-03-26,7.5
P00020-L018,P00020,earned,2026-04-23,2026-05-05,11.4
P00020-L019,P00020,earned,2026-05-25,2026-05-27,2.7
P00020-L020,P00020,casual,2026-07-02,2026-07-05,2.7
P00020-L021,P00020,casual,2026-08-03,2026-08-08,4.4
P00021-L001,P00021,earned,2024-09-22,2024-09-30,7.1
P00021-L002,P00021,casual,2024-11-05,2024-11-19,13.9
P00021-L003,P00021,compensatory,2025-01-18,2025-02-14,27.0
P00021-L004,P00021,casual,2025-04-03,2025-04-19,16.5
P00021-L005,P00021,compensatory,2025-06-12,2025-06-22,9.9
P00021-L006,P00021,compensatory,2025-08-28,2025-09-04,6.8
P00021-L007,P00021,earned,2025-10-30,2025-11-08,9.7
P00021-L008,P00021,medical,2025-12-26,2026-01-12,16.6
P00021-L009,P00021,casual,2026-02-19,2026-03-10,18.6
P00021-L010,P00021,casual,2026-06-06,2026-06-13,6.7
P00021-L011,P00021,earned,2026-07-11,2026-07-17,5.1
P00022-L001,P00022,casual,2024-10-14,2024-11-04,20.9
P00022-L002,P00022,earned,2024-12-15,2024-12-29,14.8
P00022-L003,P00022,medical,2025-05-09,2025-05-23,14.0
P00022-L004,P00022,compensatory,2025-07-17,2025-07-30,13.9
P00022-L005,P00022,casual,2025-09-26,2025-10-10,14.2
P00022-L006,P00022,compensatory,2026-01-10,2026-01-14,3.8
P00022-L007,P00022,casual,2026-03-13,2026-04-12,30.0
P00022-L008,P00022,earned,2026-07-23,2026-08-05,12.8
P00023-L001,P00023,casual,2024-09-02,2024-09-08,6.6
P00023-L002,P00023,medical,2024-11-26,2024-12-01,5.2
P00023-L003,P00023,earned,2024-12-21,2025-01-02,11.3
P00023-L004,P00023,earned,2025-01-30,2025-02-11,11.3
P00023-L005,P00023,compensatory,2025-04-11,2025-04-21,10.2
P00023-L006,P00023,casual,2025-05-06,2025-05-09,2.7
P00023-L007,P00023,earned,2025-06-30,2025-07-20,20.1
P00023-L008,P00023,earned,2025-08-12,2025-08-22,9.6
P00023-L009,P00023,earned,2025-09-27,2025-10-02,5.4
P00023-L010,P00023,earned,2025-11-27,2025-12-04,6.3
P00023-L011,P00023,earned,2026-01-22,2026-01-31,9.4
P00023-L012,P00023,casual,2026-02-27,2026-03-06,7.4
P00023-L013,P00023,compensatory,2026-05-02,2026-05-12,9.1
P00023-L014,P00023,casual,2026-05-27,2026-06-03,7.2
P00023-L015,P00023,medical,2026-07-31,2026-08-09,9.3
P00024-L001,P00024,casual,2024-09-06,2024-09-12,6.9
P00024-L002,P00024,medical,2024-12-14,2024-12-23,8.8
P00024-L003,P00024,earned,2025-01-15,2025-01-21,6.1
P00024-L004,P00024,casual,2025-04-10,2025-04-16,5.9
P00024-L005,P00024,earned,2025-05-31,2025-06-18,17.5
P00024-L006,P00024,medical,2025-08-18,2025-08-20,2.8
P00024-L007,P00024,earned,2025-10-22,2025-11-01,9.3
P00024-L008,P00024,casual,2026-01-15,2026-02-09,24.7
P00024-L009,P00024,earned,2026-02-23,2026-03-06,10.9
P00024-L010,P00024,earned,2026-05-21,2026-06-05,14.9
P00024-L011,P00024,earned,2026-07-10,2026-07-23,12.7
P00025-L001,P00025,casual,2024-09-17,2024-09-25,8.6
P00025-L002,P00025,earned,2024-10-22,2024-11-04,12.4
P00025-L003,P00025,earned,2024-12-19,2024-12-25,6.4
P00025-L004,P00025,earned,2025-01-13,2025-01-26,13.0
P00025-L005,P00025,earned,2025-03-04,2025-03-19,15.2
P00025-L006,P00025,medical,2025-04-08,2025-04-19,10.5
P00025-L007,P00025,earned,2025-05-24,2025-06-07,14.0
P00025-L008,P00025,earned,2025-07-02,2025-07-21,18.5
P00025-L009,P00025,compensatory,2025-08-18,2025-08-27,9.2
P00025-L010,P00025,earned,2025-10-15,2025-10-21,5.2
P00025-L011,P00025,casual,2025-11-23,2025-11-27,4.8
P00025-L012,P00025,earned,2025-12-17,2026-01-08,21.7
P00025-L013,P00025,casual,2026-02-15,2026-02-24,9.2
P00025-L014,P00025,earned,2026-03-24,2026-04-01,8.0
P00025-L015,P00025,earned,2026-05-26,2026-05-28,2.4
P00025-L016,P00025,compensatory,2026-07-08,2026-07-11,2.8
P00025-L017,P00025,earned,2026-08-05,2026-08-19,14.9
P00026-L001,P00026,earned,2024-08-31,2024-09-20,19.4
P00026-L002,P00026,medical,2024-10-22,2024-10-29,7.2
P00026-L003,P00026,earned,2024-12-08,2024-12-19,10.3
P00026-L004,P00026,casual,2025-01-08,2025-01-29,20.1
P00026-L005,P00026,casual,2025-02-28,2025-03-09,9.0
P00026-L006,P00026,earned,2025-04-18,2025-04-26,7.2
P00026-L007,P00026,earned,2025-06-04,2025-06-10,6.1
P00026-L008,P00026,earned,2025-07-06,2025-07-08,2.0
P00026-L009,P00026,earned,2025-09-02,2025-09-06,4.0
P00026-L010,P00026,casual,2025-09-25,2025-10-09,13.7
P00026-L011,P00026,earned,2025-11-08,2025-11-15,6.9
P00026-L012,P00026,casual,2026-01-03,2026-01-10,7.7
P00026-L013,P00026,casual,2026-02-02,2026-02-16,13.5
P00026-L014,P00026,compensatory,2026-03-15,2026-03-19,4.2
P00026-L015,P00026,earned,2026-05-01,2026-05-08,6.6
P00026-L016,P00026,medical,2026-06-13,2026-06-17,4.3
P00026-L017,P00026,casual,2026-07-24,2026-08-02,8.9
P00027-L001,P00027,earned,2024-09-05,2024-09-15,10.3
P00027-L002,P00027,earned,2024-10-17,2024-10-27,9.9
P00027-L003,P00027,casual,2024-12-12,2024-12-17,5.8
P00027-L004,P00027,earned,2025-01-30,2025-02-08,8.7
P00027-L005,P00027,earned,2025-03-02,2025-03-18,16.5
P00027-L006,P00027,casual,2025-04-08,2025-04-13,5.2
P00027-L007,P00027,earned,2025-05-18,2025-05-23,5.7
P00027-L008,P00027,earned,2025-06-28,2025-07-03,5.4
P00027-L009,P00027,casual,2025-08-16,2025-08-25,8.9
P00027-L010,P00027,earned,2025-10-14,2025-10-20,5.8
P00027-L011,P00027,medical,2025-11-14,2025-11-25,10.7
P00027-L012,P00027,earned,2025-12-28,2026-01-06,9.7
P00027-L013,P00027,compensatory,2026-01-31,2026-02-21,21.4
P00027-L014,P00027,earned,2026-04-04,2026-04-08,3.6
P00027-L015,P00027,casual,2026-05-21,2026-05-25,4.1
P00027-L016,P00027,earned,2026-06-09,2026-06-17,8.6
P00027-L017,P00027,medical,2026-07-21,2026-08-09,19.3
P00028-L001,P00028,casual,2024-09-21,2024-10-02,11.5
P00028-L002,P00028,earned,2024-10-20,2024-10-23,3.7
P00028-L003,P00028,earned,2024-11-25,2024-12-10,14.5
P00028-L004,P00028,earned,2025-01-26,2025-02-08,13.8
P00028-L005,P00028,casual,2025-03-08,2025-03-14,5.8
P00028-L006,P00028,earned,2025-04-04,2025-04-15,11.4
P00028-L007,P00028,casual,2025-05-25,2025-06-11,16.7
P00028-L008,P00028,casual,2025-07-03,2025-07-20,16.1
P00028-L009,P00028,earned,2025-08-14,2025-08-19,4.6
P00028-L010,P00028,casual,2025-10-08,2025-10-14,6.5
P00028-L011,P00028,casual,2025-11-09,2025-11-20,11.3
P00028-L012,P00028,medical,2025-12-19,2025-12-25,5.7
P00028-L013,P00028,casual,2026-02-11,2026-02-16,5.4
P00028-L014,P00028,earned,2026-04-09,2026-04-15,6.0
P00028-L015,P00028,casual,2026-05-03,2026-05-06,3.1
P00028-L016,P00028,casual,2026-06-10,2026-06-24,13.9
P00028-L017,P00028,casual,2026-08-15,2026-08-22,6.2
P00029-L001,P00029,earned,2024-09-30,2024-10-08,7.2
P00029-L002,P00029,medical,2024-11-24,2024-12-03,8.9
P00029-L003,P00029,earned,2025-01-03,2025-01-08,5.1
P00029-L004,P00029,medical,2025-02-08,2025-03-07,27.5
P00029-L005,P00029,earned,2025-04-07,2025-04-14,7.2
P00029-L006,P00029,earned,2025-05-27,2025-06-14,17.2
P00029-L007,P00029,medical,2025-08-06,2025-08-19,12.6
P00029-L008,P00029,casual,2025-09-24,2025-10-01,7.6
P00029-L009,P00029,casual,2025-10-25,2025-11-05,10.7
P00029-L010,P00029,earned,2025-12-28,2026-01-09,11.7
P00029-L011,P00029,casual,2026-02-20,2026-03-17,25.2
P00029-L012,P00029,casual,2026-04-20,2026-04-24,4.0
P00029-L013,P00029,earned,2026-06-13,2026-06-23,9.6
P00029-L014,P00029,earned,2026-08-05,2026-08-10,4.4
P00030-L001,P00030,medical,2024-09-15,2024-09-25,9.4
P00030-L002,P00030,casual,2024-10-18,2024-11-02,14.9
P00030-L003,P00030,earned,2024-12-20,2024-12-25,5.6
P00030-L004,P00030,earned,2025-01-27,2025-02-03,7.4
P00030-L005,P00030,earned,2025-03-03,2025-03-22,18.3
P00030-L006,P00030,casual,2025-05-04,2025-05-13,9.9
P00030-L007,P00030,earned,2025-06-05,2025-06-16,11.1
P00030-L008,P00030,earned,2025-08-01,2025-08-08,7.0
P00030-L009,P00030,earned,2025-09-10,2025-09-22,11.4
P00030-L010,P00030,earned,2025-10-27,2025-11-10,13.9
P00030-L011,P00030,earned,2025-12-17,2025-12-25,8.2
P00030-L012,P00030,casual,2026-01-24,2026-01-29,5.5
P00030-L013,P00030,casual,2026-03-04,2026-03-24,19.5
P00030-L014,P00030,earned,2026-04-17,2026-04-27,10.0
P00030-L015,P00030,compensatory,2026-06-07,2026-06-18,10.9
P00030-L016,P00030,casual,2026-07-25,2026-08-02,8.2
P00031-L001,P00031,casual,2024-09-02,2024-09-07,4.5
P00031-L002,P00031,medical,2024-11-18,2024-11-27,8.7
P00031-L003,P00031,casual,2025-01-21,2025-01-27,5.8
P00031-L004,P00031,earned,2025-03-21,2025-04-09,19.2
P00031-L005,P00031,casual,2025-05-19,2025-06-10,21.6
P00031-L006,P00031,earned,2025-07-14,2025-07-22,7.8
P00031-L007,P00031,earned,2025-09-01,2025-09-07,6.0
P00031-L008,P00031,earned,2025-12-02,2025-12-11,9.0
P00031-L009,P00031,casual,2026-01-03,2026-01-23,19.9
P00031-L010,P00031,earned,2026-03-08,2026-03-19,11.1
P00031-L011,P00031,earned,2026-05-16,2026-05-21,4.4
P00031-L012,P00031,earned,2026-08-05,2026-08-16,10.7
P00032-L001,P00032,earned,2024-09-04,2024-09-11,7.0
P00032-L002,P00032,casual,2024-10-02,2024-10-20,17.5
P00032-L003,P00032,medical,2024-11-04,2024-11-10,6.2
P00032-L004,P00032,earned,2024-11-29,2024-12-07,8.3
P00032-L005,P00032,earned,2024-12-26,2025-01-03,8.2
P00032-L006,P00032,earned,2025-01-28,2025-02-01,3.8
P00032-L007,P00032,casual,2025-03-09,2025-03-11,2.4
P00032-L008,P00032,earned,2025-03-27,2025-04-01,4.9
P00032-L009,P00032,earned,2025-05-07,2025-05-10,3.0
P00032-L010,P00032,earned,2025-05-29,2025-06-04,6.2
P00032-L011,P00032,casual,2025-07-10,2025-07-14,3.4
P00032-L012,P00032,earned,2025-07-20,2025-07-22,1.9
P00032-L013,P00032,earned,2025-08-24,2025-09-01,8.7
P00032-L014,P00032,earned,2025-09-17,2025-09-26,8.9
P00032-L015,P00032,earned,2025-10-19,2025-10-27,7.7
P00032-L016,P00032,earned,2025-11-14,2025-11-29,14.6
P00032-L017,P00032,earned,2025-12-12,2025-12-13,1.3
P00032-L018,P00032,casual,2026-01-16,2026-01-18,2.3
P00032-L019,P00032,earned,2026-02-14,2026-02-15,1.5
P00032-L020,P00032,earned,2026-03-11,2026-03-14,3.4
P00032-L021,P00032,casual,2026-04-12,2026-04-16,3.6
P00032-L022,P00032,earned,2026-05-09,2026-05-17,7.8
P00032-L023,P00032,earned,2026-06-06,2026-06-11,5.0
P00032-L024,P00032,earned,2026-07-08,2026-07-11,3.2
P00032-L025,P00032,casual,2026-08-06,2026-08-11,4.7
P00033-L001,P00033,earned,2024-09-19,2024-09-23,4.4
P00033-L002,P00033,earned,2024-10-10,2024-10-24,13.4
P00033-L003,P00033,earned,2024-11-04,2024-11-17,13.0
P00033-L004,P00033,earned,2024-12-05,2024-12-08,3.0
P00033-L005,P00033,compensatory,2025-01-12,2025-01-18,5.9
P00033-L006,P00033,earned,2025-02-11,2025-02-17,6.2
P00033-L007,P00033,earned,2025-03-18,2025-03-24,5.6
P00033-L008,P00033,casual,2025-04-19,2025-04-24,5.7
P00033-L009,P00033,earned,2025-05-17,2025-05-20,2.9
P00033-L010,P00033,casual,2025-06-17,2025-06-22,4.7
P00033-L011,P00033,casual,2025-07-17,2025-07-28,10.4
P00033-L012,P00033,earned,2025-08-20,2025-08-23,3.9
P00033-L013,P00033,casual,2025-09-26,2025-10-02,6.5
P00033-L014,P00033,earned,2025-11-02,2025-11-07,5.8
P00033-L015,P00033,casual,2025-12-03,2025-12-08,5.4
P00033-L016,P00033,medical,2025-12-22,2025-12-28,6.2
P00033-L017,P00033,casual,2026-01-30,2026-02-06,7.1
P00033-L018,P00033,casual,2026-03-06,2026-03-13,7.4
P00033-L019,P00033,earned,2026-03-28,2026-04-05,8.0
P00033-L020,P00033,earned,2026-05-10,2026-05-23,13.5
P00033-L021,P00033,medical,2026-06-03,2026-06-10,6.7
P00033-L022,P00033,compensatory,2026-06-29,2026-07-10,10.8
P00033-L023,P00033,casual,2026-08-12,2026-08-18,6.0
P00034-L001,P00034,earned,2024-08-31,2024-09-11,10.6
P00034-L002,P00034,medical,2024-10-21,2024-10-31,10.4
P00034-L003,P00034,earned,2024-12-19,2024-12-29,9.9
P00034-L004,P00034,medical,2025-01-19,2025-01-31,11.9
P00034-L005,P00034,earned,2025-03-08,2025-04-03,25.9
P00034-L006,P00034,earned,2025-04-18,2025-04-27,8.5
P00034-L007,P00034,earned,2025-06-02,2025-06-04,2.6
P00034-L008,P00034,earned,2025-08-08,2025-08-15,6.3
P00034-L009,P00034,compensatory,2025-09-08,2025-09-23,14.7
P00034-L010,P00034,casual,2025-10-24,2025-10-27,3.1
P00034-L011,P00034,earned,2025-12-10,2025-12-19,9.4
P00034-L012,P00034,casual,2026-02-05,2026-02-11,5.9
P00034-L013,P00034,casual,2026-03-06,2026-03-20,14.7
P00034-L014,P00034,earned,2026-04-29,2026-05-16,17.0
P00034-L015,P00034,earned,2026-06-12,2026-06-17,4.7
P00034-L016,P00034,earned,2026-08-06,2026-08-18,11.7
P00035-L001,P00035,earned,2024-09-15,2024-09-22,6.4
P00035-L002,P00035,earned,2024-10-05,2024-10-09,4.5
P00035-L003,P00035,earned,2024-11-13,2024-11-18,4.8
P00035-L004,P00035,earned,2024-12-26,2024-12-31,5.2
P00035-L005,P00035,earned,2025-01-18,2025-02-02,14.9
P00035-L006,P00035,earned,2025-02-23,2025-03-07,12.6
P00035-L007,P00035,casual,2025-03-30,2025-04-04,5.2
P00035-L008,P00035,earned,2025-05-04,2025-05-13,8.1
P00035-L009,P00035,medical,2025-06-14,2025-06-23,9.6
P00035-L010,P00035,medical,2025-07-14,2025-07-21,7.0
P00035-L011,P00035,compensatory,2025-08-31,2025-09-16,16.2
P00035-L012,P00035,earned,2025-09-23,2025-09-27,3.6
P00035-L013,P00035,compensatory,2025-10-23,2025-10-30,7.0
P00035-L014,P00035,casual,2025-11-28,2025-12-09,10.8
P00035-L015,P00035,medical,2026-01-07,2026-01-17,10.4
P00035-L016,P00035,medical,2026-02-13,2026-02-22,9.4
P00035-L017,P00035,casual,2026-03-17,2026-03-21,4.1
P00035-L018,P00035,earned,2026-04-16,2026-04-29,12.8
P00035-L019,P00035,earned,2026-05-23,2026-05-25,2.2
P00035-L020,P00035,casual,2026-07-06,2026-07-12,5.9
P00035-L021,P00035,medical,2026-07-31,2026-08-06,5.6
P00036-L001,P00036,casual,2024-09-11,2024-09-22,11.1
P00036-L002,P00036,earned,2024-11-13,2024-12-08,25.6
P00036-L003,P00036,earned,2025-02-04,2025-02-19,14.8
P00036-L004,P00036,earned,2025-03-12,2025-03-18,6.2
P00036-L005,P00036,casual,2025-05-12,2025-06-02,20.9
P00036-L006,P00036,casual,2025-07-13,2025-07-18,5.5
P00036-L007,P00036,medical,2025-09-07,2025-09-11,4.2
P00036-L008,P00036,casual,2025-11-10,2025-11-22,11.9
P00036-L009,P00036,medical,2026-02-13,2026-02-23,10.0
P00036-L010,P00036,earned,2026-03-10,2026-03-30,20.0
P00036-L011,P00036,casual,2026-05-11,2026-05-19,8.4
P00036-L012,P00036,casual,2026-07-07,2026-07-09,1.6
P00037-L001,P00037,earned,2024-09-10,2024-09-17,7.0
P00037-L002,P00037,earned,2024-10-20,2024-11-07,18.1
P00037-L003,P00037,earned,2024-11-23,2024-12-01,7.8
P00037-L004,P00037,earned,2025-01-05,2025-01-11,6.5
P00037-L005,P00037,medical,2025-02-28,2025-03-13,12.4
P00037-L006,P00037,earned,2025-03-25,2025-03-30,5.6
P00037-L007,P00037,medical,2025-05-21,2025-05-31,10.1
P00037-L008,P00037,earned,2025-06-29,2025-07-04,4.7
P00037-L009,P00037,earned,2025-08-04,2025-08-11,7.1
P00037-L010,P00037,medical,2025-09-20,2025-10-06,15.8
P00037-L011,P00037,compensatory,2025-10-18,2025-10-23,5.1
P00037-L012,P00037,casual,2025-11-30,2025-12-05,4.8
P00037-L013,P00037,earned,2026-01-10,2026-01-26,16.0
P00037-L014,P00037,medical,2026-02-14,2026-02-22,8.4
P00037-L015,P00037,earned,2026-04-03,2026-04-13,10.0
P00037-L016,P00037,earned,2026-05-20,2026-05-31,10.9
P00037-L017,P00037,casual,2026-07-08,2026-07-14,6.0
P00037-L018,P00037,earned,2026-07-31,2026-08-03,2.7
P00038-L001,P00038,earned,2024-09-01,2024-09-03,2.3
P00038-L002,P00038,casual,2024-09-28,2024-10-06,8.1
P00038-L003,P00038,earned,2024-10-30,2024-11-03,4.3
P00038-L004,P00038,earned,2024-12-04,2024-12-08,4.3
P00038-L005,P00038,earned,2024-12-27,2025-01-06,10.6
P00038-L006,P00038,earned,2025-01-25,2025-02-01,6.5
P00038-L007,P00038,earned,2025-02-16,2025-02-28,12.0
P00038-L008,P00038,earned,2025-03-18,2025-03-26,8.5
P00038-L009,P00038,earned,2025-05-01,2025-05-08,6.6
P00038-L010,P00038,casual,2025-05-25,2025-05-27,1.7
P00038-L011,P00038,earned,2025-06-18,2025-06-23,4.3
P00038-L012,P00038,earned,2025-07-10,2025-07-15,5.5
P00038-L013,P00038,earned,2025-08-03,2025-08-12,8.7
P00038-L014,P00038,earned,2025-09-06,2025-09-10,4.4
P00038-L015,P00038,earned,2025-10-04,2025-10-10,5.7
P00038-L016,P00038,earned,2025-11-08,2025-11-13,4.9
P00038-L017,P00038,earned,2025-12-14,2025-12-18,4.7
P00038-L018,P00038,medical,2025-12-28,2026-01-08,10.7
P00038-L019,P00038,earned,2026-01-20,2026-01-29,9.6
P00038-L020,P00038,earned,2026-02-20,2026-02-28,8.2
P00038-L021,P00038,casual,2026-03-27,2026-04-06,9.8
P00038-L022,P00038,earned,2026-04-28,2026-05-04,6.3
P00038-L023,P00038,compensatory,2026-05-12,2026-05-16,3.8
P00038-L024,P00038,earned,2026-06-18,2026-06-20,2.3
P00038-L025,P00038,medical,2026-07-14,2026-07-26,11.3
P00038-L026,P00038,earned,2026-08-22,2026-08-28,5.6
P00039-L001,P00039,casual,2024-09-07,2024-09-09,1.7
P00039-L002,P00039,earned,2024-10-10,2024-10-14,3.7
P00039-L003,P00039,compensatory,2024-10-25,2024-11-01,7.1
P00039-L004,P00039,medical,2024-11-18,2024-11-25,7.1
P00039-L005,P00039,casual,2024-12-14,2024-12-22,7.8
P00039-L006,P00039,medical,2025-01-10,2025-01-15,4.8
P00039-L007,P00039,earned,2025-02-12,2025-02-17,4.8
P00039-L008,P00039,earned,2025-02-26,2025-03-05,6.7
P00039-L009,P00039,casual,2025-03-26,2025-04-02,6.9
P00039-L010,P00039,earned,2025-04-16,2025-04-21,5.5
P00039-L011,P00039,medical,2025-05-22,2025-05-27,4.9
P00039-L012,P00039,earned,2025-06-06,2025-06-08,1.8
P00039-L013,P00039,earned,2025-07-03,2025-07-11,8.0
P00039-L014,P00039,medical,2025-07-30,2025-08-08,9.6
P00039-L015,P00039,medical,2025-08-22,2025-09-02,11.4
P00039-L016,P00039,casual,2025-09-16,2025-09-20,3.7
P00039-L017,P00039,compensatory,2025-10-13,2025-10-17,3.9
P00039-L018,P00039,casual,2025-11-14,2025-11-24,10.4
P00039-L019,P00039,earned,2025-12-08,2025-12-15,7.2
P00039-L020,P00039,earned,2025-12-25,2025-12-28,3.7
P00039-L021,P00039,medical,2026-01-22,2026-01-28,6.1
P00039-L022,P00039,earned,2026-02-14,2026-02-19,5.2
P00039-L023,P00039,earned,2026-03-10,2026-03-13,3.4
P00039-L024,P00039,earned,2026-04-11,2026-04-21,10.1
P00039-L025,P00039,casual,2026-04-30,2026-05-05,4.2
P00039-L026,P00039,earned,2026-05-28,2026-06-06,8.8
P00039-L027,P00039,earned,2026-06-22,2026-06-26,4.4
P00039-L028,P00039,earned,2026-07-19,2026-07-28,9.5
P00039-L029,P00039,earned,2026-08-16,2026-08-18,2.5
P00040-L001,P00040,casual,2024-09-05,2024-09-16,10.9
P00040-L002,P00040,earned,2024-11-23,2024-11-29,6.1
P00040-L003,P00040,earned,2024-12-18,2025-01-02,14.9
P00040-L004,P00040,casual,2025-02-13,2025-03-05,19.3
P00040-L005,P00040,casual,2025-04-02,2025-04-11,9.6
P00040-L006,P00040,casual,2025-05-28,2025-06-04,6.8
P00040-L007,P00040,earned,2025-07-16,2025-07-26,9.3
P00040-L008,P00040,medical,2025-09-05,2025-09-20,15.2
P00040-L009,P00040,casual,2025-11-02,2025-11-16,13.8
P00040-L010,P00040,earned,2026-01-03,2026-01-19,15.4
P00040-L011,P00040,earned,2026-02-09,2026-02-11,2.0
P00040-L012,P00040,earned,2026-04-29,2026-05-02,3.8
P00040-L013,P00040,earned,2026-06-14,2026-07-02,18.4
P00040-L014,P00040,medical,2026-08-03,2026-08-15,11.9
P00041-L001,P00041,earned,2024-09-15,2024-09-26,11.4
P00041-L002,P00041,earned,2024-10-04,2024-10-17,13.2
P00041-L003,P00041,earned,2024-11-10,2024-11-24,13.9
P00041-L004,P00041,casual,2024-12-26,2025-01-01,6.6
P00041-L005,P00041,earned,2025-01-19,2025-01-26,7.8
P00041-L006,P00041,earned,2025-02-20,2025-03-05,12.2
P00041-L007,P00041,casual,2025-04-06,2025-04-10,4.7
P00041-L008,P00041,casual,2025-04-23,2025-05-08,14.5
P00041-L009,P00041,earned,2025-05-25,2025-05-30,5.3
P00041-L010,P00041,compensatory,2025-07-08,2025-07-15,6.2
P00041-L011,P00041,earned,2025-08-24,2025-08-29,5.5
P00041-L012,P00041,compensatory,2025-09-17,2025-09-24,6.5
P00041-L013,P00041,casual,2025-10-10,2025-10-18,8.6
P00041-L014,P00041,medical,2025-11-26,2025-12-02,5.7
P00041-L015,P00041,earned,2025-12-16,2025-12-22,6.1
P00041-L016,P00041,casual,2026-01-14,2026-01-30,16.1
P00041-L017,P00041,casual,2026-02-19,2026-03-03,12.1
P00041-L018,P00041,casual,2026-03-19,2026-03-27,7.8
P00041-L019,P00041,casual,2026-05-13,2026-05-19,6.6
P00041-L020,P00041,medical,2026-05-27,2026-06-01,4.7
P00041-L021,P00041,earned,2026-07-02,2026-07-18,15.6
P00041-L022,P00041,casual,2026-08-11,2026-08-20,8.9
P00042-L001,P00042,casual,2024-09-11,2024-09-23,12.1
P00042-L002,P00042,earned,2024-11-14,2024-11-23,9.3
P00042-L003,P00042,earned,2024-12-24,2025-01-13,20.8
P00042-L004,P00042,casual,2025-02-18,2025-02-26,7.8
P00042-L005,P00042,earned,2025-03-21,2025-03-28,6.6
P00042-L006,P00042,casual,2025-05-23,2025-05-31,8.0
P00042-L007,P00042,earned,2025-06-23,2025-06-30,7.2
P00042-L008,P00042,earned,2025-08-10,2025-08-24,13.6
P00042-L009,P00042,compensatory,2025-10-06,2025-10-14,7.3
P00042-L010,P00042,earned,2025-11-27,2025-12-08,10.5
P00042-L011,P00042,medical,2026-01-24,2026-02-04,10.3
P00042-L012,P00042,earned,2026-02-28,2026-03-08,7.8
P00042-L013,P00042,casual,2026-04-17,2026-05-05,17.9
P00042-L014,P00042,earned,2026-05-31,2026-06-18,17.8
P00042-L015,P00042,casual,2026-07-27,2026-08-07,11.3
P00043-L001,P00043,compensatory,2024-09-14,2024-09-17,3.0
P00043-L002,P00043,earned,2024-10-08,2024-10-14,5.8
P00043-L003,P00043,casual,2024-11-24,2024-11-27,3.4
P00043-L004,P00043,earned,2024-12-26,2025-01-03,7.8
P00043-L005,P00043,casual,2025-01-19,2025-02-01,13.3
P00043-L006,P00043,compensatory,2025-03-02,2025-03-13,11.4
P00043-L007,P00043,casual,2025-03-31,2025-04-09,8.9
P00043-L008,P00043,casual,2025-05-08,2025-05-11,2.4
P00043-L009,P00043,medical,2025-06-09,2025-06-16,7.0
P00043-L010,P00043,earned,2025-07-14,2025-07-22,8.1
P00043-L011,P00043,earned,2025-08-19,2025-08-25,6.4
P00043-L012,P00043,casual,2025-09-20,2025-10-02,11.7
P00043-L013,P00043,earned,2025-11-04,2025-11-09,4.3
P00043-L014,P00043,medical,2025-11-29,2025-12-09,9.2
P00043-L015,P00043,casual,2026-01-07,2026-01-15,7.4
P00043-L016,P00043,earned,2026-02-09,2026-02-13,3.9
P00043-L017,P00043,casual,2026-03-19,2026-03-25,6.6
P00043-L018,P00043,earned,2026-04-22,2026-04-29,7.3
P00043-L019,P00043,earned,2026-05-25,2026-06-03,9.0
P00043-L020,P00043,medical,2026-07-08,2026-07-15,7.7
P00043-L021,P00043,earned,2026-07-29,2026-08-10,11.3
P00044-L001,P00044,casual,2024-09-04,2024-09-27,22.8
P00044-L002,P00044,earned,2024-11-01,2024-11-11,10.6
P00044-L003,P00044,earned,2024-12-05,2024-12-09,4.0
P00044-L004,P00044,casual,2024-12-31,2025-01-08,8.1
P00044-L005,P00044,earned,2025-02-25,2025-03-08,11.2
P00044-L006,P00044,casual,2025-03-27,2025-04-09,12.9
P00044-L007,P00044,earned,2025-05-21,2025-05-26,5.4
P00044-L008,P00044,earned,2025-06-18,2025-06-30,11.6
P00044-L009,P00044,earned,2025-08-14,2025-08-24,9.7
P00044-L010,P00044,medical,2025-09-03,2025-09-09,6.2
P00044-L011,P00044,casual,2025-10-16,2025-10-28,11.6
P00044-L012,P00044,casual,2025-11-26,2025-12-04,7.6
P00044-L013,P00044,casual,2026-01-30,2026-02-07,7.9
P00044-L014,P00044,casual,2026-02-18,2026-02-26,8.0
P00044-L015,P00044,casual,2026-03-26,2026-04-11,16.3
P00044-L016,P00044,compensatory,2026-05-21,2026-06-03,13.2
P00044-L017,P00044,earned,2026-06-16,2026-06-19,2.6
P00044-L018,P00044,casual,2026-08-05,2026-08-14,9.0
P00045-L001,P00045,casual,2024-10-24,2024-11-02,9.2
P00045-L002,P00045,earned,2024-12-09,2024-12-27,17.9
P00045-L003,P00045,earned,2025-04-26,2025-05-04,8.1
P00045-L004,P00045,earned,2025-06-23,2025-07-01,7.3
P00045-L005,P00045,earned,2025-09-27,2025-10-05,8.0
P00045-L006,P00045,casual,2025-12-08,2025-12-16,7.5
P00045-L007,P00045,earned,2026-03-10,2026-03-14,4.6
P00045-L008,P00045,casual,2026-06-10,2026-06-14,4.2
P00046-L001,P00046,earned,2024-09-03,2024-09-20,16.1
P00046-L002,P00046,earned,2024-11-26,2024-12-07,11.2
P00046-L003,P00046,earned,2025-01-10,2025-01-15,4.9
P00046-L004,P00046,casual,2025-03-13,2025-03-25,12.1
P00046-L005,P00046,casual,2025-05-05,2025-05-28,22.3
P00046-L006,P00046,casual,2025-06-20,2025-07-05,14.8
P00046-L007,P00046,compensatory,2025-09-03,2025-09-19,15.9
P00046-L008,P00046,casual,2025-10-01,2025-10-19,17.7
P00046-L009,P00046,medical,2025-12-05,2025-12-15,10.2
P00046-L010,P00046,medical,2026-01-27,2026-02-10,14.3
P00046-L011,P00046,casual,2026-04-14,2026-04-17,3.3
P00046-L012,P00046,earned,2026-06-10,2026-06-19,8.4
P00046-L013,P00046,earned,2026-07-26,2026-08-16,21.9
P00047-L001,P00047,casual,2024-09-18,2024-09-22,3.5
P00047-L002,P00047,earned,2024-11-05,2024-11-09,3.9
P00047-L003,P00047,casual,2024-11-28,2024-12-05,6.6
P00047-L004,P00047,casual,2025-01-06,2025-01-15,8.6
P00047-L005,P00047,earned,2025-03-01,2025-03-13,11.3
P00047-L006,P00047,casual,2025-03-24,2025-03-28,3.6
P00047-L007,P00047,casual,2025-05-09,2025-05-18,8.3
P00047-L008,P00047,casual,2025-06-16,2025-06-21,5.5
P00047-L009,P00047,medical,2025-07-30,2025-08-06,7.1
P00047-L010,P00047,casual,2025-09-01,2025-09-04,2.9
P00047-L011,P00047,earned,2025-11-01,2025-11-06,5.7
P00047-L012,P00047,earned,2025-12-04,2025-12-13,9.1
P00047-L013,P00047,earned,2026-01-07,2026-01-12,4.1
P00047-L014,P00047,earned,2026-02-10,2026-02-19,9.1
P00047-L015,P00047,earned,2026-03-30,2026-04-09,10.1
P00047-L016,P00047,earned,2026-05-13,2026-05-23,9.7
P00047-L017,P00047,compensatory,2026-06-13,2026-06-23,10.2
P00047-L018,P00047,medical,2026-07-27,2026-08-05,9.4
P00048-L001,P00048,earned,2024-09-13,2024-09-24,11.0
P00048-L002,P00048,earned,2024-10-28,2024-11-04,7.2
P00048-L003,P00048,earned,2024-12-04,2024-12-09,5.5
P00048-L004,P00048,compensatory,2025-01-08,2025-01-23,15.2
P00048-L005,P00048,casual,2025-02-17,2025-02-27,10.6
P00048-L006,P00048,casual,2025-03-23,2025-03-28,4.6
P00048-L007,P00048,casual,2025-05-05,2025-05-17,12.3
P00048-L008,P00048,casual,2025-06-23,2025-06-27,3.7
P00048-L009,P00048,earned,2025-08-01,2025-08-07,5.7
P00048-L010,P00048,casual,2025-09-04,2025-09-10,6.5
P00048-L011,P00048,earned,2025-10-27,2025-11-02,5.5
P00048-L012,P00048,earned,2025-11-27,2025-12-09,11.6
P00048-L013,P00048,medical,2026-01-07,2026-01-22,15.4
P00048-L014,P00048,medical,2026-03-05,2026-03-15,9.9
P00048-L015,P00048,casual,2026-03-29,2026-04-10,12.1
P00048-L016,P00048,medical,2026-05-07,2026-05-21,14.2
P00048-L017,P00048,casual,2026-07-10,2026-07-12,2.4
P00048-L018,P00048,medical,2026-07-28,2026-08-06,8.9
P00049-L001,P00049,casual,2024-09-12,2024-09-21,8.1
P00049-L002,P00049,earned,2024-10-17,2024-10-26,8.6
P00049-L003,P00049,earned,2024-11-25,2024-12-04,8.5
P00049-L004,P00049,earned,2025-01-18,2025-01-27,9.5
P00049-L005,P00049,casual,2025-03-24,2025-03-31,6.9
P00049-L006,P00049,casual,2025-04-05,2025-04-11,6.0
P00049-L007,P00049,casual,2025-05-18,2025-05-27,9.3
P00049-L008,P00049,compensatory,2025-07-14,2025-07-23,8.5
P00049-L009,P00049,earned,2025-08-14,2025-08-18,4.3
P00049-L010,P00049,earned,2025-10-12,2025-10-16,4.4
P00049-L011,P00049,medical,2025-11-09,2025-11-18,8.2
P00049-L012,P00049,earned,2025-12-24,2026-01-05,11.6
P00049-L013,P00049,earned,2026-02-12,2026-02-19,6.8
P00049-L014,P00049,earned,2026-03-21,2026-04-07,16.8
P00049-L015,P00049,casual,2026-04-27,2026-05-01,4.0
P00049-L016,P00049,casual,2026-06-08,2026-06-15,7.4
P00049-L017,P00049,earned,2026-08-03,2026-08-16,13.7
P00050-L001,P00050,casual,2024-09-03,2024-09-11,8.3
P00050-L002,P00050,casual,2024-11-24,2024-12-05,10.7
P00050-L003,P00050,casual,2025-01-10,2025-01-14,3.7
P00050-L004,P00050,casual,2025-02-16,2025-03-15,26.2
P00050-L005,P00050,earned,2025-04-14,2025-05-04,20.7
P00050-L006,P00050,earned,2025-06-13,2025-06-28,14.4
P00050-L007,P00050,medical,2025-08-13,2025-09-04,22.4
P00050-L008,P00050,medical,2025-10-24,2025-10-27,3.1
P00050-L009,P00050,earned,2025-11-25,2025-11-30,4.3
P00050-L010,P00050,earned,2026-01-22,2026-01-29,6.9
P00050-L011,P00050,earned,2026-03-19,2026-03-26,7.4
P00050-L012,P00050,medical,2026-06-17,2026-06-30,12.7
P00050-L013,P00050,medical,2026-07-15,2026-07-19,4.3
P00051-L001,P00051,medical,2024-09-02,2024-09-04,2.0
P00051-L002,P00051,earned,2024-10-08,2024-10-11,3.2
P00051-L003,P00051,casual,2024-10-22,2024-10-24,1.8
P00051-L004,P00051,earned,2024-11-20,2024-11-27,7.2
P00051-L005,P00051,medical,2024-12-13,2024-12-20,7.2
P00051-L006,P00051,casual,2025-01-04,2025-01-10,5.5
P00051-L007,P00051,casual,2025-02-02,2025-02-13,11.3
P00051-L008,P00051,casual,2025-03-10,2025-03-17,6.7
P00051-L009,P00051,casual,2025-03-22,2025-03-27,5.1
P00051-L010,P00051,earned,2025-04-15,2025-04-22,6.5
P00051-L011,P00051,earned,2025-05-11,2025-05-19,8.9
P00051-L012,P00051,earned,2025-06-13,2025-06-18,5.4
P00051-L013,P00051,earned,2025-07-01,2025-07-05,3.5
P00051-L014,P00051,medical,2025-07-28,2025-08-04,6.4
P00051-L015,P00051,compensatory,2025-08-20,2025-08-25,4.1
P00051-L016,P00051,earned,2025-09-17,2025-09-20,3.2
P00051-L017,P00051,earned,2025-10-09,2025-10-12,3.6
P00051-L018,P00051,earned,2025-11-07,2025-11-10,2.8
P00051-L019,P00051,casual,2025-12-01,2025-12-04,3.6
P00051-L020,P00051,earned,2026-01-06,2026-01-12,5.9
P00051-L021,P00051,earned,2026-01-18,2026-01-21,2.2
P00051-L022,P00051,earned,2026-02-12,2026-02-15,3.2
P00051-L023,P00051,casual,2026-03-10,2026-03-13,3.4
P00051-L024,P00051,earned,2026-04-07,2026-04-11,4.0
P00051-L025,P00051,earned,2026-04-29,2026-05-04,5.5
P00051-L026,P00051,earned,2026-05-31,2026-06-05,5.1
P00051-L027,P00051,medical,2026-07-08,2026-07-11,3.9
P00051-L028,P00051,earned,2026-07-12,2026-07-16,3.6
P00051-L029,P00051,casual,2026-08-07,2026-08-12,4.9
P00052-L001,P00052,medical,2024-09-01,2024-09-09,8.2
P00052-L002,P00052,medical,2024-10-19,2024-10-26,7.2
P00052-L003,P00052,earned,2024-11-22,2024-12-01,8.8
P00052-L004,P00052,casual,2025-01-03,2025-01-09,6.3
P00052-L005,P00052,casual,2025-02-13,2025-02-19,6.1
P00052-L006,P00052,earned,2025-03-31,2025-04-07,6.9
P00052-L007,P00052,earned,2025-05-10,2025-05-14,4.8
P00052-L008,P00052,medical,2025-06-26,2025-07-04,7.4
P00052-L009,P00052,earned,2025-07-29,2025-08-07,8.3
P00052-L010,P00052,earned,2025-09-14,2025-09-23,8.6
P00052-L011,P00052,earned,2025-10-15,2025-10-21,5.9
P00052-L012,P00052,casual,2025-12-06,2025-12-10,3.3
P00052-L013,P00052,earned,2026-01-15,2026-01-22,7.5
P00052-L014,P00052,medical,2026-02-18,2026-02-21,3.9
P00052-L015,P00052,earned,2026-04-09,2026-04-12,3.0
P00052-L016,P00052,earned,2026-05-15,2026-05-25,10.1
P00052-L017,P00052,earned,2026-06-25,2026-07-14,18.7
P00052-L018,P00052,earned,2026-07-23,2026-07-26,2.4
P00053-L001,P00053,earned,2024-09-09,2024-09-23,14.0
P00053-L002,P00053,casual,2024-10-18,2024-10-29,11.0
P00053-L003,P00053,earned,2024-11-14,2024-11-16,2.3
P00053-L004,P00053,earned,2024-12-18,2024-12-27,8.4
P00053-L005,P00053,earned,2025-01-23,2025-01-26,3.1
P00053-L006,P00053,earned,2025-02-28,2025-03-06,5.3
P00053-L007,P00053,earned,2025-04-07,2025-04-10,3.5
P00053-L008,P00053,earned,2025-05-20,2025-05-25,4.3
P00053-L009,P00053,earned,2025-06-12,2025-06-17,5.1
P00053-L010,P00053,casual,2025-07-13,2025-07-25,11.8
P00053-L011,P00053,earned,2025-08-15,2025-08-20,4.7
P00053-L012,P00053,medical,2025-09-26,2025-10-03,6.7
P00053-L013,P00053,casual,2025-10-27,2025-11-04,8.6
P00053-L014,P00053,medical,2025-12-11,2025-12-13,2.5
P00053-L015,P00053,earned,2026-01-02,2026-01-10,7.8
P00053-L016,P00053,earned,2026-02-12,2026-02-28,15.8
P00053-L017,P00053,medical,2026-03-18,2026-03-21,3.4
P00053-L018,P00053,earned,2026-04-18,2026-05-02,14.1
P00053-L019,P00053,casual,2026-05-28,2026-06-06,8.2
P00053-L020,P00053,casual,2026-07-02,2026-07-08,6.4
P00053-L021,P00053,casual,2026-08-08,2026-08-19,10.6
P00054-L001,P00054,casual,2024-09-09,2024-09-13,4.4
P00054-L002,P00054,earned,2024-10-06,2024-10-28,21.9
P00054-L003,P00054,casual,2024-11-14,2024-11-25,10.5
P00054-L004,P00054,casual,2024-12-22,2024-12-30,7.3
P00054-L005,P00054,earned,2025-01-22,2025-01-31,9.1
P00054-L006,P00054,casual,2025-03-17,2025-03-26,8.8
P00054-L007,P00054,earned,2025-04-02,2025-04-08,6.5
P00054-L008,P00054,earned,2025-05-27,2025-06-01,5.0
P00054-L009,P00054,earned,2025-06-11,2025-06-22,10.5
P00054-L010,P00054,casual,2025-07-20,2025-07-26,5.2
P00054-L011,P00054,casual,2025-09-11,2025-09-16,4.6
P00054-L012,P00054,casual,2025-09-25,2025-09-28,2.4
P00054-L013,P00054,earned,2025-11-14,2025-11-26,11.9
P00054-L014,P00054,compensatory,2025-12-01,2025-12-10,8.7
P00054-L015,P00054,earned,2026-01-11,2026-01-21,9.3
P00054-L016,P00054,earned,2026-02-09,2026-02-17,7.5
P00054-L017,P00054,earned,2026-03-13,2026-03-18,5.0
P00054-L018,P00054,casual,2026-04-19,2026-04-29,9.9
P00054-L019,P00054,earned,2026-05-27,2026-06-03,7.6
P00054-L020,P00054,casual,2026-07-04,2026-07-20,15.7
P00054-L021,P00054,earned,2026-08-02,2026-08-11,8.8
P00055-L001,P00055,casual,2024-09-12,2024-09-22,9.3
P00055-L002,P00055,earned,2024-10-13,2024-10-22,9.3
P00055-L003,P00055,earned,2024-12-08,2024-12-14,6.0
P00055-L004,P00055,earned,2025-01-10,2025-01-23,13.2
P00055-L005,P00055,compensatory,2025-02-19,2025-02-26,7.9
P00055-L006,P00055,casual,2025-04-05,2025-04-14,8.8
P00055-L007,P00055,casual,2025-05-04,2025-05-10,5.6
P00055-L008,P00055,medical,2025-07-01,2025-07-08,6.7
P00055-L009,P00055,casual,2025-07-29,2025-08-03,5.0
P00055-L010,P00055,compensatory,2025-09-01,2025-09-11,10.1
P00055-L011,P00055,earned,2025-10-21,2025-10-24,2.6
P00055-L012,P00055,earned,2025-11-22,2025-12-04,12.1
P00055-L013,P00055,earned,2026-01-17,2026-01-20,3.3
P00055-L014,P00055,medical,2026-02-12,2026-02-17,4.8
P00055-L015,P00055,casual,2026-03-28,2026-04-10,12.7
P00055-L016,P00055,casual,2026-05-06,2026-05-20,14.2
P00055-L017,P00055,compensatory,2026-06-23,2026-07-01,8.2
P00055-L018,P00055,earned,2026-07-30,2026-08-09,10.3
P00056-L001,P00056,earned,2024-10-19,2024-10-28,9.2
P00056-L002,P00056,earned,2025-01-07,2025-01-16,8.6
P00056-L003,P00056,casual,2025-03-15,2025-04-05,21.4
P00056-L004,P00056,casual,2025-07-07,2025-07-21,13.9
P00056-L005,P00056,casual,2025-09-02,2025-09-11,9.1
P00056-L006,P00056,earned,2025-12-11,2025-12-20,9.0
P00056-L007,P00056,earned,2026-03-14,2026-03-19,5.1
P00056-L008,P00056,earned,2026-06-04,2026-06-09,5.1
P00057-L001,P00057,earned,2024-09-11,2024-09-14,3.1
P00057-L002,P00057,casual,2024-10-29,2024-11-04,6.0
P00057-L003,P00057,earned,2024-12-07,2024-12-18,11.2
P00057-L004,P00057,medical,2025-01-25,2025-02-07,13.1
P00057-L005,P00057,casual,2025-03-20,2025-04-03,14.6
P00057-L006,P00057,casual,2025-06-04,2025-06-08,4.7
P00057-L007,P00057,medical,2025-06-25,2025-06-27,1.8
P00057-L008,P00057,earned,2025-08-08,2025-08-10,2.9
P00057-L009,P00057,casual,2025-10-01,2025-10-11,9.9
P00057-L010,P00057,casual,2025-11-28,2025-12-02,4.1
P00057-L011,P00057,earned,2026-01-17,2026-01-20,2.9
P00057-L012,P00057,earned,2026-02-21,2026-03-01,7.9
P00057-L013,P00057,medical,2026-04-23,2026-05-05,11.4
P00057-L014,P00057,earned,2026-05-29,2026-06-13,15.1
P00057-L015,P00057,earned,2026-08-02,2026-08-06,4.5
P00058-L001,P00058,casual,2024-09-06,2024-09-25,18.7
P00058-L002,P00058,casual,2024-10-31,2024-11-07,7.2
P00058-L003,P00058,compensatory,2024-12-14,2024-12-24,10.2
P00058-L004,P00058,earned,2025-02-02,2025-02-13,11.4
P00058-L005,P00058,earned,2025-03-14,2025-03-23,8.2
P00058-L006,P00058,casual,2025-05-04,2025-05-12,7.6
P00058-L007,P00058,medical,2025-07-15,2025-07-24,9.3
P00058-L008,P00058,earned,2025-08-18,2025-09-01,13.9
P00058-L009,P00058,earned,2025-09-30,2025-10-16,15.7
P00058-L010,P00058,earned,2025-11-27,2025-12-06,8.7
P00058-L011,P00058,casual,2026-01-15,2026-01-21,6.2
P00058-L012,P00058,medical,2026-03-03,2026-03-08,5.1
P00058-L013,P00058,earned,2026-04-08,2026-04-28,20.8
P00058-L014,P00058,casual,2026-06-19,2026-06-24,5.3
P00058-L015,P00058,casual,2026-07-21,2026-08-04,13.5
P00059-L001,P00059,medical,2024-09-04,2024-09-07,3.2
P00059-L002,P00059,earned,2024-10-11,2024-10-18,6.1
P00059-L003,P00059,casual,2024-11-30,2024-12-11,10.7
P00059-L004,P00059,medical,2025-01-02,2025-01-12,10.7
P00059-L005,P00059,earned,2025-02-20,2025-02-27,6.8
P00059-L006,P00059,earned,2025-03-23,2025-03-29,5.8
P00059-L007,P00059,compensatory,2025-05-16,2025-05-20,4.1
P00059-L008,P00059,casual,2025-06-23,2025-06-29,6.7
P00059-L009,P00059,medical,2025-07-23,2025-08-07,15.0
P00059-L010,P00059,earned,2025-09-03,2025-09-07,3.7
P00059-L011,P00059,earned,2025-10-24,2025-10-29,4.6
P00059-L012,P00059,casual,2025-11-22,2025-11-25,2.9
P00059-L013,P00059,earned,2026-01-10,2026-01-16,5.9
P00059-L014,P00059,casual,2026-03-01,2026-03-19,17.6
P00059-L015,P00059,casual,2026-04-11,2026-04-26,14.8
P00059-L016,P00059,earned,2026-05-05,2026-05-25,19.8
P00059-L017,P00059,medical,2026-06-28,2026-07-08,9.5
P00059-L018,P00059,earned,2026-08-05,2026-08-16,11.1
P00060-L001,P00060,casual,2024-09-03,2024-09-14,11.0
P00060-L002,P00060,medical,2024-11-13,2024-11-25,12.1
P00060-L003,P00060,earned,2025-02-23,2025-03-01,6.7
P00060-L004,P00060,earned,2025-04-19,2025-04-23,4.4
P00060-L005,P00060,earned,2025-07-23,2025-07-30,6.9
P00060-L006,P00060,casual,2025-10-01,2025-10-07,5.5
P00060-L007,P00060,earned,2025-12-27,2026-01-05,8.5
P00060-L008,P00060,medical,2026-02-16,2026-03-03,14.6
P00060-L009,P00060,casual,2026-04-27,2026-05-10,13.1
P00060-L010,P00060,casual,2026-08-05,2026-08-09,3.8
P00061-L001,P00061,casual,2024-09-05,2024-09-13,7.9
P00061-L002,P00061,medical,2024-10-23,2024-11-10,18.2
P00061-L003,P00061,earned,2024-12-14,2024-12-19,4.6
P00061-L004,P00061,medical,2025-01-16,2025-01-29,12.8
P00061-L005,P00061,earned,2025-03-16,2025-03-30,13.9
P00061-L006,P00061,earned,2025-04-18,2025-04-24,6.1
P00061-L007,P00061,casual,2025-06-02,2025-06-08,5.9
P00061-L008,P00061,casual,2025-07-20,2025-07-31,10.8
P00061-L009,P00061,medical,2025-09-06,2025-09-17,10.8
P00061-L010,P00061,earned,2025-10-29,2025-11-10,12.2
P00061-L011,P00061,earned,2025-12-04,2025-12-12,7.2
P00061-L012,P00061,earned,2026-02-07,2026-02-21,13.4
P00061-L013,P00061,earned,2026-03-27,2026-04-05,9.1
P00061-L014,P00061,earned,2026-04-28,2026-05-08,10.3
P00061-L015,P00061,medical,2026-06-04,2026-06-22,17.9
P00061-L016,P00061,earned,2026-07-27,2026-08-08,11.5
P00062-L001,P00062,casual,2024-09-15,2024-09-25,10.5
P00062-L002,P00062,casual,2024-10-23,2024-10-30,6.8
P00062-L003,P00062,medical,2024-12-26,2024-12-29,3.0
P00062-L004,P00062,casual,2025-01-29,2025-02-04,5.8
P00062-L005,P00062,earned,2025-03-14,2025-03-19,5.4
P00062-L006,P00062,earned,2025-04-24,2025-04-29,5.3
P00062-L007,P00062,earned,2025-06-12,2025-06-16,4.1
P00062-L008,P00062,earned,2025-07-30,2025-08-08,8.1
P00062-L009,P00062,earned,2025-09-02,2025-09-13,10.1
P00062-L010,P00062,earned,2025-11-02,2025-11-09,7.7
P00062-L011,P00062,earned,2025-12-02,2025-12-12,10.5
P00062-L012,P00062,earned,2026-01-28,2026-02-01,3.4
P00062-L013,P00062,medical,2026-03-07,2026-03-13,6.3
P00062-L014,P00062,earned,2026-05-12,2026-05-20,8.0
P00062-L015,P00062,casual,2026-06-23,2026-07-09,16.0
P00062-L016,P00062,compensatory,2026-07-30,2026-08-04,4.4
P00063-L001,P00063,casual,2024-10-09,2024-10-12,3.7
P00063-L002,P00063,medical,2024-11-25,2024-12-03,7.5
P00063-L003,P00063,earned,2025-01-19,2025-01-28,8.8
P00063-L004,P00063,earned,2025-04-22,2025-05-05,13.2
P00063-L005,P00063,earned,2025-05-24,2025-06-02,9.6
P00063-L006,P00063,casual,2025-08-08,2025-08-16,7.9
P00063-L007,P00063,casual,2025-10-24,2025-11-04,10.5
P00063-L008,P00063,earned,2025-12-31,2026-01-07,7.1
P00063-L009,P00063,casual,2026-02-20,2026-03-16,24.0
P00063-L010,P00063,earned,2026-05-23,2026-05-31,8.3
P00063-L011,P00063,casual,2026-07-22,2026-08-03,11.6
P00064-L001,P00064,casual,2024-09-23,2024-10-08,15.8
P00064-L002,P00064,earned,2024-10-19,2024-10-27,7.6
P00064-L003,P00064,earned,2024-12-11,2024-12-23,12.1
P00064-L004,P00064,medical,2025-01-20,2025-02-02,12.8
P00064-L005,P00064,casual,2025-02-20,2025-03-13,21.4
P00064-L006,P00064,earned,2025-04-06,2025-04-15,8.5
P00064-L007,P00064,medical,2025-06-06,2025-06-15,8.5
P00064-L008,P00064,earned,2025-06-30,2025-07-09,8.9
P00064-L009,P00064,casual,2025-08-13,2025-08-20,7.5
P00064-L010,P00064,earned,2025-10-16,2025-10-23,6.7
P00064-L011,P00064,casual,2025-11-05,2025-11-24,18.7
P00064-L012,P00064,earned,2025-12-21,2025-12-30,8.8
P00064-L013,P00064,casual,2026-01-30,2026-02-03,3.8
P00064-L014,P00064,earned,2026-03-13,2026-03-19,6.3
P00064-L015,P00064,casual,2026-04-28,2026-05-03,4.5
P00064-L016,P00064,earned,2026-06-13,2026-07-01,18.0
P00064-L017,P00064,earned,2026-08-02,2026-08-05,2.6
P00065-L001,P00065,earned,2024-09-12,2024-09-24,12.0
P00065-L002,P00065,casual,2024-10-19,2024-10-23,4.3
P00065-L003,P00065,casual,2024-12-07,2024-12-18,11.2
P00065-L004,P00065,casual,2025-01-17,2025-01-26,9.6
P00065-L005,P00065,casual,2025-03-13,2025-03-20,7.7
P00065-L006,P00065,earned,2025-04-20,2025-04-30,10.1
P00065-L007,P00065,casual,2025-06-03,2025-06-08,5.3
P00065-L008,P00065,casual,2025-07-21,2025-07-30,8.3
P00065-L009,P00065,earned,2025-09-06,2025-09-17,10.9
P00065-L010,P00065,earned,2025-10-29,2025-11-05,7.6
P00065-L011,P00065,earned,2025-12-14,2025-12-23,8.9
P00065-L012,P00065,earned,2026-01-30,2026-02-03,4.7
P00065-L013,P00065,casual,2026-03-04,2026-03-12,8.6
P00065-L014,P00065,earned,2026-04-28,2026-05-12,13.9
P00065-L015,P00065,medical,2026-06-09,2026-06-18,8.4
P00065-L016,P00065,medical,2026-07-28,2026-08-08,10.9
P00066-L001,P00066,earned,2024-09-02,2024-09-11,9.4
P00066-L002,P00066,earned,2024-10-29,2024-11-17,19.2
P00066-L003,P00066,casual,2024-12-01,2024-12-22,20.8
P00066-L004,P00066,earned,2025-01-27,2025-02-11,15.7
P00066-L005,P00066,compensatory,2025-03-26,2025-04-12,16.3
P00066-L006,P00066,casual,2025-04-24,2025-04-26,2.9
P00066-L007,P00066,earned,2025-06-07,2025-06-14,7.2
P00066-L008,P00066,earned,2025-07-26,2025-08-04,8.9
P00066-L009,P00066,casual,2025-09-28,2025-10-03,5.3
P00066-L010,P00066,casual,2025-10-29,2025-11-06,8.6
P00066-L011,P00066,earned,2025-12-23,2025-12-30,7.0
P00066-L012,P00066,casual,2026-01-16,2026-01-21,5.4
P00066-L013,P00066,earned,2026-03-18,2026-03-28,9.6
P00066-L014,P00066,medical,2026-05-01,2026-05-04,3.4
P00066-L015,P00066,earned,2026-06-11,2026-06-20,8.9
P00066-L016,P00066,casual,2026-07-20,2026-07-31,11.7
P00067-L001,P00067,earned,2024-09-10,2024-09-16,6.5
P00067-L002,P00067,casual,2024-10-13,2024-10-26,13.6
P00067-L003,P00067,casual,2024-11-16,2024-11-20,3.9
P00067-L004,P00067,earned,2024-12-20,2024-12-28,8.0
P00067-L005,P00067,casual,2025-01-28,2025-02-21,23.5
P00067-L006,P00067,earned,2025-03-11,2025-03-15,4.1
P00067-L007,P00067,casual,2025-04-08,2025-04-19,10.5
P00067-L008,P00067,earned,2025-05-15,2025-05-21,6.3
P00067-L009,P00067,casual,2025-06-21,2025-06-27,6.2
P00067-L010,P00067,casual,2025-07-29,2025-07-31,1.1
P00067-L011,P00067,earned,2025-09-06,2025-09-14,7.8
P00067-L012,P00067,earned,2025-10-07,2025-10-12,4.5
P00067-L013,P00067,earned,2025-11-15,2025-11-26,11.5
P00067-L014,P00067,earned,2025-12-25,2026-01-04,9.9
P00067-L015,P00067,earned,2026-01-28,2026-02-10,12.7
P00067-L016,P00067,casual,2026-03-03,2026-03-07,3.6
P00067-L017,P00067,earned,2026-04-15,2026-04-29,13.3
P00067-L018,P00067,earned,2026-05-21,2026-05-31,10.0
P00067-L019,P00067,medical,2026-07-02,2026-07-09,7.4
P00067-L020,P00067,casual,2026-08-14,2026-08-18,4.0
P00068-L001,P00068,compensatory,2024-09-02,2024-09-13,10.9
P00068-L002,P00068,medical,2024-10-17,2024-11-03,17.6
P00068-L003,P00068,casual,2024-12-09,2024-12-25,16.1
P00068-L004,P00068,casual,2025-01-01,2025-01-07,6.2
P00068-L005,P00068,compensatory,2025-02-17,2025-02-27,9.7
P00068-L006,P00068,earned,2025-04-03,2025-04-10,7.2
P00068-L007,P00068,casual,2025-05-02,2025-05-16,14.3
P00068-L008,P00068,earned,2025-06-18,2025-07-01,12.5
P00068-L009,P00068,earned,2025-08-04,2025-08-11,7.3
P00068-L010,P00068,earned,2025-08-31,2025-09-07,6.9
P00068-L011,P00068,earned,2025-10-16,2025-10-24,7.3
P00068-L012,P00068,medical,2025-12-17,2025-12-28,10.6
P00068-L013,P00068,casual,2026-01-16,2026-01-24,7.1
P00068-L014,P00068,earned,2026-02-24,2026-03-07,10.1
P00068-L015,P00068,casual,2026-03-31,2026-04-06,5.8
P00068-L016,P00068,casual,2026-05-14,2026-05-17,3.7
P00068-L017,P00068,casual,2026-07-05,2026-07-14,8.0
P00068-L018,P00068,compensatory,2026-07-29,2026-08-14,15.9
P00069-L001,P00069,medical,2024-09-20,2024-09-28,7.4
P00069-L002,P00069,earned,2024-10-30,2024-11-06,7.4
P00069-L003,P00069,earned,2025-01-02,2025-01-14,12.3
P00069-L004,P00069,casual,2025-02-05,2025-02-25,20.6
P00069-L005,P00069,earned,2025-04-29,2025-05-09,10.6
P00069-L006,P00069,medical,2025-05-20,2025-05-29,8.8
P00069-L007,P00069,casual,2025-07-11,2025-07-21,10.1
P00069-L008,P00069,earned,2025-10-01,2025-10-13,12.1
P00069-L009,P00069,medical,2025-10-29,2025-11-20,21.7
P00069-L010,P00069,earned,2026-01-12,2026-01-23,11.8
P00069-L011,P00069,casual,2026-02-04,2026-02-18,13.5
P00069-L012,P00069,medical,2026-04-14,2026-04-19,4.8
P00069-L013,P00069,medical,2026-06-14,2026-06-17,3.6
P00069-L014,P00069,casual,2026-08-16,2026-08-25,9.4
P00070-L001,P00070,earned,2024-09-13,2024-09-17,4.7
P00070-L002,P00070,casual,2024-10-02,2024-10-07,5.4
P00070-L003,P00070,earned,2024-10-19,2024-10-24,5.7
P00070-L004,P00070,casual,2024-11-08,2024-11-16,7.3
P00070-L005,P00070,earned,2024-12-09,2024-12-15,6.0
P00070-L006,P00070,earned,2024-12-28,2025-01-04,6.2
P00070-L007,P00070,earned,2025-01-18,2025-01-24,5.7
P00070-L008,P00070,compensatory,2025-02-04,2025-02-17,13.2
P00070-L009,P00070,earned,2025-03-02,2025-03-09,7.5
P00070-L010,P00070,casual,2025-04-03,2025-04-08,4.8
P00070-L011,P00070,casual,2025-04-15,2025-04-20,5.2
P00070-L012,P00070,casual,2025-05-11,2025-05-16,5.0
P00070-L013,P00070,casual,2025-05-28,2025-06-06,9.2
P00070-L014,P00070,earned,2025-06-23,2025-06-30,6.4
P00070-L015,P00070,casual,2025-07-08,2025-07-15,6.0
P00070-L016,P00070,medical,2025-08-05,2025-08-14,8.9
P00070-L017,P00070,casual,2025-08-30,2025-09-03,3.9
P00070-L018,P00070,earned,2025-09-24,2025-09-28,3.9
P00070-L019,P00070,medical,2025-10-06,2025-10-16,10.1
P00070-L020,P00070,earned,2025-10-31,2025-11-03,3.4
P00070-L021,P00070,casual,2025-11-24,2025-11-28,3.6
P00070-L022,P00070,casual,2025-12-14,2025-12-26,11.2
P00070-L023,P00070,casual,2026-01-11,2026-01-16,4.8
P00070-L024,P00070,earned,2026-01-24,2026-02-04,10.9
P00070-L025,P00070,earned,2026-02-20,2026-02-21,1.2
P00070-L026,P00070,medical,2026-03-09,2026-03-14,5.2
P00070-L027,P00070,earned,2026-04-01,2026-04-09,8.2
P00070-L028,P00070,earned,2026-04-24,2026-04-28,4.6
P00070-L029,P00070,casual,2026-05-24,2026-05-30,5.8
P00070-L030,P00070,compensatory,2026-06-07,2026-06-09,2.2
P00070-L031,P00070,earned,2026-07-02,2026-07-05,3.6
P00070-L032,P00070,earned,2026-07-24,2026-07-29,5.1
P00070-L033,P00070,medical,2026-08-22,2026-08-27,4.9
P00071-L001,P00071,casual,2024-10-12,2024-10-22,10.2
P00071-L002,P00071,earned,2024-11-15,2024-12-10,25.5
P00071-L003,P00071,earned,2025-02-06,2025-03-07,29.8
P00071-L004,P00071,earned,2025-04-12,2025-05-05,22.8
P00071-L005,P00071,casual,2025-06-04,2025-06-08,4.2
P00071-L006,P00071,compensatory,2025-08-08,2025-08-18,10.6
P00071-L007,P00071,earned,2025-10-18,2025-10-29,11.1
P00071-L008,P00071,earned,2026-01-22,2026-02-02,11.4
P00071-L009,P00071,casual,2026-03-04,2026-03-13,9.1
P00071-L010,P00071,compensatory,2026-05-15,2026-05-21,5.7
P00071-L011,P00071,earned,2026-06-29,2026-07-20,21.3
P00072-L001,P00072,earned,2024-09-14,2024-09-19,4.4
P00072-L002,P00072,casual,2024-11-28,2024-12-08,10.1
P00072-L003,P00072,earned,2024-12-31,2025-01-07,7.1
P00072-L004,P00072,earned,2025-03-02,2025-03-18,16.7
P00072-L005,P00072,casual,2025-05-15,2025-05-22,7.3
P00072-L006,P00072,casual,2025-06-11,2025-07-11,29.8
P00072-L007,P00072,medical,2025-08-11,2025-08-20,8.8
P00072-L008,P00072,earned,2025-10-30,2025-11-13,14.0
P00072-L009,P00072,earned,2025-12-17,2025-12-29,12.3
P00072-L010,P00072,earned,2026-01-28,2026-02-12,14.5
P00072-L011,P00072,earned,2026-04-03,2026-04-12,8.1
P00072-L012,P00072,earned,2026-05-26,2026-05-27,1.0
P00072-L013,P00072,earned,2026-07-15,2026-07-25,9.9
P00073-L001,P00073,earned,2024-09-01,2024-09-08,7.2
P00073-L002,P00073,earned,2024-10-29,2024-11-02,4.9
P00073-L003,P00073,earned,2024-11-16,2024-11-25,8.6
P00073-L004,P00073,compensatory,2024-12-25,2024-12-31,5.6
P00073-L005,P00073,casual,2025-02-01,2025-02-18,16.5
P00073-L006,P00073,earned,2025-03-18,2025-03-24,5.6
P00073-L007,P00073,earned,2025-04-22,2025-04-26,4.9
P00073-L008,P00073,casual,2025-05-18,2025-05-28,10.3
P00073-L009,P00073,earned,2025-07-07,2025-07-09,2.7
P00073-L010,P00073,earned,2025-07-27,2025-08-02,5.2
P00073-L011,P00073,earned,2025-09-02,2025-09-16,13.1
P00073-L012,P00073,medical,2025-10-14,2025-10-18,3.7
P00073-L013,P00073,earned,2025-11-20,2025-11-29,9.0
P00073-L014,P00073,compensatory,2025-12-25,2025-12-29,3.5
P00073-L015,P00073,casual,2026-02-09,2026-02-17,7.5
P00073-L016,P00073,casual,2026-03-06,2026-03-13,6.9
P00073-L017,P00073,earned,2026-04-18,2026-04-28,9.9
P00073-L018,P00073,casual,2026-05-22,2026-05-28,6.6
P00073-L019,P00073,earned,2026-07-05,2026-07-13,7.4
P00073-L020,P00073,compensatory,2026-07-28,2026-07-31,2.7
P00074-L001,P00074,casual,2024-09-08,2024-09-11,3.7
P00074-L002,P00074,earned,2024-10-13,2024-10-15,2.2
P00074-L003,P00074,earned,2024-11-12,2024-11-23,10.5
P00074-L004,P00074,earned,2024-12-16,2024-12-19,3.1
P00074-L005,P00074,compensatory,2025-01-19,2025-01-25,6.0
P00074-L006,P00074,earned,2025-02-15,2025-02-26,10.8
P00074-L007,P00074,compensatory,2025-04-06,2025-04-12,6.5
P00074-L008,P00074,earned,2025-04-20,2025-05-04,13.7
P00074-L009,P00074,casual,2025-06-03,2025-06-09,6.4
P00074-L010,P00074,compensatory,2025-07-08,2025-07-16,8.0
P00074-L011,P00074,earned,2025-08-15,2025-08-23,8.4
P00074-L012,P00074,medical,2025-09-04,2025-09-06,2.6
P00074-L013,P00074,medical,2025-10-06,2025-10-15,9.0
P00074-L014,P00074,casual,2025-11-13,2025-11-24,11.2
P00074-L015,P00074,earned,2025-12-20,2025-12-27,7.6
P00074-L016,P00074,casual,2026-01-14,2026-01-20,6.0
P00074-L017,P00074,earned,2026-02-18,2026-02-25,6.7
P00074-L018,P00074,earned,2026-03-26,2026-04-03,8.1
P00074-L019,P00074,earned,2026-04-24,2026-04-30,6.1
P00074-L020,P00074,medical,2026-05-30,2026-06-03,4.0
P00074-L021,P00074,casual,2026-06-30,2026-07-16,16.8
P00074-L022,P00074,earned,2026-08-18,2026-08-23,5.3
P00075-L001,P00075,earned,2024-09-28,2024-10-08,10.4
P00075-L002,P00075,compensatory,2024-10-16,2024-10-25,8.9
P00075-L003,P00075,casual,2024-12-16,2024-12-23,7.0
P00075-L004,P00075,earned,2025-01-23,2025-01-29,5.6
P00075-L005,P00075,earned,2025-03-07,2025-03-12,5.5
P00075-L006,P00075,casual,2025-04-22,2025-05-01,9.2
P00075-L007,P00075,casual,2025-06-11,2025-06-18,7.1
P00075-L008,P00075,earned,2025-07-26,2025-08-01,5.8
P00075-L009,P00075,earned,2025-09-05,2025-09-24,18.8
P00075-L010,P00075,casual,2025-10-19,2025-10-26,7.2
P00075-L011,P00075,compensatory,2025-12-12,2025-12-24,12.5
P00075-L012,P00075,casual,2026-01-27,2026-02-07,10.2
P00075-L013,P00075,medical,2026-03-04,2026-03-09,4.9
P00075-L014,P00075,earned,2026-04-22,2026-04-30,8.3
P00075-L015,P00075,casual,2026-06-20,2026-07-05,14.7
P00075-L016,P00075,casual,2026-07-27,2026-08-04,7.5
P00076-L001,P00076,earned,2024-09-04,2024-09-15,11.0
P00076-L002,P00076,earned,2024-10-25,2024-10-31,5.7
P00076-L003,P00076,casual,2024-11-27,2024-12-12,15.2
P00076-L004,P00076,casual,2025-01-16,2025-01-30,13.5
P00076-L005,P00076,medical,2025-02-20,2025-02-27,6.3
P00076-L006,P00076,earned,2025-03-29,2025-04-15,16.9
P00076-L007,P00076,casual,2025-05-04,2025-05-16,11.8
P00076-L008,P00076,medical,2025-07-11,2025-07-15,4.4
P00076-L009,P00076,casual,2025-07-24,2025-07-30,5.8
P00076-L010,P00076,casual,2025-09-01,2025-09-12,11.8
P00076-L011,P00076,casual,2025-10-11,2025-10-21,10.6
P00076-L012,P00076,compensatory,2025-12-12,2025-12-19,6.2
P00076-L013,P00076,earned,2026-01-09,2026-01-15,5.9
P00076-L014,P00076,casual,2026-03-11,2026-03-14,2.9
P00076-L015,P00076,earned,2026-03-25,2026-04-06,12.1
P00076-L016,P00076,earned,2026-05-08,2026-05-13,4.6
P00076-L017,P00076,casual,2026-06-22,2026-07-10,17.6
P00076-L018,P00076,earned,2026-08-05,2026-08-21,16.2
P00077-L001,P00077,earned,2024-09-13,2024-09-22,8.6
P00077-L002,P00077,medical,2024-10-11,2024-10-25,13.1
P00077-L003,P00077,earned,2024-11-22,2024-12-06,14.7
P00077-L004,P00077,earned,2024-12-19,2024-12-30,10.5
P00077-L005,P00077,earned,2025-01-23,2025-01-29,6.0
P00077-L006,P00077,medical,2025-03-20,2025-03-25,4.2
P00077-L007,P00077,earned,2025-03-30,2025-04-08,8.5
P00077-L008,P00077,casual,2025-05-06,2025-05-12,5.5
P00077-L009,P00077,medical,2025-06-12,2025-06-20,8.0
P00077-L010,P00077,earned,2025-07-11,2025-07-15,4.5
P00077-L011,P00077,casual,2025-08-16,2025-08-22,6.6
P00077-L012,P00077,earned,2025-09-20,2025-10-03,12.3
P00077-L013,P00077,earned,2025-10-25,2025-10-30,5.1
P00077-L014,P00077,earned,2025-12-02,2025-12-14,11.5
P00077-L015,P00077,earned,2026-01-28,2026-02-01,4.4
P00077-L016,P00077,earned,2026-02-20,2026-03-08,15.8
P00077-L017,P00077,earned,2026-03-12,2026-03-20,8.1
P00077-L018,P00077,casual,2026-04-16,2026-04-22,5.4
P00077-L019,P00077,casual,2026-05-21,2026-05-25,4.0
P00077-L020,P00077,earned,2026-06-27,2026-07-05,8.5
P00077-L021,P00077,earned,2026-07-30,2026-08-05,6.0
P00078-L001,P00078,earned,2024-09-07,2024-09-15,8.2
P00078-L002,P00078,medical,2024-11-02,2024-11-12,9.7
P00078-L003,P00078,casual,2024-12-05,2024-12-20,15.0
P00078-L004,P00078,earned,2025-02-08,2025-02-17,8.8
P00078-L005,P00078,earned,2025-03-05,2025-03-16,11.0
P00078-L006,P00078,earned,2025-04-24,2025-05-02,7.9
P00078-L007,P00078,casual,2025-06-15,2025-06-27,12.0
P00078-L008,P00078,medical,2025-07-26,2025-08-10,14.6
P00078-L009,P00078,earned,2025-09-14,2025-09-30,16.2
P00078-L010,P00078,casual,2025-11-06,2025-11-13,6.9
P00078-L011,P00078,earned,2025-12-01,2025-12-17,15.8
P00078-L012,P00078,earned,2026-01-20,2026-01-29,9.0
P00078-L013,P00078,casual,2026-03-08,2026-03-15,7.0
P00078-L014,P00078,earned,2026-04-26,2026-05-06,9.6
P00078-L015,P00078,earned,2026-06-06,2026-06-13,7.7
P00078-L016,P00078,earned,2026-07-29,2026-08-09,10.9
P00079-L001,P00079,earned,2024-09-08,2024-09-25,16.4
P00079-L002,P00079,earned,2024-10-14,2024-10-19,5.0
P00079-L003,P00079,earned,2024-11-18,2024-12-01,12.9
P00079-L004,P00079,earned,2025-01-08,2025-01-14,6.0
P00079-L005,P00079,casual,2025-02-12,2025-02-16,3.9
P00079-L006,P00079,casual,2025-03-22,2025-03-30,8.4
P00079-L007,P00079,earned,2025-04-23,2025-04-25,2.5
P00079-L008,P00079,earned,2025-06-06,2025-06-12,5.4
P00079-L009,P00079,earned,2025-07-09,2025-07-16,7.0
P00079-L010,P00079,casual,2025-08-18,2025-08-20,2.3
P00079-L011,P00079,medical,2025-09-27,2025-10-09,12.0
P00079-L012,P00079,compensatory,2025-11-17,2025-11-24,6.5
P00079-L013,P00079,compensatory,2025-12-22,2026-01-01,10.0
P00079-L014,P00079,casual,2026-01-23,2026-01-27,3.8
P00079-L015,P00079,earned,2026-03-09,2026-03-18,9.7
P00079-L016,P00079,earned,2026-04-11,2026-04-20,9.5
P00079-L017,P00079,earned,2026-05-18,2026-05-24,6.3
P00079-L018,P00079,compensatory,2026-06-20,2026-06-26,6.3
P00079-L019,P00079,medical,2026-08-01,2026-08-19,17.8
P00080-L001,P00080,casual,2024-09-18,2024-09-27,8.8
P00080-L002,P00080,casual,2024-10-23,2024-11-01,9.7
P00080-L003,P00080,casual,2024-12-27,2025-01-04,7.8
P00080-L004,P00080,compensatory,2025-02-13,2025-02-24,10.5
P00080-L005,P00080,earned,2025-03-22,2025-04-05,14.0
P00080-L006,P00080,casual,2025-05-04,2025-05-19,15.5
P00080-L007,P00080,compensatory,2025-07-21,2025-07-28,7.6
P00080-L008,P00080,earned,2025-08-15,2025-08-25,9.9
P00080-L009,P00080,earned,2025-10-13,2025-10-22,9.2
P00080-L010,P00080,earned,2025-11-13,2025-11-20,7.1
P00080-L011,P00080,casual,2026-01-19,2026-01-26,7.2
P00080-L012,P00080,earned,2026-03-10,2026-03-18,7.4
P00080-L013,P00080,earned,2026-04-15,2026-05-06,20.2
P00080-L014,P00080,casual,2026-06-24,2026-07-02,7.8
P00080-L015,P00080,earned,2026-08-02,2026-08-16,14.6
P00081-L001,P00081,earned,2024-09-17,2024-09-26,9.4
P00081-L002,P00081,earned,2024-11-09,2024-11-21,12.1
P00081-L003,P00081,medical,2025-01-17,2025-01-25,8.0
P00081-L004,P00081,medical,2025-02-19,2025-02-22,2.6
P00081-L005,P00081,earned,2025-04-26,2025-05-15,18.8
P00081-L006,P00081,casual,2025-06-12,2025-06-22,10.2
P00081-L007,P00081,casual,2025-08-24,2025-08-30,5.5
P00081-L008,P00081,casual,2025-10-06,2025-10-17,11.0
P00081-L009,P00081,medical,2025-12-04,2025-12-12,7.5
P00081-L010,P00081,earned,2026-01-20,2026-01-29,8.8
P00081-L011,P00081,earned,2026-03-25,2026-04-03,8.8
P00081-L012,P00081,medical,2026-06-01,2026-06-06,5.0
P00081-L013,P00081,casual,2026-07-08,2026-07-12,4.2
P00082-L001,P00082,casual,2024-09-21,2024-09-25,3.5
P00082-L002,P00082,casual,2024-10-05,2024-10-14,8.5
P00082-L003,P00082,earned,2024-11-06,2024-11-13,7.1
P00082-L004,P00082,earned,2024-11-25,2024-12-06,11.2
P00082-L005,P00082,compensatory,2025-01-04,2025-01-09,4.9
P00082-L006,P00082,earned,2025-01-20,2025-01-24,4.0
P00082-L007,P00082,casual,2025-02-27,2025-03-02,3.0
P00082-L008,P00082,medical,2025-03-30,2025-04-05,6.6
P00082-L009,P00082,medical,2025-04-14,2025-04-20,6.6
P00082-L010,P00082,earned,2025-05-22,2025-05-26,3.7
P00082-L011,P00082,earned,2025-07-02,2025-07-04,2.5
P00082-L012,P00082,earned,2025-07-19,2025-07-28,9.0
P00082-L013,P00082,medical,2025-08-23,2025-08-28,4.9
P00082-L014,P00082,casual,2025-09-02,2025-09-05,3.3
P00082-L015,P00082,compensatory,2025-09-29,2025-10-07,7.6
P00082-L016,P00082,earned,2025-10-30,2025-11-04,5.3
P00082-L017,P00082,earned,2025-11-25,2025-12-03,7.8
P00082-L018,P00082,earned,2025-12-30,2026-01-06,7.5
P00082-L019,P00082,casual,2026-02-03,2026-02-09,5.4
P00082-L020,P00082,casual,2026-03-07,2026-03-14,7.1
P00082-L021,P00082,casual,2026-03-18,2026-03-30,11.7
P00082-L022,P00082,earned,2026-04-20,2026-05-03,12.4
P00082-L023,P00082,earned,2026-05-17,2026-06-03,16.7
P00082-L024,P00082,earned,2026-06-21,2026-06-29,8.4
P00082-L025,P00082,compensatory,2026-07-18,2026-07-21,2.7
P00082-L026,P00082,casual,2026-08-13,2026-08-20,6.7
P00083-L001,P00083,casual,2024-09-14,2024-09-26,12.3
P00083-L002,P00083,medical,2024-10-29,2024-11-09,11.7
P00083-L003,P00083,casual,2024-11-29,2024-12-05,5.2
P00083-L004,P00083,earned,2025-01-13,2025-01-19,5.8
P00083-L005,P00083,casual,2025-02-26,2025-03-03,4.1
P00083-L006,P00083,casual,2025-04-25,2025-04-28,3.5
P00083-L007,P00083,casual,2025-05-18,2025-05-24,6.1
P00083-L008,P00083,medical,2025-07-01,2025-07-11,10.0
P00083-L009,P00083,earned,2025-08-10,2025-08-21,11.4
P00083-L010,P00083,compensatory,2025-09-23,2025-10-02,8.9
P00083-L011,P00083,earned,2025-11-10,2025-11-21,10.8
P00083-L012,P00083,earned,2026-01-12,2026-01-15,3.1
P00083-L013,P00083,medical,2026-02-02,2026-02-10,7.8
P00083-L014,P00083,earned,2026-03-24,2026-04-06,12.9
P00083-L015,P00083,earned,2026-04-25,2026-05-10,14.7
P00083-L016,P00083,earned,2026-06-25,2026-07-06,10.9
P00083-L017,P00083,earned,2026-08-05,2026-08-18,13.0
P00084-L001,P00084,casual,2024-10-21,2024-10-27,5.9
P00084-L002,P00084,earned,2024-12-10,2024-12-24,14.0
P00084-L003,P00084,medical,2025-01-04,2025-01-20,15.3
P00084-L004,P00084,earned,2025-03-10,2025-03-26,16.1
P00084-L005,P00084,casual,2025-05-18,2025-05-30,12.9
P00084-L006,P00084,medical,2025-08-03,2025-08-18,15.6
P00084-L007,P00084,earned,2025-10-04,2025-10-09,5.2
P00084-L008,P00084,casual,2025-11-21,2025-11-25,3.8
P00084-L009,P00084,earned,2026-01-03,2026-01-18,14.9
P00084-L010,P00084,earned,2026-03-03,2026-03-25,22.1
P00084-L011,P00084,casual,2026-06-12,2026-06-22,10.3
P00084-L012,P00084,casual,2026-07-19,2026-07-26,6.6
P00085-L001,P00085,earned,2024-09-17,2024-09-27,9.6
P00085-L002,P00085,earned,2024-10-06,2024-10-14,7.3
P00085-L003,P00085,earned,2024-11-03,2024-11-11,8.1
P00085-L004,P00085,earned,2024-12-17,2024-12-25,7.7
P00085-L005,P00085,casual,2025-01-21,2025-01-28,7.3
P00085-L006,P00085,earned,2025-02-17,2025-02-21,4.9
P00085-L007,P00085,earned,2025-03-12,2025-04-06,24.9
P00085-L008,P00085,earned,2025-04-10,2025-04-19,8.2
P00085-L009,P00085,earned,2025-05-25,2025-06-04,10.3
P00085-L010,P00085,casual,2025-06-20,2025-07-02,12.2
P00085-L011,P00085,earned,2025-07-24,2025-07-30,5.7
P00085-L012,P00085,medical,2025-08-25,2025-09-02,7.7
P00085-L013,P00085,earned,2025-10-04,2025-10-10,6.7
P00085-L014,P00085,casual,2025-11-06,2025-11-16,9.5
P00085-L015,P00085,earned,2025-11-23,2025-12-02,9.4
P00085-L016,P00085,earned,2026-01-03,2026-01-15,12.6
P00085-L017,P00085,medical,2026-01-21,2026-01-26,5.0
P00085-L018,P00085,casual,2026-03-12,2026-03-19,6.8
P00085-L019,P00085,earned,2026-03-30,2026-04-05,5.4
P00085-L020,P00085,earned,2026-04-29,2026-05-06,7.4
P00085-L021,P00085,earned,2026-05-30,2026-06-04,4.4
P00085-L022,P00085,earned,2026-07-02,2026-07-10,8.2
P00085-L023,P00085,medical,2026-08-12,2026-08-17,4.8
P00086-L001,P00086,casual,2024-09-12,2024-09-23,10.9
P00086-L002,P00086,casual,2024-10-23,2024-10-26,3.4
P00086-L003,P00086,earned,2024-11-10,2024-11-25,14.9
P00086-L004,P00086,earned,2024-12-19,2024-12-22,3.9
P00086-L005,P00086,earned,2025-02-07,2025-02-13,5.6
P00086-L006,P00086,medical,2025-03-07,2025-03-18,10.7
P00086-L007,P00086,casual,2025-03-29,2025-04-07,8.3
P00086-L008,P00086,casual,2025-05-05,2025-05-08,3.2
P00086-L009,P00086,earned,2025-06-12,2025-06-29,16.8
P00086-L010,P00086,earned,2025-07-13,2025-07-18,5.3
P00086-L011,P00086,casual,2025-08-15,2025-08-26,10.4
P00086-L012,P00086,earned,2025-09-25,2025-09-30,5.8
P00086-L013,P00086,casual,2025-10-26,2025-10-28,2.2
P00086-L014,P00086,earned,2025-11-30,2025-12-08,8.2
P00086-L015,P00086,earned,2026-01-04,2026-01-07,3.2
P00086-L016,P00086,medical,2026-02-22,2026-02-26,4.5
P00086-L017,P00086,earned,2026-03-16,2026-03-21,5.8
P00086-L018,P00086,earned,2026-04-15,2026-04-25,10.6
P00086-L019,P00086,medical,2026-05-23,2026-06-03,11.2
P00086-L020,P00086,earned,2026-07-02,2026-07-16,13.8
P00086-L021,P00086,earned,2026-07-29,2026-08-06,7.6
P00087-L001,P00087,earned,2024-09-21,2024-09-27,6.6
P00087-L002,P00087,earned,2024-10-14,2024-10-26,11.4
P00087-L003,P00087,casual,2024-11-22,2024-11-26,3.7
P00087-L004,P00087,earned,2025-01-10,2025-01-24,13.4
P00087-L005,P00087,medical,2025-02-18,2025-02-21,3.4
P00087-L006,P00087,earned,2025-04-18,2025-04-24,6.6
P00087-L007,P00087,casual,2025-05-17,2025-05-21,3.9
P00087-L008,P00087,compensatory,2025-06-14,2025-06-25,10.6
P00087-L009,P00087,earned,2025-08-04,2025-08-15,10.5
P00087-L010,P00087,medical,2025-09-03,2025-09-17,14.4
P00087-L011,P00087,compensatory,2025-10-19,2025-10-27,8.2
P00087-L012,P00087,earned,2025-11-21,2025-11-30,8.7
P00087-L013,P00087,casual,2026-01-25,2026-01-28,3.5
P00087-L014,P00087,earned,2026-02-13,2026-02-23,9.9
P00087-L015,P00087,casual,2026-04-11,2026-04-19,8.1
P00087-L016,P00087,earned,2026-05-03,2026-05-10,7.6
P00087-L017,P00087,casual,2026-06-27,2026-07-12,14.4
P00087-L018,P00087,casual,2026-07-25,2026-08-06,12.5
P00088-L001,P00088,casual,2024-09-07,2024-09-10,3.6
P00088-L002,P00088,casual,2024-12-08,2024-12-09,1.0
P00088-L003,P00088,casual,2024-12-18,2024-12-23,5.7
P00088-L004,P00088,medical,2025-02-13,2025-02-17,3.5
P00088-L005,P00088,casual,2025-04-05,2025-04-06,1.0
P00088-L006,P00088,casual,2025-06-24,2025-07-01,7.0
P00088-L007,P00088,earned,2025-07-24,2025-07-28,3.7
P00088-L008,P00088,earned,2025-09-07,2025-09-14,6.9
P00088-L009,P00088,casual,2025-11-02,2025-11-05,3.0
P00088-L010,P00088,medical,2026-01-07,2026-01-17,9.9
P00088-L011,P00088,casual,2026-02-24,2026-03-03,6.5
P00088-L012,P00088,compensatory,2026-04-19,2026-04-30,10.7
P00088-L013,P00088,earned,2026-05-28,2026-06-08,11.0
P00088-L014,P00088,medical,2026-07-15,2026-07-22,6.9
P00089-L001,P00089,earned,2024-09-06,2024-09-27,21.0
P00089-L002,P00089,earned,2024-11-12,2024-11-21,9.4
P00089-L003,P00089,casual,2024-12-16,2024-12-22,5.9
P00089-L004,P00089,casual,2025-02-04,2025-02-16,12.8
P00089-L005,P00089,earned,2025-04-19,2025-05-02,13.0
P00089-L006,P00089,medical,2025-06-01,2025-06-13,12.1
P00089-L007,P00089,earned,2025-07-15,2025-07-29,14.2
P00089-L008,P00089,casual,2025-09-17,2025-09-27,9.7
P00089-L009,P00089,earned,2025-11-17,2025-12-03,15.6
P00089-L010,P00089,earned,2025-12-18,2026-01-04,17.0
P00089-L011,P00089,earned,2026-02-09,2026-02-15,5.9
P00089-L012,P00089,earned,2026-04-05,2026-04-17,12.0
P00089-L013,P00089,earned,2026-05-31,2026-06-15,14.8
P00089-L014,P00089,earned,2026-08-05,2026-08-12,7.1
P00090-L001,P00090,earned,2024-08-31,2024-09-03,2.8
P00090-L002,P00090,earned,2024-10-07,2024-10-12,5.5
P00090-L003,P00090,medical,2024-11-09,2024-12-01,21.8
P00090-L004,P00090,earned,2024-12-24,2025-01-02,9.1
P00090-L005,P00090,earned,2025-01-21,2025-01-28,7.3
P00090-L006,P00090,earned,2025-02-19,2025-02-28,8.8
P00090-L007,P00090,earned,2025-03-21,2025-03-31,10.1
P00090-L008,P00090,earned,2025-05-06,2025-05-11,4.7
P00090-L009,P00090,casual,2025-05-30,2025-06-12,12.2
P00090-L010,P00090,earned,2025-06-26,2025-07-16,19.7
P00090-L011,P00090,earned,2025-08-03,2025-08-08,5.0
P00090-L012,P00090,earned,2025-09-06,2025-09-16,9.9
P00090-L013,P00090,medical,2025-10-15,2025-10-24,9.0
P00090-L014,P00090,earned,2025-11-18,2025-11-22,4.4
P00090-L015,P00090,earned,2025-12-17,2025-12-23,6.2
P00090-L016,P00090,medical,2026-01-16,2026-01-24,8.1
P00090-L017,P00090,medical,2026-02-20,2026-03-01,9.7
P00090-L018,P00090,earned,2026-03-23,2026-03-29,5.9
P00090-L019,P00090,earned,2026-04-22,2026-04-29,6.4
P00090-L020,P00090,casual,2026-05-29,2026-06-15,17.2
P00090-L021,P00090,compensatory,2026-06-26,2026-07-03,6.5
P00090-L022,P00090,earned,2026-08-02,2026-08-12,9.6
P00091-L001,P00091,casual,2024-09-03,2024-09-12,9.3
P00091-L002,P00091,earned,2024-10-14,2024-10-19,5.1
P00091-L003,P00091,medical,2024-10-23,2024-10-26,3.5
P00091-L004,P00091,compensatory,2024-11-21,2024-12-02,11.1
P00091-L005,P00091,earned,2024-12-22,2024-12-26,4.3
P00091-L006,P00091,casual,2025-01-12,2025-01-22,10.1
P00091-L007,P00091,earned,2025-02-04,2025-02-11,7.1
P00091-L008,P00091,earned,2025-03-04,2025-03-16,12.2
P00091-L009,P00091,casual,2025-03-29,2025-04-06,8.2
P00091-L010,P00091,earned,2025-04-27,2025-04-30,2.6
P00091-L011,P00091,casual,2025-05-25,2025-06-03,9.2
P00091-L012,P00091,medical,2025-07-01,2025-07-07,5.7
P00091-L013,P00091,earned,2025-07-17,2025-07-25,7.5
P00091-L014,P00091,casual,2025-08-09,2025-08-14,4.8
P00091-L015,P00091,casual,2025-09-20,2025-09-24,4.6
P00091-L016,P00091,compensatory,2025-09-30,2025-10-02,2.0
P00091-L017,P00091,medical,2025-10-31,2025-11-12,11.9
P00091-L018,P00091,earned,2025-11-20,2025-11-23,3.2
P00091-L019,P00091,earned,2025-12-15,2025-12-17,1.2
P00091-L020,P00091,casual,2026-01-18,2026-01-21,2.8
P00091-L021,P00091,earned,2026-02-06,2026-02-12,5.4
P00091-L022,P00091,earned,2026-03-09,2026-03-20,11.4
P00091-L023,P00091,medical,2026-04-12,2026-04-17,5.3
P00091-L024,P00091,earned,2026-04-23,2026-04-26,2.2
P00091-L025,P00091,earned,2026-05-25,2026-05-29,3.9
P00091-L026,P00091,earned,2026-06-20,2026-06-23,3.2
P00091-L027,P00091,earned,2026-07-13,2026-07-22,8.4
P00091-L028,P00091,casual,2026-08-17,2026-08-25,8.3
P00092-L001,P00092,medical,2024-09-17,2024-09-23,5.1
P00092-L002,P00092,medical,2024-10-22,2024-11-04,12.2
P00092-L003,P00092,earned,2024-12-19,2025-01-02,13.8
P00092-L004,P00092,earned,2025-03-08,2025-03-19,11.5
P00092-L005,P00092,earned,2025-04-20,2025-05-04,13.4
P00092-L006,P00092,earned,2025-06-02,2025-06-10,7.9
P00092-L007,P00092,medical,2025-08-21,2025-08-27,5.6
P00092-L008,P00092,earned,2025-09-17,2025-09-26,8.9
P00092-L009,P00092,earned,2025-11-19,2025-11-26,6.5
P00092-L010,P00092,casual,2025-12-21,2025-12-30,8.7
P00092-L011,P00092,casual,2026-02-04,2026-02-09,4.8
P00092-L012,P00092,casual,2026-03-28,2026-04-08,11.1
P00092-L013,P00092,casual,2026-06-10,2026-06-19,8.9
P00092-L014,P00092,earned,2026-07-23,2026-07-30,6.5
P00093-L001,P00093,casual,2024-08-31,2024-09-05,5.2
P00093-L002,P00093,earned,2024-10-31,2024-11-13,13.2
P00093-L003,P00093,earned,2025-01-05,2025-01-08,3.2
P00093-L004,P00093,earned,2025-02-17,2025-02-26,9.0
P00093-L005,P00093,earned,2025-04-07,2025-04-21,13.8
P00093-L006,P00093,earned,2025-06-11,2025-06-20,8.8
P00093-L007,P00093,medical,2025-08-01,2025-08-10,9.5
P00093-L008,P00093,casual,2025-09-02,2025-09-14,12.4
P00093-L009,P00093,casual,2025-10-23,2025-11-02,10.7
P00093-L010,P00093,casual,2026-01-10,2026-01-23,13.2
P00093-L011,P00093,earned,2026-03-04,2026-03-14,10.3
P00093-L012,P00093,earned,2026-03-31,2026-04-13,12.7
P00093-L013,P00093,earned,2026-05-26,2026-06-07,12.4
P00093-L014,P00093,earned,2026-08-02,2026-08-03,1.6
P00094-L001,P00094,earned,2024-08-31,2024-09-15,14.4
P00094-L002,P00094,earned,2024-11-27,2024-12-04,7.2
P00094-L003,P00094,earned,2025-02-22,2025-02-24,1.7
P00094-L004,P00094,medical,2025-04-19,2025-04-30,10.7
P00094-L005,P00094,earned,2025-06-24,2025-07-03,9.1
P00094-L006,P00094,earned,2025-09-24,2025-09-30,5.4
P00094-L007,P00094,earned,2025-11-12,2025-11-17,4.5
P00094-L008,P00094,casual,2026-01-29,2026-02-07,8.9
P00094-L009,P00094,earned,2026-04-27,2026-05-07,10.7
P00094-L010,P00094,compensatory,2026-07-22,2026-07-25,3.0
P00095-L001,P00095,casual,2024-09-14,2024-09-29,15.4
P00095-L002,P00095,medical,2024-12-02,2024-12-08,5.5
P00095-L003,P00095,earned,2025-03-23,2025-03-31,7.6
P00095-L004,P00095,casual,2025-04-22,2025-05-01,9.1
P00095-L005,P00095,casual,2025-06-21,2025-07-07,15.8
P00095-L006,P00095,casual,2025-09-01,2025-09-08,7.5
P00095-L007,P00095,earned,2025-11-21,2025-12-15,23.6
P00095-L008,P00095,earned,2026-01-27,2026-02-01,5.1
P00095-L009,P00095,earned,2026-04-30,2026-05-07,6.5
P00095-L010,P00095,medical,2026-07-01,2026-07-10,8.3
P00096-L001,P00096,earned,2024-09-24,2024-10-08,13.5
P00096-L002,P00096,casual,2024-11-15,2024-11-20,5.1
P00096-L003,P00096,earned,2024-12-30,2025-01-03,3.8
P00096-L004,P00096,earned,2025-02-11,2025-02-14,2.9
P00096-L005,P00096,earned,2025-03-16,2025-03-30,14.8
P00096-L006,P00096,casual,2025-05-03,2025-05-26,22.9
P00096-L007,P00096,medical,2025-07-11,2025-07-19,7.5
P00096-L008,P00096,earned,2025-08-19,2025-08-25,6.2
P00096-L009,P00096,earned,2025-09-26,2025-10-03,7.4
P00096-L010,P00096,casual,2025-11-18,2025-11-23,5.0
P00096-L011,P00096,casual,2026-01-12,2026-01-18,6.0
P00096-L012,P00096,casual,2026-02-21,2026-03-06,12.4
P00096-L013,P00096,casual,2026-04-13,2026-04-19,6.4
P00096-L014,P00096,earned,2026-06-11,2026-06-17,5.8
P00096-L015,P00096,earned,2026-07-17,2026-07-25,7.9
P00097-L001,P00097,medical,2024-09-18,2024-09-27,8.6
P00097-L002,P00097,earned,2024-11-04,2024-11-15,10.6
P00097-L003,P00097,casual,2024-12-16,2024-12-27,10.8
P00097-L004,P00097,earned,2025-02-11,2025-02-26,15.0
P00097-L005,P00097,earned,2025-03-30,2025-04-07,8.0
P00097-L006,P00097,earned,2025-06-02,2025-06-17,14.5
P00097-L007,P00097,earned,2025-07-12,2025-07-29,17.7
P00097-L008,P00097,compensatory,2025-09-01,2025-09-06,5.4
P00097-L009,P00097,earned,2025-10-31,2025-11-08,8.2
P00097-L010,P00097,earned,2025-12-27,2026-01-04,7.7
P00097-L011,P00097,casual,2026-03-04,2026-03-11,7.2
P00097-L012,P00097,casual,2026-04-06,2026-04-18,12.5
P00097-L013,P00097,casual,2026-05-27,2026-06-05,9.5
P00097-L014,P00097,casual,2026-07-26,2026-08-07,12.9
P00098-L001,P00098,casual,2024-09-05,2024-09-17,12.2
P00098-L002,P00098,casual,2024-10-09,2024-10-15,6.1
P00098-L003,P00098,medical,2024-11-17,2024-11-20,2.9
P00098-L004,P00098,earned,2024-12-26,2024-12-30,4.3
P00098-L005,P00098,casual,2025-02-20,2025-03-01,8.9
P00098-L006,P00098,casual,2025-03-28,2025-04-06,8.5
P00098-L007,P00098,earned,2025-05-07,2025-05-15,7.8
P00098-L008,P00098,earned,2025-06-01,2025-06-09,7.9
P00098-L009,P00098,compensatory,2025-07-18,2025-07-25,6.1
P00098-L010,P00098,earned,2025-08-17,2025-08-29,12.0
P00098-L011,P00098,casual,2025-09-27,2025-10-08,11.0
P00098-L012,P00098,earned,2025-11-05,2025-11-17,12.0
P00098-L013,P00098,earned,2025-12-15,2025-12-29,13.9
P00098-L014,P00098,casual,2026-01-18,2026-01-26,7.8
P00098-L015,P00098,earned,2026-02-23,2026-03-05,10.6
P00098-L016,P00098,earned,2026-04-09,2026-04-17,8.4
P00098-L017,P00098,casual,2026-05-25,2026-06-07,13.7
P00098-L018,P00098,casual,2026-06-20,2026-06-23,3.5
P00098-L019,P00098,earned,2026-07-26,2026-08-01,5.5
P00099-L001,P00099,earned,2024-09-11,2024-09-26,14.6
P00099-L002,P00099,medical,2024-11-23,2024-11-30,7.5
P00099-L003,P00099,earned,2025-01-15,2025-01-18,3.4
P00099-L004,P00099,earned,2025-02-17,2025-03-02,12.9
P00099-L005,P00099,earned,2025-04-03,2025-04-11,8.2
P00099-L006,P00099,casual,2025-06-10,2025-06-20,10.3
P00099-L007,P00099,earned,2025-07-11,2025-07-20,8.4
P00099-L008,P00099,earned,2025-09-30,2025-10-11,10.7
P00099-L009,P00099,compensatory,2025-11-05,2025-11-12,6.2
P00099-L010,P00099,earned,2025-12-25,2026-01-10,15.6
P00099-L011,P00099,earned,2026-02-19,2026-03-12,21.5
P00099-L012,P00099,medical,2026-04-18,2026-05-01,12.6
P00099-L013,P00099,medical,2026-06-02,2026-06-08,5.7
P00099-L014,P00099,medical,2026-07-22,2026-07-30,8.2
P00100-L001,P00100,casual,2024-09-08,2024-09-14,5.9
P00100-L002,P00100,casual,2024-09-28,2024-10-05,6.7
P00100-L003,P00100,earned,2024-11-01,2024-11-02,1.0
P00100-L004,P00100,earned,2024-11-27,2024-12-04,6.7
P00100-L005,P00100,casual,2024-12-13,2024-12-18,4.9
P00100-L006,P00100,earned,2025-01-13,2025-01-14,1.9
P00100-L007,P00100,compensatory,2025-01-31,2025-02-08,7.4
P00100-L008,P00100,earned,2025-02-25,2025-03-03,6.3
P00100-L009,P00100,earned,2025-03-24,2025-03-29,4.7
P00100-L010,P00100,casual,2025-04-29,2025-05-06,6.5
P00100-L011,P00100,casual,2025-05-14,2025-05-25,10.5
P00100-L012,P00100,compensatory,2025-06-18,2025-06-24,5.2
P00100-L013,P00100,earned,2025-07-13,2025-07-24,10.2
P00100-L014,P00100,medical,2025-07-27,2025-08-01,4.7
P00100-L015,P00100,earned,2025-08-27,2025-09-05,8.1
P00100-L016,P00100,earned,2025-09-19,2025-10-01,11.9
P00100-L017,P00100,casual,2025-10-22,2025-10-30,8.1
P00100-L018,P00100,medical,2025-11-07,2025-11-15,8.1
P00100-L019,P00100,earned,2025-11-30,2025-12-09,9.3
P00100-L020,P00100,earned,2026-01-03,2026-01-06,3.1
P00100-L021,P00100,casual,2026-01-29,2026-02-06,8.3
P00100-L022,P00100,earned,2026-02-15,2026-02-17,2.0
P00100-L023,P00100,earned,2026-03-22,2026-03-26,4.5
P00100-L024,P00100,earned,2026-04-10,2026-04-13,2.3
P00100-L025,P00100,casual,2026-05-06,2026-05-14,8.3
P00100-L026,P00100,earned,2026-05-26,2026-06-04,9.3
P00100-L027,P00100,earned,2026-06-26,2026-07-03,6.5
P00100-L028,P00100,casual,2026-07-19,2026-07-23,3.3
P00100-L029,P00100,earned,2026-08-24,2026-08-27,3.1
P00101-L001,P00101,casual,2024-09-17,2024-09-30,13.0
P00101-L002,P00101,earned,2024-10-10,2024-10-15,5.9
P00101-L003,P00101,casual,2024-11-27,2024-12-05,7.6
P00101-L004,P00101,casual,2024-12-25,2024-12-27,2.5
P00101-L005,P00101,casual,2025-02-09,2025-02-20,11.0
P00101-L006,P00101,compensatory,2025-03-11,2025-03-20,8.7
P00101-L007,P00101,casual,2025-05-01,2025-05-13,12.4
P00101-L008,P00101,compensatory,2025-06-10,2025-06-16,5.5
P00101-L009,P00101,earned,2025-07-22,2025-07-30,8.6
P00101-L010,P00101,compensatory,2025-08-25,2025-09-04,10.0
P00101-L011,P00101,earned,2025-09-21,2025-09-25,4.1
P00101-L012,P00101,earned,2025-11-01,2025-11-11,10.3
P00101-L013,P00101,medical,2025-12-11,2025-12-14,2.8
P00101-L014,P00101,earned,2026-01-21,2026-01-27,6.9
P00101-L015,P00101,medical,2026-02-24,2026-03-18,21.7
P00101-L016,P00101,casual,2026-04-07,2026-04-13,6.5
P00101-L017,P00101,casual,2026-05-18,2026-06-02,15.4
P00101-L018,P00101,earned,2026-06-17,2026-06-30,13.7
P00101-L019,P00101,earned,2026-07-29,2026-07-31,1.9
P00102-L001,P00102,casual,2024-09-20,2024-09-25,5.3
P00102-L002,P00102,earned,2024-10-24,2024-10-28,4.2
P00102-L003,P00102,earned,2025-01-04,2025-01-12,7.7
P00102-L004,P00102,casual,2025-01-21,2025-01-29,7.8
P00102-L005,P00102,medical,2025-03-18,2025-03-22,4.0
P00102-L006,P00102,medical,2025-05-08,2025-05-15,6.9
P00102-L007,P00102,casual,2025-06-09,2025-06-23,14.1
P00102-L008,P00102,medical,2025-07-20,2025-07-26,5.8
P00102-L009,P00102,earned,2025-09-02,2025-09-20,18.3
P00102-L010,P00102,casual,2025-11-05,2025-11-12,6.6
P00102-L011,P00102,compensatory,2025-12-06,2025-12-21,14.7
P00102-L012,P00102,earned,2026-01-31,2026-02-06,6.4
P00102-L013,P00102,compensatory,2026-03-17,2026-03-29,12.0
P00102-L014,P00102,casual,2026-04-29,2026-05-04,5.1
P00102-L015,P00102,compensatory,2026-06-09,2026-06-16,6.5
P00102-L016,P00102,earned,2026-07-22,2026-07-26,4.5
P00103-L001,P00103,earned,2024-09-03,2024-09-09,6.5
P00103-L002,P00103,casual,2024-11-05,2024-11-07,2.6
P00103-L003,P00103,compensatory,2024-11-29,2024-12-03,3.6
P00103-L004,P00103,casual,2025-01-14,2025-02-02,18.7
P00103-L005,P00103,earned,2025-02-24,2025-03-04,8.0
P00103-L006,P00103,compensatory,2025-04-11,2025-04-21,9.8
P00103-L007,P00103,earned,2025-05-17,2025-05-31,13.9
P00103-L008,P00103,casual,2025-07-08,2025-07-16,7.9
P00103-L009,P00103,casual,2025-08-14,2025-08-20,6.3
P00103-L010,P00103,casual,2025-09-24,2025-10-03,9.3
P00103-L011,P00103,casual,2025-11-04,2025-11-11,7.0
P00103-L012,P00103,casual,2025-12-30,2026-01-04,5.5
P00103-L013,P00103,earned,2026-02-21,2026-03-03,10.2
P00103-L014,P00103,casual,2026-03-18,2026-04-05,17.6
P00103-L015,P00103,casual,2026-05-02,2026-05-23,21.7
P00103-L016,P00103,casual,2026-06-23,2026-06-29,6.0
P00103-L017,P00103,earned,2026-07-28,2026-08-02,5.6
P00104-L001,P00104,earned,2024-09-03,2024-09-09,6.0
P00104-L002,P00104,casual,2024-10-19,2024-10-24,5.8
P00104-L003,P00104,compensatory,2024-11-11,2024-11-20,8.3
P00104-L004,P00104,earned,2024-12-16,2024-12-28,11.7
P00104-L005,P00104,medical,2025-01-28,2025-02-02,5.0
P00104-L006,P00104,casual,2025-02-23,2025-03-01,6.3
P00104-L007,P00104,earned,2025-03-23,2025-03-29,6.5
P00104-L008,P00104,compensatory,2025-04-29,2025-05-07,7.2
P00104-L009,P00104,earned,2025-05-29,2025-06-06,8.3
P00104-L010,P00104,earned,2025-07-01,2025-07-04,3.0
P00104-L011,P00104,earned,2025-07-31,2025-08-06,6.1
P00104-L012,P00104,casual,2025-09-02,2025-09-07,5.6
P00104-L013,P00104,earned,2025-10-13,2025-10-22,9.3
P00104-L014,P00104,casual,2025-11-10,2025-11-13,2.9
P00104-L015,P00104,earned,2025-12-28,2026-01-04,7.0
P00104-L016,P00104,earned,2026-01-23,2026-01-29,5.3
P00104-L017,P00104,medical,2026-02-15,2026-02-24,8.9
P00104-L018,P00104,casual,2026-03-20,2026-03-23,3.1
P00104-L019,P00104,earned,2026-05-01,2026-05-06,5.6
P00104-L020,P00104,compensatory,2026-06-03,2026-06-08,5.0
P00104-L021,P00104,earned,2026-07-04,2026-07-16,12.4
P00104-L022,P00104,casual,2026-07-30,2026-08-05,6.2
P00105-L001,P00105,earned,2024-09-22,2024-09-27,5.7
P00105-L002,P00105,casual,2024-11-26,2024-12-03,7.5
P00105-L003,P00105,earned,2025-02-06,2025-02-17,10.9
P00105-L004,P00105,casual,2025-04-11,2025-04-15,3.8
P00105-L005,P00105,earned,2025-06-22,2025-07-04,11.4
P00105-L006,P00105,compensatory,2025-09-12,2025-09-26,13.9
P00105-L007,P00105,casual,2025-11-13,2025-11-19,6.5
P00105-L008,P00105,casual,2026-01-26,2026-01-31,5.2
P00105-L009,P00105,earned,2026-05-18,2026-05-22,4.6
P00105-L010,P00105,casual,2026-07-24,2026-07-29,4.8
P00106-L001,P00106,earned,2024-09-13,2024-09-18,4.6
P00106-L002,P00106,casual,2024-10-02,2024-10-10,7.5
P00106-L003,P00106,earned,2024-10-22,2024-10-30,8.2
P00106-L004,P00106,earned,2024-11-21,2024-11-30,8.8
P00106-L005,P00106,earned,2024-12-22,2024-12-29,7.6
P00106-L006,P00106,earned,2025-01-06,2025-01-07,1.1
P00106-L007,P00106,medical,2025-02-07,2025-02-14,7.0
P00106-L008,P00106,casual,2025-03-08,2025-03-14,6.1
P00106-L009,P00106,earned,2025-03-21,2025-03-27,6.2
P00106-L010,P00106,earned,2025-04-16,2025-04-25,9.0
P00106-L011,P00106,casual,2025-05-10,2025-05-16,6.0
P00106-L012,P00106,earned,2025-06-12,2025-06-19,7.0
P00106-L013,P00106,compensatory,2025-07-01,2025-07-07,6.0
P00106-L014,P00106,medical,2025-07-25,2025-07-29,4.1
P00106-L015,P00106,earned,2025-08-26,2025-09-04,8.6
P00106-L016,P00106,earned,2025-09-21,2025-09-26,4.8
P00106-L017,P00106,casual,2025-10-11,2025-10-16,4.9
P00106-L018,P00106,earned,2025-11-04,2025-11-07,2.5
P00106-L019,P00106,earned,2025-12-01,2025-12-06,4.5
P00106-L020,P00106,casual,2025-12-23,2025-12-29,6.0
P00106-L021,P00106,earned,2026-01-19,2026-01-29,10.4
P00106-L022,P00106,earned,2026-02-16,2026-02-22,5.8
P00106-L023,P00106,earned,2026-03-17,2026-03-23,6.0
P00106-L024,P00106,casual,2026-04-08,2026-04-11,2.8
P00106-L025,P00106,medical,2026-04-28,2026-05-12,14.3
P00106-L026,P00106,casual,2026-05-30,2026-06-06,7.6
P00106-L027,P00106,earned,2026-06-23,2026-06-26,2.9
P00106-L028,P00106,earned,2026-07-16,2026-07-24,7.3
P00106-L029,P00106,casual,2026-08-08,2026-08-10,1.9
P00107-L001,P00107,earned,2024-09-06,2024-09-19,13.0
P00107-L002,P00107,casual,2024-10-20,2024-11-05,15.6
P00107-L003,P00107,casual,2024-11-20,2024-11-30,9.7
P00107-L004,P00107,earned,2025-01-15,2025-01-25,9.7
P00107-L005,P00107,casual,2025-02-16,2025-02-23,7.2
P00107-L006,P00107,casual,2025-03-22,2025-04-01,9.5
P00107-L007,P00107,casual,2025-05-03,2025-05-14,10.9
P00107-L008,P00107,earned,2025-05-31,2025-06-05,4.2
P00107-L009,P00107,casual,2025-07-14,2025-07-27,12.4
P00107-L010,P00107,casual,2025-08-12,2025-08-27,15.2
P00107-L011,P00107,earned,2025-09-27,2025-10-04,7.6
P00107-L012,P00107,earned,2025-11-06,2025-11-13,6.7
P00107-L013,P00107,earned,2025-12-07,2025-12-20,12.3
P00107-L014,P00107,earned,2026-01-24,2026-01-29,5.0
P00107-L015,P00107,earned,2026-02-22,2026-03-06,12.5
P00107-L016,P00107,compensatory,2026-04-11,2026-04-22,11.1
P00107-L017,P00107,earned,2026-05-21,2026-06-03,13.9
P00107-L018,P00107,medical,2026-06-22,2026-07-07,15.0
P00107-L019,P00107,earned,2026-07-25,2026-08-02,8.4
P00108-L001,P00108,earned,2024-09-06,2024-10-02,26.2
P00108-L002,P00108,casual,2024-11-03,2024-11-10,7.7
P00108-L003,P00108,casual,2024-12-13,2024-12-21,7.6
P00108-L004,P00108,earned,2025-01-09,2025-01-20,11.1
P00108-L005,P00108,earned,2025-02-27,2025-03-06,6.6
P00108-L006,P00108,compensatory,2025-04-19,2025-04-23,4.1
P00108-L007,P00108,compensatory,2025-05-30,2025-06-11,12.0
P00108-L008,P00108,casual,2025-06-30,2025-07-09,9.6
P00108-L009,P00108,casual,2025-08-22,2025-08-30,7.7
P00108-L010,P00108,earned,2025-09-24,2025-09-30,5.9
P00108-L011,P00108,casual,2025-11-12,2025-11-25,12.9
P00108-L012,P00108,casual,2025-12-26,2026-01-02,6.8
P00108-L013,P00108,earned,2026-01-31,2026-02-09,8.8
P00108-L014,P00108,medical,2026-04-02,2026-04-15,13.1
P00108-L015,P00108,earned,2026-04-27,2026-05-05,7.4
P00108-L016,P00108,earned,2026-06-24,2026-06-28,4.0
P00108-L017,P00108,earned,2026-07-24,2026-07-29,5.5
P00109-L001,P00109,earned,2024-09-08,2024-09-17,9.0
P00109-L002,P00109,casual,2024-10-02,2024-10-09,6.8
P00109-L003,P00109,casual,2024-11-08,2024-11-24,15.5
P00109-L004,P00109,earned,2024-12-07,2024-12-11,4.2
P00109-L005,P00109,casual,2025-01-03,2025-01-08,5.7
P00109-L006,P00109,earned,2025-02-02,2025-02-09,7.0
P00109-L007,P00109,casual,2025-03-19,2025-03-24,4.6
P00109-L008,P00109,earned,2025-04-10,2025-04-15,5.2
P00109-L009,P00109,earned,2025-05-06,2025-05-14,8.6
P00109-L010,P00109,earned,2025-06-05,2025-06-11,5.4
P00109-L011,P00109,casual,2025-07-10,2025-07-17,6.7
P00109-L012,P00109,earned,2025-08-14,2025-08-19,4.5
P00109-L013,P00109,casual,2025-09-13,2025-09-28,15.1
P00109-L014,P00109,earned,2025-10-02,2025-10-12,9.8
P00109-L015,P00109,earned,2025-11-09,2025-11-17,8.5
P00109-L016,P00109,casual,2025-12-13,2025-12-17,4.8
P00109-L017,P00109,earned,2026-01-06,2026-01-11,4.8
P00109-L018,P00109,casual,2026-02-02,2026-02-15,13.4
P00109-L019,P00109,earned,2026-03-06,2026-03-18,12.7
P00109-L020,P00109,earned,2026-04-06,2026-04-16,10.2
P00109-L021,P00109,earned,2026-05-04,2026-05-10,6.2
P00109-L022,P00109,earned,2026-06-04,2026-06-13,9.4
P00109-L023,P00109,casual,2026-07-03,2026-07-17,14.1
P00109-L024,P00109,casual,2026-08-05,2026-08-13,7.8
P00110-L001,P00110,compensatory,2024-09-09,2024-09-19,10.1
P00110-L002,P00110,earned,2024-10-25,2024-11-02,7.9
P00110-L003,P00110,casual,2024-12-10,2024-12-15,4.4
P00110-L004,P00110,compensatory,2025-01-09,2025-01-17,7.3
P00110-L005,P00110,medical,2025-03-02,2025-03-16,14.1
P00110-L006,P00110,compensatory,2025-04-16,2025-04-21,5.8
P00110-L007,P00110,casual,2025-06-07,2025-06-13,6.0
P00110-L008,P00110,casual,2025-06-28,2025-07-09,10.8
P00110-L009,P00110,earned,2025-08-30,2025-09-03,3.6
P00110-L010,P00110,medical,2025-10-03,2025-10-15,12.3
P00110-L011,P00110,casual,2025-11-13,2025-11-26,13.1
P00110-L012,P00110,casual,2025-12-21,2026-01-05,14.7
P00110-L013,P00110,earned,2026-02-06,2026-02-15,8.9
P00110-L014,P00110,medical,2026-03-16,2026-03-24,8.4
P00110-L015,P00110,casual,2026-05-03,2026-05-04,1.5
P00110-L016,P00110,casual,2026-06-13,2026-06-22,9.2
P00110-L017,P00110,earned,2026-08-01,2026-08-07,5.5
P00111-L001,P00111,earned,2024-09-25,2024-10-02,7.0
P00111-L002,P00111,casual,2024-11-03,2024-11-11,7.9
P00111-L003,P00111,casual,2024-12-22,2025-01-02,10.9
P00111-L004,P00111,earned,2025-01-31,2025-02-20,20.6
P00111-L005,P00111,earned,2025-03-02,2025-03-10,7.6
P00111-L006,P00111,casual,2025-04-19,2025-04-25,6.0
P00111-L007,P00111,casual,2025-06-10,2025-06-22,11.8
P00111-L008,P00111,earned,2025-07-23,2025-08-08,16.3
P00111-L009,P00111,casual,2025-09-06,2025-09-10,3.6
P00111-L010,P00111,earned,2025-11-08,2025-11-20,11.4
P00111-L011,P00111,earned,2025-12-23,2025-12-30,7.5
P00111-L012,P00111,earned,2026-02-12,2026-02-20,7.6
P00111-L013,P00111,earned,2026-03-18,2026-03-27,8.6
P00111-L014,P00111,earned,2026-04-26,2026-05-06,10.1
P00111-L015,P00111,medical,2026-06-14,2026-06-23,8.8
P00111-L016,P00111,earned,2026-07-22,2026-08-06,14.8
P00112-L001,P00112,earned,2024-09-03,2024-09-10,6.8
P00112-L002,P00112,earned,2024-10-19,2024-10-23,3.4
P00112-L003,P00112,casual,2024-12-10,2024-12-20,10.4
P00112-L004,P00112,compensatory,2025-01-11,2025-01-18,6.3
P00112-L005,P00112,casual,2025-02-22,2025-03-03,8.9
P00112-L006,P00112,casual,2025-04-10,2025-05-06,26.1
P00112-L007,P00112,earned,2025-06-02,2025-06-15,12.6
P00112-L008,P00112,casual,2025-07-04,2025-07-15,10.9
P00112-L009,P00112,casual,2025-09-01,2025-09-10,8.7
P00112-L010,P00112,earned,2025-09-24,2025-09-30,6.7
P00112-L011,P00112,earned,2025-11-10,2025-11-22,11.8
P00112-L012,P00112,earned,2025-12-21,2026-01-05,15.5
P00112-L013,P00112,earned,2026-01-31,2026-02-05,5.2
P00112-L014,P00112,earned,2026-03-17,2026-03-21,3.3
P00112-L015,P00112,casual,2026-05-11,2026-05-14,3.2
P00112-L016,P00112,casual,2026-06-16,2026-06-20,4.4
P00112-L017,P00112,casual,2026-07-22,2026-08-03,12.1
P00113-L001,P00113,earned,2024-09-06,2024-09-16,10.1
P00113-L002,P00113,casual,2024-11-06,2024-11-09,3.4
P00113-L003,P00113,earned,2025-01-02,2025-01-19,17.2
P00113-L004,P00113,earned,2025-03-26,2025-04-03,8.2
P00113-L005,P00113,casual,2025-05-24,2025-06-14,21.0
P00113-L006,P00113,casual,2025-07-03,2025-07-19,16.1
P00113-L007,P00113,earned,2025-10-09,2025-10-17,8.3
P00113-L008,P00113,casual,2025-11-07,2025-12-01,24.4
P00113-L009,P00113,medical,2026-02-08,2026-02-14,6.2
P00113-L010,P00113,casual,2026-03-04,2026-03-21,16.8
P00113-L011,P00113,medical,2026-05-27,2026-06-07,11.0
P00113-L012,P00113,earned,2026-07-28,2026-07-31,2.4
P00114-L001,P00114,earned,2024-09-04,2024-09-15,11.0
P00114-L002,P00114,earned,2024-10-30,2024-11-09,10.0
P00114-L003,P00114,casual,2024-12-27,2025-01-12,16.1
P00114-L004,P00114,casual,2025-02-23,2025-03-05,10.0
P00114-L005,P00114,medical,2025-04-10,2025-04-20,10.6
P00114-L006,P00114,casual,2025-06-06,2025-06-14,7.8
P00114-L007,P00114,earned,2025-07-29,2025-08-10,11.5
P00114-L008,P00114,casual,2025-09-14,2025-09-20,6.6
P00114-L009,P00114,earned,2025-10-23,2025-11-01,8.5
P00114-L010,P00114,casual,2025-12-14,2025-12-27,12.1
P00114-L011,P00114,earned,2026-02-04,2026-03-01,25.1
P00114-L012,P00114,earned,2026-04-06,2026-04-19,13.0
P00114-L013,P00114,earned,2026-05-22,2026-06-01,9.8
P00114-L014,P00114,casual,2026-07-17,2026-07-25,8.6
P00115-L001,P00115,earned,2024-09-02,2024-09-13,11.5
P00115-L002,P00115,compensatory,2024-10-09,2024-10-14,4.7
P00115-L003,P00115,compensatory,2024-11-20,2024-12-04,13.6
P00115-L004,P00115,compensatory,2024-12-26,2025-01-03,8.0
P00115-L005,P00115,casual,2025-02-18,2025-02-24,5.3
P00115-L006,P00115,medical,2025-03-22,2025-04-01,9.7
P00115-L007,P00115,medical,2025-04-20,2025-04-24,3.9
P00115-L008,P00115,earned,2025-05-26,2025-06-01,6.7
P00115-L009,P00115,earned,2025-06-30,2025-07-06,5.8
P00115-L010,P00115,casual,2025-08-10,2025-08-14,3.9
P00115-L011,P00115,earned,2025-09-06,2025-09-15,8.1
P00115-L012,P00115,medical,2025-10-27,2025-11-06,9.9
P00115-L013,P00115,casual,2025-12-07,2025-12-12,5.6
P00115-L014,P00115,earned,2025-12-29,2026-01-04,6.5
P00115-L015,P00115,earned,2026-01-25,2026-01-28,3.7
P00115-L016,P00115,casual,2026-03-11,2026-03-18,7.1
P00115-L017,P00115,casual,2026-04-17,2026-04-21,3.3
P00115-L018,P00115,medical,2026-05-17,2026-05-27,9.2
P00115-L019,P00115,casual,2026-07-05,2026-07-14,8.8
P00115-L020,P00115,compensatory,2026-08-03,2026-08-11,8.2
P00116-L001,P00116,earned,2024-11-02,2024-11-17,15.2
P00116-L002,P00116,earned,2025-01-18,2025-01-23,5.2
P00116-L003,P00116,earned,2025-04-10,2025-04-19,9.0
P00116-L004,P00116,medical,2025-07-29,2025-08-06,7.5
P00116-L005,P00116,earned,2025-11-08,2025-11-23,15.0
P00116-L006,P00116,earned,2026-02-04,2026-02-13,8.4
P00116-L007,P00116,earned,2026-07-27,2026-08-08,11.8
P00117-L001,P00117,earned,2024-09-09,2024-09-13,3.7
P00117-L002,P00117,casual,2024-10-13,2024-10-25,12.1
P00117-L003,P00117,casual,2024-11-28,2024-11-30,2.3
P00117-L004,P00117,earned,2025-01-23,2025-01-27,4.5
P00117-L005,P00117,earned,2025-02-20,2025-03-11,19.0
P00117-L006,P00117,earned,2025-03-26,2025-04-04,8.8
P00117-L007,P00117,medical,2025-05-16,2025-05-27,10.8
P00117-L008,P00117,casual,2025-06-18,2025-06-27,9.0
P00117-L009,P00117,earned,2025-07-26,2025-08-11,16.5
P00117-L010,P00117,earned,2025-08-31,2025-09-13,13.1
P00117-L011,P00117,casual,2025-10-15,2025-10-21,5.8
P00117-L012,P00117,earned,2025-12-12,2025-12-22,9.5
P00117-L013,P00117,medical,2026-01-16,2026-01-25,8.9
P00117-L014,P00117,earned,2026-03-01,2026-03-12,10.6
P00117-L015,P00117,medical,2026-03-30,2026-04-10,11.4
P00117-L016,P00117,earned,2026-05-15,2026-05-20,4.8
P00117-L017,P00117,earned,2026-07-01,2026-07-06,4.1
P00117-L018,P00117,earned,2026-08-05,2026-08-14,9.1
P00118-L001,P00118,casual,2024-09-02,2024-09-07,4.7
P00118-L002,P00118,casual,2024-11-09,2024-11-11,2.8
P00118-L003,P00118,earned,2025-01-15,2025-02-09,25.6
P00118-L004,P00118,earned,2025-03-12,2025-03-16,3.8
P00118-L005,P00118,medical,2025-05-08,2025-05-14,5.7
P00118-L006,P00118,casual,2025-07-17,2025-07-27,10.2
P00118-L007,P00118,casual,2025-09-18,2025-10-14,25.5
P00118-L008,P00118,earned,2025-10-31,2025-11-14,14.2
P00118-L009,P00118,earned,2026-01-23,2026-01-31,8.2
P00118-L010,P00118,earned,2026-03-04,2026-03-11,7.2
P00118-L011,P00118,casual,2026-05-10,2026-05-21,11.3
P00118-L012,P00118,compensatory,2026-07-06,2026-07-12,5.9
P00119-L001,P00119,earned,2024-09-03,2024-09-09,5.6
P00119-L002,P00119,medical,2024-10-16,2024-10-24,8.4
P00119-L003,P00119,casual,2024-12-30,2025-01-05,6.4
P00119-L004,P00119,casual,2025-01-25,2025-02-08,13.3
P00119-L005,P00119,earned,2025-03-02,2025-03-14,12.5
P00119-L006,P00119,earned,2025-05-03,2025-05-07,4.0
P00119-L007,P00119,earned,2025-06-23,2025-07-01,7.9
P00119-L008,P00119,earned,2025-07-25,2025-08-06,11.5
P00119-L009,P00119,casual,2025-09-01,2025-09-15,14.1
P00119-L010,P00119,earned,2025-10-19,2025-10-31,12.1
P00119-L011,P00119,earned,2025-12-01,2025-12-09,7.3
P00119-L012,P00119,casual,2026-01-24,2026-02-04,10.4
P00119-L013,P00119,medical,2026-03-17,2026-03-29,11.6
P00119-L014,P00119,earned,2026-04-26,2026-05-12,16.3
P00119-L015,P00119,medical,2026-06-02,2026-06-12,10.2
P00119-L016,P00119,casual,2026-07-20,2026-07-30,9.6
P00120-L001,P00120,earned,2024-09-03,2024-09-06,2.2
P00120-L002,P00120,earned,2024-10-26,2024-11-10,15.0
P00120-L003,P00120,casual,2024-11-30,2024-12-15,15.2
P00120-L004,P00120,earned,2025-01-09,2025-01-21,12.5
P00120-L005,P00120,casual,2025-03-05,2025-03-27,22.1
P00120-L006,P00120,casual,2025-04-10,2025-04-16,5.9
P00120-L007,P00120,earned,2025-06-05,2025-06-09,4.8
P00120-L008,P00120,medical,2025-07-22,2025-08-01,10.4
P00120-L009,P00120,earned,2025-08-22,2025-08-26,4.2
P00120-L010,P00120,earned,2025-10-17,2025-10-20,3.0
P00120-L011,P00120,casual,2025-11-15,2025-11-23,8.5
P00120-L012,P00120,casual,2026-01-08,2026-01-14,5.9
P00120-L013,P00120,earned,2026-02-04,2026-02-11,6.8
P00120-L014,P00120,earned,2026-04-14,2026-04-19,5.3
P00120-L015,P00120,earned,2026-04-29,2026-05-19,20.1
P00120-L016,P00120,casual,2026-06-19,2026-06-26,6.7
P00120-L017,P00120,compensatory,2026-08-09,2026-08-19,9.7
P00121-L001,P00121,compensatory,2024-09-15,2024-09-28,12.3
P00121-L002,P00121,earned,2024-11-10,2024-11-17,6.7
P00121-L003,P00121,casual,2024-12-30,2025-01-04,5.0
P00121-L004,P00121,medical,2025-01-27,2025-02-06,9.2
P00121-L005,P00121,earned,2025-03-17,2025-03-29,11.9
P00121-L006,P00121,casual,2025-04-23,2025-05-07,13.5
P00121-L007,P00121,casual,2025-06-11,2025-06-17,6.0
P00121-L008,P00121,compensatory,2025-08-03,2025-08-19,15.2
P00121-L009,P00121,medical,2025-09-16,2025-09-23,7.4
P00121-L010,P00121,casual,2025-10-29,2025-11-14,15.8
P00121-L011,P00121,medical,2025-12-12,2025-12-21,9.0
P00121-L012,P00121,casual,2026-01-20,2026-01-29,9.6
P00121-L013,P00121,casual,2026-03-23,2026-03-28,4.5
P00121-L014,P00121,casual,2026-05-01,2026-05-11,9.6
P00121-L015,P00121,medical,2026-06-17,2026-06-25,7.5
P00121-L016,P00121,earned,2026-08-06,2026-08-10,4.7
P00122-L001,P00122,compensatory,2024-09-07,2024-09-14,6.8
P00122-L002,P00122,earned,2024-10-15,2024-10-21,5.7
P00122-L003,P00122,casual,2024-11-12,2024-11-19,6.8
P00122-L004,P00122,earned,2024-12-28,2025-01-04,7.2
P00122-L005,P00122,casual,2025-01-25,2025-01-30,5.5
P00122-L006,P00122,casual,2025-03-15,2025-03-22,6.3
P00122-L007,P00122,earned,2025-04-10,2025-04-21,10.8
P00122-L008,P00122,earned,2025-05-28,2025-06-04,7.2
P00122-L009,P00122,casual,2025-06-27,2025-07-07,10.0
P00122-L010,P00122,casual,2025-07-29,2025-08-18,19.9
P00122-L011,P00122,earned,2025-09-13,2025-09-18,4.9
P00122-L012,P00122,earned,2025-10-24,2025-11-02,9.2
P00122-L013,P00122,casual,2025-11-14,2025-11-27,13.1
P00122-L014,P00122,earned,2025-12-26,2025-12-27,1.1
P00122-L015,P00122,compensatory,2026-01-24,2026-01-30,5.3
P00122-L016,P00122,earned,2026-03-09,2026-03-22,12.5
P00122-L017,P00122,casual,2026-04-11,2026-04-23,11.8
P00122-L018,P00122,casual,2026-05-22,2026-06-04,12.4
P00122-L019,P00122,casual,2026-06-26,2026-07-02,6.1
P00122-L020,P00122,earned,2026-07-31,2026-08-08,7.7
P00123-L001,P00123,earned,2024-08-31,2024-09-10,9.9
P00123-L002,P00123,casual,2024-10-26,2024-11-01,5.4
P00123-L003,P00123,earned,2024-12-07,2024-12-15,7.9
P00123-L004,P00123,casual,2025-01-13,2025-01-21,8.2
P00123-L005,P00123,medical,2025-02-27,2025-03-09,10.5
P00123-L006,P00123,earned,2025-04-09,2025-04-26,17.0
P00123-L007,P00123,compensatory,2025-05-21,2025-05-24,3.2
P00123-L008,P00123,earned,2025-07-13,2025-07-17,3.8
P00123-L009,P00123,casual,2025-08-14,2025-08-28,13.3
P00123-L010,P00123,medical,2025-10-04,2025-10-11,7.6
P00123-L011,P00123,earned,2025-11-09,2025-11-12,2.8
P00123-L012,P00123,medical,2025-12-20,2025-12-24,4.0
P00123-L013,P00123,earned,2026-02-05,2026-02-23,17.3
P00123-L014,P00123,casual,2026-03-14,2026-03-18,4.1
P00123-L015,P00123,earned,2026-05-24,2026-05-28,3.3
P00123-L016,P00123,earned,2026-06-28,2026-07-10,12.3
P00123-L017,P00123,casual,2026-08-05,2026-08-20,15.0
P00124-L001,P00124,medical,2024-09-01,2024-09-06,4.6
P00124-L002,P00124,earned,2024-10-16,2024-10-18,2.3
P00124-L003,P00124,earned,2024-12-09,2024-12-12,2.4
P00124-L004,P00124,compensatory,2025-01-08,2025-01-22,13.5
P00124-L005,P00124,earned,2025-02-20,2025-03-03,10.5
P00124-L006,P00124,medical,2025-04-08,2025-04-17,9.0
P00124-L007,P00124,casual,2025-06-16,2025-06-19,2.9
P00124-L008,P00124,compensatory,2025-07-12,2025-07-18,6.1
P00124-L009,P00124,casual,2025-08-12,2025-08-23,10.2
P00124-L010,P00124,casual,2025-09-24,2025-10-02,8.7
P00124-L011,P00124,earned,2025-11-04,2025-11-07,2.4
P00124-L012,P00124,casual,2025-12-28,2026-01-05,8.0
P00124-L013,P00124,medical,2026-02-04,2026-02-10,6.1
P00124-L014,P00124,casual,2026-03-16,2026-03-31,14.7
P00124-L015,P00124,medical,2026-05-16,2026-05-21,4.8
P00124-L016,P00124,casual,2026-06-09,2026-06-15,6.3
P00124-L017,P00124,earned,2026-08-01,2026-08-17,15.2
P00125-L001,P00125,casual,2024-09-17,2024-09-24,6.7
P00125-L002,P00125,medical,2024-10-22,2024-10-25,2.7
P00125-L003,P00125,earned,2024-11-29,2024-12-18,18.8
P00125-L004,P00125,medical,2025-01-01,2025-01-06,5.2
P00125-L005,P00125,earned,2025-02-19,2025-03-02,11.7
P00125-L006,P00125,casual,2025-03-24,2025-04-01,8.3
P00125-L007,P00125,earned,2025-05-22,2025-05-26,4.2
P00125-L008,P00125,casual,2025-06-27,2025-07-14,17.0
P00125-L009,P00125,compensatory,2025-07-28,2025-08-07,10.4
P00125-L010,P00125,casual,2025-09-15,2025-09-23,8.0
P00125-L011,P00125,casual,2025-10-23,2025-11-04,12.9
P00125-L012,P00125,casual,2025-11-25,2025-12-04,9.0
P00125-L013,P00125,earned,2026-01-02,2026-01-14,12.0
P00125-L014,P00125,casual,2026-03-02,2026-03-05,3.2
P00125-L015,P00125,medical,2026-03-28,2026-04-12,15.0
P00125-L016,P00125,compensatory,2026-05-30,2026-06-05,6.2
P00125-L017,P00125,earned,2026-06-24,2026-07-02,7.4
P00125-L018,P00125,casual,2026-08-06,2026-08-15,8.8
P00126-L001,P00126,earned,2024-09-05,2024-09-12,6.7
P00126-L002,P00126,casual,2024-10-19,2024-10-25,5.7
P00126-L003,P00126,medical,2024-11-26,2024-11-30,4.5
P00126-L004,P00126,medical,2024-12-31,2025-01-04,3.8
P00126-L005,P00126,earned,2025-02-04,2025-02-10,5.6
P00126-L006,P00126,earned,2025-03-15,2025-03-29,13.7
P00126-L007,P00126,casual,2025-04-19,2025-05-06,16.9
P00126-L008,P00126,compensatory,2025-05-27,2025-06-13,16.4
P00126-L009,P00126,earned,2025-07-10,2025-07-27,16.7
P00126-L010,P00126,casual,2025-08-12,2025-08-19,6.6
P00126-L011,P00126,casual,2025-10-15,2025-10-21,6.2
P00126-L012,P00126,earned,2025-10-28,2025-11-06,8.7
P00126-L013,P00126,compensatory,2025-12-17,2025-12-22,4.4
P00126-L014,P00126,casual,2026-01-14,2026-01-27,13.2
P00126-L015,P00126,casual,2026-03-02,2026-03-10,7.2
P00126-L016,P00126,earned,2026-04-18,2026-04-23,5.2
P00126-L017,P00126,casual,2026-05-15,2026-05-23,7.3
P00126-L018,P00126,casual,2026-06-16,2026-06-27,11.0
P00126-L019,P00126,medical,2026-07-29,2026-08-04,6.2
P00127-L001,P00127,casual,2024-09-20,2024-10-01,11.5
P00127-L002,P00127,earned,2024-10-28,2024-11-01,4.0
P00127-L003,P00127,earned,2024-12-08,2024-12-27,18.5
P00127-L004,P00127,earned,2025-01-08,2025-01-17,9.5
P00127-L005,P00127,medical,2025-02-24,2025-03-03,6.6
P00127-L006,P00127,earned,2025-04-18,2025-04-30,12.1
P00127-L007,P00127,earned,2025-05-27,2025-06-02,6.4
P00127-L008,P00127,medical,2025-07-04,2025-07-14,10.4
P00127-L009,P00127,earned,2025-08-16,2025-08-23,6.3
P00127-L010,P00127,earned,2025-09-26,2025-10-11,15.2
P00127-L011,P00127,earned,2025-11-07,2025-11-13,6.0
P00127-L012,P00127,earned,2026-01-03,2026-01-08,5.4
P00127-L013,P00127,earned,2026-02-04,2026-02-06,2.6
P00127-L014,P00127,medical,2026-03-13,2026-03-25,12.0
P00127-L015,P00127,earned,2026-04-29,2026-05-15,16.4
P00127-L016,P00127,medical,2026-06-25,2026-07-06,10.2
P00127-L017,P00127,earned,2026-07-21,2026-08-02,12.3
P00128-L001,P00128,earned,2024-09-10,2024-09-25,14.1
P00128-L002,P00128,earned,2024-11-17,2024-11-27,9.9
P00128-L003,P00128,casual,2024-12-15,2025-01-04,19.7
P00128-L004,P00128,earned,2025-02-05,2025-02-17,12.4
P00128-L005,P00128,earned,2025-03-25,2025-04-10,16.5
P00128-L006,P00128,earned,2025-05-31,2025-06-04,4.7
P00128-L007,P00128,earned,2025-07-25,2025-07-31,5.7
P00128-L008,P00128,casual,2025-08-12,2025-08-20,8.3
P00128-L009,P00128,casual,2025-10-13,2025-10-20,6.6
P00128-L010,P00128,casual,2025-11-22,2025-11-27,5.3
P00128-L011,P00128,compensatory,2026-01-09,2026-01-23,13.4
P00128-L012,P00128,casual,2026-03-02,2026-03-16,14.3
P00128-L013,P00128,earned,2026-04-16,2026-04-25,8.7
P00128-L014,P00128,medical,2026-06-06,2026-06-22,16.7
P00128-L015,P00128,earned,2026-07-24,2026-08-03,9.4
P00129-L001,P00129,medical,2024-09-10,2024-09-13,3.2
P00129-L002,P00129,casual,2024-10-30,2024-11-09,10.5
P00129-L003,P00129,casual,2024-12-13,2024-12-30,17.1
P00129-L004,P00129,earned,2025-01-31,2025-02-05,4.4
P00129-L005,P00129,earned,2025-03-14,2025-03-24,10.0
P00129-L006,P00129,earned,2025-05-04,2025-05-12,8.5
P00129-L007,P00129,casual,2025-06-25,2025-07-12,16.4
P00129-L008,P00129,earned,2025-08-28,2025-09-01,4.3
P00129-L009,P00129,earned,2025-09-28,2025-10-03,5.0
P00129-L010,P00129,earned,2025-11-14,2025-11-20,6.2
P00129-L011,P00129,casual,2026-01-08,2026-01-21,13.3
P00129-L012,P00129,earned,2026-02-18,2026-03-04,14.5
P00129-L013,P00129,casual,2026-04-17,2026-04-29,12.5
P00129-L014,P00129,earned,2026-06-02,2026-06-10,8.6
P00129-L015,P00129,medical,2026-07-25,2026-08-12,17.2
P00130-L001,P00130,casual,2024-09-05,2024-09-09,3.8
P00130-L002,P00130,casual,2024-10-20,2024-10-31,11.1
P00130-L003,P00130,casual,2024-12-20,2025-01-01,12.3
P00130-L004,P00130,casual,2025-01-25,2025-02-06,12.2
P00130-L005,P00130,casual,2025-03-28,2025-04-03,5.6
P00130-L006,P00130,casual,2025-05-06,2025-05-27,21.0
P00130-L007,P00130,earned,2025-07-13,2025-07-19,5.7
P00130-L008,P00130,casual,2025-08-17,2025-08-27,10.3
P00130-L009,P00130,earned,2025-10-22,2025-10-26,3.7
P00130-L010,P00130,casual,2025-12-05,2025-12-15,10.0
P00130-L011,P00130,earned,2026-01-15,2026-01-31,16.3
P00130-L012,P00130,medical,2026-02-28,2026-03-12,12.2
P00130-L013,P00130,casual,2026-04-09,2026-04-19,10.2
P00130-L014,P00130,earned,2026-05-29,2026-06-07,9.1
P00130-L015,P00130,casual,2026-07-30,2026-08-10,11.2
P00131-L001,P00131,earned,2024-08-31,2024-09-07,7.0
P00131-L002,P00131,medical,2024-10-09,2024-10-14,4.7
P00131-L003,P00131,casual,2024-11-16,2024-11-22,5.8
P00131-L004,P00131,medical,2024-12-09,2024-12-18,9.4
P00131-L005,P00131,compensatory,2025-01-13,2025-01-23,9.7
P00131-L006,P00131,earned,2025-02-11,2025-02-16,5.1
P00131-L007,P00131,medical,2025-03-24,2025-04-02,8.8
P00131-L008,P00131,casual,2025-04-13,2025-04-20,6.2
P00131-L009,P00131,earned,2025-05-23,2025-05-27,3.1
P00131-L010,P00131,earned,2025-06-14,2025-06-25,11.1
P00131-L011,P00131,compensatory,2025-07-17,2025-07-27,10.4
P00131-L012,P00131,earned,2025-08-19,2025-08-26,7.0
P00131-L013,P00131,compensatory,2025-09-18,2025-09-22,4.2
P00131-L014,P00131,earned,2025-10-29,2025-10-30,1.7
P00131-L015,P00131,earned,2025-12-07,2025-12-14,7.8
P00131-L016,P00131,medical,2025-12-24,2025-12-31,6.9
P00131-L017,P00131,earned,2026-01-23,2026-01-29,6.1
P00131-L018,P00131,casual,2026-02-23,2026-02-25,1.5
P00131-L019,P00131,earned,2026-03-27,2026-04-05,8.5
P00131-L020,P00131,compensatory,2026-05-07,2026-05-11,3.6
P00131-L021,P00131,casual,2026-05-30,2026-06-05,5.4
P00131-L022,P00131,casual,2026-07-12,2026-07-18,5.8
P00131-L023,P00131,earned,2026-07-31,2026-08-05,4.9
P00132-L001,P00132,earned,2024-09-06,2024-09-12,5.5
P00132-L002,P00132,earned,2024-10-15,2024-10-20,5.1
P00132-L003,P00132,earned,2024-11-05,2024-11-08,3.0
P00132-L004,P00132,earned,2024-12-10,2024-12-14,4.1
P00132-L005,P00132,earned,2025-01-17,2025-01-23,5.3
P00132-L006,P00132,earned,2025-02-02,2025-02-13,10.6
P00132-L007,P00132,earned,2025-03-05,2025-03-13,7.8
P00132-L008,P00132,compensatory,2025-04-02,2025-04-08,6.2
P00132-L009,P00132,medical,2025-05-04,2025-05-19,14.9
P00132-L010,P00132,casual,2025-06-10,2025-06-18,7.8
P00132-L011,P00132,earned,2025-07-14,2025-07-18,3.5
P00132-L012,P00132,earned,2025-08-11,2025-08-21,10.3
P00132-L013,P00132,earned,2025-09-05,2025-09-16,10.7
P00132-L014,P00132,earned,2025-10-11,2025-10-15,3.4
P00132-L015,P00132,casual,2025-11-12,2025-11-21,8.8
P00132-L016,P00132,medical,2025-12-03,2025-12-14,10.9
P00132-L017,P00132,casual,2026-01-06,2026-01-15,9.7
P00132-L018,P00132,casual,2026-02-14,2026-02-17,2.3
P00132-L019,P00132,casual,2026-03-08,2026-03-12,4.0
P00132-L020,P00132,compensatory,2026-04-19,2026-04-24,4.6
P00132-L021,P00132,casual,2026-05-03,2026-05-07,3.4
P00132-L022,P00132,casual,2026-06-19,2026-06-22,2.8
P00132-L023,P00132,earned,2026-07-12,2026-07-21,8.8
P00132-L024,P00132,casual,2026-08-20,2026-08-27,6.9
P00133-L001,P00133,earned,2024-09-06,2024-09-26,19.8
P00133-L002,P00133,medical,2024-11-24,2024-12-02,7.6
P00133-L003,P00133,earned,2024-12-28,2025-01-09,12.9
P00133-L004,P00133,earned,2025-02-20,2025-03-02,9.8
P00133-L005,P00133,earned,2025-05-11,2025-05-18,7.7
P00133-L006,P00133,earned,2025-06-30,2025-07-07,7.3
P00133-L007,P00133,casual,2025-08-07,2025-08-23,15.5
P00133-L008,P00133,earned,2025-10-06,2025-10-11,5.6
P00133-L009,P00133,casual,2025-12-11,2025-12-28,17.9
P00133-L010,P00133,earned,2026-01-31,2026-02-18,18.1
P00133-L011,P00133,earned,2026-03-28,2026-04-03,6.5
P00133-L012,P00133,casual,2026-05-30,2026-06-05,6.2
P00133-L013,P00133,earned,2026-07-24,2026-08-03,10.1
P00134-L001,P00134,earned,2024-09-01,2024-09-06,5.5
P00134-L002,P00134,earned,2024-10-10,2024-10-18,8.4
P00134-L003,P00134,compensatory,2024-11-18,2024-11-21,3.9
P00134-L004,P00134,casual,2025-01-05,2025-01-09,4.5
P00134-L005,P00134,compensatory,2025-02-04,2025-02-16,11.4
P00134-L006,P00134,earned,2025-03-16,2025-03-18,2.7
P00134-L007,P00134,earned,2025-04-20,2025-05-03,13.0
P00134-L008,P00134,casual,2025-06-02,2025-06-03,1.7
P00134-L009,P00134,earned,2025-07-09,2025-07-15,5.8
P00134-L010,P00134,casual,2025-08-19,2025-09-01,13.2
P00134-L011,P00134,casual,2025-10-07,2025-10-22,14.7
P00134-L012,P00134,casual,2025-11-11,2025-11-19,8.6
P00134-L013,P00134,earned,2025-12-15,2025-12-18,3.5
P00134-L014,P00134,earned,2026-01-24,2026-01-30,6.3
P00134-L015,P00134,earned,2026-03-16,2026-03-21,5.1
P00134-L016,P00134,earned,2026-04-02,2026-04-09,7.2
P00134-L017,P00134,medical,2026-05-09,2026-05-22,12.5
P00134-L018,P00134,earned,2026-06-18,2026-07-01,13.3
P00134-L019,P00134,casual,2026-07-28,2026-08-10,12.4
P00135-L001,P00135,earned,2024-09-03,2024-09-09,6.1
P00135-L002,P00135,medical,2024-10-10,2024-10-16,6.2
P00135-L003,P00135,casual,2024-11-15,2024-11-23,7.7
P00135-L004,P00135,earned,2024-12-22,2024-12-29,7.4
P00135-L005,P00135,earned,2025-01-24,2025-01-31,6.6
P00135-L006,P00135,earned,2025-03-09,2025-03-15,5.7
P00135-L007,P00135,earned,2025-04-07,2025-04-20,12.3
P00135-L008,P00135,casual,2025-05-17,2025-06-12,26.0
P00135-L009,P00135,earned,2025-06-24,2025-06-28,4.9
P00135-L010,P00135,earned,2025-07-26,2025-07-31,5.5
P00135-L011,P00135,medical,2025-09-23,2025-09-28,4.7
P00135-L012,P00135,casual,2025-10-17,2025-10-28,11.4
P00135-L013,P00135,casual,2025-11-25,2025-12-02,7.0
P00135-L014,P00135,earned,2026-01-03,2026-01-11,8.7
P00135-L015,P00135,medical,2026-02-03,2026-02-07,4.8
P00135-L016,P00135,casual,2026-03-12,2026-03-19,6.6
P00135-L017,P00135,casual,2026-04-14,2026-04-30,16.1
P00135-L018,P00135,casual,2026-05-18,2026-06-01,14.2
P00135-L019,P00135,earned,2026-06-30,2026-07-07,6.6
P00135-L020,P00135,earned,2026-08-07,2026-08-12,5.5
P00136-L001,P00136,medical,2024-09-05,2024-09-14,8.8
P00136-L002,P00136,earned,2024-10-08,2024-10-17,8.8
P00136-L003,P00136,earned,2024-11-18,2024-11-24,6.0
P00136-L004,P00136,earned,2024-12-21,2025-01-04,14.6
P00136-L005,P00136,earned,2025-02-20,2025-02-24,4.4
P00136-L006,P00136,casual,2025-03-09,2025-03-12,3.6
P00136-L007,P00136,casual,2025-04-15,2025-04-22,6.9
P00136-L008,P00136,medical,2025-05-24,2025-06-04,11.2
P00136-L009,P00136,earned,2025-07-04,2025-07-08,4.2
P00136-L010,P00136,earned,2025-08-05,2025-08-08,2.6
P00136-L011,P00136,earned,2025-09-10,2025-09-16,6.1
P00136-L012,P00136,medical,2025-10-19,2025-10-23,4.6
P00136-L013,P00136,earned,2025-12-04,2025-12-16,12.6
P00136-L014,P00136,earned,2025-12-30,2026-01-14,14.5
P00136-L015,P00136,earned,2026-02-01,2026-02-14,12.7
P00136-L016,P00136,earned,2026-03-23,2026-03-30,7.1
P00136-L017,P00136,earned,2026-04-27,2026-05-05,8.4
P00136-L018,P00136,earned,2026-05-26,2026-05-29,2.4
P00136-L019,P00136,earned,2026-06-30,2026-07-14,14.3
P00136-L020,P00136,casual,2026-08-05,2026-08-24,18.9
P00137-L001,P00137,casual,2024-09-17,2024-09-18,1.3
P00137-L002,P00137,earned,2024-10-26,2024-10-29,2.8
P00137-L003,P00137,earned,2024-12-16,2024-12-25,8.2
P00137-L004,P00137,earned,2025-01-22,2025-02-03,11.1
P00137-L005,P00137,earned,2025-03-11,2025-03-17,6.4
P00137-L006,P00137,earned,2025-04-07,2025-04-17,9.4
P00137-L007,P00137,earned,2025-05-17,2025-05-31,13.9
P00137-L008,P00137,compensatory,2025-07-08,2025-07-16,7.4
P00137-L009,P00137,casual,2025-08-11,2025-08-24,13.1
P00137-L010,P00137,earned,2025-10-05,2025-10-14,8.8
P00137-L011,P00137,earned,2025-11-16,2025-11-29,13.7
P00137-L012,P00137,earned,2025-12-18,2026-01-02,15.3
P00137-L013,P00137,casual,2026-02-16,2026-03-05,16.2
P00137-L014,P00137,casual,2026-04-06,2026-04-09,3.2
P00137-L015,P00137,casual,2026-04-30,2026-05-08,8.3
P00137-L016,P00137,earned,2026-06-16,2026-06-25,9.6
P00137-L017,P00137,earned,2026-07-29,2026-08-08,9.5
P00138-L001,P00138,earned,2024-09-08,2024-09-12,4.3
P00138-L002,P00138,earned,2024-10-11,2024-10-15,3.7
P00138-L003,P00138,medical,2024-10-27,2024-11-02,6.2
P00138-L004,P00138,earned,2024-11-25,2024-12-07,12.0
P00138-L005,P00138,earned,2024-12-23,2025-01-01,8.8
P00138-L006,P00138,medical,2025-02-03,2025-02-10,6.9
P00138-L007,P00138,casual,2025-02-20,2025-02-25,5.3
P00138-L008,P00138,earned,2025-03-20,2025-03-26,6.0
P00138-L009,P00138,earned,2025-04-17,2025-04-19,2.3
P00138-L010,P00138,earned,2025-05-14,2025-05-17,3.2
P00138-L011,P00138,earned,2025-06-16,2025-06-25,8.2
P00138-L012,P00138,casual,2025-07-26,2025-07-28,2.0
P00138-L013,P00138,earned,2025-08-10,2025-08-16,6.3
P00138-L014,P00138,casual,2025-09-06,2025-09-12,6.6
P00138-L015,P00138,casual,2025-10-02,2025-10-16,14.2
P00138-L016,P00138,medical,2025-11-03,2025-11-05,2.5
P00138-L017,P00138,earned,2025-11-29,2025-12-06,7.4
P00138-L018,P00138,earned,2025-12-24,2026-01-03,10.0
P00138-L019,P00138,casual,2026-01-24,2026-02-01,7.7
P00138-L020,P00138,earned,2026-02-19,2026-02-27,8.2
P00138-L021,P00138,medical,2026-03-24,2026-04-03,10.5
P00138-L022,P00138,casual,2026-04-24,2026-05-05,10.7
P00138-L023,P00138,medical,2026-05-25,2026-05-31,6.3
P00138-L024,P00138,casual,2026-06-12,2026-06-20,7.4
P00138-L025,P00138,earned,2026-07-21,2026-07-28,6.2
P00138-L026,P00138,casual,2026-08-07,2026-08-10,2.9
P00139-L001,P00139,casual,2024-09-17,2024-09-24,7.1
P00139-L002,P00139,casual,2024-10-15,2024-10-29,14.2
P00139-L003,P00139,casual,2024-11-18,2024-11-27,9.0
P00139-L004,P00139,earned,2024-12-20,2024-12-25,5.2
P00139-L005,P00139,medical,2025-01-23,2025-01-28,4.4
P00139-L006,P00139,earned,2025-03-03,2025-03-09,5.7
P00139-L007,P00139,casual,2025-04-15,2025-04-21,5.7
P00139-L008,P00139,casual,2025-05-06,2025-05-14,7.9
P00139-L009,P00139,medical,2025-06-06,2025-06-19,12.4
P00139-L010,P00139,medical,2025-07-17,2025-07-22,5.7
P00139-L011,P00139,earned,2025-08-25,2025-09-03,8.9
P00139-L012,P00139,casual,2025-09-29,2025-10-07,8.0
P00139-L013,P00139,earned,2025-10-28,2025-11-08,10.2
P00139-L014,P00139,casual,2025-11-30,2025-12-14,13.8
P00139-L015,P00139,casual,2026-01-16,2026-01-23,6.8
P00139-L016,P00139,medical,2026-02-12,2026-02-18,5.3
P00139-L017,P00139,casual,2026-03-31,2026-04-09,8.8
P00139-L018,P00139,casual,2026-04-16,2026-05-06,20.3
P00139-L019,P00139,earned,2026-06-15,2026-06-22,6.6
P00139-L020,P00139,medical,2026-06-24,2026-07-12,17.9
P00139-L021,P00139,earned,2026-07-29,2026-08-14,16.1
P00140-L001,P00140,earned,2024-09-07,2024-09-18,10.8
P00140-L002,P00140,casual,2024-10-18,2024-10-23,4.9
P00140-L003,P00140,earned,2024-12-12,2024-12-16,4.0
P00140-L004,P00140,earned,2025-01-29,2025-02-01,3.7
P00140-L005,P00140,casual,2025-03-05,2025-03-15,9.9
P00140-L006,P00140,casual,2025-04-21,2025-04-27,5.9
P00140-L007,P00140,earned,2025-06-21,2025-07-07,15.2
P00140-L008,P00140,casual,2025-07-30,2025-08-10,10.8
P00140-L009,P00140,earned,2025-09-13,2025-09-22,8.7
P00140-L010,P00140,earned,2025-11-12,2025-11-17,4.5
P00140-L011,P00140,casual,2025-12-06,2025-12-15,9.2
P00140-L012,P00140,compensatory,2026-01-18,2026-02-11,23.4
P00140-L013,P00140,earned,2026-03-02,2026-03-10,8.0
P00140-L014,P00140,earned,2026-04-20,2026-05-07,17.1
P00140-L015,P00140,earned,2026-06-26,2026-07-07,11.2
P00140-L016,P00140,casual,2026-08-13,2026-08-25,12.3
P00141-L001,P00141,earned,2024-09-17,2024-09-24,6.7
P00141-L002,P00141,casual,2024-12-03,2024-12-09,6.5
P00141-L003,P00141,earned,2025-01-18,2025-02-08,20.0
P00141-L004,P00141,compensatory,2025-04-06,2025-04-15,9.1
P00141-L005,P00141,medical,2025-05-24,2025-06-02,8.1
P00141-L006,P00141,compensatory,2025-08-04,2025-08-20,15.7
P00141-L007,P00141,earned,2025-10-06,2025-10-18,12.2
P00141-L008,P00141,casual,2025-12-17,2026-01-09,22.2
P00141-L009,P00141,earned,2026-02-13,2026-02-17,3.6
P00141-L010,P00141,earned,2026-05-03,2026-05-12,9.2
P00141-L011,P00141,casual,2026-07-17,2026-07-24,6.6
P00142-L001,P00142,casual,2024-09-07,2024-09-12,5.6
P00142-L002,P00142,earned,2024-10-16,2024-10-29,13.0
P00142-L003,P00142,earned,2024-11-15,2024-11-19,3.4
P00142-L004,P00142,earned,2024-12-23,2025-01-05,12.6
P00142-L005,P00142,medical,2025-02-09,2025-02-15,5.8
P00142-L006,P00142,compensatory,2025-03-15,2025-03-25,9.8
P00142-L007,P00142,earned,2025-04-21,2025-04-27,5.9
P00142-L008,P00142,earned,2025-05-18,2025-05-28,9.6
P00142-L009,P00142,earned,2025-06-28,2025-07-06,8.2
P00142-L010,P00142,medical,2025-07-29,2025-08-03,5.3
P00142-L011,P00142,earned,2025-09-14,2025-09-27,13.1
P00142-L012,P00142,earned,2025-10-11,2025-10-21,10.8
P00142-L013,P00142,earned,2025-11-13,2025-11-19,6.3
P00142-L014,P00142,compensatory,2026-01-02,2026-01-10,7.8
P00142-L015,P00142,casual,2026-01-26,2026-02-04,9.6
P00142-L016,P00142,medical,2026-03-07,2026-03-18,10.6
P00142-L017,P00142,medical,2026-04-09,2026-04-15,5.8
P00142-L018,P00142,earned,2026-05-29,2026-06-05,6.9
P00142-L019,P00142,medical,2026-07-06,2026-07-09,3.2
P00142-L020,P00142,medical,2026-08-10,2026-08-23,13.1
P00143-L001,P00143,casual,2024-09-06,2024-09-22,16.1
P00143-L002,P00143,earned,2024-11-10,2024-11-14,4.3
P00143-L003,P00143,medical,2024-11-29,2024-12-06,7.7
P00143-L004,P00143,earned,2025-01-09,2025-01-13,4.2
P00143-L005,P00143,earned,2025-02-25,2025-03-13,16.3
P00143-L006,P00143,earned,2025-04-08,2025-04-16,8.3
P00143-L007,P00143,medical,2025-05-20,2025-05-23,3.1
P00143-L008,P00143,medical,2025-07-06,2025-07-15,9.2
P00143-L009,P00143,casual,2025-08-30,2025-09-04,5.4
P00143-L010,P00143,earned,2025-09-29,2025-10-04,4.6
P00143-L011,P00143,medical,2025-11-19,2025-11-25,5.5
P00143-L012,P00143,earned,2025-12-22,2026-01-02,11.3
P00143-L013,P00143,earned,2026-02-17,2026-02-21,4.2
P00143-L014,P00143,casual,2026-03-27,2026-04-04,8.3
P00143-L015,P00143,compensatory,2026-05-03,2026-05-10,6.7
P00143-L016,P00143,earned,2026-06-20,2026-07-03,13.0
P00143-L017,P00143,casual,2026-07-31,2026-08-12,11.4
P00144-L001,P00144,earned,2024-10-15,2024-10-25,10.9
P00144-L002,P00144,medical,2024-11-23,2024-11-30,7.0
P00144-L003,P00144,casual,2025-03-12,2025-03-24,12.8
P00144-L004,P00144,casual,2025-04-10,2025-05-09,28.8
P00144-L005,P00144,casual,2025-06-23,2025-06-30,7.4
P00144-L006,P00144,medical,2025-09-18,2025-09-25,6.5
P00144-L007,P00144,casual,2025-11-29,2025-12-19,20.0
P00144-L008,P00144,casual,2026-03-05,2026-03-10,4.7
P00144-L009,P00144,casual,2026-04-20,2026-04-29,8.7
P00144-L010,P00144,casual,2026-07-02,2026-07-09,6.5
P00145-L001,P00145,casual,2024-10-04,2024-10-10,5.7
P00145-L002,P00145,casual,2024-10-31,2024-11-14,13.4
P00145-L003,P00145,earned,2025-01-04,2025-01-17,12.3
P00145-L004,P00145,casual,2025-03-31,2025-04-05,5.0
P00145-L005,P00145,casual,2025-05-20,2025-05-22,2.2
P00145-L006,P00145,earned,2025-08-02,2025-08-05,3.1
P00145-L007,P00145,casual,2025-09-02,2025-09-21,18.1
P00145-L008,P00145,earned,2025-11-12,2025-11-25,12.8
P00145-L009,P00145,earned,2026-01-07,2026-01-11,4.5
P00145-L010,P00145,casual,2026-03-11,2026-03-23,11.0
P00145-L011,P00145,earned,2026-05-05,2026-05-15,10.5
P00145-L012,P00145,earned,2026-08-02,2026-08-07,5.2
P00146-L001,P00146,casual,2024-09-14,2024-09-26,11.6
P00146-L002,P00146,casual,2024-11-24,2024-12-07,13.2
P00146-L003,P00146,medical,2025-01-09,2025-01-14,4.7
P00146-L004,P00146,casual,2025-02-26,2025-03-11,12.9
P00146-L005,P00146,earned,2025-05-22,2025-06-04,13.5
P00146-L006,P00146,casual,2025-06-19,2025-06-25,6.0
P00146-L007,P00146,compensatory,2025-08-09,2025-08-16,6.5
P00146-L008,P00146,earned,2025-10-09,2025-10-18,9.1
P00146-L009,P00146,earned,2025-12-14,2025-12-22,7.8
P00146-L010,P00146,earned,2026-01-22,2026-01-30,8.1
P00146-L011,P00146,earned,2026-04-05,2026-04-14,8.5
P00146-L012,P00146,earned,2026-05-31,2026-06-07,7.1
P00146-L013,P00146,casual,2026-07-10,2026-07-21,10.8
P00147-L001,P00147,earned,2024-09-11,2024-09-21,9.6
P00147-L002,P00147,earned,2024-11-25,2024-12-10,15.7
P00147-L003,P00147,casual,2025-03-16,2025-03-24,8.4
P00147-L004,P00147,casual,2025-05-10,2025-05-17,7.5
P00147-L005,P00147,earned,2025-08-18,2025-08-29,11.1
P00147-L006,P00147,earned,2025-11-03,2025-11-11,8.0
P00147-L007,P00147,casual,2026-01-04,2026-01-18,13.2
P00147-L008,P00147,casual,2026-05-04,2026-05-14,9.4
P00147-L009,P00147,casual,2026-06-27,2026-07-18,21.1
P00148-L001,P00148,earned,2024-09-04,2024-09-13,9.3
P00148-L002,P00148,earned,2024-11-12,2024-11-19,7.3
P00148-L003,P00148,casual,2025-01-29,2025-02-04,6.4
P00148-L004,P00148,earned,2025-04-14,2025-04-25,11.2
P00148-L005,P00148,earned,2025-07-06,2025-07-14,8.4
P00148-L006,P00148,medical,2025-09-23,2025-09-30,6.2
P00148-L007,P00148,earned,2025-12-05,2025-12-21,16.0
P00148-L008,P00148,compensatory,2026-02-21,2026-03-06,12.4
P00148-L009,P00148,earned,2026-05-27,2026-06-02,6.5
P00148-L010,P00148,compensatory,2026-06-30,2026-07-14,14.0
P00149-L001,P00149,casual,2024-09-12,2024-09-24,12.2
P00149-L002,P00149,earned,2024-11-29,2024-12-20,21.5
P00149-L003,P00149,earned,2025-01-27,2025-02-08,12.1
P00149-L004,P00149,compensatory,2025-03-31,2025-04-05,5.3
P00149-L005,P00149,earned,2025-05-28,2025-06-20,22.9
P00149-L006,P00149,earned,2025-08-21,2025-09-04,14.5
P00149-L007,P00149,casual,2025-10-20,2025-10-30,9.2
P00149-L008,P00149,casual,2025-12-18,2025-12-26,8.6
P00149-L009,P00149,earned,2026-02-18,2026-03-08,18.1
P00149-L010,P00149,earned,2026-05-04,2026-05-11,7.6
P00149-L011,P00149,earned,2026-07-07,2026-07-27,19.5
P00150-L001,P00150,casual,2024-09-30,2024-10-11,10.3
P00150-L002,P00150,earned,2024-11-15,2024-11-29,14.1
P00150-L003,P00150,earned,2025-03-07,2025-03-12,4.2
P00150-L004,P00150,casual,2025-03-27,2025-04-08,12.2
P00150-L005,P00150,earned,2025-06-01,2025-06-10,8.5
P00150-L006,P00150,earned,2025-08-21,2025-09-01,11.5
P00150-L007,P00150,casual,2025-10-12,2025-10-21,9.0
P00150-L008,P00150,earned,2026-01-23,2026-01-30,6.3
P00150-L009,P00150,earned,2026-02-16,2026-02-26,10.7
P00150-L010,P00150,earned,2026-04-23,2026-05-13,19.4
P00150-L011,P00150,compensatory,2026-07-10,2026-07-19,8.7
P00151-L001,P00151,earned,2024-10-03,2024-10-08,4.9
P00151-L002,P00151,medical,2024-10-25,2024-11-08,13.2
P00151-L003,P00151,earned,2024-12-15,2024-12-26,10.5
P00151-L004,P00151,earned,2025-02-02,2025-02-17,14.8
P00151-L005,P00151,casual,2025-03-14,2025-03-24,10.2
P00151-L006,P00151,casual,2025-04-24,2025-05-01,7.2
P00151-L007,P00151,casual,2025-07-02,2025-07-14,12.0
P00151-L008,P00151,earned,2025-07-25,2025-07-30,4.9
P00151-L009,P00151,earned,2025-09-02,2025-09-09,6.4
P00151-L010,P00151,earned,2025-10-20,2025-10-27,6.3
P00151-L011,P00151,casual,2025-12-01,2025-12-13,12.0
P00151-L012,P00151,casual,2026-01-26,2026-02-01,6.0
P00151-L013,P00151,earned,2026-03-03,2026-03-19,16.1
P00151-L014,P00151,earned,2026-04-21,2026-04-26,5.6
P00151-L015,P00151,earned,2026-06-09,2026-06-25,15.8
P00151-L016,P00151,casual,2026-07-18,2026-08-07,20.2
P00152-L001,P00152,casual,2024-09-09,2024-09-30,20.5
P00152-L002,P00152,casual,2024-11-03,2024-11-12,9.2
P00152-L003,P00152,earned,2024-12-12,2024-12-28,15.9
P00152-L004,P00152,earned,2025-02-15,2025-02-24,8.9
P00152-L005,P00152,earned,2025-03-20,2025-04-08,18.7
P00152-L006,P00152,compensatory,2025-05-20,2025-05-25,5.4
P00152-L007,P00152,earned,2025-07-06,2025-07-15,9.1
P00152-L008,P00152,earned,2025-08-08,2025-08-14,6.0
P00152-L009,P00152,casual,2025-09-25,2025-10-06,11.5
P00152-L010,P00152,medical,2025-11-13,2025-11-20,7.3
P00152-L011,P00152,casual,2026-01-08,2026-01-17,8.9
P00152-L012,P00152,casual,2026-02-19,2026-03-03,12.7
P00152-L013,P00152,casual,2026-04-15,2026-04-18,2.8
P00152-L014,P00152,casual,2026-05-26,2026-06-04,8.7
P00152-L015,P00152,earned,2026-07-15,2026-07-31,16.2
P00153-L001,P00153,earned,2024-09-14,2024-09-21,7.4
P00153-L002,P00153,earned,2024-10-18,2024-10-20,2.2
P00153-L003,P00153,medical,2024-11-21,2024-11-24,3.1
P00153-L004,P00153,earned,2025-01-20,2025-02-02,13.1
P00153-L005,P00153,casual,2025-03-01,2025-03-04,2.8
P00153-L006,P00153,earned,2025-03-25,2025-04-02,7.7
P00153-L007,P00153,casual,2025-05-10,2025-05-22,12.1
P00153-L008,P00153,earned,2025-06-27,2025-07-07,9.6
P00153-L009,P00153,medical,2025-07-28,2025-08-03,6.4
P00153-L010,P00153,medical,2025-09-03,2025-09-16,12.5
P00153-L011,P00153,medical,2025-11-01,2025-11-13,11.3
P00153-L012,P00153,earned,2025-12-13,2025-12-18,4.5
P00153-L013,P00153,earned,2026-01-21,2026-01-28,6.8
P00153-L014,P00153,medical,2026-02-14,2026-03-04,17.6
P00153-L015,P00153,casual,2026-03-29,2026-04-02,4.5
P00153-L016,P00153,earned,2026-05-12,2026-05-28,16.1
P00153-L017,P00153,earned,2026-06-27,2026-07-05,8.3
P00153-L018,P00153,earned,2026-08-09,2026-08-16,7.1
P00154-L001,P00154,casual,2024-09-03,2024-09-12,9.3
P00154-L002,P00154,earned,2024-09-29,2024-10-02,3.0
P00154-L003,P00154,casual,2024-10-28,2024-10-31,3.5
P00154-L004,P00154,casual,2024-11-08,2024-11-12,3.1
P00154-L005,P00154,earned,2024-12-15,2024-12-17,2.7
P00154-L006,P00154,medical,2024-12-25,2024-12-31,5.7
P00154-L007,P00154,compensatory,2025-01-22,2025-01-24,1.8
P00154-L008,P00154,casual,2025-02-10,2025-02-15,4.7
P00154-L009,P00154,compensatory,2025-03-02,2025-03-06,4.6
P00154-L010,P00154,earned,2025-03-28,2025-03-30,2.5
P00154-L011,P00154,earned,2025-04-17,2025-04-24,6.9
P00154-L012,P00154,casual,2025-05-09,2025-05-14,4.7
P00154-L013,P00154,medical,2025-06-10,2025-06-15,4.8
P00154-L014,P00154,medical,2025-07-05,2025-07-08,3.0
P00154-L015,P00154,casual,2025-07-19,2025-07-23,3.4
P00154-L016,P00154,casual,2025-08-16,2025-08-19,3.1
P00154-L017,P00154,medical,2025-09-01,2025-09-06,4.9
P00154-L018,P00154,compensatory,2025-09-25,2025-10-01,5.7
P00154-L019,P00154,casual,2025-10-16,2025-10-19,2.9
P00154-L020,P00154,earned,2025-11-08,2025-11-12,4.1
P00154-L021,P00154,medical,2025-12-01,2025-12-05,4.0
P00154-L022,P00154,casual,2025-12-24,2025-12-28,4.0
P00154-L023,P00154,earned,2026-01-16,2026-01-20,3.5
P00154-L024,P00154,earned,2026-02-07,2026-02-09,1.9
P00154-L025,P00154,medical,2026-03-09,2026-03-16,6.4
P00154-L026,P00154,earned,2026-04-05,2026-04-07,2.2
P00154-L027,P00154,earned,2026-04-29,2026-05-02,2.8
P00154-L028,P00154,earned,2026-05-14,2026-05-21,6.9
P00154-L029,P00154,earned,2026-06-04,2026-06-05,1.3
P00154-L030,P00154,earned,2026-06-24,2026-06-27,2.9
P00154-L031,P00154,compensatory,2026-07-27,2026-07-30,3.6
P00154-L032,P00154,casual,2026-08-09,2026-08-12,2.7
P00155-L001,P00155,earned,2024-09-15,2024-09-29,14.3
P00155-L002,P00155,compensatory,2024-10-15,2024-10-20,4.6
P00155-L003,P00155,earned,2024-11-24,2024-12-01,7.2
P00155-L004,P00155,earned,2024-12-24,2025-01-07,13.2
P00155-L005,P00155,casual,2025-02-01,2025-02-08,6.5
P00155-L006,P00155,earned,2025-03-24,2025-03-26,2.5
P00155-L007,P00155,casual,2025-04-21,2025-04-27,5.5
P00155-L008,P00155,casual,2025-06-03,2025-06-10,6.9
P00155-L009,P00155,earned,2025-07-25,2025-08-04,9.9
P00155-L010,P00155,earned,2025-09-09,2025-09-15,6.2
P00155-L011,P00155,medical,2025-10-02,2025-10-09,6.7
P00155-L012,P00155,compensatory,2025-11-12,2025-11-19,7.2
P00155-L013,P00155,casual,2025-12-20,2025-12-25,5.3
P00155-L014,P00155,medical,2026-01-20,2026-01-30,10.6
P00155-L015,P00155,earned,2026-02-23,2026-03-25,30.0
P00155-L016,P00155,earned,2026-04-15,2026-04-25,10.1
P00155-L017,P00155,earned,2026-05-23,2026-06-03,11.0
P00155-L018,P00155,earned,2026-07-08,2026-07-17,9.3
P00155-L019,P00155,casual,2026-08-01,2026-08-17,15.7
P00156-L001,P00156,earned,2024-09-02,2024-09-09,6.2
P00156-L002,P00156,casual,2024-10-23,2024-11-11,18.9
P00156-L003,P00156,earned,2024-12-19,2024-12-26,6.4
P00156-L004,P00156,casual,2025-01-23,2025-02-04,12.2
P00156-L005,P00156,earned,2025-03-15,2025-03-28,12.4
P00156-L006,P00156,earned,2025-04-22,2025-05-02,10.4
P00156-L007,P00156,casual,2025-06-04,2025-06-12,8.3
P00156-L008,P00156,earned,2025-07-18,2025-07-30,12.0
P00156-L009,P00156,casual,2025-09-02,2025-09-08,6.0
P00156-L010,P00156,casual,2025-11-03,2025-11-14,10.9
P00156-L011,P00156,casual,2025-12-05,2025-12-18,12.6
P00156-L012,P00156,casual,2026-01-22,2026-01-27,4.8
P00156-L013,P00156,earned,2026-03-12,2026-03-27,15.2
P00156-L014,P00156,casual,2026-04-24,2026-05-07,13.0
P00156-L015,P00156,earned,2026-06-04,2026-06-10,6.2
P00156-L016,P00156,casual,2026-08-08,2026-08-10,1.8
P00157-L001,P00157,medical,2024-09-06,2024-09-19,13.5
P00157-L002,P00157,medical,2024-11-17,2024-12-01,14.0
P00157-L003,P00157,medical,2025-01-09,2025-01-16,7.3
P00157-L004,P00157,medical,2025-02-28,2025-03-12,12.8
P00157-L005,P00157,casual,2025-04-14,2025-04-21,7.0
P00157-L006,P00157,medical,2025-06-09,2025-06-17,8.1
P00157-L007,P00157,compensatory,2025-09-07,2025-09-19,12.0
P00157-L008,P00157,medical,2025-10-01,2025-10-13,12.2
P00157-L009,P00157,earned,2025-12-10,2025-12-26,15.3
P00157-L010,P00157,earned,2026-02-17,2026-02-28,10.8
P00157-L011,P00157,earned,2026-04-19,2026-05-02,13.3
P00157-L012,P00157,earned,2026-05-23,2026-06-15,23.0
P00157-L013,P00157,earned,2026-08-08,2026-08-14,6.3
P00158-L001,P00158,casual,2024-09-10,2024-09-17,7.8
P00158-L002,P00158,earned,2024-10-12,2024-10-22,10.7
P00158-L003,P00158,earned,2024-11-20,2024-11-25,5.1
P00158-L004,P00158,casual,2024-12-29,2025-01-08,10.5
P00158-L005,P00158,medical,2025-02-02,2025-02-07,5.1
P00158-L006,P00158,earned,2025-03-14,2025-04-05,22.5
P00158-L007,P00158,medical,2025-04-12,2025-04-26,13.7
P00158-L008,P00158,casual,2025-05-16,2025-05-22,5.5
P00158-L009,P00158,compensatory,2025-06-19,2025-07-01,11.5
P00158-L010,P00158,compensatory,2025-08-15,2025-08-16,1.1
P00158-L011,P00158,casual,2025-09-23,2025-09-29,5.8
P00158-L012,P00158,earned,2025-10-11,2025-10-20,9.0
P00158-L013,P00158,medical,2025-11-13,2025-11-23,9.9
P00158-L014,P00158,earned,2026-01-01,2026-01-13,12.2
P00158-L015,P00158,earned,2026-01-28,2026-02-02,4.5
P00158-L016,P00158,earned,2026-03-03,2026-03-06,3.0
P00158-L017,P00158,earned,2026-04-18,2026-05-06,18.0
P00158-L018,P00158,earned,2026-06-08,2026-06-12,4.4
P00158-L019,P00158,medical,2026-06-27,2026-07-12,15.1
P00158-L020,P00158,earned,2026-08-04,2026-08-23,18.6
P00159-L001,P00159,earned,2024-09-20,2024-09-27,7.2
P00159-L002,P00159,casual,2024-12-30,2025-01-07,7.4
P00159-L003,P00159,casual,2025-03-20,2025-04-05,16.0
P00159-L004,P00159,casual,2025-06-15,2025-06-23,7.6
P00159-L005,P00159,casual,2025-09-04,2025-09-14,10.1
P00159-L006,P00159,casual,2025-12-20,2025-12-29,8.4
P00159-L007,P00159,earned,2026-03-10,2026-03-23,13.6
P00159-L008,P00159,casual,2026-06-03,2026-06-07,4.1
P00160-L001,P00160,medical,2024-09-09,2024-09-24,15.0
P00160-L002,P00160,earned,2024-10-17,2024-10-29,12.2
P00160-L003,P00160,casual,2024-11-21,2024-11-26,4.9
P00160-L004,P00160,casual,2025-01-24,2025-02-05,12.0
P00160-L005,P00160,medical,2025-02-14,2025-02-22,7.7
P00160-L006,P00160,earned,2025-04-22,2025-04-26,4.5
P00160-L007,P00160,earned,2025-05-10,2025-05-23,13.2
P00160-L008,P00160,earned,2025-06-24,2025-07-04,9.8
P00160-L009,P00160,compensatory,2025-08-11,2025-08-16,5.2
P00160-L010,P00160,casual,2025-09-08,2025-09-15,7.3
P00160-L011,P00160,earned,2025-10-19,2025-11-01,12.9
P00160-L012,P00160,medical,2025-12-04,2025-12-12,7.6
P00160-L013,P00160,casual,2026-01-12,2026-01-22,10.3
P00160-L014,P00160,earned,2026-03-06,2026-03-11,4.6
P00160-L015,P00160,earned,2026-03-29,2026-04-05,7.2
P00160-L016,P00160,earned,2026-05-17,2026-05-30,13.7
P00160-L017,P00160,earned,2026-07-03,2026-07-17,13.9
P00160-L018,P00160,earned,2026-07-25,2026-08-07,13.2
P00161-L001,P00161,casual,2024-09-13,2024-09-22,8.8
P00161-L002,P00161,earned,2024-10-06,2024-10-10,3.7
P00161-L003,P00161,earned,2024-11-16,2024-11-21,5.0
P00161-L004,P00161,earned,2024-12-26,2025-01-12,16.9
P00161-L005,P00161,casual,2025-02-07,2025-02-16,8.8
P00161-L006,P00161,medical,2025-02-24,2025-03-02,5.7
P00161-L007,P00161,earned,2025-04-02,2025-04-06,4.1
P00161-L008,P00161,casual,2025-05-11,2025-05-20,9.5
P00161-L009,P00161,casual,2025-06-28,2025-07-01,2.5
P00161-L010,P00161,medical,2025-07-18,2025-08-04,16.8
P00161-L011,P00161,earned,2025-08-16,2025-09-06,20.8
P00161-L012,P00161,earned,2025-10-08,2025-10-10,2.0
P00161-L013,P00161,earned,2025-10-22,2025-10-28,5.5
P00161-L014,P00161,earned,2025-12-10,2025-12-15,4.8
P00161-L015,P00161,earned,2026-01-15,2026-01-29,13.5
P00161-L016,P00161,earned,2026-02-20,2026-03-05,12.6
P00161-L017,P00161,medical,2026-03-15,2026-03-27,11.4
P00161-L018,P00161,casual,2026-04-15,2026-04-16,1.0
P00161-L019,P00161,earned,2026-06-04,2026-06-21,16.5
P00161-L020,P00161,casual,2026-06-23,2026-07-01,7.8
P00161-L021,P00161,medical,2026-07-29,2026-08-02,3.6
P00162-L001,P00162,casual,2024-09-09,2024-09-20,11.0
P00162-L002,P00162,earned,2024-11-12,2024-11-15,2.9
P00162-L003,P00162,earned,2024-12-22,2024-12-26,3.8
P00162-L004,P00162,earned,2025-01-30,2025-02-04,5.2
P00162-L005,P00162,compensatory,2025-03-14,2025-03-21,6.5
P00162-L006,P00162,earned,2025-05-03,2025-05-11,8.2
P00162-L007,P00162,earned,2025-06-30,2025-07-14,13.6
P00162-L008,P00162,compensatory,2025-08-23,2025-08-28,4.5
P00162-L009,P00162,earned,2025-09-26,2025-10-15,19.2
P00162-L010,P00162,casual,2025-11-15,2025-11-25,9.2
P00162-L011,P00162,earned,2026-01-06,2026-01-23,17.1
P00162-L012,P00162,earned,2026-03-10,2026-03-24,14.0
P00162-L013,P00162,earned,2026-04-19,2026-04-22,2.3
P00162-L014,P00162,earned,2026-05-29,2026-06-03,5.0
P00162-L015,P00162,earned,2026-08-18,2026-08-26,7.4
P00163-L001,P00163,compensatory,2024-09-07,2024-09-12,4.5
P00163-L002,P00163,earned,2024-10-17,2024-10-26,8.9
P00163-L003,P00163,earned,2024-12-01,2024-12-04,2.9
P00163-L004,P00163,casual,2025-01-22,2025-02-06,14.5
P00163-L005,P00163,casual,2025-03-07,2025-03-18,11.3
P00163-L006,P00163,medical,2025-04-19,2025-05-08,19.2
P00163-L007,P00163,earned,2025-06-10,2025-06-21,11.7
P00163-L008,P00163,medical,2025-07-30,2025-08-17,18.5
P00163-L009,P00163,earned,2025-09-08,2025-09-23,14.5
P00163-L010,P00163,medical,2025-10-23,2025-11-01,9.1
P00163-L011,P00163,earned,2025-12-15,2025-12-22,6.9
P00163-L012,P00163,casual,2026-02-05,2026-02-19,14.4
P00163-L013,P00163,casual,2026-03-19,2026-04-03,15.4
P00163-L014,P00163,casual,2026-04-21,2026-05-21,30.0
P00163-L015,P00163,earned,2026-06-23,2026-06-29,6.5
P00163-L016,P00163,casual,2026-07-30,2026-08-11,11.6
P00164-L001,P00164,medical,2024-09-16,2024-09-22,5.7
P00164-L002,P00164,medical,2024-12-23,2024-12-30,7.2
P00164-L003,P00164,earned,2025-02-17,2025-02-25,7.9
P00164-L004,P00164,casual,2025-06-07,2025-06-17,9.9
P00164-L005,P00164,casual,2025-07-05,2025-07-13,7.9
P00164-L006,P00164,earned,2025-10-03,2025-10-28,25.8
P00164-L007,P00164,medical,2025-12-02,2025-12-07,5.2
P00164-L008,P00164,medical,2026-03-12,2026-03-24,11.7
P00164-L009,P00164,casual,2026-05-19,2026-05-23,4.1
P00164-L010,P00164,casual,2026-07-12,2026-07-27,15.9
P00165-L001,P00165,compensatory,2024-09-15,2024-09-18,2.6
P00165-L002,P00165,casual,2024-10-22,2024-10-30,7.7
P00165-L003,P00165,earned,2024-11-23,2024-12-11,18.3
P00165-L004,P00165,medical,2025-01-03,2025-01-17,13.8
P00165-L005,P00165,earned,2025-02-16,2025-02-21,5.1
P00165-L006,P00165,medical,2025-03-24,2025-04-03,9.8
P00165-L007,P00165,casual,2025-05-05,2025-05-10,5.2
P00165-L008,P00165,earned,2025-06-12,2025-06-18,6.4
P00165-L009,P00165,casual,2025-08-12,2025-08-20,7.9
P00165-L010,P00165,casual,2025-09-23,2025-10-04,11.0
P00165-L011,P00165,medical,2025-10-14,2025-10-21,6.2
P00165-L012,P00165,casual,2025-11-24,2025-12-06,12.2
P00165-L013,P00165,earned,2026-01-01,2026-01-08,6.3
P00165-L014,P00165,medical,2026-02-24,2026-03-08,11.8
P00165-L015,P00165,casual,2026-03-23,2026-03-31,7.7
P00165-L016,P00165,earned,2026-05-09,2026-05-19,10.3
P00165-L017,P00165,earned,2026-06-22,2026-07-01,9.1
P00165-L018,P00165,casual,2026-07-30,2026-08-17,18.1
P00166-L001,P00166,casual,2024-09-04,2024-09-16,11.4
P00166-L002,P00166,casual,2024-10-19,2024-10-30,11.0
P00166-L003,P00166,casual,2024-11-26,2024-11-29,3.2
P00166-L004,P00166,earned,2024-12-20,2024-12-31,11.2
P00166-L005,P00166,earned,2025-01-25,2025-02-05,11.1
P00166-L006,P00166,earned,2025-03-07,2025-03-16,9.1
P00166-L007,P00166,casual,2025-04-18,2025-05-01,12.2
P00166-L008,P00166,earned,2025-05-07,2025-05-15,7.9
P00166-L009,P00166,earned,2025-06-15,2025-06-24,9.7
P00166-L010,P00166,earned,2025-07-21,2025-07-27,5.9
P00166-L011,P00166,casual,2025-09-01,2025-09-15,14.6
P00166-L012,P00166,earned,2025-09-30,2025-10-08,8.5
P00166-L013,P00166,earned,2025-11-10,2025-11-19,9.1
P00166-L014,P00166,earned,2025-12-16,2025-12-25,9.3
P00166-L015,P00166,earned,2026-01-07,2026-01-19,11.7
P00166-L016,P00166,casual,2026-02-24,2026-03-02,6.1
P00166-L017,P00166,casual,2026-03-19,2026-03-30,11.1
P00166-L018,P00166,earned,2026-04-26,2026-05-07,10.5
P00166-L019,P00166,casual,2026-05-26,2026-06-11,16.9
P00166-L020,P00166,medical,2026-07-11,2026-07-18,6.9
P00166-L021,P00166,earned,2026-08-13,2026-08-16,2.9
P00167-L001,P00167,earned,2024-09-05,2024-09-11,5.4
P00167-L002,P00167,medical,2024-10-10,2024-10-14,4.0
P00167-L003,P00167,earned,2024-11-20,2024-11-23,3.1
P00167-L004,P00167,earned,2024-12-31,2025-01-09,9.0
P00167-L005,P00167,earned,2025-01-20,2025-02-01,12.3
P00167-L006,P00167,earned,2025-03-05,2025-03-10,5.6
P00167-L007,P00167,casual,2025-04-01,2025-04-05,3.2
P00167-L008,P00167,earned,2025-05-02,2025-05-11,9.3
P00167-L009,P00167,casual,2025-06-06,2025-06-19,12.6
P00167-L010,P00167,earned,2025-07-15,2025-07-22,6.8
P00167-L011,P00167,medical,2025-08-19,2025-08-22,2.6
P00167-L012,P00167,compensatory,2025-09-27,2025-10-06,8.7
P00167-L013,P00167,earned,2025-10-28,2025-11-03,5.9
P00167-L014,P00167,earned,2025-12-05,2025-12-13,7.8
P00167-L015,P00167,earned,2026-01-07,2026-01-19,11.8
P00167-L016,P00167,casual,2026-02-06,2026-02-13,6.2
P00167-L017,P00167,earned,2026-03-12,2026-03-25,12.6
P00167-L018,P00167,medical,2026-04-17,2026-04-21,3.4
P00167-L019,P00167,earned,2026-05-21,2026-06-06,15.5
P00167-L020,P00167,casual,2026-07-03,2026-07-15,11.7
P00167-L021,P00167,compensatory,2026-08-08,2026-08-12,3.4
P00168-L001,P00168,earned,2024-09-03,2024-09-07,4.8
P00168-L002,P00168,earned,2024-09-22,2024-09-26,4.6
P00168-L003,P00168,earned,2024-10-08,2024-10-12,3.7
P00168-L004,P00168,earned,2024-10-21,2024-10-24,3.2
P00168-L005,P00168,earned,2024-11-07,2024-11-13,6.5
P00168-L006,P00168,earned,2024-11-21,2024-11-24,3.8
P00168-L007,P00168,compensatory,2024-12-14,2024-12-21,6.5
P00168-L008,P00168,casual,2024-12-23,2024-12-27,3.7
P00168-L009,P00168,casual,2025-01-12,2025-01-21,9.8
P00168-L010,P00168,casual,2025-01-31,2025-02-02,1.7
P00168-L011,P00168,earned,2025-02-18,2025-02-21,3.0
P00168-L012,P00168,casual,2025-03-07,2025-03-09,1.5
P00168-L013,P00168,earned,2025-03-22,2025-03-27,5.0
P00168-L014,P00168,earned,2025-04-02,2025-04-08,5.5
P00168-L015,P00168,casual,2025-04-20,2025-04-22,2.4
P00168-L016,P00168,earned,2025-05-04,2025-05-09,5.6
P00168-L017,P00168,earned,2025-05-26,2025-05-29,2.7
P00168-L018,P00168,earned,2025-06-14,2025-06-16,2.4
P00168-L019,P00168,medical,2025-06-19,2025-06-25,5.3
P00168-L020,P00168,earned,2025-07-08,2025-07-11,2.2
P00168-L021,P00168,medical,2025-07-25,2025-07-26,1.5
P00168-L022,P00168,casual,2025-08-09,2025-08-13,3.7
P00168-L023,P00168,earned,2025-08-25,2025-08-28,2.7
P00168-L024,P00168,medical,2025-09-14,2025-09-15,1.5
P00168-L025,P00168,casual,2025-09-28,2025-09-30,1.7
P00168-L026,P00168,casual,2025-10-19,2025-10-22,2.7
P00168-L027,P00168,earned,2025-11-03,2025-11-04,1.2
P00168-L028,P00168,casual,2025-11-14,2025-11-20,5.4
P00168-L029,P00168,earned,2025-12-07,2025-12-09,2.4
P00168-L030,P00168,earned,2025-12-24,2025-12-27,2.3
P00168-L031,P00168,earned,2026-01-08,2026-01-10,1.9
P00168-L032,P00168,earned,2026-01-22,2026-01-30,8.2
P00168-L033,P00168,casual,2026-02-07,2026-02-14,7.2
P00168-L034,P00168,earned,2026-02-28,2026-03-06,5.5
P00168-L035,P00168,earned,2026-03-06,2026-03-10,3.8
P00168-L036,P00168,casual,2026-03-26,2026-04-01,6.5
P00168-L037,P00168,earned,2026-04-07,2026-04-13,5.8
P00168-L038,P00168,earned,2026-04-24,2026-05-02,8.1
P00168-L039,P00168,casual,2026-05-18,2026-05-24,6.1
P00168-L040,P00168,casual,2026-06-05,2026-06-09,3.4
P00168-L041,P00168,compensatory,2026-06-13,2026-06-16,2.6
P00168-L042,P00168,earned,2026-07-07,2026-07-09,2.3
P00168-L043,P00168,casual,2026-07-20,2026-07-22,2.5
P00168-L044,P00168,casual,2026-07-30,2026-08-02,2.2
P00168-L045,P00168,earned,2026-08-21,2026-08-26,5.0
P00169-L001,P00169,casual,2024-09-12,2024-09-16,3.4
P00169-L002,P00169,compensatory,2024-10-12,2024-10-17,5.5
P00169-L003,P00169,medical,2024-11-16,2024-11-23,6.4
P00169-L004,P00169,earned,2024-12-29,2025-01-05,6.8
P00169-L005,P00169,earned,2025-02-20,2025-02-28,7.9
P00169-L006,P00169,earned,2025-03-14,2025-03-26,12.1
P00169-L007,P00169,earned,2025-04-26,2025-05-05,8.7
P00169-L008,P00169,medical,2025-06-18,2025-06-26,7.8
P00169-L009,P00169,casual,2025-07-15,2025-07-23,8.2
P00169-L010,P00169,casual,2025-08-18,2025-08-31,13.4
P00169-L011,P00169,medical,2025-09-28,2025-10-11,12.8
P00169-L012,P00169,compensatory,2025-11-24,2025-12-03,9.1
P00169-L013,P00169,casual,2025-12-06,2025-12-30,24.1
P00169-L014,P00169,earned,2026-01-28,2026-02-09,11.5
P00169-L015,P00169,earned,2026-02-27,2026-03-04,4.9
P00169-L016,P00169,casual,2026-04-27,2026-05-01,4.5
P00169-L017,P00169,earned,2026-05-09,2026-05-15,6.8
P00169-L018,P00169,casual,2026-07-15,2026-07-22,7.1
P00169-L019,P00169,earned,2026-07-24,2026-08-05,11.5
P00170-L001,P00170,casual,2024-09-12,2024-09-16,4.7
P00170-L002,P00170,earned,2024-10-08,2024-10-13,4.5
P00170-L003,P00170,compensatory,2024-11-10,2024-11-21,11.2
P00170-L004,P00170,earned,2024-12-18,2025-01-02,15.2
P00170-L005,P00170,compensatory,2025-01-27,2025-02-08,12.7
P00170-L006,P00170,compensatory,2025-02-23,2025-02-27,4.0
P00170-L007,P00170,casual,2025-04-05,2025-04-07,2.4
P00170-L008,P00170,earned,2025-05-09,2025-05-15,6.7
P00170-L009,P00170,casual,2025-06-24,2025-06-29,5.0
P00170-L010,P00170,casual,2025-07-14,2025-07-22,8.2
P00170-L011,P00170,earned,2025-08-25,2025-08-30,5.2
P00170-L012,P00170,earned,2025-09-20,2025-09-26,5.8
P00170-L013,P00170,earned,2025-11-05,2025-11-19,14.1
P00170-L014,P00170,medical,2025-12-02,2025-12-08,5.5
P00170-L015,P00170,medical,2026-01-13,2026-01-26,13.5
P00170-L016,P00170,earned,2026-02-15,2026-02-24,9.7
P00170-L017,P00170,earned,2026-03-23,2026-04-07,14.7
P00170-L018,P00170,earned,2026-04-19,2026-04-26,7.7
P00170-L019,P00170,compensatory,2026-06-01,2026-06-17,15.4
P00170-L020,P00170,earned,2026-06-26,2026-07-01,4.8
P00170-L021,P00170,casual,2026-07-29,2026-08-06,8.0
P00171-L001,P00171,medical,2024-09-10,2024-09-14,4.3
P00171-L002,P00171,earned,2024-10-29,2024-11-13,15.1
P00171-L003,P00171,medical,2024-12-17,2024-12-23,5.8
P00171-L004,P00171,compensatory,2025-01-20,2025-01-26,5.1
P00171-L005,P00171,earned,2025-03-04,2025-03-11,7.7
P00171-L006,P00171,casual,2025-04-17,2025-04-29,12.3
P00171-L007,P00171,compensatory,2025-06-12,2025-06-22,9.6
P00171-L008,P00171,earned,2025-07-24,2025-07-30,6.5
P00171-L009,P00171,earned,2025-09-06,2025-09-18,11.6
P00171-L010,P00171,earned,2025-10-16,2025-10-25,9.3
P00171-L011,P00171,earned,2025-12-08,2025-12-12,4.4
P00171-L012,P00171,compensatory,2026-01-24,2026-01-27,3.1
P00171-L013,P00171,earned,2026-03-13,2026-03-23,10.5
P00171-L014,P00171,earned,2026-05-09,2026-05-21,12.2
P00171-L015,P00171,casual,2026-06-04,2026-06-14,10.2
P00171-L016,P00171,casual,2026-07-21,2026-07-30,8.3
P00172-L001,P00172,casual,2024-09-09,2024-09-13,4.3
P00172-L002,P00172,earned,2024-10-07,2024-10-12,5.4
P00172-L003,P00172,casual,2024-10-31,2024-11-06,6.0
P00172-L004,P00172,earned,2024-12-14,2024-12-20,6.4
P00172-L005,P00172,earned,2025-01-02,2025-01-14,12.2
P00172-L006,P00172,earned,2025-02-08,2025-02-10,2.1
P00172-L007,P00172,medical,2025-02-24,2025-03-05,9.5
P00172-L008,P00172,casual,2025-04-06,2025-04-12,5.7
P00172-L009,P00172,casual,2025-04-24,2025-04-29,5.1
P00172-L010,P00172,medical,2025-05-27,2025-06-03,7.0
P00172-L011,P00172,casual,2025-07-05,2025-07-10,5.1
P00172-L012,P00172,earned,2025-07-22,2025-07-26,4.2
P00172-L013,P00172,earned,2025-08-24,2025-08-27,3.4
P00172-L014,P00172,casual,2025-09-16,2025-09-23,7.0
P00172-L015,P00172,earned,2025-10-14,2025-10-19,5.1
P00172-L016,P00172,earned,2025-11-17,2025-11-24,6.5
P00172-L017,P00172,earned,2025-12-28,2026-01-07,9.8
P00172-L018,P00172,earned,2026-01-11,2026-01-13,2.8
P00172-L019,P00172,earned,2026-02-24,2026-03-03,6.9
P00172-L020,P00172,earned,2026-03-16,2026-03-23,7.0
P00172-L021,P00172,medical,2026-04-19,2026-04-22,2.5
P00172-L022,P00172,medical,2026-05-15,2026-05-24,9.0
P00172-L023,P00172,earned,2026-06-19,2026-06-25,5.6
P00172-L024,P00172,compensatory,2026-07-28,2026-07-31,3.0
P00172-L025,P00172,compensatory,2026-08-05,2026-08-08,3.2
P00173-L001,P00173,casual,2024-09-01,2024-09-07,5.6
P00173-L002,P00173,earned,2024-11-15,2024-11-19,3.2
P00173-L003,P00173,casual,2025-02-26,2025-03-04,6.6
P00173-L004,P00173,earned,2025-04-16,2025-04-23,6.7
P00173-L005,P00173,earned,2025-06-27,2025-07-15,17.2
P00173-L006,P00173,earned,2025-09-08,2025-09-13,4.7
P00173-L007,P00173,earned,2025-12-06,2025-12-13,7.0
P00173-L008,P00173,earned,2026-02-06,2026-02-13,7.1
P00173-L009,P00173,compensatory,2026-04-18,2026-05-01,12.5
P00173-L010,P00173,casual,2026-06-29,2026-07-10,10.6
P00174-L001,P00174,casual,2024-09-01,2024-09-08,7.2
P00174-L002,P00174,medical,2024-10-17,2024-10-24,6.2
P00174-L003,P00174,earned,2024-11-21,2024-11-28,6.6
P00174-L004,P00174,earned,2025-01-01,2025-01-09,7.9
P00174-L005,P00174,earned,2025-01-24,2025-02-02,8.4
P00174-L006,P00174,earned,2025-03-02,2025-03-16,14.0
P00174-L007,P00174,earned,2025-03-29,2025-04-02,3.8
P00174-L008,P00174,earned,2025-05-15,2025-05-20,5.1
P00174-L009,P00174,earned,2025-06-19,2025-07-09,19.8
P00174-L010,P00174,earned,2025-07-30,2025-08-06,6.5
P00174-L011,P00174,casual,2025-08-15,2025-08-20,5.2
P00174-L012,P00174,earned,2025-10-02,2025-10-08,6.4
P00174-L013,P00174,earned,2025-10-27,2025-11-03,6.9
P00174-L014,P00174,earned,2025-11-28,2025-12-10,12.0
P00174-L015,P00174,earned,2026-01-11,2026-01-26,15.0
P00174-L016,P00174,earned,2026-02-19,2026-02-26,7.2
P00174-L017,P00174,casual,2026-03-17,2026-03-21,4.4
P00174-L018,P00174,casual,2026-04-17,2026-04-22,4.3
P00174-L019,P00174,medical,2026-06-01,2026-06-17,16.5
P00174-L020,P00174,earned,2026-07-04,2026-07-08,4.2
P00174-L021,P00174,earned,2026-08-11,2026-08-25,14.7
P00175-L001,P00175,earned,2024-09-02,2024-09-15,13.0
P00175-L002,P00175,casual,2024-11-08,2024-11-25,17.0
P00175-L003,P00175,earned,2024-12-24,2025-01-09,16.3
P00175-L004,P00175,casual,2025-02-09,2025-02-26,17.2
P00175-L005,P00175,casual,2025-03-29,2025-04-10,12.2
P00175-L006,P00175,medical,2025-06-01,2025-06-15,13.4
P00175-L007,P00175,compensatory,2025-07-16,2025-08-02,17.0
P00175-L008,P00175,earned,2025-09-02,2025-09-11,8.7
P00175-L009,P00175,earned,2025-11-05,2025-11-16,10.1
P00175-L010,P00175,medical,2025-12-29,2026-01-03,5.5
P00175-L011,P00175,earned,2026-02-09,2026-02-16,7.0
P00175-L012,P00175,earned,2026-04-11,2026-04-17,5.4
P00175-L013,P00175,casual,2026-05-23,2026-06-04,12.2
P00175-L014,P00175,earned,2026-07-16,2026-07-24,8.4
P00176-L001,P00176,casual,2024-09-26,2024-09-29,3.5
P00176-L002,P00176,earned,2024-11-03,2024-11-05,2.4
P00176-L003,P00176,earned,2024-12-01,2024-12-08,7.0
P00176-L004,P00176,casual,2025-01-22,2025-01-31,8.8
P00176-L005,P00176,earned,2025-02-14,2025-02-20,6.6
P00176-L006,P00176,medical,2025-04-02,2025-04-09,6.7
P00176-L007,P00176,earned,2025-05-06,2025-05-13,6.4
P00176-L008,P00176,casual,2025-06-22,2025-06-25,2.3
P00176-L009,P00176,earned,2025-07-31,2025-08-06,5.4
P00176-L010,P00176,earned,2025-09-08,2025-09-14,5.7
P00176-L011,P00176,compensatory,2025-10-12,2025-10-17,4.7
P00176-L012,P00176,casual,2025-11-23,2025-11-25,2.2
P00176-L013,P00176,earned,2026-02-02,2026-02-08,6.4
P00176-L014,P00176,casual,2026-02-13,2026-02-17,3.5
P00176-L015,P00176,casual,2026-04-01,2026-04-08,7.0
P00176-L016,P00176,earned,2026-05-06,2026-05-10,4.3
P00176-L017,P00176,casual,2026-06-25,2026-07-01,5.5
P00176-L018,P00176,casual,2026-08-09,2026-08-15,5.9
P00177-L001,P00177,medical,2024-09-11,2024-09-17,6.1
P00177-L002,P00177,casual,2024-10-25,2024-10-31,6.4
P00177-L003,P00177,earned,2024-12-24,2024-12-31,6.7
P00177-L004,P00177,earned,2025-02-15,2025-02-24,9.4
P00177-L005,P00177,casual,2025-04-23,2025-05-02,9.3
P00177-L006,P00177,compensatory,2025-05-28,2025-06-09,12.2
P00177-L007,P00177,earned,2025-07-27,2025-07-28,1.4
P00177-L008,P00177,earned,2025-09-13,2025-09-30,16.4
P00177-L009,P00177,compensatory,2025-10-29,2025-11-06,8.2
P00177-L010,P00177,earned,2025-12-17,2025-12-30,12.5
P00177-L011,P00177,earned,2026-02-28,2026-03-15,15.4
P00177-L012,P00177,casual,2026-03-30,2026-04-04,5.1
P00177-L013,P00177,medical,2026-06-08,2026-06-18,10.4
P00177-L014,P00177,compensatory,2026-07-13,2026-07-29,16.1
P00178-L001,P00178,earned,2024-09-05,2024-09-07,1.5
P00178-L002,P00178,casual,2024-09-28,2024-10-02,4.0
P00178-L003,P00178,earned,2024-10-18,2024-10-22,4.1
P00178-L004,P00178,earned,2024-11-20,2024-11-28,8.5
P00178-L005,P00178,casual,2024-12-02,2024-12-05,3.3
P00178-L006,P00178,earned,2024-12-24,2024-12-27,3.1
P00178-L007,P00178,casual,2025-01-15,2025-01-18,2.7
P00178-L008,P00178,earned,2025-02-10,2025-02-20,10.6
P00178-L009,P00178,earned,2025-03-05,2025-03-10,4.6
P00178-L010,P00178,medical,2025-03-27,2025-04-07,11.2
P00178-L011,P00178,earned,2025-04-20,2025-04-21,1.1
P00178-L012,P00178,earned,2025-05-12,2025-05-24,12.1
P00178-L013,P00178,medical,2025-06-03,2025-06-11,8.3
P00178-L014,P00178,earned,2025-06-25,2025-07-02,6.8
P00178-L015,P00178,earned,2025-07-19,2025-07-24,5.0
P00178-L016,P00178,earned,2025-08-10,2025-08-16,5.3
P00178-L017,P00178,medical,2025-09-08,2025-09-10,2.2
P00178-L018,P00178,compensatory,2025-10-01,2025-10-10,8.8
P00178-L019,P00178,casual,2025-10-22,2025-11-03,11.9
P00178-L020,P00178,earned,2025-11-19,2025-11-23,4.0
P00178-L021,P00178,earned,2025-12-10,2025-12-15,5.1
P00178-L022,P00178,medical,2025-12-25,2026-01-06,11.5
P00178-L023,P00178,earned,2026-01-24,2026-01-31,6.7
P00178-L024,P00178,casual,2026-02-10,2026-02-18,8.3
P00178-L025,P00178,earned,2026-03-07,2026-03-10,3.0
P00178-L026,P00178,medical,2026-03-25,2026-03-27,2.1
P00178-L027,P00178,earned,2026-04-19,2026-04-24,5.2
P00178-L028,P00178,casual,2026-05-10,2026-05-19,9.3
P00178-L029,P00178,earned,2026-06-05,2026-06-11,6.0
P00178-L030,P00178,earned,2026-06-27,2026-07-07,10.1
P00178-L031,P00178,earned,2026-07-20,2026-07-26,6.5
P00178-L032,P00178,earned,2026-08-09,2026-08-16,6.9
P00179-L001,P00179,earned,2024-09-10,2024-09-19,9.2
P00179-L002,P00179,medical,2024-10-10,2024-10-18,7.9
P00179-L003,P00179,casual,2024-11-14,2024-11-24,10.4
P00179-L004,P00179,earned,2024-12-23,2024-12-29,6.2
P00179-L005,P00179,casual,2025-02-04,2025-02-11,6.6
P00179-L006,P00179,earned,2025-03-08,2025-03-17,9.9
P00179-L007,P00179,casual,2025-04-12,2025-04-16,4.3
P00179-L008,P00179,medical,2025-05-27,2025-06-03,6.7
P00179-L009,P00179,earned,2025-07-12,2025-07-18,6.2
P00179-L010,P00179,earned,2025-08-04,2025-08-24,19.9
P00179-L011,P00179,earned,2025-09-01,2025-09-05,4.4
P00179-L012,P00179,earned,2025-10-21,2025-10-26,5.6
P00179-L013,P00179,casual,2025-11-15,2025-11-19,3.7
P00179-L014,P00179,casual,2026-01-07,2026-01-14,7.1
P00179-L015,P00179,earned,2026-02-13,2026-02-17,4.7
P00179-L016,P00179,casual,2026-03-10,2026-03-15,5.2
P00179-L017,P00179,medical,2026-04-23,2026-04-30,7.0
P00179-L018,P00179,casual,2026-06-06,2026-06-10,3.7
P00179-L019,P00179,earned,2026-07-13,2026-07-24,11.2
P00179-L020,P00179,earned,2026-08-03,2026-08-10,7.5
P00180-L001,P00180,earned,2024-09-06,2024-09-10,4.5
P00180-L002,P00180,earned,2024-10-30,2024-11-14,14.9
P00180-L003,P00180,casual,2024-12-11,2024-12-17,5.2
P00180-L004,P00180,earned,2025-01-01,2025-01-14,12.8
P00180-L005,P00180,earned,2025-02-13,2025-02-23,10.1
P00180-L006,P00180,medical,2025-04-11,2025-04-23,12.1
P00180-L007,P00180,medical,2025-05-14,2025-05-29,14.8
P00180-L008,P00180,compensatory,2025-06-27,2025-07-11,13.4
P00180-L009,P00180,medical,2025-07-25,2025-08-01,6.9
P00180-L010,P00180,medical,2025-09-07,2025-09-14,7.0
P00180-L011,P00180,earned,2025-10-17,2025-10-24,6.3
P00180-L012,P00180,compensatory,2025-11-28,2025-12-08,9.8
P00180-L013,P00180,earned,2026-01-03,2026-01-11,8.2
P00180-L014,P00180,compensatory,2026-02-14,2026-02-19,4.9
P00180-L015,P00180,earned,2026-03-27,2026-04-10,13.7
P00180-L016,P00180,earned,2026-05-16,2026-06-04,19.0
P00180-L017,P00180,earned,2026-06-23,2026-06-25,2.0
P00180-L018,P00180,medical,2026-07-31,2026-08-02,2.1
P00181-L001,P00181,earned,2024-09-03,2024-09-11,7.1
P00181-L002,P00181,compensatory,2024-10-15,2024-10-22,7.1
P00181-L003,P00181,earned,2024-12-02,2024-12-04,2.6
P00181-L004,P00181,earned,2025-01-30,2025-02-02,3.0
P00181-L005,P00181,earned,2025-02-27,2025-03-08,8.8
P00181-L006,P00181,earned,2025-04-04,2025-04-14,10.1
P00181-L007,P00181,casual,2025-05-23,2025-06-04,12.0
P00181-L008,P00181,casual,2025-07-16,2025-07-23,7.8
P00181-L009,P00181,casual,2025-08-12,2025-08-25,13.7
P00181-L010,P00181,casual,2025-09-22,2025-10-10,18.0
P00181-L011,P00181,earned,2025-11-23,2025-11-29,6.3
P00181-L012,P00181,earned,2026-01-02,2026-01-09,7.5
P00181-L013,P00181,earned,2026-01-31,2026-02-07,7.0
P00181-L014,P00181,compensatory,2026-03-17,2026-03-25,8.3
P00181-L015,P00181,casual,2026-05-06,2026-05-18,11.9
P00181-L016,P00181,earned,2026-06-07,2026-06-13,6.2
P00181-L017,P00181,earned,2026-07-20,2026-08-03,14.1
P00182-L001,P00182,earned,2024-09-05,2024-09-24,19.0
P00182-L002,P00182,compensatory,2024-12-01,2024-12-15,14.2
P00182-L003,P00182,compensatory,2025-01-26,2025-02-07,12.8
P00182-L004,P00182,earned,2025-04-04,2025-04-19,15.6
P00182-L005,P00182,earned,2025-06-01,2025-06-11,9.7
P00182-L006,P00182,earned,2025-08-03,2025-08-13,9.4
P00182-L007,P00182,earned,2025-10-18,2025-10-28,10.3
P00182-L008,P00182,earned,2025-12-10,2025-12-19,9.8
P00182-L009,P00182,earned,2026-02-16,2026-02-19,2.5
P00182-L010,P00182,medical,2026-04-22,2026-04-27,4.9
P00182-L011,P00182,earned,2026-07-08,2026-07-18,10.5
P00183-L001,P00183,earned,2024-09-03,2024-09-09,6.1
P00183-L002,P00183,earned,2024-10-20,2024-10-30,10.2
P00183-L003,P00183,compensatory,2024-12-09,2024-12-19,10.1
P00183-L004,P00183,earned,2025-01-25,2025-02-09,14.7
P00183-L005,P00183,earned,2025-03-03,2025-03-15,12.0
P00183-L006,P00183,compensatory,2025-05-14,2025-05-19,5.6
P00183-L007,P00183,earned,2025-06-14,2025-06-25,11.0
P00183-L008,P00183,earned,2025-08-02,2025-08-05,3.2
P00183-L009,P00183,casual,2025-09-14,2025-09-24,9.9
P00183-L010,P00183,earned,2025-10-25,2025-11-02,8.4
P00183-L011,P00183,casual,2025-12-22,2025-12-27,5.0
P00183-L012,P00183,earned,2026-02-09,2026-02-17,7.8
P00183-L013,P00183,compensatory,2026-03-14,2026-03-21,7.5
P00183-L014,P00183,earned,2026-04-23,2026-04-30,7.3
P00183-L015,P00183,medical,2026-06-06,2026-06-17,11.0
P00183-L016,P00183,earned,2026-07-20,2026-08-01,12.0
P00184-L001,P00184,medical,2024-09-22,2024-10-07,15.1
P00184-L002,P00184,casual,2024-11-05,2024-11-08,2.2
P00184-L003,P00184,earned,2024-12-20,2024-12-31,11.3
P00184-L004,P00184,medical,2025-02-15,2025-03-01,13.1
P00184-L005,P00184,earned,2025-04-11,2025-04-30,18.8
P00184-L006,P00184,casual,2025-06-08,2025-06-16,8.4
P00184-L007,P00184,medical,2025-07-27,2025-08-14,18.0
P00184-L008,P00184,earned,2025-10-02,2025-10-07,5.4
P00184-L009,P00184,casual,2025-10-23,2025-11-08,16.7
P00184-L010,P00184,compensatory,2025-12-17,2025-12-28,11.5
P00184-L011,P00184,casual,2026-02-21,2026-03-10,17.1
P00184-L012,P00184,medical,2026-04-24,2026-05-05,11.0
P00184-L013,P00184,casual,2026-05-20,2026-06-05,15.2
P00184-L014,P00184,casual,2026-07-18,2026-07-24,5.7
P00185-L001,P00185,casual,2024-09-15,2024-09-22,7.0
P00185-L002,P00185,casual,2024-10-27,2024-11-17,21.1
P00185-L003,P00185,casual,2024-12-15,2024-12-22,6.9
P00185-L004,P00185,earned,2025-01-26,2025-02-10,15.4
P00185-L005,P00185,medical,2025-03-10,2025-03-19,8.7
P00185-L006,P00185,medical,2025-04-19,2025-04-23,4.1
P00185-L007,P00185,compensatory,2025-06-09,2025-06-19,10.1
P00185-L008,P00185,medical,2025-07-27,2025-08-08,11.6
P00185-L009,P00185,earned,2025-09-11,2025-09-24,13.2
P00185-L010,P00185,earned,2025-10-25,2025-11-18,23.5
P00185-L011,P00185,compensatory,2025-12-10,2025-12-21,10.9
P00185-L012,P00185,earned,2026-01-28,2026-02-06,9.2
P00185-L013,P00185,earned,2026-03-13,2026-03-26,12.3
P00185-L014,P00185,casual,2026-05-05,2026-05-14,9.7
P00185-L015,P00185,casual,2026-06-26,2026-07-05,9.5
P00185-L016,P00185,casual,2026-08-01,2026-08-08,7.4
P00186-L001,P00186,medical,2024-09-27,2024-10-06,9.4
P00186-L002,P00186,compensatory,2024-11-19,2024-11-24,5.1
P00186-L003,P00186,casual,2024-12-29,2025-01-06,7.4
P00186-L004,P00186,earned,2025-02-19,2025-02-25,5.8
P00186-L005,P00186,earned,2025-04-10,2025-04-26,16.4
P00186-L006,P00186,earned,2025-06-11,2025-06-13,2.6
P00186-L007,P00186,casual,2025-07-18,2025-07-27,8.9
P00186-L008,P00186,medical,2025-09-09,2025-09-14,4.7
P00186-L009,P00186,earned,2025-10-26,2025-11-02,7.1
P00186-L010,P00186,earned,2025-12-14,2025-12-29,14.3
P00186-L011,P00186,earned,2026-02-22,2026-03-04,10.2
P00186-L012,P00186,casual,2026-04-06,2026-04-19,12.5
P00186-L013,P00186,casual,2026-05-26,2026-06-10,14.9
P00186-L014,P00186,earned,2026-07-28,2026-08-03,5.5
P00187-L001,P00187,earned,2024-09-29,2024-10-11,11.9
P00187-L002,P00187,earned,2024-11-30,2024-12-08,8.1
P00187-L003,P00187,earned,2025-02-10,2025-02-19,9.6
P00187-L004,P00187,casual,2025-04-01,2025-04-15,14.1
P00187-L005,P00187,earned,2025-06-23,2025-06-30,7.4
P00187-L006,P00187,earned,2025-08-02,2025-08-14,12.1
P00187-L007,P00187,casual,2025-10-15,2025-10-26,11.2
P00187-L008,P00187,casual,2026-01-02,2026-01-08,5.9
P00187-L009,P00187,earned,2026-03-05,2026-03-16,11.2
P00187-L010,P00187,casual,2026-04-24,2026-05-05,10.4
P00187-L011,P00187,earned,2026-07-30,2026-08-11,11.9
P00188-L001,P00188,compensatory,2024-09-18,2024-09-29,10.7
P00188-L002,P00188,compensatory,2024-11-01,2024-11-09,7.1
P00188-L003,P00188,compensatory,2024-11-29,2024-12-15,16.2
P00188-L004,P00188,earned,2025-01-03,2025-01-12,8.7
P00188-L005,P00188,earned,2025-02-25,2025-02-26,1.5
P00188-L006,P00188,casual,2025-03-26,2025-03-30,3.6
P00188-L007,P00188,earned,2025-05-28,2025-05-30,2.4
P00188-L008,P00188,earned,2025-06-18,2025-06-28,9.4
P00188-L009,P00188,casual,2025-07-22,2025-08-03,12.2
P00188-L010,P00188,medical,2025-09-08,2025-09-12,3.8
P00188-L011,P00188,earned,2025-11-07,2025-11-15,7.9
P00188-L012,P00188,earned,2025-11-26,2025-12-01,5.6
P00188-L013,P00188,medical,2025-12-31,2026-01-19,19.0
P00188-L014,P00188,casual,2026-02-23,2026-02-26,2.8
P00188-L015,P00188,earned,2026-04-10,2026-04-17,7.0
P00188-L016,P00188,earned,2026-05-31,2026-06-06,6.2
P00188-L017,P00188,earned,2026-06-16,2026-06-27,11.3
P00188-L018,P00188,medical,2026-08-12,2026-08-19,7.4
P00189-L001,P00189,casual,2024-09-22,2024-09-30,7.1
P00189-L002,P00189,earned,2024-11-04,2024-11-18,14.2
P00189-L003,P00189,compensatory,2024-12-24,2025-01-14,21.1
P00189-L004,P00189,earned,2025-02-14,2025-02-28,13.8
P00189-L005,P00189,earned,2025-04-19,2025-05-02,13.5
P00189-L006,P00189,casual,2025-06-03,2025-06-13,10.3
P00189-L007,P00189,casual,2025-07-22,2025-08-05,14.3
P00189-L008,P00189,compensatory,2025-08-31,2025-09-07,6.7
P00189-L009,P00189,medical,2025-11-18,2025-12-07,19.4
P00189-L010,P00189,earned,2025-12-20,2026-01-04,15.0
P00189-L011,P00189,earned,2026-02-24,2026-03-04,8.0
P00189-L012,P00189,earned,2026-04-06,2026-04-13,7.9
P00189-L013,P00189,earned,2026-06-09,2026-06-21,12.3
P00189-L014,P00189,casual,2026-07-19,2026-07-31,12.2
P00190-L001,P00190,casual,2024-09-11,2024-09-14,2.9
P00190-L002,P00190,casual,2024-10-06,2024-10-18,12.2
P00190-L003,P00190,casual,2024-10-29,2024-11-03,5.0
P00190-L004,P00190,earned,2024-12-06,2024-12-16,9.9
P00190-L005,P00190,medical,2024-12-26,2025-01-07,12.5
P00190-L006,P00190,casual,2025-02-04,2025-02-18,14.7
P00190-L007,P00190,earned,2025-02-28,2025-03-05,5.2
P00190-L008,P00190,casual,2025-03-27,2025-03-31,4.7
P00190-L009,P00190,earned,2025-04-29,2025-05-08,9.0
P00190-L010,P00190,compensatory,2025-06-01,2025-06-08,6.2
P00190-L011,P00190,medical,2025-06-29,2025-07-01,1.8
P00190-L012,P00190,casual,2025-08-05,2025-08-13,7.9
P00190-L013,P00190,earned,2025-08-17,2025-08-27,10.4
P00190-L014,P00190,earned,2025-09-22,2025-09-30,8.5
P00190-L015,P00190,casual,2025-10-22,2025-10-29,7.0
P00190-L016,P00190,earned,2025-11-24,2025-12-02,8.0
P00190-L017,P00190,earned,2025-12-30,2026-01-05,5.7
P00190-L018,P00190,casual,2026-01-14,2026-01-17,3.0
P00190-L019,P00190,medical,2026-02-11,2026-02-14,3.2
P00190-L020,P00190,earned,2026-03-13,2026-03-14,1.0
P00190-L021,P00190,earned,2026-04-24,2026-04-30,6.7
P00190-L022,P00190,earned,2026-05-18,2026-05-25,7.2
P00190-L023,P00190,casual,2026-06-07,2026-06-16,8.7
P00190-L024,P00190,casual,2026-07-22,2026-07-27,5.4
P00190-L025,P00190,earned,2026-08-05,2026-08-09,4.0
P00191-L001,P00191,earned,2024-09-15,2024-09-22,6.9
P00191-L002,P00191,earned,2024-10-23,2024-11-05,13.4
P00191-L003,P00191,compensatory,2024-12-23,2025-01-03,11.0
P00191-L004,P00191,earned,2025-01-24,2025-02-03,9.4
P00191-L005,P00191,casual,2025-03-16,2025-03-24,7.4
P00191-L006,P00191,casual,2025-04-26,2025-05-05,8.4
P00191-L007,P00191,medical,2025-06-04,2025-06-21,17.8
P00191-L008,P00191,earned,2025-08-12,2025-08-23,11.1
P00191-L009,P00191,earned,2025-09-09,2025-09-12,3.6
P00191-L010,P00191,earned,2025-10-26,2025-11-14,18.7
P00191-L011,P00191,casual,2025-12-30,2026-01-01,1.3
P00191-L012,P00191,medical,2026-01-20,2026-01-29,8.7
P00191-L013,P00191,medical,2026-03-11,2026-03-16,5.9
P00191-L014,P00191,medical,2026-04-20,2026-04-27,7.2
P00191-L015,P00191,earned,2026-06-22,2026-07-03,11.5
P00191-L016,P00191,earned,2026-07-22,2026-08-05,13.2
P00192-L001,P00192,earned,2024-09-27,2024-10-06,8.7
P00192-L002,P00192,casual,2024-12-02,2024-12-19,17.5
P00192-L003,P00192,earned,2025-01-11,2025-01-19,8.1
P00192-L004,P00192,earned,2025-03-30,2025-04-05,5.4
P00192-L005,P00192,compensatory,2025-06-02,2025-06-07,5.3
P00192-L006,P00192,earned,2025-08-09,2025-08-13,3.6
P00192-L007,P00192,casual,2025-10-16,2025-10-28,12.1
P00192-L008,P00192,compensatory,2025-12-15,2025-12-23,8.3
P00192-L009,P00192,earned,2026-02-26,2026-03-04,5.9
P00192-L010,P00192,casual,2026-04-26,2026-05-08,12.3
P00192-L011,P00192,earned,2026-07-03,2026-07-11,8.0
P00193-L001,P00193,earned,2024-09-02,2024-09-09,7.1
P00193-L002,P00193,casual,2024-10-14,2024-10-19,4.4
P00193-L003,P00193,casual,2024-11-29,2024-12-05,6.2
P00193-L004,P00193,earned,2025-01-03,2025-01-11,7.5
P00193-L005,P00193,compensatory,2025-02-03,2025-02-11,8.7
P00193-L006,P00193,earned,2025-03-16,2025-03-20,3.9
P00193-L007,P00193,earned,2025-04-28,2025-05-04,5.7
P00193-L008,P00193,earned,2025-06-08,2025-06-28,20.1
P00193-L009,P00193,earned,2025-07-13,2025-07-20,6.5
P00193-L010,P00193,casual,2025-08-12,2025-08-21,8.2
P00193-L011,P00193,earned,2025-09-22,2025-10-05,12.8
P00193-L012,P00193,compensatory,2025-11-04,2025-11-09,5.2
P00193-L013,P00193,earned,2025-12-08,2025-12-11,3.0
P00193-L014,P00193,earned,2026-01-23,2026-01-29,6.1
P00193-L015,P00193,earned,2026-03-07,2026-03-12,5.9
P00193-L016,P00193,earned,2026-04-03,2026-04-18,15.2
P00193-L017,P00193,casual,2026-05-13,2026-05-20,7.0
P00193-L018,P00193,casual,2026-06-30,2026-07-07,7.0
P00193-L019,P00193,earned,2026-07-26,2026-08-12,16.8
P00194-L001,P00194,earned,2024-08-31,2024-09-06,6.1
P00194-L002,P00194,earned,2024-10-04,2024-10-12,8.7
P00194-L003,P00194,earned,2024-11-02,2024-11-10,7.7
P00194-L004,P00194,earned,2024-12-20,2024-12-25,4.9
P00194-L005,P00194,medical,2025-01-06,2025-01-11,5.5
P00194-L006,P00194,medical,2025-02-08,2025-02-14,5.2
P00194-L007,P00194,earned,2025-03-20,2025-03-27,7.2
P00194-L008,P00194,earned,2025-04-16,2025-04-24,8.2
P00194-L009,P00194,earned,2025-05-26,2025-05-28,2.0
P00194-L010,P00194,earned,2025-06-09,2025-06-17,8.4
P00194-L011,P00194,earned,2025-07-06,2025-07-13,7.8
P00194-L012,P00194,earned,2025-08-05,2025-08-20,15.1
P00194-L013,P00194,casual,2025-09-08,2025-09-13,5.4
P00194-L014,P00194,medical,2025-10-02,2025-10-17,15.2
P00194-L015,P00194,earned,2025-11-02,2025-11-04,2.3
P00194-L016,P00194,earned,2025-12-01,2025-12-08,6.3
P00194-L017,P00194,earned,2026-01-05,2026-01-10,5.0
P00194-L018,P00194,casual,2026-02-07,2026-02-09,2.0
P00194-L019,P00194,casual,2026-03-03,2026-03-13,10.5
P00194-L020,P00194,earned,2026-04-10,2026-04-15,4.7
P00194-L021,P00194,earned,2026-05-17,2026-05-23,6.8
P00194-L022,P00194,casual,2026-06-09,2026-06-16,6.5
P00194-L023,P00194,earned,2026-07-02,2026-07-05,3.4
P00194-L024,P00194,casual,2026-08-11,2026-08-17,6.3
P00195-L001,P00195,earned,2024-09-09,2024-09-20,11.2
P00195-L002,P00195,casual,2024-10-14,2024-10-22,7.9
P00195-L003,P00195,casual,2024-11-30,2024-12-21,20.8
P00195-L004,P00195,earned,2025-01-12,2025-01-23,11.2
P00195-L005,P00195,earned,2025-03-04,2025-03-13,8.7
P00195-L006,P00195,compensatory,2025-04-25,2025-04-29,3.2
P00195-L007,P00195,earned,2025-05-27,2025-06-04,8.0
P00195-L008,P00195,casual,2025-07-01,2025-07-17,16.6
P00195-L009,P00195,casual,2025-08-29,2025-09-11,13.5
P00195-L010,P00195,earned,2025-09-26,2025-09-28,2.0
P00195-L011,P00195,casual,2025-11-08,2025-11-12,3.3
P00195-L012,P00195,medical,2026-01-13,2026-01-16,3.0
P00195-L013,P00195,earned,2026-02-02,2026-02-13,10.6
P00195-L014,P00195,medical,2026-03-14,2026-04-13,30.0
P00195-L015,P00195,compensatory,2026-05-06,2026-05-15,8.9
P00195-L016,P00195,casual,2026-06-18,2026-06-27,9.8
P00195-L017,P00195,casual,2026-07-21,2026-07-26,4.9
P00196-L001,P00196,earned,2024-09-13,2024-09-21,7.2
P00196-L002,P00196,medical,2024-10-06,2024-10-16,10.3
P00196-L003,P00196,earned,2024-11-01,2024-11-06,4.8
P00196-L004,P00196,earned,2024-12-09,2024-12-14,4.8
P00196-L005,P00196,medical,2024-12-29,2025-01-09,11.7
P00196-L006,P00196,casual,2025-01-19,2025-01-23,4.4
P00196-L007,P00196,medical,2025-02-17,2025-02-21,4.7
P00196-L008,P00196,casual,2025-03-16,2025-03-21,4.5
P00196-L009,P00196,casual,2025-04-26,2025-04-30,4.3
P00196-L010,P00196,casual,2025-05-15,2025-05-19,3.4
P00196-L011,P00196,earned,2025-06-14,2025-06-24,9.8
P00196-L012,P00196,earned,2025-07-17,2025-07-21,4.3
P00196-L013,P00196,earned,2025-08-17,2025-08-20,3.3
P00196-L014,P00196,casual,2025-09-07,2025-09-16,8.2
P00196-L015,P00196,earned,2025-10-12,2025-10-18,5.6
P00196-L016,P00196,earned,2025-10-30,2025-11-03,4.2
P00196-L017,P00196,earned,2025-11-27,2025-12-05,8.6
P00196-L018,P00196,medical,2025-12-26,2026-01-12,16.9
P00196-L019,P00196,casual,2026-01-25,2026-01-29,4.8
P00196-L020,P00196,earned,2026-02-26,2026-03-01,3.1
P00196-L021,P00196,earned,2026-03-29,2026-04-06,7.5
P00196-L022,P00196,earned,2026-04-17,2026-04-23,5.6
P00196-L023,P00196,medical,2026-05-12,2026-05-19,7.6
P00196-L024,P00196,casual,2026-06-11,2026-06-18,7.0
P00196-L025,P00196,casual,2026-07-08,2026-07-12,4.2
P00196-L026,P00196,casual,2026-08-04,2026-08-09,4.5
P00197-L001,P00197,earned,2024-09-12,2024-09-16,3.7
P00197-L002,P00197,casual,2024-12-05,2024-12-10,4.8
P00197-L003,P00197,casual,2025-03-15,2025-03-28,12.6
P00197-L004,P00197,compensatory,2025-06-14,2025-06-29,14.8
P00197-L005,P00197,casual,2025-10-19,2025-11-04,15.7
P00197-L006,P00197,earned,2026-01-03,2026-01-05,2.3
P00197-L007,P00197,earned,2026-03-21,2026-03-31,9.9
P00197-L008,P00197,casual,2026-07-05,2026-07-18,13.1
P00198-L001,P00198,compensatory,2024-09-09,2024-09-24,15.2
P00198-L002,P00198,casual,2024-10-16,2024-10-28,11.8
P00198-L003,P00198,casual,2024-11-29,2024-12-09,10.2
P00198-L004,P00198,earned,2025-02-03,2025-02-09,6.1
P00198-L005,P00198,earned,2025-02-25,2025-03-12,14.9
P00198-L006,P00198,medical,2025-04-06,2025-04-20,14.1
P00198-L007,P00198,medical,2025-05-20,2025-05-25,4.9
P00198-L008,P00198,casual,2025-07-07,2025-07-15,8.1
P00198-L009,P00198,earned,2025-08-10,2025-08-17,7.3
P00198-L010,P00198,casual,2025-10-02,2025-10-07,4.5
P00198-L011,P00198,earned,2025-11-23,2025-11-28,6.0
P00198-L012,P00198,casual,2025-12-31,2026-01-08,8.5
P00198-L013,P00198,earned,2026-02-08,2026-02-20,12.6
P00198-L014,P00198,casual,2026-03-15,2026-03-23,8.2
P00198-L015,P00198,medical,2026-04-30,2026-05-09,8.4
P00198-L016,P00198,earned,2026-06-14,2026-06-19,5.0
P00198-L017,P00198,earned,2026-07-20,2026-08-01,11.7
P00199-L001,P00199,casual,2024-09-10,2024-09-15,5.4
P00199-L002,P00199,earned,2024-11-08,2024-11-20,11.2
P00199-L003,P00199,medical,2024-12-07,2024-12-24,17.0
P00199-L004,P00199,casual,2025-02-05,2025-03-01,23.1
P00199-L005,P00199,medical,2025-03-02,2025-03-14,12.3
P00199-L006,P00199,medical,2025-04-19,2025-04-24,4.6
P00199-L007,P00199,medical,2025-06-02,2025-06-17,14.6
P00199-L008,P00199,casual,2025-07-27,2025-07-30,3.7
P00199-L009,P00199,earned,2025-09-11,2025-09-29,17.9
P00199-L010,P00199,earned,2025-11-08,2025-11-21,12.4
P00199-L011,P00199,medical,2025-12-02,2025-12-06,4.0
P00199-L012,P00199,casual,2026-01-16,2026-01-21,4.7
P00199-L013,P00199,casual,2026-03-04,2026-03-10,6.5
P00199-L014,P00199,earned,2026-04-17,2026-04-29,11.8
P00199-L015,P00199,earned,2026-06-02,2026-06-18,15.5
P00199-L016,P00199,medical,2026-07-22,2026-07-26,4.7
P00200-L001,P00200,casual,2024-09-02,2024-09-09,7.2
P00200-L002,P00200,earned,2024-11-02,2024-11-06,3.4
P00200-L003,P00200,casual,2024-11-30,2024-12-07,7.0
P00200-L004,P00200,earned,2025-01-11,2025-01-15,4.0
P00200-L005,P00200,casual,2025-02-25,2025-03-06,8.9
P00200-L006,P00200,earned,2025-04-04,2025-04-16,12.8
P00200-L007,P00200,earned,2025-05-20,2025-05-23,2.9
P00200-L008,P00200,earned,2025-07-06,2025-07-16,10.0
P00200-L009,P00200,casual,2025-08-10,2025-08-23,12.2
P00200-L010,P00200,casual,2025-10-01,2025-10-07,5.3
P00200-L011,P00200,casual,2025-11-05,2025-11-11,5.7
P00200-L012,P00200,earned,2025-12-25,2026-01-03,9.2
P00200-L013,P00200,medical,2026-02-02,2026-02-12,10.6
P00200-L014,P00200,earned,2026-03-18,2026-03-24,5.8
P00200-L015,P00200,earned,2026-05-01,2026-05-08,6.8
P00200-L016,P00200,compensatory,2026-06-11,2026-06-25,13.5
P00200-L017,P00200,earned,2026-07-22,2026-08-02,10.8
P00201-L001,P00201,earned,2024-09-09,2024-09-19,9.8
P00201-L002,P00201,casual,2024-09-20,2024-09-23,2.8
P00201-L003,P00201,casual,2024-10-10,2024-10-16,6.6
P00201-L004,P00201,compensatory,2024-10-30,2024-11-05,6.0
P00201-L005,P00201,medical,2024-11-22,2024-11-28,6.0
P00201-L006,P00201,compensatory,2024-12-14,2024-12-21,7.4
P00201-L007,P00201,casual,2024-12-28,2025-01-02,5.0
P00201-L008,P00201,earned,2025-01-19,2025-01-22,3.0
P00201-L009,P00201,earned,2025-02-14,2025-02-17,2.7
P00201-L010,P00201,earned,2025-03-02,2025-03-06,4.3
P00201-L011,P00201,medical,2025-03-24,2025-04-02,9.6
P00201-L012,P00201,medical,2025-04-11,2025-04-15,4.0
P00201-L013,P00201,earned,2025-04-29,2025-05-01,2.0
P00201-L014,P00201,earned,2025-05-17,2025-05-21,4.9
P00201-L015,P00201,casual,2025-06-09,2025-06-14,4.4
P00201-L016,P00201,earned,2025-06-25,2025-06-28,2.8
P00201-L017,P00201,casual,2025-07-20,2025-07-23,3.0
P00201-L018,P00201,compensatory,2025-08-15,2025-08-18,2.2
P00201-L019,P00201,earned,2025-08-21,2025-08-25,3.7
P00201-L020,P00201,earned,2025-09-12,2025-09-16,4.1
P00201-L021,P00201,casual,2025-10-03,2025-10-05,1.7
P00201-L022,P00201,casual,2025-10-22,2025-10-30,8.1
P00201-L023,P00201,earned,2025-11-11,2025-11-18,7.4
P00201-L024,P00201,compensatory,2025-11-29,2025-12-07,8.1
P00201-L025,P00201,earned,2025-12-19,2025-12-23,4.4
P00201-L026,P00201,earned,2026-01-08,2026-01-10,2.7
P00201-L027,P00201,compensatory,2026-01-28,2026-01-29,1.7
P00201-L028,P00201,earned,2026-02-19,2026-02-26,6.7
P00201-L029,P00201,earned,2026-03-16,2026-03-19,2.9
P00201-L030,P00201,medical,2026-03-29,2026-03-31,2.0
P00201-L031,P00201,compensatory,2026-04-16,2026-04-21,5.2
P00201-L032,P00201,casual,2026-05-06,2026-05-10,3.8
P00201-L033,P00201,casual,2026-05-26,2026-06-01,5.8
P00201-L034,P00201,earned,2026-06-18,2026-06-23,4.7
P00201-L035,P00201,casual,2026-07-04,2026-07-13,8.4
P00201-L036,P00201,earned,2026-07-29,2026-07-31,2.2
P00201-L037,P00201,compensatory,2026-08-12,2026-08-15,2.5
P00202-L001,P00202,earned,2024-09-12,2024-09-23,10.4
P00202-L002,P00202,earned,2024-10-30,2024-11-04,5.8
P00202-L003,P00202,casual,2024-12-25,2024-12-31,5.4
P00202-L004,P00202,casual,2025-03-06,2025-03-17,10.9
P00202-L005,P00202,earned,2025-04-05,2025-04-11,5.6
P00202-L006,P00202,earned,2025-05-25,2025-06-03,8.6
P00202-L007,P00202,earned,2025-08-07,2025-08-20,12.6
P00202-L008,P00202,medical,2025-09-17,2025-10-10,23.3
P00202-L009,P00202,medical,2025-11-17,2025-11-22,5.3
P00202-L010,P00202,casual,2026-01-12,2026-01-20,8.0
P00202-L011,P00202,casual,2026-02-14,2026-02-28,14.4
P00202-L012,P00202,earned,2026-04-06,2026-04-21,15.1
P00202-L013,P00202,earned,2026-06-24,2026-07-02,7.8
P00202-L014,P00202,earned,2026-08-08,2026-08-17,8.3
P00203-L001,P00203,earned,2024-09-03,2024-09-10,6.8
P00203-L002,P00203,earned,2024-11-03,2024-11-20,17.4
P00203-L003,P00203,earned,2024-11-29,2024-12-08,9.7
P00203-L004,P00203,earned,2025-01-26,2025-01-30,4.4
P00203-L005,P00203,earned,2025-03-22,2025-03-31,9.0
P00203-L006,P00203,earned,2025-04-07,2025-04-10,3.1
P00203-L007,P00203,medical,2025-05-21,2025-05-28,7.2
P00203-L008,P00203,earned,2025-07-18,2025-07-24,6.2
P00203-L009,P00203,casual,2025-08-16,2025-09-01,15.8
P00203-L010,P00203,earned,2025-10-14,2025-10-25,11.3
P00203-L011,P00203,earned,2025-11-05,2025-11-10,4.9
P00203-L012,P00203,casual,2025-12-25,2026-01-02,8.3
P00203-L013,P00203,casual,2026-02-08,2026-02-16,7.9
P00203-L014,P00203,casual,2026-04-11,2026-04-19,8.3
P00203-L015,P00203,earned,2026-04-27,2026-05-09,12.6
P00203-L016,P00203,earned,2026-06-09,2026-06-15,5.6
P00203-L017,P00203,earned,2026-08-02,2026-08-07,4.8
P00204-L001,P00204,earned,2024-09-02,2024-09-22,19.5
P00204-L002,P00204,earned,2024-11-21,2024-12-06,14.9
P00204-L003,P00204,casual,2025-01-17,2025-01-22,5.5
P00204-L004,P00204,casual,2025-02-26,2025-03-11,13.0
P00204-L005,P00204,medical,2025-04-18,2025-05-01,12.2
P00204-L006,P00204,earned,2025-07-03,2025-07-11,7.9
P00204-L007,P00204,earned,2025-08-28,2025-09-19,22.0
P00204-L008,P00204,earned,2025-10-18,2025-10-28,10.0
P00204-L009,P00204,earned,2025-12-06,2025-12-29,23.3
P00204-L010,P00204,earned,2026-01-30,2026-02-07,8.4
P00204-L011,P00204,medical,2026-03-19,2026-04-01,12.9
P00204-L012,P00204,earned,2026-05-21,2026-06-04,14.0
P00204-L013,P00204,earned,2026-07-16,2026-07-27,11.2
P00205-L001,P00205,compensatory,2024-09-06,2024-09-17,11.3
P00205-L002,P00205,earned,2024-10-20,2024-10-25,4.8
P00205-L003,P00205,earned,2024-12-02,2024-12-06,3.9
P00205-L004,P00205,earned,2024-12-15,2024-12-25,9.8
P00205-L005,P00205,earned,2025-02-04,2025-02-07,2.6
P00205-L006,P00205,medical,2025-03-05,2025-03-09,4.5
P00205-L007,P00205,casual,2025-04-08,2025-04-12,3.2
P00205-L008,P00205,earned,2025-05-26,2025-06-01,6.7
P00205-L009,P00205,earned,2025-06-17,2025-06-26,9.4
P00205-L010,P00205,earned,2025-07-17,2025-07-21,3.5
P00205-L011,P00205,earned,2025-08-17,2025-08-28,11.1
P00205-L012,P00205,earned,2025-09-22,2025-10-01,9.0
P00205-L013,P00205,earned,2025-10-22,2025-10-26,3.7
P00205-L014,P00205,earned,2025-11-26,2025-12-07,10.3
P00205-L015,P00205,casual,2026-01-07,2026-01-18,11.9
P00205-L016,P00205,earned,2026-02-08,2026-02-18,10.2
P00205-L017,P00205,earned,2026-03-11,2026-03-18,6.5
P00205-L018,P00205,earned,2026-04-15,2026-04-24,8.3
P00205-L019,P00205,casual,2026-05-24,2026-06-01,7.1
P00205-L020,P00205,casual,2026-06-27,2026-07-03,5.6
P00205-L021,P00205,earned,2026-07-29,2026-08-02,4.4
P00206-L001,P00206,earned,2024-09-04,2024-09-14,10.0
P00206-L002,P00206,medical,2024-10-21,2024-11-02,12.5
P00206-L003,P00206,earned,2024-11-17,2024-11-25,8.2
P00206-L004,P00206,casual,2024-12-31,2025-01-03,3.6
P00206-L005,P00206,earned,2025-02-16,2025-02-21,4.2
P00206-L006,P00206,casual,2025-04-02,2025-04-11,9.3
P00206-L007,P00206,casual,2025-04-24,2025-05-05,11.4
P00206-L008,P00206,earned,2025-06-07,2025-06-08,1.5
P00206-L009,P00206,casual,2025-07-26,2025-07-31,4.3
P00206-L010,P00206,casual,2025-08-19,2025-08-22,2.7
P00206-L011,P00206,earned,2025-09-30,2025-10-13,13.5
P00206-L012,P00206,earned,2025-11-17,2025-11-26,9.0
P00206-L013,P00206,casual,2025-12-30,2026-01-08,8.7
P00206-L014,P00206,earned,2026-01-13,2026-01-24,11.1
P00206-L015,P00206,earned,2026-02-28,2026-03-08,7.8
P00206-L016,P00206,earned,2026-04-01,2026-04-09,7.5
P00206-L017,P00206,medical,2026-06-01,2026-06-07,5.8
P00206-L018,P00206,casual,2026-06-25,2026-07-01,6.2
P00206-L019,P00206,earned,2026-08-12,2026-08-17,5.7
P00207-L001,P00207,casual,2024-09-11,2024-10-09,28.4
P00207-L002,P00207,casual,2024-10-23,2024-10-27,4.9
P00207-L003,P00207,earned,2025-01-01,2025-01-14,13.2
P00207-L004,P00207,earned,2025-02-28,2025-03-09,8.6
P00207-L005,P00207,casual,2025-04-16,2025-05-02,16.2
P00207-L006,P00207,compensatory,2025-06-25,2025-07-01,6.6
P00207-L007,P00207,casual,2025-08-07,2025-08-21,13.9
P00207-L008,P00207,compensatory,2025-09-14,2025-09-24,9.9
P00207-L009,P00207,earned,2025-11-07,2025-11-22,15.1
P00207-L010,P00207,casual,2025-12-15,2025-12-26,10.8
P00207-L011,P00207,earned,2026-02-19,2026-03-01,10.1
P00207-L012,P00207,casual,2026-04-01,2026-04-12,10.7
P00207-L013,P00207,compensatory,2026-06-05,2026-06-12,7.8
P00207-L014,P00207,medical,2026-07-22,2026-07-23,1.0
P00208-L001,P00208,casual,2024-09-09,2024-09-14,5.0
P00208-L002,P00208,earned,2024-10-08,2024-10-12,4.3
P00208-L003,P00208,earned,2024-11-02,2024-11-09,6.3
P00208-L004,P00208,medical,2024-12-06,2024-12-15,9.4
P00208-L005,P00208,casual,2025-01-01,2025-01-04,3.1
P00208-L006,P00208,medical,2025-02-10,2025-02-21,10.6
P00208-L007,P00208,earned,2025-03-05,2025-03-10,4.6
P00208-L008,P00208,earned,2025-04-03,2025-04-09,6.1
P00208-L009,P00208,earned,2025-05-02,2025-05-07,5.5
P00208-L010,P00208,medical,2025-06-13,2025-06-26,13.5
P00208-L011,P00208,earned,2025-07-02,2025-07-06,4.7
P00208-L012,P00208,earned,2025-08-09,2025-08-21,12.8
P00208-L013,P00208,earned,2025-09-18,2025-09-21,3.4
P00208-L014,P00208,casual,2025-10-10,2025-10-19,8.5
P00208-L015,P00208,casual,2025-11-03,2025-11-08,5.1
P00208-L016,P00208,earned,2025-12-10,2025-12-16,6.2
P00208-L017,P00208,casual,2026-01-04,2026-01-07,3.5
P00208-L018,P00208,earned,2026-02-04,2026-02-08,4.1
P00208-L019,P00208,earned,2026-03-08,2026-03-20,11.7
P00208-L020,P00208,casual,2026-04-03,2026-04-08,5.0
P00208-L021,P00208,medical,2026-05-05,2026-05-12,6.8
P00208-L022,P00208,casual,2026-06-02,2026-06-08,6.5
P00208-L023,P00208,medical,2026-07-03,2026-07-05,2.4
P00208-L024,P00208,earned,2026-08-04,2026-08-20,16.0
P00209-L001,P00209,medical,2024-09-01,2024-09-18,17.0
P00209-L002,P00209,earned,2024-10-29,2024-11-05,6.7
P00209-L003,P00209,casual,2024-12-16,2024-12-26,9.6
P00209-L004,P00209,earned,2025-01-28,2025-02-16,19.0
P00209-L005,P00209,earned,2025-03-22,2025-03-29,6.4
P00209-L006,P00209,earned,2025-04-25,2025-05-06,11.0
P00209-L007,P00209,earned,2025-06-02,2025-06-17,14.9
P00209-L008,P00209,earned,2025-07-24,2025-07-29,4.6
P00209-L009,P00209,earned,2025-09-25,2025-09-30,4.2
P00209-L010,P00209,earned,2025-10-25,2025-10-30,5.2
P00209-L011,P00209,casual,2025-12-18,2026-01-03,16.3
P00209-L012,P00209,earned,2026-01-21,2026-01-27,6.1
P00209-L013,P00209,medical,2026-03-08,2026-03-22,13.3
P00209-L014,P00209,earned,2026-04-23,2026-05-03,9.4
P00209-L015,P00209,compensatory,2026-06-27,2026-07-04,6.6
P00209-L016,P00209,medical,2026-07-28,2026-08-06,9.7
P00210-L001,P00210,medical,2024-09-06,2024-09-18,12.3
P00210-L002,P00210,casual,2024-10-12,2024-10-19,6.7
P00210-L003,P00210,earned,2024-12-06,2024-12-17,10.9
P00210-L004,P00210,earned,2024-12-31,2025-01-11,11.2
P00210-L005,P00210,earned,2025-02-13,2025-02-19,5.9
P00210-L006,P00210,medical,2025-04-02,2025-04-13,11.2
P00210-L007,P00210,earned,2025-05-15,2025-05-22,7.5
P00210-L008,P00210,compensatory,2025-06-24,2025-06-30,6.5
P00210-L009,P00210,compensatory,2025-07-24,2025-07-29,4.9
P00210-L010,P00210,earned,2025-09-06,2025-09-11,4.8
P00210-L011,P00210,earned,2025-10-23,2025-10-27,4.1
P00210-L012,P00210,medical,2025-12-05,2025-12-13,7.9
P00210-L013,P00210,medical,2026-01-11,2026-01-18,7.2
P00210-L014,P00210,earned,2026-02-20,2026-03-02,10.3
P00210-L015,P00210,medical,2026-03-27,2026-04-03,7.6
P00210-L016,P00210,earned,2026-05-18,2026-05-23,5.0
P00210-L017,P00210,casual,2026-06-13,2026-06-23,9.9
P00210-L018,P00210,earned,2026-08-01,2026-08-11,10.3
P00211-L001,P00211,medical,2024-10-07,2024-10-28,20.5
P00211-L002,P00211,medical,2024-11-24,2024-12-02,7.3
P00211-L003,P00211,casual,2025-03-31,2025-04-12,12.7
P00211-L004,P00211,earned,2025-06-08,2025-06-15,7.1
P00211-L005,P00211,casual,2025-07-24,2025-07-30,5.8
P00211-L006,P00211,medical,2025-10-21,2025-11-08,17.9
P00211-L007,P00211,compensatory,2026-01-02,2026-01-07,5.2
P00211-L008,P00211,medical,2026-04-29,2026-05-09,9.3
P00211-L009,P00211,earned,2026-06-24,2026-07-08,13.3
P00212-L001,P00212,casual,2024-09-02,2024-09-10,8.4
P00212-L002,P00212,casual,2024-10-20,2024-11-05,16.1
P00212-L003,P00212,earned,2024-12-23,2025-01-06,13.9
P00212-L004,P00212,compensatory,2025-01-16,2025-02-14,29.4
P00212-L005,P00212,earned,2025-03-19,2025-03-25,5.6
P00212-L006,P00212,casual,2025-04-30,2025-05-06,5.8
P00212-L007,P00212,compensatory,2025-06-09,2025-06-14,5.0
P00212-L008,P00212,casual,2025-07-18,2025-07-27,8.4
P00212-L009,P00212,earned,2025-09-02,2025-09-14,12.6
P00212-L010,P00212,compensatory,2025-11-05,2025-11-10,5.8
P00212-L011,P00212,earned,2025-12-19,2026-01-01,13.0
P00212-L012,P00212,casual,2026-01-31,2026-02-11,11.8
P00212-L013,P00212,casual,2026-03-09,2026-03-16,6.2
P00212-L014,P00212,earned,2026-04-19,2026-05-05,15.6
P00212-L015,P00212,casual,2026-06-07,2026-06-14,6.5
P00212-L016,P00212,casual,2026-07-30,2026-08-06,6.2
P00213-L001,P00213,earned,2024-09-11,2024-09-18,7.0
P00213-L002,P00213,earned,2024-10-20,2024-10-25,4.6
P00213-L003,P00213,earned,2024-12-26,2025-01-06,10.2
P00213-L004,P00213,casual,2025-02-05,2025-02-12,7.2
P00213-L005,P00213,casual,2025-03-15,2025-03-28,13.3
P00213-L006,P00213,earned,2025-05-16,2025-05-22,6.4
P00213-L007,P00213,casual,2025-06-22,2025-06-25,3.1
P00213-L008,P00213,earned,2025-08-14,2025-08-25,11.5
P00213-L009,P00213,compensatory,2025-10-17,2025-10-21,4.3
P00213-L010,P00213,earned,2025-11-13,2025-11-21,7.6
P00213-L011,P00213,casual,2026-01-05,2026-01-13,8.6
P00213-L012,P00213,earned,2026-02-20,2026-03-03,11.1
P00213-L013,P00213,casual,2026-04-23,2026-05-03,9.6
P00213-L014,P00213,earned,2026-06-02,2026-06-06,4.3
P00213-L015,P00213,casual,2026-08-03,2026-08-12,9.5
P00214-L001,P00214,casual,2024-09-06,2024-09-20,13.9
P00214-L002,P00214,earned,2024-10-22,2024-11-02,10.3
P00214-L003,P00214,casual,2024-12-24,2025-01-14,20.8
P00214-L004,P00214,earned,2025-02-10,2025-02-19,8.8
P00214-L005,P00214,earned,2025-04-01,2025-04-05,4.2
P00214-L006,P00214,medical,2025-05-20,2025-06-03,14.6
P00214-L007,P00214,earned,2025-07-22,2025-08-03,12.1
P00214-L008,P00214,medical,2025-08-07,2025-08-13,5.8
P00214-L009,P00214,earned,2025-10-10,2025-10-17,6.7
P00214-L010,P00214,compensatory,2025-11-21,2025-11-27,5.8
P00214-L011,P00214,earned,2026-01-01,2026-01-14,13.0
P00214-L012,P00214,earned,2026-03-13,2026-03-28,15.3
P00214-L013,P00214,casual,2026-04-12,2026-04-22,9.5
P00214-L014,P00214,casual,2026-06-03,2026-06-13,9.7
P00214-L015,P00214,casual,2026-08-14,2026-08-20,5.8
P00215-L001,P00215,casual,2024-10-06,2024-10-12,5.4
P00215-L002,P00215,casual,2024-11-14,2024-11-20,6.0
P00215-L003,P00215,medical,2025-01-17,2025-02-03,16.8
P00215-L004,P00215,medical,2025-04-02,2025-04-09,7.2
P00215-L005,P00215,earned,2025-06-11,2025-06-25,14.3
P00215-L006,P00215,earned,2025-08-06,2025-08-19,13.5
P00215-L007,P00215,earned,2025-10-19,2025-10-29,9.9
P00215-L008,P00215,earned,2025-12-21,2026-01-09,18.7
P00215-L009,P00215,medical,2026-03-22,2026-04-08,16.5
P00215-L010,P00215,medical,2026-05-01,2026-05-13,11.8
P00215-L011,P00215,compensatory,2026-07-13,2026-07-23,9.9
P00216-L001,P00216,earned,2024-09-10,2024-09-14,4.1
P00216-L002,P00216,earned,2024-10-15,2024-10-19,4.4
P00216-L003,P00216,medical,2024-11-01,2024-11-08,6.5
P00216-L004,P00216,casual,2024-12-16,2024-12-23,6.4
P00216-L005,P00216,earned,2024-12-30,2025-01-03,3.7
P00216-L006,P00216,compensatory,2025-01-25,2025-01-31,6.8
P00216-L007,P00216,casual,2025-03-08,2025-03-14,6.7
P00216-L008,P00216,casual,2025-03-26,2025-04-05,10.1
P00216-L009,P00216,earned,2025-04-22,2025-04-26,4.0
P00216-L010,P00216,earned,2025-05-22,2025-06-01,10.2
P00216-L011,P00216,medical,2025-06-20,2025-06-30,9.5
P00216-L012,P00216,casual,2025-07-20,2025-07-27,7.2
P00216-L013,P00216,earned,2025-08-19,2025-08-26,6.6
P00216-L014,P00216,casual,2025-09-19,2025-09-24,5.1
P00216-L015,P00216,medical,2025-10-15,2025-10-23,7.3
P00216-L016,P00216,casual,2025-11-17,2025-11-30,12.9
P00216-L017,P00216,casual,2025-12-25,2025-12-31,6.4
P00216-L018,P00216,earned,2026-01-23,2026-01-30,7.2
P00216-L019,P00216,medical,2026-02-10,2026-02-21,10.2
P00216-L020,P00216,medical,2026-03-21,2026-03-24,2.7
P00216-L021,P00216,earned,2026-04-23,2026-05-01,7.4
P00216-L022,P00216,earned,2026-05-07,2026-05-13,6.5
P00216-L023,P00216,casual,2026-06-07,2026-06-20,12.8
P00216-L024,P00216,earned,2026-07-05,2026-07-12,7.1
P00216-L025,P00216,casual,2026-08-10,2026-08-19,8.4
P00217-L001,P00217,medical,2024-09-03,2024-09-09,6.2
P00217-L002,P00217,compensatory,2024-10-27,2024-11-02,5.8
P00217-L003,P00217,earned,2024-11-20,2024-11-29,8.3
P00217-L004,P00217,compensatory,2025-01-07,2025-01-18,10.8
P00217-L005,P00217,earned,2025-02-13,2025-02-20,7.3
P00217-L006,P00217,earned,2025-03-26,2025-03-31,5.2
P00217-L007,P00217,earned,2025-04-21,2025-04-24,2.6
P00217-L008,P00217,casual,2025-05-28,2025-05-30,2.0
P00217-L009,P00217,casual,2025-07-31,2025-08-08,7.9
P00217-L010,P00217,casual,2025-08-16,2025-08-21,4.7
P00217-L011,P00217,earned,2025-10-05,2025-10-14,9.3
P00217-L012,P00217,earned,2025-11-11,2025-11-19,7.4
P00217-L013,P00217,earned,2025-12-11,2025-12-15,4.2
P00217-L014,P00217,earned,2026-01-30,2026-02-08,8.7
P00217-L015,P00217,earned,2026-02-27,2026-03-07,8.6
P00217-L016,P00217,earned,2026-04-17,2026-04-27,10.6
P00217-L017,P00217,earned,2026-05-25,2026-05-30,5.4
P00217-L018,P00217,earned,2026-06-29,2026-07-04,5.7
P00217-L019,P00217,earned,2026-07-27,2026-07-31,3.7
P00218-L001,P00218,earned,2024-09-03,2024-09-12,8.8
P00218-L002,P00218,compensatory,2024-11-05,2024-11-20,15.1
P00218-L003,P00218,medical,2024-12-28,2025-01-03,5.9
P00218-L004,P00218,casual,2025-02-26,2025-03-06,8.4
P00218-L005,P00218,earned,2025-04-23,2025-05-13,19.4
P00218-L006,P00218,earned,2025-06-23,2025-06-30,6.8
P00218-L007,P00218,earned,2025-08-15,2025-08-21,5.9
P00218-L008,P00218,earned,2025-10-26,2025-11-03,8.0
P00218-L009,P00218,compensatory,2025-11-27,2025-12-01,3.7
P00218-L010,P00218,earned,2026-01-28,2026-02-11,13.5
P00218-L011,P00218,casual,2026-04-18,2026-04-27,8.6
P00218-L012,P00218,casual,2026-05-31,2026-06-12,11.7
P00218-L013,P00218,earned,2026-07-11,2026-07-18,7.6
P00219-L001,P00219,casual,2024-09-07,2024-09-15,7.0
P00219-L002,P00219,earned,2024-10-14,2024-10-18,4.5
P00219-L003,P00219,earned,2024-11-30,2024-12-01,1.0
P00219-L004,P00219,casual,2025-01-17,2025-01-22,5.3
P00219-L005,P00219,earned,2025-02-18,2025-03-05,15.5
P00219-L006,P00219,casual,2025-03-26,2025-04-02,6.2
P00219-L007,P00219,earned,2025-05-23,2025-05-30,7.9
P00219-L008,P00219,casual,2025-06-19,2025-06-25,6.8
P00219-L009,P00219,earned,2025-07-30,2025-08-04,4.4
P00219-L010,P00219,earned,2025-09-01,2025-09-03,2.1
P00219-L011,P00219,earned,2025-10-18,2025-10-23,5.4
P00219-L012,P00219,medical,2025-12-02,2025-12-09,6.8
P00219-L013,P00219,earned,2026-01-07,2026-01-15,8.1
P00219-L014,P00219,earned,2026-03-03,2026-03-05,2.0
P00219-L015,P00219,casual,2026-03-28,2026-04-05,8.6
P00219-L016,P00219,earned,2026-05-18,2026-05-22,4.3
P00219-L017,P00219,earned,2026-06-16,2026-06-19,2.7
P00219-L018,P00219,casual,2026-07-30,2026-08-12,12.6
P00220-L001,P00220,casual,2024-09-20,2024-09-26,6.0
P00220-L002,P00220,earned,2024-11-01,2024-11-09,8.0
P00220-L003,P00220,compensatory,2025-02-15,2025-02-26,10.8
P00220-L004,P00220,casual,2025-03-28,2025-04-09,12.0
P00220-L005,P00220,medical,2025-06-01,2025-06-15,13.5
P00220-L006,P00220,earned,2025-07-10,2025-07-27,17.5
P00220-L007,P00220,earned,2025-09-22,2025-09-28,5.3
P00220-L008,P00220,compensatory,2025-12-17,2025-12-23,5.6
P00220-L009,P00220,casual,2026-01-12,2026-01-23,11.7
P00220-L010,P00220,earned,2026-04-11,2026-04-20,8.7
P00220-L011,P00220,earned,2026-05-28,2026-06-20,22.5
P00220-L012,P00220,earned,2026-07-22,2026-07-27,4.8
P00221-L001,P00221,casual,2024-09-01,2024-09-10,8.8
P00221-L002,P00221,earned,2024-10-26,2024-10-29,3.7
P00221-L003,P00221,casual,2024-11-27,2024-12-08,11.2
P00221-L004,P00221,casual,2025-01-09,2025-01-19,10.1
P00221-L005,P00221,earned,2025-03-04,2025-03-11,7.4
P00221-L006,P00221,earned,2025-04-05,2025-04-14,9.0
P00221-L007,P00221,casual,2025-06-04,2025-06-15,11.4
P00221-L008,P00221,earned,2025-06-29,2025-07-12,13.3
P00221-L009,P00221,earned,2025-09-03,2025-09-10,7.6
P00221-L010,P00221,casual,2025-09-23,2025-10-01,8.0
P00221-L011,P00221,earned,2025-11-05,2025-11-18,12.6
P00221-L012,P00221,earned,2026-01-07,2026-01-14,7.5
P00221-L013,P00221,earned,2026-02-14,2026-02-20,5.7
P00221-L014,P00221,earned,2026-03-22,2026-03-25,2.6
P00221-L015,P00221,earned,2026-05-08,2026-05-21,13.4
P00221-L016,P00221,casual,2026-07-07,2026-07-10,3.6
P00221-L017,P00221,casual,2026-08-10,2026-08-16,6.4
P00222-L001,P00222,earned,2024-09-17,2024-09-27,10.0
P00222-L002,P00222,casual,2024-12-06,2024-12-19,13.0
P00222-L003,P00222,earned,2025-03-02,2025-03-07,4.6
P00222-L004,P00222,earned,2025-03-19,2025-03-31,12.2
P00222-L005,P00222,earned,2025-06-09,2025-06-17,8.1
P00222-L006,P00222,earned,2025-09-12,2025-09-24,12.1
P00222-L007,P00222,casual,2025-10-09,2025-10-19,10.2
P00222-L008,P00222,earned,2025-12-12,2025-12-19,7.0
P00222-L009,P00222,earned,2026-03-20,2026-04-03,14.5
P00222-L010,P00222,casual,2026-05-14,2026-05-26,11.5
P00222-L011,P00222,casual,2026-06-27,2026-07-04,6.5
P00223-L001,P00223,earned,2024-09-17,2024-10-08,20.6
P00223-L002,P00223,medical,2024-10-24,2024-11-16,22.7
P00223-L003,P00223,earned,2024-12-16,2025-01-05,20.3
P00223-L004,P00223,earned,2025-02-18,2025-02-26,8.3
P00223-L005,P00223,compensatory,2025-04-15,2025-04-22,7.8
P00223-L006,P00223,casual,2025-06-05,2025-06-29,23.7
P00223-L007,P00223,earned,2025-07-11,2025-07-15,4.1
P00223-L008,P00223,casual,2025-09-02,2025-09-09,7.6
P00223-L009,P00223,casual,2025-11-02,2025-11-07,4.8
P00223-L010,P00223,casual,2026-01-01,2026-01-09,7.8
P00223-L011,P00223,earned,2026-03-01,2026-03-05,4.3
P00223-L012,P00223,earned,2026-04-28,2026-05-01,3.2
P00223-L013,P00223,medical,2026-05-26,2026-06-02,7.3
P00223-L014,P00223,earned,2026-07-13,2026-07-26,13.5
P00224-L001,P00224,earned,2024-09-13,2024-10-05,22.3
P00224-L002,P00224,casual,2024-10-30,2024-11-04,4.6
P00224-L003,P00224,earned,2024-12-16,2025-01-01,16.4
P00224-L004,P00224,casual,2025-01-27,2025-02-01,4.8
P00224-L005,P00224,casual,2025-03-24,2025-04-02,8.5
P00224-L006,P00224,earned,2025-05-16,2025-05-25,8.8
P00224-L007,P00224,casual,2025-06-24,2025-06-29,4.7
P00224-L008,P00224,casual,2025-08-16,2025-08-25,9.2
P00224-L009,P00224,casual,2025-10-05,2025-10-13,8.0
P00224-L010,P00224,medical,2025-11-19,2025-11-30,10.7
P00224-L011,P00224,compensatory,2026-01-20,2026-01-28,7.4
P00224-L012,P00224,earned,2026-03-18,2026-03-27,8.9
P00224-L013,P00224,medical,2026-04-11,2026-04-16,5.4
P00224-L014,P00224,casual,2026-05-26,2026-06-19,23.7
P00224-L015,P00224,earned,2026-07-16,2026-07-24,8.6
P00225-L001,P00225,compensatory,2024-09-16,2024-09-30,14.4
P00225-L002,P00225,casual,2024-11-27,2024-11-30,2.8
P00225-L003,P00225,earned,2025-02-03,2025-02-09,6.1
P00225-L004,P00225,earned,2025-04-08,2025-04-17,8.6
P00225-L005,P00225,casual,2025-07-01,2025-07-07,6.0
P00225-L006,P00225,earned,2025-09-10,2025-09-18,8.7
P00225-L007,P00225,earned,2025-12-15,2025-12-22,6.4
P00225-L008,P00225,casual,2026-01-30,2026-01-31,1.0
P00225-L009,P00225,earned,2026-04-15,2026-04-20,5.2
P00225-L010,P00225,casual,2026-06-22,2026-07-06,14.4
P00226-L001,P00226,medical,2024-09-09,2024-09-12,2.7
P00226-L002,P00226,casual,2024-10-12,2024-10-14,2.8
P00226-L003,P00226,compensatory,2024-12-02,2024-12-18,16.0
P00226-L004,P00226,medical,2025-01-05,2025-01-13,7.8
P00226-L005,P00226,earned,2025-02-16,2025-02-23,7.2
P00226-L006,P00226,earned,2025-03-25,2025-03-26,1.2
P00226-L007,P00226,casual,2025-05-12,2025-05-21,8.8
P00226-L008,P00226,casual,2025-06-15,2025-06-20,5.4
P00226-L009,P00226,earned,2025-08-02,2025-08-16,13.8
P00226-L010,P00226,earned,2025-09-02,2025-09-06,4.4
P00226-L011,P00226,earned,2025-10-15,2025-10-23,8.1
P00226-L012,P00226,medical,2025-11-20,2025-12-01,10.1
P00226-L013,P00226,earned,2026-01-04,2026-01-24,19.9
P00226-L014,P00226,medical,2026-02-16,2026-02-25,9.7
P00226-L015,P00226,earned,2026-03-23,2026-03-27,4.2
P00226-L016,P00226,earned,2026-05-02,2026-05-16,14.2
P00226-L017,P00226,earned,2026-06-14,2026-06-28,14.7
P00226-L018,P00226,earned,2026-08-08,2026-08-13,5.4
P00227-L001,P00227,medical,2024-10-02,2024-10-08,6.5
P00227-L002,P00227,earned,2024-11-24,2024-11-27,3.1
P00227-L003,P00227,earned,2024-12-28,2025-01-03,5.7
P00227-L004,P00227,earned,2025-02-24,2025-03-08,11.5
P00227-L005,P00227,casual,2025-03-31,2025-04-08,8.7
P00227-L006,P00227,earned,2025-06-12,2025-06-17,4.8
P00227-L007,P00227,medical,2025-07-14,2025-07-22,8.1
P00227-L008,P00227,earned,2025-09-06,2025-09-08,2.8
P00227-L009,P00227,earned,2025-10-22,2025-11-09,17.3
P00227-L010,P00227,medical,2026-01-06,2026-01-11,5.0
P00227-L011,P00227,earned,2026-02-22,2026-03-04,10.4
P00227-L012,P00227,earned,2026-04-18,2026-05-04,16.0
P00227-L013,P00227,casual,2026-06-22,2026-07-02,9.5
P00227-L014,P00227,casual,2026-07-18,2026-07-26,7.5
P00228-L001,P00228,earned,2024-09-19,2024-09-26,7.3
P00228-L002,P00228,casual,2024-10-23,2024-11-01,9.1
P00228-L003,P00228,earned,2024-12-29,2024-12-30,1.3
P00228-L004,P00228,medical,2025-02-15,2025-02-18,2.5
P00228-L005,P00228,casual,2025-04-11,2025-04-20,9.3
P00228-L006,P00228,earned,2025-06-09,2025-06-14,5.4
P00228-L007,P00228,earned,2025-07-14,2025-08-03,20.1
P00228-L008,P00228,casual,2025-09-02,2025-09-09,7.1
P00228-L009,P00228,compensatory,2025-11-17,2025-11-29,11.9
P00228-L010,P00228,earned,2025-12-16,2025-12-30,13.2
P00228-L011,P00228,earned,2026-03-04,2026-03-07,3.3
P00228-L012,P00228,medical,2026-04-25,2026-05-06,10.4
P00228-L013,P00228,earned,2026-06-22,2026-06-28,6.2
P00228-L014,P00228,earned,2026-07-29,2026-08-04,6.6
P00229-L001,P00229,earned,2024-09-06,2024-09-18,12.5
P00229-L002,P00229,casual,2024-10-17,2024-10-23,6.5
P00229-L003,P00229,earned,2024-11-04,2024-11-13,8.4
P00229-L004,P00229,casual,2024-12-12,2024-12-14,2.1
P00229-L005,P00229,casual,2025-01-09,2025-01-18,9.1
P00229-L006,P00229,earned,2025-02-17,2025-02-22,5.2
P00229-L007,P00229,earned,2025-03-28,2025-04-03,6.4
P00229-L008,P00229,earned,2025-04-16,2025-05-02,16.3
P00229-L009,P00229,casual,2025-05-26,2025-05-31,4.5
P00229-L010,P00229,earned,2025-06-13,2025-06-23,10.0
P00229-L011,P00229,earned,2025-07-22,2025-07-31,8.6
P00229-L012,P00229,earned,2025-09-02,2025-09-07,5.1
P00229-L013,P00229,earned,2025-10-03,2025-10-11,7.2
P00229-L014,P00229,casual,2025-10-26,2025-10-31,5.1
P00229-L015,P00229,earned,2025-12-01,2025-12-06,4.8
P00229-L016,P00229,casual,2025-12-25,2025-12-29,3.7
P00229-L017,P00229,earned,2026-01-24,2026-02-01,8.0
P00229-L018,P00229,medical,2026-02-26,2026-03-03,5.0
P00229-L019,P00229,casual,2026-04-10,2026-04-14,3.9
P00229-L020,P00229,medical,2026-05-16,2026-05-21,5.1
P00229-L021,P00229,medical,2026-05-29,2026-06-01,2.6
P00229-L022,P00229,earned,2026-07-12,2026-07-16,3.7
P00229-L023,P00229,casual,2026-08-03,2026-08-15,11.4
P00230-L001,P00230,casual,2024-09-16,2024-09-24,8.5
P00230-L002,P00230,casual,2024-10-21,2024-11-02,11.7
P00230-L003,P00230,casual,2024-11-16,2024-11-24,8.2
P00230-L004,P00230,medical,2024-12-29,2025-01-04,6.0
P00230-L005,P00230,casual,2025-02-12,2025-02-21,9.3
P00230-L006,P00230,compensatory,2025-03-15,2025-03-19,4.6
P00230-L007,P00230,casual,2025-04-19,2025-04-21,2.2
P00230-L008,P00230,earned,2025-06-04,2025-06-08,4.5
P00230-L009,P00230,earned,2025-07-16,2025-07-21,5.0
P00230-L010,P00230,casual,2025-08-13,2025-08-17,4.4
P00230-L011,P00230,medical,2025-09-22,2025-10-09,16.8
P00230-L012,P00230,earned,2025-11-14,2025-11-24,9.9
P00230-L013,P00230,earned,2025-12-09,2025-12-12,3.2
P00230-L014,P00230,casual,2026-01-13,2026-01-19,6.3
P00230-L015,P00230,earned,2026-02-23,2026-03-09,13.8
P00230-L016,P00230,compensatory,2026-04-10,2026-04-15,5.3
P00230-L017,P00230,casual,2026-05-17,2026-05-19,2.1
P00230-L018,P00230,casual,2026-07-10,2026-07-15,4.9
P00230-L019,P00230,earned,2026-07-31,2026-08-06,6.4
P00231-L001,P00231,earned,2024-09-07,2024-09-18,11.5
P00231-L002,P00231,earned,2024-10-11,2024-10-16,5.2
P00231-L003,P00231,casual,2024-12-16,2024-12-20,3.5
P00231-L004,P00231,earned,2025-01-03,2025-01-13,10.8
P00231-L005,P00231,earned,2025-02-22,2025-02-25,3.1
P00231-L006,P00231,earned,2025-03-24,2025-04-12,19.3
P00231-L007,P00231,casual,2025-05-11,2025-05-23,11.5
P00231-L008,P00231,earned,2025-06-18,2025-06-24,5.9
P00231-L009,P00231,casual,2025-07-30,2025-08-08,9.3
P00231-L010,P00231,casual,2025-09-08,2025-09-18,10.8
P00231-L011,P00231,medical,2025-10-16,2025-10-24,8.2
P00231-L012,P00231,casual,2025-11-24,2025-11-29,4.9
P00231-L013,P00231,earned,2026-01-12,2026-01-20,8.0
P00231-L014,P00231,medical,2026-02-15,2026-02-22,6.9
P00231-L015,P00231,earned,2026-04-03,2026-04-13,9.7
P00231-L016,P00231,earned,2026-05-03,2026-05-06,3.2
P00231-L017,P00231,earned,2026-06-23,2026-07-04,10.8
P00231-L018,P00231,medical,2026-07-26,2026-08-05,9.7
P00232-L001,P00232,compensatory,2024-09-01,2024-09-07,5.4
P00232-L002,P00232,casual,2024-10-05,2024-10-08,2.4
P00232-L003,P00232,casual,2024-11-10,2024-11-21,10.7
P00232-L004,P00232,earned,2024-12-06,2024-12-10,4.5
P00232-L005,P00232,casual,2025-01-14,2025-01-23,9.5
P00232-L006,P00232,earned,2025-02-07,2025-02-09,2.3
P00232-L007,P00232,earned,2025-03-13,2025-03-23,10.8
P00232-L008,P00232,casual,2025-04-16,2025-04-22,6.0
P00232-L009,P00232,earned,2025-05-13,2025-05-16,3.6
P00232-L010,P00232,earned,2025-06-15,2025-06-21,6.0
P00232-L011,P00232,casual,2025-07-15,2025-07-19,4.7
P00232-L012,P00232,casual,2025-08-24,2025-09-11,18.2
P00232-L013,P00232,casual,2025-09-24,2025-09-30,6.2
P00232-L014,P00232,earned,2025-10-18,2025-10-23,4.5
P00232-L015,P00232,earned,2025-11-21,2025-11-26,5.3
P00232-L016,P00232,earned,2025-12-21,2025-12-26,4.5
P00232-L017,P00232,earned,2026-02-01,2026-02-11,10.0
P00232-L018,P00232,earned,2026-03-04,2026-03-10,6.5
P00232-L019,P00232,earned,2026-03-31,2026-04-05,4.4
P00232-L020,P00232,compensatory,2026-05-04,2026-05-10,6.3
P00232-L021,P00232,earned,2026-05-29,2026-06-01,3.7
P00232-L022,P00232,casual,2026-07-12,2026-07-15,2.9
P00232-L023,P00232,casual,2026-08-12,2026-08-20,8.8
P00233-L001,P00233,earned,2024-09-09,2024-09-12,3.2
P00233-L002,P00233,casual,2024-10-29,2024-11-04,6.4
P00233-L003,P00233,casual,2024-11-26,2024-12-08,11.2
P00233-L004,P00233,casual,2025-01-17,2025-02-05,19.1
P00233-L005,P00233,casual,2025-03-03,2025-03-15,11.7
P00233-L006,P00233,casual,2025-04-02,2025-04-08,5.6
P00233-L007,P00233,earned,2025-05-29,2025-06-04,6.2
P00233-L008,P00233,earned,2025-06-26,2025-07-06,10.0
P00233-L009,P00233,earned,2025-07-26,2025-07-29,3.0
P00233-L010,P00233,medical,2025-09-07,2025-09-18,10.8
P00233-L011,P00233,earned,2025-11-05,2025-11-14,9.0
P00233-L012,P00233,earned,2025-11-20,2025-12-07,17.0
P00233-L013,P00233,medical,2026-01-09,2026-01-18,9.7
P00233-L014,P00233,earned,2026-02-23,2026-03-17,22.1
P00233-L015,P00233,earned,2026-04-08,2026-04-14,5.2
P00233-L016,P00233,medical,2026-05-07,2026-05-12,5.6
P00233-L017,P00233,medical,2026-07-02,2026-07-04,2.3
P00233-L018,P00233,earned,2026-08-09,2026-08-16,7.2
P00234-L001,P00234,casual,2024-09-29,2024-10-16,17.8
P00234-L002,P00234,casual,2024-11-06,2024-12-06,30.0
P00234-L003,P00234,casual,2025-01-17,2025-01-20,3.0
P00234-L004,P00234,medical,2025-03-17,2025-03-26,9.1
P00234-L005,P00234,casual,2025-06-03,2025-06-08,4.2
P00234-L006,P00234,casual,2025-07-04,2025-07-15,11.0
P00234-L007,P00234,earned,2025-09-01,2025-09-05,4.9
P00234-L008,P00234,compensatory,2025-12-06,2025-12-16,9.7
P00234-L009,P00234,earned,2026-01-29,2026-02-11,12.8
P00234-L010,P00234,earned,2026-03-21,2026-03-25,4.6
P00234-L011,P00234,casual,2026-05-03,2026-05-10,6.9
P00234-L012,P00234,casual,2026-07-23,2026-08-07,14.9
P00235-L001,P00235,medical,2024-09-02,2024-09-18,16.2
P00235-L002,P00235,casual,2024-10-31,2024-11-12,12.0
P00235-L003,P00235,earned,2025-01-13,2025-01-22,8.8
P00235-L004,P00235,compensatory,2025-01-25,2025-02-11,16.9
P00235-L005,P00235,earned,2025-04-11,2025-04-21,10.0
P00235-L006,P00235,earned,2025-05-07,2025-05-26,18.7
P00235-L007,P00235,casual,2025-06-29,2025-07-17,18.1
P00235-L008,P00235,casual,2025-08-14,2025-08-23,9.0
P00235-L009,P00235,earned,2025-10-12,2025-10-18,6.3
P00235-L010,P00235,medical,2025-11-26,2025-12-11,14.7
P00235-L011,P00235,casual,2026-01-01,2026-01-08,7.8
P00235-L012,P00235,earned,2026-03-09,2026-03-16,7.1
P00235-L013,P00235,earned,2026-04-17,2026-04-27,10.8
P00235-L014,P00235,earned,2026-06-13,2026-06-21,7.4
P00235-L015,P00235,earned,2026-08-10,2026-08-23,12.3
P00236-L001,P00236,earned,2024-09-07,2024-09-28,21.5
P00236-L002,P00236,earned,2024-10-28,2024-11-06,9.4
P00236-L003,P00236,compensatory,2025-01-09,2025-01-19,9.9
P00236-L004,P00236,casual,2025-01-27,2025-02-04,7.9
P00236-L005,P00236,casual,2025-04-02,2025-04-06,4.3
P00236-L006,P00236,casual,2025-05-09,2025-05-22,13.2
P00236-L007,P00236,medical,2025-07-03,2025-07-14,10.6
P00236-L008,P00236,earned,2025-08-07,2025-08-16,8.2
P00236-L009,P00236,medical,2025-10-25,2025-11-06,12.0
P00236-L010,P00236,earned,2025-12-14,2025-12-20,6.3
P00236-L011,P00236,earned,2026-02-02,2026-02-07,5.4
P00236-L012,P00236,casual,2026-02-27,2026-03-05,5.8
P00236-L013,P00236,earned,2026-04-28,2026-05-10,11.2
P00236-L014,P00236,earned,2026-06-16,2026-07-13,27.3
P00236-L015,P00236,earned,2026-08-12,2026-08-20,8.3
P00237-L001,P00237,casual,2024-09-01,2024-09-04,3.2
P00237-L002,P00237,casual,2024-11-30,2024-12-08,7.9
P00237-L003,P00237,earned,2025-01-13,2025-01-21,7.4
P00237-L004,P00237,casual,2025-04-01,2025-04-10,8.8
P00237-L005,P00237,compensatory,2025-05-29,2025-06-02,3.5
P00237-L006,P00237,earned,2025-09-01,2025-09-05,3.9
P00237-L007,P00237,earned,2025-11-18,2025-11-25,6.5
P00237-L008,P00237,casual,2026-01-01,2026-01-12,10.1
P00237-L009,P00237,compensatory,2026-03-03,2026-03-09,6.3
P00237-L010,P00237,earned,2026-04-29,2026-05-06,7.0
P00237-L011,P00237,earned,2026-07-04,2026-07-18,13.9
P00238-L001,P00238,casual,2024-09-06,2024-09-09,3.7
P00238-L002,P00238,earned,2024-11-06,2024-11-15,8.7
P00238-L003,P00238,earned,2024-12-06,2024-12-17,10.7
P00238-L004,P00238,casual,2025-01-24,2025-01-28,4.4
P00238-L005,P00238,casual,2025-03-27,2025-04-01,4.8
P00238-L006,P00238,medical,2025-04-17,2025-04-28,11.0
P00238-L007,P00238,earned,2025-06-05,2025-06-15,9.4
P00238-L008,P00238,compensatory,2025-08-11,2025-08-17,5.9
P00238-L009,P00238,casual,2025-09-09,2025-09-21,12.1
P00238-L010,P00238,casual,2025-10-24,2025-11-03,10.0
P00238-L011,P00238,casual,2025-12-09,2025-12-18,8.9
P00238-L012,P00238,medical,2026-02-09,2026-02-18,8.7
P00238-L013,P00238,compensatory,2026-03-07,2026-03-10,2.4
P00238-L014,P00238,earned,2026-05-03,2026-05-24,20.2
P00238-L015,P00238,medical,2026-06-17,2026-06-26,8.2
P00238-L016,P00238,compensatory,2026-07-27,2026-08-05,9.2
P00239-L001,P00239,casual,2024-09-08,2024-09-23,15.4
P00239-L002,P00239,earned,2024-10-28,2024-11-15,17.6
P00239-L003,P00239,earned,2025-01-10,2025-01-17,7.0
P00239-L004,P00239,medical,2025-03-03,2025-03-16,13.2
P00239-L005,P00239,medical,2025-05-10,2025-05-24,13.6
P00239-L006,P00239,earned,2025-06-19,2025-06-26,7.3
P00239-L007,P00239,earned,2025-08-14,2025-08-20,5.3
P00239-L008,P00239,earned,2025-10-13,2025-10-18,5.3
P00239-L009,P00239,earned,2025-12-20,2025-12-29,9.2
P00239-L010,P00239,earned,2026-01-24,2026-02-10,17.0
P00239-L011,P00239,earned,2026-03-20,2026-03-25,5.2
P00239-L012,P00239,medical,2026-05-29,2026-06-04,6.3
P00239-L013,P00239,casual,2026-07-07,2026-07-15,7.4
P00240-L001,P00240,medical,2024-09-05,2024-09-10,5.5
P00240-L002,P00240,earned,2024-10-06,2024-10-23,16.6
P00240-L003,P00240,earned,2024-11-15,2024-11-20,5.3
P00240-L004,P00240,earned,2024-12-18,2024-12-24,5.8
P00240-L005,P00240,earned,2025-01-20,2025-01-31,11.3
P00240-L006,P00240,earned,2025-02-24,2025-02-27,2.8
P00240-L007,P00240,casual,2025-04-01,2025-04-06,4.3
P00240-L008,P00240,casual,2025-05-02,2025-05-12,10.1
P00240-L009,P00240,casual,2025-06-20,2025-06-25,4.9
P00240-L010,P00240,casual,2025-07-13,2025-07-22,9.0
P00240-L011,P00240,medical,2025-08-15,2025-08-26,10.3
P00240-L012,P00240,earned,2025-09-29,2025-10-07,8.5
P00240-L013,P00240,casual,2025-10-27,2025-11-01,5.1
P00240-L014,P00240,medical,2025-12-01,2025-12-06,5.0
P00240-L015,P00240,earned,2026-01-12,2026-01-24,12.0
P00240-L016,P00240,casual,2026-02-06,2026-02-21,15.4
P00240-L017,P00240,earned,2026-03-11,2026-03-18,7.7
P00240-L018,P00240,casual,2026-04-14,2026-04-20,5.5
P00240-L019,P00240,earned,2026-06-06,2026-06-08,2.2
P00240-L020,P00240,medical,2026-07-02,2026-07-10,7.7
P00240-L021,P00240,casual,2026-08-10,2026-08-20,10.3
P00241-L001,P00241,casual,2024-09-08,2024-09-21,13.2
P00241-L002,P00241,earned,2024-09-30,2024-10-10,10.3
P00241-L003,P00241,earned,2024-10-31,2024-11-08,7.8
P00241-L004,P00241,medical,2024-12-01,2024-12-08,7.5
P00241-L005,P00241,casual,2024-12-26,2025-01-02,7.3
P00241-L006,P00241,earned,2025-01-27,2025-02-04,7.2
P00241-L007,P00241,medical,2025-02-19,2025-02-23,4.1
P00241-L008,P00241,earned,2025-03-24,2025-03-26,2.0
P00241-L009,P00241,casual,2025-04-24,2025-05-03,8.5
P00241-L010,P00241,earned,2025-05-25,2025-05-31,5.5
P00241-L011,P00241,casual,2025-06-18,2025-06-20,2.4
P00241-L012,P00241,earned,2025-07-12,2025-07-17,5.2
P00241-L013,P00241,casual,2025-08-15,2025-08-19,4.0
P00241-L014,P00241,earned,2025-09-04,2025-09-11,6.4
P00241-L015,P00241,earned,2025-09-29,2025-10-12,13.0
P00241-L016,P00241,casual,2025-10-30,2025-11-11,11.6
P00241-L017,P00241,earned,2025-12-01,2025-12-18,17.5
P00241-L018,P00241,earned,2025-12-31,2026-01-04,3.4
P00241-L019,P00241,casual,2026-02-01,2026-02-07,6.0
P00241-L020,P00241,earned,2026-02-22,2026-03-02,8.8
P00241-L021,P00241,earned,2026-03-29,2026-04-02,4.3
P00241-L022,P00241,earned,2026-04-17,2026-04-20,3.2
P00241-L023,P00241,earned,2026-05-24,2026-05-29,5.0
P00241-L024,P00241,medical,2026-06-24,2026-06-29,4.7
P00241-L025,P00241,earned,2026-07-20,2026-07-27,6.2
P00241-L026,P00241,earned,2026-08-23,2026-08-29,6.0
P00242-L001,P00242,earned,2024-09-01,2024-09-16,15.5
P00242-L002,P00242,casual,2024-10-31,2024-11-03,2.9
P00242-L003,P00242,earned,2024-11-15,2024-11-21,6.2
P00242-L004,P00242,casual,2024-12-14,2024-12-22,7.6
P00242-L005,P00242,earned,2025-01-26,2025-02-05,9.8
P00242-L006,P00242,medical,2025-02-25,2025-03-07,9.4
P00242-L007,P00242,casual,2025-03-28,2025-04-01,3.4
P00242-L008,P00242,compensatory,2025-05-13,2025-05-22,8.9
P00242-L009,P00242,earned,2025-06-27,2025-07-01,4.1
P00242-L010,P00242,casual,2025-07-17,2025-07-25,7.3
P00242-L011,P00242,medical,2025-09-03,2025-09-09,6.2
P00242-L012,P00242,earned,2025-10-04,2025-10-09,5.5
P00242-L013,P00242,earned,2025-10-23,2025-11-02,10.0
P00242-L014,P00242,casual,2025-12-03,2025-12-12,8.0
P00242-L015,P00242,earned,2026-01-20,2026-01-27,6.9
P00242-L016,P00242,earned,2026-02-05,2026-02-11,6.6
P00242-L017,P00242,casual,2026-03-14,2026-03-26,12.6
P00242-L018,P00242,casual,2026-04-23,2026-04-27,4.2
P00242-L019,P00242,earned,2026-05-23,2026-06-03,11.2
P00242-L020,P00242,earned,2026-06-29,2026-07-03,4.5
P00242-L021,P00242,medical,2026-08-03,2026-08-08,4.6
P00243-L001,P00243,casual,2024-09-09,2024-10-03,23.7
P00243-L002,P00243,earned,2024-10-25,2024-10-29,3.9
P00243-L003,P00243,casual,2024-12-31,2025-01-11,11.5
P00243-L004,P00243,compensatory,2025-02-05,2025-02-21,15.8
P00243-L005,P00243,casual,2025-03-30,2025-04-11,12.2
P00243-L006,P00243,earned,2025-05-21,2025-05-30,8.5
P00243-L007,P00243,medical,2025-07-10,2025-07-28,17.9
P00243-L008,P00243,casual,2025-09-18,2025-09-29,10.7
P00243-L009,P00243,medical,2025-11-01,2025-11-12,11.5
P00243-L010,P00243,casual,2025-12-21,2025-12-25,3.6
P00243-L011,P00243,medical,2026-02-20,2026-03-01,9.0
P00243-L012,P00243,compensatory,2026-04-21,2026-04-26,5.3
P00243-L013,P00243,medical,2026-06-11,2026-06-19,8.2
P00243-L014,P00243,earned,2026-07-21,2026-07-28,6.6
P00244-L001,P00244,earned,2024-08-31,2024-09-06,6.0
P00244-L002,P00244,earned,2024-10-04,2024-10-11,6.9
P00244-L003,P00244,casual,2024-11-04,2024-11-12,7.7
P00244-L004,P00244,casual,2024-12-11,2024-12-16,4.5
P00244-L005,P00244,earned,2025-01-09,2025-01-18,9.2
P00244-L006,P00244,medical,2025-02-10,2025-02-25,15.0
P00244-L007,P00244,compensatory,2025-03-11,2025-03-15,3.5
P00244-L008,P00244,earned,2025-04-27,2025-05-08,10.7
P00244-L009,P00244,compensatory,2025-05-18,2025-05-24,6.3
P00244-L010,P00244,earned,2025-06-17,2025-06-21,4.1
P00244-L011,P00244,medical,2025-07-16,2025-07-24,7.6
P00244-L012,P00244,casual,2025-08-26,2025-09-07,12.1
P00244-L013,P00244,earned,2025-09-28,2025-10-05,7.0
P00244-L014,P00244,earned,2025-11-02,2025-11-08,6.3
P00244-L015,P00244,casual,2025-11-23,2025-12-02,9.1
P00244-L016,P00244,earned,2025-12-23,2026-01-02,10.7
P00244-L017,P00244,earned,2026-01-24,2026-01-27,3.0
P00244-L018,P00244,casual,2026-02-27,2026-03-09,9.9
P00244-L019,P00244,earned,2026-04-08,2026-04-14,6.3
P00244-L020,P00244,casual,2026-05-03,2026-05-09,6.5
P00244-L021,P00244,earned,2026-06-08,2026-06-13,5.5
P00244-L022,P00244,compensatory,2026-06-30,2026-07-03,3.2
P00244-L023,P00244,earned,2026-08-13,2026-08-18,4.6
P00245-L001,P00245,earned,2024-09-06,2024-09-14,7.6
P00245-L002,P00245,earned,2024-10-10,2024-10-16,5.9
P00245-L003,P00245,medical,2024-11-10,2024-11-16,6.1
P00245-L004,P00245,earned,2024-12-24,2024-12-27,2.7
P00245-L005,P00245,casual,2025-01-23,2025-02-06,14.1
P00245-L006,P00245,earned,2025-03-02,2025-03-23,20.2
P00245-L007,P00245,medical,2025-03-30,2025-04-17,18.2
P00245-L008,P00245,earned,2025-05-14,2025-05-23,9.7
P00245-L009,P00245,earned,2025-06-06,2025-06-10,3.3
P00245-L010,P00245,casual,2025-07-14,2025-07-28,14.8
P00245-L011,P00245,casual,2025-08-29,2025-09-09,11.0
P00245-L012,P00245,casual,2025-10-02,2025-10-05,3.7
P00245-L013,P00245,earned,2025-10-27,2025-11-01,5.0
P00245-L014,P00245,casual,2025-11-29,2025-12-08,8.8
P00245-L015,P00245,casual,2026-01-01,2026-01-10,8.9
P00245-L016,P00245,earned,2026-02-11,2026-02-20,8.8
P00245-L017,P00245,casual,2026-03-12,2026-03-17,5.1
P00245-L018,P00245,compensatory,2026-05-01,2026-05-07,6.2
P00245-L019,P00245,casual,2026-05-26,2026-05-28,2.1
P00245-L020,P00245,earned,2026-06-26,2026-07-01,5.5
P00245-L021,P00245,casual,2026-08-20,2026-08-26,6.1
P00246-L001,P00246,earned,2024-09-03,2024-09-16,13.3
P00246-L002,P00246,earned,2024-10-22,2024-11-06,14.2
P00246-L003,P00246,casual,2024-12-04,2024-12-17,13.4
P00246-L004,P00246,casual,2025-02-06,2025-02-09,3.6
P00246-L005,P00246,earned,2025-03-10,2025-03-19,8.0
P00246-L006,P00246,earned,2025-04-17,2025-05-04,17.9
P00246-L007,P00246,casual,2025-06-23,2025-06-30,7.3
P00246-L008,P00246,earned,2025-07-20,2025-07-31,10.5
P00246-L009,P00246,earned,2025-09-16,2025-10-06,19.7
P00246-L010,P00246,earned,2025-10-19,2025-10-22,3.0
P00246-L011,P00246,medical,2025-12-10,2025-12-16,5.8
P00246-L012,P00246,earned,2026-02-18,2026-02-22,3.9
P00246-L013,P00246,medical,2026-03-03,2026-03-13,10.4
P00246-L014,P00246,earned,2026-04-21,2026-05-16,25.2
P00246-L015,P00246,compensatory,2026-06-01,2026-06-08,7.1
P00246-L016,P00246,casual,2026-07-18,2026-07-27,8.5
P00247-L001,P00247,earned,2024-08-31,2024-09-16,15.9
P00247-L002,P00247,earned,2024-10-26,2024-11-03,8.5
P00247-L003,P00247,earned,2024-11-25,2024-12-06,11.2
P00247-L004,P00247,earned,2025-01-02,2025-01-14,11.7
P00247-L005,P00247,earned,2025-02-17,2025-02-20,2.4
P00247-L006,P00247,casual,2025-03-10,2025-03-20,10.0
P00247-L007,P00247,earned,2025-04-20,2025-05-01,11.7
P00247-L008,P00247,earned,2025-05-19,2025-05-25,6.2
P00247-L009,P00247,earned,2025-07-02,2025-07-07,4.3
P00247-L010,P00247,medical,2025-08-16,2025-08-25,9.2
P00247-L011,P00247,casual,2025-09-05,2025-09-17,12.2
P00247-L012,P00247,medical,2025-10-14,2025-10-25,11.7
P00247-L013,P00247,earned,2025-11-19,2025-11-24,5.4
P00247-L014,P00247,earned,2026-01-04,2026-01-21,16.5
P00247-L015,P00247,earned,2026-01-28,2026-02-07,10.0
P00247-L016,P00247,medical,2026-03-16,2026-03-26,10.0
P00247-L017,P00247,earned,2026-04-22,2026-04-27,4.5
P00247-L018,P00247,earned,2026-05-24,2026-05-29,5.7
P00247-L019,P00247,earned,2026-07-05,2026-07-15,10.2
P00247-L020,P00247,earned,2026-08-08,2026-08-12,4.2
P00248-L001,P00248,earned,2024-09-02,2024-09-10,8.8
P00248-L002,P00248,earned,2024-10-09,2024-10-19,9.9
P00248-L003,P00248,earned,2024-11-22,2024-12-06,13.9
P00248-L004,P00248,earned,2024-12-21,2025-01-01,11.8
P00248-L005,P00248,medical,2025-02-05,2025-02-12,7.1
P00248-L006,P00248,casual,2025-03-05,2025-03-13,8.2
P00248-L007,P00248,earned,2025-04-06,2025-04-17,10.3
P00248-L008,P00248,earned,2025-05-27,2025-05-30,2.9
P00248-L009,P00248,earned,2025-06-08,2025-06-12,4.0
P00248-L010,P00248,earned,2025-07-23,2025-07-29,6.7
P00248-L011,P00248,earned,2025-08-18,2025-08-25,6.4
P00248-L012,P00248,earned,2025-09-27,2025-10-10,12.2
P00248-L013,P00248,casual,2025-11-01,2025-11-09,8.0
P00248-L014,P00248,casual,2025-11-30,2025-12-08,8.0
P00248-L015,P00248,earned,2026-01-03,2026-01-07,3.9
P00248-L016,P00248,casual,2026-02-06,2026-02-14,7.7
P00248-L017,P00248,casual,2026-03-12,2026-03-21,9.1
P00248-L018,P00248,medical,2026-04-16,2026-04-19,3.1
P00248-L019,P00248,earned,2026-05-20,2026-05-28,8.2
P00248-L020,P00248,medical,2026-06-25,2026-07-04,8.9
P00248-L021,P00248,casual,2026-08-08,2026-08-10,1.9
P00249-L001,P00249,casual,2024-09-04,2024-09-08,4.2
P00249-L002,P00249,earned,2024-10-14,2024-10-15,1.7
P00249-L003,P00249,earned,2024-11-17,2024-11-30,12.7
P00249-L004,P00249,earned,2024-12-14,2024-12-17,3.2
P00249-L005,P00249,earned,2025-01-08,2025-01-13,5.3
P00249-L006,P00249,earned,2025-02-13,2025-02-24,11.2
P00249-L007,P00249,casual,2025-03-26,2025-04-06,10.8
P00249-L008,P00249,casual,2025-04-20,2025-04-24,3.7
P00249-L009,P00249,earned,2025-05-19,2025-05-30,11.5
P00249-L010,P00249,earned,2025-06-26,2025-06-29,2.8
P00249-L011,P00249,casual,2025-07-19,2025-07-25,6.6
P00249-L012,P00249,earned,2025-08-25,2025-08-31,5.8
P00249-L013,P00249,earned,2025-09-22,2025-09-25,2.8
P00249-L014,P00249,compensatory,2025-11-03,2025-11-07,3.8
P00249-L015,P00249,earned,2025-11-20,2025-11-26,5.8
P00249-L016,P00249,earned,2025-12-22,2025-12-28,6.0
P00249-L017,P00249,earned,2026-01-31,2026-02-04,4.3
P00249-L018,P00249,earned,2026-02-24,2026-03-06,10.2
P00249-L019,P00249,earned,2026-04-01,2026-04-14,13.6
P00249-L020,P00249,casual,2026-04-30,2026-05-08,8.6
P00249-L021,P00249,earned,2026-06-03,2026-06-11,7.7
P00249-L022,P00249,earned,2026-07-10,2026-07-20,10.0
P00249-L023,P00249,earned,2026-08-05,2026-08-11,6.4
P00250-L001,P00250,casual,2024-09-02,2024-09-09,6.6
P00250-L002,P00250,earned,2024-11-24,2024-12-03,9.1
P00250-L003,P00250,casual,2025-02-19,2025-03-18,27.4
P00250-L004,P00250,casual,2025-04-12,2025-04-21,9.4
P00250-L005,P00250,casual,2025-06-22,2025-07-04,12.1
P00250-L006,P00250,earned,2025-10-03,2025-10-29,26.3
P00250-L007,P00250,medical,2025-12-06,2025-12-27,21.7
P00250-L008,P00250,casual,2026-02-04,2026-02-11,7.3
P00250-L009,P00250,compensatory,2026-04-15,2026-05-01,16.0
P00250-L010,P00250,casual,2026-07-27,2026-08-10,14.4
P00251-L001,P00251,casual,2024-09-14,2024-09-23,9.1
P00251-L002,P00251,earned,2024-10-05,2024-10-29,23.9
P00251-L003,P00251,earned,2024-11-11,2024-11-17,6.8
P00251-L004,P00251,casual,2024-12-11,2024-12-20,9.0
P00251-L005,P00251,compensatory,2025-02-04,2025-02-05,1.8
P00251-L006,P00251,casual,2025-02-22,2025-02-27,5.1
P00251-L007,P00251,casual,2025-04-01,2025-04-10,8.6
P00251-L008,P00251,earned,2025-04-24,2025-05-07,12.8
P00251-L009,P00251,casual,2025-06-04,2025-06-14,9.3
P00251-L010,P00251,casual,2025-07-01,2025-07-11,10.4
P00251-L011,P00251,medical,2025-07-29,2025-08-06,7.6
P00251-L012,P00251,medical,2025-09-18,2025-09-24,6.5
P00251-L013,P00251,compensatory,2025-10-05,2025-10-09,4.5
P00251-L014,P00251,casual,2025-11-22,2025-12-08,15.9
P00251-L015,P00251,earned,2025-12-17,2025-12-23,5.5
P00251-L016,P00251,earned,2026-01-15,2026-01-26,10.6
P00251-L017,P00251,medical,2026-02-24,2026-03-04,7.8
P00251-L018,P00251,earned,2026-03-19,2026-03-28,9.1
P00251-L019,P00251,earned,2026-04-29,2026-05-03,4.7
P00251-L020,P00251,earned,2026-06-01,2026-06-14,13.0
P00251-L021,P00251,casual,2026-07-10,2026-07-13,2.8
P00251-L022,P00251,compensatory,2026-07-31,2026-08-09,9.2
P00252-L001,P00252,casual,2024-09-12,2024-09-20,7.3
P00252-L002,P00252,earned,2024-10-31,2024-11-05,5.8
P00252-L003,P00252,earned,2024-12-09,2024-12-15,6.6
P00252-L004,P00252,earned,2025-01-14,2025-01-22,7.5
P00252-L005,P00252,casual,2025-03-02,2025-03-17,15.0
P00252-L006,P00252,earned,2025-04-13,2025-05-02,18.5
P00252-L007,P00252,earned,2025-05-22,2025-06-01,10.4
P00252-L008,P00252,compensatory,2025-07-07,2025-07-15,7.7
P00252-L009,P00252,casual,2025-08-14,2025-08-27,12.8
P00252-L010,P00252,earned,2025-09-22,2025-10-01,8.7
P00252-L011,P00252,earned,2025-11-18,2025-11-28,10.4
P00252-L012,P00252,earned,2025-12-21,2025-12-25,4.2
P00252-L013,P00252,earned,2026-02-03,2026-02-20,16.2
P00252-L014,P00252,earned,2026-03-15,2026-03-24,9.4
P00252-L015,P00252,earned,2026-05-17,2026-05-22,4.6
P00252-L016,P00252,earned,2026-06-13,2026-06-20,6.8
P00252-L017,P00252,medical,2026-08-01,2026-08-15,14.2
P00253-L001,P00253,medical,2024-09-09,2024-09-25,15.9
P00253-L002,P00253,earned,2024-11-03,2024-11-11,7.4
P00253-L003,P00253,earned,2024-12-07,2024-12-26,18.7
P00253-L004,P00253,casual,2025-01-31,2025-02-18,17.6
P00253-L005,P00253,casual,2025-03-16,2025-03-27,11.1
P00253-L006,P00253,casual,2025-05-09,2025-05-20,10.6
P00253-L007,P00253,earned,2025-07-01,2025-07-07,5.9
P00253-L008,P00253,casual,2025-08-18,2025-09-02,14.9
P00253-L009,P00253,medical,2025-10-03,2025-10-12,9.1
P00253-L010,P00253,earned,2025-11-21,2025-11-29,7.7
P00253-L011,P00253,earned,2026-01-17,2026-02-01,15.4
P00253-L012,P00253,earned,2026-02-24,2026-02-28,4.7
P00253-L013,P00253,casual,2026-04-16,2026-04-25,8.7
P00253-L014,P00253,earned,2026-06-03,2026-06-13,9.3
P00253-L015,P00253,earned,2026-07-25,2026-08-08,14.1
P00254-L001,P00254,earned,2024-09-09,2024-09-12,2.8
P00254-L002,P00254,earned,2024-10-25,2024-10-31,6.0
P00254-L003,P00254,compensatory,2024-12-18,2024-12-27,9.3
P00254-L004,P00254,casual,2025-01-26,2025-02-01,6.5
P00254-L005,P00254,earned,2025-04-04,2025-04-17,12.9
P00254-L006,P00254,earned,2025-05-27,2025-06-04,8.2
P00254-L007,P00254,earned,2025-06-22,2025-06-29,6.3
P00254-L008,P00254,earned,2025-08-16,2025-08-26,9.7
P00254-L009,P00254,medical,2025-09-27,2025-10-07,9.1
P00254-L010,P00254,earned,2025-11-14,2025-11-23,8.8
P00254-L011,P00254,earned,2026-01-08,2026-01-16,7.1
P00254-L012,P00254,casual,2026-02-24,2026-03-06,9.6
P00254-L013,P00254,earned,2026-04-24,2026-05-09,14.9
P00254-L014,P00254,earned,2026-06-03,2026-06-10,6.8
P00254-L015,P00254,medical,2026-08-16,2026-08-22,5.5
P00255-L001,P00255,casual,2024-09-03,2024-09-16,12.4
P00255-L002,P00255,casual,2024-10-18,2024-10-30,12.3
P00255-L003,P00255,earned,2024-11-22,2024-11-30,7.8
P00255-L004,P00255,earned,2025-01-06,2025-01-13,6.3
P00255-L005,P00255,earned,2025-02-08,2025-02-15,7.1
P00255-L006,P00255,earned,2025-03-13,2025-03-20,7.5
P00255-L007,P00255,casual,2025-05-03,2025-05-09,6.2
P00255-L008,P00255,medical,2025-06-10,2025-06-24,13.6
P00255-L009,P00255,compensatory,2025-07-17,2025-07-20,3.4
P00255-L010,P00255,casual,2025-08-25,2025-09-09,14.6
P00255-L011,P00255,earned,2025-09-23,2025-09-29,6.4
P00255-L012,P00255,casual,2025-11-02,2025-11-07,5.6
P00255-L013,P00255,medical,2025-12-07,2025-12-18,10.8
P00255-L014,P00255,earned,2026-01-18,2026-02-04,16.7
P00255-L015,P00255,earned,2026-02-26,2026-03-08,10.8
P00255-L016,P00255,casual,2026-04-16,2026-05-02,16.2
P00255-L017,P00255,earned,2026-05-15,2026-05-18,3.3
P00255-L018,P00255,earned,2026-06-28,2026-07-02,3.3
P00255-L019,P00255,medical,2026-07-26,2026-07-28,2.7
P00256-L001,P00256,earned,2024-09-11,2024-09-16,4.9
P00256-L002,P00256,casual,2024-10-14,2024-10-23,8.2
P00256-L003,P00256,casual,2024-12-14,2024-12-22,7.7
P00256-L004,P00256,earned,2025-01-05,2025-01-14,9.5
P00256-L005,P00256,medical,2025-02-10,2025-02-13,3.5
P00256-L006,P00256,casual,2025-03-26,2025-04-02,7.3
P00256-L007,P00256,casual,2025-05-06,2025-05-11,5.0
P00256-L008,P00256,compensatory,2025-06-26,2025-07-13,17.0
P00256-L009,P00256,compensatory,2025-07-23,2025-08-03,11.3
P00256-L010,P00256,earned,2025-09-17,2025-09-21,4.5
P00256-L011,P00256,earned,2025-10-19,2025-11-06,17.6
P00256-L012,P00256,medical,2025-12-02,2025-12-17,15.9
P00256-L013,P00256,earned,2026-01-09,2026-01-18,8.3
P00256-L014,P00256,earned,2026-03-08,2026-03-18,9.3
P00256-L015,P00256,casual,2026-03-30,2026-04-01,2.7
P00256-L016,P00256,earned,2026-05-05,2026-05-10,4.9
P00256-L017,P00256,medical,2026-06-12,2026-06-16,4.1
P00256-L018,P00256,earned,2026-07-30,2026-08-23,24.1
P00257-L001,P00257,earned,2024-09-07,2024-09-17,10.3
P00257-L002,P00257,earned,2024-10-13,2024-10-18,4.3
P00257-L003,P00257,earned,2024-12-09,2024-12-11,2.3
P00257-L004,P00257,casual,2025-01-13,2025-01-16,3.8
P00257-L005,P00257,casual,2025-02-01,2025-02-07,6.0
P00257-L006,P00257,earned,2025-03-29,2025-04-03,5.2
P00257-L007,P00257,compensatory,2025-04-22,2025-05-01,9.5
P00257-L008,P00257,earned,2025-05-28,2025-06-02,5.8
P00257-L009,P00257,earned,2025-07-19,2025-07-24,4.8
P00257-L010,P00257,casual,2025-08-19,2025-09-01,13.6
P00257-L011,P00257,casual,2025-09-26,2025-10-07,11.2
P00257-L012,P00257,casual,2025-10-29,2025-11-04,6.1
P00257-L013,P00257,medical,2025-12-16,2025-12-25,8.6
P00257-L014,P00257,earned,2026-01-14,2026-01-19,5.5
P00257-L015,P00257,earned,2026-03-11,2026-03-25,13.9
P00257-L016,P00257,medical,2026-04-11,2026-04-16,5.2
P00257-L017,P00257,medical,2026-05-26,2026-06-07,12.0
P00257-L018,P00257,casual,2026-07-10,2026-07-21,10.7
P00257-L019,P00257,earned,2026-08-10,2026-08-22,12.3
P00258-L001,P00258,earned,2024-09-06,2024-09-12,6.1
P00258-L002,P00258,earned,2024-11-18,2024-11-30,11.1
P00258-L003,P00258,medical,2024-12-22,2025-01-12,20.7
P00258-L004,P00258,earned,2025-02-15,2025-02-18,3.0
P00258-L005,P00258,earned,2025-04-20,2025-04-25,5.5
P00258-L006,P00258,earned,2025-05-29,2025-06-12,14.1
P00258-L007,P00258,earned,2025-08-12,2025-08-18,5.9
P00258-L008,P00258,casual,2025-09-12,2025-09-24,11.9
P00258-L009,P00258,earned,2025-10-23,2025-11-07,15.3
P00258-L010,P00258,earned,2026-01-13,2026-01-26,13.1
P00258-L011,P00258,earned,2026-02-07,2026-02-24,16.4
P00258-L012,P00258,earned,2026-04-28,2026-05-08,10.2
P00258-L013,P00258,earned,2026-06-17,2026-06-21,4.5
P00258-L014,P00258,casual,2026-07-21,2026-07-29,7.5
P00259-L001,P00259,casual,2024-09-21,2024-09-25,4.6
P00259-L002,P00259,medical,2024-10-05,2024-10-11,5.3
P00259-L003,P00259,earned,2024-11-15,2024-11-18,2.6
P00259-L004,P00259,earned,2024-12-25,2024-12-31,6.6
P00259-L005,P00259,medical,2025-01-22,2025-02-02,11.3
P00259-L006,P00259,casual,2025-02-22,2025-03-07,12.9
P00259-L007,P00259,earned,2025-04-09,2025-04-15,6.3
P00259-L008,P00259,casual,2025-05-08,2025-05-18,9.8
P00259-L009,P00259,medical,2025-06-15,2025-07-03,18.0
P00259-L010,P00259,earned,2025-07-21,2025-07-28,7.5
P00259-L011,P00259,earned,2025-08-17,2025-08-22,4.9
P00259-L012,P00259,casual,2025-09-29,2025-10-06,7.2
P00259-L013,P00259,earned,2025-10-30,2025-11-18,18.6
P00259-L014,P00259,earned,2025-12-02,2025-12-07,4.3
P00259-L015,P00259,earned,2026-01-14,2026-01-21,6.9
P00259-L016,P00259,casual,2026-02-15,2026-02-17,1.7
P00259-L017,P00259,casual,2026-03-15,2026-03-24,9.7
P00259-L018,P00259,casual,2026-04-29,2026-05-13,14.1
P00259-L019,P00259,casual,2026-06-06,2026-06-10,4.1
P00259-L020,P00259,medical,2026-07-05,2026-07-13,7.8
P00259-L021,P00259,earned,2026-08-04,2026-08-07,3.7
P00260-L001,P00260,earned,2024-09-22,2024-09-28,6.2
P00260-L002,P00260,earned,2024-11-20,2024-12-03,13.2
P00260-L003,P00260,earned,2025-02-07,2025-02-16,9.3
P00260-L004,P00260,earned,2025-04-24,2025-05-01,6.6
P00260-L005,P00260,compensatory,2025-06-29,2025-07-05,6.6
P00260-L006,P00260,medical,2025-10-26,2025-11-03,8.1
P00260-L007,P00260,earned,2025-12-19,2026-01-08,20.3
P00260-L008,P00260,earned,2026-02-04,2026-02-11,7.0
P00260-L009,P00260,earned,2026-04-19,2026-05-06,17.7
P00260-L010,P00260,earned,2026-06-28,2026-07-15,17.1
P00261-L001,P00261,earned,2024-09-29,2024-10-14,14.3
P00261-L002,P00261,medical,2024-10-29,2024-11-02,4.0
P00261-L003,P00261,casual,2024-12-26,2025-01-02,7.3
P00261-L004,P00261,earned,2025-03-02,2025-03-13,10.7
P00261-L005,P00261,earned,2025-04-16,2025-04-22,6.1
P00261-L006,P00261,earned,2025-05-26,2025-06-01,5.8
P00261-L007,P00261,earned,2025-07-19,2025-08-03,15.5
P00261-L008,P00261,earned,2025-10-06,2025-10-13,6.9
P00261-L009,P00261,medical,2025-10-26,2025-11-03,8.0
P00261-L010,P00261,casual,2025-12-28,2025-12-31,3.8
P00261-L011,P00261,casual,2026-03-14,2026-03-18,3.2
P00261-L012,P00261,compensatory,2026-04-03,2026-04-07,3.3
P00261-L013,P00261,casual,2026-05-25,2026-06-05,11.0
P00261-L014,P00261,compensatory,2026-07-15,2026-07-17,2.8
P00262-L001,P00262,casual,2024-09-05,2024-09-11,6.5
P00262-L002,P00262,compensatory,2024-11-05,2024-11-27,22.2
P00262-L003,P00262,medical,2024-12-23,2025-01-01,8.8
P00262-L004,P00262,earned,2025-02-15,2025-03-07,20.2
P00262-L005,P00262,medical,2025-03-28,2025-04-10,12.4
P00262-L006,P00262,earned,2025-06-04,2025-06-06,1.9
P00262-L007,P00262,medical,2025-07-11,2025-07-24,12.7
P00262-L008,P00262,medical,2025-10-12,2025-10-18,5.7
P00262-L009,P00262,compensatory,2025-10-25,2025-11-04,10.7
P00262-L010,P00262,earned,2025-12-21,2025-12-24,3.3
P00262-L011,P00262,compensatory,2026-02-14,2026-02-22,8.0
P00262-L012,P00262,medical,2026-04-06,2026-04-19,13.1
P00262-L013,P00262,casual,2026-06-01,2026-06-13,12.6
P00262-L014,P00262,medical,2026-08-10,2026-08-15,5.7
P00263-L001,P00263,earned,2024-09-18,2024-09-26,8.2
P00263-L002,P00263,earned,2024-11-11,2024-11-20,9.7
P00263-L003,P00263,earned,2024-12-21,2024-12-26,5.7
P00263-L004,P00263,earned,2025-02-08,2025-02-18,9.8
P00263-L005,P00263,earned,2025-04-06,2025-04-17,11.3
P00263-L006,P00263,casual,2025-06-06,2025-06-10,3.8
P00263-L007,P00263,casual,2025-07-22,2025-08-12,20.8
P00263-L008,P00263,casual,2025-09-01,2025-09-11,10.0
P00263-L009,P00263,earned,2025-11-07,2025-11-20,12.8
P00263-L010,P00263,earned,2025-12-19,2025-12-27,8.2
P00263-L011,P00263,earned,2026-02-08,2026-02-17,9.2
P00263-L012,P00263,earned,2026-04-09,2026-04-22,13.7
P00263-L013,P00263,earned,2026-06-02,2026-06-20,18.1
P00263-L014,P00263,earned,2026-07-16,2026-07-29,13.4
P00264-L001,P00264,casual,2024-09-05,2024-09-13,7.2
P00264-L002,P00264,casual,2024-11-08,2024-11-17,8.4
P00264-L003,P00264,earned,2025-01-11,2025-01-18,6.7
P00264-L004,P00264,earned,2025-03-15,2025-03-29,14.2
P00264-L005,P00264,casual,2025-05-07,2025-05-13,6.1
P00264-L006,P00264,earned,2025-07-14,2025-07-25,11.5
P00264-L007,P00264,casual,2025-09-04,2025-09-07,3.5
P00264-L008,P00264,casual,2025-12-08,2025-12-19,11.5
P00264-L009,P00264,casual,2026-02-04,2026-02-25,21.2
P00264-L010,P00264,earned,2026-03-23,2026-03-30,7.4
P00264-L011,P00264,earned,2026-05-23,2026-06-02,9.3
P00264-L012,P00264,earned,2026-07-16,2026-07-21,5.8
P00265-L001,P00265,compensatory,2024-09-05,2024-09-13,7.5
P00265-L002,P00265,earned,2024-10-03,2024-10-11,7.1
P00265-L003,P00265,casual,2024-11-08,2024-11-21,13.5
P00265-L004,P00265,earned,2024-12-19,2025-01-03,15.2
P00265-L005,P00265,earned,2025-01-25,2025-01-29,4.1
P00265-L006,P00265,earned,2025-02-18,2025-02-23,5.3
P00265-L007,P00265,earned,2025-03-22,2025-03-25,3.0
P00265-L008,P00265,medical,2025-04-28,2025-05-08,10.6
P00265-L009,P00265,earned,2025-05-24,2025-06-02,8.5
P00265-L010,P00265,casual,2025-07-04,2025-07-11,7.0
P00265-L011,P00265,medical,2025-07-30,2025-08-04,5.1
P00265-L012,P00265,earned,2025-09-01,2025-09-06,4.9
P00265-L013,P00265,casual,2025-10-10,2025-10-15,5.4
P00265-L014,P00265,medical,2025-11-11,2025-11-17,6.5
P00265-L015,P00265,earned,2025-12-17,2025-12-27,10.7
P00265-L016,P00265,casual,2026-01-11,2026-01-22,10.7
P00265-L017,P00265,casual,2026-02-18,2026-03-02,11.7
P00265-L018,P00265,medical,2026-04-04,2026-04-18,14.1
P00265-L019,P00265,medical,2026-05-05,2026-05-09,4.6
P00265-L020,P00265,earned,2026-05-26,2026-06-06,11.5
P00265-L021,P00265,earned,2026-06-26,2026-07-13,16.1
P00265-L022,P00265,earned,2026-07-31,2026-08-17,17.0
P00266-L001,P00266,earned,2024-09-09,2024-09-19,10.4
P00266-L002,P00266,earned,2024-10-25,2024-11-04,9.6
P00266-L003,P00266,medical,2025-01-09,2025-01-17,7.4
P00266-L004,P00266,earned,2025-02-22,2025-02-28,6.3
P00266-L005,P00266,earned,2025-04-05,2025-04-20,15.5
P00266-L006,P00266,earned,2025-05-25,2025-06-15,20.2
P00266-L007,P00266,earned,2025-07-15,2025-07-27,12.5
P00266-L008,P00266,earned,2025-09-01,2025-09-27,26.8
P00266-L009,P00266,earned,2025-10-28,2025-11-05,8.0
P00266-L010,P00266,earned,2025-12-16,2025-12-21,5.6
P00266-L011,P00266,earned,2026-02-04,2026-03-05,28.1
P00266-L012,P00266,earned,2026-04-22,2026-04-30,7.6
P00266-L013,P00266,earned,2026-05-22,2026-06-20,29.8
P00266-L014,P00266,casual,2026-07-13,2026-07-19,6.2
P00267-L001,P00267,casual,2024-09-25,2024-10-01,6.1
P00267-L002,P00267,casual,2024-12-04,2024-12-11,6.2
P00267-L003,P00267,casual,2025-03-07,2025-03-26,19.2
P00267-L004,P00267,earned,2025-07-03,2025-07-12,8.9
P00267-L005,P00267,casual,2025-09-12,2025-09-22,10.4
P00267-L006,P00267,earned,2025-12-23,2025-12-31,8.6
P00267-L007,P00267,earned,2026-03-09,2026-03-18,8.5
P00267-L008,P00267,casual,2026-06-09,2026-06-20,10.9
P00268-L001,P00268,earned,2024-09-25,2024-10-01,6.5
P00268-L002,P00268,earned,2024-10-23,2024-10-28,5.2
P00268-L003,P00268,casual,2025-01-06,2025-01-12,5.9
P00268-L004,P00268,casual,2025-02-16,2025-03-06,17.8
P00268-L005,P00268,casual,2025-04-09,2025-04-21,12.1
P00268-L006,P00268,earned,2025-05-30,2025-06-03,4.3
P00268-L007,P00268,casual,2025-07-11,2025-07-20,9.2
P00268-L008,P00268,casual,2025-09-08,2025-09-16,8.6
P00268-L009,P00268,compensatory,2025-10-24,2025-11-07,14.8
P00268-L010,P00268,medical,2026-01-14,2026-01-20,6.1
P00268-L011,P00268,earned,2026-02-12,2026-02-22,10.5
P00268-L012,P00268,earned,2026-04-20,2026-04-29,9.0
P00268-L013,P00268,compensatory,2026-06-01,2026-06-13,12.3
P00268-L014,P00268,casual,2026-07-19,2026-08-05,17.6
P00269-L001,P00269,casual,2024-09-16,2024-09-25,8.8
P00269-L002,P00269,earned,2024-10-24,2024-11-10,16.6
P00269-L003,P00269,earned,2024-12-03,2024-12-21,18.4
P00269-L004,P00269,medical,2025-01-17,2025-01-31,13.9
P00269-L005,P00269,earned,2025-02-21,2025-03-13,20.2
P00269-L006,P00269,earned,2025-04-27,2025-05-03,6.4
P00269-L007,P00269,earned,2025-05-24,2025-06-07,13.7
P00269-L008,P00269,earned,2025-07-20,2025-07-25,4.7
P00269-L009,P00269,medical,2025-09-08,2025-09-16,8.0
P00269-L010,P00269,earned,2025-10-13,2025-10-24,11.5
P00269-L011,P00269,earned,2025-11-23,2025-11-26,3.7
P00269-L012,P00269,earned,2025-12-22,2026-01-01,10.7
P00269-L013,P00269,earned,2026-02-09,2026-02-22,12.8
P00269-L014,P00269,earned,2026-04-09,2026-04-24,15.6
P00269-L015,P00269,medical,2026-05-15,2026-05-27,12.2
P00269-L016,P00269,earned,2026-07-06,2026-07-15,8.7
P00269-L017,P00269,earned,2026-07-21,2026-08-04,13.9
P00270-L001,P00270,earned,2024-09-01,2024-09-14,12.6
P00270-L002,P00270,earned,2024-11-20,2024-11-27,6.5
P00270-L003,P00270,casual,2025-02-19,2025-03-11,19.9
P00270-L004,P00270,earned,2025-05-20,2025-05-24,4.3
P00270-L005,P00270,earned,2025-07-12,2025-07-23,10.9
P00270-L006,P00270,earned,2025-09-15,2025-10-06,20.4
P00270-L007,P00270,earned,2025-12-14,2025-12-22,7.3
P00270-L008,P00270,casual,2026-02-18,2026-02-27,9.0
P00270-L009,P00270,earned,2026-05-29,2026-06-15,17.6
P00270-L010,P00270,compensatory,2026-07-08,2026-07-19,10.8
P00271-L001,P00271,medical,2024-09-05,2024-09-13,7.8
P00271-L002,P00271,earned,2024-11-03,2024-11-14,11.2
P00271-L003,P00271,earned,2024-12-31,2025-01-05,5.1
P00271-L004,P00271,earned,2025-01-29,2025-02-05,7.8
P00271-L005,P00271,casual,2025-03-21,2025-03-29,7.4
P00271-L006,P00271,earned,2025-05-19,2025-06-04,16.0
P00271-L007,P00271,earned,2025-07-03,2025-07-21,17.1
P00271-L008,P00271,earned,2025-08-15,2025-09-02,17.6
P00271-L009,P00271,medical,2025-10-11,2025-11-06,25.7
P00271-L010,P00271,earned,2025-11-16,2025-11-28,12.2
P00271-L011,P00271,casual,2026-01-01,2026-01-06,5.0
P00271-L012,P00271,earned,2026-03-18,2026-03-23,4.4
P00271-L013,P00271,earned,2026-04-28,2026-05-13,15.5
P00271-L014,P00271,earned,2026-06-10,2026-06-16,5.9
P00271-L015,P00271,earned,2026-07-25,2026-08-07,13.5
P00272-L001,P00272,compensatory,2024-09-16,2024-10-02,16.6
P00272-L002,P00272,earned,2024-11-16,2024-11-26,10.0
P00272-L003,P00272,earned,2025-02-07,2025-02-24,16.9
P00272-L004,P00272,casual,2025-05-24,2025-06-07,13.4
P00272-L005,P00272,earned,2025-08-20,2025-08-27,6.5
P00272-L006,P00272,earned,2025-09-29,2025-10-10,11.2
P00272-L007,P00272,casual,2025-11-22,2025-12-02,9.3
P00272-L008,P00272,earned,2026-02-14,2026-02-20,6.1
P00272-L009,P00272,earned,2026-05-01,2026-05-07,6.7
P00272-L010,P00272,compensatory,2026-07-28,2026-08-14,17.5
P00273-L001,P00273,compensatory,2024-09-05,2024-09-09,4.6
P00273-L002,P00273,earned,2024-10-09,2024-10-16,7.2
P00273-L003,P00273,casual,2024-11-10,2024-11-21,11.5
P00273-L004,P00273,medical,2024-12-22,2025-01-12,20.8
P00273-L005,P00273,casual,2025-01-22,2025-01-26,3.9
P00273-L006,P00273,earned,2025-03-10,2025-03-20,9.4
P00273-L007,P00273,casual,2025-04-16,2025-04-22,5.5
P00273-L008,P00273,casual,2025-05-07,2025-05-10,3.5
P00273-L009,P00273,earned,2025-06-30,2025-07-09,8.7
P00273-L010,P00273,compensatory,2025-07-12,2025-07-24,12.6
P00273-L011,P00273,earned,2025-09-02,2025-09-04,2.6
P00273-L012,P00273,earned,2025-10-06,2025-10-16,9.5
P00273-L013,P00273,earned,2025-11-01,2025-11-08,7.5
P00273-L014,P00273,earned,2025-12-14,2025-12-17,2.9
P00273-L015,P00273,casual,2026-01-05,2026-01-13,7.2
P00273-L016,P00273,earned,2026-02-26,2026-03-06,8.6
P00273-L017,P00273,earned,2026-03-26,2026-04-01,6.6
P00273-L018,P00273,earned,2026-04-16,2026-04-27,10.6
P00273-L019,P00273,earned,2026-06-02,2026-06-07,5.2
P00273-L020,P00273,earned,2026-06-25,2026-07-02,6.4
P00273-L021,P00273,medical,2026-07-29,2026-08-04,6.6
P00274-L001,P00274,earned,2024-09-04,2024-09-12,7.6
P00274-L002,P00274,earned,2024-11-10,2024-11-17,6.7
P00274-L003,P00274,earned,2025-02-15,2025-02-20,5.0
P00274-L004,P00274,earned,2025-03-19,2025-03-25,5.1
P00274-L005,P00274,earned,2025-06-20,2025-07-04,13.2
P00274-L006,P00274,earned,2025-08-29,2025-09-03,5.6
P00274-L007,P00274,casual,2025-10-19,2025-10-29,10.7
P00274-L008,P00274,casual,2025-12-13,2025-12-19,6.4
P00274-L009,P00274,medical,2026-03-04,2026-03-15,10.5
P00274-L010,P00274,casual,2026-04-27,2026-05-06,8.9
P00274-L011,P00274,compensatory,2026-07-27,2026-08-12,16.9
P00275-L001,P00275,earned,2024-09-19,2024-10-08,18.9
P00275-L002,P00275,compensatory,2024-12-17,2025-01-01,15.1
P00275-L003,P00275,earned,2025-03-09,2025-03-16,7.6
P00275-L004,P00275,casual,2025-06-10,2025-06-28,17.7
P00275-L005,P00275,casual,2025-09-06,2025-09-24,18.1
P00275-L006,P00275,earned,2025-12-01,2025-12-11,9.5
P00275-L007,P00275,earned,2026-03-26,2026-04-01,6.0
P00275-L008,P00275,earned,2026-08-09,2026-08-21,12.2
P00276-L001,P00276,casual,2024-09-12,2024-09-17,4.6
P00276-L002,P00276,compensatory,2024-10-19,2024-10-28,9.3
P00276-L003,P00276,casual,2024-12-07,2024-12-19,12.7
P00276-L004,P00276,casual,2025-01-11,2025-02-01,20.5
P00276-L005,P00276,earned,2025-03-04,2025-03-07,3.8
P00276-L006,P00276,casual,2025-04-10,2025-04-27,17.5
P00276-L007,P00276,earned,2025-05-28,2025-06-03,5.8
P00276-L008,P00276,earned,2025-07-07,2025-07-12,5.8
P00276-L009,P00276,earned,2025-08-27,2025-08-31,4.2
P00276-L010,P00276,earned,2025-10-11,2025-10-24,12.8
P00276-L011,P00276,casual,2025-11-05,2025-11-07,2.8
P00276-L012,P00276,earned,2025-12-19,2026-01-04,15.9
P00276-L013,P00276,earned,2026-02-05,2026-02-24,18.2
P00276-L014,P00276,earned,2026-03-16,2026-03-22,5.7
P00276-L015,P00276,earned,2026-05-20,2026-05-23,3.0
P00276-L016,P00276,earned,2026-06-27,2026-07-09,11.5
P00276-L017,P00276,earned,2026-07-27,2026-08-11,14.9
P00277-L001,P00277,earned,2024-09-15,2024-09-24,8.5
P00277-L002,P00277,earned,2024-10-02,2024-10-13,11.2
P00277-L003,P00277,compensatory,2024-11-03,2024-11-08,5.4
P00277-L004,P00277,earned,2024-12-03,2024-12-16,13.7
P00277-L005,P00277,medical,2025-01-02,2025-01-09,7.4
P00277-L006,P00277,earned,2025-01-30,2025-02-03,3.5
P00277-L007,P00277,earned,2025-03-03,2025-03-10,7.2
P00277-L008,P00277,earned,2025-04-13,2025-04-22,8.7
P00277-L009,P00277,compensatory,2025-05-02,2025-05-03,1.2
P00277-L010,P00277,medical,2025-06-07,2025-06-16,8.6
P00277-L011,P00277,earned,2025-07-09,2025-07-17,8.8
P00277-L012,P00277,casual,2025-08-11,2025-08-24,13.3
P00277-L013,P00277,earned,2025-09-05,2025-09-13,8.5
P00277-L014,P00277,casual,2025-10-10,2025-10-17,7.6
P00277-L015,P00277,casual,2025-11-04,2025-11-09,5.2
P00277-L016,P00277,earned,2025-12-01,2025-12-08,7.3
P00277-L017,P00277,earned,2026-01-05,2026-01-17,11.3
P00277-L018,P00277,earned,2026-02-01,2026-02-05,3.7
P00277-L019,P00277,casual,2026-03-15,2026-03-16,1.5
P00277-L020,P00277,earned,2026-04-05,2026-04-10,4.4
P00277-L021,P00277,casual,2026-05-02,2026-05-16,13.1
P00277-L022,P00277,earned,2026-06-19,2026-06-26,7.3
P00277-L023,P00277,casual,2026-07-08,2026-07-12,4.5
P00277-L024,P00277,casual,2026-08-08,2026-08-12,4.3
P00278-L001,P00278,earned,2024-09-17,2024-10-10,22.6
P00278-L002,P00278,earned,2024-10-28,2024-11-02,5.5
P00278-L003,P00278,earned,2024-12-22,2024-12-28,6.2
P00278-L004,P00278,earned,2025-02-18,2025-03-04,14.2
P00278-L005,P00278,earned,2025-04-20,2025-05-01,11.0
P00278-L006,P00278,casual,2025-06-17,2025-06-21,3.6
P00278-L007,P00278,earned,2025-08-03,2025-08-12,9.4
P00278-L008,P00278,earned,2025-09-06,2025-09-15,9.0
P00278-L009,P00278,earned,2025-11-20,2025-11-26,6.7
P00278-L010,P00278,medical,2026-01-12,2026-01-15,3.2
P00278-L011,P00278,earned,2026-03-01,2026-03-08,7.3
P00278-L012,P00278,casual,2026-04-05,2026-04-24,18.6
P00278-L013,P00278,casual,2026-05-28,2026-05-31,3.6
P00278-L014,P00278,earned,2026-08-19,2026-08-26,6.9
P00279-L001,P00279,compensatory,2024-09-12,2024-09-19,6.4
P00279-L002,P00279,casual,2024-09-28,2024-10-02,4.4
P00279-L003,P00279,compensatory,2024-10-24,2024-10-30,5.6
P00279-L004,P00279,medical,2024-11-18,2024-11-26,7.7
P00279-L005,P00279,casual,2024-12-11,2024-12-13,2.1
P00279-L006,P00279,earned,2025-01-07,2025-01-17,9.5
P00279-L007,P00279,medical,2025-01-27,2025-02-01,5.2
P00279-L008,P00279,earned,2025-02-22,2025-03-04,10.4
P00279-L009,P00279,medical,2025-03-23,2025-03-28,5.7
P00279-L010,P00279,earned,2025-04-08,2025-04-14,5.6
P00279-L011,P00279,earned,2025-05-10,2025-05-14,4.0
P00279-L012,P00279,medical,2025-05-27,2025-06-03,7.5
P00279-L013,P00279,earned,2025-06-21,2025-06-26,4.6
P00279-L014,P00279,casual,2025-07-28,2025-08-01,4.1
P00279-L015,P00279,earned,2025-08-08,2025-08-22,13.6
P00279-L016,P00279,casual,2025-09-14,2025-09-19,5.0
P00279-L017,P00279,casual,2025-09-30,2025-10-03,3.6
P00279-L018,P00279,earned,2025-10-21,2025-10-27,6.0
P00279-L019,P00279,casual,2025-11-16,2025-11-21,5.0
P00279-L020,P00279,medical,2025-12-13,2025-12-18,4.9
P00279-L021,P00279,earned,2026-01-05,2026-01-08,3.5
P00279-L022,P00279,earned,2026-02-10,2026-02-13,3.5
P00279-L023,P00279,compensatory,2026-02-22,2026-03-01,7.7
P00279-L024,P00279,earned,2026-03-25,2026-03-31,6.1
P00279-L025,P00279,earned,2026-04-15,2026-04-16,1.2
P00279-L026,P00279,casual,2026-05-09,2026-05-13,4.0
P00279-L027,P00279,earned,2026-06-03,2026-06-08,5.0
P00279-L028,P00279,earned,2026-06-23,2026-07-02,8.8
P00279-L029,P00279,casual,2026-07-15,2026-07-21,5.6
P00279-L030,P00279,earned,2026-08-15,2026-08-19,4.3
P00280-L001,P00280,casual,2024-09-15,2024-09-23,7.5
P00280-L002,P00280,casual,2024-10-22,2024-10-31,9.1
P00280-L003,P00280,medical,2024-12-17,2024-12-24,7.4
P00280-L004,P00280,medical,2025-02-13,2025-02-18,5.6
P00280-L005,P00280,compensatory,2025-03-28,2025-04-02,4.8
P00280-L006,P00280,earned,2025-05-15,2025-05-22,7.1
P00280-L007,P00280,earned,2025-06-22,2025-06-25,2.2
P00280-L008,P00280,earned,2025-08-26,2025-08-30,4.3
P00280-L009,P00280,casual,2025-10-16,2025-10-26,10.5
P00280-L010,P00280,earned,2025-12-06,2025-12-17,10.7
P00280-L011,P00280,earned,2026-01-01,2026-01-12,11.3
P00280-L012,P00280,medical,2026-03-19,2026-03-31,12.2
P00280-L013,P00280,casual,2026-04-21,2026-04-24,3.1
P00280-L014,P00280,earned,2026-06-26,2026-07-02,6.0
P00280-L015,P00280,earned,2026-08-02,2026-08-06,4.2
P00281-L001,P00281,earned,2024-09-10,2024-09-15,5.5
P00281-L002,P00281,earned,2024-10-18,2024-10-24,5.5
P00281-L003,P00281,earned,2024-11-23,2024-12-03,10.0
P00281-L004,P00281,medical,2025-01-04,2025-01-10,5.8
P00281-L005,P00281,casual,2025-02-27,2025-03-08,8.8
P00281-L006,P00281,casual,2025-03-25,2025-04-09,14.9
P00281-L007,P00281,casual,2025-05-02,2025-05-12,9.8
P00281-L008,P00281,earned,2025-06-19,2025-06-30,11.6
P00281-L009,P00281,earned,2025-07-22,2025-07-26,4.1
P00281-L010,P00281,casual,2025-09-17,2025-09-30,13.6
P00281-L011,P00281,medical,2025-10-16,2025-10-18,1.6
P00281-L012,P00281,earned,2025-11-30,2025-12-10,9.8
P00281-L013,P00281,earned,2026-01-07,2026-01-15,8.2
P00281-L014,P00281,earned,2026-02-14,2026-02-18,4.4
P00281-L015,P00281,casual,2026-03-31,2026-04-07,6.6
P00281-L016,P00281,earned,2026-05-25,2026-06-08,13.7
P00281-L017,P00281,medical,2026-06-15,2026-06-24,8.8
P00281-L018,P00281,earned,2026-07-22,2026-08-08,17.0
P00282-L001,P00282,casual,2024-09-04,2024-09-10,5.6
P00282-L002,P00282,earned,2024-10-05,2024-10-12,7.7
P00282-L003,P00282,earned,2024-11-06,2024-11-10,3.8
P00282-L004,P00282,casual,2024-11-30,2024-12-12,11.6
P00282-L005,P00282,medical,2025-01-07,2025-01-12,4.7
P00282-L006,P00282,earned,2025-02-15,2025-02-20,4.1
P00282-L007,P00282,earned,2025-03-27,2025-03-31,4.1
P00282-L008,P00282,casual,2025-04-03,2025-04-05,2.1
P00282-L009,P00282,earned,2025-05-12,2025-05-18,6.5
P00282-L010,P00282,casual,2025-06-04,2025-06-09,5.4
P00282-L011,P00282,casual,2025-07-07,2025-07-14,7.2
P00282-L012,P00282,earned,2025-08-03,2025-08-12,9.1
P00282-L013,P00282,earned,2025-09-02,2025-09-06,3.5
P00282-L014,P00282,casual,2025-10-03,2025-10-05,1.9
P00282-L015,P00282,medical,2025-11-15,2025-11-27,11.9
P00282-L016,P00282,earned,2025-12-01,2025-12-17,16.2
P00282-L017,P00282,casual,2026-01-16,2026-01-20,3.9
P00282-L018,P00282,casual,2026-02-15,2026-02-21,6.1
P00282-L019,P00282,medical,2026-03-11,2026-03-15,3.8
P00282-L020,P00282,casual,2026-04-19,2026-04-24,5.3
P00282-L021,P00282,compensatory,2026-05-09,2026-05-14,4.7
P00282-L022,P00282,earned,2026-06-16,2026-06-22,5.4
P00282-L023,P00282,earned,2026-07-19,2026-07-24,4.6
P00282-L024,P00282,casual,2026-08-11,2026-08-19,8.3
P00283-L001,P00283,casual,2024-09-18,2024-09-29,10.9
P00283-L002,P00283,earned,2024-11-26,2024-12-07,10.5
P00283-L003,P00283,earned,2025-01-28,2025-02-05,7.6
P00283-L004,P00283,medical,2025-03-07,2025-03-13,5.6
P00283-L005,P00283,earned,2025-05-13,2025-05-20,6.8
P00283-L006,P00283,earned,2025-07-03,2025-07-27,23.6
P00283-L007,P00283,earned,2025-09-01,2025-09-20,19.2
P00283-L008,P00283,earned,2025-11-07,2025-11-25,17.5
P00283-L009,P00283,medical,2026-02-05,2026-02-08,3.3
P00283-L010,P00283,casual,2026-03-28,2026-04-16,18.8
P00283-L011,P00283,earned,2026-05-15,2026-05-22,6.6
P00283-L012,P00283,earned,2026-07-12,2026-07-17,4.9
P00284-L001,P00284,compensatory,2024-09-07,2024-09-15,8.7
P00284-L002,P00284,casual,2024-10-05,2024-10-10,4.9
P00284-L003,P00284,earned,2024-11-03,2024-11-12,9.6
P00284-L004,P00284,medical,2024-12-14,2024-12-19,5.4
P00284-L005,P00284,medical,2025-01-12,2025-01-20,8.1
P00284-L006,P00284,casual,2025-02-26,2025-03-07,9.0
P00284-L007,P00284,earned,2025-03-13,2025-03-22,8.8
P00284-L008,P00284,casual,2025-04-24,2025-05-03,8.6
P00284-L009,P00284,compensatory,2025-05-24,2025-06-03,9.7
P00284-L010,P00284,casual,2025-06-19,2025-07-01,11.4
P00284-L011,P00284,casual,2025-07-18,2025-07-26,8.0
P00284-L012,P00284,casual,2025-08-16,2025-08-22,5.8
P00284-L013,P00284,earned,2025-09-30,2025-10-07,7.7
P00284-L014,P00284,earned,2025-10-28,2025-11-08,11.4
P00284-L015,P00284,medical,2025-11-23,2025-12-02,9.7
P00284-L016,P00284,compensatory,2025-12-21,2025-12-29,7.5
P00284-L017,P00284,earned,2026-01-27,2026-02-03,6.7
P00284-L018,P00284,earned,2026-02-27,2026-03-08,9.0
P00284-L019,P00284,earned,2026-03-28,2026-04-03,5.4
P00284-L020,P00284,compensatory,2026-05-05,2026-05-12,6.9
P00284-L021,P00284,earned,2026-06-10,2026-06-23,13.0
P00284-L022,P00284,medical,2026-07-04,2026-07-14,10.1
P00284-L023,P00284,earned,2026-08-03,2026-08-18,14.5
P00285-L001,P00285,casual,2024-09-09,2024-09-16,7.8
P00285-L002,P00285,earned,2024-11-18,2024-11-24,6.1
P00285-L003,P00285,medical,2025-01-02,2025-01-11,8.8
P00285-L004,P00285,medical,2025-04-06,2025-04-15,9.1
P00285-L005,P00285,casual,2025-05-30,2025-06-04,5.3
P00285-L006,P00285,medical,2025-08-08,2025-08-27,18.8
P00285-L007,P00285,casual,2025-09-05,2025-09-13,8.0
P00285-L008,P00285,casual,2025-12-11,2025-12-18,6.7
P00285-L009,P00285,casual,2026-02-04,2026-02-14,9.3
P00285-L010,P00285,earned,2026-03-13,2026-03-29,15.3
P00285-L011,P00285,casual,2026-06-08,2026-06-19,10.3
P00285-L012,P00285,casual,2026-08-11,2026-08-24,12.7
P00286-L001,P00286,earned,2024-09-20,2024-09-30,10.4
P00286-L002,P00286,earned,2024-11-02,2024-11-08,5.8
P00286-L003,P00286,earned,2025-02-03,2025-02-08,5.1
P00286-L004,P00286,medical,2025-03-04,2025-03-11,6.8
P00286-L005,P00286,casual,2025-05-15,2025-05-23,7.9
P00286-L006,P00286,medical,2025-06-19,2025-06-28,9.2
P00286-L007,P00286,casual,2025-08-16,2025-08-25,8.9
P00286-L008,P00286,earned,2025-10-14,2025-10-26,11.5
P00286-L009,P00286,earned,2025-12-04,2025-12-13,9.6
P00286-L010,P00286,earned,2026-01-29,2026-02-05,6.7
P00286-L011,P00286,casual,2026-04-06,2026-04-17,10.2
P00286-L012,P00286,casual,2026-06-02,2026-06-10,8.4
P00286-L013,P00286,casual,2026-07-09,2026-07-28,19.1
P00287-L001,P00287,casual,2024-09-07,2024-09-14,7.1
P00287-L002,P00287,casual,2024-10-19,2024-10-26,6.5
P00287-L003,P00287,casual,2024-12-01,2024-12-12,11.7
P00287-L004,P00287,casual,2025-01-25,2025-02-08,13.8
P00287-L005,P00287,earned,2025-03-11,2025-03-14,3.0
P00287-L006,P00287,casual,2025-04-07,2025-04-21,13.9
P00287-L007,P00287,casual,2025-05-24,2025-05-28,3.8
P00287-L008,P00287,earned,2025-07-05,2025-07-16,10.4
P00287-L009,P00287,casual,2025-08-18,2025-09-14,26.7
P00287-L010,P00287,casual,2025-09-23,2025-10-04,10.9
P00287-L011,P00287,casual,2025-11-12,2025-11-14,1.9
P00287-L012,P00287,casual,2025-12-20,2025-12-30,9.5
P00287-L013,P00287,earned,2026-02-03,2026-02-19,15.4
P00287-L014,P00287,compensatory,2026-03-19,2026-03-30,11.6
P00287-L015,P00287,casual,2026-05-09,2026-05-14,5.2
P00287-L016,P00287,casual,2026-06-16,2026-06-26,10.2
P00287-L017,P00287,casual,2026-08-08,2026-08-17,8.9
P00288-L001,P00288,casual,2024-09-06,2024-09-13,7.0
P00288-L002,P00288,earned,2024-10-05,2024-10-07,1.7
P00288-L003,P00288,earned,2024-10-30,2024-11-10,11.4
P00288-L004,P00288,casual,2024-11-25,2024-11-28,3.1
P00288-L005,P00288,casual,2024-12-28,2025-01-03,6.2
P00288-L006,P00288,medical,2025-01-18,2025-01-24,5.4
P00288-L007,P00288,medical,2025-02-05,2025-02-13,7.8
P00288-L008,P00288,casual,2025-03-02,2025-03-06,4.1
P00288-L009,P00288,earned,2025-03-29,2025-04-03,5.0
P00288-L010,P00288,earned,2025-04-24,2025-04-29,5.1
P00288-L011,P00288,casual,2025-05-31,2025-06-02,2.1
P00288-L012,P00288,earned,2025-06-22,2025-06-27,4.8
P00288-L013,P00288,earned,2025-07-21,2025-07-28,7.2
P00288-L014,P00288,earned,2025-08-15,2025-08-28,13.0
P00288-L015,P00288,earned,2025-09-05,2025-09-16,10.7
P00288-L016,P00288,earned,2025-09-27,2025-10-03,5.8
P00288-L017,P00288,casual,2025-10-25,2025-10-28,3.4
P00288-L018,P00288,earned,2025-11-30,2025-12-04,3.7
P00288-L019,P00288,casual,2025-12-27,2026-01-01,4.8
P00288-L020,P00288,casual,2026-01-17,2026-01-21,4.8
P00288-L021,P00288,casual,2026-02-10,2026-02-12,2.2
P00288-L022,P00288,casual,2026-03-12,2026-03-17,4.8
P00288-L023,P00288,casual,2026-04-05,2026-04-17,11.4
P00288-L024,P00288,earned,2026-04-24,2026-05-03,8.7
P00288-L025,P00288,earned,2026-05-22,2026-05-24,1.6
P00288-L026,P00288,earned,2026-06-15,2026-06-21,6.3
P00288-L027,P00288,compensatory,2026-07-24,2026-07-30,6.6
P00288-L028,P00288,casual,2026-08-08,2026-08-14,6.1
P00289-L001,P00289,earned,2024-09-04,2024-09-14,9.9
P00289-L002,P00289,earned,2024-11-06,2024-11-22,16.9
P00289-L003,P00289,medical,2024-12-04,2024-12-16,11.2
P00289-L004,P00289,medical,2025-01-20,2025-02-06,17.0
P00289-L005,P00289,earned,2025-03-03,2025-03-06,3.3
P00289-L006,P00289,casual,2025-05-08,2025-05-14,5.5
P00289-L007,P00289,earned,2025-06-05,2025-06-17,12.1
P00289-L008,P00289,medical,2025-07-28,2025-08-05,8.1
P00289-L009,P00289,earned,2025-09-13,2025-09-23,10.4
P00289-L010,P00289,compensatory,2025-10-27,2025-11-07,10.3
P00289-L011,P00289,casual,2025-12-15,2025-12-19,4.4
P00289-L012,P00289,casual,2026-02-09,2026-02-16,7.0
P00289-L013,P00289,earned,2026-03-05,2026-03-10,5.2
P00289-L014,P00289,earned,2026-04-27,2026-05-06,9.4
P00289-L015,P00289,earned,2026-06-09,2026-06-16,7.5
P00289-L016,P00289,earned,2026-07-26,2026-08-08,12.7
P00290-L001,P00290,earned,2024-09-01,2024-09-10,9.3
P00290-L002,P00290,earned,2024-09-26,2024-10-04,9.0
P00290-L003,P00290,compensatory,2024-10-28,2024-11-07,9.8
P00290-L004,P00290,earned,2024-11-18,2024-11-24,6.1
P00290-L005,P00290,earned,2024-12-15,2024-12-26,10.2
P00290-L006,P00290,casual,2025-01-10,2025-01-13,2.4
P00290-L007,P00290,earned,2025-02-04,2025-02-12,7.7
P00290-L008,P00290,medical,2025-03-06,2025-03-15,9.1
P00290-L009,P00290,earned,2025-03-21,2025-03-23,1.9
P00290-L010,P00290,medical,2025-04-17,2025-04-20,2.9
P00290-L011,P00290,casual,2025-05-11,2025-05-17,6.2
P00290-L012,P00290,casual,2025-06-04,2025-06-09,4.5
P00290-L013,P00290,medical,2025-07-09,2025-07-12,3.2
P00290-L014,P00290,earned,2025-07-25,2025-07-26,1.0
P00290-L015,P00290,earned,2025-08-22,2025-08-26,3.8
P00290-L016,P00290,earned,2025-09-16,2025-09-23,6.9
P00290-L017,P00290,earned,2025-10-15,2025-10-22,7.1
P00290-L018,P00290,earned,2025-11-03,2025-11-04,1.1
P00290-L019,P00290,earned,2025-12-01,2025-12-06,5.1
P00290-L020,P00290,casual,2025-12-29,2026-01-03,4.4
P00290-L021,P00290,earned,2026-01-27,2026-02-02,6.2
P00290-L022,P00290,earned,2026-02-15,2026-02-21,6.1
P00290-L023,P00290,earned,2026-03-08,2026-03-12,4.0
P00290-L024,P00290,medical,2026-04-03,2026-04-11,8.1
P00290-L025,P00290,earned,2026-04-30,2026-05-08,8.2
P00290-L026,P00290,earned,2026-05-29,2026-06-04,5.3
P00290-L027,P00290,compensatory,2026-06-21,2026-06-24,3.0
P00290-L028,P00290,earned,2026-07-13,2026-07-23,10.8
P00290-L029,P00290,casual,2026-08-11,2026-08-16,5.7
P00291-L001,P00291,earned,2024-09-03,2024-09-10,6.7
P00291-L002,P00291,earned,2024-10-24,2024-11-06,13.2
P00291-L003,P00291,casual,2024-12-27,2025-01-10,13.6
P00291-L004,P00291,earned,2025-02-20,2025-03-06,14.8
P00291-L005,P00291,earned,2025-03-31,2025-04-16,15.4
P00291-L006,P00291,casual,2025-05-30,2025-06-07,8.6
P00291-L007,P00291,medical,2025-08-02,2025-08-09,6.5
P00291-L008,P00291,compensatory,2025-09-26,2025-10-12,16.0
P00291-L009,P00291,medical,2025-11-03,2025-11-21,17.3
P00291-L010,P00291,earned,2026-01-09,2026-01-15,5.2
P00291-L011,P00291,earned,2026-02-09,2026-02-22,12.3
P00291-L012,P00291,earned,2026-05-11,2026-05-16,4.8
P00291-L013,P00291,casual,2026-06-21,2026-06-23,2.5
P00291-L014,P00291,earned,2026-08-11,2026-08-20,8.5
P00292-L001,P00292,medical,2024-08-31,2024-09-11,10.6
P00292-L002,P00292,casual,2024-10-10,2024-10-14,3.7
P00292-L003,P00292,earned,2024-11-13,2024-11-15,1.7
P00292-L004,P00292,casual,2024-12-05,2024-12-10,5.1
P00292-L005,P00292,earned,2024-12-31,2025-01-13,12.6
P00292-L006,P00292,earned,2025-02-07,2025-02-15,8.8
P00292-L007,P00292,earned,2025-03-05,2025-03-11,5.8
P00292-L008,P00292,casual,2025-04-01,2025-04-02,1.5
P00292-L009,P00292,earned,2025-05-07,2025-05-13,5.6
P00292-L010,P00292,medical,2025-05-26,2025-06-05,10.1
P00292-L011,P00292,earned,2025-06-30,2025-07-04,4.6
P00292-L012,P00292,casual,2025-07-19,2025-07-31,11.4
P00292-L013,P00292,earned,2025-08-20,2025-08-24,3.7
P00292-L014,P00292,casual,2025-09-18,2025-09-24,5.6
P00292-L015,P00292,earned,2025-10-17,2025-10-26,8.8
P00292-L016,P00292,casual,2025-11-18,2025-11-27,9.0
P00292-L017,P00292,earned,2025-12-21,2025-12-30,9.2
P00292-L018,P00292,casual,2026-01-20,2026-01-31,11.7
P00292-L019,P00292,casual,2026-02-10,2026-02-14,4.4
P00292-L020,P00292,earned,2026-03-17,2026-04-01,14.3
P00292-L021,P00292,compensatory,2026-04-23,2026-05-05,12.1
P00292-L022,P00292,casual,2026-05-21,2026-05-25,4.2
P00292-L023,P00292,earned,2026-06-12,2026-06-18,6.6
P00292-L024,P00292,earned,2026-07-06,2026-07-10,4.0
P00292-L025,P00292,earned,2026-08-18,2026-08-26,7.9
P00293-L001,P00293,earned,2024-09-09,2024-09-23,14.0
P00293-L002,P00293,earned,2024-10-09,2024-10-14,5.5
P00293-L003,P00293,casual,2024-11-16,2024-11-22,5.8
P00293-L004,P00293,casual,2024-12-23,2024-12-27,4.6
P00293-L005,P00293,casual,2025-01-20,2025-01-25,5.3
P00293-L006,P00293,earned,2025-03-02,2025-03-09,6.2
P00293-L007,P00293,casual,2025-03-29,2025-04-04,6.1
P00293-L008,P00293,casual,2025-05-02,2025-05-10,7.9
P00293-L009,P00293,earned,2025-06-06,2025-06-23,17.4
P00293-L010,P00293,earned,2025-07-26,2025-08-05,10.3
P00293-L011,P00293,medical,2025-08-17,2025-08-24,6.7
P00293-L012,P00293,compensatory,2025-10-01,2025-10-12,11.0
P00293-L013,P00293,earned,2025-11-02,2025-11-14,12.2
P00293-L014,P00293,casual,2025-11-28,2025-12-10,11.7
P00293-L015,P00293,casual,2026-01-13,2026-01-18,4.7
P00293-L016,P00293,casual,2026-02-07,2026-02-15,7.8
P00293-L017,P00293,casual,2026-04-01,2026-04-08,6.9
P00293-L018,P00293,earned,2026-04-14,2026-04-21,6.3
P00293-L019,P00293,earned,2026-05-24,2026-05-29,4.6
P00293-L020,P00293,earned,2026-07-07,2026-07-13,6.3
P00293-L021,P00293,casual,2026-08-06,2026-08-14,8.1
P00294-L001,P00294,casual,2024-09-14,2024-09-24,9.8
P00294-L002,P00294,casual,2024-11-30,2024-12-08,8.6
P00294-L003,P00294,casual,2025-01-21,2025-01-24,3.5
P00294-L004,P00294,medical,2025-03-26,2025-04-11,16.0
P00294-L005,P00294,earned,2025-07-01,2025-07-10,9.3
P00294-L006,P00294,compensatory,2025-08-12,2025-08-27,15.0
P00294-L007,P00294,casual,2025-10-12,2025-10-22,9.3
P00294-L008,P00294,earned,2026-01-04,2026-01-15,11.1
P00294-L009,P00294,earned,2026-02-16,2026-03-06,18.4
P00294-L010,P00294,casual,2026-05-18,2026-06-02,14.8
P00294-L011,P00294,earned,2026-06-29,2026-07-12,13.9
P00295-L001,P00295,casual,2024-09-05,2024-09-18,12.7
P00295-L002,P00295,earned,2024-10-25,2024-11-10,15.7
P00295-L003,P00295,medical,2024-12-19,2025-01-10,21.4
P00295-L004,P00295,earned,2025-01-27,2025-02-06,10.1
P00295-L005,P00295,earned,2025-03-22,2025-04-02,10.4
P00295-L006,P00295,earned,2025-05-12,2025-05-23,10.7
P00295-L007,P00295,earned,2025-06-20,2025-07-06,15.5
P00295-L008,P00295,medical,2025-08-09,2025-08-14,4.4
P00295-L009,P00295,casual,2025-10-13,2025-10-28,14.7
P00295-L010,P00295,casual,2025-11-19,2025-11-23,3.7
P00295-L011,P00295,earned,2026-01-17,2026-02-04,18.2
P00295-L012,P00295,compensatory,2026-02-20,2026-03-02,10.0
P00295-L013,P00295,earned,2026-05-03,2026-05-05,2.6
P00295-L014,P00295,earned,2026-06-02,2026-06-15,13.3
P00295-L015,P00295,earned,2026-07-23,2026-07-31,8.4
P00296-L001,P00296,earned,2024-09-04,2024-09-21,17.3
P00296-L002,P00296,earned,2024-10-06,2024-10-08,2.2
P00296-L003,P00296,medical,2024-11-14,2024-11-17,3.0
P00296-L004,P00296,casual,2024-12-14,2024-12-18,3.8
P00296-L005,P00296,casual,2025-01-26,2025-02-02,6.3
P00296-L006,P00296,earned,2025-02-25,2025-03-01,4.5
P00296-L007,P00296,earned,2025-04-05,2025-04-17,12.0
P00296-L008,P00296,medical,2025-05-07,2025-05-14,6.6
P00296-L009,P00296,earned,2025-06-10,2025-06-24,14.2
P00296-L010,P00296,earned,2025-07-16,2025-07-21,4.5
P00296-L011,P00296,medical,2025-08-22,2025-09-01,10.7
P00296-L012,P00296,earned,2025-10-02,2025-10-11,9.8
P00296-L013,P00296,earned,2025-11-05,2025-11-11,6.7
P00296-L014,P00296,earned,2025-12-13,2025-12-19,5.9
P00296-L015,P00296,casual,2026-01-09,2026-01-13,3.9
P00296-L016,P00296,medical,2026-02-10,2026-02-22,12.4
P00296-L017,P00296,casual,2026-03-28,2026-04-04,6.8
P00296-L018,P00296,earned,2026-04-26,2026-04-30,3.1
P00296-L019,P00296,casual,2026-05-22,2026-05-30,7.8
P00296-L020,P00296,medical,2026-06-29,2026-07-07,8.1
P00296-L021,P00296,earned,2026-07-29,2026-08-05,6.7
P00297-L001,P00297,earned,2024-09-05,2024-09-12,7.2
P00297-L002,P00297,earned,2024-09-29,2024-10-04,5.1
P00297-L003,P00297,earned,2024-10-28,2024-11-01,3.9
P00297-L004,P00297,earned,2024-11-23,2024-11-30,6.7
P00297-L005,P00297,medical,2024-12-26,2025-01-01,5.5
P00297-L006,P00297,casual,2025-01-18,2025-01-23,4.8
P00297-L007,P00297,compensatory,2025-02-12,2025-02-14,1.9
P00297-L008,P00297,compensatory,2025-03-12,2025-03-17,4.8
P00297-L009,P00297,earned,2025-04-04,2025-04-08,3.6
P00297-L010,P00297,casual,2025-05-12,2025-05-18,6.2
P00297-L011,P00297,casual,2025-05-29,2025-06-07,8.5
P00297-L012,P00297,medical,2025-06-30,2025-07-06,6.1
P00297-L013,P00297,earned,2025-07-31,2025-08-10,10.0
P00297-L014,P00297,earned,2025-08-22,2025-08-31,9.1
P00297-L015,P00297,casual,2025-09-15,2025-09-23,8.1
P00297-L016,P00297,medical,2025-10-15,2025-10-24,9.8
P00297-L017,P00297,casual,2025-11-15,2025-11-17,1.9
P00297-L018,P00297,earned,2025-12-08,2025-12-18,10.4
P00297-L019,P00297,earned,2026-01-11,2026-01-20,9.1
P00297-L020,P00297,earned,2026-01-27,2026-02-07,10.9
P00297-L021,P00297,casual,2026-02-25,2026-03-10,13.1
P00297-L022,P00297,medical,2026-03-26,2026-03-28,2.4
P00297-L023,P00297,casual,2026-04-22,2026-05-07,14.9
P00297-L024,P00297,earned,2026-05-25,2026-06-03,8.6
P00297-L025,P00297,compensatory,2026-06-16,2026-06-28,12.7
P00297-L026,P00297,medical,2026-07-16,2026-07-28,11.8
P00297-L027,P00297,casual,2026-08-12,2026-08-15,2.9
P00298-L001,P00298,earned,2024-09-28,2024-10-03,5.4
P00298-L002,P00298,casual,2024-10-18,2024-10-27,8.7
P00298-L003,P00298,earned,2024-11-21,2024-11-28,6.9
P00298-L004,P00298,casual,2025-01-09,2025-01-21,12.1
P00298-L005,P00298,earned,2025-02-10,2025-02-17,6.8
P00298-L006,P00298,casual,2025-03-20,2025-03-28,7.8
P00298-L007,P00298,earned,2025-04-24,2025-04-30,5.8
P00298-L008,P00298,earned,2025-05-30,2025-05-31,1.7
P00298-L009,P00298,casual,2025-07-10,2025-07-18,8.6
P00298-L010,P00298,earned,2025-08-17,2025-08-26,8.9
P00298-L011,P00298,casual,2025-09-29,2025-10-14,15.3
P00298-L012,P00298,compensatory,2025-11-22,2025-11-28,5.6
P00298-L013,P00298,earned,2025-12-06,2025-12-13,7.0
P00298-L014,P00298,earned,2026-01-17,2026-02-04,18.8
P00298-L015,P00298,earned,2026-02-27,2026-03-07,7.2
P00298-L016,P00298,casual,2026-04-19,2026-05-01,12.0
P00298-L017,P00298,earned,2026-05-19,2026-05-26,7.1
P00298-L018,P00298,earned,2026-06-27,2026-07-16,19.2
P00298-L019,P00298,casual,2026-07-31,2026-08-08,7.7
P00299-L001,P00299,casual,2024-09-03,2024-09-17,13.8
P00299-L002,P00299,earned,2024-11-03,2024-11-09,5.9
P00299-L003,P00299,earned,2024-12-24,2025-01-08,14.8
P00299-L004,P00299,casual,2025-02-08,2025-02-22,13.9
P00299-L005,P00299,earned,2025-04-24,2025-05-05,11.0
P00299-L006,P00299,casual,2025-06-03,2025-06-13,10.4
P00299-L007,P00299,earned,2025-08-10,2025-08-15,5.2
P00299-L008,P00299,casual,2025-09-18,2025-10-03,14.9
P00299-L009,P00299,earned,2025-10-25,2025-11-05,11.0
P00299-L010,P00299,earned,2026-01-13,2026-01-22,8.9
P00299-L011,P00299,earned,2026-02-13,2026-02-24,11.4
P00299-L012,P00299,casual,2026-03-29,2026-04-08,10.5
P00299-L013,P00299,casual,2026-06-14,2026-07-05,20.7
P00299-L014,P00299,casual,2026-07-12,2026-07-19,6.5
P00300-L001,P00300,earned,2024-09-22,2024-10-04,12.3
P00300-L002,P00300,earned,2024-10-31,2024-11-14,13.5
P00300-L003,P00300,earned,2024-12-26,2025-01-01,6.0
P00300-L004,P00300,casual,2025-02-21,2025-03-06,12.3
P00300-L005,P00300,casual,2025-03-31,2025-04-15,14.5
P00300-L006,P00300,earned,2025-06-05,2025-06-20,14.3
P00300-L007,P00300,earned,2025-07-20,2025-08-02,13.2
P00300-L008,P00300,earned,2025-09-05,2025-09-17,11.8
P00300-L009,P00300,earned,2025-10-23,2025-10-30,7.1
P00300-L010,P00300,casual,2025-12-16,2026-01-06,20.5
P00300-L011,P00300,earned,2026-03-05,2026-03-17,12.1
P00300-L012,P00300,casual,2026-03-31,2026-04-10,10.1
P00300-L013,P00300,medical,2026-06-19,2026-06-26,7.3
P00300-L014,P00300,casual,2026-07-27,2026-08-06,10.3
P00301-L001,P00301,earned,2024-09-05,2024-09-10,5.4
P00301-L002,P00301,casual,2024-10-11,2024-10-26,15.2
P00301-L003,P00301,earned,2024-12-03,2024-12-21,17.5
P00301-L004,P00301,earned,2025-01-03,2025-01-06,3.1
P00301-L005,P00301,earned,2025-02-28,2025-03-06,5.6
P00301-L006,P00301,earned,2025-03-24,2025-03-29,4.6
P00301-L007,P00301,casual,2025-04-22,2025-05-14,21.9
P00301-L008,P00301,earned,2025-06-03,2025-06-08,5.0
P00301-L009,P00301,compensatory,2025-07-12,2025-07-15,3.6
P00301-L010,P00301,earned,2025-08-15,2025-08-27,12.4
P00301-L011,P00301,earned,2025-09-30,2025-10-03,3.0
P00301-L012,P00301,casual,2025-11-06,2025-11-10,4.8
P00301-L013,P00301,medical,2025-12-07,2025-12-19,12.0
P00301-L014,P00301,earned,2026-01-27,2026-02-12,15.4
P00301-L015,P00301,casual,2026-02-22,2026-03-16,21.9
P00301-L016,P00301,casual,2026-04-04,2026-04-13,9.7
P00301-L017,P00301,casual,2026-05-20,2026-05-26,5.7
P00301-L018,P00301,casual,2026-06-20,2026-07-07,17.0
P00301-L019,P00301,casual,2026-08-10,2026-08-26,16.1
P00302-L001,P00302,medical,2024-09-22,2024-09-28,5.4
P00302-L002,P00302,earned,2024-10-28,2024-11-12,15.0
P00302-L003,P00302,earned,2025-01-17,2025-01-29,11.5
P00302-L004,P00302,earned,2025-03-07,2025-03-19,11.3
P00302-L005,P00302,earned,2025-03-29,2025-04-07,9.2
P00302-L006,P00302,casual,2025-05-30,2025-06-19,20.6
P00302-L007,P00302,compensatory,2025-08-09,2025-08-12,3.2
P00302-L008,P00302,casual,2025-10-01,2025-10-06,5.0
P00302-L009,P00302,casual,2025-11-14,2025-11-21,7.4
P00302-L010,P00302,earned,2026-01-06,2026-01-21,15.2
P00302-L011,P00302,medical,2026-02-06,2026-02-09,3.1
P00302-L012,P00302,medical,2026-05-03,2026-05-06,3.1
P00302-L013,P00302,earned,2026-06-02,2026-06-10,8.5
P00302-L014,P00302,compensatory,2026-08-14,2026-08-23,9.6
P00303-L001,P00303,casual,2024-09-02,2024-09-06,4.3
P00303-L002,P00303,earned,2024-10-17,2024-10-24,6.9
P00303-L003,P00303,casual,2024-12-20,2024-12-28,7.6
P00303-L004,P00303,casual,2025-01-28,2025-01-31,3.7
P00303-L005,P00303,earned,2025-03-06,2025-03-08,2.2
P00303-L006,P00303,earned,2025-04-29,2025-05-02,3.5
P00303-L007,P00303,casual,2025-06-07,2025-06-08,1.5
P00303-L008,P00303,earned,2025-07-25,2025-08-04,10.2
P00303-L009,P00303,earned,2025-09-14,2025-09-17,3.5
P00303-L010,P00303,compensatory,2025-10-28,2025-11-02,4.2
P00303-L011,P00303,earned,2025-12-22,2025-12-26,3.9
P00303-L012,P00303,medical,2026-02-19,2026-02-26,7.1
P00303-L013,P00303,earned,2026-03-17,2026-03-24,6.8
P00303-L014,P00303,casual,2026-05-16,2026-05-21,5.0
P00303-L015,P00303,earned,2026-06-05,2026-06-06,1.5
P00303-L016,P00303,earned,2026-07-26,2026-07-29,3.7
P00304-L001,P00304,earned,2024-09-15,2024-09-23,8.3
P00304-L002,P00304,compensatory,2024-10-16,2024-10-30,14.0
P00304-L003,P00304,medical,2024-12-08,2024-12-20,12.5
P00304-L004,P00304,compensatory,2025-01-16,2025-01-30,14.3
P00304-L005,P00304,earned,2025-03-11,2025-03-22,11.5
P00304-L006,P00304,earned,2025-04-20,2025-05-02,11.6
P00304-L007,P00304,casual,2025-06-16,2025-06-25,9.1
P00304-L008,P00304,medical,2025-07-26,2025-07-28,2.3
P00304-L009,P00304,earned,2025-09-06,2025-09-12,5.8
P00304-L010,P00304,compensatory,2025-11-04,2025-11-24,20.1
P00304-L011,P00304,earned,2025-12-05,2025-12-21,15.9
P00304-L012,P00304,casual,2026-01-19,2026-01-29,9.9
P00304-L013,P00304,earned,2026-03-23,2026-03-31,7.8
P00304-L014,P00304,earned,2026-04-27,2026-05-03,6.0
P00304-L015,P00304,earned,2026-06-04,2026-06-13,8.5
P00304-L016,P00304,medical,2026-07-17,2026-08-06,19.8
P00305-L001,P00305,earned,2024-09-09,2024-09-24,14.8
P00305-L002,P00305,casual,2024-12-08,2024-12-20,11.4
P00305-L003,P00305,earned,2025-01-13,2025-01-24,10.4
P00305-L004,P00305,earned,2025-03-24,2025-03-26,2.1
P00305-L005,P00305,earned,2025-07-01,2025-07-10,8.7
P00305-L006,P00305,casual,2025-08-02,2025-08-13,11.2
P00305-L007,P00305,casual,2025-11-09,2025-11-12,3.5
P00305-L008,P00305,earned,2026-01-24,2026-02-04,11.2
P00305-L009,P00305,earned,2026-03-04,2026-03-13,8.5
P00305-L010,P00305,earned,2026-05-02,2026-05-13,10.8
P00305-L011,P00305,earned,2026-07-23,2026-07-28,5.7
P00306-L001,P00306,casual,2024-09-11,2024-09-15,4.4
P00306-L002,P00306,earned,2024-10-11,2024-10-17,6.1
P00306-L003,P00306,casual,2024-12-11,2024-12-20,9.3
P00306-L004,P00306,casual,2025-01-12,2025-01-15,3.5
P00306-L005,P00306,earned,2025-02-17,2025-03-11,22.5
P00306-L006,P00306,casual,2025-04-07,2025-04-21,14.0
P00306-L007,P00306,casual,2025-05-12,2025-05-24,11.4
P00306-L008,P00306,earned,2025-07-01,2025-07-06,5.1
P00306-L009,P00306,casual,2025-08-19,2025-08-27,8.0
P00306-L010,P00306,earned,2025-09-11,2025-09-19,8.7
P00306-L011,P00306,casual,2025-10-13,2025-10-26,13.4
P00306-L012,P00306,casual,2025-11-28,2025-12-16,18.0
P00306-L013,P00306,medical,2026-01-05,2026-01-14,8.3
P00306-L014,P00306,earned,2026-02-21,2026-03-03,9.8
P00306-L015,P00306,medical,2026-03-22,2026-04-06,14.4
P00306-L016,P00306,casual,2026-05-22,2026-05-31,9.4
P00306-L017,P00306,earned,2026-06-27,2026-07-03,6.0
P00306-L018,P00306,earned,2026-07-31,2026-08-27,27.9
P00307-L001,P00307,earned,2024-09-23,2024-10-05,12.2
P00307-L002,P00307,earned,2024-10-31,2024-11-09,9.1
P00307-L003,P00307,earned,2024-12-29,2025-01-12,13.5
P00307-L004,P00307,casual,2025-03-01,2025-03-05,3.4
P00307-L005,P00307,earned,2025-04-19,2025-04-21,2.1
P00307-L006,P00307,casual,2025-06-20,2025-06-29,9.1
P00307-L007,P00307,earned,2025-08-24,2025-09-02,8.8
P00307-L008,P00307,earned,2025-09-30,2025-10-06,6.5
P00307-L009,P00307,medical,2025-12-31,2026-01-15,15.3
P00307-L010,P00307,casual,2026-01-21,2026-01-29,7.8
P00307-L011,P00307,casual,2026-03-16,2026-03-29,12.7
P00307-L012,P00307,medical,2026-05-29,2026-06-04,5.5
P00307-L013,P00307,earned,2026-07-10,2026-07-16,6.4
P00308-L001,P00308,earned,2024-09-06,2024-09-21,15.0
P00308-L002,P00308,earned,2024-10-16,2024-10-22,5.7
P00308-L003,P00308,earned,2024-11-02,2024-11-12,10.5
P00308-L004,P00308,earned,2024-12-17,2024-12-20,3.3
P00308-L005,P00308,earned,2025-01-02,2025-01-07,5.3
P00308-L006,P00308,casual,2025-02-06,2025-02-11,5.4
P00308-L007,P00308,earned,2025-03-02,2025-03-08,6.5
P00308-L008,P00308,earned,2025-04-03,2025-04-07,3.6
P00308-L009,P00308,earned,2025-05-08,2025-05-13,4.9
P00308-L010,P00308,medical,2025-06-18,2025-06-26,8.8
P00308-L011,P00308,casual,2025-07-10,2025-07-16,5.4
P00308-L012,P00308,casual,2025-08-03,2025-08-13,10.1
P00308-L013,P00308,earned,2025-08-31,2025-09-03,2.2
P00308-L014,P00308,casual,2025-10-05,2025-10-09,4.2
P00308-L015,P00308,earned,2025-11-01,2025-11-11,9.5
P00308-L016,P00308,medical,2025-12-05,2025-12-08,2.7
P00308-L017,P00308,earned,2026-01-01,2026-01-05,3.3
P00308-L018,P00308,earned,2026-02-06,2026-02-22,16.5
P00308-L019,P00308,casual,2026-03-11,2026-03-19,8.1
P00308-L020,P00308,compensatory,2026-04-13,2026-04-23,9.9
P00308-L021,P00308,casual,2026-05-05,2026-05-07,1.7
P00308-L022,P00308,casual,2026-06-07,2026-06-12,5.6
P00308-L023,P00308,casual,2026-07-23,2026-07-25,1.7
P00308-L024,P00308,earned,2026-08-02,2026-08-19,16.2
P00309-L001,P00309,medical,2024-09-03,2024-09-11,7.3
P00309-L002,P00309,earned,2024-09-29,2024-10-04,4.5
P00309-L003,P00309,earned,2024-10-19,2024-10-22,2.3
P00309-L004,P00309,earned,2024-11-13,2024-11-18,5.3
P00309-L005,P00309,compensatory,2024-12-07,2024-12-19,12.3
P00309-L006,P00309,earned,2025-01-06,2025-01-11,5.2
P00309-L007,P00309,casual,2025-01-29,2025-02-04,5.8
P00309-L008,P00309,casual,2025-02-28,2025-03-06,5.4
P00309-L009,P00309,medical,2025-03-20,2025-03-23,3.6
P00309-L010,P00309,earned,2025-04-08,2025-04-13,4.5
P00309-L011,P00309,medical,2025-05-06,2025-05-09,3.0
P00309-L012,P00309,medical,2025-06-01,2025-06-04,3.7
P00309-L013,P00309,earned,2025-06-26,2025-06-30,3.8
P00309-L014,P00309,earned,2025-07-23,2025-07-25,2.3
P00309-L015,P00309,medical,2025-08-11,2025-08-18,7.1
P00309-L016,P00309,casual,2025-09-01,2025-09-08,7.3
P00309-L017,P00309,earned,2025-09-25,2025-09-29,3.7
P00309-L018,P00309,medical,2025-10-22,2025-10-30,7.8
P00309-L019,P00309,casual,2025-11-17,2025-11-25,8.1
P00309-L020,P00309,earned,2025-12-07,2025-12-12,5.3
P00309-L021,P00309,earned,2026-01-03,2026-01-06,2.8
P00309-L022,P00309,casual,2026-02-06,2026-02-12,6.3
P00309-L023,P00309,earned,2026-02-20,2026-02-25,5.0
P00309-L024,P00309,earned,2026-03-20,2026-03-27,6.8
P00309-L025,P00309,compensatory,2026-04-16,2026-04-21,5.2
P00309-L026,P00309,earned,2026-05-05,2026-05-20,14.4
P00309-L027,P00309,earned,2026-05-31,2026-06-12,11.9
P00309-L028,P00309,medical,2026-07-10,2026-07-13,2.6
P00309-L029,P00309,casual,2026-07-18,2026-07-21,3.2
P00309-L030,P00309,casual,2026-08-10,2026-08-15,4.4
P00310-L001,P00310,earned,2024-09-20,2024-09-30,10.1
P00310-L002,P00310,earned,2024-11-25,2024-12-03,8.0
P00310-L003,P00310,earned,2025-01-29,2025-02-03,5.4
P00310-L004,P00310,casual,2025-05-18,2025-05-26,7.9
P00310-L005,P00310,compensatory,2025-06-21,2025-06-25,4.5
P00310-L006,P00310,earned,2025-09-25,2025-10-07,11.0
P00310-L007,P00310,earned,2025-11-14,2025-11-23,9.3
P00310-L008,P00310,compensatory,2026-02-10,2026-02-23,12.8
P00310-L009,P00310,earned,2026-04-12,2026-04-19,7.0
P00310-L010,P00310,casual,2026-08-11,2026-08-20,9.1
P00311-L001,P00311,earned,2024-09-22,2024-09-27,5.6
P00311-L002,P00311,medical,2024-10-15,2024-10-25,9.2
P00311-L003,P00311,earned,2024-11-30,2024-12-15,14.9
P00311-L004,P00311,casual,2025-01-09,2025-01-16,7.6
P00311-L005,P00311,compensatory,2025-02-02,2025-02-11,8.9
P00311-L006,P00311,earned,2025-03-12,2025-03-17,5.4
P00311-L007,P00311,casual,2025-04-30,2025-05-05,4.4
P00311-L008,P00311,medical,2025-05-31,2025-06-09,9.2
P00311-L009,P00311,earned,2025-07-15,2025-07-24,8.6
P00311-L010,P00311,earned,2025-08-24,2025-08-30,5.2
P00311-L011,P00311,earned,2025-10-03,2025-10-07,4.4
P00311-L012,P00311,earned,2025-10-28,2025-11-11,13.2
P00311-L013,P00311,earned,2025-12-18,2025-12-23,5.1
P00311-L014,P00311,medical,2026-01-29,2026-02-16,17.5
P00311-L015,P00311,earned,2026-02-23,2026-03-04,9.2
P00311-L016,P00311,casual,2026-04-03,2026-04-08,5.1
P00311-L017,P00311,casual,2026-05-13,2026-05-25,12.4
P00311-L018,P00311,earned,2026-06-27,2026-07-06,8.9
P00311-L019,P00311,earned,2026-08-01,2026-08-16,15.7
P00312-L001,P00312,earned,2024-09-12,2024-09-21,8.3
P00312-L002,P00312,medical,2024-10-04,2024-10-10,5.4
P00312-L003,P00312,earned,2024-11-11,2024-11-17,6.6
P00312-L004,P00312,casual,2024-12-15,2024-12-19,3.2
P00312-L005,P00312,casual,2025-01-15,2025-01-30,14.3
P00312-L006,P00312,casual,2025-02-17,2025-02-25,8.0
P00312-L007,P00312,earned,2025-03-22,2025-03-27,5.2
P00312-L008,P00312,medical,2025-04-30,2025-05-04,4.1
P00312-L009,P00312,compensatory,2025-06-11,2025-06-15,4.0
P00312-L010,P00312,casual,2025-06-29,2025-07-02,3.3
P00312-L011,P00312,casual,2025-08-12,2025-08-13,1.0
P00312-L012,P00312,medical,2025-09-11,2025-09-14,2.9
P00312-L013,P00312,compensatory,2025-10-15,2025-10-20,5.0
P00312-L014,P00312,earned,2025-11-07,2025-11-13,6.0
P00312-L015,P00312,medical,2025-12-20,2025-12-28,7.7
P00312-L016,P00312,earned,2026-01-30,2026-02-05,5.2
P00312-L017,P00312,medical,2026-02-21,2026-02-26,5.3
P00312-L018,P00312,earned,2026-03-20,2026-03-30,9.5
P00312-L019,P00312,earned,2026-04-22,2026-04-29,6.6
P00312-L020,P00312,casual,2026-05-30,2026-06-08,8.4
P00312-L021,P00312,earned,2026-07-04,2026-07-13,8.9
P00312-L022,P00312,compensatory,2026-08-09,2026-08-19,10.2
P00313-L001,P00313,casual,2024-09-15,2024-09-19,3.9
P00313-L002,P00313,medical,2024-11-03,2024-11-15,12.1
P00313-L003,P00313,casual,2024-12-23,2025-01-07,14.3
P00313-L004,P00313,casual,2025-03-02,2025-03-11,8.9
P00313-L005,P00313,earned,2025-03-31,2025-04-15,14.9
P00313-L006,P00313,earned,2025-06-17,2025-06-28,11.2
P00313-L007,P00313,earned,2025-07-16,2025-07-23,7.3
P00313-L008,P00313,earned,2025-09-06,2025-09-12,5.3
P00313-L009,P00313,casual,2025-10-24,2025-10-31,7.0
P00313-L010,P00313,earned,2025-12-24,2026-01-02,9.6
P00313-L011,P00313,casual,2026-02-11,2026-02-24,12.1
P00313-L012,P00313,earned,2026-04-06,2026-04-15,9.8
P00313-L013,P00313,earned,2026-06-25,2026-06-30,4.6
P00313-L014,P00313,casual,2026-07-15,2026-07-27,11.8
P00314-L001,P00314,earned,2024-09-07,2024-09-15,8.6
P00314-L002,P00314,earned,2024-11-08,2024-11-14,5.7
P00314-L003,P00314,earned,2024-12-08,2024-12-16,7.8
P00314-L004,P00314,casual,2025-01-11,2025-01-16,5.0
P00314-L005,P00314,earned,2025-03-19,2025-03-25,6.6
P00314-L006,P00314,medical,2025-04-09,2025-04-12,3.5
P00314-L007,P00314,earned,2025-05-23,2025-05-27,3.3
P00314-L008,P00314,casual,2025-07-02,2025-07-11,9.5
P00314-L009,P00314,earned,2025-08-16,2025-08-27,11.1
P00314-L010,P00314,earned,2025-10-09,2025-10-16,6.5
P00314-L011,P00314,earned,2025-11-11,2025-11-16,4.4
P00314-L012,P00314,earned,2025-12-19,2025-12-31,11.7
P00314-L013,P00314,casual,2026-01-30,2026-02-07,8.1
P00314-L014,P00314,earned,2026-03-19,2026-03-25,5.9
P00314-L015,P00314,compensatory,2026-05-08,2026-05-18,9.9
P00314-L016,P00314,earned,2026-06-07,2026-06-13,6.1
P00314-L017,P00314,earned,2026-07-26,2026-08-02,6.9
P00315-L001,P00315,earned,2024-09-03,2024-09-10,6.8
P00315-L002,P00315,medical,2024-11-13,2024-11-20,6.8
P00315-L003,P00315,medical,2024-12-08,2024-12-12,4.3
P00315-L004,P00315,casual,2025-02-17,2025-02-24,7.4
P00315-L005,P00315,earned,2025-03-14,2025-03-26,11.4
P00315-L006,P00315,casual,2025-05-10,2025-05-17,7.6
P00315-L007,P00315,earned,2025-06-27,2025-07-24,26.2
P00315-L008,P00315,earned,2025-08-12,2025-08-19,7.2
P00315-L009,P00315,compensatory,2025-10-04,2025-10-12,7.9
P00315-L010,P00315,earned,2025-11-27,2025-12-09,11.8
P00315-L011,P00315,casual,2026-01-10,2026-01-19,8.3
P00315-L012,P00315,medical,2026-02-24,2026-03-14,18.4
P00315-L013,P00315,earned,2026-04-19,2026-04-26,7.5
P00315-L014,P00315,earned,2026-06-02,2026-06-21,18.9
P00315-L015,P00315,medical,2026-07-19,2026-07-27,8.8
P00316-L001,P00316,earned,2024-08-31,2024-09-05,5.4
P00316-L002,P00316,casual,2024-10-12,2024-10-17,5.8
P00316-L003,P00316,casual,2024-11-20,2024-11-26,6.4
P00316-L004,P00316,earned,2024-12-22,2025-01-05,13.4
P00316-L005,P00316,casual,2025-01-31,2025-02-10,9.4
P00316-L006,P00316,casual,2025-02-24,2025-03-07,10.6
P00316-L007,P00316,casual,2025-03-29,2025-04-06,7.9
P00316-L008,P00316,casual,2025-05-05,2025-05-10,4.5
P00316-L009,P00316,casual,2025-06-12,2025-06-15,3.3
P00316-L010,P00316,casual,2025-07-20,2025-07-30,10.1
P00316-L011,P00316,earned,2025-08-15,2025-08-21,5.4
P00316-L012,P00316,earned,2025-10-02,2025-10-05,2.6
P00316-L013,P00316,earned,2025-11-10,2025-11-15,4.8
P00316-L014,P00316,casual,2025-12-01,2025-12-06,5.7
P00316-L015,P00316,earned,2026-01-04,2026-01-07,3.4
P00316-L016,P00316,earned,2026-02-13,2026-02-17,4.0
P00316-L017,P00316,casual,2026-03-11,2026-03-16,5.0
P00316-L018,P00316,medical,2026-04-26,2026-05-01,5.0
P00316-L019,P00316,earned,2026-06-07,2026-06-13,6.4
P00316-L020,P00316,earned,2026-07-01,2026-07-09,8.5
P00316-L021,P00316,casual,2026-07-28,2026-08-12,15.2
P00317-L001,P00317,compensatory,2024-10-09,2024-10-19,10.5
P00317-L002,P00317,casual,2025-01-03,2025-01-10,6.7
P00317-L003,P00317,casual,2025-06-15,2025-06-23,7.9
P00317-L004,P00317,medical,2025-09-21,2025-10-05,13.9
P00317-L005,P00317,casual,2026-01-07,2026-01-23,16.0
P00317-L006,P00317,casual,2026-06-10,2026-06-19,8.8
P00318-L001,P00318,compensatory,2024-09-05,2024-09-11,5.7
P00318-L002,P00318,casual,2024-10-05,2024-10-09,4.1
P00318-L003,P00318,medical,2024-11-09,2024-11-15,6.0
P00318-L004,P00318,earned,2024-12-04,2024-12-08,4.1
P00318-L005,P00318,earned,2025-01-02,2025-01-03,1.5
P00318-L006,P00318,casual,2025-01-31,2025-02-08,8.0
P00318-L007,P00318,earned,2025-02-19,2025-02-27,7.7
P00318-L008,P00318,earned,2025-04-03,2025-04-05,1.8
P00318-L009,P00318,casual,2025-04-18,2025-04-24,5.9
P00318-L010,P00318,earned,2025-05-14,2025-05-16,1.6
P00318-L011,P00318,earned,2025-06-26,2025-06-30,4.1
P00318-L012,P00318,earned,2025-07-13,2025-07-18,5.1
P00318-L013,P00318,casual,2025-08-13,2025-08-17,3.6
P00318-L014,P00318,casual,2025-09-02,2025-09-13,11.0
P00318-L015,P00318,earned,2025-10-11,2025-10-13,2.3
P00318-L016,P00318,earned,2025-10-26,2025-10-30,3.6
P00318-L017,P00318,earned,2025-12-03,2025-12-09,5.4
P00318-L018,P00318,medical,2026-01-01,2026-01-05,4.1
P00318-L019,P00318,earned,2026-01-20,2026-02-02,13.4
P00318-L020,P00318,casual,2026-02-24,2026-02-26,1.9
P00318-L021,P00318,casual,2026-04-01,2026-04-05,4.1
P00318-L022,P00318,earned,2026-04-19,2026-04-28,8.9
P00318-L023,P00318,medical,2026-05-12,2026-05-14,1.8
P00318-L024,P00318,casual,2026-06-16,2026-06-26,10.0
P00318-L025,P00318,casual,2026-07-17,2026-07-22,5.2
P00318-L026,P00318,earned,2026-08-12,2026-08-18,6.1
P00319-L001,P00319,casual,2024-09-03,2024-09-19,15.8
P00319-L002,P00319,earned,2024-10-11,2024-10-20,8.9
P00319-L003,P00319,medical,2024-11-16,2024-11-21,5.0
P00319-L004,P00319,compensatory,2024-12-29,2024-12-31,2.3
P00319-L005,P00319,earned,2025-01-26,2025-02-04,8.2
P00319-L006,P00319,earned,2025-03-04,2025-03-15,11.2
P00319-L007,P00319,earned,2025-04-16,2025-04-24,8.8
P00319-L008,P00319,medical,2025-05-30,2025-06-06,6.8
P00319-L009,P00319,casual,2025-06-24,2025-07-08,13.9
P00319-L010,P00319,earned,2025-08-01,2025-08-07,5.9
P00319-L011,P00319,casual,2025-09-08,2025-09-13,5.0
P00319-L012,P00319,casual,2025-10-18,2025-10-28,9.9
P00319-L013,P00319,casual,2025-11-15,2025-11-23,7.5
P00319-L014,P00319,earned,2025-12-21,2026-01-08,17.5
P00319-L015,P00319,earned,2026-01-26,2026-01-31,5.4
P00319-L016,P00319,compensatory,2026-03-02,2026-03-14,12.1
P00319-L017,P00319,earned,2026-04-12,2026-04-19,7.2
P00319-L018,P00319,medical,2026-05-26,2026-06-01,5.5
P00319-L019,P00319,earned,2026-07-06,2026-07-09,3.3
P00319-L020,P00319,earned,2026-07-27,2026-08-08,12.4
P00320-L001,P00320,casual,2024-09-09,2024-09-23,14.5
P00320-L002,P00320,casual,2024-12-05,2024-12-15,9.3
P00320-L003,P00320,casual,2025-01-29,2025-02-06,7.3
P00320-L004,P00320,earned,2025-03-14,2025-03-30,15.9
P00320-L005,P00320,earned,2025-05-18,2025-05-28,9.9
P00320-L006,P00320,earned,2025-07-22,2025-08-05,14.0
P00320-L007,P00320,earned,2025-09-22,2025-09-25,2.7
P00320-L008,P00320,medical,2025-12-11,2025-12-19,8.2
P00320-L009,P00320,casual,2026-02-07,2026-02-19,11.7
P00320-L010,P00320,medical,2026-03-29,2026-04-06,7.9
P00320-L011,P00320,earned,2026-05-28,2026-06-03,5.4
P00320-L012,P00320,casual,2026-07-16,2026-07-23,7.6
P00321-L001,P00321,earned,2024-09-07,2024-09-15,8.2
P00321-L002,P00321,earned,2025-03-01,2025-03-13,12.4
P00321-L003,P00321,casual,2025-05-04,2025-05-09,4.9
P00321-L004,P00321,casual,2025-11-13,2025-11-28,15.4
P00321-L005,P00321,casual,2026-03-19,2026-04-03,14.9
P00321-L006,P00321,earned,2026-05-20,2026-05-21,1.1
P00322-L001,P00322,earned,2024-08-31,2024-09-30,29.4
P00322-L002,P00322,compensatory,2024-11-11,2024-11-22,11.4
P00322-L003,P00322,medical,2025-01-02,2025-01-04,2.6
P00322-L004,P00322,compensatory,2025-01-29,2025-02-11,12.2
P00322-L005,P00322,casual,2025-04-16,2025-04-21,4.2
P00322-L006,P00322,medical,2025-05-07,2025-05-21,13.3
P00322-L007,P00322,earned,2025-07-01,2025-07-18,16.3
P00322-L008,P00322,earned,2025-08-16,2025-09-01,15.7
P00322-L009,P00322,casual,2025-10-07,2025-10-15,7.5
P00322-L010,P00322,casual,2025-11-16,2025-11-27,11.9
P00322-L011,P00322,earned,2026-01-01,2026-01-10,8.6
P00322-L012,P00322,compensatory,2026-02-27,2026-03-15,15.8
P00322-L013,P00322,casual,2026-04-17,2026-04-28,11.0
P00322-L014,P00322,compensatory,2026-05-30,2026-06-08,9.0
P00322-L015,P00322,compensatory,2026-08-09,2026-08-18,8.4
P00323-L001,P00323,casual,2024-09-05,2024-09-12,7.1
P00323-L002,P00323,earned,2024-10-18,2024-10-30,12.6
P00323-L003,P00323,earned,2024-11-12,2024-11-19,7.7
P00323-L004,P00323,earned,2024-12-26,2025-01-03,7.6
P00323-L005,P00323,casual,2025-01-19,2025-01-25,5.5
P00323-L006,P00323,medical,2025-02-22,2025-03-07,13.6
P00323-L007,P00323,casual,2025-03-20,2025-03-26,5.8
P00323-L008,P00323,earned,2025-05-13,2025-05-17,4.6
P00323-L009,P00323,casual,2025-05-29,2025-06-06,8.0
P00323-L010,P00323,compensatory,2025-06-29,2025-07-06,6.4
P00323-L011,P00323,earned,2025-08-02,2025-08-06,4.4
P00323-L012,P00323,earned,2025-09-01,2025-09-08,7.4
P00323-L013,P00323,earned,2025-10-06,2025-10-18,11.2
P00323-L014,P00323,casual,2025-11-19,2025-11-26,7.1
P00323-L015,P00323,casual,2025-12-10,2025-12-17,7.1
P00323-L016,P00323,compensatory,2026-01-26,2026-01-30,4.1
P00323-L017,P00323,medical,2026-02-24,2026-03-05,9.2
P00323-L018,P00323,casual,2026-03-22,2026-03-28,5.7
P00323-L019,P00323,casual,2026-04-30,2026-05-05,5.1
P00323-L020,P00323,earned,2026-06-08,2026-06-16,8.1
P00323-L021,P00323,compensatory,2026-06-26,2026-07-03,6.5
P00323-L022,P00323,compensatory,2026-08-06,2026-08-20,14.4
P00324-L001,P00324,earned,2024-09-18,2024-09-22,4.5
P00324-L002,P00324,casual,2024-11-15,2024-11-21,6.3
P00324-L003,P00324,earned,2025-02-04,2025-02-05,1.3
P00324-L004,P00324,earned,2025-02-23,2025-03-02,6.1
P00324-L005,P00324,casual,2025-04-29,2025-05-07,8.4
P00324-L006,P00324,earned,2025-06-19,2025-06-21,2.0
P00324-L007,P00324,casual,2025-09-03,2025-09-12,9.1
P00324-L008,P00324,earned,2025-10-10,2025-10-27,16.6
P00324-L009,P00324,medical,2025-11-27,2025-12-21,24.1
P00324-L010,P00324,casual,2026-01-28,2026-02-08,10.9
P00324-L011,P00324,earned,2026-03-16,2026-03-28,11.3
P00324-L012,P00324,casual,2026-05-18,2026-05-27,9.3
P00324-L013,P00324,earned,2026-08-20,2026-08-30,10.0
P00325-L001,P00325,earned,2024-09-01,2024-09-07,6.1
P00325-L002,P00325,earned,2024-10-13,2024-10-16,2.2
P00325-L003,P00325,casual,2024-11-05,2024-11-09,3.7
P00325-L004,P00325,earned,2024-11-20,2024-11-27,7.2
P00325-L005,P00325,earned,2024-12-16,2024-12-27,11.2
P00325-L006,P00325,medical,2025-01-17,2025-01-24,7.0
P00325-L007,P00325,medical,2025-02-02,2025-02-09,7.5
P00325-L008,P00325,medical,2025-03-03,2025-03-10,6.6
P00325-L009,P00325,earned,2025-03-23,2025-03-27,4.4
P00325-L010,P00325,casual,2025-04-21,2025-04-25,4.1
P00325-L011,P00325,compensatory,2025-05-11,2025-05-19,7.1
P00325-L012,P00325,earned,2025-06-08,2025-06-14,5.9
P00325-L013,P00325,casual,2025-07-03,2025-07-11,7.9
P00325-L014,P00325,compensatory,2025-08-07,2025-08-10,3.5
P00325-L015,P00325,medical,2025-08-25,2025-08-26,1.9
P00325-L016,P00325,earned,2025-09-28,2025-09-30,2.5
P00325-L017,P00325,medical,2025-10-15,2025-10-17,2.1
P00325-L018,P00325,earned,2025-11-18,2025-11-23,5.4
P00325-L019,P00325,casual,2025-12-02,2025-12-10,7.5
P00325-L020,P00325,casual,2025-12-24,2026-01-01,8.3
P00325-L021,P00325,casual,2026-01-20,2026-02-01,11.9
P00325-L022,P00325,earned,2026-02-17,2026-03-02,13.4
P00325-L023,P00325,earned,2026-03-22,2026-03-26,3.6
P00325-L024,P00325,earned,2026-04-14,2026-04-16,1.7
P00325-L025,P00325,earned,2026-05-17,2026-05-22,4.6
P00325-L026,P00325,earned,2026-06-05,2026-06-14,9.6
P00325-L027,P00325,casual,2026-06-25,2026-07-03,8.0
P00325-L028,P00325,earned,2026-07-13,2026-07-22,8.6
P00325-L029,P00325,casual,2026-08-10,2026-08-15,4.7
P00326-L001,P00326,casual,2024-09-06,2024-09-08,2.1
P00326-L002,P00326,medical,2024-10-16,2024-10-17,1.0
P00326-L003,P00326,earned,2024-11-28,2024-12-02,3.6
P00326-L004,P00326,casual,2025-01-15,2025-01-19,4.1
P00326-L005,P00326,casual,2025-03-02,2025-03-09,7.5
P00326-L006,P00326,earned,2025-04-12,2025-04-19,6.3
P00326-L007,P00326,earned,2025-05-22,2025-06-02,10.9
P00326-L008,P00326,medical,2025-07-05,2025-07-17,11.8
P00326-L009,P00326,medical,2025-08-12,2025-08-27,15.4
P00326-L010,P00326,earned,2025-09-26,2025-10-01,5.0
P00326-L011,P00326,casual,2025-11-07,2025-11-10,2.7
P00326-L012,P00326,casual,2025-12-19,2025-12-26,7.5
P00326-L013,P00326,earned,2026-01-31,2026-02-13,12.8
P00326-L014,P00326,compensatory,2026-04-02,2026-04-11,9.1
P00326-L015,P00326,casual,2026-05-23,2026-05-30,6.9
P00326-L016,P00326,medical,2026-06-15,2026-06-26,11.0
P00326-L017,P00326,casual,2026-07-29,2026-08-01,3.5
P00326-LRR,P00326,earned,2026-08-01,2026-08-22,20.8
P00327-L001,P00327,earned,2024-09-13,2024-09-16,3.0
P00327-L002,P00327,earned,2024-10-08,2024-10-10,1.9
P00327-L003,P00327,earned,2024-10-27,2024-11-06,10.5
P00327-L004,P00327,casual,2024-11-29,2024-12-04,4.7
P00327-L005,P00327,casual,2024-12-20,2024-12-28,8.5
P00327-L006,P00327,earned,2025-01-17,2025-01-21,3.2
P00327-L007,P00327,earned,2025-02-10,2025-02-14,3.4
P00327-L008,P00327,casual,2025-03-12,2025-03-17,5.1
P00327-L009,P00327,casual,2025-04-15,2025-04-26,11.3
P00327-L010,P00327,casual,2025-05-09,2025-05-12,3.1
P00327-L011,P00327,earned,2025-06-07,2025-06-13,5.2
P00327-L012,P00327,casual,2025-07-06,2025-07-12,6.0
P00327-L013,P00327,earned,2025-07-24,2025-07-31,7.3
P00327-L014,P00327,medical,2025-08-18,2025-08-29,10.6
P00327-L015,P00327,earned,2025-09-24,2025-09-29,4.6
P00327-L016,P00327,earned,2025-10-13,2025-10-16,2.9
P00327-L017,P00327,earned,2025-11-25,2025-12-02,7.2
P00327-L018,P00327,earned,2025-12-08,2025-12-15,7.6
P00327-L019,P00327,casual,2026-01-02,2026-01-08,6.0
P00327-L020,P00327,casual,2026-01-27,2026-02-02,6.1
P00327-L021,P00327,earned,2026-03-03,2026-03-07,3.6
P00327-L022,P00327,earned,2026-03-28,2026-04-04,6.4
P00327-L023,P00327,casual,2026-04-25,2026-05-01,6.1
P00327-L024,P00327,earned,2026-05-20,2026-06-01,12.5
P00327-L025,P00327,casual,2026-06-26,2026-07-01,4.9
P00327-L026,P00327,earned,2026-07-18,2026-07-21,2.9
P00327-L027,P00327,compensatory,2026-08-15,2026-08-19,3.5
P00328-L001,P00328,medical,2024-09-12,2024-09-23,11.2
P00328-L002,P00328,earned,2024-11-29,2024-12-07,7.8
P00328-L003,P00328,earned,2025-01-30,2025-02-01,1.7
P00328-L004,P00328,casual,2025-04-16,2025-04-23,6.8
P00328-L005,P00328,medical,2025-06-20,2025-06-27,7.2
P00328-L006,P00328,earned,2025-09-18,2025-09-27,9.0
P00328-L007,P00328,earned,2025-12-06,2025-12-15,9.5
P00328-L008,P00328,medical,2026-02-22,2026-02-26,4.1
P00328-L009,P00328,earned,2026-04-23,2026-04-29,6.7
P00328-L010,P00328,earned,2026-06-28,2026-07-08,9.5
P00329-L001,P00329,earned,2024-09-07,2024-09-15,8.6
P00329-L002,P00329,earned,2024-10-27,2024-11-10,14.1
P00329-L003,P00329,earned,2024-11-17,2024-12-03,16.4
P00329-L004,P00329,medical,2024-12-27,2025-01-06,9.8
P00329-L005,P00329,compensatory,2025-02-05,2025-02-09,4.6
P00329-L006,P00329,medical,2025-03-23,2025-03-29,5.3
P00329-L007,P00329,medical,2025-04-30,2025-05-13,13.4
P00329-L008,P00329,earned,2025-06-20,2025-06-25,5.0
P00329-L009,P00329,casual,2025-07-16,2025-07-21,5.5
P00329-L010,P00329,casual,2025-08-15,2025-08-23,8.0
P00329-L011,P00329,earned,2025-09-22,2025-10-03,10.5
P00329-L012,P00329,earned,2025-11-05,2025-11-17,12.2
P00329-L013,P00329,earned,2025-12-20,2026-01-04,15.1
P00329-L014,P00329,earned,2026-01-15,2026-01-18,2.8
P00329-L015,P00329,earned,2026-03-05,2026-03-13,8.2
P00329-L016,P00329,earned,2026-04-01,2026-04-07,5.5
P00329-L017,P00329,earned,2026-05-30,2026-06-05,6.2
P00329-L018,P00329,casual,2026-06-25,2026-07-01,5.8
P00329-L019,P00329,earned,2026-08-22,2026-08-26,3.4
P00330-L001,P00330,medical,2024-09-11,2024-09-26,14.2
P00330-L002,P00330,earned,2024-11-20,2024-11-28,8.5
P00330-L003,P00330,casual,2024-12-25,2025-01-07,13.1
P00330-L004,P00330,casual,2025-03-12,2025-03-21,9.5
P00330-L005,P00330,casual,2025-05-11,2025-05-22,10.8
P00330-L006,P00330,casual,2025-07-02,2025-07-25,22.6
P00330-L007,P00330,casual,2025-08-15,2025-08-24,9.1
P00330-L008,P00330,earned,2025-10-13,2025-10-28,14.5
P00330-L009,P00330,casual,2025-12-04,2025-12-10,5.9
P00330-L010,P00330,earned,2026-01-26,2026-02-03,8.0
P00330-L011,P00330,medical,2026-03-16,2026-04-15,30.0
P00330-L012,P00330,earned,2026-05-15,2026-05-21,5.5
P00330-L013,P00330,earned,2026-07-25,2026-08-05,11.3
P00331-L001,P00331,casual,2024-09-14,2024-09-23,9.5
P00331-L002,P00331,casual,2024-10-21,2024-11-02,11.2
P00331-L003,P00331,earned,2024-12-28,2025-01-09,12.2
P00331-L004,P00331,casual,2025-02-10,2025-02-19,9.0
P00331-L005,P00331,compensatory,2025-03-09,2025-03-26,17.1
P00331-L006,P00331,compensatory,2025-05-04,2025-05-09,5.2
P00331-L007,P00331,earned,2025-06-18,2025-06-30,11.9
P00331-L008,P00331,casual,2025-07-27,2025-08-13,17.1
P00331-L009,P00331,earned,2025-09-18,2025-10-08,19.5
P00331-L010,P00331,casual,2025-10-24,2025-11-07,14.1
P00331-L011,P00331,casual,2025-12-23,2026-01-01,9.0
P00331-L012,P00331,medical,2026-01-25,2026-02-07,13.6
P00331-L013,P00331,earned,2026-03-11,2026-03-21,9.7
P00331-L014,P00331,earned,2026-04-17,2026-04-27,10.2
P00331-L015,P00331,earned,2026-06-11,2026-06-14,3.7
P00331-L016,P00331,earned,2026-08-04,2026-08-10,5.8
P00332-L001,P00332,casual,2024-09-15,2024-09-28,13.2
P00332-L002,P00332,earned,2024-10-07,2024-10-11,4.1
P00332-L003,P00332,casual,2024-11-14,2024-11-26,11.4
P00332-L004,P00332,earned,2024-12-19,2024-12-30,10.6
P00332-L005,P00332,medical,2025-02-15,2025-02-22,7.5
P00332-L006,P00332,earned,2025-03-16,2025-03-27,10.9
P00332-L007,P00332,compensatory,2025-04-17,2025-04-25,7.9
P00332-L008,P00332,casual,2025-05-23,2025-05-31,7.9
P00332-L009,P00332,earned,2025-07-07,2025-07-20,13.4
P00332-L010,P00332,earned,2025-08-13,2025-08-18,5.3
P00332-L011,P00332,casual,2025-10-01,2025-10-04,2.9
P00332-L012,P00332,medical,2025-10-21,2025-10-24,2.8
P00332-L013,P00332,casual,2025-11-14,2025-11-22,7.8
P00332-L014,P00332,earned,2025-12-21,2026-01-01,11.5
P00332-L015,P00332,casual,2026-02-02,2026-02-09,6.9
P00332-L016,P00332,medical,2026-03-21,2026-03-24,3.5
P00332-L017,P00332,earned,2026-04-22,2026-05-01,8.8
P00332-L018,P00332,compensatory,2026-05-17,2026-06-06,20.4
P00332-L019,P00332,earned,2026-06-27,2026-07-02,4.5
P00332-L020,P00332,casual,2026-08-05,2026-08-14,9.0
P00333-L001,P00333,earned,2024-09-05,2024-09-07,1.9
P00333-L002,P00333,casual,2024-09-30,2024-10-06,6.5
P00333-L003,P00333,casual,2024-10-24,2024-10-28,4.0
P00333-L004,P00333,medical,2024-11-14,2024-11-25,10.5
P00333-L005,P00333,casual,2024-12-07,2024-12-09,2.7
P00333-L006,P00333,casual,2025-01-03,2025-01-14,10.8
P00333-L007,P00333,casual,2025-01-27,2025-02-02,6.1
P00333-L008,P00333,earned,2025-03-04,2025-03-09,4.4
P00333-L009,P00333,casual,2025-03-28,2025-04-02,4.2
P00333-L010,P00333,earned,2025-04-11,2025-04-18,7.0
P00333-L011,P00333,earned,2025-05-02,2025-05-13,10.2
P00333-L012,P00333,earned,2025-06-10,2025-06-12,2.7
P00333-L013,P00333,compensatory,2025-06-27,2025-06-29,1.9
P00333-L014,P00333,medical,2025-07-16,2025-07-25,9.3
P00333-L015,P00333,medical,2025-08-10,2025-08-14,3.7
P00333-L016,P00333,earned,2025-09-09,2025-09-13,4.1
P00333-L017,P00333,casual,2025-10-03,2025-10-08,4.5
P00333-L018,P00333,earned,2025-10-21,2025-10-25,4.8
P00333-L019,P00333,earned,2025-11-13,2025-11-24,11.3
P00333-L020,P00333,earned,2025-12-14,2025-12-18,3.9
P00333-L021,P00333,medical,2026-01-05,2026-01-11,6.0
P00333-L022,P00333,earned,2026-01-25,2026-01-26,1.3
P00333-L023,P00333,casual,2026-02-19,2026-02-24,5.0
P00333-L024,P00333,earned,2026-03-15,2026-03-19,4.4
P00333-L025,P00333,earned,2026-04-22,2026-04-25,2.8
P00333-L026,P00333,medical,2026-05-03,2026-05-06,2.8
P00333-L027,P00333,earned,2026-06-06,2026-06-09,2.7
P00333-L028,P00333,casual,2026-06-21,2026-06-29,8.4
P00333-L029,P00333,earned,2026-07-19,2026-07-29,10.6
P00333-L030,P00333,casual,2026-08-11,2026-08-19,8.3
P00334-L001,P00334,earned,2024-09-21,2024-09-28,6.5
P00334-L002,P00334,medical,2024-11-28,2024-12-05,7.6
P00334-L003,P00334,casual,2024-12-20,2024-12-27,7.6
P00334-L004,P00334,medical,2025-03-13,2025-03-20,6.3
P00334-L005,P00334,earned,2025-04-01,2025-04-11,9.7
P00334-L006,P00334,earned,2025-05-19,2025-05-23,4.2
P00334-L007,P00334,compensatory,2025-07-14,2025-07-20,6.4
P00334-L008,P00334,earned,2025-09-28,2025-10-04,6.1
P00334-L009,P00334,earned,2025-10-30,2025-11-14,14.9
P00334-L010,P00334,earned,2025-12-22,2025-12-26,4.4
P00334-L011,P00334,earned,2026-02-04,2026-02-14,9.6
P00334-L012,P00334,medical,2026-04-06,2026-04-19,13.0
P00334-L013,P00334,medical,2026-05-31,2026-06-08,8.2
P00334-L014,P00334,earned,2026-07-29,2026-08-01,2.8
P00335-L001,P00335,earned,2024-09-06,2024-09-20,14.2
P00335-L002,P00335,earned,2024-10-24,2024-10-28,3.3
P00335-L003,P00335,compensatory,2024-12-18,2024-12-24,6.1
P00335-L004,P00335,casual,2025-01-27,2025-02-01,5.1
P00335-L005,P00335,earned,2025-03-28,2025-04-05,8.1
P00335-L006,P00335,earned,2025-05-05,2025-05-09,4.3
P00335-L007,P00335,earned,2025-06-20,2025-06-27,6.7
P00335-L008,P00335,compensatory,2025-08-08,2025-08-16,7.9
P00335-L009,P00335,medical,2025-10-05,2025-10-13,8.6
P00335-L010,P00335,casual,2025-12-01,2025-12-06,4.4
P00335-L011,P00335,earned,2026-01-05,2026-01-11,6.0
P00335-L012,P00335,earned,2026-02-22,2026-03-09,14.4
P00335-L013,P00335,earned,2026-04-16,2026-04-23,6.6
P00335-L014,P00335,medical,2026-06-14,2026-06-19,4.1
P00335-L015,P00335,earned,2026-08-15,2026-08-23,8.9
P00336-L001,P00336,earned,2024-09-03,2024-09-06,3.3
P00336-L002,P00336,earned,2024-11-04,2024-11-06,2.7
P00336-L003,P00336,casual,2025-01-15,2025-01-26,11.5
P00336-L004,P00336,casual,2025-02-24,2025-03-04,7.8
P00336-L005,P00336,earned,2025-03-31,2025-04-14,13.7
P00336-L006,P00336,earned,2025-06-08,2025-06-14,6.3
P00336-L007,P00336,earned,2025-07-16,2025-07-31,14.9
P00336-L008,P00336,earned,2025-09-01,2025-09-05,4.0
P00336-L009,P00336,earned,2025-10-26,2025-11-01,5.9
P00336-L010,P00336,earned,2026-01-09,2026-01-26,17.4
P00336-L011,P00336,casual,2026-02-13,2026-02-22,9.5
P00336-L012,P00336,earned,2026-04-08,2026-04-17,8.3
P00336-L013,P00336,casual,2026-06-01,2026-06-17,16.8
P00336-L014,P00336,earned,2026-08-03,2026-08-08,5.6
P00337-L001,P00337,earned,2024-09-02,2024-09-09,6.6
P00337-L002,P00337,compensatory,2024-10-23,2024-10-31,8.2
P00337-L003,P00337,casual,2024-12-11,2024-12-15,3.3
P00337-L004,P00337,casual,2025-01-31,2025-02-09,8.8
P00337-L005,P00337,medical,2025-03-15,2025-03-31,15.5
P00337-L006,P00337,casual,2025-05-09,2025-05-27,17.8
P00337-L007,P00337,earned,2025-06-25,2025-07-01,6.0
P00337-L008,P00337,earned,2025-08-12,2025-08-25,13.2
P00337-L009,P00337,earned,2025-10-08,2025-10-14,5.4
P00337-L010,P00337,earned,2025-11-16,2025-11-27,11.9
P00337-L011,P00337,earned,2026-01-10,2026-01-16,5.3
P00337-L012,P00337,earned,2026-02-26,2026-03-15,16.7
P00337-L013,P00337,casual,2026-04-20,2026-04-29,9.5
P00337-L014,P00337,medical,2026-06-13,2026-06-21,7.2
P00337-L015,P00337,earned,2026-07-20,2026-07-29,8.9
P00337-LRR,P00337,earned,2026-07-30,2026-08-28,28.8
P00338-L001,P00338,casual,2024-09-06,2024-09-16,9.9
P00338-L002,P00338,casual,2024-10-11,2024-10-24,13.8
P00338-L003,P00338,earned,2024-11-07,2024-11-13,5.3
P00338-L004,P00338,earned,2024-12-08,2024-12-13,4.8
P00338-L005,P00338,casual,2025-01-08,2025-01-26,18.5
P00338-L006,P00338,earned,2025-02-12,2025-02-18,6.5
P00338-L007,P00338,casual,2025-03-17,2025-03-25,8.4
P00338-L008,P00338,earned,2025-04-17,2025-04-25,7.9
P00338-L009,P00338,casual,2025-05-26,2025-05-30,4.0
P00338-L010,P00338,earned,2025-06-24,2025-07-08,13.9
P00338-L011,P00338,earned,2025-07-18,2025-07-27,8.4
P00338-L012,P00338,earned,2025-08-23,2025-09-02,10.3
P00338-L013,P00338,medical,2025-09-22,2025-09-27,4.9
P00338-L014,P00338,casual,2025-11-03,2025-11-11,7.9
P00338-L015,P00338,earned,2025-11-19,2025-12-04,14.8
P00338-L016,P00338,earned,2025-12-24,2025-12-28,4.2
P00338-L017,P00338,earned,2026-01-23,2026-02-03,11.7
P00338-L018,P00338,earned,2026-02-24,2026-03-04,8.4
P00338-L019,P00338,casual,2026-04-06,2026-04-18,11.8
P00338-L020,P00338,earned,2026-05-06,2026-05-10,3.9
P00338-L021,P00338,earned,2026-06-01,2026-06-10,8.9
P00338-L022,P00338,earned,2026-07-04,2026-07-09,4.7
P00338-L023,P00338,medical,2026-08-02,2026-08-09,7.2
P00339-L001,P00339,casual,2024-09-04,2024-09-08,3.8
P00339-L002,P00339,casual,2024-10-07,2024-10-16,9.6
P00339-L003,P00339,earned,2024-11-23,2024-12-05,12.2
P00339-L004,P00339,earned,2025-01-04,2025-01-12,7.6
P00339-L005,P00339,earned,2025-02-04,2025-02-09,5.0
P00339-L006,P00339,medical,2025-03-05,2025-03-08,3.4
P00339-L007,P00339,medical,2025-04-05,2025-04-19,13.9
P00339-L008,P00339,casual,2025-05-14,2025-05-22,8.6
P00339-L009,P00339,casual,2025-06-05,2025-06-15,9.3
P00339-L010,P00339,earned,2025-08-05,2025-08-08,3.2
P00339-L011,P00339,casual,2025-08-18,2025-08-27,8.5
P00339-L012,P00339,earned,2025-10-05,2025-10-12,6.4
P00339-L013,P00339,compensatory,2025-11-01,2025-11-21,19.7
P00339-L014,P00339,medical,2025-11-29,2025-12-06,7.2
P00339-L015,P00339,casual,2026-01-16,2026-01-20,3.6
P00339-L016,P00339,earned,2026-02-13,2026-02-27,14.1
P00339-L017,P00339,casual,2026-03-17,2026-03-24,7.2
P00339-L018,P00339,casual,2026-05-01,2026-05-08,6.6
P00339-L019,P00339,earned,2026-05-26,2026-06-05,9.8
P00339-L020,P00339,casual,2026-07-11,2026-07-16,5.2
P00339-L021,P00339,casual,2026-07-29,2026-08-06,8.4
P00340-L001,P00340,casual,2024-09-21,2024-10-05,14.0
P00340-L002,P00340,earned,2024-10-31,2024-11-20,20.3
P00340-L003,P00340,earned,2024-12-17,2024-12-22,4.9
P00340-L004,P00340,medical,2025-02-12,2025-02-23,11.0
P00340-L005,P00340,casual,2025-04-25,2025-05-04,9.0
P00340-L006,P00340,compensatory,2025-05-29,2025-06-02,4.0
P00340-L007,P00340,earned,2025-07-26,2025-08-09,13.3
P00340-L008,P00340,earned,2025-09-05,2025-10-01,25.4
P00340-L009,P00340,earned,2025-10-24,2025-11-02,9.0
P00340-L010,P00340,casual,2025-12-14,2025-12-28,14.1
P00340-L011,P00340,earned,2026-02-14,2026-02-25,10.5
P00340-L012,P00340,earned,2026-04-01,2026-04-09,8.1
P00340-L013,P00340,casual,2026-06-16,2026-06-29,13.5
P00340-L014,P00340,casual,2026-07-16,2026-07-23,7.8
P00341-L001,P00341,earned,2024-09-29,2024-10-05,5.6
P00341-L002,P00341,medical,2024-11-30,2024-12-08,8.3
P00341-L003,P00341,earned,2025-02-07,2025-02-12,5.6
P00341-L004,P00341,earned,2025-04-03,2025-04-07,3.4
P00341-L005,P00341,earned,2025-05-08,2025-05-28,19.9
P00341-L006,P00341,earned,2025-07-23,2025-08-05,13.0
P00341-L007,P00341,earned,2025-09-11,2025-09-16,4.9
P00341-L008,P00341,earned,2025-11-30,2025-12-07,6.9
P00341-L009,P00341,earned,2026-01-08,2026-01-31,22.7
P00341-L010,P00341,casual,2026-03-21,2026-04-02,11.9
P00341-L011,P00341,earned,2026-05-15,2026-05-22,7.0
P00341-L012,P00341,medical,2026-07-16,2026-08-06,21.1
P00342-L001,P00342,casual,2024-09-01,2024-09-11,9.6
P00342-L002,P00342,casual,2024-10-18,2024-11-01,13.9
P00342-L003,P00342,medical,2024-12-09,2024-12-13,3.8
P00342-L004,P00342,earned,2025-01-27,2025-02-07,11.0
P00342-L005,P00342,casual,2025-03-06,2025-03-14,8.0
P00342-L006,P00342,earned,2025-04-29,2025-05-09,10.6
P00342-L007,P00342,earned,2025-06-06,2025-06-17,10.8
P00342-L008,P00342,casual,2025-07-24,2025-08-02,8.1
P00342-L009,P00342,casual,2025-09-06,2025-09-13,7.0
P00342-L010,P00342,earned,2025-10-22,2025-10-29,7.0
P00342-L011,P00342,earned,2025-12-09,2025-12-22,13.8
P00342-L012,P00342,earned,2026-01-20,2026-02-05,15.4
P00342-L013,P00342,casual,2026-03-06,2026-03-22,16.4
P00342-L014,P00342,casual,2026-04-18,2026-04-24,6.5
P00342-L015,P00342,medical,2026-06-05,2026-06-28,22.9
P00342-L016,P00342,casual,2026-07-28,2026-08-26,29.1
P00343-L001,P00343,earned,2024-09-26,2024-10-04,7.6
P00343-L002,P00343,compensatory,2024-10-23,2024-11-13,21.2
P00343-L003,P00343,earned,2024-12-04,2024-12-11,6.3
P00343-L004,P00343,earned,2025-01-15,2025-02-03,18.5
P00343-L005,P00343,casual,2025-02-25,2025-03-09,12.4
P00343-L006,P00343,medical,2025-04-03,2025-04-06,2.8
P00343-L007,P00343,earned,2025-05-22,2025-06-04,12.5
P00343-L008,P00343,casual,2025-06-23,2025-06-28,4.5
P00343-L009,P00343,earned,2025-08-10,2025-08-16,5.8
P00343-L010,P00343,medical,2025-09-09,2025-09-18,9.3
P00343-L011,P00343,earned,2025-10-16,2025-10-20,3.9
P00343-L012,P00343,compensatory,2025-11-22,2025-12-02,10.1
P00343-L013,P00343,compensatory,2026-01-14,2026-01-22,8.5
P00343-L014,P00343,medical,2026-02-12,2026-02-21,9.1
P00343-L015,P00343,earned,2026-03-23,2026-04-05,13.3
P00343-L016,P00343,earned,2026-05-04,2026-05-12,8.4
P00343-L017,P00343,earned,2026-07-07,2026-07-12,5.4
P00343-L018,P00343,earned,2026-07-28,2026-08-03,5.8
P00344-L001,P00344,earned,2024-09-11,2024-09-18,6.8
P00344-L002,P00344,medical,2024-11-25,2024-11-30,4.9
P00344-L003,P00344,earned,2025-01-30,2025-02-27,28.0
P00344-L004,P00344,casual,2025-03-25,2025-04-21,27.6
P00344-L005,P00344,casual,2025-05-30,2025-06-11,11.7
P00344-L006,P00344,casual,2025-08-19,2025-08-24,4.6
P00344-L007,P00344,medical,2025-11-02,2025-11-11,9.6
P00344-L008,P00344,medical,2026-01-02,2026-01-11,8.9
P00344-L009,P00344,casual,2026-03-27,2026-04-08,11.3
P00344-L010,P00344,medical,2026-05-14,2026-05-23,9.3
P00344-L011,P00344,casual,2026-06-28,2026-07-14,15.7
P00345-L001,P00345,earned,2024-09-02,2024-09-11,8.6
P00345-L002,P00345,medical,2024-10-04,2024-10-08,3.6
P00345-L003,P00345,earned,2024-11-12,2024-11-17,5.2
P00345-L004,P00345,casual,2024-12-26,2025-01-01,6.4
P00345-L005,P00345,earned,2025-01-14,2025-01-20,6.5
P00345-L006,P00345,casual,2025-02-19,2025-02-24,5.2
P00345-L007,P00345,earned,2025-03-23,2025-03-28,4.4
P00345-L008,P00345,medical,2025-05-02,2025-05-11,9.4
P00345-L009,P00345,earned,2025-06-05,2025-06-17,11.4
P00345-L010,P00345,earned,2025-06-27,2025-06-30,2.7
P00345-L011,P00345,casual,2025-08-02,2025-08-06,3.1
P00345-L012,P00345,medical,2025-09-08,2025-09-14,6.1
P00345-L013,P00345,earned,2025-10-07,2025-10-17,10.2
P00345-L014,P00345,earned,2025-11-06,2025-11-16,10.0
P00345-L015,P00345,earned,2025-12-11,2025-12-15,4.2
P00345-L016,P00345,medical,2026-01-13,2026-01-21,7.1
P00345-L017,P00345,earned,2026-02-17,2026-02-20,2.6
P00345-L018,P00345,earned,2026-03-20,2026-03-31,11.1
P00345-L019,P00345,casual,2026-04-29,2026-05-12,12.9
P00345-L020,P00345,earned,2026-06-01,2026-06-08,7.1
P00345-L021,P00345,casual,2026-07-03,2026-07-09,6.2
P00345-L022,P00345,earned,2026-08-15,2026-08-17,1.1
P00346-L001,P00346,compensatory,2024-09-19,2024-09-27,8.7
P00346-L002,P00346,earned,2024-10-22,2024-11-02,10.9
P00346-L003,P00346,earned,2024-12-22,2025-01-08,17.1
P00346-L004,P00346,earned,2025-02-01,2025-02-07,6.4
P00346-L005,P00346,earned,2025-03-30,2025-04-09,9.7
P00346-L006,P00346,casual,2025-05-04,2025-05-11,7.3
P00346-L007,P00346,earned,2025-07-13,2025-07-25,12.3
P00346-L008,P00346,earned,2025-08-08,2025-08-18,9.6
P00346-L009,P00346,medical,2025-10-04,2025-10-15,10.9
P00346-L010,P00346,earned,2025-11-20,2025-12-13,22.7
P00346-L011,P00346,earned,2026-01-01,2026-01-17,15.5
P00346-L012,P00346,earned,2026-03-16,2026-04-03,17.9
P00346-L013,P00346,medical,2026-04-11,2026-04-17,6.5
P00346-L014,P00346,casual,2026-05-26,2026-06-02,7.0
P00346-L015,P00346,casual,2026-08-13,2026-08-22,9.0
P00347-L001,P00347,earned,2024-09-13,2024-09-25,12.4
P00347-L002,P00347,earned,2024-10-17,2024-10-22,5.0
P00347-L003,P00347,casual,2024-11-06,2024-11-13,6.5
P00347-L004,P00347,casual,2024-12-16,2024-12-24,8.3
P00347-L005,P00347,earned,2025-01-14,2025-01-20,6.4
P00347-L006,P00347,casual,2025-02-21,2025-02-25,4.3
P00347-L007,P00347,casual,2025-03-09,2025-03-18,8.9
P00347-L008,P00347,casual,2025-04-11,2025-04-14,2.8
P00347-L009,P00347,compensatory,2025-05-10,2025-05-14,3.2
P00347-L010,P00347,casual,2025-06-02,2025-06-07,4.8
P00347-L011,P00347,casual,2025-07-05,2025-07-10,5.0
P00347-L012,P00347,medical,2025-08-18,2025-08-25,6.6
P00347-L013,P00347,casual,2025-09-04,2025-09-09,4.2
P00347-L014,P00347,earned,2025-10-05,2025-10-11,6.0
P00347-L015,P00347,casual,2025-11-03,2025-11-13,10.8
P00347-L016,P00347,casual,2025-12-14,2025-12-19,5.5
P00347-L017,P00347,earned,2026-01-12,2026-01-19,6.2
P00347-L018,P00347,medical,2026-01-31,2026-02-05,5.3
P00347-L019,P00347,earned,2026-03-08,2026-03-12,4.8
P00347-L020,P00347,earned,2026-04-02,2026-04-07,5.0
P00347-L021,P00347,earned,2026-05-05,2026-05-11,5.9
P00347-L022,P00347,medical,2026-06-18,2026-06-28,9.5
P00347-L023,P00347,casual,2026-07-09,2026-07-14,4.4
P00347-L024,P00347,casual,2026-08-08,2026-08-17,8.5
P00348-L001,P00348,casual,2024-09-08,2024-09-18,10.1
P00348-L002,P00348,earned,2024-10-11,2024-10-19,8.5
P00348-L003,P00348,earned,2024-11-21,2024-12-02,10.5
P00348-L004,P00348,casual,2025-01-27,2025-01-28,1.4
P00348-L005,P00348,casual,2025-02-18,2025-02-24,6.1
P00348-L006,P00348,casual,2025-04-02,2025-04-12,10.6
P00348-L007,P00348,casual,2025-05-08,2025-05-18,9.1
P00348-L008,P00348,casual,2025-06-15,2025-06-22,6.1
P00348-L009,P00348,casual,2025-08-06,2025-08-16,10.2
P00348-L010,P00348,earned,2025-09-07,2025-09-12,5.0
P00348-L011,P00348,compensatory,2025-10-18,2025-11-01,14.6
P00348-L012,P00348,casual,2025-12-07,2025-12-11,4.0
P00348-L013,P00348,earned,2026-01-06,2026-01-13,6.6
P00348-L014,P00348,casual,2026-02-18,2026-03-01,11.0
P00348-L015,P00348,casual,2026-04-05,2026-04-17,11.4
P00348-L016,P00348,compensatory,2026-05-07,2026-05-22,14.7
P00348-L017,P00348,casual,2026-06-16,2026-06-22,5.5
P00348-L018,P00348,earned,2026-07-28,2026-08-08,11.5
P00349-L001,P00349,earned,2024-09-03,2024-09-21,17.9
P00349-L002,P00349,earned,2024-11-14,2024-11-25,11.1
P00349-L003,P00349,medical,2025-01-29,2025-02-02,4.0
P00349-L004,P00349,earned,2025-03-15,2025-03-26,10.1
P00349-L005,P00349,medical,2025-05-19,2025-05-27,7.5
P00349-L006,P00349,earned,2025-07-14,2025-07-29,14.5
P00349-L007,P00349,casual,2025-09-20,2025-09-28,8.1
P00349-L008,P00349,earned,2025-11-04,2025-11-14,10.0
P00349-L009,P00349,medical,2026-01-17,2026-01-27,9.8
P00349-L010,P00349,earned,2026-03-24,2026-04-12,18.2
P00349-L011,P00349,earned,2026-05-15,2026-06-03,18.9
P00349-L012,P00349,casual,2026-07-05,2026-07-16,11.1
P00350-L001,P00350,earned,2024-09-07,2024-09-12,4.9
P00350-L002,P00350,casual,2024-09-25,2024-10-02,7.1
P00350-L003,P00350,medical,2024-10-18,2024-10-26,8.4
P00350-L004,P00350,casual,2024-11-19,2024-11-24,5.1
P00350-L005,P00350,casual,2024-12-04,2024-12-13,9.1
P00350-L006,P00350,earned,2025-01-01,2025-01-05,3.7
P00350-L007,P00350,earned,2025-01-25,2025-02-01,6.6
P00350-L008,P00350,earned,2025-02-18,2025-02-22,4.0
P00350-L009,P00350,earned,2025-03-03,2025-03-05,1.7
P00350-L010,P00350,earned,2025-04-01,2025-04-06,5.5
P00350-L011,P00350,casual,2025-04-17,2025-04-22,5.3
P00350-L012,P00350,earned,2025-05-14,2025-05-17,2.8
P00350-L013,P00350,earned,2025-06-08,2025-06-10,2.8
P00350-L014,P00350,earned,2025-07-02,2025-07-04,2.6
P00350-L015,P00350,casual,2025-07-18,2025-07-23,4.5
P00350-L016,P00350,casual,2025-08-14,2025-08-17,3.4
P00350-L017,P00350,earned,2025-09-01,2025-09-11,9.3
P00350-L018,P00350,earned,2025-09-27,2025-09-30,2.9
P00350-L019,P00350,earned,2025-10-17,2025-10-23,6.0
P00350-L020,P00350,medical,2025-11-16,2025-11-18,1.8
P00350-L021,P00350,casual,2025-12-07,2025-12-10,3.4
P00350-L022,P00350,casual,2025-12-24,2026-01-02,8.7
P00350-L023,P00350,earned,2026-01-17,2026-01-19,1.8
P00350-L024,P00350,earned,2026-02-09,2026-02-18,8.6
P00350-L025,P00350,earned,2026-03-03,2026-03-11,7.9
P00350-L026,P00350,earned,2026-04-03,2026-04-10,6.4
P00350-L027,P00350,casual,2026-04-23,2026-04-29,6.5
P00350-L028,P00350,earned,2026-05-11,2026-05-15,4.2
P00350-L029,P00350,compensatory,2026-06-02,2026-06-11,8.6
P00350-L030,P00350,earned,2026-07-02,2026-07-04,2.4
P00350-L031,P00350,earned,2026-07-19,2026-07-26,6.3
P00350-L032,P00350,earned,2026-08-09,2026-08-16,6.8
P00351-L001,P00351,earned,2024-09-28,2024-10-12,14.6
P00351-L002,P00351,earned,2024-10-28,2024-11-07,9.5
P00351-L003,P00351,earned,2025-01-02,2025-01-07,4.6
P00351-L004,P00351,casual,2025-03-04,2025-03-16,12.2
P00351-L005,P00351,earned,2025-04-27,2025-05-04,6.9
P00351-L006,P00351,casual,2025-05-29,2025-06-05,7.0
P00351-L007,P00351,earned,2025-07-11,2025-07-26,14.4
P00351-L008,P00351,compensatory,2025-09-06,2025-09-09,2.8
P00351-L009,P00351,casual,2025-11-24,2025-12-07,12.8
P00351-L010,P00351,earned,2025-12-27,2026-01-03,7.9
P00351-L011,P00351,earned,2026-02-26,2026-03-07,8.8
P00351-L012,P00351,casual,2026-04-11,2026-04-25,13.3
P00351-L013,P00351,casual,2026-06-01,2026-06-03,1.8
P00351-L014,P00351,compensatory,2026-07-19,2026-07-23,4.0
P00352-L001,P00352,earned,2024-09-01,2024-09-08,7.0
P00352-L002,P00352,earned,2024-10-06,2024-10-13,6.8
P00352-L003,P00352,casual,2024-10-29,2024-11-11,12.7
P00352-L004,P00352,earned,2024-11-25,2024-12-01,5.8
P00352-L005,P00352,earned,2024-12-24,2024-12-29,5.8
P00352-L006,P00352,earned,2025-01-21,2025-01-23,2.4
P00352-L007,P00352,earned,2025-02-10,2025-02-16,6.3
P00352-L008,P00352,casual,2025-03-12,2025-03-20,8.0
P00352-L009,P00352,casual,2025-04-05,2025-04-11,5.8
P00352-L010,P00352,earned,2025-05-03,2025-05-06,3.2
P00352-L011,P00352,casual,2025-06-08,2025-06-12,4.0
P00352-L012,P00352,casual,2025-06-25,2025-06-27,1.3
P00352-L013,P00352,earned,2025-07-25,2025-08-05,10.7
P00352-L014,P00352,casual,2025-08-20,2025-08-28,7.8
P00352-L015,P00352,compensatory,2025-09-22,2025-10-01,9.6
P00352-L016,P00352,earned,2025-10-11,2025-10-24,13.4
P00352-L017,P00352,earned,2025-11-10,2025-11-27,16.7
P00352-L018,P00352,earned,2025-12-13,2025-12-19,5.6
P00352-L019,P00352,earned,2025-12-31,2026-01-08,7.1
P00352-L020,P00352,casual,2026-02-09,2026-02-11,1.8
P00352-L021,P00352,casual,2026-02-27,2026-03-02,3.0
P00352-L022,P00352,casual,2026-04-06,2026-04-11,5.2
P00352-L023,P00352,medical,2026-04-23,2026-04-28,5.5
P00352-L024,P00352,casual,2026-05-17,2026-05-24,7.7
P00352-L025,P00352,casual,2026-06-18,2026-06-20,2.6
P00352-L026,P00352,earned,2026-07-14,2026-07-17,3.3
P00352-L027,P00352,earned,2026-08-05,2026-08-12,6.9
P00353-L001,P00353,casual,2024-09-04,2024-09-11,7.1
P00353-L002,P00353,medical,2024-10-21,2024-10-24,3.4
P00353-L003,P00353,earned,2024-11-27,2024-12-01,3.6
P00353-L004,P00353,earned,2025-01-22,2025-02-03,11.8
P00353-L005,P00353,earned,2025-02-22,2025-03-01,6.3
P00353-L006,P00353,casual,2025-04-25,2025-05-07,12.1
P00353-L007,P00353,earned,2025-06-04,2025-06-16,12.3
P00353-L008,P00353,medical,2025-07-04,2025-07-20,15.6
P00353-L009,P00353,earned,2025-08-11,2025-08-15,4.4
P00353-L010,P00353,casual,2025-10-03,2025-10-06,3.0
P00353-L011,P00353,earned,2025-11-04,2025-11-10,6.0
P00353-L012,P00353,compensatory,2026-01-06,2026-01-10,3.6
P00353-L013,P00353,earned,2026-01-31,2026-02-12,11.5
P00353-L014,P00353,earned,2026-03-15,2026-03-26,10.9
P00353-L015,P00353,casual,2026-04-28,2026-05-05,6.5
P00353-L016,P00353,casual,2026-06-08,2026-06-10,2.2
P00353-L017,P00353,medical,2026-07-31,2026-08-10,9.7
P00354-L001,P00354,earned,2024-09-06,2024-09-14,8.3
P00354-L002,P00354,medical,2025-01-09,2025-01-23,14.4
P00354-L003,P00354,medical,2025-04-01,2025-04-09,8.4
P00354-L004,P00354,earned,2025-08-08,2025-08-19,11.6
P00354-L005,P00354,casual,2025-11-21,2025-12-03,11.7
P00354-L006,P00354,casual,2026-02-18,2026-02-26,8.5
P00354-L007,P00354,casual,2026-06-13,2026-06-19,6.0
P00355-L001,P00355,medical,2024-09-14,2024-09-25,11.2
P00355-L002,P00355,earned,2024-11-15,2024-11-28,12.9
P00355-L003,P00355,earned,2025-01-18,2025-01-25,7.1
P00355-L004,P00355,casual,2025-02-20,2025-02-27,7.4
P00355-L005,P00355,earned,2025-03-30,2025-04-07,8.0
P00355-L006,P00355,compensatory,2025-05-25,2025-06-05,11.0
P00355-L007,P00355,earned,2025-07-15,2025-07-20,5.3
P00355-L008,P00355,earned,2025-09-04,2025-09-16,12.1
P00355-L009,P00355,compensatory,2025-11-03,2025-11-11,7.7
P00355-L010,P00355,earned,2025-12-29,2026-01-11,13.0
P00355-L011,P00355,earned,2026-02-24,2026-03-03,6.8
P00355-L012,P00355,medical,2026-03-29,2026-04-21,22.7
P00355-L013,P00355,earned,2026-05-30,2026-06-16,16.7
P00355-L014,P00355,casual,2026-07-17,2026-07-24,7.5
P00356-L001,P00356,casual,2024-09-20,2024-10-01,10.7
P00356-L002,P00356,casual,2024-10-19,2024-11-08,20.6
P00356-L003,P00356,casual,2024-11-21,2024-11-24,3.5
P00356-L004,P00356,earned,2025-01-05,2025-01-12,7.1
P00356-L005,P00356,medical,2025-02-14,2025-03-02,15.9
P00356-L006,P00356,casual,2025-04-02,2025-04-08,5.5
P00356-L007,P00356,casual,2025-05-31,2025-06-04,3.9
P00356-L008,P00356,earned,2025-06-17,2025-06-28,11.2
P00356-L009,P00356,casual,2025-08-02,2025-08-09,6.6
P00356-L010,P00356,casual,2025-09-13,2025-09-20,6.7
P00356-L011,P00356,casual,2025-11-15,2025-11-20,5.3
P00356-L012,P00356,earned,2025-12-16,2025-12-27,10.8
P00356-L013,P00356,earned,2026-01-03,2026-01-08,5.2
P00356-L014,P00356,medical,2026-02-21,2026-03-01,8.3
P00356-L015,P00356,medical,2026-03-29,2026-04-11,13.3
P00356-L016,P00356,earned,2026-05-29,2026-06-03,4.7
P00356-L017,P00356,casual,2026-06-15,2026-06-25,9.9
P00356-L018,P00356,earned,2026-07-26,2026-08-06,10.8
P00357-L001,P00357,earned,2024-09-09,2024-09-20,10.2
P00357-L002,P00357,casual,2024-10-09,2024-10-17,7.8
P00357-L003,P00357,earned,2024-11-17,2024-11-26,9.6
P00357-L004,P00357,earned,2025-01-03,2025-01-05,2.0
P00357-L005,P00357,casual,2025-01-19,2025-01-26,7.2
P00357-L006,P00357,casual,2025-03-15,2025-03-19,4.7
P00357-L007,P00357,casual,2025-03-28,2025-04-06,8.9
P00357-L008,P00357,earned,2025-05-05,2025-05-16,10.9
P00357-L009,P00357,casual,2025-06-11,2025-06-18,6.7
P00357-L010,P00357,casual,2025-07-17,2025-07-22,5.2
P00357-L011,P00357,casual,2025-08-17,2025-08-27,9.7
P00357-L012,P00357,casual,2025-09-24,2025-10-08,14.7
P00357-L013,P00357,casual,2025-11-01,2025-11-05,3.7
P00357-L014,P00357,earned,2025-12-03,2025-12-08,5.0
P00357-L015,P00357,earned,2026-01-01,2026-01-11,10.2
P00357-L016,P00357,earned,2026-02-06,2026-02-15,8.8
P00357-L017,P00357,medical,2026-03-12,2026-03-26,13.7
P00357-L018,P00357,casual,2026-04-24,2026-05-03,9.0
P00357-L019,P00357,medical,2026-05-19,2026-05-23,3.6
P00357-L020,P00357,casual,2026-06-24,2026-07-02,7.7
P00357-L021,P00357,earned,2026-08-07,2026-08-16,8.7
P00358-L001,P00358,medical,2024-09-13,2024-09-26,13.0
P00358-L002,P00358,earned,2024-11-09,2024-11-17,8.1
P00358-L003,P00358,earned,2024-12-14,2024-12-18,4.7
P00358-L004,P00358,earned,2025-03-01,2025-03-03,1.8
P00358-L005,P00358,earned,2025-04-03,2025-04-11,8.2
P00358-L006,P00358,earned,2025-05-26,2025-06-01,5.8
P00358-L007,P00358,casual,2025-06-23,2025-06-27,3.1
P00358-L008,P00358,casual,2025-09-01,2025-09-08,7.4
P00358-L009,P00358,earned,2025-11-05,2025-11-09,4.4
P00358-L010,P00358,casual,2025-12-13,2025-12-19,5.9
P00358-L011,P00358,medical,2026-01-23,2026-02-02,9.6
P00358-L012,P00358,medical,2026-03-19,2026-03-24,4.7
P00358-L013,P00358,earned,2026-04-30,2026-05-03,2.2
P00358-L014,P00358,earned,2026-05-31,2026-06-14,13.8
P00358-L015,P00358,earned,2026-07-16,2026-07-19,3.0
P00359-L001,P00359,earned,2024-09-01,2024-09-17,16.4
P00359-L002,P00359,medical,2024-11-03,2024-11-14,11.2
P00359-L003,P00359,earned,2024-12-18,2024-12-27,8.9
P00359-L004,P00359,casual,2025-01-22,2025-02-02,11.1
P00359-L005,P00359,casual,2025-04-06,2025-04-15,9.7
P00359-L006,P00359,earned,2025-05-08,2025-05-10,2.5
P00359-L007,P00359,casual,2025-06-17,2025-06-23,6.1
P00359-L008,P00359,earned,2025-07-31,2025-08-09,8.7
P00359-L009,P00359,earned,2025-09-01,2025-09-04,3.6
P00359-L010,P00359,medical,2025-11-12,2025-11-16,4.6
P00359-L011,P00359,earned,2025-12-26,2026-01-06,10.8
P00359-L012,P00359,medical,2026-01-19,2026-01-28,9.0
P00359-L013,P00359,earned,2026-03-16,2026-03-23,7.4
P00359-L014,P00359,compensatory,2026-04-23,2026-05-08,14.5
P00359-L015,P00359,casual,2026-07-02,2026-07-05,3.1
P00359-L016,P00359,casual,2026-08-07,2026-08-13,6.2
P00360-L001,P00360,casual,2024-08-31,2024-09-12,11.5
P00360-L002,P00360,casual,2024-10-30,2024-11-04,5.0
P00360-L003,P00360,casual,2024-12-15,2024-12-28,13.7
P00360-L004,P00360,casual,2025-02-04,2025-02-15,10.3
P00360-L005,P00360,earned,2025-03-22,2025-03-23,1.8
P00360-L006,P00360,earned,2025-05-08,2025-05-14,6.0
P00360-L007,P00360,earned,2025-06-02,2025-06-05,2.6
P00360-L008,P00360,earned,2025-08-05,2025-08-09,4.0
P00360-L009,P00360,casual,2025-09-14,2025-09-21,6.6
P00360-L010,P00360,casual,2025-11-08,2025-11-15,6.6
P00360-L011,P00360,casual,2025-12-06,2025-12-09,3.2
P00360-L012,P00360,earned,2026-01-27,2026-01-31,3.8
P00360-L013,P00360,earned,2026-03-03,2026-03-08,4.5
P00360-L014,P00360,casual,2026-05-12,2026-05-15,2.4
P00360-L015,P00360,earned,2026-06-04,2026-06-14,9.4
P00360-L016,P00360,earned,2026-08-01,2026-08-07,5.8
P00361-L001,P00361,earned,2024-09-30,2024-10-07,7.5
P00361-L002,P00361,casual,2024-10-17,2024-10-29,11.7
P00361-L003,P00361,casual,2024-12-02,2024-12-09,6.8
P00361-L004,P00361,earned,2025-01-08,2025-01-22,14.1
P00361-L005,P00361,earned,2025-02-22,2025-03-02,8.2
P00361-L006,P00361,casual,2025-04-08,2025-04-18,9.9
P00361-L007,P00361,earned,2025-05-31,2025-06-08,8.2
P00361-L008,P00361,medical,2025-07-04,2025-07-17,12.5
P00361-L009,P00361,casual,2025-08-15,2025-08-30,14.4
P00361-L010,P00361,earned,2025-09-30,2025-10-09,9.2
P00361-L011,P00361,earned,2025-11-06,2025-11-12,5.5
P00361-L012,P00361,compensatory,2026-01-01,2026-01-06,5.1
P00361-L013,P00361,compensatory,2026-02-14,2026-02-18,3.5
P00361-L014,P00361,compensatory,2026-03-16,2026-03-18,2.4
P00361-L015,P00361,medical,2026-05-04,2026-05-09,4.7
P00361-L016,P00361,medical,2026-06-30,2026-07-07,6.1
P00361-L017,P00361,earned,2026-07-31,2026-08-15,14.7
P00362-L001,P00362,earned,2024-09-14,2024-09-17,3.5
P00362-L002,P00362,earned,2024-10-13,2024-10-24,11.2
P00362-L003,P00362,earned,2024-11-21,2024-12-05,14.0
P00362-L004,P00362,earned,2025-01-16,2025-01-21,5.8
P00362-L005,P00362,casual,2025-03-08,2025-03-11,3.5
P00362-L006,P00362,earned,2025-04-07,2025-04-16,8.6
P00362-L007,P00362,earned,2025-05-05,2025-05-11,5.8
P00362-L008,P00362,earned,2025-06-21,2025-07-04,13.0
P00362-L009,P00362,earned,2025-07-31,2025-08-09,8.7
P00362-L010,P00362,medical,2025-09-08,2025-09-23,14.6
P00362-L011,P00362,casual,2025-10-17,2025-10-28,10.9
P00362-L012,P00362,earned,2025-12-07,2025-12-15,8.7
P00362-L013,P00362,casual,2026-01-05,2026-01-22,17.8
P00362-L014,P00362,earned,2026-02-17,2026-02-27,10.2
P00362-L015,P00362,casual,2026-04-19,2026-04-27,7.5
P00362-L016,P00362,earned,2026-05-15,2026-05-21,6.2
P00362-L017,P00362,earned,2026-06-11,2026-06-23,11.9
P00362-L018,P00362,medical,2026-07-25,2026-08-08,14.0
P00363-L001,P00363,earned,2024-09-05,2024-09-16,10.8
P00363-L002,P00363,casual,2024-09-27,2024-10-04,7.0
P00363-L003,P00363,earned,2024-10-26,2024-10-27,1.0
P00363-L004,P00363,medical,2024-11-26,2024-12-11,14.7
P00363-L005,P00363,casual,2024-12-24,2024-12-28,3.5
P00363-L006,P00363,casual,2025-01-13,2025-01-15,1.3
P00363-L007,P00363,medical,2025-02-10,2025-02-17,6.9
P00363-L008,P00363,earned,2025-03-12,2025-03-16,3.8
P00363-L009,P00363,earned,2025-04-14,2025-04-22,8.3
P00363-L010,P00363,casual,2025-05-02,2025-05-10,8.0
P00363-L011,P00363,earned,2025-06-06,2025-06-12,5.6
P00363-L012,P00363,compensatory,2025-06-29,2025-07-09,10.1
P00363-L013,P00363,medical,2025-07-28,2025-08-06,8.8
P00363-L014,P00363,earned,2025-09-02,2025-09-04,2.2
P00363-L015,P00363,casual,2025-09-29,2025-10-07,8.3
P00363-L016,P00363,compensatory,2025-10-27,2025-10-31,4.1
P00363-L017,P00363,compensatory,2025-11-12,2025-11-17,4.9
P00363-L018,P00363,compensatory,2025-12-05,2025-12-12,6.8
P00363-L019,P00363,earned,2026-01-10,2026-01-16,5.8
P00363-L020,P00363,medical,2026-01-31,2026-02-05,5.1
P00363-L021,P00363,casual,2026-02-27,2026-03-09,9.9
P00363-L022,P00363,earned,2026-04-02,2026-04-04,1.8
P00363-L023,P00363,casual,2026-05-02,2026-05-06,3.6
P00363-L024,P00363,medical,2026-05-23,2026-05-26,3.3
P00363-L025,P00363,casual,2026-06-19,2026-06-25,6.1
P00363-L026,P00363,compensatory,2026-07-13,2026-07-16,2.9
P00363-L027,P00363,casual,2026-08-12,2026-08-15,3.1
P00363-LRR,P00363,earned,2026-07-22,2026-08-18,27.2
P00364-L001,P00364,casual,2024-09-03,2024-09-13,9.2
P00364-L002,P00364,compensatory,2024-10-10,2024-10-16,5.9
P00364-L003,P00364,earned,2024-11-14,2024-11-27,13.1
P00364-L004,P00364,casual,2024-12-21,2024-12-26,5.4
P00364-L005,P00364,casual,2025-02-06,2025-02-09,2.4
P00364-L006,P00364,earned,2025-03-12,2025-03-20,7.9
P00364-L007,P00364,casual,2025-04-17,2025-04-25,7.8
P00364-L008,P00364,earned,2025-05-26,2025-06-01,5.7
P00364-L009,P00364,casual,2025-06-30,2025-07-07,6.2
P00364-L010,P00364,medical,2025-08-09,2025-08-16,7.3
P00364-L011,P00364,medical,2025-09-08,2025-09-11,3.2
P00364-L012,P00364,casual,2025-11-01,2025-11-07,6.2
P00364-L013,P00364,medical,2025-11-14,2025-11-21,7.2
P00364-L014,P00364,casual,2025-12-23,2026-01-04,11.7
P00364-L015,P00364,medical,2026-02-03,2026-02-07,4.0
P00364-L016,P00364,compensatory,2026-03-05,2026-03-13,7.8
P00364-L017,P00364,casual,2026-04-13,2026-04-15,2.8
P00364-L018,P00364,casual,2026-05-14,2026-05-24,9.5
P00364-L019,P00364,casual,2026-07-11,2026-07-19,7.9
P00364-L020,P00364,casual,2026-07-31,2026-08-09,9.4
P00365-L001,P00365,earned,2024-09-05,2024-09-25,20.6
P00365-L002,P00365,medical,2024-11-02,2024-11-09,6.8
P00365-L003,P00365,casual,2025-01-04,2025-01-17,13.9
P00365-L004,P00365,earned,2025-03-04,2025-03-14,10.1
P00365-L005,P00365,casual,2025-04-28,2025-05-16,18.1
P00365-L006,P00365,casual,2025-06-02,2025-06-05,2.5
P00365-L007,P00365,earned,2025-07-25,2025-08-04,10.5
P00365-L008,P00365,casual,2025-09-03,2025-09-10,7.1
P00365-L009,P00365,casual,2025-12-02,2025-12-08,6.4
P00365-L010,P00365,earned,2025-12-14,2025-12-29,14.8
P00365-L011,P00365,casual,2026-02-25,2026-03-09,12.1
P00365-L012,P00365,casual,2026-03-31,2026-04-10,10.2
P00365-L013,P00365,compensatory,2026-06-05,2026-06-22,16.3
P00365-L014,P00365,earned,2026-07-26,2026-08-15,19.9
P00366-L001,P00366,earned,2024-10-04,2024-10-19,14.6
P00366-L002,P00366,medical,2024-11-29,2024-12-01,2.6
P00366-L003,P00366,compensatory,2025-01-02,2025-01-11,8.5
P00366-L004,P00366,compensatory,2025-03-04,2025-03-27,23.5
P00366-L005,P00366,casual,2025-05-03,2025-05-10,7.1
P00366-L006,P00366,casual,2025-08-18,2025-08-27,9.7
P00366-L007,P00366,earned,2025-10-09,2025-10-19,9.8
P00366-L008,P00366,earned,2025-11-25,2025-11-29,3.1
P00366-L009,P00366,earned,2026-01-14,2026-01-30,16.2
P00366-L010,P00366,earned,2026-03-11,2026-03-15,4.8
P00366-L011,P00366,earned,2026-05-07,2026-05-19,12.2
P00366-L012,P00366,earned,2026-08-03,2026-08-24,21.3
P00367-L001,P00367,earned,2024-09-15,2024-09-26,10.6
P00367-L002,P00367,casual,2024-11-02,2024-11-23,21.5
P00367-L003,P00367,casual,2024-12-26,2025-01-04,8.9
P00367-L004,P00367,earned,2025-02-20,2025-03-14,21.1
P00367-L005,P00367,earned,2025-04-15,2025-04-24,9.0
P00367-L006,P00367,casual,2025-06-12,2025-06-23,10.7
P00367-L007,P00367,casual,2025-08-19,2025-08-29,10.0
P00367-L008,P00367,earned,2025-10-18,2025-10-25,7.3
P00367-L009,P00367,casual,2025-11-27,2025-12-08,10.8
P00367-L010,P00367,casual,2026-01-19,2026-01-31,11.9
P00367-L011,P00367,compensatory,2026-04-03,2026-04-10,7.3
P00367-L012,P00367,earned,2026-05-13,2026-05-31,17.4
P00367-L013,P00367,casual,2026-07-27,2026-08-08,12.3
P00368-L001,P00368,compensatory,2024-09-20,2024-09-26,6.4
P00368-L002,P00368,earned,2024-11-01,2024-11-19,17.9
P00368-L003,P00368,compensatory,2024-12-28,2025-01-02,5.0
P00368-L004,P00368,earned,2025-03-04,2025-03-10,6.2
P00368-L005,P00368,earned,2025-05-12,2025-05-15,2.6
P00368-L006,P00368,medical,2025-06-26,2025-07-09,13.4
P00368-L007,P00368,casual,2025-08-16,2025-08-22,5.7
P00368-L008,P00368,earned,2025-10-08,2025-10-19,11.0
P00368-L009,P00368,compensatory,2025-12-01,2025-12-09,8.1
P00368-L010,P00368,earned,2026-02-11,2026-02-18,6.2
P00368-L011,P00368,earned,2026-03-19,2026-04-04,15.6
P00368-L012,P00368,earned,2026-06-04,2026-06-21,17.2
P00368-L013,P00368,casual,2026-08-09,2026-08-15,6.2
P00369-L001,P00369,earned,2024-09-03,2024-09-17,13.2
P00369-L002,P00369,casual,2024-10-16,2024-10-20,3.6
P00369-L003,P00369,casual,2024-11-16,2024-11-22,5.6
P00369-L004,P00369,earned,2024-12-31,2025-01-06,6.0
P00369-L005,P00369,casual,2025-02-11,2025-02-27,16.4
P00369-L006,P00369,casual,2025-03-18,2025-03-29,10.6
P00369-L007,P00369,casual,2025-05-11,2025-05-14,3.6
P00369-L008,P00369,earned,2025-05-29,2025-06-05,6.4
P00369-L009,P00369,casual,2025-07-07,2025-07-12,4.3
P00369-L010,P00369,medical,2025-08-12,2025-08-27,14.5
P00369-L011,P00369,earned,2025-09-28,2025-10-05,6.8
P00369-L012,P00369,earned,2025-11-05,2025-11-12,7.3
P00369-L013,P00369,earned,2025-12-19,2025-12-27,7.7
P00369-L014,P00369,casual,2026-01-15,2026-01-25,9.8
P00369-L015,P00369,earned,2026-03-09,2026-03-21,12.4
P00369-L016,P00369,casual,2026-04-17,2026-04-22,5.1
P00369-L017,P00369,earned,2026-05-10,2026-05-14,4.0
P00369-L018,P00369,earned,2026-06-21,2026-06-29,8.1
P00369-L019,P00369,casual,2026-08-20,2026-08-28,8.1
P00370-L001,P00370,earned,2024-09-18,2024-10-01,13.1
P00370-L002,P00370,earned,2024-10-07,2024-10-19,11.7
P00370-L003,P00370,casual,2024-11-26,2024-12-02,5.7
P00370-L004,P00370,medical,2024-12-27,2025-01-01,5.0
P00370-L005,P00370,earned,2025-01-30,2025-02-06,6.8
P00370-L006,P00370,earned,2025-03-03,2025-03-07,3.6
P00370-L007,P00370,casual,2025-04-19,2025-04-26,6.6
P00370-L008,P00370,earned,2025-05-06,2025-05-11,5.4
P00370-L009,P00370,casual,2025-06-26,2025-07-04,7.9
P00370-L010,P00370,casual,2025-07-27,2025-07-31,4.4
P00370-L011,P00370,earned,2025-09-03,2025-09-07,3.7
P00370-L012,P00370,earned,2025-09-30,2025-10-11,11.0
P00370-L013,P00370,earned,2025-11-07,2025-11-15,7.9
P00370-L014,P00370,medical,2025-12-09,2025-12-17,7.9
P00370-L015,P00370,earned,2026-01-09,2026-01-20,10.5
P00370-L016,P00370,casual,2026-02-11,2026-02-25,14.2
P00370-L017,P00370,earned,2026-03-21,2026-03-28,7.4
P00370-L018,P00370,earned,2026-04-17,2026-04-23,6.4
P00370-L019,P00370,earned,2026-05-19,2026-05-26,6.4
P00370-L020,P00370,earned,2026-07-08,2026-07-14,5.7
P00370-L021,P00370,casual,2026-08-10,2026-08-15,5.3
P00371-L001,P00371,casual,2024-09-04,2024-09-17,13.5
P00371-L002,P00371,earned,2024-10-14,2024-10-19,5.5
P00371-L003,P00371,casual,2024-12-14,2024-12-23,8.6
P00371-L004,P00371,compensatory,2025-01-23,2025-01-26,3.4
P00371-L005,P00371,medical,2025-03-08,2025-03-19,10.4
P00371-L006,P00371,casual,2025-04-11,2025-04-17,5.8
P00371-L007,P00371,casual,2025-06-17,2025-06-21,3.7
P00371-L008,P00371,compensatory,2025-07-12,2025-07-18,6.6
P00371-L009,P00371,medical,2025-08-13,2025-08-23,10.2
P00371-L010,P00371,earned,2025-10-10,2025-10-20,9.6
P00371-L011,P00371,earned,2025-11-08,2025-12-02,24.1
P00371-L012,P00371,earned,2025-12-17,2025-12-23,5.7
P00371-L013,P00371,earned,2026-02-12,2026-02-23,11.5
P00371-L014,P00371,casual,2026-03-28,2026-04-01,4.3
P00371-L015,P00371,earned,2026-04-25,2026-05-09,13.6
P00371-L016,P00371,earned,2026-06-08,2026-06-20,12.1
P00371-L017,P00371,casual,2026-08-08,2026-08-15,6.6
P00372-L001,P00372,earned,2024-10-11,2024-10-17,5.7
P00372-L002,P00372,earned,2024-12-17,2024-12-28,11.2
P00372-L003,P00372,medical,2025-03-17,2025-03-21,3.6
P00372-L004,P00372,medical,2025-07-09,2025-07-18,8.3
P00372-L005,P00372,earned,2025-10-06,2025-10-13,7.3
P00372-L006,P00372,earned,2025-12-26,2026-01-11,16.1
P00372-L007,P00372,earned,2026-04-17,2026-04-23,6.3
P00372-L008,P00372,earned,2026-07-31,2026-08-12,12.4
P00373-L001,P00373,earned,2024-09-26,2024-10-07,10.8
P00373-L002,P00373,casual,2024-10-21,2024-11-06,16.0
P00373-L003,P00373,casual,2024-12-26,2025-01-09,14.1
P00373-L004,P00373,casual,2025-01-28,2025-02-06,8.8
P00373-L005,P00373,casual,2025-03-14,2025-03-22,8.2
P00373-L006,P00373,casual,2025-05-05,2025-05-13,8.1
P00373-L007,P00373,earned,2025-06-02,2025-06-12,9.4
P00373-L008,P00373,earned,2025-07-17,2025-07-23,6.2
P00373-L009,P00373,casual,2025-09-03,2025-09-26,23.0
P00373-L010,P00373,compensatory,2025-10-27,2025-11-09,12.4
P00373-L011,P00373,medical,2025-12-20,2025-12-28,8.1
P00373-L012,P00373,compensatory,2026-01-19,2026-01-22,3.1
P00373-L013,P00373,earned,2026-03-31,2026-04-06,5.7
P00373-L014,P00373,earned,2026-04-18,2026-04-21,3.6
P00373-L015,P00373,earned,2026-06-10,2026-06-17,7.1
P00373-L016,P00373,earned,2026-07-18,2026-07-27,8.4
P00374-L001,P00374,earned,2024-08-31,2024-09-05,4.9
P00374-L002,P00374,earned,2024-10-08,2024-10-13,4.6
P00374-L003,P00374,earned,2024-11-15,2024-11-19,4.7
P00374-L004,P00374,earned,2024-12-21,2025-01-02,12.3
P00374-L005,P00374,casual,2025-01-27,2025-02-06,10.0
P00374-L006,P00374,earned,2025-03-11,2025-03-18,6.9
P00374-L007,P00374,earned,2025-04-10,2025-04-18,8.1
P00374-L008,P00374,earned,2025-05-08,2025-05-15,7.5
P00374-L009,P00374,earned,2025-06-09,2025-06-14,4.6
P00374-L010,P00374,casual,2025-07-21,2025-07-31,9.9
P00374-L011,P00374,casual,2025-08-15,2025-08-23,8.0
P00374-L012,P00374,casual,2025-09-21,2025-09-28,6.8
P00374-L013,P00374,casual,2025-10-29,2025-11-07,8.8
P00374-L014,P00374,earned,2025-12-05,2025-12-12,6.9
P00374-L015,P00374,casual,2026-01-01,2026-01-18,17.3
P00374-L016,P00374,earned,2026-02-11,2026-02-22,11.0
P00374-L017,P00374,earned,2026-03-11,2026-03-12,1.8
P00374-L018,P00374,casual,2026-04-16,2026-04-21,4.7
P00374-L019,P00374,casual,2026-05-20,2026-05-23,3.4
P00374-L020,P00374,medical,2026-07-16,2026-07-24,8.5
P00374-L021,P00374,earned,2026-07-30,2026-08-05,6.8
P00375-L001,P00375,casual,2024-10-04,2024-10-18,14.3
P00375-L002,P00375,earned,2024-11-14,2024-12-03,19.4
P00375-L003,P00375,earned,2025-01-14,2025-01-26,11.3
P00375-L004,P00375,earned,2025-03-18,2025-04-01,13.5
P00375-L005,P00375,medical,2025-05-20,2025-06-12,22.5
P00375-L006,P00375,casual,2025-07-04,2025-07-27,22.7
P00375-L007,P00375,medical,2025-09-21,2025-09-29,7.4
P00375-L008,P00375,casual,2025-11-10,2025-11-19,9.1
P00375-L009,P00375,earned,2026-01-01,2026-01-04,3.2
P00375-L010,P00375,casual,2026-03-04,2026-03-11,7.3
P00375-L011,P00375,casual,2026-05-31,2026-06-06,6.0
P00375-L012,P00375,medical,2026-07-08,2026-08-03,25.3
P00376-L001,P00376,earned,2024-09-14,2024-09-20,5.5
P00376-L002,P00376,earned,2024-11-03,2024-11-11,7.5
P00376-L003,P00376,earned,2024-12-23,2025-01-04,11.8
P00376-L004,P00376,earned,2025-02-10,2025-02-12,2.7
P00376-L005,P00376,casual,2025-04-17,2025-04-22,4.7
P00376-L006,P00376,casual,2025-05-31,2025-06-17,16.7
P00376-L007,P00376,earned,2025-07-27,2025-08-14,17.7
P00376-L008,P00376,earned,2025-09-19,2025-09-28,8.4
P00376-L009,P00376,earned,2025-10-24,2025-11-08,15.6
P00376-L010,P00376,casual,2025-12-25,2025-12-28,2.6
P00376-L011,P00376,compensatory,2026-02-13,2026-02-17,3.4
P00376-L012,P00376,earned,2026-04-05,2026-04-22,17.7
P00376-L013,P00376,earned,2026-05-22,2026-06-07,15.7
P00376-L014,P00376,earned,2026-07-18,2026-07-26,7.9
P00377-L001,P00377,earned,2024-09-04,2024-09-19,15.2
P00377-L002,P00377,earned,2024-11-03,2024-11-12,9.6
P00377-L003,P00377,earned,2024-12-31,2025-01-08,7.7
P00377-L004,P00377,casual,2025-02-06,2025-02-17,11.6
P00377-L005,P00377,compensatory,2025-03-27,2025-04-02,6.1
P00377-L006,P00377,earned,2025-05-09,2025-05-15,6.6
P00377-L007,P00377,earned,2025-06-28,2025-07-04,6.1
P00377-L008,P00377,earned,2025-08-11,2025-08-22,11.6
P00377-L009,P00377,medical,2025-11-02,2025-11-06,3.9
P00377-L010,P00377,casual,2025-12-03,2025-12-15,11.9
P00377-L011,P00377,casual,2026-01-07,2026-01-17,9.9
P00377-L012,P00377,casual,2026-03-13,2026-04-01,19.1
P00377-L013,P00377,casual,2026-04-24,2026-04-28,4.5
P00377-L014,P00377,medical,2026-06-09,2026-06-17,7.6
P00377-L015,P00377,casual,2026-07-19,2026-08-02,13.9
P00378-L001,P00378,earned,2024-09-02,2024-09-11,9.4
P00378-L002,P00378,earned,2025-01-08,2025-01-14,5.8
P00378-L003,P00378,casual,2025-02-14,2025-02-26,12.1
P00378-L004,P00378,casual,2025-06-12,2025-06-18,6.4
P00378-L005,P00378,earned,2025-08-05,2025-08-22,17.6
P00378-L006,P00378,casual,2025-12-09,2025-12-15,6.3
P00378-L007,P00378,medical,2026-02-22,2026-02-28,6.0
P00378-L008,P00378,casual,2026-03-25,2026-04-05,11.3
P00378-L009,P00378,earned,2026-06-21,2026-06-25,4.4
P00379-L001,P00379,earned,2024-09-09,2024-09-15,5.8
P00379-L002,P00379,medical,2024-10-24,2024-10-28,4.4
P00379-L003,P00379,casual,2024-12-03,2024-12-19,16.3
P00379-L004,P00379,earned,2025-01-15,2025-02-01,16.8
P00379-L005,P00379,earned,2025-03-12,2025-03-14,2.2
P00379-L006,P00379,earned,2025-05-06,2025-05-25,18.4
P00379-L007,P00379,compensatory,2025-06-23,2025-07-02,8.5
P00379-L008,P00379,casual,2025-07-20,2025-08-06,16.8
P00379-L009,P00379,earned,2025-09-10,2025-09-16,5.9
P00379-L010,P00379,casual,2025-11-13,2025-11-25,11.4
P00379-L011,P00379,medical,2025-12-02,2025-12-17,14.3
P00379-L012,P00379,earned,2026-01-31,2026-02-11,11.0
P00379-L013,P00379,earned,2026-03-03,2026-03-14,10.7
P00379-L014,P00379,earned,2026-04-17,2026-04-25,7.7
P00379-L015,P00379,casual,2026-06-20,2026-07-01,10.9
P00379-L016,P00379,earned,2026-08-07,2026-08-14,7.2
P00380-L001,P00380,casual,2024-09-03,2024-09-12,9.2
P00380-L002,P00380,earned,2024-10-01,2024-10-07,5.6
P00380-L003,P00380,earned,2024-11-02,2024-11-07,5.3
P00380-L004,P00380,earned,2024-11-25,2024-12-10,14.3
P00380-L005,P00380,casual,2024-12-24,2024-12-29,5.2
P00380-L006,P00380,compensatory,2025-01-19,2025-01-23,4.1
P00380-L007,P00380,earned,2025-02-11,2025-02-20,9.4
P00380-L008,P00380,earned,2025-03-17,2025-03-21,3.9
P00380-L009,P00380,earned,2025-04-14,2025-04-22,8.2
P00380-L010,P00380,casual,2025-05-08,2025-05-14,5.4
P00380-L011,P00380,earned,2025-05-29,2025-06-04,6.3
P00380-L012,P00380,earned,2025-07-07,2025-07-08,1.0
P00380-L013,P00380,earned,2025-07-30,2025-08-06,6.7
P00380-L014,P00380,casual,2025-08-25,2025-09-01,6.6
P00380-L015,P00380,casual,2025-09-21,2025-09-22,1.0
P00380-L016,P00380,casual,2025-10-16,2025-10-22,5.7
P00380-L017,P00380,casual,2025-11-15,2025-11-22,6.6
P00380-L018,P00380,earned,2025-12-06,2025-12-07,1.7
P00380-L019,P00380,earned,2026-01-01,2026-01-09,7.8
P00380-L020,P00380,earned,2026-02-11,2026-02-16,5.3
P00380-L021,P00380,earned,2026-02-25,2026-03-05,7.8
P00380-L022,P00380,medical,2026-04-01,2026-04-09,8.3
P00380-L023,P00380,earned,2026-04-20,2026-04-22,2.2
P00380-L024,P00380,earned,2026-05-22,2026-06-02,11.9
P00380-L025,P00380,earned,2026-06-12,2026-06-21,9.0
P00380-L026,P00380,earned,2026-07-17,2026-07-23,6.0
P00380-L027,P00380,medical,2026-08-08,2026-08-14,6.0
P00381-L001,P00381,casual,2024-09-07,2024-09-15,8.7
P00381-L002,P00381,compensatory,2024-10-12,2024-10-23,11.2
P00381-L003,P00381,earned,2024-11-13,2024-11-22,9.3
P00381-L004,P00381,earned,2024-12-13,2024-12-21,7.9
P00381-L005,P00381,earned,2025-01-11,2025-01-18,7.3
P00381-L006,P00381,casual,2025-02-07,2025-02-17,9.9
P00381-L007,P00381,casual,2025-03-22,2025-03-26,3.5
P00381-L008,P00381,earned,2025-04-16,2025-04-27,10.3
P00381-L009,P00381,earned,2025-05-20,2025-05-24,3.5
P00381-L010,P00381,casual,2025-06-23,2025-07-04,10.6
P00381-L011,P00381,casual,2025-07-26,2025-08-05,10.5
P00381-L012,P00381,earned,2025-08-16,2025-08-20,4.0
P00381-L013,P00381,casual,2025-09-22,2025-10-06,14.1
P00381-L014,P00381,earned,2025-10-22,2025-10-26,4.8
P00381-L015,P00381,medical,2025-12-04,2025-12-06,2.3
P00381-L016,P00381,earned,2025-12-27,2026-01-06,10.2
P00381-L017,P00381,compensatory,2026-01-22,2026-01-29,7.5
P00381-L018,P00381,earned,2026-03-01,2026-03-22,21.3
P00381-L019,P00381,earned,2026-04-09,2026-04-12,3.5
P00381-L020,P00381,earned,2026-05-05,2026-05-17,12.4
P00381-L021,P00381,earned,2026-06-07,2026-06-17,9.9
P00381-L022,P00381,medical,2026-07-12,2026-07-23,11.1
P00381-L023,P00381,casual,2026-08-04,2026-08-10,6.2
P00382-L001,P00382,medical,2024-09-01,2024-09-06,5.2
P00382-L002,P00382,medical,2024-10-14,2024-10-18,3.3
P00382-L003,P00382,earned,2024-11-01,2024-11-12,10.4
P00382-L004,P00382,earned,2024-12-04,2024-12-12,7.6
P00382-L005,P00382,earned,2025-01-10,2025-01-14,3.7
P00382-L006,P00382,earned,2025-02-12,2025-02-19,6.9
P00382-L007,P00382,earned,2025-03-16,2025-03-22,5.5
P00382-L008,P00382,earned,2025-04-16,2025-04-24,7.3
P00382-L009,P00382,earned,2025-05-09,2025-05-18,9.3
P00382-L010,P00382,casual,2025-06-10,2025-06-13,3.6
P00382-L011,P00382,earned,2025-07-19,2025-07-24,5.3
P00382-L012,P00382,earned,2025-08-15,2025-08-18,2.6
P00382-L013,P00382,medical,2025-09-04,2025-09-12,8.3
P00382-L014,P00382,casual,2025-10-06,2025-10-10,3.9
P00382-L015,P00382,casual,2025-11-21,2025-11-26,5.3
P00382-L016,P00382,earned,2025-12-01,2025-12-11,10.1
P00382-L017,P00382,earned,2026-01-14,2026-01-21,7.4
P00382-L018,P00382,earned,2026-02-08,2026-02-14,6.2
P00382-L019,P00382,casual,2026-03-06,2026-03-10,3.7
P00382-L020,P00382,earned,2026-04-11,2026-04-18,6.8
P00382-L021,P00382,earned,2026-05-09,2026-05-13,4.9
P00382-L022,P00382,casual,2026-06-12,2026-06-15,2.9
P00382-L023,P00382,earned,2026-07-10,2026-07-13,2.8
P00382-L024,P00382,earned,2026-08-12,2026-08-15,2.7
P00383-L001,P00383,casual,2024-09-01,2024-09-13,12.3
P00383-L002,P00383,casual,2024-11-09,2024-11-24,15.1
P00383-L003,P00383,medical,2025-01-20,2025-02-10,21.2
P00383-L004,P00383,earned,2025-03-13,2025-03-26,12.8
P00383-L005,P00383,earned,2025-05-04,2025-05-13,9.4
P00383-L006,P00383,earned,2025-07-25,2025-08-05,10.2
P00383-L007,P00383,earned,2025-10-13,2025-10-26,13.0
P00383-L008,P00383,earned,2025-11-03,2025-11-12,8.6
P00383-L009,P00383,earned,2025-12-31,2026-01-12,12.4
P00383-L010,P00383,earned,2026-03-16,2026-03-24,7.6
P00383-L011,P00383,earned,2026-05-13,2026-05-23,10.4
P00383-L012,P00383,earned,2026-07-21,2026-08-08,17.8
P00384-L001,P00384,earned,2024-09-08,2024-09-16,7.9
P00384-L002,P00384,medical,2024-10-08,2024-10-15,7.1
P00384-L003,P00384,earned,2024-11-09,2024-11-23,14.0
P00384-L004,P00384,casual,2024-12-11,2024-12-28,17.0
P00384-L005,P00384,earned,2025-01-13,2025-01-18,5.0
P00384-L006,P00384,earned,2025-02-14,2025-02-19,5.1
P00384-L007,P00384,earned,2025-03-19,2025-03-28,9.2
P00384-L008,P00384,earned,2025-05-14,2025-05-19,4.7
P00384-L009,P00384,casual,2025-05-24,2025-06-04,10.4
P00384-L010,P00384,earned,2025-07-15,2025-07-22,6.5
P00384-L011,P00384,casual,2025-08-01,2025-08-07,6.0
P00384-L012,P00384,casual,2025-09-14,2025-09-22,8.5
P00384-L013,P00384,medical,2025-10-17,2025-10-23,5.8
P00384-L014,P00384,casual,2025-11-15,2025-11-22,7.9
P00384-L015,P00384,earned,2025-12-15,2025-12-31,15.8
P00384-L016,P00384,casual,2026-01-19,2026-01-27,7.8
P00384-L017,P00384,earned,2026-02-15,2026-02-28,13.4
P00384-L018,P00384,earned,2026-04-05,2026-04-11,6.2
P00384-L019,P00384,earned,2026-05-02,2026-05-15,13.5
P00384-L020,P00384,casual,2026-05-30,2026-06-06,7.8
P00384-L021,P00384,earned,2026-06-30,2026-07-08,8.4
P00384-L022,P00384,compensatory,2026-08-05,2026-08-11,6.1
P00385-L001,P00385,compensatory,2024-09-11,2024-09-16,4.8
P00385-L002,P00385,casual,2024-11-01,2024-11-05,4.8
P00385-L003,P00385,medical,2024-11-29,2024-12-04,5.4
P00385-L004,P00385,casual,2024-12-31,2025-01-10,9.4
P00385-L005,P00385,casual,2025-02-07,2025-02-21,14.1
P00385-L006,P00385,earned,2025-03-24,2025-04-08,15.1
P00385-L007,P00385,earned,2025-05-06,2025-05-10,4.2
P00385-L008,P00385,earned,2025-06-08,2025-06-17,8.8
P00385-L009,P00385,earned,2025-07-31,2025-08-04,4.2
P00385-L010,P00385,casual,2025-08-15,2025-08-21,5.8
P00385-L011,P00385,earned,2025-10-09,2025-10-23,14.2
P00385-L012,P00385,medical,2025-11-17,2025-11-26,8.9
P00385-L013,P00385,earned,2025-12-14,2025-12-28,13.7
P00385-L014,P00385,medical,2026-01-22,2026-02-11,20.8
P00385-L015,P00385,earned,2026-03-04,2026-03-10,5.6
P00385-L016,P00385,earned,2026-04-10,2026-04-20,9.3
P00385-L017,P00385,earned,2026-05-13,2026-05-27,14.0
P00385-L018,P00385,earned,2026-06-16,2026-06-19,3.6
P00385-L019,P00385,medical,2026-07-28,2026-08-04,6.6
P00386-L001,P00386,medical,2024-09-02,2024-09-09,6.4
P00386-L002,P00386,earned,2024-10-03,2024-10-13,9.6
P00386-L003,P00386,earned,2024-11-07,2024-11-09,1.8
P00386-L004,P00386,casual,2024-12-20,2024-12-25,4.8
P00386-L005,P00386,medical,2025-01-06,2025-01-10,4.4
P00386-L006,P00386,earned,2025-02-19,2025-03-01,10.6
P00386-L007,P00386,casual,2025-03-15,2025-03-20,4.6
P00386-L008,P00386,casual,2025-04-14,2025-04-24,10.0
P00386-L009,P00386,medical,2025-05-20,2025-06-01,11.9
P00386-L010,P00386,earned,2025-06-17,2025-06-21,4.5
P00386-L011,P00386,medical,2025-07-26,2025-07-30,4.2
P00386-L012,P00386,casual,2025-08-24,2025-08-27,3.6
P00386-L013,P00386,earned,2025-10-01,2025-10-03,2.0
P00386-L014,P00386,earned,2025-10-21,2025-11-03,12.7
P00386-L015,P00386,casual,2025-11-25,2025-12-08,12.9
P00386-L016,P00386,earned,2025-12-21,2025-12-25,3.9
P00386-L017,P00386,earned,2026-01-29,2026-02-03,5.2
P00386-L018,P00386,casual,2026-02-24,2026-03-01,5.4
P00386-L019,P00386,casual,2026-04-01,2026-04-09,7.5
P00386-L020,P00386,casual,2026-05-01,2026-05-10,8.8
P00386-L021,P00386,earned,2026-06-09,2026-06-14,4.5
P00386-L022,P00386,earned,2026-07-06,2026-07-10,4.4
P00386-L023,P00386,earned,2026-08-23,2026-08-30,7.4
P00387-L001,P00387,earned,2024-11-04,2024-11-11,6.5
P00387-L002,P00387,medical,2025-01-24,2025-02-04,10.9
P00387-L003,P00387,earned,2025-06-28,2025-07-14,16.5
P00387-L004,P00387,earned,2025-10-31,2025-11-10,10.1
P00387-L005,P00387,earned,2026-01-03,2026-02-02,30.0
P00387-L006,P00387,earned,2026-05-22,2026-05-29,7.2
P00388-L001,P00388,compensatory,2024-09-26,2024-10-03,7.3
P00388-L002,P00388,earned,2025-02-19,2025-02-24,4.8
P00388-L003,P00388,earned,2025-06-26,2025-06-30,4.0
P00388-L004,P00388,casual,2025-11-15,2025-11-23,8.1
P00388-L005,P00388,casual,2026-05-25,2026-06-04,9.6
P00389-L001,P00389,earned,2024-09-06,2024-09-16,10.2
P00389-L002,P00389,earned,2024-11-20,2024-11-28,8.3
P00389-L003,P00389,casual,2025-01-20,2025-01-25,5.1
P00389-L004,P00389,earned,2025-03-16,2025-03-26,10.1
P00389-L005,P00389,earned,2025-05-05,2025-05-14,9.4
P00389-L006,P00389,casual,2025-07-06,2025-07-08,2.7
P00389-L007,P00389,medical,2025-09-02,2025-09-03,1.4
P00389-L008,P00389,casual,2025-11-08,2025-11-16,7.9
P00389-L009,P00389,casual,2026-01-06,2026-01-24,18.0
P00389-L010,P00389,earned,2026-03-15,2026-04-07,23.1
P00389-L011,P00389,casual,2026-05-18,2026-06-05,18.0
P00389-L012,P00389,earned,2026-07-03,2026-07-14,11.5
P00390-L001,P00390,earned,2024-09-11,2024-09-27,15.5
P00390-L002,P00390,casual,2024-10-14,2024-10-20,6.0
P00390-L003,P00390,casual,2024-11-26,2024-12-09,12.7
P00390-L004,P00390,compensatory,2025-01-31,2025-02-04,4.1
P00390-L005,P00390,casual,2025-03-07,2025-03-18,11.4
P00390-L006,P00390,earned,2025-04-12,2025-04-24,11.8
P00390-L007,P00390,casual,2025-06-02,2025-06-11,9.4
P00390-L008,P00390,earned,2025-07-16,2025-07-20,4.4
P00390-L009,P00390,casual,2025-08-20,2025-08-22,2.0
P00390-L010,P00390,earned,2025-10-06,2025-10-11,5.0
P00390-L011,P00390,medical,2025-11-14,2025-11-20,5.4
P00390-L012,P00390,earned,2025-12-17,2026-01-12,26.2
P00390-L013,P00390,casual,2026-02-16,2026-02-22,6.3
P00390-L014,P00390,casual,2026-03-19,2026-03-28,8.7
P00390-L015,P00390,medical,2026-04-30,2026-05-09,8.8
P00390-L016,P00390,medical,2026-06-17,2026-06-23,6.1
P00390-L017,P00390,casual,2026-08-05,2026-08-16,11.2
P00391-L001,P00391,earned,2024-10-13,2024-10-21,7.9
P00391-L002,P00391,earned,2025-01-01,2025-01-07,5.9
P00391-L003,P00391,earned,2025-04-14,2025-04-29,15.0
P00391-L004,P00391,earned,2025-07-20,2025-08-08,19.3
P00391-L005,P00391,earned,2025-11-05,2025-11-11,6.6
P00391-L006,P00391,earned,2026-02-17,2026-03-04,14.9
P00391-L007,P00391,medical,2026-05-29,2026-06-16,17.4
P00392-L001,P00392,earned,2024-09-08,2024-09-19,11.0
P00392-L002,P00392,earned,2024-10-24,2024-10-30,5.2
P00392-L003,P00392,casual,2024-12-08,2024-12-18,9.4
P00392-L004,P00392,earned,2025-02-05,2025-02-21,16.6
P00392-L005,P00392,casual,2025-03-18,2025-03-24,5.1
P00392-L006,P00392,earned,2025-05-15,2025-05-27,11.8
P00392-L007,P00392,medical,2025-07-13,2025-07-19,6.1
P00392-L008,P00392,earned,2025-08-10,2025-08-19,9.7
P00392-L009,P00392,casual,2025-10-05,2025-10-15,9.8
P00392-L010,P00392,earned,2025-11-19,2025-11-27,8.1
P00392-L011,P00392,earned,2026-01-03,2026-01-08,5.6
P00392-L012,P00392,compensatory,2026-03-26,2026-03-29,2.5
P00392-L013,P00392,casual,2026-04-08,2026-04-18,10.0
P00392-L014,P00392,earned,2026-06-22,2026-06-26,4.1
P00392-L015,P00392,earned,2026-07-31,2026-08-19,18.8
P00393-L001,P00393,earned,2024-10-08,2024-10-18,9.9
P00393-L002,P00393,earned,2024-11-12,2024-11-18,5.5
P00393-L003,P00393,medical,2024-12-26,2025-01-01,5.6
P00393-L004,P00393,earned,2025-02-12,2025-02-24,12.1
P00393-L005,P00393,casual,2025-04-03,2025-04-07,4.3
P00393-L006,P00393,earned,2025-05-27,2025-05-30,3.4
P00393-L007,P00393,earned,2025-07-17,2025-07-20,3.0
P00393-L008,P00393,casual,2025-09-20,2025-10-08,18.2
P00393-L009,P00393,casual,2025-10-23,2025-11-04,12.1
P00393-L010,P00393,earned,2025-12-22,2026-01-02,10.7
P00393-L011,P00393,casual,2026-03-02,2026-03-18,15.7
P00393-L012,P00393,earned,2026-03-29,2026-04-14,15.6
P00393-L013,P00393,casual,2026-05-24,2026-06-07,14.2
P00393-L014,P00393,earned,2026-07-14,2026-07-26,12.4
P00394-L001,P00394,casual,2024-09-02,2024-09-09,6.7
P00394-L002,P00394,casual,2024-10-18,2024-11-02,15.6
P00394-L003,P00394,medical,2024-11-28,2024-12-06,8.3
P00394-L004,P00394,earned,2025-01-14,2025-01-24,10.5
P00394-L005,P00394,casual,2025-02-25,2025-03-04,6.6
P00394-L006,P00394,earned,2025-04-29,2025-05-04,5.3
P00394-L007,P00394,earned,2025-05-22,2025-06-05,13.6
P00394-L008,P00394,earned,2025-07-07,2025-07-15,8.7
P00394-L009,P00394,earned,2025-08-24,2025-08-31,6.5
P00394-L010,P00394,casual,2025-09-28,2025-10-03,5.3
P00394-L011,P00394,casual,2025-11-09,2025-11-13,4.5
P00394-L012,P00394,compensatory,2026-01-07,2026-01-17,10.1
P00394-L013,P00394,casual,2026-02-16,2026-02-21,4.3
P00394-L014,P00394,casual,2026-04-01,2026-04-11,10.1
P00394-L015,P00394,casual,2026-04-29,2026-05-09,10.5
P00394-L016,P00394,earned,2026-06-13,2026-06-19,6.4
P00394-L017,P00394,casual,2026-08-01,2026-08-04,3.3
P00395-L001,P00395,earned,2024-09-13,2024-10-04,21.1
P00395-L002,P00395,earned,2024-11-07,2024-11-15,7.4
P00395-L003,P00395,earned,2024-12-08,2024-12-31,23.3
P00395-L004,P00395,earned,2025-01-24,2025-02-06,12.6
P00395-L005,P00395,earned,2025-04-05,2025-04-13,8.5
P00395-L006,P00395,casual,2025-04-17,2025-05-04,17.9
P00395-L007,P00395,compensatory,2025-06-07,2025-06-17,10.0
P00395-L008,P00395,casual,2025-08-20,2025-08-27,6.6
P00395-L009,P00395,earned,2025-09-10,2025-09-12,2.3
P00395-L010,P00395,earned,2025-11-02,2025-11-14,11.2
P00395-L011,P00395,earned,2025-12-12,2025-12-24,11.9
P00395-L012,P00395,compensatory,2026-01-24,2026-02-07,14.4
P00395-L013,P00395,earned,2026-03-05,2026-03-21,16.0
P00395-L014,P00395,earned,2026-05-01,2026-05-15,14.3
P00395-L015,P00395,earned,2026-06-11,2026-06-21,10.3
P00395-L016,P00395,earned,2026-07-17,2026-07-30,12.1
P00396-L001,P00396,casual,2024-09-07,2024-09-19,11.5
P00396-L002,P00396,casual,2024-10-30,2024-11-12,12.8
P00396-L003,P00396,earned,2025-01-10,2025-01-20,10.0
P00396-L004,P00396,earned,2025-02-10,2025-02-26,16.7
P00396-L005,P00396,earned,2025-03-29,2025-04-15,17.2
P00396-L006,P00396,compensatory,2025-05-25,2025-06-02,7.8
P00396-L007,P00396,earned,2025-07-21,2025-07-30,8.8
P00396-L008,P00396,earned,2025-09-20,2025-09-30,10.0
P00396-L009,P00396,earned,2025-11-01,2025-11-15,14.0
P00396-L010,P00396,earned,2025-12-14,2025-12-21,7.2
P00396-L011,P00396,earned,2026-02-12,2026-02-20,7.4
P00396-L012,P00396,earned,2026-03-29,2026-04-06,7.7
P00396-L013,P00396,medical,2026-05-29,2026-06-11,12.8
P00396-L014,P00396,casual,2026-07-21,2026-07-31,9.9
P00397-L001,P00397,casual,2024-09-14,2024-09-24,10.2
P00397-L002,P00397,casual,2024-12-24,2025-01-03,10.3
P00397-L003,P00397,earned,2025-02-16,2025-02-28,11.5
P00397-L004,P00397,casual,2025-06-15,2025-06-21,6.4
P00397-L005,P00397,casual,2025-07-29,2025-08-04,5.9
P00397-L006,P00397,earned,2025-10-27,2025-11-07,10.5
P00397-L007,P00397,earned,2026-02-16,2026-02-24,8.1
P00397-L008,P00397,earned,2026-04-24,2026-05-14,20.1
P00397-L009,P00397,medical,2026-08-01,2026-08-05,4.6
P00398-L001,P00398,earned,2024-09-11,2024-09-15,3.7
P00398-L002,P00398,earned,2024-10-03,2024-10-15,11.8
P00398-L003,P00398,medical,2024-11-06,2024-11-16,10.4
P00398-L004,P00398,casual,2024-12-04,2024-12-10,6.6
P00398-L005,P00398,compensatory,2024-12-29,2025-01-06,7.4
P00398-L006,P00398,earned,2025-01-19,2025-01-24,5.5
P00398-L007,P00398,casual,2025-02-16,2025-02-23,6.8
P00398-L008,P00398,earned,2025-04-06,2025-04-08,2.3
P00398-L009,P00398,casual,2025-04-23,2025-04-28,5.5
P00398-L010,P00398,earned,2025-05-28,2025-06-06,8.8
P00398-L011,P00398,casual,2025-06-17,2025-06-20,2.9
P00398-L012,P00398,earned,2025-07-09,2025-07-20,11.0
P00398-L013,P00398,casual,2025-08-20,2025-08-25,4.9
P00398-L014,P00398,earned,2025-09-08,2025-09-12,4.6
P00398-L015,P00398,earned,2025-10-06,2025-10-17,11.7
P00398-L016,P00398,casual,2025-11-06,2025-11-16,9.3
P00398-L017,P00398,earned,2025-11-26,2025-12-07,11.1
P00398-L018,P00398,casual,2026-01-02,2026-01-09,7.0
P00398-L019,P00398,earned,2026-02-02,2026-02-06,4.3
P00398-L020,P00398,casual,2026-02-20,2026-02-25,5.0
P00398-L021,P00398,medical,2026-03-22,2026-03-28,5.7
P00398-L022,P00398,casual,2026-04-16,2026-04-23,6.8
P00398-L023,P00398,earned,2026-05-14,2026-05-20,6.3
P00398-L024,P00398,casual,2026-06-26,2026-07-01,4.6
P00398-L025,P00398,earned,2026-07-23,2026-07-25,2.6
P00398-L026,P00398,earned,2026-08-14,2026-08-21,6.6
P00399-L001,P00399,casual,2024-09-18,2024-09-19,1.6
P00399-L002,P00399,compensatory,2024-10-08,2024-10-13,4.8
P00399-L003,P00399,earned,2024-11-11,2024-12-01,19.3
P00399-L004,P00399,earned,2024-12-20,2024-12-26,6.9
P00399-L005,P00399,medical,2025-01-18,2025-01-28,9.7
P00399-L006,P00399,casual,2025-02-24,2025-03-06,9.9
P00399-L007,P00399,casual,2025-04-06,2025-04-16,10.4
P00399-L008,P00399,earned,2025-05-10,2025-05-19,8.3
P00399-L009,P00399,medical,2025-06-13,2025-06-20,6.6
P00399-L010,P00399,earned,2025-07-15,2025-07-24,8.7
P00399-L011,P00399,casual,2025-08-15,2025-08-25,10.0
P00399-L012,P00399,earned,2025-09-20,2025-09-25,4.4
P00399-L013,P00399,earned,2025-11-08,2025-11-12,4.1
P00399-L014,P00399,casual,2025-11-27,2025-12-04,7.7
P00399-L015,P00399,earned,2026-01-06,2026-01-14,8.4
P00399-L016,P00399,earned,2026-02-11,2026-02-22,10.8
P00399-L017,P00399,medical,2026-03-15,2026-03-21,6.0
P00399-L018,P00399,earned,2026-04-17,2026-04-21,3.8
P00399-L019,P00399,casual,2026-05-22,2026-05-25,3.0
P00399-L020,P00399,casual,2026-07-03,2026-07-07,3.8
P00399-L021,P00399,earned,2026-08-11,2026-08-15,4.4
P00400-L001,P00400,earned,2024-09-04,2024-09-25,20.9
P00400-L002,P00400,casual,2024-10-24,2024-11-11,18.7
P00400-L003,P00400,earned,2024-12-13,2024-12-28,15.0
P00400-L004,P00400,medical,2025-02-10,2025-02-21,10.2
P00400-L005,P00400,earned,2025-04-16,2025-04-21,5.4
P00400-L006,P00400,earned,2025-05-07,2025-05-16,8.4
P00400-L007,P00400,casual,2025-07-19,2025-07-28,9.4
P00400-L008,P00400,earned,2025-08-13,2025-08-24,10.4
P00400-L009,P00400,casual,2025-10-02,2025-10-17,14.9
P00400-L010,P00400,earned,2025-11-29,2025-12-12,12.9
P00400-L011,P00400,casual,2026-01-11,2026-01-21,9.9
P00400-L012,P00400,casual,2026-03-18,2026-03-26,8.2
P00400-L013,P00400,earned,2026-04-30,2026-05-10,9.9
P00400-L014,P00400,earned,2026-06-17,2026-06-22,5.6
P00400-L015,P00400,earned,2026-07-17,2026-07-23,6.3
P00401-L001,P00401,medical,2024-09-06,2024-09-11,4.5
P00401-L002,P00401,earned,2024-10-07,2024-10-20,13.3
P00401-L003,P00401,casual,2024-11-17,2024-11-27,10.2
P00401-L004,P00401,casual,2024-12-21,2025-01-02,12.5
P00401-L005,P00401,casual,2025-01-27,2025-02-09,13.1
P00401-L006,P00401,earned,2025-03-02,2025-03-09,6.4
P00401-L007,P00401,earned,2025-04-13,2025-04-19,6.1
P00401-L008,P00401,earned,2025-05-18,2025-05-22,4.5
P00401-L009,P00401,earned,2025-07-08,2025-07-17,9.4
P00401-L010,P00401,casual,2025-07-28,2025-08-04,7.0
P00401-L011,P00401,casual,2025-09-05,2025-09-11,6.4
P00401-L012,P00401,casual,2025-10-19,2025-10-26,7.1
P00401-L013,P00401,medical,2025-11-21,2025-12-02,11.8
P00401-L014,P00401,earned,2025-12-20,2025-12-25,4.3
P00401-L015,P00401,casual,2026-02-04,2026-02-08,4.2
P00401-L016,P00401,earned,2026-03-12,2026-03-27,15.6
P00401-L017,P00401,casual,2026-04-21,2026-04-24,3.4
P00401-L018,P00401,earned,2026-05-27,2026-06-03,7.3
P00401-L019,P00401,earned,2026-06-20,2026-06-27,6.9
P00401-L020,P00401,medical,2026-08-11,2026-08-26,15.1
P00402-L001,P00402,medical,2024-10-02,2024-10-06,4.3
P00402-L002,P00402,casual,2024-11-13,2024-11-25,11.6
P00402-L003,P00402,casual,2025-01-16,2025-01-26,9.9
P00402-L004,P00402,earned,2025-03-26,2025-04-06,10.5
P00402-L005,P00402,earned,2025-06-03,2025-06-16,12.5
P00402-L006,P00402,casual,2025-09-09,2025-09-15,5.9
P00402-L007,P00402,casual,2025-10-06,2025-10-13,6.9
P00402-L008,P00402,earned,2025-12-10,2025-12-20,10.8
P00402-L009,P00402,compensatory,2026-03-03,2026-03-12,8.1
P00402-L010,P00402,earned,2026-05-31,2026-06-05,5.0
P00402-L011,P00402,earned,2026-07-11,2026-07-12,1.2
P00403-L001,P00403,earned,2024-09-08,2024-09-11,3.2
P00403-L002,P00403,casual,2024-09-25,2024-10-04,9.0
P00403-L003,P00403,casual,2024-10-21,2024-10-23,2.2
P00403-L004,P00403,earned,2024-11-18,2024-11-22,4.1
P00403-L005,P00403,casual,2024-12-14,2024-12-21,6.4
P00403-L006,P00403,casual,2025-01-09,2025-01-13,3.8
P00403-L007,P00403,compensatory,2025-02-03,2025-02-17,14.1
P00403-L008,P00403,casual,2025-02-26,2025-03-02,4.1
P00403-L009,P00403,compensatory,2025-03-21,2025-03-26,4.9
P00403-L010,P00403,casual,2025-04-18,2025-04-22,4.5
P00403-L011,P00403,earned,2025-05-17,2025-05-19,2.6
P00403-L012,P00403,compensatory,2025-06-04,2025-06-07,3.0
P00403-L013,P00403,casual,2025-07-11,2025-07-14,3.4
P00403-L014,P00403,casual,2025-08-01,2025-08-06,5.6
P00403-L015,P00403,earned,2025-08-22,2025-08-27,4.8
P00403-L016,P00403,casual,2025-09-15,2025-09-22,6.4
P00403-L017,P00403,casual,2025-10-10,2025-10-16,5.4
P00403-L018,P00403,earned,2025-11-02,2025-11-09,6.3
P00403-L019,P00403,earned,2025-12-02,2025-12-16,13.3
P00403-L020,P00403,earned,2025-12-24,2026-01-01,7.4
P00403-L021,P00403,earned,2026-01-22,2026-01-29,7.7
P00403-L022,P00403,earned,2026-02-17,2026-02-21,4.2
P00403-L023,P00403,earned,2026-03-08,2026-03-14,5.9
P00403-L024,P00403,casual,2026-04-05,2026-04-09,4.0
P00403-L025,P00403,earned,2026-05-02,2026-05-08,5.8
P00403-L026,P00403,earned,2026-05-29,2026-06-01,3.3
P00403-L027,P00403,medical,2026-06-21,2026-06-25,4.3
P00403-L028,P00403,medical,2026-07-25,2026-07-27,1.7
P00403-L029,P00403,earned,2026-08-06,2026-08-13,6.3
P00404-L001,P00404,casual,2024-09-10,2024-09-23,12.8
P00404-L002,P00404,casual,2024-10-24,2024-10-28,3.3
P00404-L003,P00404,earned,2024-11-19,2024-11-29,9.8
P00404-L004,P00404,casual,2025-01-12,2025-01-15,2.4
P00404-L005,P00404,earned,2025-02-09,2025-02-15,5.7
P00404-L006,P00404,earned,2025-03-23,2025-04-11,18.5
P00404-L007,P00404,earned,2025-04-29,2025-05-17,18.1
P00404-L008,P00404,earned,2025-06-09,2025-06-13,3.9
P00404-L009,P00404,casual,2025-07-15,2025-07-24,8.3
P00404-L010,P00404,earned,2025-08-15,2025-08-22,6.5
P00404-L011,P00404,earned,2025-09-27,2025-10-16,18.8
P00404-L012,P00404,medical,2025-11-17,2025-11-25,7.8
P00404-L013,P00404,casual,2025-12-08,2025-12-26,17.9
P00404-L014,P00404,earned,2026-01-18,2026-02-03,16.8
P00404-L015,P00404,earned,2026-02-23,2026-03-08,12.9
P00404-L016,P00404,casual,2026-04-04,2026-04-13,9.3
P00404-L017,P00404,casual,2026-05-26,2026-06-05,10.1
P00404-L018,P00404,compensatory,2026-07-10,2026-07-20,9.3
P00404-L019,P00404,medical,2026-08-04,2026-08-12,7.9
P00405-L001,P00405,earned,2024-09-05,2024-09-27,21.7
P00405-L002,P00405,earned,2024-11-13,2024-12-01,17.8
P00405-L003,P00405,earned,2025-01-08,2025-01-29,20.5
P00405-L004,P00405,medical,2025-02-24,2025-03-03,7.0
P00405-L005,P00405,earned,2025-05-15,2025-05-25,10.0
P00405-L006,P00405,earned,2025-06-29,2025-07-12,12.7
P00405-L007,P00405,earned,2025-08-04,2025-08-10,6.3
P00405-L008,P00405,earned,2025-10-12,2025-10-25,12.9
P00405-L009,P00405,casual,2025-12-05,2025-12-23,18.2
P00405-L010,P00405,earned,2026-02-17,2026-03-04,15.2
P00405-L011,P00405,casual,2026-03-21,2026-04-13,22.8
P00405-L012,P00405,casual,2026-05-30,2026-06-04,5.3
P00405-L013,P00405,earned,2026-08-05,2026-08-10,4.8
P00406-L001,P00406,earned,2024-09-05,2024-09-20,14.8
P00406-L002,P00406,casual,2024-11-15,2024-11-27,12.0
P00406-L003,P00406,casual,2024-12-15,2024-12-23,7.4
P00406-L004,P00406,compensatory,2025-02-06,2025-02-14,7.7
P00406-L005,P00406,compensatory,2025-03-31,2025-04-11,10.5
P00406-L006,P00406,earned,2025-06-20,2025-06-27,6.9
P00406-L007,P00406,earned,2025-07-13,2025-08-04,22.6
P00406-L008,P00406,casual,2025-09-13,2025-09-21,7.2
P00406-L009,P00406,medical,2025-11-15,2025-11-22,6.4
P00406-L010,P00406,earned,2025-12-16,2025-12-28,12.5
P00406-L011,P00406,casual,2026-03-02,2026-03-19,16.9
P00406-L012,P00406,earned,2026-04-16,2026-05-03,16.6
P00406-L013,P00406,casual,2026-06-18,2026-06-27,8.4
P00406-L014,P00406,casual,2026-08-02,2026-08-13,11.2
P00407-L001,P00407,compensatory,2024-08-31,2024-09-12,12.2
P00407-L002,P00407,earned,2024-09-30,2024-10-08,7.7
P00407-L003,P00407,medical,2024-11-07,2024-11-17,10.7
P00407-L004,P00407,medical,2024-12-03,2024-12-07,4.1
P00407-L005,P00407,earned,2025-01-02,2025-01-08,6.5
P00407-L006,P00407,casual,2025-01-27,2025-02-05,8.8
P00407-L007,P00407,earned,2025-02-26,2025-03-09,11.5
P00407-L008,P00407,medical,2025-03-28,2025-03-30,2.1
P00407-L009,P00407,earned,2025-04-26,2025-05-03,6.1
P00407-L010,P00407,casual,2025-05-25,2025-05-31,5.5
P00407-L011,P00407,casual,2025-06-25,2025-06-28,2.9
P00407-L012,P00407,earned,2025-08-03,2025-08-08,5.3
P00407-L013,P00407,earned,2025-08-28,2025-09-02,5.7
P00407-L014,P00407,compensatory,2025-09-16,2025-09-21,5.1
P00407-L015,P00407,casual,2025-10-14,2025-10-19,4.7
P00407-L016,P00407,compensatory,2025-11-15,2025-11-19,4.0
P00407-L017,P00407,earned,2025-12-22,2025-12-26,4.1
P00407-L018,P00407,earned,2026-01-14,2026-01-18,3.4
P00407-L019,P00407,casual,2026-02-15,2026-02-18,3.5
P00407-L020,P00407,casual,2026-03-13,2026-03-18,5.5
P00407-L021,P00407,earned,2026-04-20,2026-04-29,8.6
P00407-L022,P00407,casual,2026-05-11,2026-05-24,13.2
P00407-L023,P00407,medical,2026-06-17,2026-06-26,9.3
P00407-L024,P00407,earned,2026-07-07,2026-07-12,5.1
P00407-L025,P00407,medical,2026-08-05,2026-08-17,11.7
P00408-L001,P00408,casual,2024-09-03,2024-09-11,8.2
P00408-L002,P00408,earned,2024-10-12,2024-10-27,14.7
P00408-L003,P00408,casual,2024-11-23,2024-11-27,4.3
P00408-L004,P00408,earned,2024-12-24,2024-12-30,5.8
P00408-L005,P00408,earned,2025-01-30,2025-02-11,11.6
P00408-L006,P00408,medical,2025-03-05,2025-03-11,6.2
P00408-L007,P00408,earned,2025-04-10,2025-04-23,12.8
P00408-L008,P00408,earned,2025-05-28,2025-06-08,10.9
P00408-L009,P00408,earned,2025-06-27,2025-07-07,10.4
P00408-L010,P00408,medical,2025-08-10,2025-08-13,3.8
P00408-L011,P00408,medical,2025-09-05,2025-09-22,16.6
P00408-L012,P00408,earned,2025-10-13,2025-10-20,7.1
P00408-L013,P00408,casual,2025-11-13,2025-11-15,2.2
P00408-L014,P00408,casual,2025-12-22,2026-01-03,11.6
P00408-L015,P00408,casual,2026-02-06,2026-02-11,4.6
P00408-L016,P00408,casual,2026-03-12,2026-03-19,6.6
P00408-L017,P00408,earned,2026-04-21,2026-04-25,4.0
P00408-L018,P00408,casual,2026-05-30,2026-06-05,5.9
P00408-L019,P00408,earned,2026-07-06,2026-07-13,6.6
P00408-L020,P00408,earned,2026-08-13,2026-08-17,4.0
P00409-L001,P00409,earned,2024-09-03,2024-09-09,6.7
P00409-L002,P00409,medical,2024-10-06,2024-10-10,3.8
P00409-L003,P00409,casual,2024-11-21,2024-12-02,10.5
P00409-L004,P00409,earned,2024-12-16,2024-12-25,8.9
P00409-L005,P00409,earned,2025-01-15,2025-01-27,11.3
P00409-L006,P00409,casual,2025-02-12,2025-02-17,5.7
P00409-L007,P00409,medical,2025-03-16,2025-03-23,6.7
P00409-L008,P00409,compensatory,2025-04-22,2025-04-25,3.8
P00409-L009,P00409,earned,2025-05-21,2025-05-22,1.7
P00409-L010,P00409,earned,2025-06-14,2025-06-24,9.9
P00409-L011,P00409,earned,2025-07-16,2025-07-20,4.6
P00409-L012,P00409,compensatory,2025-08-23,2025-08-29,5.9
P00409-L013,P00409,earned,2025-09-21,2025-10-05,13.9
P00409-L014,P00409,casual,2025-11-03,2025-11-08,5.3
P00409-L015,P00409,earned,2025-11-23,2025-11-30,7.3
P00409-L016,P00409,medical,2026-01-03,2026-01-12,8.9
P00409-L017,P00409,earned,2026-02-02,2026-02-05,3.1
P00409-L018,P00409,earned,2026-02-23,2026-03-03,8.2
P00409-L019,P00409,earned,2026-04-12,2026-04-24,12.6
P00409-L020,P00409,earned,2026-04-29,2026-05-07,7.3
P00409-L021,P00409,earned,2026-06-08,2026-06-17,8.4
P00409-L022,P00409,casual,2026-07-11,2026-07-17,6.0
P00409-L023,P00409,earned,2026-08-07,2026-08-10,3.7
P00409-LRR,P00409,earned,2026-08-02,2026-08-28,25.8
P00410-L001,P00410,medical,2024-10-06,2024-10-11,4.8
P00410-L002,P00410,casual,2024-11-11,2024-11-24,12.7
P00410-L003,P00410,compensatory,2025-02-09,2025-03-11,30.0
P00410-L004,P00410,earned,2025-04-27,2025-05-07,10.0
P00410-L005,P00410,casual,2025-06-06,2025-06-12,5.5
P00410-L006,P00410,casual,2025-07-29,2025-08-03,5.2
P00410-L007,P00410,casual,2025-10-31,2025-11-05,4.6
P00410-L008,P00410,earned,2025-12-17,2025-12-27,9.2
P00410-L009,P00410,earned,2026-03-31,2026-04-12,11.9
P00410-L010,P00410,medical,2026-05-21,2026-06-07,16.6
P00410-L011,P00410,earned,2026-08-08,2026-08-23,14.5
P00411-L001,P00411,medical,2024-09-22,2024-09-28,6.0
P00411-L002,P00411,earned,2024-10-14,2024-10-21,6.6
P00411-L003,P00411,compensatory,2024-11-13,2024-11-20,7.5
P00411-L004,P00411,earned,2024-12-19,2025-01-18,30.0
P00411-L005,P00411,earned,2025-01-29,2025-02-14,16.2
P00411-L006,P00411,earned,2025-03-03,2025-03-16,13.0
P00411-L007,P00411,casual,2025-04-09,2025-04-18,8.8
P00411-L008,P00411,casual,2025-06-01,2025-06-04,3.2
P00411-L009,P00411,casual,2025-06-29,2025-07-14,15.9
P00411-L010,P00411,earned,2025-07-29,2025-08-08,9.9
P00411-L011,P00411,earned,2025-09-02,2025-09-22,20.1
P00411-L012,P00411,earned,2025-10-09,2025-10-18,8.9
P00411-L013,P00411,earned,2025-12-06,2025-12-12,6.6
P00411-L014,P00411,medical,2026-01-02,2026-01-04,2.1
P00411-L015,P00411,earned,2026-01-29,2026-02-06,7.9
P00411-L016,P00411,casual,2026-03-09,2026-03-16,6.8
P00411-L017,P00411,casual,2026-04-08,2026-04-14,6.0
P00411-L018,P00411,earned,2026-06-01,2026-06-07,6.9
P00411-L019,P00411,casual,2026-07-05,2026-07-08,3.2
P00411-L020,P00411,casual,2026-07-30,2026-08-07,7.8
P00412-L001,P00412,earned,2024-10-03,2024-10-10,6.9
P00412-L002,P00412,earned,2024-11-29,2024-12-08,8.8
P00412-L003,P00412,casual,2025-01-27,2025-02-07,11.0
P00412-L004,P00412,earned,2025-04-04,2025-04-15,11.4
P00412-L005,P00412,medical,2025-06-10,2025-06-22,11.9
P00412-L006,P00412,casual,2025-08-23,2025-09-12,19.7
P00412-L007,P00412,earned,2025-11-13,2025-11-26,12.9
P00412-L008,P00412,casual,2025-12-22,2025-12-29,7.3
P00412-L009,P00412,earned,2026-03-13,2026-03-24,10.7
P00412-L010,P00412,earned,2026-05-14,2026-05-21,6.5
P00412-L011,P00412,casual,2026-06-26,2026-07-11,14.5
P00413-L001,P00413,medical,2024-09-19,2024-09-26,7.1
P00413-L002,P00413,earned,2024-10-19,2024-10-24,4.4
P00413-L003,P00413,earned,2024-11-13,2024-11-24,10.3
P00413-L004,P00413,earned,2024-12-20,2025-01-03,14.2
P00413-L005,P00413,casual,2025-01-29,2025-02-06,8.3
P00413-L006,P00413,earned,2025-02-24,2025-03-08,12.8
P00413-L007,P00413,medical,2025-04-10,2025-04-18,8.0
P00413-L008,P00413,earned,2025-05-21,2025-05-24,3.8
P00413-L009,P00413,earned,2025-06-11,2025-06-23,11.8
P00413-L010,P00413,earned,2025-07-28,2025-07-31,3.3
P00413-L011,P00413,earned,2025-08-28,2025-09-03,6.3
P00413-L012,P00413,earned,2025-09-27,2025-10-07,9.8
P00413-L013,P00413,medical,2025-10-30,2025-11-02,3.0
P00413-L014,P00413,casual,2025-12-13,2025-12-26,12.7
P00413-L015,P00413,casual,2026-01-24,2026-01-26,2.7
P00413-L016,P00413,earned,2026-03-02,2026-03-04,1.9
P00413-L017,P00413,earned,2026-03-17,2026-03-27,10.3
P00413-L018,P00413,compensatory,2026-04-17,2026-04-24,6.7
P00413-L019,P00413,earned,2026-05-21,2026-05-28,6.9
P00413-L020,P00413,earned,2026-06-25,2026-06-30,5.7
P00413-L021,P00413,medical,2026-08-09,2026-08-14,4.6
P00414-L001,P00414,earned,2024-09-07,2024-09-13,6.0
P00414-L002,P00414,earned,2024-10-07,2024-10-11,4.4
P00414-L003,P00414,earned,2024-11-06,2024-11-12,5.6
P00414-L004,P00414,casual,2024-12-28,2025-01-01,4.1
P00414-L005,P00414,earned,2025-01-12,2025-01-18,6.3
P00414-L006,P00414,earned,2025-03-04,2025-03-11,7.4
P00414-L007,P00414,casual,2025-03-27,2025-04-02,6.6
P00414-L008,P00414,earned,2025-04-27,2025-05-04,7.0
P00414-L009,P00414,casual,2025-06-14,2025-06-21,6.2
P00414-L010,P00414,casual,2025-07-05,2025-07-12,6.6
P00414-L011,P00414,earned,2025-07-30,2025-08-05,6.4
P00414-L012,P00414,earned,2025-09-01,2025-09-12,11.0
P00414-L013,P00414,casual,2025-10-18,2025-10-26,7.2
P00414-L014,P00414,casual,2025-11-15,2025-11-22,7.1
P00414-L015,P00414,earned,2025-12-15,2025-12-21,5.5
P00414-L016,P00414,earned,2026-01-13,2026-01-17,4.5
P00414-L017,P00414,casual,2026-02-15,2026-03-02,15.5
P00414-L018,P00414,earned,2026-03-27,2026-04-06,9.9
P00414-L019,P00414,casual,2026-04-24,2026-04-26,2.0
P00414-L020,P00414,casual,2026-05-30,2026-06-04,4.3
P00414-L021,P00414,compensatory,2026-06-30,2026-07-05,4.8
P00414-L022,P00414,earned,2026-08-11,2026-08-16,4.5
P00415-L001,P00415,earned,2024-09-11,2024-09-25,14.1
P00415-L002,P00415,earned,2024-10-30,2024-11-21,21.7
P00415-L003,P00415,casual,2024-12-27,2025-01-11,15.8
P00415-L004,P00415,casual,2025-02-03,2025-02-10,6.9
P00415-L005,P00415,casual,2025-03-18,2025-03-25,7.4
P00415-L006,P00415,earned,2025-05-11,2025-05-16,5.3
P00415-L007,P00415,earned,2025-07-01,2025-07-15,14.3
P00415-L008,P00415,earned,2025-08-12,2025-08-18,6.4
P00415-L009,P00415,earned,2025-10-09,2025-10-14,4.8
P00415-L010,P00415,earned,2025-11-14,2025-11-21,7.1
P00415-L011,P00415,casual,2026-01-18,2026-02-03,16.3
P00415-L012,P00415,earned,2026-02-24,2026-03-17,21.2
P00415-L013,P00415,earned,2026-04-12,2026-04-17,4.5
P00415-L014,P00415,casual,2026-06-09,2026-06-21,11.9
P00415-L015,P00415,earned,2026-07-27,2026-08-01,5.2
P00416-L001,P00416,earned,2024-09-04,2024-09-11,7.1
P00416-L002,P00416,casual,2024-10-11,2024-10-22,11.1
P00416-L003,P00416,earned,2024-11-10,2024-11-20,9.4
P00416-L004,P00416,earned,2024-12-15,2024-12-23,7.5
P00416-L005,P00416,earned,2025-01-25,2025-01-31,6.3
P00416-L006,P00416,compensatory,2025-02-18,2025-03-04,14.5
P00416-L007,P00416,medical,2025-03-28,2025-04-06,8.9
P00416-L008,P00416,casual,2025-04-22,2025-04-28,6.1
P00416-L009,P00416,earned,2025-05-31,2025-06-05,4.7
P00416-L010,P00416,earned,2025-07-04,2025-07-14,10.4
P00416-L011,P00416,casual,2025-08-05,2025-08-17,12.1
P00416-L012,P00416,earned,2025-09-04,2025-09-09,5.7
P00416-L013,P00416,earned,2025-10-18,2025-10-21,3.7
P00416-L014,P00416,earned,2025-11-09,2025-11-21,11.5
P00416-L015,P00416,medical,2025-12-25,2026-01-02,8.2
P00416-L016,P00416,earned,2026-01-22,2026-01-29,7.0
P00416-L017,P00416,earned,2026-03-04,2026-03-05,1.4
P00416-L018,P00416,casual,2026-04-07,2026-04-11,4.2
P00416-L019,P00416,casual,2026-05-13,2026-05-16,2.5
P00416-L020,P00416,earned,2026-06-08,2026-06-15,7.3
P00416-L021,P00416,earned,2026-07-16,2026-07-28,11.9
P00416-L022,P00416,casual,2026-08-13,2026-08-19,6.1
P00417-L001,P00417,casual,2024-09-01,2024-09-14,13.3
P00417-L002,P00417,medical,2024-10-08,2024-10-21,13.1
P00417-L003,P00417,casual,2024-11-24,2024-11-27,3.8
P00417-L004,P00417,earned,2024-12-21,2024-12-29,7.9
P00417-L005,P00417,casual,2025-01-30,2025-02-12,13.2
P00417-L006,P00417,casual,2025-03-02,2025-03-12,9.2
P00417-L007,P00417,earned,2025-04-17,2025-04-26,8.7
P00417-L008,P00417,casual,2025-05-24,2025-06-01,8.1
P00417-L009,P00417,compensatory,2025-06-21,2025-07-01,9.8
P00417-L010,P00417,earned,2025-08-09,2025-08-21,12.7
P00417-L011,P00417,compensatory,2025-09-07,2025-09-17,10.1
P00417-L012,P00417,earned,2025-10-26,2025-11-02,7.5
P00417-L013,P00417,earned,2025-11-17,2025-11-19,2.8
P00417-L014,P00417,earned,2025-12-19,2025-12-26,7.2
P00417-L015,P00417,casual,2026-02-09,2026-02-17,7.8
P00417-L016,P00417,casual,2026-03-03,2026-03-11,8.5
P00417-L017,P00417,earned,2026-04-09,2026-04-14,5.0
P00417-L018,P00417,casual,2026-05-20,2026-06-02,13.5
P00417-L019,P00417,medical,2026-06-29,2026-07-05,6.0
P00417-L020,P00417,earned,2026-07-27,2026-08-01,4.6
P00418-L001,P00418,casual,2024-09-20,2024-10-03,13.9
P00418-L002,P00418,casual,2024-10-14,2024-10-29,14.7
P00418-L003,P00418,earned,2024-12-01,2024-12-09,7.7
P00418-L004,P00418,medical,2025-01-09,2025-01-18,9.0
P00418-L005,P00418,compensatory,2025-02-27,2025-03-05,6.0
P00418-L006,P00418,medical,2025-04-08,2025-04-17,9.0
P00418-L007,P00418,earned,2025-06-02,2025-06-21,18.8
P00418-L008,P00418,earned,2025-07-18,2025-08-05,18.0
P00418-L009,P00418,earned,2025-08-17,2025-08-26,9.2
P00418-L010,P00418,earned,2025-09-26,2025-10-02,5.9
P00418-L011,P00418,earned,2025-11-16,2025-11-26,10.4
P00418-L012,P00418,casual,2025-12-23,2026-01-01,8.5
P00418-L013,P00418,medical,2026-02-15,2026-02-22,7.2
P00418-L014,P00418,earned,2026-03-20,2026-04-02,13.2
P00418-L015,P00418,earned,2026-05-09,2026-05-18,8.7
P00418-L016,P00418,earned,2026-06-10,2026-06-23,13.0
P00418-L017,P00418,casual,2026-08-03,2026-08-07,3.8
P00419-L001,P00419,earned,2024-09-01,2024-09-06,5.4
P00419-L002,P00419,compensatory,2024-11-09,2024-11-22,12.7
P00419-L003,P00419,earned,2024-11-27,2024-12-01,3.4
P00419-L004,P00419,earned,2025-01-08,2025-01-14,6.1
P00419-L005,P00419,compensatory,2025-03-05,2025-03-09,4.2
P00419-L006,P00419,earned,2025-04-24,2025-04-28,4.8
P00419-L007,P00419,earned,2025-05-28,2025-06-10,13.4
P00419-L008,P00419,earned,2025-07-01,2025-07-10,9.0
P00419-L009,P00419,casual,2025-08-21,2025-08-28,6.8
P00419-L010,P00419,casual,2025-09-26,2025-09-29,3.1
P00419-L011,P00419,casual,2025-11-08,2025-11-13,4.9
P00419-L012,P00419,earned,2026-01-09,2026-01-19,10.1
P00419-L013,P00419,earned,2026-02-03,2026-02-16,13.3
P00419-L014,P00419,earned,2026-03-18,2026-04-03,16.4
P00419-L015,P00419,earned,2026-04-26,2026-05-11,14.5
P00419-L016,P00419,earned,2026-07-03,2026-07-05,2.5
P00419-L017,P00419,earned,2026-08-07,2026-08-15,7.2
P00420-L001,P00420,casual,2024-09-11,2024-09-23,11.8
P00420-L002,P00420,casual,2024-10-20,2024-10-30,9.9
P00420-L003,P00420,casual,2024-11-19,2024-12-03,14.5
P00420-L004,P00420,casual,2024-12-31,2025-01-17,17.0
P00420-L005,P00420,casual,2025-02-07,2025-02-11,4.3
P00420-L006,P00420,casual,2025-03-27,2025-04-05,9.7
P00420-L007,P00420,earned,2025-04-30,2025-05-15,15.0
P00420-L008,P00420,compensatory,2025-05-31,2025-06-13,14.0
P00420-L009,P00420,casual,2025-07-18,2025-07-26,8.2
P00420-L010,P00420,casual,2025-08-17,2025-09-01,15.6
P00420-L011,P00420,compensatory,2025-10-13,2025-10-25,12.9
P00420-L012,P00420,casual,2025-11-08,2025-11-16,7.7
P00420-L013,P00420,casual,2025-12-25,2025-12-30,5.6
P00420-L014,P00420,casual,2026-02-06,2026-02-09,3.2
P00420-L015,P00420,casual,2026-02-22,2026-03-05,10.9
P00420-L016,P00420,casual,2026-04-06,2026-04-19,13.0
P00420-L017,P00420,earned,2026-05-11,2026-05-18,7.1
P00420-L018,P00420,earned,2026-06-20,2026-06-26,6.0
P00420-L019,P00420,medical,2026-07-26,2026-08-08,13.6
P00421-L001,P00421,casual,2024-09-10,2024-09-16,6.1
P00421-L002,P00421,earned,2024-10-10,2024-10-15,5.6
P00421-L003,P00421,earned,2024-12-03,2024-12-09,6.0
P00421-L004,P00421,earned,2024-12-29,2025-01-09,10.9
P00421-L005,P00421,casual,2025-02-16,2025-02-22,6.2
P00421-L006,P00421,casual,2025-03-18,2025-03-28,10.3
P00421-L007,P00421,earned,2025-04-24,2025-05-09,15.9
P00421-L008,P00421,medical,2025-06-01,2025-06-10,8.5
P00421-L009,P00421,casual,2025-07-22,2025-08-05,13.5
P00421-L010,P00421,earned,2025-08-14,2025-08-27,13.1
P00421-L011,P00421,earned,2025-09-29,2025-10-05,5.5
P00421-L012,P00421,casual,2025-10-30,2025-11-03,3.9
P00421-L013,P00421,earned,2025-12-16,2025-12-20,4.1
P00421-L014,P00421,earned,2026-01-13,2026-01-30,16.3
P00421-L015,P00421,casual,2026-02-21,2026-03-03,10.4
P00421-L016,P00421,earned,2026-04-14,2026-04-20,6.1
P00421-L017,P00421,earned,2026-05-13,2026-05-26,13.4
P00421-L018,P00421,earned,2026-06-19,2026-06-25,5.3
P00421-L019,P00421,earned,2026-08-11,2026-08-20,8.4
P00422-L001,P00422,earned,2024-09-04,2024-09-07,3.4
P00422-L002,P00422,earned,2024-09-28,2024-10-02,4.0
P00422-L003,P00422,earned,2024-10-23,2024-10-31,8.4
P00422-L004,P00422,earned,2024-11-07,2024-11-10,2.8
P00422-L005,P00422,casual,2024-12-02,2024-12-04,1.9
P00422-L006,P00422,earned,2024-12-20,2024-12-21,1.0
P00422-L007,P00422,earned,2025-01-11,2025-01-14,3.3
P00422-L008,P00422,earned,2025-02-07,2025-02-10,3.6
P00422-L009,P00422,medical,2025-03-06,2025-03-08,2.1
P00422-L010,P00422,earned,2025-03-19,2025-03-24,4.6
P00422-L011,P00422,earned,2025-04-09,2025-04-21,11.6
P00422-L012,P00422,earned,2025-05-06,2025-05-10,3.8
P00422-L013,P00422,medical,2025-05-28,2025-06-02,5.0
P00422-L014,P00422,casual,2025-06-12,2025-06-19,7.5
P00422-L015,P00422,earned,2025-06-29,2025-07-02,3.0
P00422-L016,P00422,earned,2025-07-24,2025-07-27,2.6
P00422-L017,P00422,earned,2025-08-12,2025-08-16,3.6
P00422-L018,P00422,earned,2025-08-31,2025-09-03,2.9
P00422-L019,P00422,casual,2025-09-29,2025-10-03,3.8
P00422-L020,P00422,earned,2025-10-19,2025-10-30,10.6
P00422-L021,P00422,earned,2025-11-13,2025-11-14,1.0
P00422-L022,P00422,earned,2025-11-30,2025-12-10,10.0
P00422-L023,P00422,casual,2025-12-22,2025-12-26,3.2
P00422-L024,P00422,earned,2026-01-12,2026-01-19,7.1
P00422-L025,P00422,medical,2026-02-06,2026-02-11,5.3
P00422-L026,P00422,earned,2026-02-25,2026-03-06,9.2
P00422-L027,P00422,earned,2026-03-22,2026-03-27,4.8
P00422-L028,P00422,casual,2026-04-10,2026-04-13,3.2
P00422-L029,P00422,earned,2026-04-27,2026-05-04,6.8
P00422-L030,P00422,earned,2026-05-17,2026-05-22,5.0
P00422-L031,P00422,casual,2026-06-10,2026-06-20,10.2
P00422-L032,P00422,medical,2026-07-11,2026-07-15,4.3
P00422-L033,P00422,casual,2026-07-28,2026-08-01,4.7
P00422-L034,P00422,earned,2026-08-14,2026-08-22,8.2
P00423-L001,P00423,earned,2024-09-12,2024-09-20,8.4
P00423-L002,P00423,medical,2024-10-15,2024-10-19,4.3
P00423-L003,P00423,compensatory,2024-12-08,2024-12-14,6.0
P00423-L004,P00423,compensatory,2024-12-25,2025-01-01,7.8
P00423-L005,P00423,earned,2025-02-07,2025-02-11,4.6
P00423-L006,P00423,earned,2025-03-17,2025-03-24,6.7
P00423-L007,P00423,compensatory,2025-05-04,2025-05-10,6.4
P00423-L008,P00423,earned,2025-06-05,2025-06-12,6.6
P00423-L009,P00423,earned,2025-07-08,2025-07-19,11.3
P00423-L010,P00423,medical,2025-08-18,2025-08-22,4.4
P00423-L011,P00423,casual,2025-10-07,2025-10-14,7.3
P00423-L012,P00423,casual,2025-10-28,2025-11-03,5.5
P00423-L013,P00423,casual,2025-12-07,2025-12-15,7.9
P00423-L014,P00423,casual,2026-01-18,2026-01-28,9.7
P00423-L015,P00423,earned,2026-02-22,2026-02-26,3.5
P00423-L016,P00423,earned,2026-03-31,2026-04-06,6.0
P00423-L017,P00423,earned,2026-05-12,2026-05-25,13.0
P00423-L018,P00423,casual,2026-06-21,2026-06-25,3.8
P00423-L019,P00423,casual,2026-07-30,2026-08-06,7.1
P00424-L001,P00424,earned,2024-09-02,2024-09-20,18.6
P00424-L002,P00424,earned,2024-10-10,2024-10-30,20.0
P00424-L003,P00424,casual,2024-11-17,2024-11-23,6.5
P00424-L004,P00424,medical,2024-12-25,2025-01-05,11.2
P00424-L005,P00424,casual,2025-01-27,2025-02-14,17.4
P00424-L006,P00424,earned,2025-03-07,2025-03-09,2.3
P00424-L007,P00424,earned,2025-04-25,2025-05-08,13.4
P00424-L008,P00424,casual,2025-05-18,2025-05-23,5.5
P00424-L009,P00424,casual,2025-07-07,2025-07-12,4.7
P00424-L010,P00424,earned,2025-07-30,2025-08-10,10.5
P00424-L011,P00424,medical,2025-09-22,2025-09-27,4.4
P00424-L012,P00424,compensatory,2025-10-29,2025-11-04,5.7
P00424-L013,P00424,casual,2025-12-03,2025-12-11,7.8
P00424-L014,P00424,earned,2025-12-27,2026-01-02,5.6
P00424-L015,P00424,casual,2026-01-25,2026-01-29,3.6
P00424-L016,P00424,casual,2026-03-06,2026-03-18,12.0
P00424-L017,P00424,casual,2026-04-10,2026-04-18,7.9
P00424-L018,P00424,casual,2026-06-01,2026-06-10,8.8
P00424-L019,P00424,earned,2026-06-25,2026-07-04,9.0
P00424-L020,P00424,medical,2026-08-05,2026-08-14,9.6
P00425-L001,P00425,earned,2024-09-25,2024-10-07,12.4
P00425-L002,P00425,compensatory,2024-12-05,2024-12-27,22.4
P00425-L003,P00425,earned,2025-01-24,2025-02-01,7.8
P00425-L004,P00425,casual,2025-04-08,2025-04-14,6.3
P00425-L005,P00425,earned,2025-06-08,2025-06-17,9.4
P00425-L006,P00425,casual,2025-08-16,2025-09-07,21.9
P00425-L007,P00425,medical,2025-10-17,2025-10-24,7.8
P00425-L008,P00425,earned,2026-01-23,2026-01-30,6.8
P00425-L009,P00425,casual,2026-03-15,2026-03-19,4.2
P00425-L010,P00425,earned,2026-05-06,2026-05-19,13.3
P00425-L011,P00425,casual,2026-07-09,2026-07-14,5.3
P00426-L001,P00426,earned,2024-09-25,2024-09-26,1.9
P00426-L002,P00426,medical,2024-10-16,2024-10-23,6.5
P00426-L003,P00426,earned,2024-11-20,2024-12-02,12.6
P00426-L004,P00426,earned,2025-01-07,2025-01-16,9.3
P00426-L005,P00426,medical,2025-02-04,2025-02-20,16.1
P00426-L006,P00426,earned,2025-03-21,2025-03-28,6.8
P00426-L007,P00426,earned,2025-05-12,2025-05-15,3.3
P00426-L008,P00426,earned,2025-06-10,2025-06-14,4.1
P00426-L009,P00426,casual,2025-07-15,2025-07-28,12.7
P00426-L010,P00426,earned,2025-08-21,2025-08-29,7.8
P00426-L011,P00426,casual,2025-09-28,2025-10-12,14.0
P00426-L012,P00426,earned,2025-11-14,2025-11-21,7.2
P00426-L013,P00426,casual,2025-12-23,2026-01-07,14.2
P00426-L014,P00426,medical,2026-01-30,2026-02-04,5.1
P00426-L015,P00426,earned,2026-03-02,2026-03-11,9.0
P00426-L016,P00426,earned,2026-03-31,2026-04-16,16.0
P00426-L017,P00426,earned,2026-05-19,2026-05-27,8.2
P00426-L018,P00426,earned,2026-07-07,2026-07-13,5.7
P00426-L019,P00426,earned,2026-08-07,2026-08-22,14.3
P00427-L001,P00427,earned,2024-11-09,2024-11-22,12.4
P00427-L002,P00427,medical,2025-01-07,2025-01-16,9.0
P00427-L003,P00427,earned,2025-05-02,2025-05-07,5.4
P00427-L004,P00427,medical,2025-09-25,2025-10-03,8.0
P00427-L005,P00427,medical,2026-03-20,2026-03-28,7.9
P00427-L006,P00427,earned,2026-06-23,2026-06-29,6.5
P00428-L001,P00428,medical,2024-09-01,2024-09-14,13.2
P00428-L002,P00428,compensatory,2024-10-23,2024-10-26,3.7
P00428-L003,P00428,earned,2025-01-07,2025-01-13,5.7
P00428-L004,P00428,earned,2025-02-17,2025-02-28,10.5
P00428-L005,P00428,earned,2025-03-24,2025-03-30,6.5
P00428-L006,P00428,earned,2025-04-27,2025-05-07,9.9
P00428-L007,P00428,earned,2025-06-03,2025-06-12,9.5
P00428-L008,P00428,earned,2025-07-24,2025-08-02,8.9
P00428-L009,P00428,earned,2025-09-04,2025-09-08,3.5
P00428-L010,P00428,medical,2025-10-29,2025-11-02,4.0
P00428-L011,P00428,compensatory,2025-12-12,2025-12-20,8.2
P00428-L012,P00428,casual,2026-01-23,2026-02-07,15.2
P00428-L013,P00428,casual,2026-04-06,2026-04-12,6.3
P00428-L014,P00428,casual,2026-05-08,2026-05-24,15.7
P00428-L015,P00428,earned,2026-06-22,2026-07-05,13.8
P00428-L016,P00428,compensatory,2026-07-18,2026-07-26,8.2
P00429-L001,P00429,earned,2024-09-03,2024-09-10,6.5
P00429-L002,P00429,casual,2024-10-15,2024-10-25,9.8
P00429-L003,P00429,casual,2024-11-25,2024-12-05,9.5
P00429-L004,P00429,earned,2025-01-04,2025-01-07,2.9
P00429-L005,P00429,earned,2025-02-25,2025-02-27,2.5
P00429-L006,P00429,earned,2025-03-24,2025-04-04,11.3
P00429-L007,P00429,earned,2025-05-17,2025-05-27,9.7
P00429-L008,P00429,casual,2025-06-13,2025-06-16,3.5
P00429-L009,P00429,casual,2025-07-31,2025-08-23,23.0
P00429-L010,P00429,medical,2025-09-22,2025-09-29,7.8
P00429-L011,P00429,earned,2025-10-12,2025-10-21,8.4
P00429-L012,P00429,earned,2025-12-04,2025-12-09,5.0
P00429-L013,P00429,earned,2026-01-14,2026-01-15,1.4
P00429-L014,P00429,casual,2026-02-20,2026-03-07,15.0
P00429-L015,P00429,medical,2026-04-02,2026-04-11,8.8
P00429-L016,P00429,casual,2026-05-12,2026-05-31,18.6
P00429-L017,P00429,compensatory,2026-06-21,2026-07-08,16.7
P00429-L018,P00429,compensatory,2026-08-02,2026-08-07,5.2
P00430-L001,P00430,casual,2024-09-10,2024-09-16,5.4
P00430-L002,P00430,casual,2024-10-12,2024-10-22,10.3
P00430-L003,P00430,earned,2024-11-17,2024-11-23,5.6
P00430-L004,P00430,medical,2025-01-06,2025-01-12,6.1
P00430-L005,P00430,casual,2025-02-03,2025-02-22,18.8
P00430-L006,P00430,earned,2025-03-16,2025-03-22,5.3
P00430-L007,P00430,earned,2025-04-20,2025-04-27,7.1
P00430-L008,P00430,earned,2025-06-03,2025-06-15,12.6
P00430-L009,P00430,medical,2025-07-19,2025-07-24,5.5
P00430-L010,P00430,casual,2025-09-01,2025-09-05,4.5
P00430-L011,P00430,earned,2025-09-28,2025-10-11,13.0
P00430-L012,P00430,medical,2025-11-12,2025-11-14,1.4
P00430-L013,P00430,compensatory,2025-12-06,2025-12-17,11.7
P00430-L014,P00430,earned,2026-01-16,2026-01-30,13.8
P00430-L015,P00430,casual,2026-02-25,2026-03-07,9.7
P00430-L016,P00430,earned,2026-04-03,2026-04-06,3.4
P00430-L017,P00430,earned,2026-05-13,2026-05-25,11.6
P00430-L018,P00430,compensatory,2026-06-17,2026-06-25,7.4
P00430-L019,P00430,earned,2026-07-28,2026-08-11,13.6
P00431-L001,P00431,earned,2024-09-17,2024-09-22,4.3
P00431-L002,P00431,earned,2025-01-31,2025-02-10,10.5
P00431-L003,P00431,casual,2025-05-10,2025-05-28,18.1
P00431-L004,P00431,compensatory,2025-11-07,2025-11-19,12.8
P00431-L005,P00431,earned,2026-03-02,2026-03-15,13.5
P00431-L006,P00431,medical,2026-07-15,2026-07-29,14.3
P00432-L001,P00432,earned,2024-08-31,2024-09-04,4.2
P00432-L002,P00432,earned,2024-10-06,2024-10-13,7.2
P00432-L003,P00432,earned,2024-11-05,2024-11-07,1.8
P00432-L004,P00432,casual,2024-12-01,2024-12-07,6.5
P00432-L005,P00432,earned,2024-12-22,2025-01-01,9.9
P00432-L006,P00432,compensatory,2025-02-03,2025-02-05,2.6
P00432-L007,P00432,medical,2025-02-18,2025-02-22,4.5
P00432-L008,P00432,earned,2025-04-01,2025-04-10,9.0
P00432-L009,P00432,earned,2025-04-15,2025-04-21,6.1
P00432-L010,P00432,casual,2025-05-17,2025-05-28,10.6
P00432-L011,P00432,casual,2025-06-11,2025-06-19,7.5
P00432-L012,P00432,earned,2025-07-22,2025-07-28,6.3
P00432-L013,P00432,earned,2025-08-03,2025-08-15,11.8
P00432-L014,P00432,casual,2025-09-05,2025-09-11,5.9
P00432-L015,P00432,medical,2025-10-07,2025-10-11,3.8
P00432-L016,P00432,casual,2025-11-05,2025-11-08,2.9
P00432-L017,P00432,casual,2025-11-29,2025-12-09,9.8
P00432-L018,P00432,casual,2026-01-05,2026-01-11,5.1
P00432-L019,P00432,medical,2026-01-21,2026-02-07,17.0
P00432-L020,P00432,earned,2026-02-24,2026-03-01,4.7
P00432-L021,P00432,earned,2026-03-17,2026-03-21,4.4
P00432-L022,P00432,earned,2026-04-22,2026-04-27,5.4
P00432-L023,P00432,casual,2026-05-22,2026-05-28,6.5
P00432-L024,P00432,earned,2026-06-09,2026-06-11,2.1
P00432-L025,P00432,earned,2026-07-14,2026-07-22,7.9
P00432-L026,P00432,earned,2026-08-12,2026-08-20,7.6
P00433-L001,P00433,casual,2024-09-01,2024-09-08,7.2
P00433-L002,P00433,earned,2024-10-23,2024-11-01,8.6
P00433-L003,P00433,medical,2024-11-13,2024-11-18,4.4
P00433-L004,P00433,compensatory,2024-12-22,2024-12-25,3.3
P00433-L005,P00433,earned,2025-01-30,2025-02-03,4.1
P00433-L006,P00433,earned,2025-02-23,2025-03-16,21.2
P00433-L007,P00433,earned,2025-04-06,2025-04-17,11.3
P00433-L008,P00433,casual,2025-05-06,2025-05-18,11.6
P00433-L009,P00433,earned,2025-06-12,2025-06-17,4.3
P00433-L010,P00433,medical,2025-07-19,2025-07-23,4.0
P00433-L011,P00433,medical,2025-08-18,2025-08-24,6.5
P00433-L012,P00433,earned,2025-10-02,2025-10-11,9.2
P00433-L013,P00433,earned,2025-11-13,2025-11-19,6.1
P00433-L014,P00433,earned,2025-11-27,2025-12-08,11.0
P00433-L015,P00433,casual,2026-01-07,2026-01-13,5.8
P00433-L016,P00433,medical,2026-02-04,2026-02-12,7.2
P00433-L017,P00433,earned,2026-03-12,2026-03-17,4.9
P00433-L018,P00433,earned,2026-04-18,2026-04-28,10.1
P00433-L019,P00433,medical,2026-05-25,2026-06-09,14.3
P00433-L020,P00433,earned,2026-06-30,2026-07-09,8.8
P00433-L021,P00433,casual,2026-08-04,2026-08-15,10.3
P00434-L001,P00434,casual,2024-08-31,2024-09-02,1.5
P00434-L002,P00434,earned,2024-09-27,2024-10-01,4.0
P00434-L003,P00434,medical,2024-10-27,2024-10-30,3.0
P00434-L004,P00434,medical,2024-11-17,2024-11-19,2.1
P00434-L005,P00434,earned,2024-12-10,2024-12-12,2.6
P00434-L006,P00434,earned,2024-12-21,2024-12-29,7.2
P00434-L007,P00434,medical,2025-01-13,2025-01-18,5.1
P00434-L008,P00434,earned,2025-02-12,2025-02-19,6.6
P00434-L009,P00434,earned,2025-03-03,2025-03-07,3.4
P00434-L010,P00434,casual,2025-03-24,2025-03-27,3.0
P00434-L011,P00434,casual,2025-04-15,2025-04-19,4.1
P00434-L012,P00434,earned,2025-05-05,2025-05-09,4.0
P00434-L013,P00434,earned,2025-05-24,2025-05-28,3.8
P00434-L014,P00434,compensatory,2025-06-22,2025-06-24,2.5
P00434-L015,P00434,casual,2025-07-08,2025-07-14,5.8
P00434-L016,P00434,medical,2025-08-10,2025-08-15,4.4
P00434-L017,P00434,casual,2025-08-20,2025-08-26,5.9
P00434-L018,P00434,earned,2025-09-19,2025-09-27,8.5
P00434-L019,P00434,earned,2025-10-05,2025-10-06,1.1
P00434-L020,P00434,medical,2025-11-06,2025-11-14,7.6
P00434-L021,P00434,casual,2025-11-17,2025-11-23,6.5
P00434-L022,P00434,casual,2025-12-10,2025-12-12,2.1
P00434-L023,P00434,earned,2026-01-01,2026-01-06,4.4
P00434-L024,P00434,earned,2026-01-27,2026-01-30,3.5
P00434-L025,P00434,earned,2026-02-14,2026-02-20,5.8
P00434-L026,P00434,earned,2026-03-13,2026-03-17,4.0
P00434-L027,P00434,earned,2026-04-15,2026-04-18,3.8
P00434-L028,P00434,earned,2026-04-28,2026-05-01,3.4
P00434-L029,P00434,earned,2026-05-20,2026-05-27,6.9
P00434-L030,P00434,casual,2026-06-09,2026-06-13,3.6
P00434-L031,P00434,earned,2026-07-04,2026-07-13,9.2
P00434-L032,P00434,earned,2026-07-20,2026-07-29,9.2
P00434-L033,P00434,earned,2026-08-17,2026-08-20,3.3
P00435-L001,P00435,earned,2024-09-07,2024-09-11,3.4
P00435-L002,P00435,earned,2024-11-18,2024-11-28,9.5
P00435-L003,P00435,earned,2025-01-07,2025-01-13,6.3
P00435-L004,P00435,casual,2025-02-03,2025-02-11,7.6
P00435-L005,P00435,earned,2025-03-30,2025-04-04,4.3
P00435-L006,P00435,casual,2025-05-30,2025-06-09,10.1
P00435-L007,P00435,earned,2025-07-11,2025-07-14,3.2
P00435-L008,P00435,earned,2025-08-31,2025-09-03,3.1
P00435-L009,P00435,casual,2025-09-29,2025-10-17,18.0
P00435-L010,P00435,earned,2025-12-01,2025-12-09,8.6
P00435-L011,P00435,earned,2026-01-10,2026-01-17,7.7
P00435-L012,P00435,earned,2026-03-04,2026-03-09,5.5
P00435-L013,P00435,casual,2026-04-18,2026-04-22,4.6
P00435-L014,P00435,casual,2026-06-01,2026-06-10,9.4
P00435-L015,P00435,earned,2026-07-17,2026-07-23,6.1
P00436-L001,P00436,casual,2024-09-01,2024-09-09,8.3
P00436-L002,P00436,casual,2024-11-22,2024-12-01,9.0
P00436-L003,P00436,earned,2025-01-11,2025-01-21,9.5
P00436-L004,P00436,earned,2025-03-17,2025-03-26,9.2
P00436-L005,P00436,earned,2025-05-08,2025-05-17,9.7
P00436-L006,P00436,earned,2025-07-05,2025-07-23,18.2
P00436-L007,P00436,casual,2025-09-02,2025-09-13,10.7
P00436-L008,P00436,casual,2025-11-26,2025-12-03,7.0
P00436-L009,P00436,earned,2026-01-10,2026-01-28,18.8
P00436-L010,P00436,earned,2026-03-10,2026-03-23,12.5
P00436-L011,P00436,earned,2026-06-01,2026-06-17,16.7
P00436-L012,P00436,casual,2026-07-13,2026-07-21,8.5
P00437-L001,P00437,earned,2024-09-21,2024-09-25,4.1
P00437-L002,P00437,earned,2024-10-27,2024-11-02,5.3
P00437-L003,P00437,medical,2024-12-10,2024-12-17,6.7
P00437-L004,P00437,medical,2025-01-17,2025-01-24,6.9
P00437-L005,P00437,casual,2025-03-30,2025-04-06,6.3
P00437-L006,P00437,casual,2025-04-21,2025-05-01,9.3
P00437-L007,P00437,casual,2025-06-11,2025-06-23,12.1
P00437-L008,P00437,earned,2025-07-27,2025-08-05,8.4
P00437-L009,P00437,casual,2025-09-26,2025-10-10,13.5
P00437-L010,P00437,earned,2025-10-22,2025-11-01,10.0
P00437-L011,P00437,earned,2025-12-27,2025-12-30,3.3
P00437-L012,P00437,casual,2026-02-18,2026-02-22,4.5
P00437-L013,P00437,earned,2026-03-09,2026-03-17,8.1
P00437-L014,P00437,earned,2026-04-23,2026-04-30,7.7
P00437-L015,P00437,casual,2026-06-14,2026-06-23,8.4
P00437-L016,P00437,casual,2026-07-28,2026-08-02,5.1
P00438-L001,P00438,casual,2024-10-08,2024-10-12,4.4
P00438-L002,P00438,earned,2024-10-18,2024-11-05,17.7
P00438-L003,P00438,earned,2024-12-20,2025-01-01,12.2
P00438-L004,P00438,earned,2025-01-22,2025-01-28,6.1
P00438-L005,P00438,casual,2025-03-30,2025-04-12,13.1
P00438-L006,P00438,earned,2025-04-22,2025-05-05,12.9
P00438-L007,P00438,earned,2025-06-21,2025-07-09,17.5
P00438-L008,P00438,casual,2025-07-28,2025-08-10,12.6
P00438-L009,P00438,casual,2025-09-11,2025-09-20,9.0
P00438-L010,P00438,casual,2025-11-13,2025-11-25,12.9
P00438-L011,P00438,casual,2026-01-01,2026-01-07,6.5
P00438-L012,P00438,medical,2026-01-22,2026-02-03,11.5
P00438-L013,P00438,casual,2026-03-29,2026-04-02,3.4
P00438-L014,P00438,earned,2026-05-08,2026-05-21,12.9
P00438-L015,P00438,earned,2026-06-12,2026-06-23,10.5
P00438-L016,P00438,earned,2026-07-23,2026-08-04,11.7
P00439-L001,P00439,earned,2024-08-31,2024-09-08,7.2
P00439-L002,P00439,earned,2024-10-27,2024-11-01,5.5
P00439-L003,P00439,earned,2024-12-16,2024-12-22,6.1
P00439-L004,P00439,casual,2025-01-08,2025-01-16,7.4
P00439-L005,P00439,earned,2025-03-02,2025-03-13,11.2
P00439-L006,P00439,casual,2025-04-12,2025-05-02,19.9
P00439-L007,P00439,earned,2025-05-25,2025-06-08,13.6
P00439-L008,P00439,earned,2025-07-22,2025-07-29,6.8
P00439-L009,P00439,casual,2025-08-12,2025-08-17,4.5
P00439-L010,P00439,earned,2025-10-07,2025-10-13,5.4
P00439-L011,P00439,earned,2025-11-05,2025-11-13,8.2
P00439-L012,P00439,earned,2025-12-25,2026-01-19,24.8
P00439-L013,P00439,earned,2026-02-18,2026-02-23,4.7
P00439-L014,P00439,earned,2026-03-22,2026-03-26,4.1
P00439-L015,P00439,casual,2026-04-26,2026-05-05,9.5
P00439-L016,P00439,compensatory,2026-06-28,2026-07-09,11.1
P00439-L017,P00439,earned,2026-07-23,2026-07-26,3.5
P00440-L001,P00440,earned,2024-09-10,2024-09-18,7.9
P00440-L002,P00440,casual,2024-10-25,2024-10-30,5.6
P00440-L003,P00440,casual,2024-12-05,2024-12-13,7.5
P00440-L004,P00440,casual,2025-01-27,2025-02-04,7.8
P00440-L005,P00440,medical,2025-03-12,2025-03-17,5.5
P00440-L006,P00440,medical,2025-05-08,2025-05-12,3.7
P00440-L007,P00440,earned,2025-06-05,2025-06-08,2.9
P00440-L008,P00440,medical,2025-07-25,2025-07-31,6.3
P00440-L009,P00440,earned,2025-08-31,2025-09-08,7.6
P00440-L010,P00440,casual,2025-10-18,2025-10-31,12.9
P00440-L011,P00440,earned,2025-12-26,2025-12-29,3.7
P00440-L012,P00440,casual,2026-01-17,2026-01-26,9.3
P00440-L013,P00440,casual,2026-03-12,2026-03-22,9.6
P00440-L014,P00440,earned,2026-05-02,2026-05-09,7.4
P00440-L015,P00440,earned,2026-06-23,2026-07-06,13.2
P00440-L016,P00440,earned,2026-08-13,2026-08-19,5.7
P00441-L001,P00441,earned,2024-10-02,2024-10-07,4.5
P00441-L002,P00441,casual,2024-10-17,2024-10-23,6.1
P00441-L003,P00441,casual,2024-12-11,2024-12-22,10.3
P00441-L004,P00441,casual,2025-01-30,2025-02-17,17.5
P00441-L005,P00441,earned,2025-03-08,2025-03-18,10.1
P00441-L006,P00441,earned,2025-04-19,2025-04-24,4.8
P00441-L007,P00441,earned,2025-06-05,2025-06-21,15.6
P00441-L008,P00441,earned,2025-07-19,2025-07-29,10.5
P00441-L009,P00441,casual,2025-09-02,2025-09-15,13.0
P00441-L010,P00441,medical,2025-10-29,2025-11-15,16.7
P00441-L011,P00441,earned,2025-12-21,2025-12-28,6.7
P00441-L012,P00441,medical,2026-01-23,2026-02-06,14.4
P00441-L013,P00441,earned,2026-03-11,2026-03-17,6.3
P00441-L014,P00441,earned,2026-04-17,2026-04-27,10.2
P00441-L015,P00441,earned,2026-06-24,2026-07-03,8.6
P00441-L016,P00441,earned,2026-07-28,2026-08-10,12.8
P00442-L001,P00442,earned,2024-09-14,2024-09-21,7.1
P00442-L002,P00442,earned,2024-10-09,2024-10-20,10.9
P00442-L003,P00442,casual,2024-11-06,2024-11-18,11.1
P00442-L004,P00442,earned,2024-12-09,2024-12-22,12.3
P00442-L005,P00442,medical,2025-01-18,2025-01-25,6.5
P00442-L006,P00442,earned,2025-02-14,2025-02-25,10.2
P00442-L007,P00442,earned,2025-03-06,2025-03-11,4.7
P00442-L008,P00442,earned,2025-04-14,2025-04-22,8.2
P00442-L009,P00442,earned,2025-05-03,2025-05-12,8.7
P00442-L010,P00442,casual,2025-06-08,2025-06-19,11.1
P00442-L011,P00442,compensatory,2025-07-22,2025-07-29,6.6
P00442-L012,P00442,casual,2025-08-09,2025-08-14,4.7
P00442-L013,P00442,casual,2025-09-06,2025-09-13,6.8
P00442-L014,P00442,casual,2025-10-14,2025-10-25,10.9
P00442-L015,P00442,earned,2025-11-06,2025-11-10,4.3
P00442-L016,P00442,casual,2025-12-04,2025-12-06,1.9
P00442-L017,P00442,earned,2026-01-20,2026-01-23,3.2
P00442-L018,P00442,earned,2026-02-01,2026-02-07,6.0
P00442-L019,P00442,casual,2026-03-13,2026-03-21,7.7
P00442-L020,P00442,casual,2026-04-06,2026-04-12,5.9
P00442-L021,P00442,casual,2026-05-04,2026-05-09,4.4
P00442-L022,P00442,earned,2026-06-18,2026-07-01,13.0
P00442-L023,P00442,earned,2026-07-06,2026-07-12,5.6
P00442-L024,P00442,earned,2026-08-08,2026-08-22,13.6
P00443-L001,P00443,earned,2024-09-09,2024-09-18,9.4
P00443-L002,P00443,earned,2024-10-01,2024-10-09,7.8
P00443-L003,P00443,earned,2024-11-13,2024-11-18,5.0
P00443-L004,P00443,casual,2024-12-09,2024-12-16,6.6
P00443-L005,P00443,earned,2025-01-06,2025-01-16,10.0
P00443-L006,P00443,casual,2025-02-05,2025-02-12,7.6
P00443-L007,P00443,earned,2025-03-07,2025-03-12,5.7
P00443-L008,P00443,earned,2025-04-04,2025-04-08,3.4
P00443-L009,P00443,casual,2025-05-15,2025-05-23,7.1
P00443-L010,P00443,casual,2025-06-08,2025-06-19,11.7
P00443-L011,P00443,casual,2025-07-04,2025-07-16,11.7
P00443-L012,P00443,earned,2025-08-08,2025-08-13,4.4
P00443-L013,P00443,casual,2025-09-10,2025-09-19,8.8
P00443-L014,P00443,casual,2025-10-12,2025-10-18,5.3
P00443-L015,P00443,earned,2025-11-05,2025-11-10,4.4
P00443-L016,P00443,earned,2025-12-11,2025-12-28,17.2
P00443-L017,P00443,casual,2026-01-20,2026-01-27,6.6
P00443-L018,P00443,casual,2026-02-01,2026-02-07,6.4
P00443-L019,P00443,compensatory,2026-03-22,2026-03-29,6.3
P00443-L020,P00443,earned,2026-04-09,2026-04-16,7.0
P00443-L021,P00443,earned,2026-05-16,2026-05-25,9.7
P00443-L022,P00443,medical,2026-06-07,2026-06-10,3.3
P00443-L023,P00443,compensatory,2026-07-12,2026-07-18,5.5
P00443-L024,P00443,medical,2026-08-13,2026-08-25,11.6
P00444-L001,P00444,medical,2024-09-01,2024-09-17,15.5
P00444-L002,P00444,medical,2024-10-20,2024-10-28,8.2
P00444-L003,P00444,medical,2024-12-11,2024-12-15,3.2
P00444-L004,P00444,compensatory,2025-01-29,2025-02-05,7.7
P00444-L005,P00444,casual,2025-03-14,2025-04-01,17.7
P00444-L006,P00444,earned,2025-05-17,2025-05-25,8.6
P00444-L007,P00444,earned,2025-07-18,2025-07-28,9.9
P00444-L008,P00444,earned,2025-08-13,2025-08-24,11.6
P00444-L009,P00444,earned,2025-10-01,2025-10-09,7.8
P00444-L010,P00444,earned,2025-11-15,2025-11-26,10.8
P00444-L011,P00444,earned,2026-01-03,2026-01-20,16.3
P00444-L012,P00444,earned,2026-02-25,2026-03-17,19.6
P00444-L013,P00444,casual,2026-04-11,2026-04-18,6.3
P00444-L014,P00444,earned,2026-06-02,2026-06-06,3.9
P00444-L015,P00444,medical,2026-07-27,2026-08-12,16.1
P00445-L001,P00445,casual,2024-09-07,2024-09-10,2.9
P00445-L002,P00445,casual,2024-10-05,2024-10-11,6.0
P00445-L003,P00445,casual,2024-10-28,2024-11-02,5.5
P00445-L004,P00445,earned,2024-11-22,2024-12-02,9.2
P00445-L005,P00445,casual,2024-12-13,2024-12-19,5.9
P00445-L006,P00445,earned,2025-01-08,2025-01-15,6.4
P00445-L007,P00445,earned,2025-02-03,2025-02-07,4.4
P00445-L008,P00445,earned,2025-03-07,2025-03-09,2.5
P00445-L009,P00445,earned,2025-03-29,2025-04-02,4.4
P00445-L010,P00445,earned,2025-04-16,2025-04-23,6.3
P00445-L011,P00445,casual,2025-05-16,2025-05-19,2.7
P00445-L012,P00445,casual,2025-06-14,2025-06-21,6.8
P00445-L013,P00445,earned,2025-07-12,2025-07-17,4.8
P00445-L014,P00445,earned,2025-08-07,2025-08-08,1.0
P00445-L015,P00445,earned,2025-08-26,2025-08-30,3.7
P00445-L016,P00445,earned,2025-09-13,2025-09-23,10.1
P00445-L017,P00445,earned,2025-10-09,2025-10-15,5.7
P00445-L018,P00445,casual,2025-11-09,2025-11-15,6.0
P00445-L019,P00445,earned,2025-11-30,2025-12-05,5.3
P00445-L020,P00445,medical,2025-12-30,2025-12-31,1.2
P00445-L021,P00445,earned,2026-01-25,2026-01-27,2.0
P00445-L022,P00445,medical,2026-02-13,2026-02-16,2.5
P00445-L023,P00445,earned,2026-03-17,2026-03-19,1.9
P00445-L024,P00445,casual,2026-04-08,2026-04-13,4.3
P00445-L025,P00445,earned,2026-05-04,2026-05-08,3.5
P00445-L026,P00445,earned,2026-06-02,2026-06-09,6.4
P00445-L027,P00445,casual,2026-07-04,2026-07-08,3.6
P00445-L028,P00445,earned,2026-07-17,2026-07-25,7.5
P00445-L029,P00445,casual,2026-08-12,2026-08-16,4.3
P00446-L001,P00446,medical,2024-09-04,2024-09-11,7.1
P00446-L002,P00446,earned,2024-10-18,2024-10-30,11.5
P00446-L003,P00446,earned,2024-11-29,2024-12-08,9.0
P00446-L004,P00446,earned,2025-01-20,2025-01-28,7.6
P00446-L005,P00446,casual,2025-02-12,2025-02-20,7.5
P00446-L006,P00446,earned,2025-04-08,2025-04-22,14.5
P00446-L007,P00446,earned,2025-05-09,2025-05-11,2.6
P00446-L008,P00446,casual,2025-06-20,2025-06-29,9.3
P00446-L009,P00446,casual,2025-08-03,2025-08-14,10.9
P00446-L010,P00446,earned,2025-09-08,2025-09-17,8.5
P00446-L011,P00446,medical,2025-10-26,2025-11-10,15.4
P00446-L012,P00446,medical,2025-12-05,2025-12-16,11.4
P00446-L013,P00446,earned,2026-01-16,2026-01-31,15.4
P00446-L014,P00446,casual,2026-02-14,2026-02-24,10.2
P00446-L015,P00446,casual,2026-04-12,2026-04-14,1.5
P00446-L016,P00446,casual,2026-05-27,2026-06-04,8.4
P00446-L017,P00446,casual,2026-06-28,2026-07-10,11.8
P00446-L018,P00446,medical,2026-07-28,2026-08-07,9.9
P00447-L001,P00447,earned,2024-10-04,2024-10-10,5.9
P00447-L002,P00447,compensatory,2024-12-15,2024-12-25,10.5
P00447-L003,P00447,casual,2025-01-26,2025-02-14,19.4
P00447-L004,P00447,earned,2025-05-10,2025-05-22,12.1
P00447-L005,P00447,casual,2025-07-17,2025-07-24,7.5
P00447-L006,P00447,casual,2025-10-11,2025-10-22,11.4
P00447-L007,P00447,earned,2026-01-19,2026-01-24,5.0
P00447-L008,P00447,casual,2026-02-06,2026-02-16,10.2
P00447-L009,P00447,earned,2026-06-08,2026-06-13,5.2
P00447-L010,P00447,compensatory,2026-06-24,2026-07-02,7.3
P00448-L001,P00448,earned,2024-10-14,2024-10-18,3.8
P00448-L002,P00448,earned,2024-10-27,2024-11-05,8.4
P00448-L003,P00448,earned,2024-12-23,2025-01-01,8.3
P00448-L004,P00448,earned,2025-02-08,2025-02-24,16.4
P00448-L005,P00448,earned,2025-03-30,2025-04-06,7.1
P00448-L006,P00448,earned,2025-06-30,2025-07-09,9.5
P00448-L007,P00448,casual,2025-07-13,2025-07-15,1.6
P00448-L008,P00448,earned,2025-09-12,2025-09-21,8.7
P00448-L009,P00448,earned,2025-10-24,2025-11-03,10.2
P00448-L010,P00448,earned,2025-12-14,2026-01-01,17.4
P00448-L011,P00448,casual,2026-02-11,2026-02-21,10.8
P00448-L012,P00448,earned,2026-04-14,2026-04-20,6.0
P00448-L013,P00448,earned,2026-05-20,2026-05-26,6.8
P00448-L014,P00448,casual,2026-08-09,2026-08-15,6.1
P00449-L001,P00449,compensatory,2024-09-03,2024-09-13,10.1
P00449-L002,P00449,earned,2024-10-08,2024-10-13,4.7
P00449-L003,P00449,earned,2024-11-02,2024-11-11,9.8
P00449-L004,P00449,medical,2024-12-01,2024-12-10,9.5
P00449-L005,P00449,earned,2025-01-14,2025-01-17,3.0
P00449-L006,P00449,earned,2025-02-01,2025-02-10,9.6
P00449-L007,P00449,casual,2025-03-03,2025-03-09,6.0
P00449-L008,P00449,earned,2025-04-02,2025-04-11,8.3
P00449-L009,P00449,casual,2025-05-21,2025-05-30,9.0
P00449-L010,P00449,casual,2025-06-18,2025-06-27,8.7
P00449-L011,P00449,casual,2025-07-12,2025-07-18,5.3
P00449-L012,P00449,casual,2025-08-13,2025-08-20,6.8
P00449-L013,P00449,casual,2025-09-10,2025-09-14,4.0
P00449-L014,P00449,casual,2025-10-06,2025-10-16,9.7
P00449-L015,P00449,casual,2025-11-11,2025-11-18,7.7
P00449-L016,P00449,casual,2025-12-03,2025-12-11,7.9
P00449-L017,P00449,casual,2026-01-06,2026-01-14,7.7
P00449-L018,P00449,earned,2026-02-11,2026-02-18,6.3
P00449-L019,P00449,earned,2026-03-14,2026-03-17,2.8
P00449-L020,P00449,earned,2026-04-09,2026-04-20,10.7
P00449-L021,P00449,earned,2026-05-07,2026-05-19,11.8
P00449-L022,P00449,medical,2026-06-03,2026-06-07,4.8
P00449-L023,P00449,earned,2026-07-11,2026-07-17,6.2
P00449-L024,P00449,casual,2026-08-02,2026-08-05,3.1
P00450-L001,P00450,casual,2024-08-31,2024-09-09,8.4
P00450-L002,P00450,casual,2024-11-25,2024-12-08,13.0
P00450-L003,P00450,earned,2025-01-01,2025-01-10,9.3
P00450-L004,P00450,earned,2025-03-20,2025-04-11,22.9
P00450-L005,P00450,medical,2025-05-27,2025-06-01,4.7
P00450-L006,P00450,casual,2025-07-02,2025-07-10,8.6
P00450-L007,P00450,earned,2025-10-02,2025-10-06,4.5
P00450-L008,P00450,earned,2025-11-09,2025-11-25,16.1
P00450-L009,P00450,earned,2026-01-17,2026-01-26,9.0
P00450-L010,P00450,casual,2026-03-24,2026-04-02,9.7
P00450-L011,P00450,compensatory,2026-05-02,2026-05-09,6.2
P00450-L012,P00450,earned,2026-07-07,2026-07-14,7.8
P00451-L001,P00451,casual,2024-09-06,2024-09-11,5.0
P00451-L002,P00451,earned,2024-11-17,2024-11-20,3.1
P00451-L003,P00451,earned,2024-12-09,2024-12-23,14.3
P00451-L004,P00451,earned,2025-01-24,2025-01-29,5.4
P00451-L005,P00451,casual,2025-02-23,2025-02-25,1.8
P00451-L006,P00451,compensatory,2025-04-20,2025-04-25,5.1
P00451-L007,P00451,earned,2025-06-09,2025-06-22,13.5
P00451-L008,P00451,casual,2025-07-14,2025-07-20,5.6
P00451-L009,P00451,earned,2025-08-19,2025-08-25,6.3
P00451-L010,P00451,casual,2025-10-06,2025-10-10,3.9
P00451-L011,P00451,casual,2025-11-11,2025-11-25,14.0
P00451-L012,P00451,earned,2025-12-20,2026-01-03,14.5
P00451-L013,P00451,earned,2026-02-10,2026-02-19,9.4
P00451-L014,P00451,earned,2026-03-22,2026-03-29,6.9
P00451-L015,P00451,compensatory,2026-05-09,2026-05-17,8.0
P00451-L016,P00451,casual,2026-06-10,2026-06-23,12.9
P00451-L017,P00451,compensatory,2026-07-21,2026-08-03,12.4
P00452-L001,P00452,earned,2024-09-09,2024-09-18,9.5
P00452-L002,P00452,earned,2024-10-12,2024-10-27,15.3
P00452-L003,P00452,compensatory,2024-11-26,2024-12-14,18.6
P00452-L004,P00452,earned,2025-01-11,2025-01-19,7.9
P00452-L005,P00452,earned,2025-02-25,2025-03-14,16.8
P00452-L006,P00452,compensatory,2025-04-04,2025-04-14,11.0
P00452-L007,P00452,earned,2025-05-21,2025-05-28,7.4
P00452-L008,P00452,compensatory,2025-06-13,2025-06-18,4.8
P00452-L009,P00452,casual,2025-08-12,2025-08-23,10.4
P00452-L010,P00452,compensatory,2025-08-31,2025-09-13,12.9
P00452-L011,P00452,casual,2025-10-15,2025-10-20,5.0
P00452-L012,P00452,casual,2025-12-10,2025-12-18,7.9
P00452-L013,P00452,earned,2026-01-17,2026-01-22,5.2
P00452-L014,P00452,earned,2026-02-28,2026-03-07,6.5
P00452-L015,P00452,earned,2026-04-05,2026-04-25,20.7
P00452-L016,P00452,medical,2026-05-18,2026-05-20,2.1
P00452-L017,P00452,earned,2026-06-18,2026-06-29,11.1
P00452-L018,P00452,earned,2026-08-02,2026-08-11,8.5
P00453-L001,P00453,earned,2024-09-03,2024-09-13,10.4
P00453-L002,P00453,casual,2024-10-20,2024-10-26,6.2
P00453-L003,P00453,medical,2024-12-15,2025-01-02,18.6
P00453-L004,P00453,medical,2025-01-20,2025-02-06,17.3
P00453-L005,P00453,casual,2025-03-07,2025-03-15,7.8
P00453-L006,P00453,casual,2025-04-20,2025-05-02,12.3
P00453-L007,P00453,earned,2025-06-15,2025-07-01,16.6
P00453-L008,P00453,earned,2025-07-18,2025-07-22,3.5
P00453-L009,P00453,casual,2025-09-22,2025-10-02,10.0
P00453-L010,P00453,casual,2025-10-23,2025-10-28,4.9
P00453-L011,P00453,earned,2025-12-01,2025-12-09,8.0
P00453-L012,P00453,earned,2026-01-27,2026-02-02,5.7
P00453-L013,P00453,earned,2026-03-14,2026-03-25,10.9
P00453-L014,P00453,earned,2026-04-27,2026-05-11,14.2
P00453-L015,P00453,casual,2026-06-10,2026-06-17,6.5
P00453-L016,P00453,casual,2026-07-24,2026-07-29,4.4
P00454-L001,P00454,earned,2024-09-02,2024-09-07,4.7
P00454-L002,P00454,earned,2024-10-08,2024-10-13,5.5
P00454-L003,P00454,casual,2024-10-30,2024-11-15,15.6
P00454-L004,P00454,earned,2024-11-27,2024-12-07,10.3
P00454-L005,P00454,casual,2025-01-02,2025-01-08,5.2
P00454-L006,P00454,medical,2025-02-04,2025-02-08,4.2
P00454-L007,P00454,earned,2025-02-28,2025-03-05,5.0
P00454-L008,P00454,compensatory,2025-03-30,2025-04-12,12.7
P00454-L009,P00454,earned,2025-04-28,2025-05-02,4.2
P00454-L010,P00454,casual,2025-05-24,2025-05-28,4.1
P00454-L011,P00454,casual,2025-07-01,2025-07-14,12.9
P00454-L012,P00454,casual,2025-08-04,2025-08-09,5.0
P00454-L013,P00454,medical,2025-08-23,2025-08-29,5.7
P00454-L014,P00454,earned,2025-09-23,2025-09-26,2.7
P00454-L015,P00454,earned,2025-10-25,2025-10-31,5.5
P00454-L016,P00454,earned,2025-11-23,2025-11-26,3.2
P00454-L017,P00454,earned,2025-12-15,2025-12-22,7.0
P00454-L018,P00454,casual,2026-01-30,2026-02-02,3.3
P00454-L019,P00454,casual,2026-02-13,2026-02-19,6.4
P00454-L020,P00454,medical,2026-03-15,2026-03-20,4.6
P00454-L021,P00454,earned,2026-04-09,2026-04-17,8.1
P00454-L022,P00454,casual,2026-05-15,2026-05-23,8.6
P00454-L023,P00454,earned,2026-06-05,2026-06-12,6.8
P00454-L024,P00454,earned,2026-07-18,2026-07-20,2.0
P00454-L025,P00454,earned,2026-08-24,2026-08-29,4.2
P00455-L001,P00455,earned,2024-09-26,2024-10-06,9.8
P00455-L002,P00455,earned,2024-10-22,2024-10-28,6.7
P00455-L003,P00455,earned,2024-12-12,2024-12-19,7.2
P00455-L004,P00455,casual,2025-01-30,2025-02-12,12.4
P00455-L005,P00455,casual,2025-03-15,2025-03-24,8.2
P00455-L006,P00455,earned,2025-05-10,2025-05-17,6.4
P00455-L007,P00455,casual,2025-07-07,2025-07-13,6.9
P00455-L008,P00455,casual,2025-09-02,2025-09-11,9.3
P00455-L009,P00455,earned,2025-10-09,2025-10-14,4.9
P00455-L010,P00455,medical,2025-11-15,2025-11-30,15.5
P00455-L011,P00455,casual,2026-01-04,2026-01-11,6.7
P00455-L012,P00455,earned,2026-03-10,2026-03-23,12.7
P00455-L013,P00455,medical,2026-04-17,2026-04-27,10.1
P00455-L014,P00455,casual,2026-06-23,2026-06-28,4.9
P00455-L015,P00455,casual,2026-07-14,2026-07-21,6.6
P00456-L001,P00456,compensatory,2024-09-04,2024-09-17,13.2
P00456-L002,P00456,medical,2024-11-19,2024-11-22,3.4
P00456-L003,P00456,earned,2024-12-10,2024-12-23,12.7
P00456-L004,P00456,casual,2025-01-25,2025-02-02,8.6
P00456-L005,P00456,casual,2025-03-19,2025-03-30,10.7
P00456-L006,P00456,casual,2025-05-15,2025-05-19,4.2
P00456-L007,P00456,medical,2025-06-23,2025-07-02,9.0
P00456-L008,P00456,earned,2025-08-14,2025-08-30,16.1
P00456-L009,P00456,earned,2025-10-08,2025-10-21,13.3
P00456-L010,P00456,earned,2025-11-30,2025-12-12,12.0
P00456-L011,P00456,medical,2026-01-23,2026-01-25,2.0
P00456-L012,P00456,earned,2026-03-03,2026-03-12,8.4
P00456-L013,P00456,medical,2026-04-12,2026-04-26,14.1
P00456-L014,P00456,earned,2026-06-02,2026-06-22,20.6
P00456-L015,P00456,casual,2026-07-30,2026-08-11,11.4
P00457-L001,P00457,earned,2024-09-03,2024-09-14,11.7
P00457-L002,P00457,medical,2024-11-07,2024-11-15,7.6
P00457-L003,P00457,earned,2025-01-07,2025-01-13,6.3
P00457-L004,P00457,earned,2025-03-17,2025-03-21,4.1
P00457-L005,P00457,earned,2025-05-13,2025-05-29,16.0
P00457-L006,P00457,earned,2025-07-12,2025-07-20,7.9
P00457-L007,P00457,casual,2025-09-01,2025-09-08,7.1
P00457-L008,P00457,casual,2025-11-08,2025-11-12,4.5
P00457-L009,P00457,casual,2026-01-18,2026-01-26,8.7
P00457-L010,P00457,earned,2026-04-06,2026-04-13,7.5
P00457-L011,P00457,medical,2026-05-07,2026-05-20,12.6
P00457-L012,P00457,earned,2026-07-20,2026-07-25,4.9
P00458-L001,P00458,earned,2024-09-15,2024-09-22,6.8
P00458-L002,P00458,casual,2024-10-28,2024-10-31,3.3
P00458-L003,P00458,earned,2025-01-06,2025-01-20,13.8
P00458-L004,P00458,casual,2025-02-15,2025-02-26,11.3
P00458-L005,P00458,earned,2025-04-09,2025-04-16,6.9
P00458-L006,P00458,casual,2025-06-14,2025-06-29,15.0
P00458-L007,P00458,earned,2025-07-17,2025-08-03,17.8
P00458-L008,P00458,casual,2025-09-26,2025-10-04,8.6
P00458-L009,P00458,casual,2025-10-27,2025-11-06,10.4
P00458-L010,P00458,earned,2025-12-27,2026-01-06,10.0
P00458-L011,P00458,medical,2026-02-05,2026-02-09,4.2
P00458-L012,P00458,earned,2026-04-04,2026-04-06,1.6
P00458-L013,P00458,casual,2026-05-26,2026-05-28,2.4
P00458-L014,P00458,casual,2026-07-30,2026-08-08,8.8
P00459-L001,P00459,earned,2024-09-06,2024-09-08,2.0
P00459-L002,P00459,earned,2024-10-15,2024-10-23,7.5
P00459-L003,P00459,casual,2024-11-27,2024-12-01,3.8
P00459-L004,P00459,earned,2025-01-16,2025-01-20,3.7
P00459-L005,P00459,casual,2025-03-06,2025-03-12,6.4
P00459-L006,P00459,earned,2025-04-04,2025-04-14,9.7
P00459-L007,P00459,earned,2025-05-17,2025-05-29,12.5
P00459-L008,P00459,medical,2025-07-26,2025-08-01,5.4
P00459-L009,P00459,earned,2025-09-03,2025-09-12,8.5
P00459-L010,P00459,casual,2025-10-08,2025-10-16,8.5
P00459-L011,P00459,casual,2025-11-09,2025-11-21,11.5
P00459-L012,P00459,medical,2025-12-28,2026-01-11,14.5
P00459-L013,P00459,earned,2026-02-03,2026-02-11,8.3
P00459-L014,P00459,casual,2026-03-14,2026-03-20,6.1
P00459-L015,P00459,earned,2026-05-11,2026-05-16,5.7
P00459-L016,P00459,earned,2026-06-10,2026-06-16,6.2
P00459-L017,P00459,casual,2026-07-25,2026-07-30,5.0
P00460-L001,P00460,casual,2024-09-04,2024-09-07,3.3
P00460-L002,P00460,medical,2024-10-02,2024-10-11,8.7
P00460-L003,P00460,casual,2024-11-02,2024-11-05,2.5
P00460-L004,P00460,casual,2024-11-28,2024-12-04,5.6
P00460-L005,P00460,compensatory,2024-12-28,2025-01-04,7.0
P00460-L006,P00460,medical,2025-01-26,2025-02-03,8.1
P00460-L007,P00460,compensatory,2025-03-07,2025-03-10,3.3
P00460-L008,P00460,casual,2025-04-02,2025-04-16,14.1
P00460-L009,P00460,casual,2025-04-27,2025-05-01,3.9
P00460-L010,P00460,earned,2025-05-25,2025-06-06,12.9
P00460-L011,P00460,casual,2025-06-20,2025-06-30,9.5
P00460-L012,P00460,casual,2025-07-29,2025-08-02,3.9
P00460-L013,P00460,medical,2025-08-28,2025-08-31,3.6
P00460-L014,P00460,casual,2025-09-24,2025-10-02,7.9
P00460-L015,P00460,earned,2025-10-21,2025-10-30,9.5
P00460-L016,P00460,compensatory,2025-11-25,2025-12-03,8.4
P00460-L017,P00460,earned,2025-12-22,2025-12-30,8.4
P00460-L018,P00460,medical,2026-01-14,2026-01-16,2.0
P00460-L019,P00460,compensatory,2026-02-08,2026-02-13,5.2
P00460-L020,P00460,casual,2026-03-11,2026-03-22,10.8
P00460-L021,P00460,compensatory,2026-04-18,2026-04-26,7.5
P00460-L022,P00460,earned,2026-05-20,2026-05-23,2.9
P00460-L023,P00460,casual,2026-06-18,2026-06-25,6.8
P00460-L024,P00460,earned,2026-07-07,2026-07-14,6.7
P00460-L025,P00460,medical,2026-08-07,2026-08-13,6.2
P00461-L001,P00461,casual,2024-09-08,2024-09-18,9.9
P00461-L002,P00461,earned,2024-10-08,2024-10-13,5.2
P00461-L003,P00461,earned,2024-10-26,2024-11-06,11.3
P00461-L004,P00461,medical,2024-11-22,2024-11-28,6.0
P00461-L005,P00461,earned,2024-12-18,2024-12-27,8.5
P00461-L006,P00461,earned,2025-01-21,2025-01-25,3.5
P00461-L007,P00461,earned,2025-02-11,2025-02-18,6.5
P00461-L008,P00461,earned,2025-03-09,2025-03-21,11.5
P00461-L009,P00461,earned,2025-04-16,2025-04-21,4.9
P00461-L010,P00461,medical,2025-05-04,2025-05-11,7.4
P00461-L011,P00461,earned,2025-06-18,2025-06-20,1.7
P00461-L012,P00461,medical,2025-07-07,2025-07-13,5.6
P00461-L013,P00461,casual,2025-07-23,2025-07-27,4.2
P00461-L014,P00461,medical,2025-08-30,2025-08-31,1.3
P00461-L015,P00461,casual,2025-09-25,2025-10-03,7.9
P00461-L016,P00461,casual,2025-10-16,2025-10-26,10.0
P00461-L017,P00461,casual,2025-11-15,2025-11-29,14.2
P00461-L018,P00461,earned,2025-12-11,2025-12-20,8.9
P00461-L019,P00461,casual,2026-01-02,2026-01-08,5.3
P00461-L020,P00461,earned,2026-02-18,2026-02-22,3.7
P00461-L021,P00461,casual,2026-02-27,2026-03-02,3.2
P00461-L022,P00461,casual,2026-03-26,2026-03-30,3.7
P00461-L023,P00461,earned,2026-04-26,2026-05-01,4.8
P00461-L024,P00461,casual,2026-05-19,2026-05-29,10.0
P00461-L025,P00461,casual,2026-06-14,2026-06-21,7.4
P00461-L026,P00461,earned,2026-07-17,2026-07-20,2.9
P00461-L027,P00461,earned,2026-08-05,2026-08-16,11.2
P00462-L001,P00462,medical,2024-09-12,2024-09-18,6.5
P00462-L002,P00462,medical,2024-10-23,2024-10-30,7.1
P00462-L003,P00462,medical,2024-11-11,2024-11-15,3.9
P00462-L004,P00462,earned,2024-12-24,2025-01-10,16.9
P00462-L005,P00462,casual,2025-02-03,2025-02-09,5.9
P00462-L006,P00462,casual,2025-02-24,2025-03-08,11.7
P00462-L007,P00462,casual,2025-04-08,2025-04-16,7.5
P00462-L008,P00462,earned,2025-05-05,2025-05-13,7.7
P00462-L009,P00462,earned,2025-06-12,2025-06-16,4.3
P00462-L010,P00462,casual,2025-08-02,2025-08-07,4.6
P00462-L011,P00462,earned,2025-08-23,2025-08-29,5.9
P00462-L012,P00462,compensatory,2025-09-26,2025-10-05,8.3
P00462-L013,P00462,casual,2025-11-01,2025-11-07,6.0
P00462-L014,P00462,medical,2025-11-30,2025-12-10,9.7
P00462-L015,P00462,earned,2026-01-05,2026-01-15,9.4
P00462-L016,P00462,earned,2026-02-27,2026-03-05,5.9
P00462-L017,P00462,earned,2026-03-30,2026-04-03,3.5
P00462-L018,P00462,earned,2026-04-15,2026-04-27,11.8
P00462-L019,P00462,casual,2026-05-25,2026-05-31,6.2
P00462-L020,P00462,medical,2026-07-05,2026-07-22,16.9
P00462-L021,P00462,earned,2026-08-07,2026-08-14,6.7
P00463-L001,P00463,earned,2024-09-02,2024-09-15,13.2
P00463-L002,P00463,earned,2024-10-22,2024-10-26,4.8
P00463-L003,P00463,casual,2024-12-10,2024-12-20,10.2
P00463-L004,P00463,earned,2025-01-09,2025-01-18,8.2
P00463-L005,P00463,earned,2025-02-13,2025-02-22,8.9
P00463-L006,P00463,casual,2025-03-23,2025-03-30,7.0
P00463-L007,P00463,casual,2025-05-19,2025-05-29,9.4
P00463-L008,P00463,casual,2025-06-13,2025-06-18,5.6
P00463-L009,P00463,earned,2025-07-28,2025-08-10,12.6
P00463-L010,P00463,compensatory,2025-09-02,2025-09-13,11.4
P00463-L011,P00463,casual,2025-10-19,2025-10-29,9.8
P00463-L012,P00463,medical,2025-11-26,2025-12-07,11.3
P00463-L013,P00463,earned,2026-01-05,2026-01-17,11.6
P00463-L014,P00463,compensatory,2026-02-19,2026-03-03,12.2
P00463-L015,P00463,earned,2026-04-15,2026-04-27,11.8
P00463-L016,P00463,casual,2026-05-02,2026-05-06,4.0
P00463-L017,P00463,medical,2026-06-28,2026-07-06,8.2
P00463-L018,P00463,casual,2026-07-25,2026-07-30,4.6
P00464-L001,P00464,earned,2024-09-09,2024-09-13,4.5
P00464-L002,P00464,earned,2024-11-05,2024-11-10,4.3
P00464-L003,P00464,earned,2024-12-16,2024-12-27,10.9
P00464-L004,P00464,earned,2025-02-12,2025-02-23,10.4
P00464-L005,P00464,earned,2025-04-03,2025-04-12,9.3
P00464-L006,P00464,casual,2025-06-10,2025-06-21,11.1
P00464-L007,P00464,earned,2025-07-21,2025-07-25,3.8
P00464-L008,P00464,earned,2025-09-10,2025-09-17,7.5
P00464-L009,P00464,casual,2025-10-24,2025-10-31,6.6
P00464-L010,P00464,earned,2025-12-25,2026-01-11,16.6
P00464-L011,P00464,casual,2026-02-07,2026-02-15,7.9
P00464-L012,P00464,earned,2026-04-19,2026-05-04,14.6
P00464-L013,P00464,casual,2026-05-26,2026-06-01,6.2
P00464-L014,P00464,casual,2026-07-15,2026-07-19,4.8
P00465-L001,P00465,casual,2024-09-05,2024-09-25,19.8
P00465-L002,P00465,medical,2024-12-26,2025-01-07,12.1
P00465-L003,P00465,medical,2025-05-01,2025-05-05,3.4
P00465-L004,P00465,casual,2025-07-25,2025-08-01,6.8
P00465-L005,P00465,casual,2025-12-08,2026-01-02,24.5
P00465-L006,P00465,earned,2026-02-16,2026-03-04,15.4
P00465-L007,P00465,compensatory,2026-05-20,2026-06-03,13.9
P00466-L001,P00466,earned,2024-10-28,2024-11-15,18.1
P00466-L002,P00466,earned,2025-02-05,2025-02-23,17.1
P00466-L003,P00466,earned,2025-05-24,2025-05-31,7.3
P00466-L004,P00466,medical,2025-10-02,2025-10-15,12.3
P00466-L005,P00466,casual,2026-02-05,2026-02-14,8.3
P00466-L006,P00466,medical,2026-05-17,2026-05-25,7.3
P00467-L001,P00467,earned,2024-09-20,2024-09-29,9.1
P00467-L002,P00467,earned,2024-11-02,2024-11-12,9.3
P00467-L003,P00467,earned,2024-12-05,2024-12-09,4.3
P00467-L004,P00467,casual,2025-01-10,2025-01-18,7.7
P00467-L005,P00467,medical,2025-02-14,2025-02-27,12.2
P00467-L006,P00467,compensatory,2025-04-22,2025-04-26,3.4
P00467-L007,P00467,compensatory,2025-05-16,2025-05-23,6.3
P00467-L008,P00467,casual,2025-07-05,2025-07-13,7.3
P00467-L009,P00467,casual,2025-07-30,2025-08-16,17.5
P00467-L010,P00467,casual,2025-09-17,2025-09-23,5.4
P00467-L011,P00467,medical,2025-11-02,2025-11-17,15.0
P00467-L012,P00467,casual,2025-11-26,2025-12-02,5.8
P00467-L013,P00467,casual,2026-01-01,2026-01-06,4.1
P00467-L014,P00467,earned,2026-02-22,2026-03-07,12.8
P00467-L015,P00467,casual,2026-04-04,2026-04-18,13.9
P00467-L016,P00467,earned,2026-05-04,2026-05-12,7.6
P00467-L017,P00467,casual,2026-07-08,2026-07-18,9.4
P00467-L018,P00467,casual,2026-07-30,2026-08-10,10.6
P00468-L001,P00468,earned,2024-09-20,2024-09-29,9.3
P00468-L002,P00468,casual,2024-10-30,2024-11-14,14.7
P00468-L003,P00468,earned,2024-12-18,2024-12-31,12.4
P00468-L004,P00468,casual,2025-02-06,2025-02-12,6.2
P00468-L005,P00468,earned,2025-03-11,2025-03-16,4.5
P00468-L006,P00468,medical,2025-04-19,2025-05-10,20.4
P00468-L007,P00468,earned,2025-06-13,2025-06-23,10.4
P00468-L008,P00468,medical,2025-07-18,2025-07-21,3.0
P00468-L009,P00468,earned,2025-09-13,2025-09-17,4.7
P00468-L010,P00468,earned,2025-11-05,2025-11-15,10.8
P00468-L011,P00468,earned,2025-12-05,2025-12-19,14.4
P00468-L012,P00468,earned,2026-02-01,2026-02-07,6.3
P00468-L013,P00468,medical,2026-03-12,2026-03-24,12.4
P00468-L014,P00468,casual,2026-04-18,2026-04-26,8.1
P00468-L015,P00468,medical,2026-06-07,2026-06-27,20.2
P00468-L016,P00468,earned,2026-07-24,2026-08-03,10.2
P00469-L001,P00469,casual,2024-09-30,2024-10-14,14.1
P00469-L002,P00469,earned,2024-11-19,2024-11-29,10.1
P00469-L003,P00469,medical,2025-02-20,2025-03-05,13.2
P00469-L004,P00469,earned,2025-04-11,2025-04-16,5.3
P00469-L005,P00469,casual,2025-07-25,2025-07-30,5.1
P00469-L006,P00469,earned,2025-09-27,2025-10-13,16.0
P00469-L007,P00469,compensatory,2025-11-30,2025-12-03,2.8
P00469-L008,P00469,earned,2026-01-25,2026-02-06,12.0
P00469-L009,P00469,earned,2026-05-06,2026-05-11,4.6
P00469-L010,P00469,casual,2026-07-30,2026-08-05,6.1
P00470-L001,P00470,casual,2024-09-22,2024-10-04,12.0
P00470-L002,P00470,earned,2026-01-24,2026-02-03,10.1
P00471-L001,P00471,earned,2024-09-03,2024-09-11,8.6
P00471-L002,P00471,casual,2024-10-30,2024-11-04,4.3
P00471-L003,P00471,compensatory,2024-11-18,2024-11-25,7.5
P00471-L004,P00471,casual,2024-12-27,2025-01-02,6.2
P00471-L005,P00471,earned,2025-02-24,2025-03-02,6.6
P00471-L006,P00471,medical,2025-03-24,2025-03-30,5.8
P00471-L007,P00471,earned,2025-04-28,2025-05-06,8.3
P00471-L008,P00471,casual,2025-06-07,2025-06-09,1.8
P00471-L009,P00471,earned,2025-07-06,2025-07-10,4.6
P00471-L010,P00471,medical,2025-08-15,2025-08-24,8.8
P00471-L011,P00471,earned,2025-09-22,2025-09-30,7.6
P00471-L012,P00471,compensatory,2025-11-02,2025-11-07,6.0
P00471-L013,P00471,casual,2025-12-22,2026-01-04,12.3
P00471-L014,P00471,earned,2026-01-15,2026-01-18,2.3
P00471-L015,P00471,casual,2026-03-06,2026-03-13,7.0
P00471-L016,P00471,earned,2026-04-25,2026-05-02,7.3
P00471-L017,P00471,casual,2026-06-04,2026-06-08,3.9
P00471-L018,P00471,earned,2026-07-02,2026-07-05,3.3
P00471-L019,P00471,casual,2026-08-17,2026-08-24,6.8
P00472-L001,P00472,earned,2024-09-17,2024-10-01,13.8
P00472-L002,P00472,medical,2024-11-28,2024-12-10,11.9
P00472-L003,P00472,casual,2024-12-28,2025-01-10,12.7
P00472-L004,P00472,earned,2025-02-17,2025-02-23,5.4
P00472-L005,P00472,earned,2025-04-14,2025-04-24,9.6
P00472-L006,P00472,earned,2025-06-12,2025-06-20,7.9
P00472-L007,P00472,earned,2025-08-20,2025-09-03,14.5
P00472-L008,P00472,earned,2025-10-17,2025-11-01,15.2
P00472-L009,P00472,earned,2025-11-24,2025-12-08,14.4
P00472-L010,P00472,earned,2026-01-24,2026-02-03,9.4
P00472-L011,P00472,earned,2026-04-02,2026-04-08,6.4
P00472-L012,P00472,earned,2026-05-28,2026-06-09,11.8
P00472-L013,P00472,earned,2026-07-31,2026-08-08,7.3
P00473-L001,P00473,earned,2024-09-24,2024-10-01,7.4
P00473-L002,P00473,earned,2024-12-16,2024-12-27,10.8
P00473-L003,P00473,earned,2025-05-01,2025-05-11,10.4
P00473-L004,P00473,medical,2025-08-24,2025-09-02,8.8
P00473-L005,P00473,casual,2025-11-14,2025-11-23,9.8
P00473-L006,P00473,compensatory,2026-02-09,2026-03-02,21.7
P00473-L007,P00473,earned,2026-06-07,2026-06-13,5.4
P00474-L001,P00474,medical,2024-09-04,2024-09-15,10.6
P00474-L002,P00474,casual,2024-10-07,2024-10-14,7.4
P00474-L003,P00474,earned,2024-10-29,2024-11-03,5.1
P00474-L004,P00474,casual,2024-12-03,2024-12-08,5.4
P00474-L005,P00474,earned,2024-12-22,2024-12-27,4.8
P00474-L006,P00474,earned,2025-01-12,2025-01-25,12.7
P00474-L007,P00474,earned,2025-02-05,2025-02-16,10.9
P00474-L008,P00474,casual,2025-03-14,2025-03-26,12.0
P00474-L009,P00474,earned,2025-04-04,2025-04-14,10.9
P00474-L010,P00474,casual,2025-05-08,2025-05-11,2.8
P00474-L011,P00474,earned,2025-05-20,2025-05-26,5.3
P00474-L012,P00474,earned,2025-06-23,2025-06-30,7.0
P00474-L013,P00474,casual,2025-07-12,2025-07-20,8.5
P00474-L014,P00474,earned,2025-08-11,2025-08-18,7.8
P00474-L015,P00474,medical,2025-09-05,2025-09-07,2.7
P00474-L016,P00474,casual,2025-10-05,2025-10-11,6.2
P00474-L017,P00474,earned,2025-10-27,2025-11-08,12.2
P00474-L018,P00474,earned,2025-11-18,2025-11-20,2.4
P00474-L019,P00474,casual,2025-12-27,2026-01-01,4.7
P00474-L020,P00474,earned,2026-01-16,2026-01-21,4.8
P00474-L021,P00474,casual,2026-02-12,2026-02-26,14.0
P00474-L022,P00474,earned,2026-03-06,2026-03-11,5.5
P00474-L023,P00474,earned,2026-03-29,2026-04-06,7.6
P00474-L024,P00474,casual,2026-04-29,2026-05-03,3.9
P00474-L025,P00474,earned,2026-05-28,2026-06-04,7.3
P00474-L026,P00474,earned,2026-06-19,2026-06-22,2.9
P00474-L027,P00474,earned,2026-07-13,2026-07-15,1.7
P00474-L028,P00474,earned,2026-08-08,2026-08-15,6.8
P00475-L001,P00475,earned,2024-09-14,2024-09-19,5.3
P00475-L002,P00475,earned,2024-10-14,2024-10-17,2.5
P00475-L003,P00475,medical,2024-11-20,2024-11-29,8.8
P00475-L004,P00475,casual,2024-12-29,2025-01-08,9.2
P00475-L005,P00475,earned,2025-02-13,2025-02-20,6.4
P00475-L006,P00475,medical,2025-03-04,2025-03-19,15.5
P00475-L007,P00475,earned,2025-04-19,2025-04-23,3.5
P00475-L008,P00475,earned,2025-05-20,2025-05-28,8.6
P00475-L009,P00475,earned,2025-07-01,2025-07-08,6.6
P00475-L010,P00475,earned,2025-08-14,2025-08-19,5.5
P00475-L011,P00475,medical,2025-09-09,2025-09-24,14.8
P00475-L012,P00475,earned,2025-10-24,2025-10-31,6.8
P00475-L013,P00475,earned,2025-11-17,2025-11-27,9.8
P00475-L014,P00475,earned,2026-01-01,2026-01-09,8.0
P00475-L015,P00475,earned,2026-01-30,2026-02-21,21.5
P00475-L016,P00475,earned,2026-03-18,2026-04-03,16.8
P00475-L017,P00475,compensatory,2026-04-18,2026-04-21,3.2
P00475-L018,P00475,earned,2026-05-18,2026-05-23,5.5
P00475-L019,P00475,earned,2026-06-22,2026-06-24,2.8
P00475-L020,P00475,compensatory,2026-08-13,2026-08-24,10.5
P00476-L001,P00476,earned,2024-09-03,2024-09-16,12.7
P00476-L002,P00476,earned,2024-10-07,2024-10-20,13.3
P00476-L003,P00476,earned,2024-12-03,2024-12-06,2.6
P00476-L004,P00476,earned,2024-12-31,2025-01-06,5.3
P00476-L005,P00476,casual,2025-01-25,2025-02-05,10.3
P00476-L006,P00476,earned,2025-03-05,2025-03-14,8.9
P00476-L007,P00476,casual,2025-04-19,2025-04-26,6.4
P00476-L008,P00476,medical,2025-05-20,2025-05-27,6.9
P00476-L009,P00476,earned,2025-06-21,2025-06-24,2.6
P00476-L010,P00476,medical,2025-07-30,2025-08-03,4.1
P00476-L011,P00476,earned,2025-09-06,2025-09-13,6.5
P00476-L012,P00476,casual,2025-10-07,2025-10-20,13.3
P00476-L013,P00476,casual,2025-11-18,2025-11-22,3.9
P00476-L014,P00476,earned,2025-12-23,2025-12-31,8.5
P00476-L015,P00476,earned,2026-02-01,2026-02-14,13.1
P00476-L016,P00476,earned,2026-03-20,2026-03-26,5.7
P00476-L017,P00476,medical,2026-04-22,2026-04-25,3.1
P00476-L018,P00476,earned,2026-05-17,2026-05-24,6.7
P00476-L019,P00476,earned,2026-06-23,2026-06-29,6.5
P00476-L020,P00476,earned,2026-07-30,2026-08-03,4.4
P00477-L001,P00477,compensatory,2024-09-07,2024-09-14,7.0
P00477-L002,P00477,casual,2024-10-22,2024-11-01,9.8
P00477-L003,P00477,casual,2024-11-20,2024-11-30,9.7
P00477-L004,P00477,medical,2025-01-03,2025-01-09,6.4
P00477-L005,P00477,casual,2025-02-23,2025-03-04,9.4
P00477-L006,P00477,medical,2025-04-11,2025-04-14,3.7
P00477-L007,P00477,casual,2025-05-10,2025-05-17,6.5
P00477-L008,P00477,compensatory,2025-06-25,2025-07-03,7.4
P00477-L009,P00477,casual,2025-07-23,2025-07-26,3.2
P00477-L010,P00477,compensatory,2025-09-10,2025-09-18,8.5
P00477-L011,P00477,earned,2025-10-23,2025-11-09,16.5
P00477-L012,P00477,earned,2025-11-21,2025-12-15,23.5
P00477-L013,P00477,casual,2026-01-17,2026-01-24,6.3
P00477-L014,P00477,casual,2026-02-22,2026-03-02,7.4
P00477-L015,P00477,earned,2026-04-03,2026-04-16,12.2
P00477-L016,P00477,earned,2026-05-04,2026-05-11,7.7
P00477-L017,P00477,earned,2026-06-16,2026-06-17,1.5
P00477-L018,P00477,casual,2026-07-23,2026-08-03,11.1
P00478-L001,P00478,earned,2024-09-01,2024-09-08,7.5
P00478-L002,P00478,casual,2024-10-08,2024-10-22,14.8
P00478-L003,P00478,casual,2024-11-06,2024-11-10,4.5
P00478-L004,P00478,casual,2024-12-04,2024-12-17,12.5
P00478-L005,P00478,casual,2025-01-06,2025-01-16,9.2
P00478-L006,P00478,compensatory,2025-02-08,2025-02-16,7.9
P00478-L007,P00478,earned,2025-03-11,2025-03-15,4.3
P00478-L008,P00478,earned,2025-04-11,2025-04-19,8.0
P00478-L009,P00478,earned,2025-05-27,2025-06-01,5.3
P00478-L010,P00478,casual,2025-06-24,2025-06-29,4.7
P00478-L011,P00478,casual,2025-07-16,2025-07-23,6.8
P00478-L012,P00478,compensatory,2025-08-24,2025-08-31,7.1
P00478-L013,P00478,earned,2025-09-24,2025-10-02,8.8
P00478-L014,P00478,earned,2025-10-23,2025-10-30,6.9
P00478-L015,P00478,earned,2025-11-27,2025-12-09,12.2
P00478-L016,P00478,earned,2026-01-10,2026-01-16,6.2
P00478-L017,P00478,earned,2026-01-29,2026-02-12,13.6
P00478-L018,P00478,medical,2026-03-07,2026-03-15,8.0
P00478-L019,P00478,medical,2026-03-31,2026-04-06,6.0
P00478-L020,P00478,medical,2026-05-12,2026-05-17,4.7
P00478-L021,P00478,earned,2026-06-16,2026-06-23,7.4
P00478-L022,P00478,casual,2026-07-04,2026-07-09,5.6
P00478-L023,P00478,compensatory,2026-08-04,2026-08-11,7.2
P00479-L001,P00479,casual,2024-08-31,2024-09-09,8.7
P00479-L002,P00479,casual,2024-10-22,2024-11-04,13.5
P00479-L003,P00479,earned,2024-12-18,2024-12-26,8.1
P00479-L004,P00479,earned,2025-02-02,2025-02-10,7.7
P00479-L005,P00479,casual,2025-03-19,2025-03-26,7.4
P00479-L006,P00479,earned,2025-04-26,2025-05-14,18.1
P00479-L007,P00479,medical,2025-06-10,2025-06-21,10.9
P00479-L008,P00479,earned,2025-07-20,2025-08-02,13.2
P00479-L009,P00479,earned,2025-09-08,2025-09-26,18.4
P00479-L010,P00479,casual,2025-10-24,2025-11-05,12.4
P00479-L011,P00479,casual,2025-12-23,2026-01-02,9.7
P00479-L012,P00479,earned,2026-01-17,2026-02-05,18.6
P00479-L013,P00479,earned,2026-03-21,2026-03-27,6.1
P00479-L014,P00479,earned,2026-05-06,2026-05-16,10.5
P00479-L015,P00479,earned,2026-06-18,2026-06-28,10.0
P00479-L016,P00479,earned,2026-08-16,2026-08-26,9.7
P00480-L001,P00480,casual,2024-09-08,2024-09-15,7.5
P00480-L002,P00480,earned,2024-10-15,2024-10-29,14.2
P00480-L003,P00480,earned,2024-12-09,2024-12-16,7.1
P00480-L004,P00480,earned,2025-01-08,2025-01-26,18.6
P00480-L005,P00480,casual,2025-02-14,2025-02-25,10.9
P00480-L006,P00480,earned,2025-03-22,2025-04-06,14.6
P00480-L007,P00480,earned,2025-05-07,2025-05-13,6.1
P00480-L008,P00480,casual,2025-06-15,2025-07-01,16.6
P00480-L009,P00480,medical,2025-08-02,2025-08-12,9.9
P00480-L010,P00480,casual,2025-09-12,2025-09-13,1.5
P00480-L011,P00480,earned,2025-10-13,2025-10-29,15.8
P00480-L012,P00480,earned,2025-11-25,2025-11-30,4.8
P00480-L013,P00480,casual,2026-01-05,2026-01-09,3.7
P00480-L014,P00480,casual,2026-02-13,2026-02-17,4.6
P00480-L015,P00480,casual,2026-04-09,2026-04-15,6.6
P00480-L016,P00480,casual,2026-05-12,2026-05-21,9.5
P00480-L017,P00480,earned,2026-06-27,2026-07-04,7.2
P00480-L018,P00480,earned,2026-07-30,2026-08-08,9.1
P00481-L001,P00481,casual,2024-09-17,2024-09-25,7.9
P00481-L002,P00481,casual,2024-10-22,2024-10-30,8.1
P00481-L003,P00481,compensatory,2024-12-20,2025-01-08,19.0
P00481-L004,P00481,earned,2025-01-30,2025-02-14,14.4
P00481-L005,P00481,earned,2025-03-18,2025-03-28,9.8
P00481-L006,P00481,casual,2025-05-19,2025-06-01,13.1
P00481-L007,P00481,earned,2025-06-25,2025-07-08,13.4
P00481-L008,P00481,medical,2025-08-31,2025-09-09,9.1
P00481-L009,P00481,earned,2025-10-01,2025-10-13,12.0
P00481-L010,P00481,medical,2025-11-17,2025-11-27,10.1
P00481-L011,P00481,casual,2026-01-08,2026-01-09,1.0
P00481-L012,P00481,medical,2026-03-11,2026-03-25,14.2
P00481-L013,P00481,earned,2026-05-03,2026-05-11,8.4
P00481-L014,P00481,earned,2026-05-29,2026-06-07,8.6
P00481-L015,P00481,earned,2026-07-15,2026-07-30,15.1
P00482-L001,P00482,earned,2024-09-27,2024-10-10,13.6
P00482-L002,P00482,earned,2024-10-18,2024-10-20,2.5
P00482-L003,P00482,earned,2024-11-26,2024-12-06,10.5
P00482-L004,P00482,earned,2025-02-03,2025-02-09,6.0
P00482-L005,P00482,earned,2025-03-15,2025-03-22,6.3
P00482-L006,P00482,earned,2025-04-17,2025-04-20,3.1
P00482-L007,P00482,earned,2025-05-17,2025-06-05,19.0
P00482-L008,P00482,earned,2025-07-01,2025-07-07,6.4
P00482-L009,P00482,casual,2025-08-18,2025-08-22,4.7
P00482-L010,P00482,earned,2025-10-05,2025-10-17,12.7
P00482-L011,P00482,earned,2025-11-07,2025-11-17,9.9
P00482-L012,P00482,casual,2025-12-20,2025-12-26,5.8
P00482-L013,P00482,medical,2026-02-18,2026-03-02,12.0
P00482-L014,P00482,earned,2026-03-19,2026-04-02,13.8
P00482-L015,P00482,medical,2026-05-17,2026-06-01,15.2
P00482-L016,P00482,earned,2026-06-08,2026-06-25,16.0
P00482-L017,P00482,earned,2026-07-23,2026-07-29,5.8
P00483-L001,P00483,casual,2024-09-27,2024-10-06,8.9
P00483-L002,P00483,earned,2024-11-08,2024-11-21,13.4
P00483-L003,P00483,earned,2024-12-22,2025-01-01,9.3
P00483-L004,P00483,casual,2025-02-26,2025-03-06,7.8
P00483-L005,P00483,casual,2025-04-20,2025-05-15,24.2
P00483-L006,P00483,casual,2025-07-05,2025-07-27,21.9
P00483-L007,P00483,earned,2025-08-03,2025-08-05,2.1
P00483-L008,P00483,earned,2025-10-13,2025-10-21,8.2
P00483-L009,P00483,medical,2025-11-28,2025-12-02,4.4
P00483-L010,P00483,casual,2026-02-26,2026-03-11,13.4
P00483-L011,P00483,casual,2026-03-20,2026-04-09,19.9
P00483-L012,P00483,earned,2026-05-20,2026-05-25,4.9
P00483-L013,P00483,medical,2026-07-09,2026-07-22,13.4
P00484-L001,P00484,casual,2024-09-20,2024-09-26,5.9
P00484-L002,P00484,casual,2024-10-29,2024-11-05,6.4
P00484-L003,P00484,earned,2025-01-06,2025-01-14,7.7
P00484-L004,P00484,earned,2025-03-14,2025-03-18,3.9
P00484-L005,P00484,casual,2025-04-28,2025-05-06,8.1
P00484-L006,P00484,medical,2025-06-16,2025-06-22,5.5
P00484-L007,P00484,earned,2025-08-10,2025-08-18,8.1
P00484-L008,P00484,earned,2025-11-01,2025-11-10,9.3
P00484-L009,P00484,casual,2025-12-23,2026-01-08,16.1
P00484-L010,P00484,earned,2026-01-28,2026-02-07,9.8
P00484-L011,P00484,casual,2026-03-22,2026-03-27,5.5
P00484-L012,P00484,earned,2026-05-13,2026-05-27,14.3
P00484-L013,P00484,earned,2026-07-07,2026-07-15,8.8
P00485-L001,P00485,casual,2024-09-11,2024-09-21,10.0
P00485-L002,P00485,casual,2024-10-11,2024-10-24,13.2
P00485-L003,P00485,earned,2024-11-24,2024-12-04,10.8
P00485-L004,P00485,casual,2025-01-14,2025-01-27,12.6
P00485-L005,P00485,casual,2025-02-17,2025-03-01,12.4
P00485-L006,P00485,casual,2025-03-25,2025-03-30,4.9
P00485-L007,P00485,earned,2025-05-21,2025-05-28,7.0
P00485-L008,P00485,earned,2025-06-16,2025-06-24,8.6
P00485-L009,P00485,compensatory,2025-08-12,2025-08-22,9.7
P00485-L010,P00485,casual,2025-09-08,2025-09-13,5.9
P00485-L011,P00485,earned,2025-10-23,2025-10-27,4.1
P00485-L012,P00485,casual,2025-11-24,2025-12-04,9.2
P00485-L013,P00485,earned,2026-01-06,2026-01-22,15.7
P00485-L014,P00485,earned,2026-02-26,2026-03-04,6.2
P00485-L015,P00485,earned,2026-03-24,2026-03-29,5.6
P00485-L016,P00485,casual,2026-05-17,2026-05-25,7.6
P00485-L017,P00485,earned,2026-06-12,2026-06-19,7.4
P00485-L018,P00485,casual,2026-07-27,2026-08-11,15.8
P00486-L001,P00486,earned,2024-09-06,2024-09-20,14.1
P00486-L002,P00486,compensatory,2024-11-01,2024-11-14,13.3
P00486-L003,P00486,compensatory,2024-12-16,2025-01-02,16.6
P00486-L004,P00486,earned,2025-02-18,2025-03-01,11.6
P00486-L005,P00486,earned,2025-03-31,2025-04-11,10.4
P00486-L006,P00486,casual,2025-06-08,2025-06-15,7.3
P00486-L007,P00486,medical,2025-08-12,2025-08-15,3.1
P00486-L008,P00486,casual,2025-10-06,2025-10-11,4.3
P00486-L009,P00486,earned,2025-11-14,2025-12-04,19.5
P00486-L010,P00486,casual,2026-01-02,2026-01-09,7.0
P00486-L011,P00486,earned,2026-02-10,2026-02-21,10.8
P00486-L012,P00486,casual,2026-04-05,2026-04-16,11.1
P00486-L013,P00486,earned,2026-06-07,2026-06-22,15.0
P00486-L014,P00486,casual,2026-07-10,2026-08-02,23.0
P00487-L001,P00487,casual,2024-09-28,2024-10-01,3.1
P00487-L002,P00487,casual,2024-11-17,2024-11-26,8.9
P00487-L003,P00487,casual,2024-12-01,2024-12-12,11.3
P00487-L004,P00487,earned,2025-01-20,2025-01-23,3.4
P00487-L005,P00487,earned,2025-03-31,2025-04-04,3.3
P00487-L006,P00487,earned,2025-04-22,2025-05-15,22.6
P00487-L007,P00487,earned,2025-06-09,2025-06-17,7.8
P00487-L008,P00487,compensatory,2025-07-18,2025-07-26,7.2
P00487-L009,P00487,medical,2025-09-03,2025-09-07,4.5
P00487-L010,P00487,casual,2025-10-16,2025-10-19,2.4
P00487-L011,P00487,earned,2025-12-10,2025-12-30,19.9
P00487-L012,P00487,casual,2026-01-17,2026-01-25,8.1
P00487-L013,P00487,earned,2026-03-05,2026-03-22,16.6
P00487-L014,P00487,casual,2026-04-17,2026-05-01,14.1
P00487-L015,P00487,compensatory,2026-06-11,2026-07-01,19.2
P00487-L016,P00487,earned,2026-07-19,2026-08-03,14.4
P00488-L001,P00488,earned,2024-09-03,2024-09-11,7.1
P00488-L002,P00488,casual,2024-10-08,2024-10-09,1.1
P00488-L003,P00488,casual,2024-10-20,2024-10-25,5.2
P00488-L004,P00488,earned,2024-11-14,2024-11-19,5.6
P00488-L005,P00488,earned,2024-12-16,2024-12-19,2.4
P00488-L006,P00488,casual,2025-01-02,2025-01-07,5.0
P00488-L007,P00488,earned,2025-01-20,2025-01-27,6.6
P00488-L008,P00488,medical,2025-02-13,2025-02-16,2.7
P00488-L009,P00488,casual,2025-03-13,2025-03-16,3.1
P00488-L010,P00488,medical,2025-04-14,2025-04-17,2.9
P00488-L011,P00488,earned,2025-04-30,2025-05-05,4.3
P00488-L012,P00488,compensatory,2025-05-18,2025-05-22,4.3
P00488-L013,P00488,casual,2025-06-15,2025-06-19,4.5
P00488-L014,P00488,casual,2025-07-04,2025-07-05,1.7
P00488-L015,P00488,casual,2025-07-29,2025-07-31,2.9
P00488-L016,P00488,earned,2025-08-23,2025-08-28,5.1
P00488-L017,P00488,medical,2025-09-23,2025-09-25,2.4
P00488-L018,P00488,casual,2025-10-07,2025-10-10,2.9
P00488-L019,P00488,earned,2025-11-06,2025-11-11,5.3
P00488-L020,P00488,earned,2025-11-24,2025-11-26,2.0
P00488-L021,P00488,casual,2025-12-27,2025-12-30,3.2
P00488-L022,P00488,casual,2026-01-09,2026-01-14,5.3
P00488-L023,P00488,earned,2026-02-02,2026-02-05,2.9
P00488-L024,P00488,earned,2026-03-04,2026-03-08,4.0
P00488-L025,P00488,earned,2026-03-25,2026-03-30,4.8
P00488-L026,P00488,casual,2026-04-15,2026-04-19,3.8
P00488-L027,P00488,casual,2026-05-08,2026-05-14,5.9
P00488-L028,P00488,casual,2026-05-31,2026-06-04,3.9
P00488-L029,P00488,earned,2026-06-25,2026-07-02,6.8
P00488-L030,P00488,earned,2026-07-20,2026-07-22,1.9
P00488-L031,P00488,earned,2026-08-10,2026-08-15,4.8
P00489-L001,P00489,earned,2024-09-07,2024-09-21,14.3
P00489-L002,P00489,earned,2024-10-25,2024-11-14,20.3
P00489-L003,P00489,casual,2024-12-14,2024-12-21,6.7
P00489-L004,P00489,earned,2025-02-06,2025-02-19,13.0
P00489-L005,P00489,earned,2025-04-30,2025-05-05,5.8
P00489-L006,P00489,casual,2025-05-22,2025-06-03,12.7
P00489-L007,P00489,earned,2025-08-12,2025-08-20,8.4
P00489-L008,P00489,casual,2025-09-09,2025-09-16,7.1
P00489-L009,P00489,earned,2025-11-28,2025-11-30,2.4
P00489-L010,P00489,casual,2025-12-14,2026-01-03,20.3
P00489-L011,P00489,medical,2026-02-07,2026-03-09,30.0
P00489-L012,P00489,earned,2026-04-10,2026-04-20,10.1
P00489-L013,P00489,earned,2026-06-16,2026-06-18,1.7
P00489-L014,P00489,earned,2026-07-16,2026-07-26,10.6
P00490-L001,P00490,casual,2024-09-04,2024-09-20,15.9
P00490-L002,P00490,earned,2024-10-13,2024-10-19,6.4
P00490-L003,P00490,earned,2024-11-25,2024-11-30,5.6
P00490-L004,P00490,casual,2025-01-02,2025-01-23,21.7
P00490-L005,P00490,casual,2025-02-26,2025-03-05,7.3
P00490-L006,P00490,earned,2025-03-26,2025-04-02,6.8
P00490-L007,P00490,medical,2025-05-15,2025-05-22,7.2
P00490-L008,P00490,earned,2025-06-20,2025-06-25,4.2
P00490-L009,P00490,earned,2025-08-12,2025-08-24,11.9
P00490-L010,P00490,earned,2025-09-05,2025-09-08,2.9
P00490-L011,P00490,casual,2025-10-16,2025-10-21,4.7
P00490-L012,P00490,casual,2025-11-21,2025-12-08,17.3
P00490-L013,P00490,earned,2026-01-05,2026-01-12,6.8
P00490-L014,P00490,earned,2026-02-23,2026-03-04,8.9
P00490-L015,P00490,casual,2026-03-30,2026-04-07,8.6
P00490-L016,P00490,casual,2026-05-15,2026-05-26,11.0
P00490-L017,P00490,casual,2026-06-14,2026-06-22,8.2
P00490-L018,P00490,compensatory,2026-07-26,2026-08-05,10.4
P00491-L001,P00491,earned,2024-09-14,2024-09-28,13.6
P00491-L002,P00491,earned,2024-10-14,2024-10-24,10.0
P00491-L003,P00491,medical,2024-11-22,2024-11-26,4.2
P00491-L004,P00491,casual,2024-12-20,2024-12-21,1.4
P00491-L005,P00491,earned,2025-02-07,2025-02-21,13.9
P00491-L006,P00491,casual,2025-03-14,2025-03-23,9.8
P00491-L007,P00491,earned,2025-04-09,2025-04-13,4.2
P00491-L008,P00491,casual,2025-05-14,2025-05-21,6.7
P00491-L009,P00491,medical,2025-07-09,2025-07-12,3.0
P00491-L010,P00491,medical,2025-08-08,2025-08-13,4.7
P00491-L011,P00491,casual,2025-09-15,2025-09-21,6.3
P00491-L012,P00491,medical,2025-11-01,2025-11-07,5.4
P00491-L013,P00491,earned,2025-12-01,2025-12-04,2.6
P00491-L014,P00491,earned,2026-01-01,2026-01-12,11.0
P00491-L015,P00491,medical,2026-02-08,2026-02-17,9.9
P00491-L016,P00491,earned,2026-03-14,2026-03-28,14.0
P00491-L017,P00491,casual,2026-04-09,2026-04-22,12.9
P00491-L018,P00491,casual,2026-05-21,2026-05-27,5.6
P00491-L019,P00491,casual,2026-06-20,2026-06-30,9.5
P00491-L020,P00491,casual,2026-07-28,2026-08-06,9.4
P00492-L001,P00492,earned,2024-09-25,2024-10-09,13.3
P00492-L002,P00492,medical,2024-11-02,2024-11-07,5.3
P00492-L003,P00492,earned,2024-12-14,2024-12-28,13.5
P00492-L004,P00492,casual,2025-02-09,2025-02-18,9.4
P00492-L005,P00492,casual,2025-04-27,2025-05-03,5.4
P00492-L006,P00492,casual,2025-05-23,2025-06-06,13.5
P00492-L007,P00492,casual,2025-07-27,2025-08-09,13.1
P00492-L008,P00492,earned,2025-09-04,2025-09-27,22.6
P00492-L009,P00492,casual,2025-11-10,2025-11-12,2.3
P00492-L010,P00492,earned,2025-12-31,2026-01-11,10.6
P00492-L011,P00492,casual,2026-02-27,2026-03-10,10.6
P00492-L012,P00492,compensatory,2026-04-26,2026-05-13,16.2
P00492-L013,P00492,earned,2026-06-08,2026-06-16,7.3
P00492-L014,P00492,casual,2026-07-18,2026-07-28,9.7
P00493-L001,P00493,earned,2024-09-06,2024-09-12,6.1
P00493-L002,P00493,earned,2024-10-19,2024-10-30,10.3
P00493-L003,P00493,casual,2024-12-10,2024-12-26,15.7
P00493-L004,P00493,earned,2025-01-26,2025-02-02,6.5
P00493-L005,P00493,compensatory,2025-03-18,2025-04-01,13.4
P00493-L006,P00493,casual,2025-05-05,2025-05-15,9.8
P00493-L007,P00493,earned,2025-06-27,2025-07-03,6.3
P00493-L008,P00493,earned,2025-09-12,2025-09-19,6.8
P00493-L009,P00493,earned,2025-10-01,2025-10-08,6.9
P00493-L010,P00493,earned,2025-11-21,2025-12-06,15.2
P00493-L011,P00493,earned,2026-01-13,2026-01-23,10.0
P00493-L012,P00493,earned,2026-02-19,2026-03-07,15.9
P00493-L013,P00493,earned,2026-04-13,2026-04-25,12.7
P00493-L014,P00493,casual,2026-05-29,2026-06-09,11.3
P00493-L015,P00493,earned,2026-07-20,2026-07-30,10.7
P00494-L001,P00494,casual,2024-09-24,2024-09-30,5.9
P00494-L002,P00494,casual,2024-10-28,2024-11-03,6.3
P00494-L003,P00494,casual,2024-12-07,2024-12-16,9.0
P00494-L004,P00494,casual,2025-01-19,2025-02-04,16.3
P00494-L005,P00494,earned,2025-03-13,2025-03-27,13.6
P00494-L006,P00494,earned,2025-04-17,2025-04-26,9.3
P00494-L007,P00494,compensatory,2025-06-02,2025-06-06,3.8
P00494-L008,P00494,medical,2025-08-01,2025-08-10,8.6
P00494-L009,P00494,earned,2025-09-10,2025-09-15,5.4
P00494-L010,P00494,casual,2025-10-23,2025-11-03,11.1
P00494-L011,P00494,casual,2025-12-09,2026-01-05,27.4
P00494-L012,P00494,casual,2026-01-17,2026-01-21,4.1
P00494-L013,P00494,medical,2026-03-15,2026-04-02,18.3
P00494-L014,P00494,casual,2026-04-19,2026-04-26,6.7
P00494-L015,P00494,earned,2026-06-10,2026-06-19,8.3
P00494-L016,P00494,casual,2026-08-10,2026-08-19,8.8
P00495-L001,P00495,earned,2024-09-24,2024-10-07,13.4
P00495-L002,P00495,earned,2024-11-09,2024-11-14,5.4
P00495-L003,P00495,casual,2025-01-13,2025-01-16,3.0
P00495-L004,P00495,earned,2025-03-07,2025-03-10,3.0
P00495-L005,P00495,earned,2025-05-04,2025-05-18,14.7
P00495-L006,P00495,earned,2025-07-05,2025-07-22,17.2
P00495-L007,P00495,medical,2025-09-23,2025-10-03,10.7
P00495-L008,P00495,casual,2025-11-16,2025-11-27,10.8
P00495-L009,P00495,medical,2026-01-21,2026-01-28,7.0
P00495-L010,P00495,casual,2026-03-03,2026-03-17,13.6
P00495-L011,P00495,medical,2026-05-04,2026-05-18,13.8
P00495-L012,P00495,earned,2026-07-12,2026-07-22,10.1
P00496-L001,P00496,casual,2024-09-03,2024-09-16,12.5
P00496-L002,P00496,earned,2024-11-19,2024-11-23,4.8
P00496-L003,P00496,earned,2025-01-19,2025-01-24,5.4
P00496-L004,P00496,casual,2025-02-16,2025-03-02,14.1
P00496-L005,P00496,earned,2025-04-30,2025-05-07,6.7
P00496-L006,P00496,casual,2025-06-28,2025-07-06,7.9
P00496-L007,P00496,medical,2025-08-28,2025-09-18,21.5
P00496-L008,P00496,earned,2025-10-02,2025-10-10,7.4
P00496-L009,P00496,casual,2025-12-02,2025-12-18,15.5
P00496-L010,P00496,earned,2026-01-28,2026-02-16,19.2
P00496-L011,P00496,earned,2026-04-07,2026-04-16,8.9
P00496-L012,P00496,medical,2026-05-15,2026-06-02,18.5
P00496-L013,P00496,medical,2026-07-11,2026-07-16,5.8
P00497-L001,P00497,earned,2024-09-01,2024-09-10,9.3
P00497-L002,P00497,earned,2024-10-02,2024-10-11,9.2
P00497-L003,P00497,medical,2024-11-17,2024-11-20,2.6
P00497-L004,P00497,earned,2024-12-05,2024-12-07,2.3
P00497-L005,P00497,earned,2024-12-31,2025-01-03,2.9
P00497-L006,P00497,earned,2025-02-13,2025-02-15,1.8
P00497-L007,P00497,casual,2025-03-05,2025-03-15,10.8
P00497-L008,P00497,earned,2025-04-12,2025-04-25,13.6
P00497-L009,P00497,earned,2025-05-06,2025-05-23,16.7
P00497-L010,P00497,casual,2025-06-05,2025-06-08,2.8
P00497-L011,P00497,casual,2025-07-10,2025-07-18,7.6
P00497-L012,P00497,earned,2025-08-18,2025-08-24,6.1
P00497-L013,P00497,earned,2025-09-09,2025-09-11,2.4
P00497-L014,P00497,earned,2025-10-05,2025-10-15,10.6
P00497-L015,P00497,casual,2025-11-02,2025-11-06,4.4
P00497-L016,P00497,earned,2025-12-24,2025-12-29,4.6
P00497-L017,P00497,earned,2026-01-01,2026-01-05,3.5
P00497-L018,P00497,earned,2026-02-04,2026-02-07,3.3
P00497-L019,P00497,earned,2026-03-07,2026-03-13,5.8
P00497-L020,P00497,casual,2026-04-03,2026-04-07,3.2
P00497-L021,P00497,casual,2026-05-11,2026-05-15,3.6
P00497-L022,P00497,earned,2026-06-13,2026-06-18,4.8
P00497-L023,P00497,earned,2026-07-06,2026-07-10,4.1
P00497-L024,P00497,casual,2026-08-12,2026-08-16,3.3
P00498-L001,P00498,medical,2024-09-03,2024-09-12,8.5
P00498-L002,P00498,earned,2024-11-04,2024-11-16,12.3
P00498-L003,P00498,casual,2024-12-27,2025-01-04,8.6
P00498-L004,P00498,medical,2025-03-10,2025-03-17,7.5
P00498-L005,P00498,earned,2025-05-12,2025-05-21,8.2
P00498-L006,P00498,earned,2025-06-09,2025-06-16,7.2
P00498-L007,P00498,casual,2025-08-09,2025-08-23,13.7
P00498-L008,P00498,compensatory,2025-10-05,2025-10-21,16.0
P00498-L009,P00498,compensatory,2025-12-26,2026-01-12,16.5
P00498-L010,P00498,earned,2026-01-25,2026-02-08,14.0
P00498-L011,P00498,earned,2026-04-03,2026-04-10,6.9
P00498-L012,P00498,medical,2026-05-18,2026-06-02,14.5
P00498-L013,P00498,earned,2026-08-01,2026-08-07,5.5
P00499-L001,P00499,medical,2024-09-05,2024-09-15,10.9
P00499-L002,P00499,earned,2024-11-25,2024-11-27,1.5
P00499-L003,P00499,casual,2025-01-21,2025-01-27,5.9
P00499-L004,P00499,casual,2025-03-19,2025-03-22,2.8
P00499-L005,P00499,compensatory,2025-05-29,2025-06-02,4.2
P00499-L006,P00499,casual,2025-08-22,2025-09-02,10.8
P00499-L007,P00499,earned,2025-10-08,2025-10-16,8.4
P00499-L008,P00499,earned,2025-12-31,2026-01-02,2.0
P00499-L009,P00499,medical,2026-02-28,2026-03-12,11.8
P00499-L010,P00499,medical,2026-05-10,2026-05-13,2.7
P00499-L011,P00499,medical,2026-06-27,2026-07-09,11.2
P00500-L001,P00500,casual,2024-09-05,2024-09-12,7.1
P00500-L002,P00500,casual,2024-10-18,2024-10-23,5.0
P00500-L003,P00500,casual,2024-11-11,2024-11-21,9.7
P00500-L004,P00500,earned,2024-12-15,2024-12-19,3.1
P00500-L005,P00500,earned,2025-01-04,2025-01-11,7.2
P00500-L006,P00500,earned,2025-02-04,2025-02-06,2.4
P00500-L007,P00500,earned,2025-03-25,2025-03-28,2.8
P00500-L008,P00500,casual,2025-04-19,2025-04-26,6.7
P00500-L009,P00500,earned,2025-05-07,2025-05-14,6.3
P00500-L010,P00500,casual,2025-06-03,2025-06-10,7.4
P00500-L011,P00500,earned,2025-07-07,2025-07-11,4.1
P00500-L012,P00500,casual,2025-08-05,2025-08-09,3.9
P00500-L013,P00500,earned,2025-09-02,2025-09-07,4.3
P00500-L014,P00500,casual,2025-10-10,2025-10-15,5.9
P00500-L015,P00500,medical,2025-11-08,2025-11-27,18.9
P00500-L016,P00500,casual,2025-12-06,2025-12-10,4.8
P00500-L017,P00500,earned,2025-12-31,2026-01-09,9.0
P00500-L018,P00500,medical,2026-02-08,2026-02-11,3.0
P00500-L019,P00500,earned,2026-03-02,2026-03-05,3.5
P00500-L020,P00500,medical,2026-04-04,2026-04-12,8.8
P00500-L021,P00500,casual,2026-05-03,2026-05-10,6.6
P00500-L022,P00500,earned,2026-06-11,2026-06-16,4.3
P00500-L023,P00500,earned,2026-07-09,2026-07-20,10.5
P00500-L024,P00500,earned,2026-08-17,2026-08-23,5.6
P00501-L001,P00501,compensatory,2024-09-23,2024-10-01,8.7
P00501-L002,P00501,earned,2024-11-03,2024-11-18,15.3
P00501-L003,P00501,earned,2024-12-15,2024-12-22,6.8
P00501-L004,P00501,earned,2025-01-17,2025-01-23,5.4
P00501-L005,P00501,casual,2025-03-21,2025-03-25,3.6
P00501-L006,P00501,compensatory,2025-05-06,2025-05-13,6.8
P00501-L007,P00501,earned,2025-06-10,2025-06-13,3.7
P00501-L008,P00501,medical,2025-08-02,2025-08-13,11.7
P00501-L009,P00501,medical,2025-09-10,2025-09-16,5.8
P00501-L010,P00501,earned,2025-10-24,2025-10-28,4.0
P00501-L011,P00501,earned,2025-12-08,2025-12-28,20.2
P00501-L012,P00501,earned,2026-02-17,2026-02-25,8.3
P00501-L013,P00501,earned,2026-03-04,2026-03-10,6.0
P00501-L014,P00501,compensatory,2026-04-22,2026-04-27,5.0
P00501-L015,P00501,earned,2026-06-03,2026-06-13,9.6
P00501-L016,P00501,casual,2026-08-04,2026-08-19,15.0
P00502-L001,P00502,medical,2024-10-07,2024-10-11,3.8
P00502-L002,P00502,earned,2024-12-15,2024-12-23,7.7
P00502-L003,P00502,casual,2025-02-22,2025-02-27,4.9
P00502-L004,P00502,earned,2025-04-18,2025-04-26,8.1
P00502-L005,P00502,earned,2025-06-23,2025-07-02,8.8
P00502-L006,P00502,earned,2025-09-18,2025-10-01,12.6
P00502-L007,P00502,earned,2025-12-02,2025-12-10,7.1
P00502-L008,P00502,medical,2026-02-05,2026-02-17,12.1
P00502-L009,P00502,casual,2026-04-21,2026-04-29,8.6
P00502-L010,P00502,earned,2026-07-01,2026-07-17,15.9
P00503-L001,P00503,earned,2024-09-03,2024-09-18,15.5
P00503-L002,P00503,casual,2024-10-28,2024-10-31,3.9
P00503-L003,P00503,medical,2024-11-18,2024-11-26,8.1
P00503-L004,P00503,medical,2024-12-16,2024-12-19,3.2
P00503-L005,P00503,earned,2025-01-21,2025-01-29,8.2
P00503-L006,P00503,casual,2025-02-23,2025-03-02,7.1
P00503-L007,P00503,earned,2025-04-23,2025-04-29,6.5
P00503-L008,P00503,earned,2025-05-03,2025-05-09,6.2
P00503-L009,P00503,casual,2025-06-06,2025-06-21,15.4
P00503-L010,P00503,earned,2025-08-05,2025-08-09,4.8
P00503-L011,P00503,medical,2025-09-03,2025-09-08,5.6
P00503-L012,P00503,casual,2025-09-18,2025-09-23,5.2
P00503-L013,P00503,casual,2025-11-11,2025-11-15,4.1
P00503-L014,P00503,medical,2025-11-26,2025-11-29,2.6
P00503-L015,P00503,earned,2026-01-03,2026-01-14,10.7
P00503-L016,P00503,earned,2026-02-07,2026-02-18,11.6
P00503-L017,P00503,casual,2026-03-13,2026-03-20,7.2
P00503-L018,P00503,casual,2026-04-20,2026-04-29,9.2
P00503-L019,P00503,compensatory,2026-05-21,2026-05-29,7.5
P00503-L020,P00503,earned,2026-06-26,2026-07-03,7.0
P00503-L021,P00503,casual,2026-08-11,2026-08-14,2.9
P00504-L001,P00504,casual,2024-09-02,2024-09-17,15.4
P00504-L002,P00504,casual,2024-10-19,2024-11-10,22.7
P00504-L003,P00504,casual,2024-11-27,2024-12-04,7.0
P00504-L004,P00504,earned,2025-01-18,2025-02-01,13.7
P00504-L005,P00504,casual,2025-02-18,2025-03-01,10.7
P00504-L006,P00504,earned,2025-04-02,2025-04-07,4.8
P00504-L007,P00504,earned,2025-05-06,2025-05-12,6.2
P00504-L008,P00504,earned,2025-06-20,2025-07-01,10.5
P00504-L009,P00504,earned,2025-07-22,2025-08-14,22.6
P00504-L010,P00504,compensatory,2025-09-05,2025-09-08,3.2
P00504-L011,P00504,casual,2025-10-11,2025-10-20,9.1
P00504-L012,P00504,casual,2025-12-06,2025-12-14,8.0
P00504-L013,P00504,casual,2026-01-14,2026-01-19,5.1
P00504-L014,P00504,casual,2026-02-10,2026-03-06,24.1
P00504-L015,P00504,casual,2026-03-29,2026-04-05,7.1
P00504-L016,P00504,casual,2026-05-18,2026-05-26,7.7
P00504-L017,P00504,earned,2026-07-03,2026-07-07,4.1
P00504-L018,P00504,casual,2026-08-07,2026-08-19,11.9
P00505-L001,P00505,earned,2024-09-06,2024-09-12,5.6
P00505-L002,P00505,earned,2024-10-12,2024-10-19,7.2
P00505-L003,P00505,casual,2024-11-27,2024-12-04,7.0
P00505-L004,P00505,earned,2025-01-17,2025-01-21,3.9
P00505-L005,P00505,earned,2025-02-11,2025-02-19,7.9
P00505-L006,P00505,casual,2025-03-12,2025-03-28,15.8
P00505-L007,P00505,medical,2025-04-19,2025-05-03,13.9
P00505-L008,P00505,casual,2025-06-02,2025-06-13,10.7
P00505-L009,P00505,earned,2025-07-06,2025-07-23,17.0
P00505-L010,P00505,medical,2025-08-14,2025-09-01,17.4
P00505-L011,P00505,casual,2025-10-09,2025-10-14,4.9
P00505-L012,P00505,earned,2025-10-31,2025-11-06,6.7
P00505-L013,P00505,casual,2025-12-13,2025-12-18,4.7
P00505-L014,P00505,earned,2026-01-15,2026-01-22,6.2
P00505-L015,P00505,casual,2026-02-28,2026-03-04,4.1
P00505-L016,P00505,earned,2026-03-31,2026-04-10,10.0
P00505-L017,P00505,compensatory,2026-05-10,2026-05-24,14.0
P00505-L018,P00505,medical,2026-06-18,2026-06-23,5.7
P00505-L019,P00505,casual,2026-07-25,2026-08-03,8.5
P00506-L001,P00506,earned,2024-10-01,2024-10-07,6.3
P00506-L002,P00506,earned,2024-10-31,2024-11-04,4.2
P00506-L003,P00506,medical,2025-01-25,2025-01-28,3.4
P00506-L004,P00506,compensatory,2025-03-18,2025-03-25,6.4
P00506-L005,P00506,earned,2025-04-23,2025-04-30,6.2
P00506-L006,P00506,earned,2025-06-19,2025-06-23,3.3
P00506-L007,P00506,casual,2025-08-23,2025-09-08,15.3
P00506-L008,P00506,casual,2025-09-28,2025-10-13,14.7
P00506-L009,P00506,earned,2025-12-05,2025-12-09,4.8
P00506-L010,P00506,earned,2026-01-29,2026-02-04,6.6
P00506-L011,P00506,earned,2026-03-18,2026-04-04,16.9
P00506-L012,P00506,medical,2026-06-19,2026-06-25,6.2
P00506-L013,P00506,earned,2026-07-11,2026-07-16,5.8
P00507-L001,P00507,earned,2024-09-14,2024-09-27,13.0
P00507-L002,P00507,earned,2024-10-14,2024-10-19,4.8
P00507-L003,P00507,casual,2024-11-15,2024-11-18,3.1
P00507-L004,P00507,casual,2025-01-06,2025-01-13,7.0
P00507-L005,P00507,medical,2025-01-25,2025-02-03,8.4
P00507-L006,P00507,casual,2025-03-06,2025-03-17,10.6
P00507-L007,P00507,earned,2025-04-10,2025-04-21,11.6
P00507-L008,P00507,compensatory,2025-05-18,2025-05-28,10.7
P00507-L009,P00507,earned,2025-07-04,2025-07-09,5.1
P00507-L010,P00507,earned,2025-08-03,2025-08-17,13.6
P00507-L011,P00507,earned,2025-09-13,2025-09-30,17.2
P00507-L012,P00507,earned,2025-10-25,2025-11-05,11.0
P00507-L013,P00507,earned,2025-12-03,2025-12-12,9.0
P00507-L014,P00507,earned,2026-01-05,2026-01-17,12.4
P00507-L015,P00507,earned,2026-01-26,2026-01-29,3.9
P00507-L016,P00507,earned,2026-03-11,2026-03-14,3.4
P00507-L017,P00507,compensatory,2026-04-13,2026-04-17,4.6
P00507-L018,P00507,casual,2026-05-23,2026-06-11,19.4
P00507-L019,P00507,medical,2026-06-29,2026-07-16,17.4
P00507-L020,P00507,casual,2026-08-11,2026-08-25,13.9
P00508-L001,P00508,earned,2024-09-20,2024-09-25,4.6
P00508-L002,P00508,earned,2024-10-27,2024-11-02,6.7
P00508-L003,P00508,casual,2025-01-17,2025-01-25,8.5
P00508-L004,P00508,compensatory,2025-02-23,2025-03-07,11.8
P00508-L005,P00508,earned,2025-04-24,2025-05-06,12.0
P00508-L006,P00508,medical,2025-07-07,2025-07-12,5.6
P00508-L007,P00508,earned,2025-08-13,2025-08-20,7.8
P00508-L008,P00508,casual,2025-10-19,2025-10-28,9.2
P00508-L009,P00508,medical,2025-12-09,2025-12-14,5.1
P00508-L010,P00508,earned,2026-02-15,2026-03-01,13.8
P00508-L011,P00508,earned,2026-04-07,2026-04-12,5.3
P00508-L012,P00508,earned,2026-06-01,2026-06-11,10.5
P00508-L013,P00508,earned,2026-08-15,2026-08-28,12.9
P00509-L001,P00509,earned,2024-09-06,2024-09-14,8.5
P00509-L002,P00509,casual,2024-10-03,2024-10-06,2.9
P00509-L003,P00509,earned,2024-11-04,2024-11-05,1.1
P00509-L004,P00509,medical,2024-12-11,2024-12-13,2.4
P00509-L005,P00509,casual,2025-01-21,2025-01-24,3.3
P00509-L006,P00509,earned,2025-02-06,2025-02-14,8.0
P00509-L007,P00509,casual,2025-03-24,2025-03-27,3.0
P00509-L008,P00509,earned,2025-04-03,2025-04-07,3.7
P00509-L009,P00509,compensatory,2025-05-12,2025-05-20,8.2
P00509-L010,P00509,earned,2025-06-03,2025-06-04,1.5
P00509-L011,P00509,casual,2025-07-06,2025-07-14,7.8
P00509-L012,P00509,medical,2025-08-10,2025-08-26,16.6
P00509-L013,P00509,earned,2025-09-16,2025-09-18,2.0
P00509-L014,P00509,earned,2025-10-10,2025-10-14,4.3
P00509-L015,P00509,earned,2025-11-06,2025-11-10,3.7
P00509-L016,P00509,earned,2025-12-05,2025-12-07,2.1
P00509-L017,P00509,earned,2026-01-15,2026-01-22,6.5
P00509-L018,P00509,earned,2026-02-10,2026-02-19,8.4
P00509-L019,P00509,casual,2026-03-02,2026-03-11,9.4
P00509-L020,P00509,compensatory,2026-04-01,2026-04-05,3.3
P00509-L021,P00509,earned,2026-05-04,2026-05-10,6.5
P00509-L022,P00509,casual,2026-06-11,2026-06-18,6.8
P00509-L023,P00509,earned,2026-07-05,2026-07-21,16.3
P00509-L024,P00509,earned,2026-08-06,2026-08-08,1.8
P00510-L001,P00510,medical,2024-09-25,2024-10-07,12.0
P00510-L002,P00510,casual,2024-11-14,2024-11-20,5.2
P00510-L003,P00510,earned,2024-12-22,2025-01-09,17.9
P00510-L004,P00510,earned,2025-01-29,2025-02-02,4.0
P00510-L005,P00510,casual,2025-03-25,2025-04-06,12.2
P00510-L006,P00510,earned,2025-05-02,2025-05-15,13.1
P00510-L007,P00510,earned,2025-07-02,2025-07-13,10.3
P00510-L008,P00510,earned,2025-09-08,2025-09-17,9.0
P00510-L009,P00510,earned,2025-10-19,2025-11-02,13.7
P00510-L010,P00510,medical,2025-11-21,2025-12-04,12.2
P00510-L011,P00510,compensatory,2026-01-24,2026-02-02,9.0
P00510-L012,P00510,medical,2026-02-22,2026-03-04,9.5
P00510-L013,P00510,compensatory,2026-05-05,2026-05-11,5.5
P00510-L014,P00510,earned,2026-05-28,2026-06-08,11.2
P00510-L015,P00510,earned,2026-08-11,2026-08-22,11.0
P00511-L001,P00511,earned,2024-09-04,2024-09-22,18.6
P00511-L002,P00511,earned,2024-11-04,2024-11-21,17.9
P00511-L003,P00511,compensatory,2025-01-19,2025-02-03,15.0
P00511-L004,P00511,compensatory,2025-02-17,2025-02-19,2.2
P00511-L005,P00511,medical,2025-04-30,2025-05-07,7.6
P00511-L006,P00511,medical,2025-07-13,2025-07-19,6.4
P00511-L007,P00511,casual,2025-08-22,2025-09-07,15.3
P00511-L008,P00511,casual,2025-10-20,2025-11-02,12.5
P00511-L009,P00511,casual,2025-11-24,2025-12-09,15.4
P00511-L010,P00511,earned,2026-01-31,2026-02-09,9.6
P00511-L011,P00511,earned,2026-04-22,2026-04-29,7.9
P00511-L012,P00511,earned,2026-06-12,2026-06-18,5.9
P00511-L013,P00511,earned,2026-07-31,2026-08-10,10.0
P00512-L001,P00512,medical,2024-09-01,2024-09-05,4.4
P00512-L002,P00512,casual,2024-10-15,2024-10-22,7.0
P00512-L003,P00512,casual,2024-11-13,2024-12-05,22.1
P00512-L004,P00512,earned,2025-01-09,2025-01-15,6.2
P00512-L005,P00512,earned,2025-01-19,2025-01-24,4.6
P00512-L006,P00512,medical,2025-03-17,2025-03-21,4.1
P00512-L007,P00512,casual,2025-04-02,2025-04-09,7.0
P00512-L008,P00512,earned,2025-05-09,2025-05-18,9.0
P00512-L009,P00512,earned,2025-06-24,2025-07-01,6.3
P00512-L010,P00512,earned,2025-07-11,2025-07-23,12.9
P00512-L011,P00512,medical,2025-08-29,2025-09-10,12.2
P00512-L012,P00512,earned,2025-09-23,2025-09-28,5.5
P00512-L013,P00512,casual,2025-10-28,2025-11-06,8.5
P00512-L014,P00512,medical,2025-12-05,2025-12-16,11.0
P00512-L015,P00512,medical,2026-01-12,2026-01-17,4.9
P00512-L016,P00512,casual,2026-02-14,2026-02-17,3.1
P00512-L017,P00512,compensatory,2026-03-15,2026-03-29,13.8
P00512-L018,P00512,medical,2026-04-17,2026-04-23,6.6
P00512-L019,P00512,earned,2026-05-27,2026-05-30,3.6
P00512-L020,P00512,earned,2026-06-28,2026-07-14,16.5
P00512-L021,P00512,earned,2026-08-01,2026-08-03,1.8
P00513-L001,P00513,earned,2024-09-12,2024-09-19,7.7
P00513-L002,P00513,casual,2024-10-10,2024-10-18,8.3
P00513-L003,P00513,medical,2024-11-10,2024-11-20,9.3
P00513-L004,P00513,earned,2025-01-01,2025-01-04,3.7
P00513-L005,P00513,casual,2025-01-23,2025-01-27,4.5
P00513-L006,P00513,earned,2025-02-28,2025-03-11,11.0
P00513-L007,P00513,medical,2025-03-24,2025-04-02,9.0
P00513-L008,P00513,earned,2025-04-27,2025-05-05,7.9
P00513-L009,P00513,earned,2025-05-29,2025-06-05,7.1
P00513-L010,P00513,earned,2025-07-03,2025-07-04,1.1
P00513-L011,P00513,earned,2025-08-04,2025-08-08,4.5
P00513-L012,P00513,earned,2025-09-03,2025-09-13,9.5
P00513-L013,P00513,earned,2025-10-19,2025-11-02,13.8
P00513-L014,P00513,casual,2025-11-10,2025-11-22,12.1
P00513-L015,P00513,casual,2025-12-19,2025-12-27,8.5
P00513-L016,P00513,casual,2026-01-16,2026-01-22,5.8
P00513-L017,P00513,earned,2026-02-15,2026-02-22,7.3
P00513-L018,P00513,earned,2026-03-27,2026-04-03,6.2
P00513-L019,P00513,earned,2026-05-02,2026-05-07,4.5
P00513-L020,P00513,casual,2026-06-10,2026-06-19,8.8
P00513-L021,P00513,compensatory,2026-07-08,2026-07-12,4.7
P00513-L022,P00513,earned,2026-07-31,2026-08-08,7.7
P00514-L001,P00514,earned,2024-09-02,2024-09-08,6.2
P00514-L002,P00514,earned,2024-11-08,2024-11-16,7.5
P00514-L003,P00514,compensatory,2025-01-15,2025-01-25,10.0
P00514-L004,P00514,medical,2025-02-18,2025-02-22,4.7
P00514-L005,P00514,medical,2025-04-12,2025-04-14,1.9
P00514-L006,P00514,earned,2025-05-25,2025-06-04,9.9
P00514-L007,P00514,earned,2025-07-22,2025-07-29,6.3
P00514-L008,P00514,medical,2025-09-15,2025-09-28,13.5
P00514-L009,P00514,casual,2025-10-28,2025-11-02,5.9
P00514-L010,P00514,earned,2025-12-29,2025-12-31,2.4
P00514-L011,P00514,casual,2026-02-06,2026-02-10,4.1
P00514-L012,P00514,earned,2026-04-07,2026-04-23,16.4
P00514-L013,P00514,casual,2026-05-21,2026-06-01,11.2
P00514-L014,P00514,medical,2026-07-12,2026-07-19,7.3
P00515-L001,P00515,casual,2024-09-01,2024-09-09,7.7
P00515-L002,P00515,earned,2024-09-30,2024-10-05,4.4
P00515-L003,P00515,casual,2024-11-04,2024-11-12,7.7
P00515-L004,P00515,casual,2024-11-29,2024-11-30,1.9
P00515-L005,P00515,casual,2024-12-30,2025-01-11,12.3
P00515-L006,P00515,earned,2025-01-26,2025-01-31,4.9
P00515-L007,P00515,earned,2025-03-06,2025-03-11,5.6
P00515-L008,P00515,earned,2025-03-26,2025-04-06,10.9
P00515-L009,P00515,earned,2025-04-24,2025-04-26,1.8
P00515-L010,P00515,earned,2025-05-31,2025-06-05,4.4
P00515-L011,P00515,earned,2025-06-20,2025-06-29,9.0
P00515-L012,P00515,casual,2025-07-28,2025-08-04,6.1
P00515-L013,P00515,medical,2025-08-20,2025-08-24,3.9
P00515-L014,P00515,earned,2025-09-20,2025-09-23,2.9
P00515-L015,P00515,casual,2025-10-30,2025-11-09,10.7
P00515-L016,P00515,casual,2025-11-14,2025-11-19,4.6
P00515-L017,P00515,earned,2025-12-12,2025-12-18,5.9
P00515-L018,P00515,casual,2026-01-23,2026-01-26,2.7
P00515-L019,P00515,earned,2026-02-26,2026-03-03,5.3
P00515-L020,P00515,casual,2026-03-09,2026-03-24,14.7
P00515-L021,P00515,earned,2026-04-11,2026-04-23,11.9
P00515-L022,P00515,casual,2026-05-15,2026-05-23,8.9
P00515-L023,P00515,casual,2026-06-05,2026-06-15,10.0
P00515-L024,P00515,earned,2026-07-08,2026-07-16,8.6
P00515-L025,P00515,compensatory,2026-08-12,2026-08-14,2.4
P00516-L001,P00516,compensatory,2024-09-18,2024-09-25,7.4
P00516-L002,P00516,casual,2024-11-19,2024-11-25,5.9
P00516-L003,P00516,earned,2025-01-28,2025-02-19,21.9
P00516-L004,P00516,earned,2025-03-05,2025-03-10,5.7
P00516-L005,P00516,earned,2025-05-26,2025-06-10,14.4
P00516-L006,P00516,earned,2025-07-03,2025-07-21,17.4
P00516-L007,P00516,casual,2025-09-29,2025-10-05,6.1
P00516-L008,P00516,earned,2025-11-11,2025-11-19,8.4
P00516-L009,P00516,casual,2026-01-06,2026-01-16,10.0
P00516-L010,P00516,earned,2026-03-09,2026-03-20,11.3
P00516-L011,P00516,earned,2026-05-11,2026-05-21,10.5
P00516-L012,P00516,medical,2026-07-28,2026-08-06,9.4
P00517-L001,P00517,casual,2024-09-17,2024-09-27,10.0
P00517-L002,P00517,earned,2024-12-03,2024-12-10,7.1
P00517-L003,P00517,casual,2025-04-06,2025-04-09,3.8
P00517-L004,P00517,earned,2025-06-07,2025-06-18,11.0
P00517-L005,P00517,earned,2025-09-10,2025-09-30,19.1
P00517-L006,P00517,medical,2026-01-08,2026-01-17,9.1
P00517-L007,P00517,earned,2026-03-26,2026-04-08,12.4
P00517-L008,P00517,earned,2026-07-08,2026-07-23,15.2
P00518-L001,P00518,medical,2024-09-21,2024-09-28,7.0
P00518-L002,P00518,earned,2024-11-12,2024-11-22,9.9
P00518-L003,P00518,casual,2025-01-27,2025-02-06,10.4
P00518-L004,P00518,earned,2025-04-18,2025-04-29,10.6
P00518-L005,P00518,earned,2025-07-22,2025-08-08,16.2
P00518-L006,P00518,casual,2025-09-20,2025-09-26,6.3
P00518-L007,P00518,earned,2025-12-21,2025-12-25,4.1
P00518-L008,P00518,earned,2026-02-19,2026-03-07,16.3
P00518-L009,P00518,earned,2026-04-16,2026-04-23,6.9
P00518-L010,P00518,casual,2026-06-20,2026-06-30,10.5
P00519-L001,P00519,casual,2024-09-19,2024-09-22,2.8
P00519-L002,P00519,medical,2024-11-02,2024-11-10,8.6
P00519-L003,P00519,earned,2025-01-17,2025-01-25,7.4
P00519-L004,P00519,casual,2025-03-15,2025-03-18,2.9
P00519-L005,P00519,earned,2025-05-04,2025-05-09,5.3
P00519-L006,P00519,compensatory,2025-07-17,2025-07-28,10.3
P00519-L007,P00519,casual,2025-09-27,2025-10-03,6.6
P00519-L008,P00519,casual,2025-11-12,2025-11-17,5.6
P00519-L009,P00519,earned,2026-01-14,2026-01-24,10.3
P00519-L010,P00519,earned,2026-03-04,2026-03-11,7.0
P00519-L011,P00519,casual,2026-05-13,2026-05-26,13.2
P00519-L012,P00519,casual,2026-07-30,2026-08-07,8.1
P00520-L001,P00520,casual,2024-09-28,2024-10-10,11.4
P00520-L002,P00520,earned,2024-11-07,2024-11-12,5.8
P00520-L003,P00520,compensatory,2025-01-02,2025-01-18,15.7
P00520-L004,P00520,earned,2025-02-22,2025-03-11,17.4
P00520-L005,P00520,earned,2025-04-19,2025-04-26,6.3
P00520-L006,P00520,earned,2025-06-08,2025-06-16,8.1
P00520-L007,P00520,earned,2025-07-24,2025-08-05,11.9
P00520-L008,P00520,casual,2025-10-03,2025-10-15,11.5
P00520-L009,P00520,casual,2025-11-07,2025-11-19,11.9
P00520-L010,P00520,earned,2025-12-30,2026-01-13,14.1
P00520-L011,P00520,medical,2026-02-12,2026-02-20,8.4
P00520-L012,P00520,earned,2026-04-20,2026-05-07,16.8
P00520-L013,P00520,casual,2026-05-26,2026-06-12,17.2
P00520-L014,P00520,earned,2026-07-16,2026-07-23,6.6
P00521-L001,P00521,earned,2024-09-03,2024-09-14,11.0
P00521-L002,P00521,casual,2024-10-31,2024-11-12,12.5
P00521-L003,P00521,earned,2025-01-23,2025-02-06,13.7
P00521-L004,P00521,earned,2025-02-28,2025-03-11,11.4
P00521-L005,P00521,medical,2025-05-20,2025-05-30,10.8
P00521-L006,P00521,medical,2025-06-25,2025-07-07,11.9
P00521-L007,P00521,earned,2025-08-13,2025-08-18,5.7
P00521-L008,P00521,medical,2025-09-29,2025-10-04,4.9
P00521-L009,P00521,earned,2025-11-25,2025-12-13,18.1
P00521-L010,P00521,earned,2026-02-06,2026-02-21,14.4
P00521-L011,P00521,earned,2026-04-01,2026-04-05,4.0
P00521-L012,P00521,casual,2026-05-27,2026-06-07,10.8
P00521-L013,P00521,casual,2026-08-12,2026-08-19,7.2
P00522-L001,P00522,casual,2024-10-01,2024-10-16,15.2
P00522-L002,P00522,compensatory,2024-12-02,2024-12-07,4.7
P00522-L003,P00522,medical,2025-01-31,2025-02-25,25.3
P00522-L004,P00522,compensatory,2025-03-05,2025-03-10,4.3
P00522-L005,P00522,earned,2025-06-02,2025-06-10,8.0
P00522-L006,P00522,earned,2025-07-12,2025-07-19,6.9
P00522-L007,P00522,medical,2025-09-15,2025-10-01,15.6
P00522-L008,P00522,medical,2025-11-28,2025-12-12,14.1
P00522-L009,P00522,casual,2026-01-04,2026-01-18,14.3
P00522-L010,P00522,casual,2026-03-24,2026-04-08,14.4
P00522-L011,P00522,earned,2026-05-12,2026-06-03,22.4
P00522-L012,P00522,medical,2026-07-08,2026-07-10,2.1
P00523-L001,P00523,medical,2024-09-12,2024-09-25,13.3
P00523-L002,P00523,casual,2024-10-29,2024-11-01,3.2
P00523-L003,P00523,earned,2024-11-10,2024-11-15,4.9
P00523-L004,P00523,casual,2024-12-19,2024-12-25,6.3
P00523-L005,P00523,earned,2025-02-04,2025-02-11,6.6
P00523-L006,P00523,earned,2025-02-24,2025-03-07,11.8
P00523-L007,P00523,earned,2025-04-10,2025-04-20,9.8
P00523-L008,P00523,casual,2025-05-08,2025-05-15,7.4
P00523-L009,P00523,casual,2025-06-16,2025-06-24,8.2
P00523-L010,P00523,medical,2025-07-15,2025-07-26,11.0
P00523-L011,P00523,earned,2025-08-25,2025-09-03,9.0
P00523-L012,P00523,casual,2025-09-23,2025-10-05,12.3
P00523-L013,P00523,earned,2025-10-24,2025-11-04,11.3
P00523-L014,P00523,earned,2025-12-01,2025-12-07,6.4
P00523-L015,P00523,earned,2026-01-06,2026-01-18,12.1
P00523-L016,P00523,medical,2026-02-04,2026-02-14,10.0
P00523-L017,P00523,casual,2026-03-21,2026-03-26,5.1
P00523-L018,P00523,earned,2026-04-16,2026-04-30,14.0
P00523-L019,P00523,casual,2026-05-21,2026-05-28,6.8
P00523-L020,P00523,earned,2026-06-24,2026-07-12,18.1
P00523-L021,P00523,medical,2026-08-01,2026-08-14,12.5
P00524-L001,P00524,casual,2024-09-08,2024-09-15,7.2
P00524-L002,P00524,casual,2024-10-18,2024-10-26,7.9
P00524-L003,P00524,casual,2024-11-30,2024-12-15,14.1
P00524-L004,P00524,earned,2025-01-14,2025-01-15,1.9
P00524-L005,P00524,casual,2025-02-09,2025-02-17,8.2
P00524-L006,P00524,earned,2025-03-24,2025-04-06,13.1
P00524-L007,P00524,earned,2025-04-25,2025-05-01,5.6
P00524-L008,P00524,casual,2025-05-28,2025-06-18,21.7
P00524-L009,P00524,earned,2025-07-16,2025-07-23,6.1
P00524-L010,P00524,medical,2025-08-21,2025-09-05,14.8
P00524-L011,P00524,earned,2025-09-27,2025-10-02,4.7
P00524-L012,P00524,earned,2025-11-14,2025-11-26,11.4
P00524-L013,P00524,earned,2025-12-21,2025-12-25,4.3
P00524-L014,P00524,earned,2026-01-15,2026-01-20,4.9
P00524-L015,P00524,casual,2026-02-27,2026-03-10,10.9
P00524-L016,P00524,earned,2026-04-24,2026-05-02,7.9
P00524-L017,P00524,earned,2026-05-12,2026-05-14,1.8
P00524-L018,P00524,earned,2026-07-10,2026-07-18,7.1
P00524-L019,P00524,casual,2026-07-30,2026-08-11,12.5
P00525-L001,P00525,casual,2024-09-23,2024-10-06,12.3
P00525-L002,P00525,casual,2024-11-16,2024-11-24,7.2
P00525-L003,P00525,earned,2025-01-13,2025-01-21,8.0
P00525-L004,P00525,casual,2025-03-07,2025-03-25,17.9
P00525-L005,P00525,casual,2025-05-13,2025-05-18,4.8
P00525-L006,P00525,casual,2025-06-17,2025-07-03,16.4
P00525-L007,P00525,earned,2025-08-28,2025-09-08,10.7
P00525-L008,P00525,casual,2025-09-29,2025-10-11,11.9
P00525-L009,P00525,earned,2025-11-30,2025-12-08,7.5
P00525-L010,P00525,casual,2026-01-31,2026-02-16,15.7
P00525-L011,P00525,casual,2026-03-18,2026-04-07,19.8
P00525-L012,P00525,earned,2026-05-12,2026-05-28,16.1
P00525-L013,P00525,medical,2026-07-07,2026-07-19,11.6
P00526-L001,P00526,casual,2024-09-05,2024-09-19,14.6
P00526-L002,P00526,compensatory,2024-11-07,2024-11-10,3.3
P00526-L003,P00526,earned,2025-01-15,2025-01-25,10.4
P00526-L004,P00526,casual,2025-03-23,2025-03-27,3.3
P00526-L005,P00526,earned,2025-06-02,2025-06-23,20.7
P00526-L006,P00526,casual,2025-07-26,2025-08-08,13.1
P00526-L007,P00526,earned,2025-09-02,2025-09-06,3.9
P00526-L008,P00526,casual,2025-11-22,2025-12-09,16.5
P00526-L009,P00526,compensatory,2026-01-17,2026-01-25,7.7
P00526-L010,P00526,earned,2026-04-10,2026-04-19,9.0
P00526-L011,P00526,casual,2026-05-10,2026-05-19,9.2
P00526-L012,P00526,casual,2026-07-12,2026-07-25,12.9
P00527-L001,P00527,casual,2024-09-09,2024-09-25,15.7
P00527-L002,P00527,casual,2024-12-21,2024-12-31,10.2
P00527-L003,P00527,casual,2025-02-15,2025-02-27,11.9
P00527-L004,P00527,casual,2025-04-27,2025-05-02,4.5
P00527-L005,P00527,medical,2025-06-29,2025-07-02,3.2
P00527-L006,P00527,earned,2025-09-26,2025-10-09,13.2
P00527-L007,P00527,casual,2025-11-19,2025-11-29,10.8
P00527-L008,P00527,casual,2026-02-20,2026-02-28,8.4
P00527-L009,P00527,earned,2026-05-06,2026-05-25,18.9
P00527-L010,P00527,earned,2026-06-29,2026-07-11,11.6
P00528-L001,P00528,casual,2024-09-04,2024-09-13,8.8
P00528-L002,P00528,earned,2024-10-28,2024-11-01,3.8
P00528-L003,P00528,casual,2024-12-26,2025-01-05,10.3
P00528-L004,P00528,casual,2025-02-03,2025-02-15,11.2
P00528-L005,P00528,earned,2025-03-26,2025-04-01,6.1
P00528-L006,P00528,compensatory,2025-05-19,2025-06-08,20.3
P00528-L007,P00528,earned,2025-07-06,2025-07-12,6.2
P00528-L008,P00528,earned,2025-09-06,2025-09-15,8.9
P00528-L009,P00528,casual,2025-10-17,2025-10-22,5.3
P00528-L010,P00528,earned,2025-11-22,2025-11-28,6.9
P00528-L011,P00528,medical,2026-01-19,2026-02-02,14.8
P00528-L012,P00528,earned,2026-02-18,2026-03-02,12.1
P00528-L013,P00528,earned,2026-04-16,2026-04-27,11.5
P00528-L014,P00528,earned,2026-06-03,2026-06-18,15.7
P00528-L015,P00528,casual,2026-07-20,2026-07-26,5.8
P00529-L001,P00529,casual,2024-09-12,2024-09-21,9.2
P00529-L002,P00529,casual,2024-12-21,2024-12-29,8.0
P00529-L003,P00529,medical,2025-02-25,2025-03-11,13.5
P00529-L004,P00529,casual,2025-04-24,2025-05-11,17.0
P00529-L005,P00529,earned,2025-06-26,2025-07-13,17.2
P00529-L006,P00529,medical,2025-09-07,2025-09-16,9.0
P00529-L007,P00529,casual,2025-11-16,2025-11-20,4.4
P00529-L008,P00529,earned,2026-02-06,2026-02-11,5.3
P00529-L009,P00529,casual,2026-04-19,2026-04-24,5.9
P00529-L010,P00529,earned,2026-06-30,2026-07-08,8.4
P00530-L001,P00530,earned,2024-09-21,2024-09-27,6.2
P00530-L002,P00530,casual,2024-10-16,2024-10-20,4.1
P00530-L003,P00530,earned,2024-12-21,2024-12-29,7.7
P00530-L004,P00530,earned,2025-01-25,2025-02-07,12.3
P00530-L005,P00530,earned,2025-03-05,2025-03-11,6.1
P00530-L006,P00530,casual,2025-04-22,2025-05-07,15.4
P00530-L007,P00530,medical,2025-06-13,2025-06-16,2.8
P00530-L008,P00530,earned,2025-07-18,2025-07-29,10.9
P00530-L009,P00530,earned,2025-09-14,2025-10-08,23.2
P00530-L010,P00530,casual,2025-10-27,2025-11-10,13.4
P00530-L011,P00530,medical,2025-12-01,2025-12-07,6.0
P00530-L012,P00530,casual,2026-02-01,2026-02-19,17.5
P00530-L013,P00530,earned,2026-03-07,2026-03-17,10.2
P00530-L014,P00530,compensatory,2026-04-29,2026-05-09,10.5
P00530-L015,P00530,medical,2026-06-04,2026-06-13,9.9
P00530-L016,P00530,casual,2026-07-19,2026-07-29,10.2
P00531-L001,P00531,earned,2024-09-04,2024-09-14,9.2
P00531-L002,P00531,earned,2024-10-13,2024-10-21,8.2
P00531-L003,P00531,earned,2024-12-03,2024-12-08,4.7
P00531-L004,P00531,medical,2024-12-15,2024-12-24,9.4
P00531-L005,P00531,earned,2025-02-12,2025-02-16,3.8
P00531-L006,P00531,casual,2025-03-05,2025-03-16,11.3
P00531-L007,P00531,casual,2025-03-29,2025-04-01,3.4
P00531-L008,P00531,earned,2025-05-09,2025-05-13,3.9
P00531-L009,P00531,compensatory,2025-06-09,2025-06-13,3.9
P00531-L010,P00531,casual,2025-07-16,2025-07-25,9.3
P00531-L011,P00531,medical,2025-08-18,2025-08-30,12.1
P00531-L012,P00531,earned,2025-10-01,2025-10-10,9.2
P00531-L013,P00531,casual,2025-11-12,2025-11-17,5.6
P00531-L014,P00531,earned,2025-11-28,2025-12-04,5.8
P00531-L015,P00531,medical,2026-01-02,2026-01-13,10.9
P00531-L016,P00531,casual,2026-02-05,2026-02-22,17.0
P00531-L017,P00531,earned,2026-03-18,2026-03-25,7.6
P00531-L018,P00531,casual,2026-04-19,2026-04-23,4.9
P00531-L019,P00531,casual,2026-05-22,2026-05-25,3.3
P00531-L020,P00531,earned,2026-07-12,2026-07-16,4.5
P00531-L021,P00531,casual,2026-08-16,2026-08-22,5.8
P00532-L001,P00532,casual,2024-09-08,2024-09-21,13.3
P00532-L002,P00532,compensatory,2024-10-16,2024-10-26,9.5
P00532-L003,P00532,casual,2024-11-27,2024-12-16,19.8
P00532-L004,P00532,medical,2025-01-11,2025-01-26,14.9
P00532-L005,P00532,earned,2025-03-17,2025-03-22,5.0
P00532-L006,P00532,earned,2025-04-26,2025-05-12,15.4
P00532-L007,P00532,earned,2025-05-29,2025-06-12,13.7
P00532-L008,P00532,compensatory,2025-07-08,2025-07-20,12.7
P00532-L009,P00532,earned,2025-08-13,2025-08-21,8.1
P00532-L010,P00532,earned,2025-10-20,2025-10-27,6.6
P00532-L011,P00532,casual,2025-11-08,2025-11-17,9.5
P00532-L012,P00532,compensatory,2025-12-25,2026-01-08,14.9
P00532-L013,P00532,casual,2026-02-14,2026-02-25,11.9
P00532-L014,P00532,earned,2026-03-20,2026-04-06,16.9
P00532-L015,P00532,medical,2026-04-29,2026-05-05,6.6
P00532-L016,P00532,earned,2026-06-20,2026-06-28,8.2
P00532-L017,P00532,earned,2026-08-06,2026-08-19,13.0
P00533-L001,P00533,casual,2024-08-31,2024-09-16,16.0
P00533-L002,P00533,casual,2024-11-06,2024-11-20,14.2
P00533-L003,P00533,earned,2025-01-18,2025-01-29,10.9
P00533-L004,P00533,casual,2025-02-24,2025-03-03,6.9
P00533-L005,P00533,earned,2025-04-21,2025-05-04,12.7
P00533-L006,P00533,casual,2025-06-27,2025-07-06,8.8
P00533-L007,P00533,earned,2025-08-22,2025-08-29,7.3
P00533-L008,P00533,earned,2025-10-12,2025-10-28,15.8
P00533-L009,P00533,earned,2025-12-30,2026-01-05,6.6
P00533-L010,P00533,compensatory,2026-02-25,2026-03-05,8.3
P00533-L011,P00533,medical,2026-03-31,2026-04-11,11.0
P00533-L012,P00533,earned,2026-05-19,2026-05-31,12.4
P00533-L013,P00533,earned,2026-07-08,2026-08-06,29.7
P00534-L001,P00534,casual,2024-09-08,2024-09-19,10.8
P00534-L002,P00534,casual,2024-11-21,2024-11-27,6.6
P00534-L003,P00534,compensatory,2025-01-17,2025-01-22,5.8
P00534-L004,P00534,earned,2025-04-04,2025-04-12,7.9
P00534-L005,P00534,casual,2025-05-26,2025-06-01,6.1
P00534-L006,P00534,earned,2025-08-15,2025-08-29,14.5
P00534-L007,P00534,earned,2025-11-14,2025-11-23,9.8
P00534-L008,P00534,medical,2025-12-13,2025-12-21,7.8
P00534-L009,P00534,casual,2026-03-11,2026-03-18,7.2
P00534-L010,P00534,earned,2026-05-04,2026-05-14,10.0
P00534-L011,P00534,earned,2026-06-29,2026-07-12,12.6
P00535-L001,P00535,casual,2024-09-03,2024-09-14,10.9
P00535-L002,P00535,casual,2024-10-14,2024-10-15,1.7
P00535-L003,P00535,compensatory,2024-11-10,2024-11-18,7.9
P00535-L004,P00535,medical,2024-12-15,2024-12-18,2.8
P00535-L005,P00535,earned,2025-01-25,2025-02-04,9.6
P00535-L006,P00535,casual,2025-03-04,2025-03-08,3.9
P00535-L007,P00535,medical,2025-03-29,2025-04-15,17.3
P00535-L008,P00535,earned,2025-05-04,2025-05-15,10.4
P00535-L009,P00535,medical,2025-06-11,2025-06-12,1.3
P00535-L010,P00535,earned,2025-07-16,2025-07-29,13.2
P00535-L011,P00535,earned,2025-08-28,2025-09-06,9.8
P00535-L012,P00535,casual,2025-09-18,2025-09-26,8.3
P00535-L013,P00535,earned,2025-11-12,2025-11-22,10.0
P00535-L014,P00535,casual,2025-12-19,2025-12-25,5.4
P00535-L015,P00535,casual,2026-01-10,2026-01-21,10.9
P00535-L016,P00535,earned,2026-02-15,2026-02-17,2.2
P00535-L017,P00535,earned,2026-03-16,2026-03-26,9.9
P00535-L018,P00535,casual,2026-04-30,2026-05-12,12.1
P00535-L019,P00535,earned,2026-06-05,2026-06-12,7.5
P00535-L020,P00535,casual,2026-06-28,2026-06-30,2.2
P00535-L021,P00535,casual,2026-07-30,2026-08-09,9.9
P00536-L001,P00536,earned,2024-09-09,2024-09-27,18.0
P00536-L002,P00536,casual,2024-10-22,2024-11-01,9.4
P00536-L003,P00536,casual,2024-12-22,2024-12-28,6.1
P00536-L004,P00536,casual,2025-01-25,2025-02-05,11.2
P00536-L005,P00536,earned,2025-03-15,2025-03-23,7.7
P00536-L006,P00536,earned,2025-05-08,2025-05-25,17.6
P00536-L007,P00536,earned,2025-06-29,2025-07-03,4.9
P00536-L008,P00536,earned,2025-08-08,2025-08-16,8.3
P00536-L009,P00536,casual,2025-10-01,2025-10-10,9.2
P00536-L010,P00536,earned,2025-11-20,2025-11-29,9.2
P00536-L011,P00536,earned,2026-01-01,2026-01-10,9.3
P00536-L012,P00536,medical,2026-02-20,2026-03-01,9.1
P00536-L013,P00536,casual,2026-04-18,2026-05-05,17.4
P00536-L014,P00536,medical,2026-06-01,2026-06-04,3.7
P00536-L015,P00536,earned,2026-08-01,2026-08-18,17.4
P00537-L001,P00537,casual,2024-09-03,2024-09-16,12.5
P00537-L002,P00537,casual,2024-12-05,2024-12-14,9.5
P00537-L003,P00537,medical,2025-02-03,2025-02-18,15.6
P00537-L004,P00537,earned,2025-03-20,2025-03-26,6.0
P00537-L005,P00537,casual,2025-06-01,2025-06-08,6.3
P00537-L006,P00537,earned,2025-08-02,2025-08-14,11.8
P00537-L007,P00537,casual,2025-10-09,2025-10-31,21.8
P00537-L008,P00537,casual,2025-12-15,2026-01-02,18.3
P00537-L009,P00537,earned,2026-03-08,2026-03-16,7.3
P00537-L010,P00537,casual,2026-04-24,2026-05-16,21.4
P00537-L011,P00537,casual,2026-07-13,2026-07-28,14.7
P00538-L001,P00538,casual,2024-09-10,2024-09-25,15.1
P00538-L002,P00538,earned,2024-09-29,2024-10-02,2.2
P00538-L003,P00538,medical,2024-10-24,2024-11-01,8.3
P00538-L004,P00538,earned,2024-12-09,2024-12-15,5.4
P00538-L005,P00538,earned,2024-12-23,2025-01-01,9.0
P00538-L006,P00538,earned,2025-01-14,2025-01-19,4.7
P00538-L007,P00538,earned,2025-03-01,2025-03-04,2.9
P00538-L008,P00538,casual,2025-03-09,2025-03-12,2.8
P00538-L009,P00538,earned,2025-04-07,2025-04-17,9.6
P00538-L010,P00538,earned,2025-05-09,2025-05-11,2.1
P00538-L011,P00538,earned,2025-06-08,2025-06-12,4.0
P00538-L012,P00538,casual,2025-06-25,2025-07-05,10.6
P00538-L013,P00538,earned,2025-08-05,2025-08-11,6.0
P00538-L014,P00538,compensatory,2025-09-10,2025-09-12,2.7
P00538-L015,P00538,casual,2025-10-03,2025-10-05,2.3
P00538-L016,P00538,earned,2025-10-18,2025-10-24,5.8
P00538-L017,P00538,casual,2025-11-09,2025-11-20,10.4
P00538-L018,P00538,earned,2025-12-08,2025-12-14,5.1
P00538-L019,P00538,earned,2026-01-05,2026-01-12,6.2
P00538-L020,P00538,earned,2026-02-08,2026-02-14,6.2
P00538-L021,P00538,earned,2026-02-23,2026-03-06,10.3
P00538-L022,P00538,earned,2026-04-02,2026-04-09,7.2
P00538-L023,P00538,earned,2026-04-22,2026-04-24,2.3
P00538-L024,P00538,medical,2026-05-26,2026-06-03,8.6
P00538-L025,P00538,earned,2026-06-16,2026-06-21,4.7
P00538-L026,P00538,earned,2026-07-09,2026-07-15,6.0
P00538-L027,P00538,casual,2026-08-06,2026-08-18,11.3
P00539-L001,P00539,earned,2024-09-03,2024-09-14,11.3
P00539-L002,P00539,casual,2024-09-28,2024-10-07,9.3
P00539-L003,P00539,casual,2024-10-19,2024-10-22,2.4
P00539-L004,P00539,earned,2024-11-06,2024-11-13,6.7
P00539-L005,P00539,casual,2024-12-11,2024-12-13,1.9
P00539-L006,P00539,earned,2024-12-28,2025-01-04,6.9
P00539-L007,P00539,compensatory,2025-01-12,2025-01-22,9.2
P00539-L008,P00539,earned,2025-02-13,2025-02-18,5.4
P00539-L009,P00539,casual,2025-03-05,2025-03-09,3.8
P00539-L010,P00539,medical,2025-04-01,2025-04-04,2.9
P00539-L011,P00539,medical,2025-04-15,2025-04-23,7.9
P00539-L012,P00539,compensatory,2025-05-03,2025-05-09,6.3
P00539-L013,P00539,medical,2025-06-02,2025-06-06,3.9
P00539-L014,P00539,medical,2025-06-27,2025-06-30,3.7
P00539-L015,P00539,casual,2025-07-12,2025-07-13,1.0
P00539-L016,P00539,casual,2025-08-09,2025-08-13,4.3
P00539-L017,P00539,compensatory,2025-08-22,2025-08-24,1.9
P00539-L018,P00539,casual,2025-09-13,2025-09-18,5.0
P00539-L019,P00539,earned,2025-10-18,2025-10-22,3.9
P00539-L020,P00539,earned,2025-10-29,2025-11-01,2.9
P00539-L021,P00539,earned,2025-11-18,2025-11-24,6.6
P00539-L022,P00539,earned,2025-12-16,2025-12-21,5.0
P00539-L023,P00539,casual,2026-01-14,2026-01-19,4.3
P00539-L024,P00539,earned,2026-01-28,2026-01-30,2.8
P00539-L025,P00539,earned,2026-02-17,2026-02-20,2.7
P00539-L026,P00539,medical,2026-03-19,2026-03-23,3.9
P00539-L027,P00539,earned,2026-03-30,2026-04-09,9.7
P00539-L028,P00539,earned,2026-04-21,2026-04-28,7.1
P00539-L029,P00539,earned,2026-05-17,2026-05-20,2.6
P00539-L030,P00539,earned,2026-06-21,2026-06-22,1.6
P00539-L031,P00539,casual,2026-06-30,2026-07-03,3.3
P00539-L032,P00539,earned,2026-07-19,2026-07-24,4.4
P00539-L033,P00539,medical,2026-08-10,2026-08-20,10.4
P00540-L001,P00540,earned,2024-09-06,2024-09-14,7.5
P00540-L002,P00540,earned,2024-10-17,2024-11-02,15.5
P00540-L003,P00540,casual,2024-11-18,2024-11-21,3.3
P00540-L004,P00540,earned,2025-01-01,2025-01-04,2.9
P00540-L005,P00540,earned,2025-02-06,2025-02-13,7.1
P00540-L006,P00540,casual,2025-03-12,2025-03-19,7.9
P00540-L007,P00540,earned,2025-04-12,2025-04-20,7.6
P00540-L008,P00540,earned,2025-05-31,2025-06-07,7.5
P00540-L009,P00540,earned,2025-06-21,2025-06-27,5.4
P00540-L010,P00540,casual,2025-08-05,2025-08-14,9.5
P00540-L011,P00540,earned,2025-09-13,2025-09-23,9.4
P00540-L012,P00540,compensatory,2025-10-07,2025-10-13,6.2
P00540-L013,P00540,medical,2025-11-19,2025-11-26,6.9
P00540-L014,P00540,casual,2025-12-20,2025-12-27,7.0
P00540-L015,P00540,earned,2026-01-29,2026-02-06,8.0
P00540-L016,P00540,medical,2026-03-04,2026-03-22,18.1
P00540-L017,P00540,earned,2026-04-24,2026-04-30,5.5
P00540-L018,P00540,earned,2026-05-19,2026-05-25,5.5
P00540-L019,P00540,casual,2026-06-20,2026-06-26,6.2
P00540-L020,P00540,earned,2026-08-10,2026-08-16,6.2
P00541-L001,P00541,casual,2024-09-10,2024-09-14,3.7
P00541-L002,P00541,casual,2024-10-26,2024-11-06,11.4
P00541-L003,P00541,earned,2024-12-08,2024-12-13,4.4
P00541-L004,P00541,casual,2025-01-31,2025-02-04,4.0
P00541-L005,P00541,compensatory,2025-02-22,2025-02-25,3.3
P00541-L006,P00541,earned,2025-04-12,2025-04-19,6.5
P00541-L007,P00541,earned,2025-05-27,2025-06-02,6.2
P00541-L008,P00541,casual,2025-07-06,2025-07-15,9.3
P00541-L009,P00541,earned,2025-08-15,2025-08-21,6.1
P00541-L010,P00541,earned,2025-10-09,2025-10-19,10.0
P00541-L011,P00541,earned,2025-11-20,2025-11-25,5.3
P00541-L012,P00541,earned,2025-12-26,2026-01-05,9.7
P00541-L013,P00541,earned,2026-01-30,2026-02-05,6.1
P00541-L014,P00541,earned,2026-03-22,2026-03-24,2.0
P00541-L015,P00541,compensatory,2026-05-12,2026-05-15,2.7
P00541-L016,P00541,casual,2026-06-08,2026-06-15,7.2
P00541-L017,P00541,earned,2026-07-24,2026-08-03,9.9
P00542-L001,P00542,earned,2024-09-17,2024-10-02,14.7
P00542-L002,P00542,earned,2024-11-11,2024-11-16,4.7
P00542-L003,P00542,earned,2025-01-02,2025-01-13,11.1
P00542-L004,P00542,medical,2025-03-03,2025-03-18,14.7
P00542-L005,P00542,casual,2025-05-20,2025-05-28,8.3
P00542-L006,P00542,casual,2025-07-22,2025-08-06,15.1
P00542-L007,P00542,earned,2025-09-20,2025-09-25,5.1
P00542-L008,P00542,casual,2025-11-17,2025-11-24,7.2
P00542-L009,P00542,compensatory,2026-01-13,2026-01-27,14.2
P00542-L010,P00542,medical,2026-03-21,2026-03-27,5.2
P00542-L011,P00542,casual,2026-05-29,2026-06-13,14.6
P00542-L012,P00542,compensatory,2026-07-26,2026-08-09,13.9
P00543-L001,P00543,earned,2024-09-16,2024-09-28,12.7
P00543-L002,P00543,earned,2024-10-18,2024-10-22,4.3
P00543-L003,P00543,compensatory,2024-11-14,2024-11-29,15.1
P00543-L004,P00543,earned,2024-12-31,2025-01-07,7.2
P00543-L005,P00543,casual,2025-01-11,2025-01-23,11.5
P00543-L006,P00543,earned,2025-02-24,2025-03-04,8.2
P00543-L007,P00543,casual,2025-03-19,2025-03-25,6.0
P00543-L008,P00543,casual,2025-05-01,2025-05-07,5.1
P00543-L009,P00543,earned,2025-05-26,2025-05-29,3.1
P00543-L010,P00543,earned,2025-06-30,2025-07-12,11.6
P00543-L011,P00543,casual,2025-08-03,2025-08-13,10.1
P00543-L012,P00543,casual,2025-09-02,2025-09-09,6.8
P00543-L013,P00543,compensatory,2025-10-05,2025-10-11,5.3
P00543-L014,P00543,earned,2025-11-19,2025-11-26,6.8
P00543-L015,P00543,compensatory,2025-12-10,2025-12-17,7.0
P00543-L016,P00543,casual,2026-02-04,2026-02-11,7.6
P00543-L017,P00543,casual,2026-02-25,2026-03-05,8.2
P00543-L018,P00543,earned,2026-03-27,2026-04-09,12.3
P00543-L019,P00543,earned,2026-05-14,2026-05-18,4.0
P00543-L020,P00543,earned,2026-05-26,2026-06-01,5.7
P00543-L021,P00543,casual,2026-07-08,2026-07-18,9.5
P00543-L022,P00543,earned,2026-08-05,2026-08-17,12.2
P00544-L001,P00544,medical,2024-09-04,2024-09-20,16.1
P00544-L002,P00544,medical,2024-10-23,2024-10-31,8.3
P00544-L003,P00544,casual,2024-11-26,2024-12-02,6.4
P00544-L004,P00544,casual,2025-01-10,2025-01-22,12.4
P00544-L005,P00544,medical,2025-03-12,2025-03-24,11.8
P00544-L006,P00544,earned,2025-05-04,2025-05-11,7.7
P00544-L007,P00544,earned,2025-05-20,2025-06-07,18.0
P00544-L008,P00544,casual,2025-07-08,2025-07-13,5.6
P00544-L009,P00544,casual,2025-08-23,2025-09-04,12.5
P00544-L010,P00544,casual,2025-09-24,2025-10-08,13.4
P00544-L011,P00544,earned,2025-11-08,2025-11-19,11.2
P00544-L012,P00544,medical,2025-12-31,2026-01-18,17.3
P00544-L013,P00544,earned,2026-02-05,2026-02-16,11.1
P00544-L014,P00544,medical,2026-04-04,2026-04-10,6.8
P00544-L015,P00544,casual,2026-04-26,2026-05-02,6.8
P00544-L016,P00544,earned,2026-06-07,2026-06-11,4.2
P00544-L017,P00544,earned,2026-08-11,2026-08-16,4.6
P00545-L001,P00545,earned,2024-09-04,2024-09-07,3.1
P00545-L002,P00545,earned,2024-10-20,2024-10-24,4.5
P00545-L003,P00545,earned,2024-10-31,2024-11-09,8.8
P00545-L004,P00545,medical,2024-12-09,2024-12-15,6.4
P00545-L005,P00545,casual,2025-01-07,2025-01-13,6.4
P00545-L006,P00545,casual,2025-02-05,2025-02-11,6.5
P00545-L007,P00545,earned,2025-03-04,2025-03-21,16.1
P00545-L008,P00545,casual,2025-04-14,2025-04-20,6.0
P00545-L009,P00545,earned,2025-05-03,2025-05-24,20.6
P00545-L010,P00545,earned,2025-06-14,2025-06-21,6.7
P00545-L011,P00545,medical,2025-07-02,2025-07-08,6.6
P00545-L012,P00545,earned,2025-08-17,2025-08-24,7.3
P00545-L013,P00545,earned,2025-09-12,2025-09-23,11.0
P00545-L014,P00545,medical,2025-10-12,2025-10-20,8.1
P00545-L015,P00545,medical,2025-11-12,2025-11-17,5.3
P00545-L016,P00545,earned,2025-12-05,2025-12-08,2.2
P00545-L017,P00545,earned,2026-01-13,2026-01-22,8.8
P00545-L018,P00545,casual,2026-02-12,2026-02-18,6.2
P00545-L019,P00545,casual,2026-03-18,2026-03-20,2.7
P00545-L020,P00545,earned,2026-04-20,2026-04-24,4.0
P00545-L021,P00545,earned,2026-05-07,2026-05-18,10.2
P00545-L022,P00545,medical,2026-06-03,2026-06-09,6.1
P00545-L023,P00545,casual,2026-07-13,2026-07-19,6.0
P00545-L024,P00545,earned,2026-08-21,2026-08-25,4.1
P00546-L001,P00546,casual,2024-09-14,2024-09-17,2.6
P00546-L002,P00546,earned,2024-11-08,2024-11-17,8.9
P00546-L003,P00546,medical,2024-12-18,2024-12-31,12.7
P00546-L004,P00546,earned,2025-02-07,2025-02-14,7.0
P00546-L005,P00546,casual,2025-03-30,2025-04-12,13.1
P00546-L006,P00546,earned,2025-06-05,2025-06-10,4.9
P00546-L007,P00546,earned,2025-06-24,2025-07-03,8.7
P00546-L008,P00546,casual,2025-08-20,2025-08-25,5.6
P00546-L009,P00546,medical,2025-10-07,2025-10-14,7.2
P00546-L010,P00546,casual,2025-11-17,2025-11-24,6.9
P00546-L011,P00546,medical,2026-01-03,2026-01-10,7.0
P00546-L012,P00546,earned,2026-02-27,2026-03-13,14.4
P00546-L013,P00546,earned,2026-04-21,2026-04-30,8.7
P00546-L014,P00546,medical,2026-06-08,2026-06-16,8.1
P00546-L015,P00546,casual,2026-07-14,2026-07-23,8.9
P00547-L001,P00547,earned,2024-09-07,2024-09-17,10.2
P00547-L002,P00547,earned,2024-10-19,2024-10-25,6.3
P00547-L003,P00547,earned,2024-12-01,2024-12-18,17.8
P00547-L004,P00547,casual,2025-01-16,2025-01-27,11.0
P00547-L005,P00547,earned,2025-03-13,2025-03-21,7.7
P00547-L006,P00547,earned,2025-04-27,2025-05-02,4.7
P00547-L007,P00547,earned,2025-06-13,2025-06-19,6.7
P00547-L008,P00547,earned,2025-07-30,2025-08-06,7.2
P00547-L009,P00547,casual,2025-09-01,2025-09-12,11.0
P00547-L010,P00547,casual,2025-11-04,2025-11-10,6.0
P00547-L011,P00547,earned,2025-12-06,2025-12-15,9.0
P00547-L012,P00547,casual,2026-01-25,2026-02-02,7.9
P00547-L013,P00547,earned,2026-03-08,2026-03-19,10.6
P00547-L014,P00547,earned,2026-04-18,2026-05-04,16.0
P00547-L015,P00547,casual,2026-06-08,2026-06-26,17.3
P00547-L016,P00547,casual,2026-08-01,2026-08-13,12.0
P00548-L001,P00548,earned,2024-09-05,2024-09-20,14.8
P00548-L002,P00548,earned,2024-11-07,2024-11-18,10.8
P00548-L003,P00548,casual,2025-01-01,2025-01-13,12.1
P00548-L004,P00548,earned,2025-03-11,2025-03-17,5.9
P00548-L005,P00548,earned,2025-04-12,2025-04-20,8.3
P00548-L006,P00548,casual,2025-06-02,2025-06-11,9.9
P00548-L007,P00548,casual,2025-07-14,2025-07-30,16.3
P00548-L008,P00548,casual,2025-09-04,2025-09-11,6.9
P00548-L009,P00548,casual,2025-11-04,2025-11-15,10.4
P00548-L010,P00548,earned,2026-01-06,2026-01-16,9.9
P00548-L011,P00548,casual,2026-02-12,2026-03-13,29.0
P00548-L012,P00548,earned,2026-04-10,2026-04-24,13.4
P00548-L013,P00548,earned,2026-06-07,2026-06-25,18.1
P00548-L014,P00548,earned,2026-08-14,2026-08-27,13.7
P00549-L001,P00549,medical,2024-09-07,2024-09-24,17.2
P00549-L002,P00549,casual,2024-10-28,2024-11-02,5.6
P00549-L003,P00549,earned,2024-12-25,2025-01-03,9.8
P00549-L004,P00549,earned,2025-02-26,2025-03-04,6.2
P00549-L005,P00549,earned,2025-03-26,2025-04-03,8.0
P00549-L006,P00549,earned,2025-05-11,2025-05-20,8.3
P00549-L007,P00549,compensatory,2025-07-18,2025-07-28,10.2
P00549-L008,P00549,casual,2025-08-20,2025-09-05,15.8
P00549-L009,P00549,earned,2025-10-11,2025-10-12,1.3
P00549-L010,P00549,earned,2025-11-30,2025-12-11,11.2
P00549-L011,P00549,casual,2026-01-12,2026-01-17,4.8
P00549-L012,P00549,earned,2026-02-23,2026-03-05,9.3
P00549-L013,P00549,casual,2026-04-28,2026-05-06,8.0
P00549-L014,P00549,earned,2026-06-27,2026-07-08,11.1
P00549-L015,P00549,earned,2026-07-29,2026-08-03,4.8
P00550-L001,P00550,earned,2024-09-16,2024-09-28,12.3
P00550-L002,P00550,compensatory,2024-10-31,2024-11-12,12.2
P00550-L003,P00550,casual,2024-12-31,2025-01-03,2.5
P00550-L004,P00550,casual,2025-02-14,2025-02-18,4.2
P00550-L005,P00550,compensatory,2025-04-12,2025-04-16,4.4
P00550-L006,P00550,earned,2025-05-05,2025-05-23,17.8
P00550-L007,P00550,earned,2025-07-09,2025-07-25,15.1
P00550-L008,P00550,earned,2025-08-21,2025-09-02,11.8
P00550-L009,P00550,medical,2025-10-07,2025-10-19,11.8
P00550-L010,P00550,earned,2025-11-13,2025-12-05,22.2
P00550-L011,P00550,earned,2026-02-03,2026-02-11,7.9
P00550-L012,P00550,earned,2026-03-03,2026-03-11,8.3
P00550-L013,P00550,earned,2026-04-08,2026-04-23,15.0
P00550-L014,P00550,earned,2026-06-09,2026-06-16,7.6
P00550-L015,P00550,casual,2026-07-31,2026-08-09,9.5
P00551-L001,P00551,earned,2024-09-02,2024-09-05,3.8
P00551-L002,P00551,earned,2024-10-08,2024-10-13,5.4
P00551-L003,P00551,medical,2024-11-26,2024-12-06,10.1
P00551-L004,P00551,earned,2024-12-19,2024-12-30,11.8
P00551-L005,P00551,earned,2025-01-24,2025-01-30,5.8
P00551-L006,P00551,casual,2025-03-16,2025-03-26,9.9
P00551-L007,P00551,earned,2025-04-20,2025-04-30,9.7
P00551-L008,P00551,medical,2025-05-21,2025-06-02,11.5
P00551-L009,P00551,casual,2025-06-30,2025-07-10,10.4
P00551-L010,P00551,casual,2025-08-02,2025-08-13,10.6
P00551-L011,P00551,earned,2025-09-20,2025-09-24,3.6
P00551-L012,P00551,earned,2025-10-10,2025-10-13,2.7
P00551-L013,P00551,casual,2025-11-22,2025-11-30,8.4
P00551-L014,P00551,earned,2025-12-23,2026-01-03,11.6
P00551-L015,P00551,casual,2026-02-09,2026-02-12,3.1
P00551-L016,P00551,earned,2026-03-21,2026-03-24,3.1
P00551-L017,P00551,casual,2026-04-25,2026-04-30,4.9
P00551-L018,P00551,casual,2026-05-24,2026-06-02,9.2
P00551-L019,P00551,earned,2026-06-27,2026-06-30,3.1
P00551-L020,P00551,medical,2026-07-30,2026-08-03,4.2
P00552-L001,P00552,casual,2024-09-09,2024-09-14,5.2
P00552-L002,P00552,earned,2024-10-04,2024-10-12,7.8
P00552-L003,P00552,casual,2024-11-08,2024-11-16,8.5
P00552-L004,P00552,casual,2024-12-09,2024-12-26,16.8
P00552-L005,P00552,casual,2025-01-23,2025-01-28,4.9
P00552-L006,P00552,casual,2025-02-20,2025-02-27,7.0
P00552-L007,P00552,casual,2025-03-20,2025-04-01,12.6
P00552-L008,P00552,earned,2025-04-14,2025-04-21,6.9
P00552-L009,P00552,casual,2025-05-15,2025-05-20,5.6
P00552-L010,P00552,casual,2025-06-24,2025-06-29,5.5
P00552-L011,P00552,earned,2025-07-26,2025-08-05,9.9
P00552-L012,P00552,medical,2025-08-18,2025-08-25,6.6
P00552-L013,P00552,earned,2025-09-17,2025-09-20,2.9
P00552-L014,P00552,medical,2025-10-22,2025-10-28,6.0
P00552-L015,P00552,casual,2025-12-06,2025-12-08,2.5
P00552-L016,P00552,casual,2026-01-07,2026-01-13,6.1
P00552-L017,P00552,compensatory,2026-02-07,2026-02-16,9.0
P00552-L018,P00552,earned,2026-02-23,2026-03-02,7.1
P00552-L019,P00552,casual,2026-03-30,2026-04-02,3.1
P00552-L020,P00552,casual,2026-05-02,2026-05-06,3.7
P00552-L021,P00552,earned,2026-06-16,2026-06-18,2.3
P00552-L022,P00552,earned,2026-07-20,2026-07-25,5.4
P00552-L023,P00552,medical,2026-08-11,2026-08-23,12.0
P00553-L001,P00553,medical,2024-09-02,2024-09-06,3.8
P00553-L002,P00553,casual,2024-10-11,2024-10-21,9.9
P00553-L003,P00553,earned,2024-11-02,2024-11-08,6.3
P00553-L004,P00553,earned,2024-12-17,2024-12-20,2.7
P00553-L005,P00553,medical,2025-01-06,2025-01-08,1.5
P00553-L006,P00553,casual,2025-02-18,2025-02-24,6.0
P00553-L007,P00553,medical,2025-03-04,2025-03-10,6.3
P00553-L008,P00553,casual,2025-04-02,2025-04-08,5.8
P00553-L009,P00553,earned,2025-05-03,2025-05-07,4.6
P00553-L010,P00553,casual,2025-06-08,2025-06-14,5.9
P00553-L011,P00553,earned,2025-07-04,2025-07-11,6.5
P00553-L012,P00553,earned,2025-08-10,2025-08-18,7.5
P00553-L013,P00553,casual,2025-09-03,2025-09-20,17.4
P00553-L014,P00553,earned,2025-10-03,2025-10-04,1.4
P00553-L015,P00553,earned,2025-11-08,2025-11-18,10.2
P00553-L016,P00553,earned,2025-12-01,2025-12-05,3.4
P00553-L017,P00553,earned,2026-01-02,2026-01-10,7.7
P00553-L018,P00553,earned,2026-02-10,2026-02-20,9.7
P00553-L019,P00553,earned,2026-03-07,2026-03-14,7.5
P00553-L020,P00553,earned,2026-04-07,2026-04-18,11.1
P00553-L021,P00553,compensatory,2026-05-10,2026-05-16,5.1
P00553-L022,P00553,earned,2026-06-11,2026-06-18,7.1
P00553-L023,P00553,earned,2026-07-14,2026-07-18,4.4
P00553-L024,P00553,casual,2026-08-14,2026-08-18,3.7
P00554-L001,P00554,earned,2024-09-12,2024-09-20,8.2
P00554-L002,P00554,casual,2024-10-14,2024-10-30,15.9
P00554-L003,P00554,earned,2024-11-22,2024-11-30,8.1
P00554-L004,P00554,casual,2024-12-22,2024-12-29,6.8
P00554-L005,P00554,earned,2025-02-13,2025-02-16,3.9
P00554-L006,P00554,casual,2025-02-22,2025-03-03,8.1
P00554-L007,P00554,earned,2025-04-01,2025-04-11,10.6
P00554-L008,P00554,casual,2025-05-10,2025-05-16,6.2
P00554-L009,P00554,casual,2025-06-13,2025-06-25,11.6
P00554-L010,P00554,casual,2025-07-25,2025-07-28,3.2
P00554-L011,P00554,earned,2025-08-16,2025-08-22,5.4
P00554-L012,P00554,casual,2025-10-05,2025-10-15,9.4
P00554-L013,P00554,earned,2025-11-06,2025-11-17,10.0
P00554-L014,P00554,casual,2025-11-26,2025-12-01,4.0
P00554-L015,P00554,casual,2026-01-17,2026-02-02,15.8
P00554-L016,P00554,medical,2026-02-20,2026-02-25,4.3
P00554-L017,P00554,earned,2026-03-15,2026-03-19,3.5
P00554-L018,P00554,casual,2026-04-17,2026-04-25,8.4
P00554-L019,P00554,compensatory,2026-06-05,2026-06-14,8.8
P00554-L020,P00554,casual,2026-07-07,2026-07-15,7.7
P00554-L021,P00554,casual,2026-08-19,2026-08-27,8.1
P00555-L001,P00555,earned,2024-09-12,2024-09-22,9.7
P00555-L002,P00555,casual,2024-10-06,2024-10-13,7.1
P00555-L003,P00555,earned,2024-11-11,2024-11-19,8.0
P00555-L004,P00555,casual,2024-12-20,2024-12-22,1.5
P00555-L005,P00555,casual,2025-01-20,2025-01-22,2.4
P00555-L006,P00555,casual,2025-02-25,2025-02-27,2.7
P00555-L007,P00555,earned,2025-03-28,2025-04-01,4.4
P00555-L008,P00555,earned,2025-05-04,2025-05-11,6.2
P00555-L009,P00555,earned,2025-06-15,2025-06-21,6.1
P00555-L010,P00555,casual,2025-07-17,2025-08-01,15.2
P00555-L011,P00555,compensatory,2025-08-15,2025-08-30,14.8
P00555-L012,P00555,medical,2025-09-21,2025-09-25,3.4
P00555-L013,P00555,casual,2025-11-10,2025-11-19,8.3
P00555-L014,P00555,compensatory,2025-12-01,2025-12-09,7.0
P00555-L015,P00555,earned,2026-01-13,2026-01-18,4.6
P00555-L016,P00555,compensatory,2026-02-07,2026-02-10,3.5
P00555-L017,P00555,earned,2026-03-17,2026-03-21,3.6
P00555-L018,P00555,earned,2026-05-07,2026-05-11,3.7
P00555-L019,P00555,earned,2026-05-20,2026-05-30,9.8
P00555-L020,P00555,casual,2026-06-27,2026-07-02,4.6
P00555-L021,P00555,earned,2026-08-03,2026-08-15,12.3
P00556-L001,P00556,medical,2024-09-24,2024-10-06,11.6
P00556-L002,P00556,casual,2024-10-29,2024-11-07,9.2
P00556-L003,P00556,medical,2024-12-19,2024-12-27,8.1
P00556-L004,P00556,earned,2025-01-16,2025-01-18,2.4
P00556-L005,P00556,casual,2025-03-25,2025-04-02,8.5
P00556-L006,P00556,earned,2025-04-29,2025-05-22,22.3
P00556-L007,P00556,earned,2025-06-23,2025-07-04,11.0
P00556-L008,P00556,earned,2025-07-24,2025-07-28,4.1
P00556-L009,P00556,earned,2025-09-03,2025-09-09,5.8
P00556-L010,P00556,casual,2025-11-15,2025-11-17,1.8
P00556-L011,P00556,casual,2025-12-19,2026-01-06,18.1
P00556-L012,P00556,earned,2026-01-16,2026-01-23,6.4
P00556-L013,P00556,earned,2026-04-02,2026-04-12,10.1
P00556-L014,P00556,medical,2026-05-01,2026-05-09,7.4
P00556-L015,P00556,earned,2026-06-13,2026-06-19,5.3
P00556-L016,P00556,casual,2026-07-19,2026-07-30,10.9
P00557-L001,P00557,earned,2024-09-28,2024-10-11,12.7
P00557-L002,P00557,earned,2024-11-24,2024-12-03,9.2
P00557-L003,P00557,earned,2025-02-17,2025-02-21,4.4
P00557-L004,P00557,earned,2025-04-10,2025-04-16,5.7
P00557-L005,P00557,compensatory,2025-06-12,2025-06-25,13.0
P00557-L006,P00557,earned,2025-09-16,2025-09-28,12.8
P00557-L007,P00557,earned,2025-10-18,2025-11-06,19.5
P00557-L008,P00557,earned,2026-01-16,2026-01-23,6.3
P00557-L009,P00557,earned,2026-03-18,2026-04-05,18.6
P00557-L010,P00557,casual,2026-05-01,2026-05-18,16.8
P00557-L011,P00557,casual,2026-06-27,2026-07-17,19.8
P00558-L001,P00558,compensatory,2024-09-06,2024-09-14,7.8
P00558-L002,P00558,earned,2024-11-13,2024-11-21,8.4
P00558-L003,P00558,earned,2024-12-26,2024-12-31,4.8
P00558-L004,P00558,earned,2025-02-24,2025-03-12,16.0
P00558-L005,P00558,medical,2025-04-17,2025-05-07,20.1
P00558-L006,P00558,medical,2025-06-15,2025-06-27,12.2
P00558-L007,P00558,earned,2025-08-23,2025-09-07,14.7
P00558-L008,P00558,medical,2025-10-27,2025-11-07,11.1
P00558-L009,P00558,earned,2025-12-05,2025-12-15,9.3
P00558-L010,P00558,earned,2026-02-08,2026-02-15,7.5
P00558-L011,P00558,earned,2026-04-10,2026-04-18,8.2
P00558-L012,P00558,compensatory,2026-05-15,2026-05-31,16.8
P00558-L013,P00558,earned,2026-07-18,2026-07-27,9.0
P00559-L001,P00559,earned,2024-09-19,2024-09-30,10.3
P00559-L002,P00559,earned,2024-12-19,2025-01-10,22.6
P00559-L003,P00559,casual,2025-05-09,2025-05-13,4.4
P00559-L004,P00559,casual,2025-08-25,2025-09-02,7.8
P00559-L005,P00559,casual,2025-11-04,2025-11-16,12.3
P00559-L006,P00559,casual,2026-04-05,2026-04-13,7.7
P00559-L007,P00559,earned,2026-06-10,2026-06-21,11.3
P00560-L001,P00560,casual,2024-09-19,2024-09-22,3.3
P00560-L002,P00560,earned,2024-10-13,2024-10-22,9.4
P00560-L003,P00560,earned,2024-12-01,2024-12-11,9.7
P00560-L004,P00560,casual,2025-01-22,2025-01-26,3.5
P00560-L005,P00560,earned,2025-02-08,2025-02-22,13.7
P00560-L006,P00560,medical,2025-03-21,2025-04-03,12.9
P00560-L007,P00560,earned,2025-05-01,2025-05-05,3.3
P00560-L008,P00560,earned,2025-06-02,2025-06-09,7.6
P00560-L009,P00560,earned,2025-07-11,2025-07-24,13.2
P00560-L010,P00560,casual,2025-08-19,2025-08-31,11.6
P00560-L011,P00560,medical,2025-09-26,2025-10-02,5.8
P00560-L012,P00560,medical,2025-10-30,2025-11-05,6.0
P00560-L013,P00560,casual,2025-12-08,2025-12-14,5.5
P00560-L014,P00560,casual,2026-01-20,2026-02-01,12.1
P00560-L015,P00560,compensatory,2026-02-25,2026-03-03,6.8
P00560-L016,P00560,medical,2026-04-21,2026-04-29,7.8
P00560-L017,P00560,earned,2026-05-16,2026-05-22,5.3
P00560-L018,P00560,earned,2026-06-19,2026-06-25,6.3
P00560-L019,P00560,earned,2026-08-06,2026-08-13,6.7
P00561-L001,P00561,casual,2024-09-01,2024-09-10,9.0
P00561-L002,P00561,medical,2024-10-15,2024-10-21,6.3
P00561-L003,P00561,earned,2024-12-16,2024-12-21,5.4
P00561-L004,P00561,earned,2025-01-12,2025-01-27,15.5
P00561-L005,P00561,earned,2025-02-24,2025-03-05,8.2
P00561-L006,P00561,casual,2025-03-27,2025-04-14,18.9
P00561-L007,P00561,earned,2025-05-22,2025-05-28,6.3
P00561-L008,P00561,earned,2025-06-16,2025-06-24,7.8
P00561-L009,P00561,earned,2025-07-26,2025-08-02,7.6
P00561-L010,P00561,earned,2025-09-17,2025-09-25,8.4
P00561-L011,P00561,casual,2025-10-20,2025-10-24,4.5
P00561-L012,P00561,earned,2025-11-27,2025-12-01,4.3
P00561-L013,P00561,casual,2026-01-05,2026-01-25,19.5
P00561-L014,P00561,casual,2026-02-22,2026-02-27,5.7
P00561-L015,P00561,compensatory,2026-03-28,2026-03-30,2.0
P00561-L016,P00561,earned,2026-05-11,2026-05-22,10.8
P00561-L017,P00561,earned,2026-06-28,2026-07-01,3.8
P00561-L018,P00561,casual,2026-07-25,2026-07-30,4.7
P00562-L001,P00562,casual,2024-09-10,2024-09-13,3.1
P00562-L002,P00562,earned,2024-09-30,2024-10-04,3.6
P00562-L003,P00562,earned,2024-11-09,2024-11-14,4.9
P00562-L004,P00562,medical,2024-12-13,2024-12-17,3.9
P00562-L005,P00562,earned,2024-12-24,2024-12-30,5.8
P00562-L006,P00562,casual,2025-01-21,2025-01-27,6.2
P00562-L007,P00562,earned,2025-02-23,2025-03-04,8.6
P00562-L008,P00562,casual,2025-03-16,2025-03-21,5.7
P00562-L009,P00562,casual,2025-04-22,2025-04-27,4.8
P00562-L010,P00562,medical,2025-05-30,2025-06-03,3.7
P00562-L011,P00562,earned,2025-06-11,2025-06-15,4.4
P00562-L012,P00562,earned,2025-07-09,2025-07-18,9.1
P00562-L013,P00562,earned,2025-08-18,2025-08-20,2.6
P00562-L014,P00562,casual,2025-09-14,2025-09-18,3.8
P00562-L015,P00562,casual,2025-10-03,2025-10-10,7.2
P00562-L016,P00562,earned,2025-11-15,2025-11-21,5.5
P00562-L017,P00562,earned,2025-12-07,2025-12-12,4.9
P00562-L018,P00562,medical,2026-01-03,2026-01-08,4.1
P00562-L019,P00562,compensatory,2026-01-31,2026-02-06,6.5
P00562-L020,P00562,casual,2026-02-21,2026-03-01,7.7
P00562-L021,P00562,casual,2026-03-30,2026-04-04,5.4
P00562-L022,P00562,earned,2026-04-23,2026-04-28,5.1
P00562-L023,P00562,compensatory,2026-05-16,2026-05-20,4.0
P00562-L024,P00562,earned,2026-06-27,2026-07-03,6.1
P00562-L025,P00562,earned,2026-07-17,2026-07-18,1.5
P00562-L026,P00562,earned,2026-08-15,2026-08-18,2.8
P00563-L001,P00563,earned,2024-09-08,2024-09-18,9.1
P00563-L002,P00563,casual,2024-10-13,2024-10-20,7.6
P00563-L003,P00563,earned,2024-11-17,2024-11-22,5.3
P00563-L004,P00563,casual,2025-01-19,2025-01-27,8.7
P00563-L005,P00563,casual,2025-02-13,2025-02-24,10.9
P00563-L006,P00563,earned,2025-03-18,2025-03-26,7.5
P00563-L007,P00563,earned,2025-04-19,2025-04-24,5.3
P00563-L008,P00563,earned,2025-05-28,2025-06-07,9.4
P00563-L009,P00563,casual,2025-07-07,2025-07-15,8.2
P00563-L010,P00563,earned,2025-08-20,2025-08-24,4.4
P00563-L011,P00563,casual,2025-09-20,2025-10-07,16.5
P00563-L012,P00563,earned,2025-11-02,2025-11-16,14.2
P00563-L013,P00563,casual,2025-12-18,2025-12-21,2.4
P00563-L014,P00563,earned,2026-01-21,2026-02-01,10.2
P00563-L015,P00563,earned,2026-02-28,2026-03-14,14.1
P00563-L016,P00563,earned,2026-04-09,2026-04-16,7.2
P00563-L017,P00563,casual,2026-05-17,2026-05-24,6.7
P00563-L018,P00563,medical,2026-06-16,2026-06-21,5.4
P00563-L019,P00563,earned,2026-07-26,2026-08-10,15.6
P00564-L001,P00564,medical,2024-09-06,2024-09-08,2.1
P00564-L002,P00564,casual,2024-10-11,2024-11-10,29.8
P00564-L003,P00564,compensatory,2024-11-22,2024-11-30,8.4
P00564-L004,P00564,casual,2025-01-26,2025-01-30,4.4
P00564-L005,P00564,medical,2025-02-23,2025-03-01,6.0
P00564-L006,P00564,earned,2025-03-22,2025-03-30,8.1
P00564-L007,P00564,medical,2025-05-08,2025-05-16,7.3
P00564-L008,P00564,casual,2025-06-11,2025-06-18,6.8
P00564-L009,P00564,casual,2025-07-26,2025-07-31,5.1
P00564-L010,P00564,compensatory,2025-09-07,2025-09-19,12.1
P00564-L011,P00564,earned,2025-10-15,2025-10-22,6.8
P00564-L012,P00564,earned,2025-11-22,2025-11-25,3.3
P00564-L013,P00564,medical,2026-01-15,2026-01-23,8.1
P00564-L014,P00564,casual,2026-03-10,2026-03-14,4.2
P00564-L015,P00564,earned,2026-04-01,2026-04-10,9.9
P00564-L016,P00564,earned,2026-05-05,2026-05-07,2.0
P00564-L017,P00564,earned,2026-06-20,2026-07-02,11.3
P00564-L018,P00564,casual,2026-07-25,2026-07-30,4.9
P00565-L001,P00565,earned,2024-09-03,2024-09-14,11.3
P00565-L002,P00565,earned,2024-10-16,2024-10-22,5.3
P00565-L003,P00565,earned,2024-11-22,2024-11-27,5.4
P00565-L004,P00565,casual,2025-01-06,2025-01-18,12.4
P00565-L005,P00565,earned,2025-02-11,2025-02-22,11.2
P00565-L006,P00565,earned,2025-04-15,2025-04-21,5.9
P00565-L007,P00565,casual,2025-05-03,2025-06-02,30.0
P00565-L008,P00565,earned,2025-06-30,2025-07-14,14.0
P00565-L009,P00565,earned,2025-08-04,2025-08-09,4.5
P00565-L010,P00565,medical,2025-09-03,2025-09-19,15.7
P00565-L011,P00565,casual,2025-10-31,2025-11-05,4.8
P00565-L012,P00565,earned,2025-12-09,2025-12-13,3.7
P00565-L013,P00565,earned,2026-01-04,2026-01-16,12.4
P00565-L014,P00565,earned,2026-02-25,2026-03-06,8.7
P00565-L015,P00565,casual,2026-03-23,2026-04-11,18.6
P00565-L016,P00565,casual,2026-05-18,2026-05-31,12.8
P00565-L017,P00565,casual,2026-06-19,2026-06-23,3.6
P00565-L018,P00565,earned,2026-07-23,2026-08-11,19.1
P00566-L001,P00566,medical,2024-09-05,2024-09-12,7.1
P00566-L002,P00566,earned,2024-11-19,2024-11-24,5.1
P00566-L003,P00566,casual,2025-01-30,2025-02-04,4.9
P00566-L004,P00566,casual,2025-02-26,2025-03-04,5.3
P00566-L005,P00566,medical,2025-05-13,2025-05-19,6.9
P00566-L006,P00566,earned,2025-06-25,2025-07-01,5.9
P00566-L007,P00566,earned,2025-08-07,2025-08-12,5.4
P00566-L008,P00566,medical,2025-10-07,2025-10-20,12.6
P00566-L009,P00566,earned,2025-12-01,2025-12-11,9.5
P00566-L010,P00566,earned,2026-02-14,2026-03-06,20.5
P00566-L011,P00566,earned,2026-03-18,2026-03-31,13.1
P00566-L012,P00566,earned,2026-06-17,2026-06-20,3.6
P00566-L013,P00566,earned,2026-07-17,2026-07-30,12.2
P00567-L001,P00567,casual,2024-09-15,2024-09-28,12.8
P00567-L002,P00567,casual,2024-11-17,2024-11-22,5.2
P00567-L003,P00567,casual,2024-12-29,2025-01-06,8.0
P00567-L004,P00567,compensatory,2025-02-18,2025-03-03,13.0
P00567-L005,P00567,casual,2025-04-15,2025-04-22,6.5
P00567-L006,P00567,medical,2025-07-09,2025-07-25,16.0
P00567-L007,P00567,earned,2025-08-03,2025-08-18,14.2
P00567-L008,P00567,earned,2025-10-02,2025-10-05,3.3
P00567-L009,P00567,earned,2025-12-25,2026-01-09,15.0
P00567-L010,P00567,casual,2026-02-08,2026-02-17,8.3
P00567-L011,P00567,medical,2026-03-29,2026-04-03,4.9
P00567-L012,P00567,compensatory,2026-05-16,2026-05-25,8.9
P00567-L013,P00567,medical,2026-07-06,2026-07-12,5.3
P00568-L001,P00568,compensatory,2024-08-31,2024-09-05,5.3
P00568-L002,P00568,casual,2024-10-01,2024-10-04,3.9
P00568-L003,P00568,casual,2024-11-08,2024-11-21,13.4
P00568-L004,P00568,casual,2024-12-22,2024-12-28,6.3
P00568-L005,P00568,casual,2025-01-07,2025-01-20,13.3
P00568-L006,P00568,earned,2025-02-11,2025-02-19,7.9
P00568-L007,P00568,earned,2025-03-04,2025-03-14,9.7
P00568-L008,P00568,casual,2025-04-05,2025-04-11,5.9
P00568-L009,P00568,earned,2025-05-13,2025-05-17,4.1
P00568-L010,P00568,earned,2025-06-16,2025-06-25,8.9
P00568-L011,P00568,earned,2025-07-09,2025-07-15,6.3
P00568-L012,P00568,earned,2025-08-02,2025-08-09,6.7
P00568-L013,P00568,medical,2025-08-31,2025-09-05,4.3
P00568-L014,P00568,medical,2025-10-01,2025-10-05,4.5
P00568-L015,P00568,medical,2025-11-07,2025-11-15,8.2
P00568-L016,P00568,medical,2025-12-13,2025-12-24,10.8
P00568-L017,P00568,earned,2026-01-03,2026-01-10,6.3
P00568-L018,P00568,earned,2026-02-01,2026-02-04,2.4
P00568-L019,P00568,earned,2026-03-07,2026-03-16,8.5
P00568-L020,P00568,casual,2026-04-16,2026-04-22,5.1
P00568-L021,P00568,earned,2026-05-05,2026-05-11,6.7
P00568-L022,P00568,casual,2026-06-11,2026-06-17,6.6
P00568-L023,P00568,casual,2026-07-07,2026-07-19,11.5
P00568-L024,P00568,earned,2026-08-06,2026-08-14,7.2
P00569-L001,P00569,earned,2024-09-18,2024-09-25,6.8
P00569-L002,P00569,earned,2024-10-25,2024-11-03,8.9
P00569-L003,P00569,earned,2025-01-05,2025-01-16,11.3
P00569-L004,P00569,earned,2025-02-26,2025-03-20,22.6
P00569-L005,P00569,casual,2025-03-28,2025-04-11,13.9
P00569-L006,P00569,earned,2025-05-23,2025-05-30,7.1
P00569-L007,P00569,medical,2025-07-16,2025-07-20,3.8
P00569-L008,P00569,casual,2025-09-09,2025-09-20,11.2
P00569-L009,P00569,casual,2025-10-28,2025-11-14,16.9
P00569-L010,P00569,casual,2025-12-24,2026-01-01,7.7
P00569-L011,P00569,earned,2026-02-07,2026-02-17,9.9
P00569-L012,P00569,earned,2026-04-12,2026-04-18,5.3
P00569-L013,P00569,earned,2026-06-09,2026-06-16,7.4
P00569-L014,P00569,earned,2026-07-23,2026-08-04,11.9
P00570-L001,P00570,casual,2024-09-04,2024-09-14,9.5
P00570-L002,P00570,earned,2024-10-09,2024-10-18,8.8
P00570-L003,P00570,compensatory,2024-11-17,2024-11-25,7.5
P00570-L004,P00570,earned,2025-01-06,2025-01-13,7.1
P00570-L005,P00570,casual,2025-02-09,2025-02-15,6.3
P00570-L006,P00570,casual,2025-03-04,2025-03-13,9.3
P00570-L007,P00570,earned,2025-04-27,2025-05-06,9.1
P00570-L008,P00570,casual,2025-05-14,2025-05-23,8.8
P00570-L009,P00570,earned,2025-06-30,2025-07-10,10.5
P00570-L010,P00570,earned,2025-08-05,2025-08-15,10.0
P00570-L011,P00570,earned,2025-09-22,2025-09-28,5.8
P00570-L012,P00570,earned,2025-10-27,2025-11-01,5.3
P00570-L013,P00570,casual,2025-12-13,2025-12-14,1.0
P00570-L014,P00570,earned,2026-01-04,2026-01-15,11.3
P00570-L015,P00570,compensatory,2026-02-12,2026-02-15,3.5
P00570-L016,P00570,casual,2026-03-18,2026-03-31,13.1
P00570-L017,P00570,casual,2026-04-16,2026-04-24,7.7
P00570-L018,P00570,earned,2026-05-16,2026-05-19,2.4
P00570-L019,P00570,casual,2026-06-22,2026-06-28,5.6
P00570-L020,P00570,earned,2026-08-16,2026-08-23,7.8
P00571-L001,P00571,compensatory,2024-09-05,2024-09-14,9.3
P00571-L002,P00571,compensatory,2024-10-07,2024-10-14,6.3
P00571-L003,P00571,casual,2024-11-14,2024-11-26,11.3
P00571-L004,P00571,earned,2024-12-22,2024-12-27,5.0
P00571-L005,P00571,casual,2025-01-18,2025-01-25,7.0
P00571-L006,P00571,earned,2025-02-28,2025-03-09,8.9
P00571-L007,P00571,casual,2025-04-05,2025-04-11,6.5
P00571-L008,P00571,earned,2025-05-03,2025-05-12,8.8
P00571-L009,P00571,earned,2025-06-18,2025-06-25,7.4
P00571-L010,P00571,earned,2025-07-14,2025-07-21,6.9
P00571-L011,P00571,compensatory,2025-08-20,2025-08-26,5.6
P00571-L012,P00571,medical,2025-09-20,2025-09-26,5.9
P00571-L013,P00571,compensatory,2025-10-29,2025-11-04,6.4
P00571-L014,P00571,medical,2025-12-05,2025-12-12,7.3
P00571-L015,P00571,casual,2026-01-06,2026-01-15,9.1
P00571-L016,P00571,earned,2026-02-05,2026-02-08,2.7
P00571-L017,P00571,casual,2026-03-16,2026-04-01,16.6
P00571-L018,P00571,medical,2026-04-20,2026-05-03,13.1
P00571-L019,P00571,earned,2026-06-08,2026-06-14,6.2
P00571-L020,P00571,earned,2026-06-25,2026-06-29,4.0
P00571-L021,P00571,earned,2026-08-01,2026-08-13,12.5
P00572-L001,P00572,earned,2024-09-27,2024-10-08,11.1
P00572-L002,P00572,earned,2024-12-15,2024-12-21,6.0
P00572-L003,P00572,compensatory,2025-04-08,2025-04-17,9.6
P00572-L004,P00572,earned,2025-07-12,2025-07-19,6.7
P00572-L005,P00572,casual,2025-12-28,2026-01-09,11.9
P00572-L006,P00572,casual,2026-02-22,2026-03-06,11.7
P00572-L007,P00572,earned,2026-05-23,2026-06-05,12.3
P00573-L001,P00573,earned,2024-09-23,2024-09-27,4.0
P00573-L002,P00573,casual,2024-12-01,2024-12-04,3.1
P00573-L003,P00573,medical,2024-12-22,2024-12-31,9.2
P00573-L004,P00573,casual,2025-02-10,2025-02-17,7.0
P00573-L005,P00573,casual,2025-04-06,2025-04-12,6.1
P00573-L006,P00573,earned,2025-05-25,2025-06-05,10.5
P00573-L007,P00573,casual,2025-07-25,2025-08-01,7.2
P00573-L008,P00573,earned,2025-09-26,2025-10-06,10.0
P00573-L009,P00573,earned,2025-11-20,2025-11-29,9.7
P00573-L010,P00573,casual,2025-12-14,2025-12-19,5.0
P00573-L011,P00573,earned,2026-02-13,2026-02-24,11.0
P00573-L012,P00573,casual,2026-04-06,2026-04-21,14.8
P00573-L013,P00573,earned,2026-06-18,2026-06-28,10.0
P00573-L014,P00573,medical,2026-07-14,2026-07-20,6.4
P00574-L001,P00574,medical,2024-09-14,2024-09-19,5.1
P00574-L002,P00574,earned,2024-10-24,2024-11-01,7.6
P00574-L003,P00574,casual,2024-11-20,2024-11-29,9.0
P00574-L004,P00574,earned,2024-12-26,2025-01-09,14.1
P00574-L005,P00574,earned,2025-01-30,2025-02-10,11.0
P00574-L006,P00574,casual,2025-03-03,2025-03-12,9.5
P00574-L007,P00574,earned,2025-04-19,2025-04-29,11.0
P00574-L008,P00574,earned,2025-05-31,2025-06-09,8.7
P00574-L009,P00574,medical,2025-06-29,2025-07-03,3.3
P00574-L010,P00574,earned,2025-07-28,2025-08-10,12.7
P00574-L011,P00574,casual,2025-09-18,2025-09-22,4.0
P00574-L012,P00574,earned,2025-10-07,2025-10-14,7.4
P00574-L013,P00574,earned,2025-11-12,2025-11-22,9.9
P00574-L014,P00574,medical,2025-12-22,2025-12-31,8.5
P00574-L015,P00574,earned,2026-01-30,2026-02-19,20.0
P00574-L016,P00574,casual,2026-03-17,2026-03-31,13.7
P00574-L017,P00574,casual,2026-04-30,2026-05-09,8.7
P00574-L018,P00574,earned,2026-06-05,2026-06-09,4.2
P00574-L019,P00574,earned,2026-07-10,2026-07-14,4.1
P00574-L020,P00574,earned,2026-08-20,2026-08-28,8.5
P00575-L001,P00575,medical,2024-09-06,2024-09-12,6.0
P00575-L002,P00575,earned,2024-10-09,2024-10-14,4.6
P00575-L003,P00575,earned,2024-10-23,2024-10-30,7.0
P00575-L004,P00575,casual,2024-11-15,2024-11-21,6.4
P00575-L005,P00575,earned,2024-12-15,2024-12-22,6.5
P00575-L006,P00575,earned,2025-01-05,2025-01-08,2.2
P00575-L007,P00575,earned,2025-02-01,2025-02-02,1.6
P00575-L008,P00575,medical,2025-03-03,2025-03-07,4.2
P00575-L009,P00575,earned,2025-03-22,2025-03-30,7.9
P00575-L010,P00575,earned,2025-04-23,2025-04-30,6.2
P00575-L011,P00575,casual,2025-05-21,2025-05-26,4.7
P00575-L012,P00575,casual,2025-06-11,2025-06-24,12.9
P00575-L013,P00575,casual,2025-07-01,2025-07-17,15.9
P00575-L014,P00575,medical,2025-07-31,2025-08-06,6.2
P00575-L015,P00575,casual,2025-08-19,2025-08-23,3.7
P00575-L016,P00575,compensatory,2025-09-23,2025-10-02,8.6
P00575-L017,P00575,casual,2025-10-14,2025-10-19,5.0
P00575-L018,P00575,medical,2025-11-08,2025-11-10,1.7
P00575-L019,P00575,casual,2025-12-08,2025-12-17,9.2
P00575-L020,P00575,medical,2025-12-29,2026-01-01,3.4
P00575-L021,P00575,medical,2026-01-19,2026-01-24,4.8
P00575-L022,P00575,earned,2026-02-22,2026-02-25,3.1
P00575-L023,P00575,earned,2026-03-16,2026-03-22,5.7
P00575-L024,P00575,casual,2026-04-09,2026-04-14,4.7
P00575-L025,P00575,earned,2026-05-04,2026-05-11,6.1
P00575-L026,P00575,casual,2026-05-25,2026-05-27,2.0
P00575-L027,P00575,casual,2026-06-25,2026-07-01,5.9
P00575-L028,P00575,casual,2026-07-23,2026-07-29,6.5
P00575-L029,P00575,casual,2026-08-10,2026-08-11,1.5
P00576-L001,P00576,casual,2024-09-11,2024-09-17,5.9
P00576-L002,P00576,casual,2024-10-19,2024-10-22,3.0
P00576-L003,P00576,compensatory,2024-11-28,2024-12-08,9.8
P00576-L004,P00576,earned,2025-01-19,2025-02-01,12.6
P00576-L005,P00576,earned,2025-02-24,2025-03-02,6.0
P00576-L006,P00576,medical,2025-04-20,2025-04-28,8.4
P00576-L007,P00576,casual,2025-05-22,2025-05-31,9.2
P00576-L008,P00576,earned,2025-06-28,2025-07-01,3.2
P00576-L009,P00576,earned,2025-08-10,2025-09-09,30.0
P00576-L010,P00576,earned,2025-09-29,2025-10-13,14.0
P00576-L011,P00576,medical,2025-11-09,2025-11-19,10.2
P00576-L012,P00576,earned,2025-12-25,2026-01-01,7.1
P00576-L013,P00576,casual,2026-02-16,2026-02-28,11.4
P00576-L014,P00576,earned,2026-03-28,2026-04-07,9.6
P00576-L015,P00576,earned,2026-05-13,2026-05-21,8.5
P00576-L016,P00576,earned,2026-06-17,2026-06-20,2.9
P00576-L017,P00576,casual,2026-07-21,2026-07-31,10.0
P00577-L001,P00577,casual,2024-09-06,2024-09-15,9.2
P00577-L002,P00577,casual,2024-11-06,2024-12-06,30.0
P00577-L003,P00577,casual,2025-01-16,2025-01-23,7.0
P00577-L004,P00577,earned,2025-02-17,2025-03-02,13.4
P00577-L005,P00577,casual,2025-04-16,2025-04-22,5.7
P00577-L006,P00577,medical,2025-06-24,2025-07-02,8.1
P00577-L007,P00577,earned,2025-08-21,2025-09-13,22.8
P00577-L008,P00577,earned,2025-10-08,2025-10-19,10.7
P00577-L009,P00577,earned,2025-12-13,2025-12-19,5.6
P00577-L010,P00577,medical,2026-01-24,2026-02-11,18.5
P00577-L011,P00577,casual,2026-03-24,2026-03-30,5.9
P00577-L012,P00577,casual,2026-05-25,2026-06-05,10.3
P00577-L013,P00577,earned,2026-07-07,2026-07-12,5.8
P00578-L001,P00578,casual,2024-09-25,2024-10-04,9.3
P00578-L002,P00578,earned,2024-11-22,2024-12-12,20.2
P00578-L003,P00578,earned,2025-01-26,2025-02-04,9.0
P00578-L004,P00578,earned,2025-04-27,2025-05-25,27.6
P00578-L005,P00578,medical,2025-07-23,2025-08-06,14.3
P00578-L006,P00578,earned,2025-09-24,2025-10-02,8.0
P00578-L007,P00578,earned,2025-11-24,2025-11-25,1.5
P00578-L008,P00578,compensatory,2026-02-17,2026-03-05,16.5
P00578-L009,P00578,earned,2026-05-08,2026-05-29,21.4
P00578-L010,P00578,casual,2026-06-26,2026-07-14,17.2
P00579-L001,P00579,casual,2024-09-01,2024-09-05,4.3
P00579-L002,P00579,casual,2024-11-12,2024-11-28,16.6
P00579-L003,P00579,earned,2024-12-08,2024-12-17,9.1
P00579-L004,P00579,medical,2025-02-05,2025-02-14,9.0
P00579-L005,P00579,casual,2025-03-16,2025-03-25,8.7
P00579-L006,P00579,casual,2025-04-25,2025-05-13,18.0
P00579-L007,P00579,casual,2025-06-20,2025-07-03,13.3
P00579-L008,P00579,casual,2025-07-20,2025-07-30,9.4
P00579-L009,P00579,earned,2025-09-21,2025-09-30,9.4
P00579-L010,P00579,casual,2025-11-12,2025-11-20,7.7
P00579-L011,P00579,earned,2025-12-10,2025-12-17,7.2
P00579-L012,P00579,earned,2026-02-15,2026-02-23,7.4
P00579-L013,P00579,earned,2026-03-03,2026-03-27,23.4
P00579-L014,P00579,medical,2026-04-27,2026-05-03,5.6
P00579-L015,P00579,casual,2026-06-12,2026-06-18,6.5
P00579-L016,P00579,earned,2026-08-11,2026-08-17,6.1
P00580-L001,P00580,earned,2024-09-10,2024-09-16,6.5
P00580-L002,P00580,medical,2024-10-18,2024-10-29,10.9
P00580-L003,P00580,earned,2024-11-26,2024-12-06,9.9
P00580-L004,P00580,casual,2025-01-21,2025-01-31,10.0
P00580-L005,P00580,medical,2025-02-21,2025-02-25,4.0
P00580-L006,P00580,earned,2025-04-14,2025-04-16,1.9
P00580-L007,P00580,medical,2025-05-17,2025-05-23,6.3
P00580-L008,P00580,earned,2025-07-06,2025-07-16,10.4
P00580-L009,P00580,earned,2025-08-16,2025-08-28,12.1
P00580-L010,P00580,earned,2025-09-22,2025-10-02,10.6
P00580-L011,P00580,compensatory,2025-11-07,2025-11-16,9.4
P00580-L012,P00580,earned,2025-12-23,2025-12-27,3.8
P00580-L013,P00580,earned,2026-02-13,2026-02-17,3.8
P00580-L014,P00580,earned,2026-03-15,2026-03-31,15.5
P00580-L015,P00580,earned,2026-05-10,2026-05-19,9.4
P00580-L016,P00580,earned,2026-06-15,2026-06-19,4.2
P00580-L017,P00580,casual,2026-08-02,2026-08-08,5.9
P00581-L001,P00581,earned,2024-09-10,2024-09-13,2.4
P00581-L002,P00581,earned,2024-10-16,2024-10-24,8.3
P00581-L003,P00581,medical,2024-12-08,2024-12-15,6.2
P00581-L004,P00581,earned,2024-12-31,2025-01-07,6.9
P00581-L005,P00581,casual,2025-02-22,2025-03-01,6.7
P00581-L006,P00581,casual,2025-03-20,2025-04-04,15.5
P00581-L007,P00581,earned,2025-05-15,2025-05-22,7.4
P00581-L008,P00581,earned,2025-06-10,2025-06-15,4.9
P00581-L009,P00581,earned,2025-07-16,2025-07-29,13.0
P00581-L010,P00581,medical,2025-09-09,2025-09-13,4.1
P00581-L011,P00581,earned,2025-09-28,2025-10-10,12.5
P00581-L012,P00581,earned,2025-10-31,2025-11-09,8.7
P00581-L013,P00581,earned,2025-12-24,2025-12-30,5.8
P00581-L014,P00581,earned,2026-01-29,2026-02-07,8.4
P00581-L015,P00581,casual,2026-03-07,2026-03-19,11.2
P00581-L016,P00581,casual,2026-04-23,2026-05-01,8.1
P00581-L017,P00581,casual,2026-05-25,2026-05-29,3.5
P00581-L018,P00581,earned,2026-06-19,2026-06-28,9.8
P00581-L019,P00581,earned,2026-08-03,2026-08-21,17.7
P00582-L001,P00582,casual,2024-09-16,2024-09-21,4.8
P00582-L002,P00582,casual,2024-11-23,2024-12-03,10.2
P00582-L003,P00582,earned,2025-02-14,2025-02-26,12.2
P00582-L004,P00582,compensatory,2025-06-16,2025-07-01,14.3
P00582-L005,P00582,earned,2025-08-06,2025-08-16,10.1
P00582-L006,P00582,earned,2025-11-14,2025-11-26,11.6
P00582-L007,P00582,earned,2026-01-04,2026-01-18,13.7
P00582-L008,P00582,earned,2026-04-05,2026-04-14,8.2
P00582-L009,P00582,earned,2026-06-16,2026-06-23,7.8
P00583-L001,P00583,casual,2024-09-07,2024-09-15,7.9
P00583-L002,P00583,earned,2024-10-13,2024-10-26,13.1
P00583-L003,P00583,earned,2024-11-23,2024-12-11,18.0
P00583-L004,P00583,casual,2025-01-11,2025-01-23,11.4
P00583-L005,P00583,casual,2025-03-04,2025-03-10,5.7
P00583-L006,P00583,earned,2025-03-23,2025-04-03,11.7
P00583-L007,P00583,earned,2025-05-16,2025-05-24,8.0
P00583-L008,P00583,medical,2025-06-30,2025-07-13,12.8
P00583-L009,P00583,casual,2025-07-26,2025-08-08,13.7
P00583-L010,P00583,earned,2025-09-12,2025-09-17,4.9
P00583-L011,P00583,earned,2025-11-06,2025-11-09,3.1
P00583-L012,P00583,medical,2025-11-23,2025-12-09,16.2
P00583-L013,P00583,casual,2026-01-11,2026-01-16,4.7
P00583-L014,P00583,medical,2026-03-02,2026-03-10,7.4
P00583-L015,P00583,earned,2026-04-18,2026-04-22,4.0
P00583-L016,P00583,casual,2026-05-10,2026-05-23,13.0
P00583-L017,P00583,casual,2026-06-13,2026-06-29,15.4
P00583-L018,P00583,compensatory,2026-07-29,2026-08-04,5.9
P00584-L001,P00584,earned,2024-09-19,2024-09-25,5.2
P00584-L002,P00584,casual,2024-11-01,2024-11-07,6.3
P00584-L003,P00584,earned,2024-12-06,2024-12-09,2.3
P00584-L004,P00584,earned,2025-01-23,2025-01-28,4.8
P00584-L005,P00584,casual,2025-03-24,2025-04-13,20.3
P00584-L006,P00584,earned,2025-04-27,2025-05-09,11.4
P00584-L007,P00584,earned,2025-06-12,2025-06-28,15.7
P00584-L008,P00584,medical,2025-07-25,2025-08-04,9.5
P00584-L009,P00584,earned,2025-09-22,2025-10-07,15.2
P00584-L010,P00584,casual,2025-10-24,2025-10-31,7.8
P00584-L011,P00584,earned,2025-12-13,2025-12-25,12.7
P00584-L012,P00584,medical,2026-01-17,2026-01-29,11.8
P00584-L013,P00584,earned,2026-03-14,2026-03-20,5.6
P00584-L014,P00584,earned,2026-04-20,2026-05-04,13.9
P00584-L015,P00584,earned,2026-06-03,2026-06-09,6.3
P00584-L016,P00584,casual,2026-07-24,2026-07-27,3.1
P00585-L001,P00585,earned,2024-09-20,2024-10-05,14.9
P00585-L002,P00585,casual,2024-11-08,2024-11-15,7.1
P00585-L003,P00585,earned,2024-12-16,2024-12-27,10.9
P00585-L004,P00585,earned,2025-02-12,2025-02-18,6.8
P00585-L005,P00585,earned,2025-04-02,2025-04-23,21.5
P00585-L006,P00585,casual,2025-06-08,2025-06-24,16.6
P00585-L007,P00585,casual,2025-07-28,2025-08-04,6.4
P00585-L008,P00585,casual,2025-09-25,2025-10-02,6.8
P00585-L009,P00585,medical,2025-11-09,2025-11-19,9.7
P00585-L010,P00585,casual,2026-01-10,2026-01-19,8.8
P00585-L011,P00585,earned,2026-02-04,2026-03-01,25.2
P00585-L012,P00585,casual,2026-03-29,2026-04-01,3.0
P00585-L013,P00585,earned,2026-05-21,2026-06-02,11.8
P00585-L014,P00585,compensatory,2026-07-25,2026-08-06,11.5
P00586-L001,P00586,casual,2024-09-10,2024-09-17,6.6
P00586-L002,P00586,earned,2025-01-05,2025-01-10,5.2
P00586-L003,P00586,earned,2025-02-15,2025-02-21,6.2
P00586-L004,P00586,earned,2025-06-14,2025-06-21,6.8
P00586-L005,P00586,casual,2025-08-04,2025-08-27,22.9
P00586-L006,P00586,earned,2025-10-11,2025-10-20,8.4
P00586-L007,P00586,earned,2026-02-01,2026-02-20,18.5
P00586-L008,P00586,earned,2026-04-15,2026-05-01,16.3
P00586-L009,P00586,earned,2026-07-14,2026-07-20,6.7
P00587-L001,P00587,earned,2024-10-10,2024-10-19,9.1
P00587-L002,P00587,earned,2024-11-12,2024-11-20,8.2
P00587-L003,P00587,earned,2024-12-15,2025-01-03,19.3
P00587-L004,P00587,medical,2025-02-12,2025-03-03,19.5
P00587-L005,P00587,earned,2025-04-02,2025-04-23,21.2
P00587-L006,P00587,earned,2025-06-06,2025-06-12,6.1
P00587-L007,P00587,medical,2025-07-16,2025-08-03,18.7
P00587-L008,P00587,medical,2025-09-14,2025-09-22,7.7
P00587-L009,P00587,casual,2025-11-05,2025-11-16,11.2
P00587-L010,P00587,earned,2026-01-12,2026-01-19,7.5
P00587-L011,P00587,casual,2026-02-04,2026-02-11,7.3
P00587-L012,P00587,casual,2026-03-29,2026-04-21,22.6
P00587-L013,P00587,earned,2026-06-02,2026-06-18,15.9
P00587-L014,P00587,earned,2026-07-22,2026-07-31,8.7
P00588-L001,P00588,casual,2024-10-04,2024-10-16,12.2
P00588-L002,P00588,medical,2024-11-28,2024-12-06,7.7
P00588-L003,P00588,earned,2025-01-04,2025-01-13,8.7
P00588-L004,P00588,earned,2025-02-19,2025-02-27,7.9
P00588-L005,P00588,medical,2025-04-25,2025-05-01,6.8
P00588-L006,P00588,earned,2025-07-03,2025-07-10,6.4
P00588-L007,P00588,earned,2025-09-03,2025-09-09,5.5
P00588-L008,P00588,earned,2025-10-06,2025-10-14,8.0
P00588-L009,P00588,medical,2025-11-25,2025-12-09,14.4
P00588-L010,P00588,compensatory,2026-02-18,2026-02-28,9.7
P00588-L011,P00588,earned,2026-03-24,2026-04-05,12.0
P00588-L012,P00588,casual,2026-06-03,2026-06-06,3.2
P00588-L013,P00588,earned,2026-07-22,2026-07-28,5.4
P00589-L001,P00589,casual,2024-09-16,2024-09-19,2.8
P00589-L002,P00589,medical,2024-10-27,2024-11-10,13.7
P00589-L003,P00589,medical,2025-01-06,2025-01-11,5.9
P00589-L004,P00589,earned,2025-02-19,2025-02-26,7.2
P00589-L005,P00589,medical,2025-04-22,2025-04-30,8.1
P00589-L006,P00589,earned,2025-06-12,2025-06-21,8.8
P00589-L007,P00589,earned,2025-08-22,2025-09-07,16.2
P00589-L008,P00589,casual,2025-10-12,2025-10-19,7.2
P00589-L009,P00589,earned,2025-11-28,2025-12-05,7.3
P00589-L010,P00589,medical,2026-01-25,2026-01-31,6.2
P00589-L011,P00589,earned,2026-03-23,2026-03-29,5.8
P00589-L012,P00589,earned,2026-05-29,2026-06-08,9.9
P00589-L013,P00589,earned,2026-07-18,2026-07-27,8.9
P00590-L001,P00590,medical,2024-09-18,2024-09-30,12.3
P00590-L002,P00590,medical,2024-10-15,2024-10-26,10.9
P00590-L003,P00590,casual,2024-12-03,2024-12-08,5.4
P00590-L004,P00590,earned,2025-01-28,2025-02-07,10.1
P00590-L005,P00590,casual,2025-02-21,2025-03-01,8.0
P00590-L006,P00590,earned,2025-04-13,2025-04-24,10.6
P00590-L007,P00590,earned,2025-05-20,2025-05-27,6.7
P00590-L008,P00590,earned,2025-07-17,2025-07-24,7.7
P00590-L009,P00590,casual,2025-08-15,2025-08-19,3.6
P00590-L010,P00590,casual,2025-10-09,2025-10-23,14.3
P00590-L011,P00590,casual,2025-11-21,2025-12-06,15.0
P00590-L012,P00590,earned,2025-12-25,2026-01-01,7.1
P00590-L013,P00590,casual,2026-02-22,2026-02-26,4.7
P00590-L014,P00590,casual,2026-03-15,2026-03-23,7.9
P00590-L015,P00590,casual,2026-05-20,2026-05-29,8.4
P00590-L016,P00590,earned,2026-06-22,2026-06-28,5.8
P00590-L017,P00590,earned,2026-08-03,2026-08-16,12.6
P00591-L001,P00591,earned,2024-09-07,2024-09-18,11.3
P00591-L002,P00591,earned,2024-11-08,2024-11-19,11.5
P00591-L003,P00591,compensatory,2025-01-15,2025-02-06,21.7
P00591-L004,P00591,earned,2025-03-27,2025-04-05,9.4
P00591-L005,P00591,casual,2025-06-13,2025-06-22,9.1
P00591-L006,P00591,earned,2025-07-30,2025-08-03,3.6
P00591-L007,P00591,casual,2025-10-17,2025-10-22,5.4
P00591-L008,P00591,earned,2025-12-13,2025-12-26,12.5
P00591-L009,P00591,casual,2026-03-10,2026-03-17,7.1
P00591-L010,P00591,earned,2026-04-30,2026-05-06,6.0
P00591-L011,P00591,casual,2026-06-30,2026-07-30,29.7
P00592-L001,P00592,earned,2024-09-03,2024-09-08,5.5
P00592-L002,P00592,earned,2024-10-10,2024-10-16,6.6
P00592-L003,P00592,medical,2024-11-04,2024-11-06,2.7
P00592-L004,P00592,medical,2024-12-10,2024-12-19,9.6
P00592-L005,P00592,casual,2024-12-30,2025-01-05,5.9
P00592-L006,P00592,medical,2025-01-25,2025-02-01,6.2
P00592-L007,P00592,medical,2025-02-24,2025-03-02,5.5
P00592-L008,P00592,earned,2025-03-28,2025-03-29,1.0
P00592-L009,P00592,casual,2025-05-04,2025-05-10,5.1
P00592-L010,P00592,earned,2025-05-22,2025-05-24,1.9
P00592-L011,P00592,earned,2025-06-26,2025-07-01,4.7
P00592-L012,P00592,earned,2025-07-23,2025-07-31,7.9
P00592-L013,P00592,earned,2025-08-19,2025-08-23,4.2
P00592-L014,P00592,earned,2025-09-30,2025-10-02,2.1
P00592-L015,P00592,earned,2025-10-16,2025-10-17,1.5
P00592-L016,P00592,earned,2025-11-15,2025-11-22,7.2
P00592-L017,P00592,compensatory,2025-12-18,2025-12-26,8.1
P00592-L018,P00592,medical,2026-01-22,2026-01-26,3.4
P00592-L019,P00592,earned,2026-02-09,2026-02-10,1.0
P00592-L020,P00592,medical,2026-03-23,2026-03-30,6.6
P00592-L021,P00592,earned,2026-04-12,2026-04-13,1.0
P00592-L022,P00592,casual,2026-05-12,2026-05-18,5.8
P00592-L023,P00592,earned,2026-06-21,2026-06-24,2.8
P00592-L024,P00592,casual,2026-07-17,2026-07-23,6.5
P00592-L025,P00592,earned,2026-08-16,2026-08-21,4.8
P00593-L001,P00593,earned,2024-09-22,2024-10-01,9.0
P00593-L002,P00593,casual,2024-11-23,2024-11-30,7.4
P00593-L003,P00593,casual,2024-12-13,2024-12-24,10.8
P00593-L004,P00593,medical,2025-03-04,2025-03-20,15.9
P00593-L005,P00593,medical,2025-03-29,2025-04-07,9.5
P00593-L006,P00593,earned,2025-05-29,2025-06-02,4.0
P00593-L007,P00593,casual,2025-07-24,2025-08-08,14.1
P00593-L008,P00593,earned,2025-09-15,2025-09-25,10.1
P00593-L009,P00593,casual,2025-11-07,2025-11-22,14.3
P00593-L010,P00593,casual,2025-12-22,2025-12-25,3.2
P00593-L011,P00593,earned,2026-02-08,2026-02-18,9.6
P00593-L012,P00593,compensatory,2026-04-01,2026-04-09,8.2
P00593-L013,P00593,casual,2026-05-31,2026-06-22,22.7
P00593-L014,P00593,medical,2026-07-13,2026-07-18,4.9
P00594-L001,P00594,casual,2024-09-08,2024-09-16,7.8
P00594-L002,P00594,earned,2024-11-02,2024-11-08,6.2
P00594-L003,P00594,casual,2024-12-25,2024-12-30,5.5
P00594-L004,P00594,compensatory,2025-02-26,2025-03-06,7.9
P00594-L005,P00594,earned,2025-04-03,2025-04-09,6.3
P00594-L006,P00594,earned,2025-06-21,2025-06-23,2.6
P00594-L007,P00594,casual,2025-07-21,2025-07-24,3.2
P00594-L008,P00594,casual,2025-09-14,2025-09-28,13.3
P00594-L009,P00594,casual,2025-11-02,2025-11-06,4.3
P00594-L010,P00594,earned,2026-01-12,2026-01-19,6.7
P00594-L011,P00594,casual,2026-02-26,2026-03-04,5.4
P00594-L012,P00594,earned,2026-04-16,2026-04-26,9.5
P00594-L013,P00594,earned,2026-06-30,2026-07-07,7.5
P00594-L014,P00594,casual,2026-07-27,2026-08-06,9.8
P00595-L001,P00595,casual,2024-09-08,2024-09-11,3.2
P00595-L002,P00595,casual,2024-11-10,2024-11-25,14.9
P00595-L003,P00595,earned,2025-01-22,2025-02-05,14.3
P00595-L004,P00595,casual,2025-03-26,2025-04-07,12.3
P00595-L005,P00595,medical,2025-06-12,2025-06-21,8.1
P00595-L006,P00595,casual,2025-08-11,2025-08-23,12.1
P00595-L007,P00595,compensatory,2025-11-04,2025-11-09,5.0
P00595-L008,P00595,earned,2025-12-18,2025-12-27,9.4
P00595-L009,P00595,earned,2026-02-13,2026-02-23,9.8
P00595-L010,P00595,compensatory,2026-05-31,2026-06-05,5.1
P00595-L011,P00595,earned,2026-07-26,2026-08-09,14.0
P00596-L001,P00596,casual,2024-09-02,2024-09-14,12.7
P00596-L002,P00596,casual,2024-10-04,2024-10-11,6.4
P00596-L003,P00596,medical,2024-11-10,2024-11-12,2.2
P00596-L004,P00596,earned,2024-12-19,2024-12-27,7.4
P00596-L005,P00596,casual,2025-01-10,2025-01-14,3.5
P00596-L006,P00596,earned,2025-02-01,2025-02-07,6.1
P00596-L007,P00596,earned,2025-03-21,2025-03-24,3.6
P00596-L008,P00596,medical,2025-04-12,2025-04-19,7.9
P00596-L009,P00596,earned,2025-05-14,2025-05-18,4.2
P00596-L010,P00596,casual,2025-06-02,2025-06-12,10.3
P00596-L011,P00596,earned,2025-07-03,2025-07-10,6.5
P00596-L012,P00596,compensatory,2025-08-08,2025-08-10,1.7
P00596-L013,P00596,earned,2025-09-01,2025-09-15,13.3
P00596-L014,P00596,casual,2025-10-21,2025-10-25,4.1
P00596-L015,P00596,earned,2025-11-08,2025-11-10,2.5
P00596-L016,P00596,earned,2025-12-07,2025-12-13,5.4
P00596-L017,P00596,earned,2026-01-07,2026-01-14,6.9
P00596-L018,P00596,earned,2026-01-31,2026-02-05,4.8
P00596-L019,P00596,medical,2026-03-15,2026-03-18,3.6
P00596-L020,P00596,earned,2026-04-13,2026-04-18,4.6
P00596-L021,P00596,earned,2026-05-24,2026-05-30,5.8
P00596-L022,P00596,earned,2026-06-02,2026-06-13,11.8
P00596-L023,P00596,earned,2026-07-03,2026-07-12,9.6
P00596-L024,P00596,casual,2026-08-04,2026-08-11,7.2
P00597-L001,P00597,earned,2024-09-01,2024-09-06,4.9
P00597-L002,P00597,compensatory,2024-09-28,2024-09-29,1.0
P00597-L003,P00597,earned,2024-11-02,2024-11-13,11.8
P00597-L004,P00597,casual,2024-11-20,2024-11-23,3.1
P00597-L005,P00597,casual,2024-12-24,2025-01-01,8.2
P00597-L006,P00597,earned,2025-01-22,2025-01-30,7.7
P00597-L007,P00597,casual,2025-02-22,2025-02-27,5.4
P00597-L008,P00597,casual,2025-03-20,2025-03-27,6.5
P00597-L009,P00597,casual,2025-04-22,2025-04-29,6.5
P00597-L010,P00597,casual,2025-05-02,2025-05-08,6.8
P00597-L011,P00597,earned,2025-06-03,2025-06-09,6.4
P00597-L012,P00597,casual,2025-06-26,2025-07-04,8.0
P00597-L013,P00597,compensatory,2025-07-22,2025-07-29,6.2
P00597-L014,P00597,earned,2025-08-20,2025-08-26,6.7
P00597-L015,P00597,casual,2025-09-17,2025-09-22,4.6
P00597-L016,P00597,compensatory,2025-10-16,2025-10-22,6.6
P00597-L017,P00597,casual,2025-11-10,2025-11-15,5.4
P00597-L018,P00597,medical,2025-12-10,2025-12-13,3.1
P00597-L019,P00597,casual,2026-01-06,2026-01-09,3.5
P00597-L020,P00597,earned,2026-02-04,2026-02-08,3.8
P00597-L021,P00597,compensatory,2026-02-25,2026-02-26,1.0
P00597-L022,P00597,earned,2026-03-22,2026-03-27,4.4
P00597-L023,P00597,earned,2026-04-18,2026-04-20,1.5
P00597-L024,P00597,earned,2026-05-25,2026-06-05,11.4
P00597-L025,P00597,medical,2026-06-13,2026-06-19,6.3
P00597-L026,P00597,casual,2026-07-10,2026-07-14,3.3
P00597-L027,P00597,medical,2026-08-18,2026-08-25,6.3
P00598-L001,P00598,earned,2024-09-02,2024-09-14,12.0
P00598-L002,P00598,earned,2024-10-29,2024-11-06,7.9
P00598-L003,P00598,casual,2024-12-09,2024-12-24,14.7
P00598-L004,P00598,earned,2025-01-25,2025-01-31,6.1
P00598-L005,P00598,compensatory,2025-03-16,2025-03-24,7.8
P00598-L006,P00598,casual,2025-05-29,2025-06-05,7.2
P00598-L007,P00598,casual,2025-07-03,2025-07-13,10.0
P00598-L008,P00598,earned,2025-08-15,2025-08-25,9.8
P00598-L009,P00598,compensatory,2025-10-10,2025-10-13,3.2
P00598-L010,P00598,medical,2025-11-19,2025-11-27,8.8
P00598-L011,P00598,casual,2026-01-06,2026-01-21,14.5
P00598-L012,P00598,compensatory,2026-03-10,2026-03-20,9.2
P00598-L013,P00598,earned,2026-05-07,2026-05-14,7.0
P00598-L014,P00598,earned,2026-06-01,2026-06-11,9.2
P00598-L015,P00598,medical,2026-07-16,2026-08-01,15.8
P00599-L001,P00599,earned,2024-09-23,2024-09-26,2.8
P00599-L002,P00599,earned,2024-10-07,2024-10-23,15.8
P00599-L003,P00599,casual,2024-11-20,2024-11-26,6.5
P00599-L004,P00599,earned,2024-12-06,2024-12-11,4.8
P00599-L005,P00599,casual,2025-01-16,2025-01-23,7.3
P00599-L006,P00599,casual,2025-02-23,2025-02-26,3.1
P00599-L007,P00599,casual,2025-03-25,2025-04-03,9.5
P00599-L008,P00599,earned,2025-04-14,2025-04-24,9.8
P00599-L009,P00599,casual,2025-05-16,2025-05-20,4.2
P00599-L010,P00599,medical,2025-06-17,2025-06-21,4.7
P00599-L011,P00599,casual,2025-08-08,2025-08-09,1.2
P00599-L012,P00599,earned,2025-08-19,2025-08-23,4.0
P00599-L013,P00599,compensatory,2025-09-20,2025-10-12,21.8
P00599-L014,P00599,earned,2025-10-27,2025-11-01,5.0
P00599-L015,P00599,casual,2025-11-28,2025-12-04,5.6
P00599-L016,P00599,medical,2025-12-27,2026-01-09,12.8
P00599-L017,P00599,earned,2026-01-22,2026-02-01,10.4
P00599-L018,P00599,earned,2026-02-22,2026-03-02,7.8
P00599-L019,P00599,casual,2026-04-01,2026-04-11,9.9
P00599-L020,P00599,earned,2026-04-28,2026-05-03,4.3
P00599-L021,P00599,earned,2026-05-31,2026-06-07,7.1
P00599-L022,P00599,casual,2026-07-15,2026-07-23,7.6
P00599-L023,P00599,casual,2026-08-03,2026-08-07,3.7
P00600-L001,P00600,casual,2024-10-28,2024-11-11,14.0
P00600-L002,P00600,earned,2024-12-25,2025-01-24,30.0
P00600-L003,P00600,earned,2025-04-17,2025-04-28,11.3
P00600-L004,P00600,earned,2025-06-21,2025-07-06,15.0
P00600-L005,P00600,compensatory,2025-10-08,2025-10-18,9.9
P00600-L006,P00600,casual,2025-12-06,2025-12-23,16.9
P00600-L007,P00600,casual,2026-03-28,2026-04-10,12.7
P00600-L008,P00600,compensatory,2026-07-16,2026-07-28,12.4
P00601-L001,P00601,earned,2024-09-15,2024-09-20,5.9
P00601-L002,P00601,casual,2024-10-24,2024-10-28,3.0
P00601-L003,P00601,casual,2024-11-15,2024-11-21,6.5
P00601-L004,P00601,medical,2025-01-01,2025-01-08,6.4
P00601-L005,P00601,medical,2025-01-17,2025-01-27,9.9
P00601-L006,P00601,medical,2025-02-22,2025-03-05,10.0
P00601-L007,P00601,earned,2025-03-25,2025-03-30,4.8
P00601-L008,P00601,casual,2025-04-23,2025-05-06,13.1
P00601-L009,P00601,earned,2025-06-18,2025-06-20,1.6
P00601-L010,P00601,earned,2025-06-28,2025-07-04,6.0
P00601-L011,P00601,earned,2025-08-02,2025-08-08,5.7
P00601-L012,P00601,earned,2025-09-08,2025-09-16,8.1
P00601-L013,P00601,earned,2025-10-16,2025-10-29,13.3
P00601-L014,P00601,compensatory,2025-11-07,2025-11-16,9.1
P00601-L015,P00601,earned,2025-12-13,2025-12-19,5.7
P00601-L016,P00601,medical,2026-01-25,2026-02-05,10.4
P00601-L017,P00601,casual,2026-02-15,2026-03-01,14.2
P00601-L018,P00601,earned,2026-03-22,2026-04-01,9.2
P00601-L019,P00601,casual,2026-05-02,2026-05-11,9.6
P00601-L020,P00601,earned,2026-06-03,2026-06-11,7.7
P00601-L021,P00601,medical,2026-06-30,2026-07-15,14.4
P00601-L022,P00601,compensatory,2026-07-30,2026-08-04,5.0
P00602-L001,P00602,earned,2024-09-13,2024-09-30,16.6
P00602-L002,P00602,earned,2024-10-30,2024-11-12,13.2
P00602-L003,P00602,casual,2025-01-20,2025-01-29,8.6
P00602-L004,P00602,casual,2025-02-18,2025-02-23,5.7
P00602-L005,P00602,casual,2025-03-28,2025-04-11,13.7
P00602-L006,P00602,earned,2025-06-06,2025-06-17,11.4
P00602-L007,P00602,medical,2025-07-28,2025-08-02,4.6
P00602-L008,P00602,earned,2025-09-01,2025-09-13,12.3
P00602-L009,P00602,earned,2025-10-25,2025-11-06,12.6
P00602-L010,P00602,compensatory,2026-01-06,2026-01-11,4.8
P00602-L011,P00602,earned,2026-02-25,2026-03-09,11.9
P00602-L012,P00602,casual,2026-03-31,2026-04-09,8.9
P00602-L013,P00602,earned,2026-05-20,2026-05-26,6.3
P00602-L014,P00602,casual,2026-07-28,2026-08-03,6.4
P00603-L001,P00603,casual,2024-09-19,2024-09-24,4.4
P00603-L002,P00603,medical,2024-10-05,2024-10-15,10.0
P00603-L003,P00603,earned,2024-11-09,2024-11-21,12.8
P00603-L004,P00603,earned,2024-12-17,2024-12-26,8.7
P00603-L005,P00603,earned,2025-01-29,2025-02-06,7.1
P00603-L006,P00603,casual,2025-02-26,2025-03-03,5.2
P00603-L007,P00603,casual,2025-03-25,2025-03-30,4.8
P00603-L008,P00603,earned,2025-04-28,2025-04-30,2.2
P00603-L009,P00603,earned,2025-06-03,2025-06-09,6.3
P00603-L010,P00603,earned,2025-06-27,2025-07-06,8.9
P00603-L011,P00603,earned,2025-08-08,2025-08-15,7.1
P00603-L012,P00603,earned,2025-09-12,2025-09-17,5.3
P00603-L013,P00603,earned,2025-10-23,2025-11-01,8.6
P00603-L014,P00603,earned,2025-11-09,2025-11-17,8.0
P00603-L015,P00603,earned,2025-12-17,2025-12-24,7.8
P00603-L016,P00603,earned,2026-01-21,2026-01-27,6.5
P00603-L017,P00603,earned,2026-02-17,2026-02-23,5.9
P00603-L018,P00603,earned,2026-03-21,2026-03-23,2.2
P00603-L019,P00603,earned,2026-05-12,2026-05-18,5.9
P00603-L020,P00603,earned,2026-05-25,2026-06-13,19.0
P00603-L021,P00603,casual,2026-06-28,2026-07-02,3.8
P00603-L022,P00603,casual,2026-08-02,2026-08-07,4.9
P00604-L001,P00604,casual,2024-09-11,2024-09-16,4.5
P00604-L002,P00604,earned,2024-10-27,2024-11-02,6.2
P00604-L003,P00604,casual,2025-01-03,2025-01-11,7.9
P00604-L004,P00604,earned,2025-02-23,2025-03-07,11.6
P00604-L005,P00604,earned,2025-04-21,2025-05-07,15.4
P00604-L006,P00604,earned,2025-06-13,2025-06-20,7.4
P00604-L007,P00604,casual,2025-08-25,2025-09-04,9.9
P00604-L008,P00604,medical,2025-09-30,2025-10-02,2.1
P00604-L009,P00604,casual,2025-11-27,2025-12-06,9.1
P00604-L010,P00604,medical,2026-02-05,2026-02-13,8.0
P00604-L011,P00604,casual,2026-03-31,2026-04-06,5.8
P00604-L012,P00604,earned,2026-05-25,2026-06-02,8.6
P00604-L013,P00604,casual,2026-07-18,2026-08-01,14.4
P00605-L001,P00605,medical,2024-10-12,2024-10-21,9.8
P00605-L002,P00605,medical,2024-11-17,2024-12-04,17.2
P00605-L003,P00605,earned,2025-02-16,2025-02-22,6.4
P00605-L004,P00605,casual,2025-05-03,2025-05-18,14.8
P00605-L005,P00605,earned,2025-07-19,2025-07-29,10.5
P00605-L006,P00605,earned,2025-09-18,2025-09-23,5.1
P00605-L007,P00605,earned,2025-12-22,2025-12-28,6.2
P00605-L008,P00605,casual,2026-02-22,2026-03-02,7.3
P00605-L009,P00605,earned,2026-04-17,2026-05-04,17.5
P00605-L010,P00605,earned,2026-07-11,2026-07-26,14.4
P00606-L001,P00606,earned,2024-09-28,2024-10-08,9.4
P00606-L002,P00606,earned,2024-11-17,2024-11-30,13.0
P00606-L003,P00606,earned,2025-03-11,2025-03-27,15.9
P00606-L004,P00606,earned,2025-05-03,2025-05-07,4.6
P00606-L005,P00606,casual,2025-06-23,2025-07-01,7.9
P00606-L006,P00606,earned,2025-09-30,2025-10-08,8.3
P00606-L007,P00606,casual,2025-11-27,2025-12-03,5.9
P00606-L008,P00606,casual,2026-02-05,2026-02-14,9.6
P00606-L009,P00606,casual,2026-04-10,2026-04-20,10.3
P00606-L010,P00606,casual,2026-07-14,2026-07-22,7.7
P00607-L001,P00607,earned,2024-09-14,2024-09-20,6.4
P00607-L002,P00607,casual,2024-11-13,2024-11-24,11.5
P00607-L003,P00607,earned,2024-12-23,2025-01-04,11.0
P00607-L004,P00607,earned,2025-02-05,2025-02-21,16.1
P00607-L005,P00607,earned,2025-03-30,2025-04-22,22.5
P00607-L006,P00607,earned,2025-05-24,2025-06-01,8.1
P00607-L007,P00607,earned,2025-07-17,2025-07-22,5.1
P00607-L008,P00607,casual,2025-09-06,2025-09-12,5.6
P00607-L009,P00607,medical,2025-10-30,2025-11-21,21.3
P00607-L010,P00607,earned,2025-12-24,2026-01-03,9.8
P00607-L011,P00607,casual,2026-02-08,2026-02-13,5.3
P00607-L012,P00607,earned,2026-04-09,2026-04-17,7.9
P00607-L013,P00607,earned,2026-05-26,2026-06-02,6.6
P00607-L014,P00607,earned,2026-07-16,2026-07-26,9.3
P00608-L001,P00608,casual,2024-09-25,2024-10-01,5.5
P00608-L002,P00608,earned,2024-11-25,2024-12-10,15.0
P00608-L003,P00608,casual,2025-01-17,2025-01-24,6.5
P00608-L004,P00608,casual,2025-03-03,2025-03-11,8.4
P00608-L005,P00608,earned,2025-04-25,2025-05-07,11.9
P00608-L006,P00608,earned,2025-06-25,2025-06-27,2.3
P00608-L007,P00608,medical,2025-09-09,2025-09-12,3.3
P00608-L008,P00608,earned,2025-10-02,2025-10-12,10.3
P00608-L009,P00608,compensatory,2025-12-28,2026-01-09,11.4
P00608-L010,P00608,casual,2026-01-25,2026-01-31,6.4
P00608-L011,P00608,casual,2026-04-22,2026-04-27,5.2
P00608-L012,P00608,earned,2026-05-15,2026-05-21,6.5
P00608-L013,P00608,earned,2026-07-19,2026-08-02,13.3
P00609-L001,P00609,casual,2024-09-19,2024-10-04,14.8
P00609-L002,P00609,earned,2024-12-09,2024-12-14,4.8
P00609-L003,P00609,earned,2024-12-22,2025-01-03,12.4
P00609-L004,P00609,earned,2025-02-27,2025-03-11,12.4
P00609-L005,P00609,earned,2025-04-22,2025-05-07,14.4
P00609-L006,P00609,casual,2025-06-23,2025-06-28,5.3
P00609-L007,P00609,medical,2025-08-15,2025-08-26,10.4
P00609-L008,P00609,earned,2025-11-06,2025-11-11,4.7
P00609-L009,P00609,earned,2025-11-27,2025-12-05,7.6
P00609-L010,P00609,earned,2026-02-16,2026-03-01,13.1
P00609-L011,P00609,casual,2026-03-30,2026-04-21,21.6
P00609-L012,P00609,casual,2026-05-11,2026-05-19,7.7
P00609-L013,P00609,casual,2026-07-18,2026-07-22,3.5
P00610-L001,P00610,casual,2024-10-04,2024-10-15,10.4
P00610-L002,P00610,earned,2024-10-28,2024-11-08,10.8
P00610-L003,P00610,earned,2024-12-16,2024-12-22,5.8
P00610-L004,P00610,casual,2025-01-30,2025-02-02,2.2
P00610-L005,P00610,earned,2025-03-16,2025-03-21,5.3
P00610-L006,P00610,earned,2025-05-24,2025-05-28,4.2
P00610-L007,P00610,compensatory,2025-07-24,2025-07-30,5.8
P00610-L008,P00610,earned,2025-08-25,2025-09-03,9.2
P00610-L009,P00610,earned,2025-10-24,2025-10-29,5.2
P00610-L010,P00610,casual,2025-11-15,2025-12-01,15.4
P00610-L011,P00610,casual,2026-01-01,2026-01-08,7.3
P00610-L012,P00610,casual,2026-03-01,2026-03-06,4.8
P00610-L013,P00610,medical,2026-04-16,2026-05-05,18.4
P00610-L014,P00610,earned,2026-05-29,2026-06-03,4.7
P00610-L015,P00610,earned,2026-07-14,2026-07-24,9.9
P00611-L001,P00611,earned,2024-09-08,2024-09-17,8.7
P00611-L002,P00611,casual,2024-10-08,2024-10-13,5.5
P00611-L003,P00611,compensatory,2024-11-18,2024-11-28,10.4
P00611-L004,P00611,earned,2025-01-19,2025-01-21,2.0
P00611-L005,P00611,earned,2025-01-24,2025-02-14,20.9
P00611-L006,P00611,medical,2025-03-04,2025-03-16,11.3
P00611-L007,P00611,medical,2025-04-18,2025-04-25,7.0
P00611-L008,P00611,casual,2025-05-18,2025-05-29,11.1
P00611-L009,P00611,earned,2025-06-25,2025-07-08,12.9
P00611-L010,P00611,earned,2025-07-27,2025-08-06,10.2
P00611-L011,P00611,earned,2025-09-06,2025-09-11,4.4
P00611-L012,P00611,casual,2025-10-07,2025-10-18,10.5
P00611-L013,P00611,earned,2025-12-01,2025-12-13,12.4
P00611-L014,P00611,earned,2025-12-26,2026-01-13,18.1
P00611-L015,P00611,earned,2026-01-28,2026-02-15,18.4
P00611-L016,P00611,compensatory,2026-03-05,2026-03-10,5.0
P00611-L017,P00611,casual,2026-04-17,2026-04-26,9.5
P00611-L018,P00611,earned,2026-05-14,2026-05-20,5.3
P00611-L019,P00611,casual,2026-06-23,2026-07-04,11.1
P00611-L020,P00611,earned,2026-08-01,2026-08-06,5.1
P00612-L001,P00612,medical,2024-09-24,2024-10-11,17.4
P00612-L002,P00612,earned,2024-11-23,2024-12-20,27.2
P00612-L003,P00612,casual,2025-02-24,2025-03-04,8.5
P00612-L004,P00612,earned,2025-06-11,2025-06-27,16.3
P00612-L005,P00612,earned,2025-07-27,2025-08-08,12.0
P00612-L006,P00612,casual,2025-10-25,2025-11-12,18.0
P00612-L007,P00612,earned,2026-02-06,2026-02-07,1.3
P00612-L008,P00612,earned,2026-03-27,2026-03-29,2.1
P00612-L009,P00612,earned,2026-07-21,2026-07-26,4.7
P00613-L001,P00613,medical,2024-09-06,2024-09-15,9.3
P00613-L002,P00613,medical,2024-10-18,2024-10-25,7.0
P00613-L003,P00613,earned,2024-12-07,2024-12-22,14.8
P00613-L004,P00613,casual,2025-01-30,2025-01-31,1.0
P00613-L005,P00613,earned,2025-03-06,2025-03-14,8.0
P00613-L006,P00613,casual,2025-05-06,2025-05-11,4.1
P00613-L007,P00613,earned,2025-05-27,2025-06-06,9.6
P00613-L008,P00613,earned,2025-07-06,2025-07-15,9.1
P00613-L009,P00613,earned,2025-09-10,2025-09-20,10.7
P00613-L010,P00613,earned,2025-10-25,2025-10-31,5.8
P00613-L011,P00613,earned,2025-11-26,2025-12-08,11.4
P00613-L012,P00613,casual,2025-12-24,2026-01-01,8.6
P00613-L013,P00613,casual,2026-02-07,2026-02-17,9.6
P00613-L014,P00613,casual,2026-03-31,2026-04-08,7.6
P00613-L015,P00613,earned,2026-04-30,2026-05-13,12.7
P00613-L016,P00613,casual,2026-06-16,2026-06-29,12.5
P00613-L017,P00613,earned,2026-08-05,2026-08-09,4.6
P00614-L001,P00614,casual,2024-09-18,2024-09-27,8.8
P00614-L002,P00614,medical,2024-11-05,2024-11-08,2.8
P00614-L003,P00614,casual,2025-01-11,2025-01-27,16.6
P00614-L004,P00614,earned,2025-03-04,2025-03-08,4.4
P00614-L005,P00614,casual,2025-05-29,2025-06-01,3.1
P00614-L006,P00614,earned,2025-07-15,2025-07-21,5.5
P00614-L007,P00614,casual,2025-09-04,2025-09-14,10.3
P00614-L008,P00614,casual,2025-11-10,2025-11-21,11.2
P00614-L009,P00614,medical,2026-01-15,2026-01-29,13.8
P00614-L010,P00614,earned,2026-03-25,2026-04-05,11.3
P00614-L011,P00614,casual,2026-06-05,2026-06-13,8.7
P00614-L012,P00614,earned,2026-07-11,2026-08-02,21.8
P00615-L001,P00615,casual,2024-11-01,2024-11-05,3.5
P00615-L002,P00615,earned,2024-12-22,2025-01-04,13.4
P00615-L003,P00615,compensatory,2025-03-28,2025-04-02,4.9
P00615-L004,P00615,casual,2025-07-09,2025-07-21,12.5
P00615-L005,P00615,casual,2025-11-17,2025-11-27,9.0
P00615-L006,P00615,casual,2026-01-12,2026-01-22,9.6
P00615-L007,P00615,earned,2026-03-28,2026-04-12,14.9
P00615-L008,P00615,earned,2026-06-29,2026-07-15,15.3
P00616-L001,P00616,casual,2024-09-10,2024-09-13,3.7
P00616-L002,P00616,earned,2024-11-05,2024-11-12,7.9
P00616-L003,P00616,casual,2024-12-13,2024-12-19,5.7
P00616-L004,P00616,casual,2025-01-24,2025-02-01,7.4
P00616-L005,P00616,earned,2025-02-21,2025-02-25,3.9
P00616-L006,P00616,earned,2025-04-03,2025-04-13,10.4
P00616-L007,P00616,earned,2025-05-19,2025-06-03,15.4
P00616-L008,P00616,earned,2025-07-08,2025-07-15,7.5
P00616-L009,P00616,earned,2025-08-27,2025-09-04,7.9
P00616-L010,P00616,earned,2025-10-08,2025-10-15,6.4
P00616-L011,P00616,earned,2025-11-05,2025-12-01,25.6
P00616-L012,P00616,medical,2025-12-18,2025-12-21,3.5
P00616-L013,P00616,earned,2026-02-09,2026-02-22,13.4
P00616-L014,P00616,casual,2026-03-20,2026-04-01,11.7
P00616-L015,P00616,earned,2026-05-02,2026-05-11,8.8
P00616-L016,P00616,earned,2026-06-27,2026-07-08,11.4
P00616-L017,P00616,earned,2026-07-23,2026-07-26,3.0
P00617-L001,P00617,compensatory,2024-10-08,2024-10-14,5.8
P00617-L002,P00617,casual,2024-11-18,2024-12-03,15.5
P00617-L003,P00617,casual,2025-01-17,2025-01-21,4.5
P00617-L004,P00617,medical,2025-03-23,2025-04-12,20.3
P00617-L005,P00617,earned,2025-06-03,2025-06-11,7.7
P00617-L006,P00617,earned,2025-07-09,2025-07-29,20.1
P00617-L007,P00617,compensatory,2025-09-01,2025-09-14,12.4
P00617-L008,P00617,earned,2025-11-12,2025-12-02,20.2
P00617-L009,P00617,earned,2026-02-01,2026-02-07,6.5
P00617-L010,P00617,casual,2026-03-07,2026-03-18,10.8
P00617-L011,P00617,casual,2026-05-18,2026-05-24,6.4
P00617-L012,P00617,casual,2026-07-28,2026-08-24,26.8
P00618-L001,P00618,medical,2024-09-18,2024-09-22,3.5
P00618-L002,P00618,compensatory,2024-10-19,2024-10-25,6.1
P00618-L003,P00618,earned,2024-11-28,2024-12-02,4.5
P00618-L004,P00618,casual,2025-01-20,2025-01-30,9.2
P00618-L005,P00618,casual,2025-02-27,2025-03-05,5.4
P00618-L006,P00618,earned,2025-04-07,2025-04-16,8.3
P00618-L007,P00618,casual,2025-05-21,2025-05-28,6.9
P00618-L008,P00618,medical,2025-06-30,2025-07-08,7.7
P00618-L009,P00618,casual,2025-08-12,2025-08-27,15.0
P00618-L010,P00618,compensatory,2025-09-27,2025-10-15,17.8
P00618-L011,P00618,medical,2025-11-09,2025-11-17,8.0
P00618-L012,P00618,compensatory,2025-12-22,2025-12-25,3.0
P00618-L013,P00618,earned,2026-02-16,2026-02-19,2.8
P00618-L014,P00618,casual,2026-03-14,2026-03-27,13.6
P00618-L015,P00618,casual,2026-05-14,2026-05-28,14.8
P00618-L016,P00618,earned,2026-06-07,2026-06-14,6.9
P00618-L017,P00618,earned,2026-08-02,2026-08-09,7.1
P00619-L001,P00619,casual,2024-09-07,2024-09-13,5.6
P00619-L002,P00619,compensatory,2024-10-09,2024-10-14,5.1
P00619-L003,P00619,earned,2024-11-12,2024-11-23,11.6
P00619-L004,P00619,casual,2024-12-15,2024-12-17,2.9
P00619-L005,P00619,earned,2025-01-19,2025-02-03,15.3
P00619-L006,P00619,casual,2025-03-03,2025-03-11,7.8
P00619-L007,P00619,earned,2025-04-10,2025-04-20,9.5
P00619-L008,P00619,earned,2025-05-22,2025-05-29,7.2
P00619-L009,P00619,earned,2025-06-12,2025-06-22,9.7
P00619-L010,P00619,earned,2025-07-28,2025-08-02,5.8
P00619-L011,P00619,casual,2025-09-04,2025-09-12,7.5
P00619-L012,P00619,compensatory,2025-10-08,2025-10-14,5.6
P00619-L013,P00619,casual,2025-10-23,2025-11-03,11.3
P00619-L014,P00619,earned,2025-12-11,2025-12-22,10.7
P00619-L015,P00619,earned,2026-01-02,2026-01-21,18.4
P00619-L016,P00619,earned,2026-02-11,2026-02-16,5.5
P00619-L017,P00619,casual,2026-03-19,2026-03-29,10.2
P00619-L018,P00619,casual,2026-04-16,2026-04-22,6.1
P00619-L019,P00619,casual,2026-05-25,2026-06-03,8.6
P00619-L020,P00619,earned,2026-06-26,2026-07-02,6.6
P00619-L021,P00619,earned,2026-08-05,2026-08-15,9.8
P00620-L001,P00620,earned,2024-09-13,2024-09-30,17.9
P00620-L002,P00620,casual,2024-10-31,2024-11-07,6.6
P00620-L003,P00620,earned,2024-12-23,2025-01-14,21.7
P00620-L004,P00620,medical,2025-03-01,2025-03-03,1.7
P00620-L005,P00620,earned,2025-03-31,2025-04-20,19.8
P00620-L006,P00620,compensatory,2025-06-07,2025-06-12,4.9
P00620-L007,P00620,earned,2025-08-11,2025-08-23,11.9
P00620-L008,P00620,casual,2025-09-06,2025-09-12,6.0
P00620-L009,P00620,medical,2025-10-28,2025-11-03,6.2
P00620-L010,P00620,earned,2025-12-18,2025-12-28,9.7
P00620-L011,P00620,earned,2026-03-06,2026-03-21,15.2
P00620-L012,P00620,earned,2026-04-04,2026-04-09,4.9
P00620-L013,P00620,casual,2026-06-06,2026-06-16,9.9
P00620-L014,P00620,casual,2026-07-19,2026-07-27,7.7
P00621-L001,P00621,earned,2024-09-15,2024-09-29,14.3
P00621-L002,P00621,earned,2024-11-24,2024-12-04,10.2
P00621-L003,P00621,earned,2025-01-15,2025-01-25,10.1
P00621-L004,P00621,casual,2025-03-03,2025-03-08,4.8
P00621-L005,P00621,casual,2025-05-14,2025-06-08,25.0
P00621-L006,P00621,earned,2025-07-25,2025-08-12,18.6
P00621-L007,P00621,earned,2025-09-08,2025-09-19,11.1
P00621-L008,P00621,medical,2025-11-11,2025-12-01,19.4
P00621-L009,P00621,earned,2026-01-18,2026-01-28,10.5
P00621-L010,P00621,compensatory,2026-04-08,2026-04-20,12.0
P00621-L011,P00621,casual,2026-05-02,2026-05-16,13.9
P00621-L012,P00621,earned,2026-08-12,2026-08-26,14.1
P00622-L001,P00622,earned,2024-09-11,2024-09-15,4.5
P00622-L002,P00622,earned,2024-10-22,2024-11-05,13.4
P00622-L003,P00622,compensatory,2024-11-23,2024-11-29,6.0
P00622-L004,P00622,earned,2025-01-12,2025-01-31,19.6
P00622-L005,P00622,compensatory,2025-03-07,2025-03-17,9.8
P00622-L006,P00622,earned,2025-03-30,2025-04-02,2.9
P00622-L007,P00622,casual,2025-05-08,2025-05-28,19.8
P00622-L008,P00622,casual,2025-06-14,2025-06-27,12.9
P00622-L009,P00622,compensatory,2025-08-01,2025-08-08,7.0
P00622-L010,P00622,earned,2025-09-02,2025-09-16,14.7
P00622-L011,P00622,earned,2025-10-15,2025-10-20,4.9
P00622-L012,P00622,casual,2025-12-06,2025-12-25,19.1
P00622-L013,P00622,earned,2026-01-07,2026-01-27,19.6
P00622-L014,P00622,compensatory,2026-02-12,2026-02-22,9.5
P00622-L015,P00622,earned,2026-04-06,2026-04-12,6.6
P00622-L016,P00622,earned,2026-05-23,2026-05-26,2.5
P00622-L017,P00622,medical,2026-07-04,2026-07-11,6.9
P00622-L018,P00622,medical,2026-07-27,2026-08-16,20.4
P00623-L001,P00623,casual,2024-09-16,2024-09-22,6.6
P00623-L002,P00623,casual,2024-11-23,2024-11-29,6.3
P00623-L003,P00623,casual,2025-03-21,2025-04-01,10.3
P00623-L004,P00623,earned,2025-04-21,2025-05-02,10.6
P00623-L005,P00623,casual,2025-07-17,2025-07-25,8.0
P00623-L006,P00623,casual,2025-09-27,2025-10-08,11.6
P00623-L007,P00623,casual,2025-12-30,2026-01-04,5.3
P00623-L008,P00623,earned,2026-02-14,2026-02-24,10.4
P00623-L009,P00623,earned,2026-04-20,2026-04-30,9.8
P00623-L010,P00623,casual,2026-06-20,2026-06-29,8.7
P00624-L001,P00624,earned,2024-09-04,2024-09-07,3.7
P00624-L002,P00624,earned,2024-11-07,2024-11-11,4.1
P00624-L003,P00624,compensatory,2025-01-06,2025-01-14,8.2
P00624-L004,P00624,earned,2025-02-10,2025-02-17,6.5
P00624-L005,P00624,earned,2025-04-25,2025-05-01,6.6
P00624-L006,P00624,casual,2025-05-22,2025-06-06,14.5
P00624-L007,P00624,casual,2025-08-17,2025-08-23,6.2
P00624-L008,P00624,earned,2025-08-31,2025-09-14,13.4
P00624-L009,P00624,casual,2025-12-01,2025-12-08,6.6
P00624-L010,P00624,earned,2025-12-18,2025-12-29,11.2
P00624-L011,P00624,compensatory,2026-02-25,2026-03-04,7.1
P00624-L012,P00624,medical,2026-03-30,2026-04-04,5.5
P00624-L013,P00624,earned,2026-05-25,2026-05-31,6.9
P00624-L014,P00624,casual,2026-07-20,2026-07-28,7.8
P00625-L001,P00625,earned,2024-10-01,2024-10-06,4.7
P00625-L002,P00625,compensatory,2024-10-15,2024-10-16,1.4
P00625-L003,P00625,casual,2024-11-17,2024-11-20,3.2
P00625-L004,P00625,earned,2024-12-29,2025-01-04,5.5
P00625-L005,P00625,earned,2025-02-07,2025-02-12,5.5
P00625-L006,P00625,earned,2025-03-17,2025-03-21,3.8
P00625-L007,P00625,medical,2025-04-26,2025-05-01,5.3
P00625-L008,P00625,casual,2025-06-04,2025-06-10,6.6
P00625-L009,P00625,compensatory,2025-07-05,2025-07-10,4.9
P00625-L010,P00625,casual,2025-08-18,2025-08-21,3.4
P00625-L011,P00625,medical,2025-10-05,2025-10-11,5.5
P00625-L012,P00625,medical,2025-11-05,2025-11-09,3.9
P00625-L013,P00625,casual,2025-12-19,2025-12-24,4.4
P00625-L014,P00625,casual,2026-01-24,2026-01-28,4.1
P00625-L015,P00625,medical,2026-02-22,2026-02-24,2.0
P00625-L016,P00625,casual,2026-04-01,2026-04-06,4.6
P00625-L017,P00625,earned,2026-05-18,2026-05-21,2.6
P00625-L018,P00625,earned,2026-06-16,2026-06-20,4.2
P00625-L019,P00625,earned,2026-07-27,2026-07-29,2.0
P00625-LRR,P00625,earned,2026-08-07,2026-08-27,20.3
P00626-L001,P00626,earned,2024-09-08,2024-10-08,30.0
P00626-L002,P00626,earned,2024-11-11,2024-11-22,10.8
P00626-L003,P00626,casual,2025-02-13,2025-02-26,13.0
P00626-L004,P00626,earned,2025-03-19,2025-03-28,9.7
P00626-L005,P00626,earned,2025-05-26,2025-06-12,17.9
P00626-L006,P00626,medical,2025-09-15,2025-09-29,14.3
P00626-L007,P00626,casual,2025-10-18,2025-10-21,3.2
P00626-L008,P00626,earned,2025-12-16,2025-12-23,6.4
P00626-L009,P00626,casual,2026-02-25,2026-03-02,5.1
P00626-L010,P00626,earned,2026-05-15,2026-05-25,10.4
P00626-L011,P00626,earned,2026-07-30,2026-08-21,21.7
P00627-L001,P00627,earned,2024-09-05,2024-09-22,17.5
P00627-L002,P00627,compensatory,2024-10-23,2024-10-30,7.7
P00627-L003,P00627,casual,2024-12-05,2024-12-10,4.9
P00627-L004,P00627,earned,2025-01-19,2025-01-26,7.0
P00627-L005,P00627,earned,2025-03-09,2025-03-20,11.2
P00627-L006,P00627,earned,2025-05-01,2025-05-07,5.3
P00627-L007,P00627,earned,2025-06-19,2025-07-04,14.4
P00627-L008,P00627,earned,2025-08-04,2025-08-08,3.9
P00627-L009,P00627,earned,2025-09-11,2025-09-15,3.7
P00627-L010,P00627,medical,2025-10-29,2025-11-03,5.7
P00627-L011,P00627,medical,2025-12-01,2025-12-12,11.8
P00627-L012,P00627,medical,2026-01-26,2026-02-02,7.3
P00627-L013,P00627,earned,2026-03-13,2026-03-21,7.3
P00627-L014,P00627,earned,2026-05-05,2026-05-16,10.9
P00627-L015,P00627,medical,2026-06-11,2026-06-16,5.1
P00627-L016,P00627,casual,2026-07-24,2026-08-02,8.3
P00628-L001,P00628,casual,2024-09-12,2024-09-18,5.6
P00628-L002,P00628,casual,2024-12-16,2025-01-03,17.6
P00628-L003,P00628,casual,2025-01-30,2025-02-13,14.0
P00628-L004,P00628,medical,2025-03-27,2025-04-20,24.9
P00628-L005,P00628,casual,2025-06-04,2025-06-28,24.7
P00628-L006,P00628,medical,2025-08-04,2025-08-18,13.6
P00628-L007,P00628,compensatory,2025-10-05,2025-10-19,14.1
P00628-L008,P00628,earned,2025-12-22,2026-01-02,11.3
P00628-L009,P00628,earned,2026-02-22,2026-03-04,10.1
P00628-L010,P00628,earned,2026-05-19,2026-05-31,11.3
P00628-L011,P00628,casual,2026-07-04,2026-07-13,9.8
P00629-L001,P00629,compensatory,2024-10-09,2024-10-13,3.5
P00629-L002,P00629,earned,2024-10-31,2024-11-08,8.9
P00629-L003,P00629,earned,2024-12-08,2024-12-12,4.1
P00629-L004,P00629,earned,2025-02-11,2025-02-15,3.9
P00629-L005,P00629,casual,2025-03-17,2025-03-25,8.0
P00629-L006,P00629,medical,2025-05-11,2025-05-20,8.3
P00629-L007,P00629,earned,2025-06-22,2025-07-01,8.6
P00629-L008,P00629,earned,2025-08-08,2025-08-10,2.0
P00629-L009,P00629,earned,2025-10-01,2025-10-08,7.0
P00629-L010,P00629,medical,2025-11-16,2025-11-22,5.5
P00629-L011,P00629,casual,2026-01-04,2026-01-14,10.9
P00629-L012,P00629,earned,2026-02-25,2026-03-09,12.8
P00629-L013,P00629,earned,2026-04-13,2026-04-21,8.7
P00629-L014,P00629,earned,2026-06-05,2026-06-23,18.2
P00629-L015,P00629,earned,2026-07-30,2026-08-04,5.8
P00630-L001,P00630,earned,2024-09-17,2024-09-27,10.7
P00630-L002,P00630,medical,2024-11-15,2024-11-28,13.2
P00630-L003,P00630,earned,2025-01-03,2025-01-22,19.1
P00630-L004,P00630,medical,2025-03-04,2025-03-12,7.8
P00630-L005,P00630,earned,2025-04-14,2025-05-02,17.6
P00630-L006,P00630,medical,2025-06-23,2025-07-03,10.4
P00630-L007,P00630,earned,2025-08-19,2025-09-05,17.4
P00630-L008,P00630,medical,2025-10-18,2025-10-25,6.9
P00630-L009,P00630,medical,2025-12-25,2026-01-04,10.3
P00630-L010,P00630,casual,2026-01-25,2026-02-15,21.4
P00630-L011,P00630,earned,2026-04-24,2026-04-29,5.1
P00630-L012,P00630,earned,2026-05-12,2026-05-30,17.9
P00630-L013,P00630,earned,2026-08-04,2026-08-23,18.6
P00631-L001,P00631,earned,2024-09-10,2024-09-19,8.9
P00631-L002,P00631,earned,2024-12-05,2024-12-08,2.5
P00631-L003,P00631,earned,2025-03-10,2025-03-14,4.6
P00631-L004,P00631,earned,2025-07-23,2025-07-30,6.8
P00631-L005,P00631,medical,2025-09-24,2025-10-04,10.4
P00631-L006,P00631,casual,2026-01-11,2026-01-21,10.2
P00631-L007,P00631,earned,2026-04-13,2026-04-22,9.4
P00631-L008,P00631,earned,2026-06-20,2026-06-26,6.1
P00632-L001,P00632,medical,2024-09-14,2024-10-06,22.2
P00632-L002,P00632,casual,2024-12-17,2024-12-27,9.8
P00632-L003,P00632,earned,2025-03-19,2025-03-26,6.6
P00632-L004,P00632,casual,2025-07-03,2025-07-07,4.4
P00632-L005,P00632,earned,2025-09-06,2025-09-19,12.5
P00632-L006,P00632,casual,2025-12-14,2025-12-20,6.2
P00632-L007,P00632,compensatory,2026-04-10,2026-04-17,7.0
P00632-L008,P00632,medical,2026-07-05,2026-07-11,5.1
P00633-L001,P00633,casual,2024-09-15,2024-09-22,7.7
P00633-L002,P00633,casual,2024-10-13,2024-10-28,14.8
P00633-L003,P00633,earned,2024-11-27,2024-12-03,5.9
P00633-L004,P00633,medical,2025-01-02,2025-01-16,13.4
P00633-L005,P00633,earned,2025-02-15,2025-02-21,6.5
P00633-L006,P00633,earned,2025-03-25,2025-04-10,15.7
P00633-L007,P00633,casual,2025-05-08,2025-05-15,6.7
P00633-L008,P00633,earned,2025-07-01,2025-07-03,1.5
P00633-L009,P00633,earned,2025-08-02,2025-08-17,14.7
P00633-L010,P00633,casual,2025-09-06,2025-09-20,14.2
P00633-L011,P00633,earned,2025-10-15,2025-10-28,13.8
P00633-L012,P00633,earned,2025-12-03,2025-12-09,6.0
P00633-L013,P00633,casual,2026-01-23,2026-01-26,3.0
P00633-L014,P00633,earned,2026-02-19,2026-02-28,9.7
P00633-L015,P00633,casual,2026-03-29,2026-04-07,9.1
P00633-L016,P00633,casual,2026-05-06,2026-05-12,5.8
P00633-L017,P00633,casual,2026-06-22,2026-06-28,6.2
P00633-L018,P00633,medical,2026-07-23,2026-08-01,9.1
P00634-L001,P00634,compensatory,2024-10-02,2024-10-16,13.5
P00634-L002,P00634,compensatory,2024-11-14,2024-12-02,17.2
P00634-L003,P00634,earned,2025-01-10,2025-01-19,8.9
P00634-L004,P00634,compensatory,2025-03-12,2025-03-20,7.4
P00634-L005,P00634,earned,2025-05-02,2025-05-09,6.8
P00634-L006,P00634,earned,2025-07-12,2025-07-15,3.6
P00634-L007,P00634,earned,2025-09-16,2025-09-17,1.4
P00634-L008,P00634,casual,2025-11-27,2025-12-10,13.2
P00634-L009,P00634,casual,2026-01-12,2026-01-17,5.1
P00634-L010,P00634,casual,2026-03-18,2026-03-27,9.4
P00634-L011,P00634,casual,2026-06-09,2026-06-13,3.9
P00634-L012,P00634,earned,2026-07-22,2026-08-02,11.3
P00635-L001,P00635,earned,2024-09-22,2024-10-04,11.8
P00635-L002,P00635,medical,2024-10-28,2024-11-04,7.0
P00635-L003,P00635,earned,2024-11-22,2024-12-01,9.2
P00635-L004,P00635,earned,2025-01-18,2025-01-24,5.8
P00635-L005,P00635,casual,2025-02-19,2025-02-26,6.9
P00635-L006,P00635,earned,2025-03-23,2025-03-30,6.9
P00635-L007,P00635,earned,2025-05-02,2025-05-16,13.6
P00635-L008,P00635,earned,2025-07-05,2025-07-09,4.5
P00635-L009,P00635,earned,2025-07-28,2025-07-31,3.3
P00635-L010,P00635,casual,2025-09-10,2025-09-17,6.4
P00635-L011,P00635,earned,2025-10-14,2025-10-22,8.7
P00635-L012,P00635,medical,2025-11-26,2025-12-06,9.6
P00635-L013,P00635,compensatory,2026-01-18,2026-01-21,3.6
P00635-L014,P00635,medical,2026-02-22,2026-03-02,8.1
P00635-L015,P00635,earned,2026-03-30,2026-04-04,4.3
P00635-L016,P00635,casual,2026-05-20,2026-05-26,5.9
P00635-L017,P00635,earned,2026-06-13,2026-06-20,7.1
P00635-L018,P00635,casual,2026-08-01,2026-08-15,13.4
P00636-L001,P00636,earned,2024-09-07,2024-09-09,2.3
P00636-L002,P00636,earned,2024-10-19,2024-10-23,3.8
P00636-L003,P00636,earned,2024-11-05,2024-11-11,6.1
P00636-L004,P00636,compensatory,2024-12-11,2024-12-22,11.3
P00636-L005,P00636,casual,2025-01-16,2025-01-30,13.9
P00636-L006,P00636,earned,2025-02-06,2025-02-07,1.0
P00636-L007,P00636,earned,2025-03-17,2025-04-08,21.6
P00636-L008,P00636,casual,2025-04-20,2025-04-28,7.4
P00636-L009,P00636,earned,2025-05-21,2025-05-31,10.7
P00636-L010,P00636,earned,2025-07-07,2025-07-10,3.6
P00636-L011,P00636,casual,2025-08-03,2025-08-12,8.9
P00636-L012,P00636,earned,2025-08-19,2025-08-24,5.0
P00636-L013,P00636,casual,2025-09-24,2025-10-04,10.1
P00636-L014,P00636,medical,2025-10-19,2025-11-01,13.1
P00636-L015,P00636,earned,2025-11-28,2025-12-06,7.8
P00636-L016,P00636,earned,2025-12-22,2025-12-26,3.7
P00636-L017,P00636,medical,2026-01-27,2026-02-21,25.1
P00636-L018,P00636,earned,2026-02-28,2026-03-17,17.0
P00636-L019,P00636,earned,2026-04-14,2026-04-19,4.8
P00636-L020,P00636,compensatory,2026-05-14,2026-05-21,7.3
P00636-L021,P00636,earned,2026-06-07,2026-06-09,2.3
P00636-L022,P00636,earned,2026-07-03,2026-07-08,5.5
P00636-L023,P00636,earned,2026-08-05,2026-08-13,7.8
P00637-L001,P00637,earned,2024-09-01,2024-09-13,12.5
P00637-L002,P00637,earned,2024-10-01,2024-10-12,10.6
P00637-L003,P00637,earned,2024-10-27,2024-11-01,4.9
P00637-L004,P00637,earned,2024-11-24,2024-11-30,6.5
P00637-L005,P00637,earned,2024-12-31,2025-01-05,4.2
P00637-L006,P00637,casual,2025-01-31,2025-02-05,5.0
P00637-L007,P00637,earned,2025-02-27,2025-03-07,8.5
P00637-L008,P00637,earned,2025-03-19,2025-03-23,3.6
P00637-L009,P00637,casual,2025-04-14,2025-04-23,9.3
P00637-L010,P00637,earned,2025-05-22,2025-05-27,5.3
P00637-L011,P00637,earned,2025-06-23,2025-06-24,1.8
P00637-L012,P00637,earned,2025-07-12,2025-07-17,5.5
P00637-L013,P00637,earned,2025-08-06,2025-08-16,10.1
P00637-L014,P00637,earned,2025-09-10,2025-09-19,8.8
P00637-L015,P00637,casual,2025-10-08,2025-10-12,3.7
P00637-L016,P00637,casual,2025-11-06,2025-11-16,10.2
P00637-L017,P00637,earned,2025-12-03,2025-12-09,5.8
P00637-L018,P00637,casual,2025-12-29,2026-01-11,12.7
P00637-L019,P00637,casual,2026-01-26,2026-02-06,10.5
P00637-L020,P00637,casual,2026-02-16,2026-02-24,7.9
P00637-L021,P00637,casual,2026-03-24,2026-04-04,10.9
P00637-L022,P00637,medical,2026-04-29,2026-05-07,8.1
P00637-L023,P00637,earned,2026-05-15,2026-05-19,3.8
P00637-L024,P00637,medical,2026-06-24,2026-07-05,10.6
P00637-L025,P00637,earned,2026-07-19,2026-07-24,5.0
P00637-L026,P00637,casual,2026-08-09,2026-08-23,14.1
P00638-L001,P00638,earned,2024-09-09,2024-09-15,5.5
P00638-L002,P00638,casual,2024-10-02,2024-10-07,4.3
P00638-L003,P00638,compensatory,2024-10-24,2024-10-29,5.8
P00638-L004,P00638,casual,2024-11-17,2024-11-21,3.6
P00638-L005,P00638,earned,2024-12-15,2024-12-25,10.2
P00638-L006,P00638,casual,2025-01-13,2025-01-22,8.2
P00638-L007,P00638,medical,2025-02-03,2025-02-06,2.7
P00638-L008,P00638,earned,2025-02-22,2025-02-23,1.0
P00638-L009,P00638,casual,2025-03-28,2025-04-06,9.1
P00638-L010,P00638,casual,2025-04-10,2025-04-19,8.3
P00638-L011,P00638,earned,2025-05-17,2025-05-21,3.6
P00638-L012,P00638,casual,2025-06-10,2025-06-18,8.2
P00638-L013,P00638,casual,2025-06-27,2025-07-08,11.0
P00638-L014,P00638,earned,2025-07-17,2025-07-21,3.6
P00638-L015,P00638,casual,2025-08-09,2025-08-12,3.5
P00638-L016,P00638,earned,2025-09-05,2025-09-13,8.1
P00638-L017,P00638,medical,2025-09-27,2025-10-02,4.7
P00638-L018,P00638,compensatory,2025-10-24,2025-10-28,3.5
P00638-L019,P00638,casual,2025-11-17,2025-11-28,11.3
P00638-L020,P00638,earned,2025-12-10,2025-12-13,3.6
P00638-L021,P00638,casual,2026-01-08,2026-01-11,3.0
P00638-L022,P00638,compensatory,2026-02-04,2026-02-06,1.9
P00638-L023,P00638,casual,2026-02-19,2026-02-22,2.8
P00638-L024,P00638,earned,2026-03-28,2026-04-05,8.1
P00638-L025,P00638,earned,2026-04-19,2026-04-28,9.2
P00638-L026,P00638,earned,2026-05-06,2026-05-14,7.6
P00638-L027,P00638,earned,2026-06-05,2026-06-12,6.6
P00638-L028,P00638,casual,2026-06-20,2026-06-22,2.0
P00638-L029,P00638,earned,2026-07-14,2026-07-17,3.2
P00638-L030,P00638,medical,2026-08-22,2026-08-28,6.5
P00639-L001,P00639,medical,2024-09-01,2024-10-01,30.0
P00639-L002,P00639,earned,2024-11-19,2024-11-29,10.6
P00639-L003,P00639,earned,2025-01-05,2025-01-18,13.2
P00639-L004,P00639,earned,2025-03-01,2025-03-13,12.0
P00639-L005,P00639,casual,2025-04-15,2025-05-06,20.8
P00639-L006,P00639,earned,2025-06-28,2025-07-05,7.0
P00639-L007,P00639,earned,2025-08-08,2025-08-18,9.9
P00639-L008,P00639,casual,2025-10-07,2025-10-16,9.6
P00639-L009,P00639,earned,2025-11-29,2025-12-06,7.5
P00639-L010,P00639,casual,2026-01-24,2026-01-31,6.4
P00639-L011,P00639,casual,2026-03-27,2026-04-10,14.6
P00639-L012,P00639,casual,2026-05-19,2026-06-07,18.4
P00639-L013,P00639,casual,2026-08-10,2026-08-17,7.2
P00640-L001,P00640,earned,2024-09-10,2024-09-14,4.3
P00640-L002,P00640,medical,2024-10-12,2024-10-14,1.5
P00640-L003,P00640,earned,2024-10-21,2024-10-26,5.0
P00640-L004,P00640,earned,2024-11-18,2024-11-22,4.2
P00640-L005,P00640,casual,2024-12-11,2024-12-13,2.1
P00640-L006,P00640,earned,2025-01-09,2025-01-12,2.4
P00640-L007,P00640,earned,2025-02-07,2025-02-10,2.6
P00640-L008,P00640,compensatory,2025-03-05,2025-03-11,6.1
P00640-L009,P00640,casual,2025-03-26,2025-03-31,4.4
P00640-L010,P00640,earned,2025-04-12,2025-04-18,5.4
P00640-L011,P00640,earned,2025-05-06,2025-05-11,4.7
P00640-L012,P00640,casual,2025-06-02,2025-06-05,3.5
P00640-L013,P00640,casual,2025-06-25,2025-06-26,1.7
P00640-L014,P00640,casual,2025-07-20,2025-07-25,5.9
P00640-L015,P00640,earned,2025-08-11,2025-08-16,5.7
P00640-L016,P00640,earned,2025-09-12,2025-09-19,6.4
P00640-L017,P00640,casual,2025-09-26,2025-10-04,7.9
P00640-L018,P00640,compensatory,2025-10-20,2025-10-22,1.6
P00640-L019,P00640,earned,2025-11-22,2025-11-28,5.5
P00640-L020,P00640,medical,2025-12-10,2025-12-17,7.6
P00640-L021,P00640,earned,2026-01-13,2026-01-16,3.3
P00640-L022,P00640,earned,2026-02-01,2026-02-04,3.4
P00640-L023,P00640,casual,2026-02-22,2026-03-01,7.2
P00640-L024,P00640,casual,2026-03-23,2026-03-25,2.0
P00640-L025,P00640,earned,2026-04-10,2026-04-12,1.8
P00640-L026,P00640,earned,2026-05-19,2026-05-24,4.5
P00640-L027,P00640,casual,2026-06-03,2026-06-14,10.5
P00640-L028,P00640,casual,2026-06-20,2026-06-22,2.1
P00640-L029,P00640,compensatory,2026-07-15,2026-07-22,7.1
P00640-L030,P00640,earned,2026-08-07,2026-08-12,4.9
P00641-L001,P00641,earned,2024-09-10,2024-09-12,2.2
P00641-L002,P00641,earned,2024-10-18,2024-10-22,3.6
P00641-L003,P00641,casual,2024-11-07,2024-11-15,7.9
P00641-L004,P00641,casual,2024-12-11,2024-12-14,3.4
P00641-L005,P00641,casual,2025-01-09,2025-01-15,6.0
P00641-L006,P00641,casual,2025-01-31,2025-02-06,6.0
P00641-L007,P00641,earned,2025-03-03,2025-03-12,9.3
P00641-L008,P00641,earned,2025-04-07,2025-04-16,9.3
P00641-L009,P00641,medical,2025-05-05,2025-05-11,5.8
P00641-L010,P00641,earned,2025-06-05,2025-06-11,5.8
P00641-L011,P00641,compensatory,2025-07-20,2025-07-25,5.9
P00641-L012,P00641,casual,2025-08-19,2025-08-21,2.3
P00641-L013,P00641,casual,2025-09-01,2025-09-07,5.7
P00641-L014,P00641,casual,2025-10-14,2025-10-18,3.7
P00641-L015,P00641,earned,2025-11-17,2025-11-28,10.9
P00641-L016,P00641,casual,2025-12-11,2025-12-15,3.6
P00641-L017,P00641,earned,2026-01-05,2026-01-10,5.2
P00641-L018,P00641,casual,2026-02-15,2026-02-20,4.5
P00641-L019,P00641,earned,2026-03-15,2026-03-27,11.6
P00641-L020,P00641,casual,2026-04-03,2026-04-07,4.3
P00641-L021,P00641,earned,2026-05-09,2026-05-18,9.1
P00641-L022,P00641,earned,2026-06-19,2026-06-24,5.0
P00641-L023,P00641,casual,2026-07-07,2026-07-09,2.6
P00641-L024,P00641,casual,2026-08-06,2026-08-13,7.7
P00642-L001,P00642,earned,2024-09-15,2024-09-27,11.5
P00642-L002,P00642,earned,2024-11-18,2024-11-27,8.3
P00642-L003,P00642,medical,2024-12-19,2024-12-20,1.5
P00642-L004,P00642,casual,2025-02-25,2025-03-09,12.2
P00642-L005,P00642,earned,2025-04-19,2025-04-29,9.8
P00642-L006,P00642,earned,2025-05-27,2025-06-11,15.0
P00642-L007,P00642,earned,2025-07-10,2025-07-21,10.8
P00642-L008,P00642,casual,2025-08-26,2025-09-04,8.6
P00642-L009,P00642,earned,2025-10-06,2025-10-12,5.9
P00642-L010,P00642,casual,2025-11-23,2025-11-30,7.1
P00642-L011,P00642,casual,2026-01-07,2026-01-14,6.6
P00642-L012,P00642,earned,2026-02-26,2026-03-07,8.9
P00642-L013,P00642,casual,2026-05-07,2026-05-12,5.0
P00642-L014,P00642,casual,2026-06-21,2026-07-06,15.8
P00642-L015,P00642,earned,2026-07-26,2026-07-31,5.4
P00643-L001,P00643,casual,2024-10-02,2024-10-10,8.4
P00643-L002,P00643,earned,2025-01-04,2025-01-07,3.3
P00643-L003,P00643,casual,2025-03-16,2025-03-26,10.3
P00643-L004,P00643,compensatory,2025-07-08,2025-07-26,18.7
P00643-L005,P00643,earned,2025-09-14,2025-09-21,7.6
P00643-L006,P00643,earned,2026-01-13,2026-01-23,9.8
P00643-L007,P00643,earned,2026-03-18,2026-03-24,6.6
P00643-L008,P00643,earned,2026-07-03,2026-07-26,23.1
P00644-L001,P00644,earned,2024-09-22,2024-10-08,15.9
P00644-L002,P00644,casual,2025-03-23,2025-04-06,14.4
P00644-L003,P00644,casual,2025-09-11,2025-09-21,10.3
P00644-L004,P00644,medical,2026-04-27,2026-05-05,8.7
P00645-L001,P00645,earned,2024-09-01,2024-09-05,3.8
P00645-L002,P00645,earned,2024-10-28,2024-11-03,5.6
P00645-L003,P00645,compensatory,2024-11-27,2024-12-11,14.0
P00645-L004,P00645,earned,2025-01-19,2025-01-23,3.8
P00645-L005,P00645,earned,2025-02-11,2025-02-15,3.2
P00645-L006,P00645,casual,2025-04-09,2025-04-17,7.5
P00645-L007,P00645,casual,2025-05-07,2025-05-18,11.0
P00645-L008,P00645,casual,2025-06-12,2025-06-21,9.3
P00645-L009,P00645,earned,2025-07-22,2025-07-27,4.3
P00645-L010,P00645,earned,2025-09-15,2025-09-25,10.5
P00645-L011,P00645,casual,2025-10-15,2025-10-18,2.8
P00645-L012,P00645,casual,2025-11-23,2025-11-29,5.7
P00645-L013,P00645,medical,2026-01-15,2026-01-21,6.1
P00645-L014,P00645,casual,2026-02-13,2026-02-25,12.8
P00645-L015,P00645,earned,2026-04-11,2026-04-18,7.0
P00645-L016,P00645,earned,2026-05-19,2026-05-30,11.1
P00645-L017,P00645,earned,2026-06-13,2026-06-23,9.3
P00645-L018,P00645,earned,2026-07-27,2026-08-03,6.7
P00646-L001,P00646,casual,2024-09-09,2024-09-20,10.6
P00646-L002,P00646,earned,2024-10-22,2024-10-28,5.8
P00646-L003,P00646,earned,2024-12-11,2024-12-14,3.5
P00646-L004,P00646,earned,2024-12-22,2024-12-29,7.1
P00646-L005,P00646,casual,2025-01-25,2025-01-30,5.1
P00646-L006,P00646,earned,2025-03-22,2025-03-25,3.4
P00646-L007,P00646,casual,2025-04-27,2025-05-01,4.4
P00646-L008,P00646,casual,2025-05-24,2025-06-11,18.1
P00646-L009,P00646,earned,2025-06-20,2025-06-28,8.0
P00646-L010,P00646,earned,2025-08-01,2025-08-17,16.2
P00646-L011,P00646,earned,2025-08-31,2025-09-05,4.7
P00646-L012,P00646,earned,2025-10-18,2025-10-23,5.0
P00646-L013,P00646,casual,2025-11-15,2025-11-24,8.8
P00646-L014,P00646,earned,2025-12-28,2026-01-10,13.2
P00646-L015,P00646,medical,2026-02-09,2026-02-27,17.6
P00646-L016,P00646,casual,2026-03-10,2026-03-18,8.0
P00646-L017,P00646,earned,2026-04-15,2026-05-03,18.0
P00646-L018,P00646,earned,2026-05-24,2026-05-30,5.8
P00646-L019,P00646,compensatory,2026-06-26,2026-07-03,6.5
P00646-L020,P00646,compensatory,2026-08-01,2026-08-14,13.2
P00647-L001,P00647,casual,2024-09-06,2024-09-17,11.0
P00647-L002,P00647,casual,2024-10-03,2024-10-09,5.8
P00647-L003,P00647,earned,2024-11-09,2024-11-18,8.8
P00647-L004,P00647,earned,2024-11-30,2024-12-08,8.2
P00647-L005,P00647,earned,2025-01-15,2025-01-22,6.6
P00647-L006,P00647,casual,2025-02-07,2025-02-14,6.5
P00647-L007,P00647,earned,2025-03-22,2025-03-28,5.7
P00647-L008,P00647,casual,2025-04-13,2025-04-21,8.0
P00647-L009,P00647,earned,2025-05-14,2025-05-19,4.9
P00647-L010,P00647,earned,2025-06-09,2025-06-13,4.2
P00647-L011,P00647,earned,2025-07-14,2025-07-17,3.3
P00647-L012,P00647,casual,2025-08-14,2025-08-20,5.7
P00647-L013,P00647,medical,2025-09-04,2025-09-13,8.6
P00647-L014,P00647,earned,2025-10-08,2025-10-24,15.6
P00647-L015,P00647,earned,2025-11-01,2025-11-09,7.8
P00647-L016,P00647,earned,2025-12-13,2025-12-17,4.5
P00647-L017,P00647,earned,2026-01-19,2026-01-30,10.4
P00647-L018,P00647,casual,2026-02-20,2026-02-28,7.4
P00647-L019,P00647,earned,2026-03-04,2026-03-15,10.9
P00647-L020,P00647,earned,2026-04-16,2026-04-18,2.2
P00647-L021,P00647,casual,2026-05-16,2026-05-23,7.6
P00647-L022,P00647,casual,2026-06-05,2026-06-09,3.8
P00647-L023,P00647,casual,2026-07-02,2026-07-06,4.0
P00647-L024,P00647,casual,2026-08-10,2026-08-13,3.2
P00648-L001,P00648,casual,2024-08-31,2024-09-09,9.0
P00648-L002,P00648,compensatory,2024-10-05,2024-10-15,10.1
P00648-L003,P00648,medical,2024-11-23,2024-11-26,2.9
P00648-L004,P00648,casual,2024-12-09,2024-12-16,7.2
P00648-L005,P00648,earned,2025-01-21,2025-02-01,11.2
P00648-L006,P00648,earned,2025-02-13,2025-02-21,7.2
P00648-L007,P00648,earned,2025-03-25,2025-04-03,9.5
P00648-L008,P00648,earned,2025-04-25,2025-05-11,15.2
P00648-L009,P00648,medical,2025-05-25,2025-06-02,8.1
P00648-L010,P00648,casual,2025-07-03,2025-07-08,4.1
P00648-L011,P00648,earned,2025-08-03,2025-08-12,8.9
P00648-L012,P00648,casual,2025-09-02,2025-09-05,2.5
P00648-L013,P00648,casual,2025-10-25,2025-11-01,6.9
P00648-L014,P00648,casual,2025-11-17,2025-11-28,11.3
P00648-L015,P00648,earned,2025-12-27,2026-01-10,14.2
P00648-L016,P00648,medical,2026-01-15,2026-01-27,11.6
P00648-L017,P00648,compensatory,2026-02-13,2026-02-21,7.4
P00648-L018,P00648,compensatory,2026-03-19,2026-04-08,19.9
P00648-L019,P00648,earned,2026-04-22,2026-05-06,13.8
P00648-L020,P00648,earned,2026-06-17,2026-06-20,3.7
P00648-L021,P00648,earned,2026-07-01,2026-07-14,12.8
P00648-L022,P00648,compensatory,2026-08-12,2026-08-15,2.5
P00649-L001,P00649,medical,2024-09-09,2024-09-16,6.7
P00649-L002,P00649,earned,2024-10-23,2024-10-29,6.5
P00649-L003,P00649,casual,2025-01-06,2025-01-15,9.4
P00649-L004,P00649,earned,2025-01-29,2025-02-10,12.0
P00649-L005,P00649,casual,2025-03-20,2025-03-29,8.6
P00649-L006,P00649,earned,2025-05-08,2025-05-23,15.0
P00649-L007,P00649,casual,2025-06-25,2025-07-04,8.8
P00649-L008,P00649,medical,2025-08-19,2025-08-29,9.7
P00649-L009,P00649,earned,2025-09-29,2025-10-02,2.8
P00649-L010,P00649,casual,2025-11-22,2025-11-28,6.0
P00649-L011,P00649,casual,2026-01-01,2026-01-05,4.7
P00649-L012,P00649,earned,2026-02-26,2026-03-19,21.4
P00649-L013,P00649,casual,2026-04-21,2026-04-26,5.1
P00649-L014,P00649,earned,2026-06-07,2026-06-23,16.5
P00649-L015,P00649,casual,2026-08-21,2026-08-28,7.0
P00650-L001,P00650,earned,2024-09-07,2024-09-14,7.0
P00650-L002,P00650,earned,2024-10-11,2024-10-17,5.8
P00650-L003,P00650,medical,2024-11-23,2024-12-07,13.4
P00650-L004,P00650,earned,2025-01-04,2025-01-09,5.0
P00650-L005,P00650,earned,2025-01-26,2025-02-11,15.4
P00650-L006,P00650,earned,2025-03-10,2025-03-18,7.6
P00650-L007,P00650,casual,2025-04-09,2025-04-20,10.6
P00650-L008,P00650,earned,2025-05-15,2025-05-30,14.7
P00650-L009,P00650,earned,2025-06-20,2025-07-02,11.8
P00650-L010,P00650,casual,2025-08-05,2025-08-11,5.7
P00650-L011,P00650,compensatory,2025-09-22,2025-09-26,4.4
P00650-L012,P00650,earned,2025-10-21,2025-10-29,8.3
P00650-L013,P00650,casual,2025-11-27,2025-12-06,8.9
P00650-L014,P00650,earned,2025-12-23,2026-01-04,12.0
P00650-L015,P00650,casual,2026-02-13,2026-02-21,8.5
P00650-L016,P00650,earned,2026-03-02,2026-03-09,6.5
P00650-L017,P00650,medical,2026-04-09,2026-04-19,10.9
P00650-L018,P00650,medical,2026-05-20,2026-06-04,15.6
P00650-L019,P00650,earned,2026-07-02,2026-07-04,2.4
P00650-L020,P00650,earned,2026-08-01,2026-08-07,6.0
P00651-L001,P00651,casual,2024-09-06,2024-09-08,1.8
P00651-L002,P00651,earned,2024-09-30,2024-10-08,7.7
P00651-L003,P00651,medical,2024-10-23,2024-10-28,5.3
P00651-L004,P00651,casual,2024-11-17,2024-11-24,7.2
P00651-L005,P00651,earned,2024-12-15,2024-12-20,4.9
P00651-L006,P00651,earned,2025-01-06,2025-01-14,7.2
P00651-L007,P00651,medical,2025-02-03,2025-02-14,11.8
P00651-L008,P00651,casual,2025-03-02,2025-03-04,2.8
P00651-L009,P00651,earned,2025-03-22,2025-03-25,3.3
P00651-L010,P00651,medical,2025-04-15,2025-04-17,1.4
P00651-L011,P00651,compensatory,2025-05-10,2025-05-14,3.8
P00651-L012,P00651,earned,2025-06-04,2025-06-08,3.7
P00651-L013,P00651,casual,2025-07-13,2025-07-21,7.4
P00651-L014,P00651,casual,2025-07-28,2025-08-05,7.6
P00651-L015,P00651,earned,2025-08-26,2025-08-28,2.7
P00651-L016,P00651,earned,2025-09-15,2025-09-18,2.5
P00651-L017,P00651,earned,2025-10-11,2025-10-19,7.4
P00651-L018,P00651,earned,2025-11-06,2025-11-09,2.8
P00651-L019,P00651,earned,2025-11-29,2025-12-03,4.1
P00651-L020,P00651,earned,2026-01-01,2026-01-03,2.8
P00651-L021,P00651,earned,2026-01-27,2026-02-03,6.6
P00651-L022,P00651,casual,2026-02-27,2026-03-06,7.7
P00651-L023,P00651,earned,2026-03-17,2026-03-27,9.8
P00651-L024,P00651,casual,2026-04-07,2026-04-16,8.3
P00651-L025,P00651,casual,2026-04-29,2026-05-08,8.4
P00651-L026,P00651,medical,2026-05-27,2026-06-06,9.3
P00651-L027,P00651,earned,2026-06-17,2026-06-20,3.1
P00651-L028,P00651,earned,2026-07-14,2026-07-27,13.2
P00651-L029,P00651,casual,2026-08-12,2026-08-17,5.1
P00652-L001,P00652,casual,2024-09-16,2024-09-21,5.2
P00652-L002,P00652,casual,2024-10-12,2024-10-23,11.1
P00652-L003,P00652,earned,2024-11-21,2024-12-06,15.2
P00652-L004,P00652,earned,2025-01-13,2025-01-23,10.1
P00652-L005,P00652,casual,2025-03-03,2025-03-09,6.4
P00652-L006,P00652,compensatory,2025-03-26,2025-04-11,16.4
P00652-L007,P00652,earned,2025-05-21,2025-05-28,6.7
P00652-L008,P00652,earned,2025-06-16,2025-06-24,8.2
P00652-L009,P00652,casual,2025-08-03,2025-08-16,13.4
P00652-L010,P00652,casual,2025-09-22,2025-10-01,9.1
P00652-L011,P00652,medical,2025-10-22,2025-11-05,14.0
P00652-L012,P00652,earned,2025-12-14,2025-12-25,10.5
P00652-L013,P00652,earned,2026-01-21,2026-01-27,5.8
P00652-L014,P00652,earned,2026-02-20,2026-02-25,4.4
P00652-L015,P00652,casual,2026-04-18,2026-04-28,10.0
P00652-L016,P00652,earned,2026-06-01,2026-06-07,6.1
P00652-L017,P00652,medical,2026-06-16,2026-07-01,15.1
P00652-L018,P00652,earned,2026-08-11,2026-08-23,12.5
P00653-L001,P00653,medical,2024-09-05,2024-09-06,1.1
P00653-L002,P00653,earned,2024-10-13,2024-10-20,7.2
P00653-L003,P00653,earned,2024-11-10,2024-11-19,9.4
P00653-L004,P00653,earned,2024-12-11,2024-12-15,4.3
P00653-L005,P00653,earned,2025-01-14,2025-01-30,15.8
P00653-L006,P00653,compensatory,2025-03-07,2025-03-09,2.4
P00653-L007,P00653,medical,2025-03-24,2025-03-29,4.8
P00653-L008,P00653,casual,2025-04-25,2025-05-02,7.1
P00653-L009,P00653,casual,2025-06-07,2025-06-17,9.7
P00653-L010,P00653,earned,2025-07-08,2025-07-12,4.6
P00653-L011,P00653,compensatory,2025-08-01,2025-08-16,14.9
P00653-L012,P00653,casual,2025-09-03,2025-09-11,7.8
P00653-L013,P00653,earned,2025-10-16,2025-10-19,2.9
P00653-L014,P00653,earned,2025-11-15,2025-11-22,7.7
P00653-L015,P00653,earned,2025-12-09,2025-12-19,10.1
P00653-L016,P00653,casual,2026-01-13,2026-01-27,13.8
P00653-L017,P00653,casual,2026-02-19,2026-02-21,2.6
P00653-L018,P00653,casual,2026-03-25,2026-04-03,8.6
P00653-L019,P00653,medical,2026-04-25,2026-05-04,8.8
P00653-L020,P00653,casual,2026-05-26,2026-05-28,2.4
P00653-L021,P00653,earned,2026-06-30,2026-07-10,10.4
P00653-L022,P00653,casual,2026-08-05,2026-08-17,11.5
P00654-L001,P00654,casual,2024-09-06,2024-09-09,2.2
P00654-L002,P00654,earned,2024-10-06,2024-10-11,4.6
P00654-L003,P00654,casual,2024-11-04,2024-11-06,2.2
P00654-L004,P00654,earned,2024-11-19,2024-11-24,5.0
P00654-L005,P00654,earned,2024-12-14,2024-12-21,7.4
P00654-L006,P00654,earned,2025-01-17,2025-01-21,4.1
P00654-L007,P00654,earned,2025-02-17,2025-02-23,6.2
P00654-L008,P00654,earned,2025-03-06,2025-03-13,6.8
P00654-L009,P00654,casual,2025-04-06,2025-04-09,2.8
P00654-L010,P00654,earned,2025-04-28,2025-05-13,14.3
P00654-L011,P00654,medical,2025-05-20,2025-05-25,4.8
P00654-L012,P00654,earned,2025-06-23,2025-06-26,3.0
P00654-L013,P00654,casual,2025-07-14,2025-07-18,3.9
P00654-L014,P00654,earned,2025-08-09,2025-08-17,8.1
P00654-L015,P00654,casual,2025-09-02,2025-09-04,2.6
P00654-L016,P00654,earned,2025-10-02,2025-10-04,2.6
P00654-L017,P00654,compensatory,2025-10-30,2025-11-03,4.4
P00654-L018,P00654,earned,2025-12-05,2025-12-08,2.9
P00654-L019,P00654,earned,2025-12-25,2025-12-30,5.6
P00654-L020,P00654,casual,2026-01-11,2026-01-16,5.1
P00654-L021,P00654,compensatory,2026-02-10,2026-02-15,5.1
P00654-L022,P00654,earned,2026-03-09,2026-03-19,9.3
P00654-L023,P00654,casual,2026-03-28,2026-04-11,13.5
P00654-L024,P00654,earned,2026-05-08,2026-05-12,3.9
P00654-L025,P00654,earned,2026-06-05,2026-06-11,6.3
P00654-L026,P00654,earned,2026-06-29,2026-07-05,6.0
P00654-L027,P00654,earned,2026-07-12,2026-07-17,5.5
P00654-L028,P00654,casual,2026-08-11,2026-08-20,9.2
P00655-L001,P00655,compensatory,2024-09-12,2024-10-02,20.4
P00655-L002,P00655,earned,2024-10-22,2024-10-29,7.1
P00655-L003,P00655,casual,2024-12-30,2025-01-07,7.5
P00655-L004,P00655,casual,2025-02-09,2025-02-19,10.7
P00655-L005,P00655,earned,2025-03-15,2025-03-23,7.8
P00655-L006,P00655,compensatory,2025-05-17,2025-06-06,19.8
P00655-L007,P00655,casual,2025-06-27,2025-07-11,13.8
P00655-L008,P00655,medical,2025-08-18,2025-08-24,6.2
P00655-L009,P00655,casual,2025-10-15,2025-10-25,9.9
P00655-L010,P00655,casual,2025-11-17,2025-11-25,7.8
P00655-L011,P00655,earned,2026-01-10,2026-01-19,9.3
P00655-L012,P00655,medical,2026-02-25,2026-03-11,14.3
P00655-L013,P00655,earned,2026-04-13,2026-05-07,23.7
P00655-L014,P00655,earned,2026-05-26,2026-06-05,9.9
P00655-L015,P00655,earned,2026-07-15,2026-07-22,7.1
P00656-L001,P00656,casual,2024-10-07,2024-10-21,14.7
P00656-L002,P00656,earned,2024-10-30,2024-11-07,7.7
P00656-L003,P00656,casual,2025-01-06,2025-01-20,13.2
P00656-L004,P00656,earned,2025-03-04,2025-03-11,7.3
P00656-L005,P00656,compensatory,2025-04-21,2025-05-08,17.1
P00656-L006,P00656,earned,2025-06-19,2025-06-24,5.5
P00656-L007,P00656,medical,2025-09-03,2025-09-12,8.7
P00656-L008,P00656,earned,2025-10-11,2025-10-27,15.2
P00656-L009,P00656,casual,2025-11-26,2025-12-11,15.4
P00656-L010,P00656,casual,2026-01-21,2026-02-07,17.7
P00656-L011,P00656,casual,2026-04-13,2026-04-27,14.3
P00656-L012,P00656,earned,2026-05-22,2026-06-10,19.2
P00656-L013,P00656,compensatory,2026-08-20,2026-08-23,3.1
P00657-L001,P00657,casual,2024-09-20,2024-09-25,5.1
P00657-L002,P00657,earned,2024-10-28,2024-11-18,21.1
P00657-L003,P00657,compensatory,2024-12-27,2025-01-08,11.8
P00657-L004,P00657,earned,2025-02-09,2025-03-11,30.0
P00657-L005,P00657,earned,2025-03-29,2025-04-09,11.0
P00657-L006,P00657,earned,2025-05-20,2025-05-29,8.6
P00657-L007,P00657,casual,2025-07-26,2025-07-31,4.9
P00657-L008,P00657,casual,2025-09-10,2025-09-16,5.9
P00657-L009,P00657,medical,2025-10-26,2025-11-02,6.8
P00657-L010,P00657,medical,2026-01-01,2026-01-19,17.4
P00657-L011,P00657,earned,2026-02-11,2026-02-14,3.3
P00657-L012,P00657,earned,2026-04-18,2026-04-20,1.7
P00657-L013,P00657,earned,2026-06-01,2026-06-15,13.8
P00657-L014,P00657,earned,2026-07-24,2026-08-03,9.5
P00658-L001,P00658,medical,2024-10-12,2024-10-20,8.4
P00658-L002,P00658,casual,2024-11-29,2024-12-07,7.2
P00658-L003,P00658,earned,2025-01-29,2025-02-06,8.2
P00658-L004,P00658,casual,2025-05-24,2025-05-31,7.1
P00658-L005,P00658,medical,2025-08-07,2025-08-12,5.6
P00658-L006,P00658,medical,2025-09-24,2025-10-08,14.3
P00658-L007,P00658,earned,2025-11-13,2025-11-18,5.8
P00658-L008,P00658,compensatory,2026-02-13,2026-02-22,9.1
P00658-L009,P00658,casual,2026-04-19,2026-04-26,6.8
P00658-L010,P00658,earned,2026-07-16,2026-07-25,8.7
P00659-L001,P00659,casual,2024-09-06,2024-09-19,13.6
P00659-L002,P00659,earned,2024-11-06,2024-11-13,7.4
P00659-L003,P00659,casual,2024-11-30,2024-12-14,14.3
P00659-L004,P00659,casual,2025-02-07,2025-02-14,7.7
P00659-L005,P00659,casual,2025-03-22,2025-03-28,6.8
P00659-L006,P00659,earned,2025-04-07,2025-04-13,6.2
P00659-L007,P00659,casual,2025-05-30,2025-06-10,11.0
P00659-L008,P00659,earned,2025-07-15,2025-07-19,4.2
P00659-L009,P00659,earned,2025-08-22,2025-09-04,13.3
P00659-L010,P00659,compensatory,2025-10-19,2025-10-22,3.0
P00659-L011,P00659,casual,2025-11-05,2025-11-14,8.7
P00659-L012,P00659,casual,2025-12-24,2026-01-01,7.3
P00659-L013,P00659,medical,2026-02-27,2026-03-04,5.0
P00659-L014,P00659,casual,2026-03-18,2026-03-24,6.0
P00659-L015,P00659,earned,2026-04-25,2026-05-03,8.0
P00659-L016,P00659,earned,2026-06-29,2026-07-16,17.7
P00659-L017,P00659,earned,2026-08-07,2026-08-11,3.4
P00660-L001,P00660,earned,2024-09-29,2024-10-10,11.6
P00660-L002,P00660,earned,2024-10-26,2024-10-31,5.1
P00660-L003,P00660,earned,2024-12-13,2024-12-30,16.8
P00660-L004,P00660,earned,2025-01-13,2025-01-25,11.9
P00660-L005,P00660,earned,2025-02-24,2025-03-12,16.4
P00660-L006,P00660,casual,2025-04-29,2025-05-08,9.5
P00660-L007,P00660,earned,2025-05-18,2025-06-01,14.0
P00660-L008,P00660,earned,2025-07-17,2025-07-21,3.2
P00660-L009,P00660,earned,2025-08-31,2025-09-09,9.0
P00660-L010,P00660,medical,2025-09-28,2025-10-09,11.9
P00660-L011,P00660,earned,2025-11-12,2025-11-18,6.8
P00660-L012,P00660,casual,2026-01-01,2026-01-22,21.2
P00660-L013,P00660,casual,2026-02-10,2026-02-20,10.5
P00660-L014,P00660,earned,2026-04-03,2026-04-15,12.2
P00660-L015,P00660,earned,2026-05-04,2026-05-17,13.3
P00660-L016,P00660,compensatory,2026-06-24,2026-07-04,10.1
P00660-L017,P00660,earned,2026-08-01,2026-08-11,10.5
P00661-L001,P00661,casual,2024-09-11,2024-09-20,8.2
P00661-L002,P00661,earned,2024-10-23,2024-10-27,4.3
P00661-L003,P00661,earned,2024-12-21,2025-01-04,13.7
P00661-L004,P00661,earned,2025-02-23,2025-03-05,9.7
P00661-L005,P00661,casual,2025-04-12,2025-04-29,17.2
P00661-L006,P00661,earned,2025-06-02,2025-06-13,10.1
P00661-L007,P00661,casual,2025-07-25,2025-08-09,15.9
P00661-L008,P00661,earned,2025-09-06,2025-09-16,10.2
P00661-L009,P00661,earned,2025-10-28,2025-11-08,11.4
P00661-L010,P00661,medical,2025-12-28,2026-01-08,11.3
P00661-L011,P00661,earned,2026-02-27,2026-03-07,8.3
P00661-L012,P00661,casual,2026-04-05,2026-04-18,12.6
P00661-L013,P00661,casual,2026-06-16,2026-06-18,2.2
P00661-L014,P00661,earned,2026-07-18,2026-08-03,15.5
P00662-L001,P00662,casual,2024-09-04,2024-09-16,11.9
P00662-L002,P00662,casual,2024-10-29,2024-11-05,6.6
P00662-L003,P00662,casual,2024-11-16,2024-11-20,3.3
P00662-L004,P00662,earned,2025-01-06,2025-01-14,7.9
P00662-L005,P00662,casual,2025-02-17,2025-02-19,2.8
P00662-L006,P00662,medical,2025-03-15,2025-04-02,17.9
P00662-L007,P00662,earned,2025-04-29,2025-05-05,5.7
P00662-L008,P00662,casual,2025-06-03,2025-06-15,11.5
P00662-L009,P00662,casual,2025-07-06,2025-07-20,14.2
P00662-L010,P00662,casual,2025-08-20,2025-09-02,13.3
P00662-L011,P00662,earned,2025-09-29,2025-10-02,2.7
P00662-L012,P00662,casual,2025-11-02,2025-11-08,5.8
P00662-L013,P00662,casual,2026-01-04,2026-01-08,3.9
P00662-L014,P00662,earned,2026-01-21,2026-02-01,11.7
P00662-L015,P00662,casual,2026-03-06,2026-03-17,10.9
P00662-L016,P00662,casual,2026-04-20,2026-04-24,4.1
P00662-L017,P00662,earned,2026-05-20,2026-05-29,8.8
P00662-L018,P00662,casual,2026-06-30,2026-07-09,9.1
P00662-L019,P00662,casual,2026-08-06,2026-08-12,6.4
P00663-L001,P00663,earned,2024-09-22,2024-09-27,5.7
P00663-L002,P00663,earned,2024-10-14,2024-10-28,14.6
P00663-L003,P00663,medical,2024-11-06,2024-11-12,6.9
P00663-L004,P00663,casual,2024-12-31,2025-01-06,6.2
P00663-L005,P00663,earned,2025-01-15,2025-01-24,9.3
P00663-L006,P00663,compensatory,2025-02-23,2025-02-28,5.4
P00663-L007,P00663,earned,2025-04-03,2025-04-12,8.8
P00663-L008,P00663,earned,2025-05-11,2025-05-19,7.6
P00663-L009,P00663,earned,2025-05-27,2025-06-08,11.2
P00663-L010,P00663,medical,2025-06-27,2025-07-02,5.1
P00663-L011,P00663,compensatory,2025-08-06,2025-08-15,8.8
P00663-L012,P00663,earned,2025-09-07,2025-09-13,6.0
P00663-L013,P00663,earned,2025-10-19,2025-10-21,2.0
P00663-L014,P00663,casual,2025-11-30,2025-12-07,7.4
P00663-L015,P00663,earned,2025-12-21,2025-12-24,3.0
P00663-L016,P00663,earned,2026-01-17,2026-01-21,3.8
P00663-L017,P00663,casual,2026-02-17,2026-03-02,13.7
P00663-L018,P00663,earned,2026-03-26,2026-03-30,4.6
P00663-L019,P00663,earned,2026-05-08,2026-05-13,4.4
P00663-L020,P00663,casual,2026-06-06,2026-06-12,6.3
P00663-L021,P00663,earned,2026-07-07,2026-07-14,6.3
P00663-L022,P00663,earned,2026-08-01,2026-08-09,8.0
P00664-L001,P00664,earned,2024-09-07,2024-09-11,3.1
P00664-L002,P00664,compensatory,2024-10-05,2024-10-08,2.9
P00664-L003,P00664,casual,2024-11-16,2024-11-26,10.3
P00664-L004,P00664,earned,2024-12-03,2024-12-06,3.1
P00664-L005,P00664,earned,2025-01-10,2025-01-14,4.3
P00664-L006,P00664,casual,2025-02-12,2025-02-19,7.3
P00664-L007,P00664,earned,2025-03-05,2025-03-12,6.4
P00664-L008,P00664,compensatory,2025-04-03,2025-04-07,4.0
P00664-L009,P00664,earned,2025-05-16,2025-05-23,6.6
P00664-L010,P00664,earned,2025-06-04,2025-06-07,3.3
P00664-L011,P00664,earned,2025-07-09,2025-07-16,6.4
P00664-L012,P00664,earned,2025-08-04,2025-08-09,5.5
P00664-L013,P00664,casual,2025-09-04,2025-09-10,5.9
P00664-L014,P00664,casual,2025-10-02,2025-10-07,5.2
P00664-L015,P00664,earned,2025-11-19,2025-11-24,5.0
P00664-L016,P00664,earned,2025-12-08,2025-12-11,3.7
P00664-L017,P00664,earned,2026-01-14,2026-01-18,4.1
P00664-L018,P00664,earned,2026-02-11,2026-02-17,5.7
P00664-L019,P00664,casual,2026-03-12,2026-03-15,3.3
P00664-L020,P00664,earned,2026-04-08,2026-04-16,7.9
P00664-L021,P00664,medical,2026-05-17,2026-05-22,4.5
P00664-L022,P00664,earned,2026-06-06,2026-06-09,2.1
P00664-L023,P00664,earned,2026-07-07,2026-07-13,5.8
P00664-L024,P00664,earned,2026-08-14,2026-08-20,6.1
P00665-L001,P00665,medical,2024-09-02,2024-09-12,9.6
P00665-L002,P00665,earned,2025-01-27,2025-02-05,9.2
P00665-L003,P00665,earned,2025-07-11,2025-07-23,11.8
P00665-L004,P00665,earned,2025-11-17,2025-11-21,3.8
P00665-L005,P00665,earned,2026-01-27,2026-02-08,11.5
P00665-L006,P00665,casual,2026-06-12,2026-06-15,3.3
P00666-L001,P00666,medical,2024-09-07,2024-09-23,16.3
P00666-L002,P00666,casual,2024-10-15,2024-10-25,10.3
P00666-L003,P00666,earned,2024-11-21,2024-11-25,3.3
P00666-L004,P00666,earned,2024-12-19,2024-12-28,8.7
P00666-L005,P00666,casual,2025-01-18,2025-02-03,15.9
P00666-L006,P00666,earned,2025-03-12,2025-03-15,3.1
P00666-L007,P00666,earned,2025-04-05,2025-04-12,7.3
P00666-L008,P00666,casual,2025-05-21,2025-05-24,3.2
P00666-L009,P00666,earned,2025-06-13,2025-06-19,5.7
P00666-L010,P00666,casual,2025-07-24,2025-07-28,3.6
P00666-L011,P00666,earned,2025-08-18,2025-08-31,12.4
P00666-L012,P00666,casual,2025-09-30,2025-10-05,5.4
P00666-L013,P00666,earned,2025-10-30,2025-11-08,9.0
P00666-L014,P00666,earned,2025-11-28,2025-12-02,3.5
P00666-L015,P00666,earned,2026-01-06,2026-01-12,6.3
P00666-L016,P00666,earned,2026-02-21,2026-02-25,3.5
P00666-L017,P00666,earned,2026-03-11,2026-03-21,10.0
P00666-L018,P00666,medical,2026-05-02,2026-05-13,11.0
P00666-L019,P00666,casual,2026-05-21,2026-05-28,6.4
P00666-L020,P00666,earned,2026-06-29,2026-07-10,10.7
P00666-L021,P00666,compensatory,2026-08-08,2026-08-11,3.6
P00667-L001,P00667,medical,2024-10-08,2024-10-10,1.6
P00667-L002,P00667,earned,2024-11-09,2024-12-07,28.1
P00667-L003,P00667,earned,2024-12-22,2025-01-01,10.2
P00667-L004,P00667,medical,2025-02-12,2025-02-22,10.7
P00667-L005,P00667,earned,2025-04-16,2025-04-19,3.2
P00667-L006,P00667,earned,2025-06-08,2025-06-21,13.2
P00667-L007,P00667,earned,2025-07-14,2025-07-23,9.2
P00667-L008,P00667,casual,2025-09-02,2025-09-16,13.5
P00667-L009,P00667,casual,2025-10-30,2025-11-04,5.8
P00667-L010,P00667,earned,2025-12-25,2026-01-02,8.3
P00667-L011,P00667,casual,2026-02-12,2026-02-19,6.6
P00667-L012,P00667,earned,2026-04-17,2026-04-23,5.6
P00667-L013,P00667,casual,2026-06-19,2026-06-29,9.8
P00667-L014,P00667,earned,2026-08-01,2026-08-20,18.5
P00668-L001,P00668,earned,2024-09-07,2024-09-13,5.7
P00668-L002,P00668,casual,2024-11-03,2024-11-18,15.5
P00668-L003,P00668,compensatory,2025-01-02,2025-01-30,28.2
P00668-L004,P00668,casual,2025-04-03,2025-04-09,5.7
P00668-L005,P00668,earned,2025-06-06,2025-06-18,12.6
P00668-L006,P00668,earned,2025-07-14,2025-07-24,9.7
P00668-L007,P00668,earned,2025-09-03,2025-09-12,9.1
P00668-L008,P00668,earned,2025-11-05,2025-11-10,4.6
P00668-L009,P00668,earned,2026-01-23,2026-01-29,6.4
P00668-L010,P00668,earned,2026-03-09,2026-03-21,12.3
P00668-L011,P00668,earned,2026-06-07,2026-06-12,5.0
P00668-L012,P00668,medical,2026-07-08,2026-08-07,30.0
P00669-L001,P00669,earned,2024-09-15,2024-09-27,11.9
P00669-L002,P00669,earned,2024-10-05,2024-10-10,5.7
P00669-L003,P00669,compensatory,2024-11-15,2024-11-20,4.9
P00669-L004,P00669,compensatory,2024-12-15,2024-12-25,10.5
P00669-L005,P00669,casual,2025-01-28,2025-02-05,8.4
P00669-L006,P00669,earned,2025-03-08,2025-03-18,10.0
P00669-L007,P00669,medical,2025-03-31,2025-04-19,19.3
P00669-L008,P00669,compensatory,2025-05-07,2025-05-13,6.3
P00669-L009,P00669,casual,2025-06-15,2025-06-25,10.3
P00669-L010,P00669,compensatory,2025-07-21,2025-07-26,4.8
P00669-L011,P00669,earned,2025-08-24,2025-08-31,7.3
P00669-L012,P00669,earned,2025-09-28,2025-10-12,13.9
P00669-L013,P00669,earned,2025-10-28,2025-11-03,5.3
P00669-L014,P00669,medical,2025-11-30,2025-12-08,7.2
P00669-L015,P00669,earned,2026-01-11,2026-01-19,8.2
P00669-L016,P00669,compensatory,2026-02-05,2026-02-17,12.0
P00669-L017,P00669,earned,2026-03-11,2026-03-23,12.1
P00669-L018,P00669,earned,2026-04-17,2026-05-06,18.7
P00669-L019,P00669,compensatory,2026-05-25,2026-06-03,8.6
P00669-L020,P00669,earned,2026-06-24,2026-06-30,6.3
P00669-L021,P00669,earned,2026-08-01,2026-08-09,8.4
P00670-L001,P00670,compensatory,2024-09-25,2024-10-02,7.1
P00670-L002,P00670,casual,2024-11-12,2024-11-28,16.3
P00670-L003,P00670,casual,2025-02-09,2025-02-18,9.3
P00670-L004,P00670,earned,2025-04-12,2025-04-27,15.3
P00670-L005,P00670,casual,2025-07-05,2025-07-16,10.9
P00670-L006,P00670,casual,2025-08-05,2025-08-13,8.9
P00670-L007,P00670,earned,2025-11-11,2025-11-23,12.3
P00670-L008,P00670,medical,2026-01-08,2026-01-15,7.1
P00670-L009,P00670,earned,2026-03-09,2026-03-12,2.6
P00670-L010,P00670,casual,2026-05-02,2026-05-08,6.4
P00670-L011,P00670,earned,2026-08-03,2026-08-15,12.5
P00671-L001,P00671,casual,2024-09-06,2024-09-14,8.2
P00671-L002,P00671,casual,2024-10-19,2024-10-27,7.8
P00671-L003,P00671,earned,2024-12-18,2025-01-03,16.2
P00671-L004,P00671,earned,2025-01-23,2025-02-02,9.6
P00671-L005,P00671,earned,2025-03-02,2025-03-07,4.7
P00671-L006,P00671,earned,2025-04-17,2025-04-24,6.6
P00671-L007,P00671,earned,2025-06-11,2025-06-14,3.7
P00671-L008,P00671,earned,2025-08-06,2025-08-13,7.7
P00671-L009,P00671,earned,2025-09-23,2025-09-30,6.7
P00671-L010,P00671,casual,2025-10-26,2025-11-08,12.6
P00671-L011,P00671,earned,2025-12-10,2025-12-15,4.7
P00671-L012,P00671,medical,2026-01-27,2026-02-11,14.3
P00671-L013,P00671,earned,2026-03-08,2026-03-24,16.1
P00671-L014,P00671,earned,2026-05-10,2026-05-21,10.3
P00671-L015,P00671,earned,2026-06-04,2026-06-09,5.0
P00671-L016,P00671,medical,2026-08-08,2026-08-26,17.4
P00672-L001,P00672,medical,2024-09-02,2024-09-08,6.2
P00672-L002,P00672,earned,2024-10-23,2024-10-28,5.0
P00672-L003,P00672,earned,2024-12-20,2024-12-25,5.3
P00672-L004,P00672,earned,2025-01-29,2025-02-03,4.9
P00672-L005,P00672,casual,2025-04-03,2025-04-22,19.1
P00672-L006,P00672,earned,2025-05-03,2025-05-11,8.3
P00672-L007,P00672,earned,2025-07-05,2025-07-24,19.5
P00672-L008,P00672,medical,2025-08-15,2025-08-21,6.1
P00672-L009,P00672,earned,2025-09-28,2025-10-06,8.2
P00672-L010,P00672,casual,2025-12-07,2025-12-15,7.4
P00672-L011,P00672,casual,2026-01-08,2026-01-17,9.2
P00672-L012,P00672,casual,2026-02-23,2026-03-09,14.0
P00672-L013,P00672,earned,2026-04-25,2026-05-01,5.9
P00672-L014,P00672,earned,2026-06-01,2026-06-08,6.8
P00672-L015,P00672,earned,2026-07-23,2026-08-08,16.3
P00673-L001,P00673,compensatory,2024-09-22,2024-09-25,2.9
P00673-L002,P00673,earned,2024-10-10,2024-10-14,3.9
P00673-L003,P00673,earned,2024-11-04,2024-11-11,7.6
P00673-L004,P00673,casual,2024-12-14,2024-12-21,6.4
P00673-L005,P00673,casual,2025-01-16,2025-01-25,9.0
P00673-L006,P00673,casual,2025-02-12,2025-02-19,6.6
P00673-L007,P00673,earned,2025-03-23,2025-03-28,5.0
P00673-L008,P00673,earned,2025-04-13,2025-04-19,5.7
P00673-L009,P00673,earned,2025-06-04,2025-06-07,3.4
P00673-L010,P00673,earned,2025-06-24,2025-07-02,8.3
P00673-L011,P00673,earned,2025-07-19,2025-07-31,11.4
P00673-L012,P00673,casual,2025-08-15,2025-08-30,14.3
P00673-L013,P00673,earned,2025-10-11,2025-10-15,4.0
P00673-L014,P00673,earned,2025-11-11,2025-11-14,3.4
P00673-L015,P00673,earned,2025-11-21,2025-12-04,12.9
P00673-L016,P00673,casual,2025-12-22,2025-12-30,8.6
P00673-L017,P00673,casual,2026-01-30,2026-02-06,6.2
P00673-L018,P00673,earned,2026-03-10,2026-03-21,10.5
P00673-L019,P00673,earned,2026-03-26,2026-03-30,3.9
P00673-L020,P00673,earned,2026-05-02,2026-05-09,7.1
P00673-L021,P00673,earned,2026-06-14,2026-06-21,6.5
P00673-L022,P00673,casual,2026-07-13,2026-07-17,4.0
P00673-L023,P00673,earned,2026-08-03,2026-08-21,17.5
P00674-L001,P00674,earned,2024-09-06,2024-09-14,8.1
P00674-L002,P00674,earned,2024-10-14,2024-10-22,8.9
P00674-L003,P00674,medical,2024-11-20,2024-11-24,3.8
P00674-L004,P00674,earned,2025-01-11,2025-01-17,5.6
P00674-L005,P00674,medical,2025-02-04,2025-02-10,5.8
P00674-L006,P00674,earned,2025-03-14,2025-03-21,6.5
P00674-L007,P00674,casual,2025-05-09,2025-05-12,3.0
P00674-L008,P00674,casual,2025-06-23,2025-06-27,3.7
P00674-L009,P00674,casual,2025-07-15,2025-07-23,8.4
P00674-L010,P00674,medical,2025-08-26,2025-09-05,10.2
P00674-L011,P00674,casual,2025-09-27,2025-10-03,6.0
P00674-L012,P00674,earned,2025-10-31,2025-11-02,2.6
P00674-L013,P00674,casual,2025-12-25,2026-01-02,8.2
P00674-L014,P00674,earned,2026-01-15,2026-01-28,12.8
P00674-L015,P00674,earned,2026-02-22,2026-02-25,3.5
P00674-L016,P00674,casual,2026-04-11,2026-04-15,3.4
P00674-L017,P00674,earned,2026-05-17,2026-05-21,3.5
P00674-L018,P00674,casual,2026-06-21,2026-06-28,6.4
P00674-L019,P00674,casual,2026-08-17,2026-08-22,5.1
P00675-L001,P00675,earned,2024-09-14,2024-09-19,4.8
P00675-L002,P00675,earned,2024-10-11,2024-10-21,10.0
P00675-L003,P00675,earned,2024-11-30,2024-12-01,1.0
P00675-L004,P00675,earned,2025-01-13,2025-01-20,6.5
P00675-L005,P00675,casual,2025-02-06,2025-02-07,1.2
P00675-L006,P00675,earned,2025-03-21,2025-03-28,6.2
P00675-L007,P00675,casual,2025-04-21,2025-04-28,6.5
P00675-L008,P00675,casual,2025-06-10,2025-06-12,1.9
P00675-L009,P00675,compensatory,2025-07-15,2025-07-17,2.0
P00675-L010,P00675,earned,2025-08-21,2025-08-24,3.5
P00675-L011,P00675,earned,2025-09-21,2025-09-24,2.6
P00675-L012,P00675,earned,2025-11-15,2025-11-19,4.4
P00675-L013,P00675,medical,2025-12-09,2025-12-12,2.2
P00675-L014,P00675,medical,2026-01-22,2026-01-26,3.5
P00675-L015,P00675,earned,2026-02-28,2026-03-03,2.1
P00675-L016,P00675,earned,2026-04-03,2026-04-04,1.1
P00675-L017,P00675,compensatory,2026-05-09,2026-05-12,3.2
P00675-L018,P00675,earned,2026-07-03,2026-07-11,8.2
P00675-L019,P00675,casual,2026-07-29,2026-08-03,5.0
P00676-L001,P00676,medical,2024-08-31,2024-09-05,4.2
P00676-L002,P00676,earned,2024-10-11,2024-10-16,5.6
P00676-L003,P00676,medical,2024-11-13,2024-11-19,6.2
P00676-L004,P00676,earned,2024-12-09,2024-12-21,12.8
P00676-L005,P00676,earned,2025-01-22,2025-01-28,6.5
P00676-L006,P00676,casual,2025-02-18,2025-02-23,5.3
P00676-L007,P00676,earned,2025-03-27,2025-04-08,11.4
P00676-L008,P00676,casual,2025-05-01,2025-05-12,10.6
P00676-L009,P00676,earned,2025-05-28,2025-06-08,11.7
P00676-L010,P00676,casual,2025-06-28,2025-07-06,8.0
P00676-L011,P00676,earned,2025-08-09,2025-08-11,1.9
P00676-L012,P00676,earned,2025-09-09,2025-09-16,6.4
P00676-L013,P00676,casual,2025-10-12,2025-10-26,14.1
P00676-L014,P00676,earned,2025-11-09,2025-11-11,2.4
P00676-L015,P00676,earned,2025-12-13,2025-12-22,8.9
P00676-L016,P00676,earned,2026-01-12,2026-01-19,7.4
P00676-L017,P00676,earned,2026-02-15,2026-02-24,8.4
P00676-L018,P00676,earned,2026-03-20,2026-03-22,1.6
P00676-L019,P00676,earned,2026-04-23,2026-05-04,10.7
P00676-L020,P00676,compensatory,2026-06-02,2026-06-08,5.9
P00676-L021,P00676,earned,2026-06-30,2026-07-08,8.9
P00676-L022,P00676,earned,2026-08-11,2026-08-20,9.0
P00677-L001,P00677,earned,2024-09-11,2024-09-25,13.3
P00677-L002,P00677,earned,2024-11-06,2024-11-16,9.8
P00677-L003,P00677,earned,2025-01-01,2025-01-05,3.9
P00677-L004,P00677,casual,2025-02-23,2025-03-06,10.5
P00677-L005,P00677,earned,2025-04-20,2025-05-12,21.7
P00677-L006,P00677,casual,2025-06-14,2025-06-22,7.5
P00677-L007,P00677,casual,2025-07-21,2025-08-03,13.8
P00677-L008,P00677,earned,2025-09-06,2025-09-10,3.9
P00677-L009,P00677,casual,2025-11-11,2025-11-14,3.0
P00677-L010,P00677,casual,2025-12-23,2026-01-07,15.1
P00677-L011,P00677,casual,2026-02-10,2026-02-18,7.6
P00677-L012,P00677,casual,2026-04-19,2026-04-26,7.3
P00677-L013,P00677,casual,2026-05-25,2026-06-02,8.1
P00677-L014,P00677,casual,2026-07-17,2026-08-03,17.1
P00678-L001,P00678,earned,2024-09-01,2024-09-15,13.8
P00678-L002,P00678,compensatory,2024-10-18,2024-10-26,7.9
P00678-L003,P00678,casual,2024-12-03,2024-12-06,2.8
P00678-L004,P00678,earned,2025-01-11,2025-01-21,10.2
P00678-L005,P00678,earned,2025-03-11,2025-03-19,8.1
P00678-L006,P00678,medical,2025-03-31,2025-04-08,7.5
P00678-L007,P00678,earned,2025-05-06,2025-05-10,4.7
P00678-L008,P00678,earned,2025-06-15,2025-06-17,2.5
P00678-L009,P00678,casual,2025-07-22,2025-08-04,12.5
P00678-L010,P00678,earned,2025-09-01,2025-09-14,13.2
P00678-L011,P00678,casual,2025-10-14,2025-10-20,6.0
P00678-L012,P00678,medical,2025-12-15,2025-12-18,2.1
P00678-L013,P00678,casual,2026-01-12,2026-01-18,6.1
P00678-L014,P00678,earned,2026-02-26,2026-03-04,5.1
P00678-L015,P00678,earned,2026-04-05,2026-04-18,12.4
P00678-L016,P00678,compensatory,2026-05-10,2026-05-18,8.5
P00678-L017,P00678,casual,2026-06-22,2026-07-08,15.7
P00678-L018,P00678,earned,2026-07-23,2026-07-28,5.0
P00679-L001,P00679,earned,2024-09-12,2024-09-17,4.6
P00679-L002,P00679,medical,2025-01-16,2025-01-31,15.0
P00679-L003,P00679,earned,2025-04-16,2025-04-22,5.9
P00679-L004,P00679,earned,2025-08-16,2025-08-23,7.5
P00679-L005,P00679,casual,2026-01-04,2026-01-15,11.0
P00679-L006,P00679,earned,2026-02-06,2026-02-14,7.5
P00679-L007,P00679,earned,2026-05-25,2026-05-31,6.2
P00680-L001,P00680,earned,2024-09-01,2024-09-09,8.3
P00680-L002,P00680,earned,2024-10-10,2024-10-17,7.0
P00680-L003,P00680,casual,2024-11-04,2024-11-05,1.2
P00680-L004,P00680,compensatory,2024-12-07,2024-12-29,21.4
P00680-L005,P00680,earned,2025-01-24,2025-01-29,5.0
P00680-L006,P00680,compensatory,2025-02-07,2025-02-10,3.8
P00680-L007,P00680,medical,2025-03-21,2025-03-28,6.2
P00680-L008,P00680,casual,2025-04-14,2025-04-21,7.2
P00680-L009,P00680,casual,2025-05-24,2025-05-28,3.9
P00680-L010,P00680,earned,2025-06-22,2025-07-01,9.1
P00680-L011,P00680,casual,2025-07-21,2025-08-07,17.2
P00680-L012,P00680,earned,2025-09-07,2025-09-11,3.6
P00680-L013,P00680,casual,2025-09-21,2025-10-03,12.6
P00680-L014,P00680,earned,2025-10-21,2025-10-29,7.8
P00680-L015,P00680,earned,2025-11-24,2025-11-29,4.2
P00680-L016,P00680,earned,2026-01-11,2026-01-16,4.2
P00680-L017,P00680,earned,2026-01-28,2026-02-06,8.7
P00680-L018,P00680,casual,2026-03-02,2026-03-16,14.1
P00680-L019,P00680,casual,2026-04-13,2026-04-22,8.6
P00680-L020,P00680,earned,2026-05-06,2026-05-18,12.4
P00680-L021,P00680,casual,2026-06-11,2026-06-19,8.2
P00680-L022,P00680,earned,2026-06-30,2026-07-03,3.7
P00680-L023,P00680,earned,2026-08-04,2026-08-20,15.7
P00681-L001,P00681,earned,2024-09-23,2024-10-05,11.8
P00681-L002,P00681,medical,2024-10-14,2024-10-25,11.4
P00681-L003,P00681,earned,2024-12-11,2024-12-12,1.2
P00681-L004,P00681,casual,2024-12-29,2025-01-12,14.6
P00681-L005,P00681,compensatory,2025-02-09,2025-02-19,10.2
P00681-L006,P00681,casual,2025-03-12,2025-03-22,10.3
P00681-L007,P00681,earned,2025-04-25,2025-04-28,2.8
P00681-L008,P00681,casual,2025-06-01,2025-06-09,8.1
P00681-L009,P00681,casual,2025-07-14,2025-07-28,14.5
P00681-L010,P00681,medical,2025-08-31,2025-09-04,3.4
P00681-L011,P00681,earned,2025-09-22,2025-09-30,8.4
P00681-L012,P00681,compensatory,2025-11-10,2025-11-19,8.9
P00681-L013,P00681,medical,2025-12-13,2025-12-27,14.0
P00681-L014,P00681,earned,2026-01-30,2026-02-09,10.4
P00681-L015,P00681,earned,2026-03-07,2026-03-18,11.3
P00681-L016,P00681,compensatory,2026-04-13,2026-05-01,18.7
P00681-L017,P00681,casual,2026-05-17,2026-06-02,15.7
P00681-L018,P00681,earned,2026-06-22,2026-07-07,14.6
P00681-L019,P00681,earned,2026-07-31,2026-08-09,9.8
P00682-L001,P00682,casual,2024-09-19,2024-09-29,9.9
P00682-L002,P00682,earned,2024-10-13,2024-10-15,2.6
P00682-L003,P00682,earned,2024-11-20,2024-12-09,18.9
P00682-L004,P00682,casual,2024-12-31,2025-01-09,9.1
P00682-L005,P00682,earned,2025-02-18,2025-02-22,3.8
P00682-L006,P00682,earned,2025-03-14,2025-04-08,24.7
P00682-L007,P00682,earned,2025-04-21,2025-05-15,24.0
P00682-L008,P00682,medical,2025-06-06,2025-06-19,13.6
P00682-L009,P00682,earned,2025-07-15,2025-07-24,8.8
P00682-L010,P00682,earned,2025-08-31,2025-09-09,8.3
P00682-L011,P00682,earned,2025-09-22,2025-09-30,7.8
P00682-L012,P00682,earned,2025-10-31,2025-11-08,7.6
P00682-L013,P00682,compensatory,2025-12-19,2025-12-28,8.5
P00682-L014,P00682,casual,2026-01-23,2026-02-03,10.8
P00682-L015,P00682,casual,2026-03-10,2026-03-12,1.6
P00682-L016,P00682,casual,2026-04-03,2026-04-11,7.7
P00682-L017,P00682,medical,2026-05-21,2026-06-07,16.5
P00682-L018,P00682,casual,2026-06-18,2026-06-22,4.0
P00682-L019,P00682,earned,2026-08-13,2026-08-25,11.8
P00683-L001,P00683,earned,2024-09-12,2024-09-19,6.6
P00683-L002,P00683,compensatory,2024-10-28,2024-11-11,13.8
P00683-L003,P00683,earned,2024-12-09,2024-12-20,10.2
P00683-L004,P00683,medical,2025-01-26,2025-02-04,8.8
P00683-L005,P00683,medical,2025-03-02,2025-03-08,5.6
P00683-L006,P00683,earned,2025-05-08,2025-05-14,6.0
P00683-L007,P00683,casual,2025-06-07,2025-06-12,4.8
P00683-L008,P00683,earned,2025-08-07,2025-08-13,5.4
P00683-L009,P00683,medical,2025-09-06,2025-09-12,5.8
P00683-L010,P00683,casual,2025-10-27,2025-11-03,6.7
P00683-L011,P00683,compensatory,2025-12-21,2025-12-25,4.6
P00683-L012,P00683,earned,2026-01-22,2026-01-28,5.7
P00683-L013,P00683,earned,2026-03-05,2026-03-23,17.6
P00683-L014,P00683,casual,2026-05-04,2026-05-11,7.2
P00683-L015,P00683,earned,2026-06-02,2026-06-10,7.4
P00683-L016,P00683,earned,2026-07-21,2026-07-25,3.4
P00684-L001,P00684,casual,2024-09-12,2024-09-16,4.1
P00684-L002,P00684,compensatory,2025-02-21,2025-03-05,12.1
P00684-L003,P00684,earned,2025-08-02,2025-08-10,8.3
P00684-L004,P00684,casual,2025-12-27,2025-12-31,3.9
P00684-L005,P00684,earned,2026-07-07,2026-07-14,7.1
P00685-L001,P00685,medical,2024-09-05,2024-09-18,13.3
P00685-L002,P00685,casual,2024-10-26,2024-11-09,14.0
P00685-L003,P00685,earned,2024-12-06,2024-12-14,7.6
P00685-L004,P00685,casual,2025-01-16,2025-01-30,14.0
P00685-L005,P00685,casual,2025-03-28,2025-04-08,10.3
P00685-L006,P00685,earned,2025-04-21,2025-05-02,10.8
P00685-L007,P00685,earned,2025-06-15,2025-06-21,5.7
P00685-L008,P00685,earned,2025-07-29,2025-08-02,3.9
P00685-L009,P00685,compensatory,2025-09-04,2025-09-26,22.1
P00685-L010,P00685,earned,2025-10-25,2025-11-11,16.8
P00685-L011,P00685,casual,2025-12-08,2025-12-15,7.7
P00685-L012,P00685,medical,2026-01-26,2026-02-03,7.4
P00685-L013,P00685,casual,2026-03-07,2026-03-16,8.6
P00685-L014,P00685,earned,2026-04-22,2026-05-04,11.6
P00685-L015,P00685,medical,2026-06-09,2026-06-14,5.4
P00685-L016,P00685,medical,2026-08-03,2026-08-17,14.2
P00686-L001,P00686,earned,2024-09-01,2024-09-12,11.6
P00686-L002,P00686,earned,2024-10-09,2024-10-15,5.8
P00686-L003,P00686,casual,2024-11-06,2024-11-14,7.6
P00686-L004,P00686,earned,2024-12-19,2024-12-27,7.3
P00686-L005,P00686,medical,2025-01-28,2025-02-08,11.0
P00686-L006,P00686,compensatory,2025-02-14,2025-02-17,2.8
P00686-L007,P00686,casual,2025-03-24,2025-03-30,5.7
P00686-L008,P00686,casual,2025-05-05,2025-05-14,8.5
P00686-L009,P00686,earned,2025-05-27,2025-06-01,5.4
P00686-L010,P00686,medical,2025-06-29,2025-07-06,7.6
P00686-L011,P00686,casual,2025-07-30,2025-08-05,5.8
P00686-L012,P00686,medical,2025-09-07,2025-09-10,2.7
P00686-L013,P00686,casual,2025-10-11,2025-10-18,6.7
P00686-L014,P00686,earned,2025-11-10,2025-11-18,8.1
P00686-L015,P00686,medical,2025-12-23,2026-01-02,10.7
P00686-L016,P00686,earned,2026-01-16,2026-01-23,7.0
P00686-L017,P00686,earned,2026-02-19,2026-03-06,14.4
P00686-L018,P00686,casual,2026-03-22,2026-03-30,8.4
P00686-L019,P00686,earned,2026-05-09,2026-05-17,8.0
P00686-L020,P00686,earned,2026-05-24,2026-05-29,4.7
P00686-L021,P00686,casual,2026-07-02,2026-07-14,12.2
P00686-L022,P00686,earned,2026-08-13,2026-08-20,7.2
P00687-L001,P00687,casual,2024-10-05,2024-10-10,4.9
P00687-L002,P00687,earned,2024-10-19,2024-10-29,10.2
P00687-L003,P00687,casual,2024-12-21,2024-12-27,6.6
P00687-L004,P00687,earned,2025-01-25,2025-02-04,9.4
P00687-L005,P00687,compensatory,2025-04-08,2025-04-28,20.1
P00687-L006,P00687,earned,2025-05-05,2025-05-17,12.5
P00687-L007,P00687,medical,2025-06-26,2025-07-16,19.8
P00687-L008,P00687,casual,2025-08-14,2025-08-24,10.6
P00687-L009,P00687,earned,2025-10-07,2025-10-13,6.1
P00687-L010,P00687,earned,2025-11-21,2025-12-01,10.4
P00687-L011,P00687,medical,2026-01-16,2026-01-22,6.8
P00687-L012,P00687,casual,2026-02-21,2026-03-08,15.1
P00687-L013,P00687,casual,2026-04-22,2026-04-30,8.1
P00687-L014,P00687,casual,2026-05-29,2026-06-01,2.6
P00687-L015,P00687,medical,2026-08-03,2026-08-09,6.0
P00688-L001,P00688,earned,2024-09-04,2024-09-08,4.2
P00688-L002,P00688,compensatory,2024-10-07,2024-10-11,4.0
P00688-L003,P00688,casual,2024-11-07,2024-11-09,2.0
P00688-L004,P00688,earned,2024-12-18,2024-12-25,7.2
P00688-L005,P00688,earned,2025-01-09,2025-01-12,3.1
P00688-L006,P00688,earned,2025-02-04,2025-02-16,12.5
P00688-L007,P00688,earned,2025-03-08,2025-03-18,10.8
P00688-L008,P00688,earned,2025-04-11,2025-04-17,5.9
P00688-L009,P00688,medical,2025-05-18,2025-05-22,3.8
P00688-L010,P00688,casual,2025-06-17,2025-06-26,9.0
P00688-L011,P00688,medical,2025-07-04,2025-07-07,3.2
P00688-L012,P00688,casual,2025-08-08,2025-08-15,6.7
P00688-L013,P00688,earned,2025-08-31,2025-09-06,5.1
P00688-L014,P00688,earned,2025-10-04,2025-10-16,12.1
P00688-L015,P00688,earned,2025-11-20,2025-11-26,5.6
P00688-L016,P00688,earned,2025-12-21,2025-12-28,7.0
P00688-L017,P00688,casual,2026-01-02,2026-01-17,14.3
P00688-L018,P00688,medical,2026-02-02,2026-02-09,7.1
P00688-L019,P00688,earned,2026-03-05,2026-03-10,5.2
P00688-L020,P00688,casual,2026-04-17,2026-04-20,3.2
P00688-L021,P00688,casual,2026-05-13,2026-05-20,6.9
P00688-L022,P00688,medical,2026-06-13,2026-06-18,5.3
P00688-L023,P00688,earned,2026-07-10,2026-07-17,6.8
P00688-L024,P00688,casual,2026-08-21,2026-08-29,7.6
P00689-L001,P00689,casual,2024-09-21,2024-09-24,3.3
P00689-L002,P00689,compensatory,2024-10-13,2024-10-19,6.0
P00689-L003,P00689,casual,2024-11-08,2024-11-18,9.7
P00689-L004,P00689,casual,2024-12-15,2024-12-24,8.9
P00689-L005,P00689,earned,2025-01-05,2025-01-22,16.6
P00689-L006,P00689,casual,2025-02-16,2025-02-24,7.3
P00689-L007,P00689,casual,2025-03-12,2025-03-20,8.2
P00689-L008,P00689,casual,2025-04-13,2025-04-18,5.1
P00689-L009,P00689,casual,2025-05-19,2025-05-26,7.3
P00689-L010,P00689,casual,2025-06-28,2025-07-03,4.5
P00689-L011,P00689,earned,2025-07-23,2025-07-26,2.4
P00689-L012,P00689,earned,2025-08-24,2025-08-26,2.2
P00689-L013,P00689,casual,2025-09-18,2025-09-23,5.3
P00689-L014,P00689,earned,2025-10-22,2025-11-04,12.9
P00689-L015,P00689,earned,2025-11-25,2025-12-01,5.4
P00689-L016,P00689,earned,2025-12-21,2026-01-03,12.9
P00689-L017,P00689,earned,2026-01-31,2026-02-07,6.8
P00689-L018,P00689,earned,2026-03-02,2026-03-12,9.7
P00689-L019,P00689,earned,2026-04-11,2026-04-16,4.3
P00689-L020,P00689,compensatory,2026-05-01,2026-05-05,3.1
P00689-L021,P00689,earned,2026-06-01,2026-06-06,4.9
P00689-L022,P00689,earned,2026-07-08,2026-07-15,6.5
P00689-L023,P00689,casual,2026-08-02,2026-08-17,15.0
P00690-L001,P00690,earned,2024-09-05,2024-09-15,10.0
P00690-L002,P00690,casual,2024-10-21,2024-10-25,4.3
P00690-L003,P00690,casual,2024-11-26,2024-12-10,13.7
P00690-L004,P00690,earned,2025-01-20,2025-02-04,15.4
P00690-L005,P00690,casual,2025-02-23,2025-03-06,10.6
P00690-L006,P00690,earned,2025-04-04,2025-04-09,5.6
P00690-L007,P00690,casual,2025-05-23,2025-06-02,9.7
P00690-L008,P00690,medical,2025-07-03,2025-07-17,14.0
P00690-L009,P00690,medical,2025-08-14,2025-08-29,14.5
P00690-L010,P00690,medical,2025-09-30,2025-10-07,7.1
P00690-L011,P00690,earned,2025-11-18,2025-11-22,4.3
P00690-L012,P00690,earned,2025-12-20,2025-12-29,9.3
P00690-L013,P00690,casual,2026-02-09,2026-02-17,8.0
P00690-L014,P00690,casual,2026-03-13,2026-03-22,8.8
P00690-L015,P00690,compensatory,2026-05-06,2026-05-09,3.1
P00690-L016,P00690,earned,2026-06-17,2026-06-23,6.2
P00690-L017,P00690,medical,2026-07-30,2026-08-01,1.7
P00691-L001,P00691,earned,2024-09-08,2024-09-18,9.8
P00691-L002,P00691,casual,2024-10-06,2024-10-11,5.0
P00691-L003,P00691,earned,2024-11-13,2024-11-16,2.4
P00691-L004,P00691,casual,2024-11-27,2024-12-08,11.0
P00691-L005,P00691,earned,2024-12-25,2024-12-27,1.4
P00691-L006,P00691,earned,2025-01-18,2025-01-28,9.9
P00691-L007,P00691,casual,2025-02-11,2025-02-18,7.2
P00691-L008,P00691,earned,2025-03-11,2025-03-14,2.8
P00691-L009,P00691,earned,2025-04-10,2025-04-17,7.0
P00691-L010,P00691,casual,2025-05-10,2025-05-15,4.7
P00691-L011,P00691,earned,2025-06-14,2025-06-16,2.3
P00691-L012,P00691,casual,2025-06-30,2025-07-06,6.2
P00691-L013,P00691,earned,2025-07-25,2025-07-29,3.8
P00691-L014,P00691,earned,2025-08-22,2025-09-02,10.0
P00691-L015,P00691,earned,2025-09-16,2025-09-24,7.6
P00691-L016,P00691,medical,2025-10-13,2025-10-16,3.1
P00691-L017,P00691,earned,2025-11-15,2025-11-20,5.4
P00691-L018,P00691,earned,2025-12-10,2025-12-17,6.7
P00691-L019,P00691,casual,2026-01-13,2026-01-19,6.0
P00691-L020,P00691,earned,2026-02-06,2026-02-13,6.5
P00691-L021,P00691,casual,2026-03-04,2026-03-08,4.5
P00691-L022,P00691,casual,2026-03-23,2026-04-02,10.6
P00691-L023,P00691,earned,2026-04-21,2026-05-01,10.2
P00691-L024,P00691,earned,2026-05-29,2026-06-07,8.4
P00691-L025,P00691,earned,2026-06-18,2026-06-28,9.6
P00691-L026,P00691,casual,2026-07-10,2026-07-20,10.7
P00691-L027,P00691,earned,2026-08-15,2026-08-20,4.2
P00692-L001,P00692,earned,2024-09-27,2024-10-03,5.8
P00692-L002,P00692,earned,2024-10-25,2024-10-30,4.4
P00692-L003,P00692,earned,2024-12-18,2024-12-28,9.9
P00692-L004,P00692,earned,2025-02-08,2025-02-13,4.8
P00692-L005,P00692,earned,2025-03-14,2025-03-20,5.8
P00692-L006,P00692,earned,2025-04-25,2025-05-06,11.2
P00692-L007,P00692,casual,2025-05-18,2025-05-19,1.8
P00692-L008,P00692,earned,2025-07-13,2025-07-23,10.2
P00692-L009,P00692,earned,2025-09-07,2025-09-15,8.5
P00692-L010,P00692,earned,2025-09-24,2025-10-06,11.5
P00692-L011,P00692,medical,2025-11-15,2025-11-20,4.5
P00692-L012,P00692,earned,2026-01-11,2026-01-14,3.0
P00692-L013,P00692,medical,2026-02-14,2026-02-20,5.5
P00692-L014,P00692,casual,2026-03-25,2026-04-04,10.1
P00692-L015,P00692,earned,2026-05-03,2026-05-12,8.7
P00692-L016,P00692,casual,2026-06-19,2026-07-10,21.3
P00692-L017,P00692,earned,2026-07-21,2026-07-27,5.9
P00693-L001,P00693,earned,2024-09-16,2024-09-20,3.4
P00693-L002,P00693,earned,2024-10-11,2024-10-17,5.3
P00693-L003,P00693,casual,2024-11-23,2024-12-06,13.3
P00693-L004,P00693,medical,2024-12-26,2025-01-22,27.6
P00693-L005,P00693,earned,2025-01-29,2025-02-03,4.9
P00693-L006,P00693,earned,2025-03-23,2025-03-30,7.2
P00693-L007,P00693,earned,2025-04-09,2025-04-19,10.0
P00693-L008,P00693,earned,2025-05-25,2025-05-29,3.4
P00693-L009,P00693,earned,2025-07-06,2025-07-15,8.9
P00693-L010,P00693,casual,2025-08-15,2025-08-19,3.6
P00693-L011,P00693,earned,2025-09-03,2025-09-07,3.8
P00693-L012,P00693,medical,2025-10-12,2025-10-27,14.5
P00693-L013,P00693,casual,2025-11-25,2025-11-30,4.8
P00693-L014,P00693,earned,2026-01-07,2026-01-12,4.6
P00693-L015,P00693,earned,2026-01-25,2026-02-09,15.0
P00693-L016,P00693,medical,2026-03-19,2026-04-02,14.2
P00693-L017,P00693,earned,2026-04-27,2026-05-10,13.1
P00693-L018,P00693,earned,2026-05-15,2026-05-20,5.0
P00693-L019,P00693,earned,2026-06-26,2026-07-03,6.9
P00693-L020,P00693,earned,2026-08-04,2026-08-11,7.3
P00694-L001,P00694,earned,2024-09-01,2024-09-15,14.2
P00694-L002,P00694,earned,2024-10-30,2024-11-24,25.8
P00694-L003,P00694,earned,2025-01-04,2025-01-18,14.3
P00694-L004,P00694,earned,2025-03-13,2025-04-01,19.7
P00694-L005,P00694,earned,2025-04-24,2025-05-06,12.6
P00694-L006,P00694,casual,2025-06-15,2025-06-24,9.0
P00694-L007,P00694,casual,2025-08-10,2025-08-28,17.1
P00694-L008,P00694,medical,2025-10-24,2025-11-09,16.5
P00694-L009,P00694,earned,2025-11-30,2025-12-04,4.6
P00694-L010,P00694,compensatory,2026-02-05,2026-02-20,15.1
P00694-L011,P00694,medical,2026-04-10,2026-04-15,4.6
P00694-L012,P00694,earned,2026-05-31,2026-06-12,11.2
P00694-L013,P00694,earned,2026-08-04,2026-08-08,3.5
P00695-L001,P00695,earned,2024-09-01,2024-09-06,5.0
P00695-L002,P00695,earned,2024-10-14,2024-10-20,5.5
P00695-L003,P00695,casual,2024-12-06,2024-12-12,5.4
P00695-L004,P00695,compensatory,2025-01-21,2025-01-28,7.1
P00695-L005,P00695,casual,2025-03-13,2025-03-28,15.1
P00695-L006,P00695,casual,2025-04-13,2025-04-25,12.4
P00695-L007,P00695,earned,2025-05-27,2025-06-03,6.8
P00695-L008,P00695,medical,2025-07-04,2025-07-10,6.1
P00695-L009,P00695,earned,2025-08-10,2025-08-18,7.9
P00695-L010,P00695,earned,2025-09-29,2025-10-22,22.6
P00695-L011,P00695,casual,2025-11-05,2025-11-10,4.8
P00695-L012,P00695,earned,2025-12-22,2026-01-08,17.5
P00695-L013,P00695,casual,2026-02-09,2026-02-11,2.6
P00695-L014,P00695,medical,2026-03-31,2026-04-13,12.6
P00695-L015,P00695,earned,2026-04-29,2026-05-08,9.6
P00695-L016,P00695,earned,2026-06-19,2026-07-01,12.0
P00695-L017,P00695,earned,2026-07-22,2026-08-05,14.0
P00696-L001,P00696,earned,2024-10-01,2024-10-11,10.0
P00696-L002,P00696,medical,2024-10-16,2024-10-24,7.6
P00696-L003,P00696,earned,2024-12-17,2024-12-27,10.3
P00696-L004,P00696,earned,2025-01-10,2025-01-20,10.3
P00696-L005,P00696,casual,2025-02-27,2025-03-13,13.9
P00696-L006,P00696,earned,2025-04-07,2025-04-24,16.2
P00696-L007,P00696,casual,2025-06-06,2025-06-20,13.9
P00696-L008,P00696,earned,2025-07-19,2025-07-27,8.2
P00696-L009,P00696,earned,2025-08-17,2025-09-02,15.7
P00696-L010,P00696,casual,2025-09-25,2025-10-06,11.5
P00696-L011,P00696,earned,2025-11-15,2025-11-26,11.4
P00696-L012,P00696,earned,2025-12-25,2026-01-07,12.9
P00696-L013,P00696,earned,2026-02-23,2026-02-27,4.6
P00696-L014,P00696,casual,2026-03-18,2026-03-23,4.8
P00696-L015,P00696,casual,2026-05-06,2026-05-12,6.3
P00696-L016,P00696,earned,2026-06-26,2026-07-01,5.2
P00696-L017,P00696,medical,2026-08-17,2026-08-28,11.3
P00697-L001,P00697,compensatory,2024-09-08,2024-09-17,9.8
P00697-L002,P00697,casual,2024-10-25,2024-11-07,13.0
P00697-L003,P00697,earned,2024-12-10,2024-12-16,5.9
P00697-L004,P00697,medical,2025-01-08,2025-01-11,3.4
P00697-L005,P00697,casual,2025-02-23,2025-03-11,15.7
P00697-L006,P00697,earned,2025-04-11,2025-04-17,6.2
P00697-L007,P00697,casual,2025-05-04,2025-05-13,8.7
P00697-L008,P00697,earned,2025-06-23,2025-06-28,5.5
P00697-L009,P00697,earned,2025-07-23,2025-08-08,16.7
P00697-L010,P00697,compensatory,2025-09-06,2025-09-19,12.5
P00697-L011,P00697,earned,2025-10-25,2025-11-10,15.7
P00697-L012,P00697,medical,2025-12-03,2025-12-17,13.7
P00697-L013,P00697,earned,2026-01-18,2026-01-22,3.2
P00697-L014,P00697,earned,2026-03-02,2026-03-06,3.3
P00697-L015,P00697,earned,2026-03-28,2026-03-30,2.7
P00697-L016,P00697,earned,2026-05-21,2026-05-28,6.7
P00697-L017,P00697,earned,2026-07-01,2026-07-05,3.4
P00697-L018,P00697,earned,2026-08-03,2026-08-17,14.0
P00698-L001,P00698,casual,2024-09-03,2024-09-07,4.4
P00698-L002,P00698,earned,2024-10-14,2024-10-17,3.1
P00698-L003,P00698,casual,2024-11-10,2024-11-18,7.7
P00698-L004,P00698,medical,2024-12-15,2024-12-24,8.9
P00698-L005,P00698,casual,2025-01-05,2025-01-15,9.9
P00698-L006,P00698,earned,2025-02-15,2025-02-28,12.9
P00698-L007,P00698,medical,2025-03-22,2025-03-26,3.8
P00698-L008,P00698,earned,2025-04-19,2025-04-24,4.7
P00698-L009,P00698,medical,2025-05-25,2025-05-30,5.0
P00698-L010,P00698,earned,2025-06-15,2025-06-21,6.4
P00698-L011,P00698,compensatory,2025-07-15,2025-07-18,3.5
P00698-L012,P00698,earned,2025-08-30,2025-09-03,4.4
P00698-L013,P00698,earned,2025-10-08,2025-10-13,4.5
P00698-L014,P00698,earned,2025-10-31,2025-11-06,6.1
P00698-L015,P00698,casual,2025-11-26,2025-11-30,3.9
P00698-L016,P00698,earned,2026-01-14,2026-01-20,6.0
P00698-L017,P00698,casual,2026-02-07,2026-02-16,8.2
P00698-L018,P00698,casual,2026-03-14,2026-03-19,5.6
P00698-L019,P00698,casual,2026-04-09,2026-04-22,12.9
P00698-L020,P00698,compensatory,2026-05-13,2026-05-19,6.0
P00698-L021,P00698,earned,2026-06-06,2026-06-12,5.4
P00698-L022,P00698,earned,2026-07-01,2026-07-07,5.4
P00698-L023,P00698,casual,2026-08-02,2026-08-20,18.0
P00699-L001,P00699,casual,2024-09-03,2024-09-10,6.8
P00699-L002,P00699,compensatory,2024-10-22,2024-10-28,6.7
P00699-L003,P00699,casual,2024-11-12,2024-11-20,7.6
P00699-L004,P00699,casual,2024-12-22,2024-12-29,7.2
P00699-L005,P00699,casual,2025-01-08,2025-01-11,3.0
P00699-L006,P00699,casual,2025-02-27,2025-03-06,7.7
P00699-L007,P00699,earned,2025-03-16,2025-03-22,6.0
P00699-L008,P00699,earned,2025-04-26,2025-05-05,8.8
P00699-L009,P00699,earned,2025-05-16,2025-05-24,7.6
P00699-L010,P00699,casual,2025-06-13,2025-06-16,3.4
P00699-L011,P00699,earned,2025-07-22,2025-08-03,12.6
P00699-L012,P00699,earned,2025-08-19,2025-08-28,9.5
P00699-L013,P00699,earned,2025-09-16,2025-09-24,7.5
P00699-L014,P00699,earned,2025-11-08,2025-11-13,4.9
P00699-L015,P00699,casual,2025-12-13,2025-12-19,5.8
P00699-L016,P00699,earned,2025-12-29,2026-01-05,6.6
P00699-L017,P00699,compensatory,2026-02-01,2026-02-08,7.1
P00699-L018,P00699,earned,2026-02-28,2026-03-06,6.3
P00699-L019,P00699,compensatory,2026-03-30,2026-04-02,3.8
P00699-L020,P00699,medical,2026-05-04,2026-05-19,14.3
P00699-L021,P00699,medical,2026-05-30,2026-06-19,20.2
P00699-L022,P00699,earned,2026-07-14,2026-07-21,6.8
P00699-L023,P00699,earned,2026-08-09,2026-08-18,8.5
P00700-L001,P00700,casual,2024-09-05,2024-09-21,16.1
P00700-L002,P00700,earned,2024-10-28,2024-11-02,4.5
P00700-L003,P00700,earned,2024-12-18,2024-12-29,11.3
P00700-L004,P00700,medical,2025-01-23,2025-01-28,4.9
P00700-L005,P00700,earned,2025-02-27,2025-03-07,7.7
P00700-L006,P00700,casual,2025-04-22,2025-05-12,20.3
P00700-L007,P00700,casual,2025-05-18,2025-05-28,10.0
P00700-L008,P00700,compensatory,2025-07-14,2025-07-19,5.6
P00700-L009,P00700,casual,2025-08-10,2025-08-25,15.5
P00700-L010,P00700,compensatory,2025-09-30,2025-10-09,9.0
P00700-L011,P00700,casual,2025-11-14,2025-11-19,5.2
P00700-L012,P00700,earned,2025-12-23,2026-01-13,21.4
P00700-L013,P00700,casual,2026-01-29,2026-02-06,7.8
P00700-L014,P00700,casual,2026-03-28,2026-04-06,8.2
P00700-L015,P00700,casual,2026-05-11,2026-05-24,12.8
P00700-L016,P00700,casual,2026-07-01,2026-07-07,6.7
P00700-L017,P00700,earned,2026-07-30,2026-08-11,12.8
P00701-L001,P00701,earned,2024-09-09,2024-09-14,5.1
P00701-L002,P00701,casual,2024-10-19,2024-10-28,9.0
P00701-L003,P00701,earned,2024-12-05,2024-12-15,9.6
P00701-L004,P00701,casual,2025-01-14,2025-01-18,3.3
P00701-L005,P00701,casual,2025-02-27,2025-03-08,8.7
P00701-L006,P00701,medical,2025-04-08,2025-04-21,12.8
P00701-L007,P00701,compensatory,2025-05-27,2025-06-10,14.2
P00701-L008,P00701,casual,2025-07-07,2025-07-22,14.8
P00701-L009,P00701,casual,2025-08-25,2025-09-04,10.1
P00701-L010,P00701,casual,2025-10-06,2025-10-22,15.6
P00701-L011,P00701,earned,2025-11-14,2025-11-29,15.2
P00701-L012,P00701,casual,2025-12-22,2025-12-30,8.3
P00701-L013,P00701,earned,2026-02-11,2026-02-25,13.7
P00701-L014,P00701,earned,2026-03-14,2026-03-16,2.8
P00701-L015,P00701,earned,2026-04-30,2026-05-09,9.0
P00701-L016,P00701,medical,2026-06-07,2026-06-13,5.6
P00701-L017,P00701,casual,2026-07-26,2026-08-05,9.7
P00702-L001,P00702,casual,2024-09-17,2024-09-23,6.2
P00702-L002,P00702,casual,2024-10-27,2024-11-04,7.5
P00702-L003,P00702,casual,2024-12-13,2024-12-18,4.5
P00702-L004,P00702,casual,2025-01-05,2025-01-07,2.1
P00702-L005,P00702,medical,2025-02-10,2025-02-24,13.5
P00702-L006,P00702,casual,2025-04-09,2025-04-15,6.0
P00702-L007,P00702,earned,2025-05-17,2025-05-25,8.1
P00702-L008,P00702,earned,2025-06-19,2025-06-26,6.1
P00702-L009,P00702,casual,2025-08-10,2025-08-27,17.2
P00702-L010,P00702,earned,2025-09-09,2025-09-20,10.6
P00702-L011,P00702,earned,2025-10-27,2025-10-30,3.1
P00702-L012,P00702,medical,2025-11-23,2025-12-11,18.4
P00702-L013,P00702,casual,2026-01-24,2026-01-30,6.9
P00702-L014,P00702,casual,2026-02-24,2026-03-07,11.2
P00702-L015,P00702,earned,2026-04-15,2026-04-26,11.3
P00702-L016,P00702,earned,2026-05-12,2026-05-16,4.4
P00702-L017,P00702,casual,2026-06-19,2026-07-03,14.1
P00702-L018,P00702,earned,2026-07-24,2026-08-02,9.4
P00703-L001,P00703,compensatory,2024-09-07,2024-09-16,9.3
P00703-L002,P00703,casual,2024-11-08,2024-11-21,12.3
P00703-L003,P00703,casual,2025-01-15,2025-01-21,6.4
P00703-L004,P00703,medical,2025-02-04,2025-02-23,19.2
P00703-L005,P00703,casual,2025-04-08,2025-04-17,8.9
P00703-L006,P00703,earned,2025-05-28,2025-06-08,11.0
P00703-L007,P00703,earned,2025-08-20,2025-08-28,8.7
P00703-L008,P00703,casual,2025-09-27,2025-10-11,14.4
P00703-L009,P00703,earned,2025-11-04,2025-11-12,7.9
P00703-L010,P00703,casual,2025-12-24,2025-12-29,5.7
P00703-L011,P00703,medical,2026-02-19,2026-03-01,10.7
P00703-L012,P00703,earned,2026-03-31,2026-04-17,17.0
P00703-L013,P00703,earned,2026-06-01,2026-06-15,13.8
P00703-L014,P00703,earned,2026-08-03,2026-08-10,6.6
P00704-L001,P00704,casual,2024-09-18,2024-09-26,7.7
P00704-L002,P00704,earned,2024-10-23,2024-10-30,7.2
P00704-L003,P00704,casual,2024-11-25,2024-11-30,5.0
P00704-L004,P00704,earned,2025-01-14,2025-01-22,7.7
P00704-L005,P00704,earned,2025-02-09,2025-02-12,3.5
P00704-L006,P00704,medical,2025-03-19,2025-03-30,11.9
P00704-L007,P00704,casual,2025-04-24,2025-05-12,18.5
P00704-L008,P00704,earned,2025-05-29,2025-06-03,5.1
P00704-L009,P00704,earned,2025-07-26,2025-07-29,3.1
P00704-L010,P00704,medical,2025-08-22,2025-09-01,10.0
P00704-L011,P00704,earned,2025-09-20,2025-10-01,11.6
P00704-L012,P00704,medical,2025-11-02,2025-11-19,16.2
P00704-L013,P00704,casual,2025-12-15,2025-12-20,5.3
P00704-L014,P00704,casual,2026-01-13,2026-01-17,4.1
P00704-L015,P00704,casual,2026-03-01,2026-03-10,8.3
P00704-L016,P00704,casual,2026-04-03,2026-04-14,11.7
P00704-L017,P00704,medical,2026-05-22,2026-06-01,9.9
P00704-L018,P00704,medical,2026-06-23,2026-07-05,12.0
P00704-L019,P00704,casual,2026-08-03,2026-08-17,13.8
P00704-LRR,P00704,earned,2026-07-27,2026-08-23,27.1
P00705-L001,P00705,earned,2024-10-06,2024-10-16,10.0
P00705-L002,P00705,earned,2024-12-13,2024-12-31,17.7
P00705-L003,P00705,medical,2025-01-26,2025-02-05,9.9
P00705-L004,P00705,casual,2025-04-17,2025-05-11,24.1
P00705-L005,P00705,casual,2025-05-26,2025-06-11,16.3
P00705-L006,P00705,casual,2025-08-28,2025-09-03,5.7
P00705-L007,P00705,casual,2025-10-19,2025-11-02,14.5
P00705-L008,P00705,casual,2025-12-30,2026-01-22,23.5
P00705-L009,P00705,medical,2026-03-20,2026-04-03,13.7
P00705-L010,P00705,earned,2026-05-04,2026-05-15,10.7
P00705-L011,P00705,casual,2026-07-18,2026-07-24,5.7
P00706-L001,P00706,medical,2024-09-04,2024-09-12,8.1
P00706-L002,P00706,casual,2024-11-04,2024-11-07,3.1
P00706-L003,P00706,earned,2024-12-12,2024-12-14,2.2
P00706-L004,P00706,earned,2025-02-01,2025-02-05,4.4
P00706-L005,P00706,earned,2025-04-02,2025-04-05,3.0
P00706-L006,P00706,earned,2025-05-28,2025-06-11,14.0
P00706-L007,P00706,earned,2025-07-01,2025-07-08,7.4
P00706-L008,P00706,earned,2025-08-21,2025-08-23,2.7
P00706-L009,P00706,earned,2025-09-28,2025-10-09,10.4
P00706-L010,P00706,earned,2025-11-21,2025-12-05,13.5
P00706-L011,P00706,earned,2026-01-09,2026-01-19,10.2
P00706-L012,P00706,casual,2026-03-09,2026-03-16,6.5
P00706-L013,P00706,casual,2026-04-21,2026-05-07,16.6
P00706-L014,P00706,medical,2026-06-23,2026-06-28,4.6
P00706-L015,P00706,earned,2026-07-24,2026-08-02,8.8
P00707-L001,P00707,medical,2024-09-11,2024-09-16,4.9
P00707-L002,P00707,earned,2024-11-29,2024-12-08,9.2
P00707-L003,P00707,earned,2025-01-31,2025-02-03,2.9
P00707-L004,P00707,compensatory,2025-04-10,2025-04-19,8.9
P00707-L005,P00707,casual,2025-06-23,2025-07-02,8.6
P00707-L006,P00707,medical,2025-09-03,2025-09-09,6.5
P00707-L007,P00707,earned,2025-12-13,2025-12-17,3.9
P00707-L008,P00707,earned,2026-02-15,2026-02-17,2.0
P00707-L009,P00707,earned,2026-04-10,2026-04-17,7.2
P00707-L010,P00707,earned,2026-06-20,2026-06-22,2.6
P00708-L001,P00708,earned,2024-09-22,2024-10-06,13.9
P00708-L002,P00708,earned,2024-11-17,2024-12-04,17.5
P00708-L003,P00708,earned,2025-01-05,2025-01-22,17.1
P00708-L004,P00708,casual,2025-02-10,2025-02-16,5.5
P00708-L005,P00708,earned,2025-04-19,2025-04-26,7.1
P00708-L006,P00708,earned,2025-05-31,2025-06-17,17.0
P00708-L007,P00708,earned,2025-07-28,2025-08-22,24.7
P00708-L008,P00708,casual,2025-09-13,2025-09-22,9.0
P00708-L009,P00708,casual,2025-11-19,2025-11-26,6.9
P00708-L010,P00708,earned,2026-01-08,2026-01-14,6.0
P00708-L011,P00708,earned,2026-02-26,2026-03-08,10.4
P00708-L012,P00708,earned,2026-04-06,2026-05-01,24.8
P00708-L013,P00708,casual,2026-06-05,2026-06-18,13.0
P00708-L014,P00708,earned,2026-08-01,2026-08-08,6.6
P00709-L001,P00709,casual,2024-09-13,2024-09-16,3.4
P00709-L002,P00709,compensatory,2024-09-29,2024-10-03,3.5
P00709-L003,P00709,medical,2024-10-22,2024-10-25,3.2
P00709-L004,P00709,casual,2024-11-20,2024-11-28,7.8
P00709-L005,P00709,casual,2024-12-04,2024-12-09,4.7
P00709-L006,P00709,earned,2024-12-30,2025-01-08,8.7
P00709-L007,P00709,casual,2025-01-29,2025-02-03,4.9
P00709-L008,P00709,earned,2025-02-26,2025-02-28,1.9
P00709-L009,P00709,earned,2025-03-20,2025-03-23,3.0
P00709-L010,P00709,earned,2025-04-05,2025-04-11,6.3
P00709-L011,P00709,earned,2025-05-05,2025-05-13,7.6
P00709-L012,P00709,earned,2025-05-20,2025-05-24,4.2
P00709-L013,P00709,casual,2025-06-15,2025-06-21,6.0
P00709-L014,P00709,casual,2025-07-04,2025-07-08,4.5
P00709-L015,P00709,medical,2025-07-28,2025-08-12,15.0
P00709-L016,P00709,earned,2025-08-23,2025-09-07,15.1
P00709-L017,P00709,casual,2025-09-16,2025-09-22,6.5
P00709-L018,P00709,casual,2025-10-06,2025-10-20,14.2
P00709-L019,P00709,earned,2025-11-05,2025-11-12,6.9
P00709-L020,P00709,casual,2025-11-24,2025-11-25,1.1
P00709-L021,P00709,earned,2025-12-21,2025-12-26,5.0
P00709-L022,P00709,casual,2026-01-09,2026-01-14,5.3
P00709-L023,P00709,casual,2026-02-06,2026-02-12,5.8
P00709-L024,P00709,earned,2026-03-02,2026-03-08,6.0
P00709-L025,P00709,casual,2026-03-20,2026-03-26,5.2
P00709-L026,P00709,casual,2026-04-14,2026-04-21,6.9
P00709-L027,P00709,medical,2026-05-07,2026-05-12,5.6
P00709-L028,P00709,compensatory,2026-05-31,2026-06-15,14.3
P00709-L029,P00709,casual,2026-06-27,2026-07-02,4.6
P00709-L030,P00709,casual,2026-07-26,2026-08-01,5.7
P00709-L031,P00709,earned,2026-08-11,2026-08-18,7.3
P00710-L001,P00710,casual,2024-10-01,2024-10-04,3.1
P00710-L002,P00710,medical,2024-10-23,2024-11-01,9.0
P00710-L003,P00710,earned,2024-11-21,2024-11-28,6.6
P00710-L004,P00710,casual,2025-01-07,2025-01-12,4.9
P00710-L005,P00710,casual,2025-02-22,2025-03-06,11.4
P00710-L006,P00710,compensatory,2025-03-22,2025-03-30,8.1
P00710-L007,P00710,earned,2025-05-17,2025-05-24,7.2
P00710-L008,P00710,earned,2025-06-15,2025-06-28,13.3
P00710-L009,P00710,casual,2025-07-30,2025-08-04,5.2
P00710-L010,P00710,earned,2025-09-06,2025-09-23,17.8
P00710-L011,P00710,earned,2025-10-15,2025-10-28,13.1
P00710-L012,P00710,earned,2025-11-21,2025-12-01,10.0
P00710-L013,P00710,earned,2026-01-05,2026-01-13,7.5
P00710-L014,P00710,casual,2026-02-26,2026-03-08,10.0
P00710-L015,P00710,medical,2026-03-29,2026-04-07,8.8
P00710-L016,P00710,casual,2026-05-16,2026-05-22,6.7
P00710-L017,P00710,earned,2026-06-21,2026-07-01,10.7
P00710-L018,P00710,casual,2026-08-10,2026-08-17,7.0
P00711-L001,P00711,casual,2024-09-05,2024-09-15,10.0
P00711-L002,P00711,earned,2024-10-17,2024-10-26,9.4
P00711-L003,P00711,earned,2024-11-08,2024-11-21,13.7
P00711-L004,P00711,earned,2024-12-09,2024-12-16,6.7
P00711-L005,P00711,earned,2025-01-28,2025-02-05,7.7
P00711-L006,P00711,earned,2025-02-25,2025-03-04,6.5
P00711-L007,P00711,earned,2025-04-06,2025-04-13,6.1
P00711-L008,P00711,casual,2025-04-21,2025-04-28,6.5
P00711-L009,P00711,earned,2025-06-03,2025-06-16,13.2
P00711-L010,P00711,earned,2025-06-27,2025-07-02,5.5
P00711-L011,P00711,earned,2025-08-17,2025-08-21,4.7
P00711-L012,P00711,earned,2025-09-11,2025-09-22,11.0
P00711-L013,P00711,earned,2025-10-17,2025-10-23,5.8
P00711-L014,P00711,earned,2025-11-16,2025-11-26,10.2
P00711-L015,P00711,casual,2025-12-16,2025-12-28,12.5
P00711-L016,P00711,earned,2026-01-14,2026-01-27,12.6
P00711-L017,P00711,medical,2026-02-14,2026-02-21,6.7
P00711-L018,P00711,casual,2026-04-10,2026-04-19,9.0
P00711-L019,P00711,casual,2026-05-03,2026-05-08,4.7
P00711-L020,P00711,earned,2026-05-25,2026-05-30,5.1
P00711-L021,P00711,medical,2026-06-29,2026-07-06,6.8
P00711-L022,P00711,medical,2026-08-04,2026-08-10,5.3
P00712-L001,P00712,casual,2024-09-21,2024-10-05,13.4
P00712-L002,P00712,casual,2024-10-24,2024-11-14,20.4
P00712-L003,P00712,casual,2024-12-24,2025-01-05,12.3
P00712-L004,P00712,casual,2025-01-25,2025-02-10,16.2
P00712-L005,P00712,casual,2025-03-16,2025-03-27,11.1
P00712-L006,P00712,earned,2025-05-05,2025-05-11,6.3
P00712-L007,P00712,earned,2025-06-30,2025-07-17,17.1
P00712-L008,P00712,earned,2025-08-22,2025-08-26,3.3
P00712-L009,P00712,earned,2025-10-07,2025-10-13,5.2
P00712-L010,P00712,casual,2025-11-25,2025-11-30,5.1
P00712-L011,P00712,casual,2026-01-20,2026-01-27,7.5
P00712-L012,P00712,earned,2026-02-24,2026-03-16,19.9
P00712-L013,P00712,earned,2026-04-12,2026-04-29,16.2
P00712-L014,P00712,earned,2026-05-27,2026-06-02,6.0
P00712-L015,P00712,casual,2026-07-27,2026-07-29,2.5
P00713-L001,P00713,earned,2024-09-06,2024-09-13,7.1
P00713-L002,P00713,earned,2024-10-14,2024-10-21,7.2
P00713-L003,P00713,casual,2024-12-19,2024-12-25,6.0
P00713-L004,P00713,casual,2025-01-15,2025-01-20,4.8
P00713-L005,P00713,casual,2025-03-04,2025-03-21,16.9
P00713-L006,P00713,medical,2025-04-11,2025-04-23,12.0
P00713-L007,P00713,earned,2025-05-20,2025-06-06,17.8
P00713-L008,P00713,earned,2025-06-29,2025-07-14,14.9
P00713-L009,P00713,casual,2025-08-18,2025-08-31,13.4
P00713-L010,P00713,casual,2025-09-29,2025-10-08,9.2
P00713-L011,P00713,earned,2025-11-29,2025-12-04,4.6
P00713-L012,P00713,casual,2025-12-29,2026-01-02,3.8
P00713-L013,P00713,earned,2026-02-01,2026-02-06,5.3
P00713-L014,P00713,earned,2026-03-28,2026-03-31,3.3
P00713-L015,P00713,earned,2026-05-07,2026-05-26,18.3
P00713-L016,P00713,earned,2026-06-11,2026-06-22,10.1
P00713-L017,P00713,casual,2026-08-12,2026-08-25,12.8
P00714-L001,P00714,medical,2024-09-23,2024-10-03,10.3
P00714-L002,P00714,earned,2024-10-14,2024-10-18,3.6
P00714-L003,P00714,casual,2024-11-11,2024-11-13,2.7
P00714-L004,P00714,compensatory,2024-12-20,2024-12-31,10.3
P00714-L005,P00714,casual,2025-02-10,2025-02-14,4.3
P00714-L006,P00714,earned,2025-02-26,2025-03-03,4.7
P00714-L007,P00714,medical,2025-04-03,2025-04-11,8.0
P00714-L008,P00714,earned,2025-05-06,2025-05-12,6.5
P00714-L009,P00714,earned,2025-06-11,2025-06-15,4.1
P00714-L010,P00714,earned,2025-07-17,2025-07-21,4.7
P00714-L011,P00714,earned,2025-08-23,2025-08-28,5.0
P00714-L012,P00714,earned,2025-09-19,2025-09-25,6.2
P00714-L013,P00714,earned,2025-10-23,2025-10-26,2.6
P00714-L014,P00714,earned,2025-12-01,2025-12-07,5.4
P00714-L015,P00714,casual,2026-01-03,2026-01-06,2.7
P00714-L016,P00714,earned,2026-02-07,2026-02-24,17.4
P00714-L017,P00714,casual,2026-03-17,2026-03-24,7.3
P00714-L018,P00714,casual,2026-04-16,2026-04-21,5.2
P00714-L019,P00714,earned,2026-05-26,2026-05-30,4.3
P00714-L020,P00714,casual,2026-07-10,2026-07-18,8.4
P00714-L021,P00714,casual,2026-08-02,2026-08-09,6.5
P00715-L001,P00715,earned,2024-09-19,2024-09-26,6.6
P00715-L002,P00715,casual,2024-11-28,2024-12-05,6.3
P00715-L003,P00715,casual,2024-12-23,2024-12-27,4.5
P00715-L004,P00715,earned,2025-02-17,2025-02-21,4.3
P00715-L005,P00715,casual,2025-05-02,2025-05-13,11.0
P00715-L006,P00715,casual,2025-06-10,2025-06-16,6.4
P00715-L007,P00715,casual,2025-09-14,2025-09-21,6.8
P00715-L008,P00715,earned,2025-10-13,2025-10-29,16.2
P00715-L009,P00715,earned,2025-12-14,2025-12-25,11.0
P00715-L010,P00715,earned,2026-02-01,2026-02-06,4.4
P00715-L011,P00715,earned,2026-03-20,2026-03-25,5.5
P00715-L012,P00715,casual,2026-05-20,2026-06-14,25.3
P00715-L013,P00715,casual,2026-07-20,2026-07-30,9.7
P00716-L001,P00716,medical,2024-09-06,2024-09-14,8.4
P00716-L002,P00716,earned,2024-10-10,2024-10-14,4.2
P00716-L003,P00716,casual,2024-11-18,2024-11-28,10.2
P00716-L004,P00716,earned,2025-01-22,2025-01-27,5.2
P00716-L005,P00716,earned,2025-02-02,2025-02-14,12.0
P00716-L006,P00716,earned,2025-03-20,2025-03-28,8.0
P00716-L007,P00716,earned,2025-05-03,2025-05-11,7.6
P00716-L008,P00716,earned,2025-05-28,2025-06-08,10.6
P00716-L009,P00716,earned,2025-07-26,2025-08-03,8.7
P00716-L010,P00716,earned,2025-09-03,2025-09-07,4.4
P00716-L011,P00716,earned,2025-10-09,2025-10-17,8.1
P00716-L012,P00716,earned,2025-11-13,2025-11-17,4.2
P00716-L013,P00716,earned,2025-12-05,2025-12-16,10.7
P00716-L014,P00716,earned,2026-01-19,2026-02-02,13.7
P00716-L015,P00716,earned,2026-03-03,2026-03-08,4.2
P00716-L016,P00716,casual,2026-04-18,2026-04-25,7.1
P00716-L017,P00716,casual,2026-05-31,2026-06-07,7.7
P00716-L018,P00716,earned,2026-07-06,2026-07-15,9.1
P00716-L019,P00716,earned,2026-07-25,2026-07-29,4.0
P00717-L001,P00717,casual,2024-09-16,2024-09-29,13.4
P00717-L002,P00717,earned,2024-10-22,2024-10-31,9.0
P00717-L003,P00717,medical,2024-11-28,2024-12-04,5.3
P00717-L004,P00717,casual,2025-01-06,2025-01-12,6.1
P00717-L005,P00717,earned,2025-02-19,2025-02-26,6.2
P00717-L006,P00717,earned,2025-04-09,2025-04-15,5.5
P00717-L007,P00717,earned,2025-05-08,2025-05-10,2.7
P00717-L008,P00717,medical,2025-06-26,2025-07-07,11.0
P00717-L009,P00717,earned,2025-07-25,2025-08-02,7.9
P00717-L010,P00717,earned,2025-09-04,2025-09-10,6.0
P00717-L011,P00717,casual,2025-10-22,2025-10-29,7.6
P00717-L012,P00717,casual,2025-11-24,2025-11-29,5.2
P00717-L013,P00717,casual,2026-01-09,2026-01-21,12.5
P00717-L014,P00717,casual,2026-02-20,2026-03-10,17.7
P00717-L015,P00717,earned,2026-04-05,2026-04-12,7.2
P00717-L016,P00717,earned,2026-05-04,2026-05-19,14.3
P00717-L017,P00717,earned,2026-06-13,2026-06-21,8.3
P00717-L018,P00717,earned,2026-07-23,2026-08-10,18.2
P00718-L001,P00718,earned,2024-09-04,2024-09-22,18.2
P00718-L002,P00718,earned,2024-10-13,2024-11-07,24.8
P00718-L003,P00718,earned,2024-11-29,2024-12-05,6.7
P00718-L004,P00718,earned,2025-01-16,2025-01-27,10.9
P00718-L005,P00718,earned,2025-03-14,2025-03-23,9.7
P00718-L006,P00718,compensatory,2025-04-21,2025-04-25,5.0
P00718-L007,P00718,earned,2025-05-17,2025-05-24,7.1
P00718-L008,P00718,casual,2025-07-07,2025-07-23,15.4
P00718-L009,P00718,earned,2025-09-06,2025-09-12,6.0
P00718-L010,P00718,casual,2025-09-30,2025-10-13,12.9
P00718-L011,P00718,earned,2025-11-25,2025-12-08,12.1
P00718-L012,P00718,casual,2026-01-15,2026-01-23,7.2
P00718-L013,P00718,earned,2026-02-24,2026-02-27,3.4
P00718-L014,P00718,earned,2026-03-22,2026-03-29,7.0
P00718-L015,P00718,earned,2026-05-02,2026-05-10,7.9
P00718-L016,P00718,earned,2026-06-14,2026-06-28,14.0
P00718-L017,P00718,earned,2026-07-21,2026-08-16,25.8
P00719-L001,P00719,compensatory,2024-09-02,2024-09-04,2.2
P00719-L002,P00719,earned,2024-10-11,2024-10-23,12.2
P00719-L003,P00719,earned,2024-11-22,2024-11-30,7.7
P00719-L004,P00719,medical,2024-12-20,2024-12-29,9.0
P00719-L005,P00719,earned,2025-02-07,2025-02-14,7.0
P00719-L006,P00719,casual,2025-03-02,2025-03-10,7.6
P00719-L007,P00719,earned,2025-04-13,2025-04-16,3.5
P00719-L008,P00719,casual,2025-05-21,2025-05-30,9.1
P00719-L009,P00719,compensatory,2025-06-24,2025-07-02,7.2
P00719-L010,P00719,earned,2025-07-30,2025-08-06,6.3
P00719-L011,P00719,earned,2025-09-05,2025-09-19,13.7
P00719-L012,P00719,earned,2025-10-11,2025-10-17,6.0
P00719-L013,P00719,medical,2025-11-25,2025-11-30,5.4
P00719-L014,P00719,compensatory,2025-12-27,2026-01-02,5.8
P00719-L015,P00719,compensatory,2026-02-06,2026-02-13,6.5
P00719-L016,P00719,casual,2026-03-24,2026-03-30,6.5
P00719-L017,P00719,earned,2026-04-11,2026-04-23,11.8
P00719-L018,P00719,casual,2026-06-02,2026-06-05,3.0
P00719-L019,P00719,compensatory,2026-06-28,2026-07-15,17.2
P00719-L020,P00719,earned,2026-08-14,2026-08-20,5.5
P00720-L001,P00720,compensatory,2024-08-31,2024-09-13,13.2
P00720-L002,P00720,earned,2024-11-19,2024-11-28,9.0
P00720-L003,P00720,casual,2025-01-19,2025-01-24,5.2
P00720-L004,P00720,earned,2025-04-01,2025-04-08,7.2
P00720-L005,P00720,earned,2025-04-24,2025-04-30,5.6
P00720-L006,P00720,casual,2025-06-23,2025-07-09,16.3
P00720-L007,P00720,casual,2025-08-10,2025-08-17,6.7
P00720-L008,P00720,casual,2025-10-06,2025-10-18,11.5
P00720-L009,P00720,earned,2025-12-26,2025-12-31,5.8
P00720-L010,P00720,earned,2026-02-10,2026-02-21,11.1
P00720-L011,P00720,earned,2026-03-28,2026-04-10,12.8
P00720-L012,P00720,earned,2026-06-14,2026-06-21,7.4
P00720-L013,P00720,medical,2026-07-19,2026-08-01,13.0
P00721-L001,P00721,earned,2024-09-11,2024-09-19,7.8
P00721-L002,P00721,medical,2024-10-27,2024-11-01,4.4
P00721-L003,P00721,casual,2024-12-26,2025-01-11,16.1
P00721-L004,P00721,medical,2025-02-06,2025-02-08,1.8
P00721-L005,P00721,compensatory,2025-04-03,2025-04-18,15.1
P00721-L006,P00721,earned,2025-06-02,2025-06-13,11.5
P00721-L007,P00721,casual,2025-07-26,2025-08-03,7.8
P00721-L008,P00721,earned,2025-09-06,2025-09-18,11.7
P00721-L009,P00721,earned,2025-11-04,2025-11-10,6.1
P00721-L010,P00721,earned,2025-12-16,2025-12-24,7.8
P00721-L011,P00721,earned,2026-02-17,2026-03-06,16.7
P00721-L012,P00721,casual,2026-03-29,2026-04-01,3.2
P00721-L013,P00721,earned,2026-05-24,2026-05-30,5.7
P00721-L014,P00721,earned,2026-07-12,2026-07-23,10.6
P00722-L001,P00722,earned,2024-09-30,2024-10-07,7.1
P00722-L002,P00722,casual,2024-12-08,2024-12-16,8.5
P00722-L003,P00722,casual,2025-01-12,2025-01-22,9.6
P00722-L004,P00722,earned,2025-03-08,2025-03-28,20.2
P00722-L005,P00722,casual,2025-05-11,2025-05-22,10.8
P00722-L006,P00722,compensatory,2025-07-10,2025-07-28,18.5
P00722-L007,P00722,earned,2025-10-03,2025-10-08,5.2
P00722-L008,P00722,earned,2025-10-31,2025-11-11,11.0
P00722-L009,P00722,casual,2025-12-31,2026-01-06,6.0
P00722-L010,P00722,compensatory,2026-03-07,2026-03-28,21.4
P00722-L011,P00722,casual,2026-05-13,2026-05-28,14.8
P00722-L012,P00722,medical,2026-07-24,2026-08-06,12.9
P00723-L001,P00723,casual,2024-09-14,2024-09-21,6.8
P00723-L002,P00723,earned,2024-10-27,2024-11-03,7.0
P00723-L003,P00723,earned,2024-11-26,2024-12-01,5.3
P00723-L004,P00723,medical,2025-01-02,2025-01-16,14.5
P00723-L005,P00723,compensatory,2025-02-09,2025-02-23,13.8
P00723-L006,P00723,casual,2025-03-09,2025-03-19,10.0
P00723-L007,P00723,earned,2025-04-18,2025-04-25,7.8
P00723-L008,P00723,earned,2025-05-15,2025-05-21,6.7
P00723-L009,P00723,earned,2025-06-20,2025-06-26,5.8
P00723-L010,P00723,casual,2025-08-08,2025-08-18,10.0
P00723-L011,P00723,earned,2025-09-02,2025-09-17,15.2
P00723-L012,P00723,medical,2025-10-12,2025-10-28,15.9
P00723-L013,P00723,compensatory,2025-12-03,2025-12-09,5.1
P00723-L014,P00723,earned,2026-01-07,2026-01-09,2.1
P00723-L015,P00723,medical,2026-01-26,2026-02-14,18.9
P00723-L016,P00723,earned,2026-03-24,2026-04-02,8.9
P00723-L017,P00723,compensatory,2026-04-21,2026-04-27,6.7
P00723-L018,P00723,casual,2026-06-06,2026-06-12,6.0
P00723-L019,P00723,earned,2026-06-24,2026-07-01,7.0
P00723-L020,P00723,earned,2026-08-14,2026-08-24,9.7
P00724-L001,P00724,medical,2024-09-14,2024-09-18,3.8
P00724-L002,P00724,casual,2024-11-14,2024-11-18,4.4
P00724-L003,P00724,earned,2024-12-08,2024-12-23,15.6
P00724-L004,P00724,medical,2025-02-21,2025-03-09,15.9
P00724-L005,P00724,casual,2025-03-23,2025-04-05,12.6
P00724-L006,P00724,medical,2025-05-04,2025-05-12,8.4
P00724-L007,P00724,casual,2025-07-27,2025-08-01,4.6
P00724-L008,P00724,earned,2025-08-19,2025-09-03,15.2
P00724-L009,P00724,casual,2025-09-25,2025-10-06,11.4
P00724-L010,P00724,earned,2025-11-13,2025-11-22,9.7
P00724-L011,P00724,earned,2026-01-24,2026-02-03,10.0
P00724-L012,P00724,casual,2026-02-21,2026-03-15,22.2
P00724-L013,P00724,earned,2026-04-09,2026-04-22,12.6
P00724-L014,P00724,casual,2026-06-02,2026-06-12,10.0
P00724-L015,P00724,compensatory,2026-08-08,2026-08-12,4.4
P00725-L001,P00725,medical,2024-09-06,2024-09-13,7.6
P00725-L002,P00725,casual,2024-10-04,2024-10-05,1.0
P00725-L003,P00725,earned,2024-11-29,2024-12-07,8.0
P00725-L004,P00725,earned,2024-12-15,2024-12-23,8.1
P00725-L005,P00725,casual,2025-01-13,2025-01-21,7.5
P00725-L006,P00725,compensatory,2025-03-02,2025-03-06,4.6
P00725-L007,P00725,compensatory,2025-03-24,2025-03-30,5.9
P00725-L008,P00725,casual,2025-04-25,2025-04-29,3.6
P00725-L009,P00725,earned,2025-05-24,2025-06-02,8.4
P00725-L010,P00725,casual,2025-06-26,2025-07-05,9.3
P00725-L011,P00725,earned,2025-07-30,2025-08-06,7.4
P00725-L012,P00725,earned,2025-09-02,2025-09-13,11.6
P00725-L013,P00725,casual,2025-10-14,2025-10-26,11.7
P00725-L014,P00725,casual,2025-11-07,2025-11-13,5.9
P00725-L015,P00725,casual,2025-12-09,2025-12-30,21.3
P00725-L016,P00725,earned,2026-01-18,2026-01-28,10.1
P00725-L017,P00725,earned,2026-02-15,2026-03-01,14.0
P00725-L018,P00725,earned,2026-03-22,2026-03-25,2.6
P00725-L019,P00725,casual,2026-05-01,2026-05-09,8.5
P00725-L020,P00725,earned,2026-06-02,2026-06-13,11.3
P00725-L021,P00725,earned,2026-07-19,2026-07-20,1.0
P00725-L022,P00725,casual,2026-08-23,2026-08-29,6.3
P00726-L001,P00726,casual,2024-09-09,2024-09-23,14.2
P00726-L002,P00726,medical,2024-10-31,2024-11-14,14.7
P00726-L003,P00726,earned,2024-12-02,2024-12-14,11.7
P00726-L004,P00726,casual,2025-01-18,2025-01-23,4.5
P00726-L005,P00726,compensatory,2025-03-05,2025-03-13,8.5
P00726-L006,P00726,casual,2025-04-16,2025-04-22,6.1
P00726-L007,P00726,casual,2025-06-03,2025-06-05,2.0
P00726-L008,P00726,medical,2025-07-18,2025-08-09,21.8
P00726-L009,P00726,earned,2025-08-31,2025-09-13,13.0
P00726-L010,P00726,earned,2025-10-18,2025-10-25,7.4
P00726-L011,P00726,earned,2025-12-11,2025-12-26,14.6
P00726-L012,P00726,earned,2026-02-07,2026-02-25,17.3
P00726-L013,P00726,casual,2026-03-07,2026-03-21,14.2
P00726-L014,P00726,earned,2026-04-22,2026-04-25,2.6
P00726-L015,P00726,casual,2026-06-13,2026-06-25,11.7
P00726-L016,P00726,casual,2026-08-16,2026-08-20,3.7
P00727-L001,P00727,casual,2024-09-26,2024-09-30,4.4
P00727-L002,P00727,earned,2024-10-20,2024-10-28,8.2
P00727-L003,P00727,casual,2024-11-23,2024-11-29,5.7
P00727-L004,P00727,casual,2024-12-25,2025-01-04,10.1
P00727-L005,P00727,earned,2025-01-24,2025-01-29,5.3
P00727-L006,P00727,casual,2025-02-23,2025-03-01,6.3
P00727-L007,P00727,casual,2025-04-09,2025-04-12,2.7
P00727-L008,P00727,casual,2025-05-12,2025-05-21,9.5
P00727-L009,P00727,earned,2025-06-16,2025-06-23,6.2
P00727-L010,P00727,earned,2025-07-16,2025-07-18,2.6
P00727-L011,P00727,earned,2025-08-17,2025-08-25,8.1
P00727-L012,P00727,earned,2025-09-24,2025-10-10,16.0
P00727-L013,P00727,casual,2025-10-29,2025-11-03,5.0
P00727-L014,P00727,earned,2025-11-26,2025-12-09,13.0
P00727-L015,P00727,earned,2026-01-10,2026-01-13,2.4
P00727-L016,P00727,earned,2026-02-23,2026-03-02,7.5
P00727-L017,P00727,casual,2026-03-31,2026-04-08,8.3
P00727-L018,P00727,earned,2026-04-19,2026-04-28,8.5
P00727-L019,P00727,medical,2026-06-03,2026-06-11,8.0
P00727-L020,P00727,casual,2026-06-25,2026-07-02,7.6
P00727-L021,P00727,casual,2026-08-04,2026-08-10,6.0
P00728-L001,P00728,medical,2024-10-04,2024-10-14,10.0
P00728-L002,P00728,earned,2024-10-24,2024-11-01,8.6
P00728-L003,P00728,casual,2024-12-28,2025-01-10,13.7
P00728-L004,P00728,earned,2025-02-11,2025-02-17,6.1
P00728-L005,P00728,earned,2025-04-07,2025-04-23,15.9
P00728-L006,P00728,casual,2025-05-29,2025-06-09,10.4
P00728-L007,P00728,earned,2025-07-12,2025-07-17,5.4
P00728-L008,P00728,medical,2025-09-23,2025-10-03,9.6
P00728-L009,P00728,casual,2025-10-26,2025-11-08,13.3
P00728-L010,P00728,casual,2025-12-15,2025-12-24,9.3
P00728-L011,P00728,compensatory,2026-02-15,2026-02-22,7.6
P00728-L012,P00728,casual,2026-03-30,2026-04-16,17.1
P00728-L013,P00728,medical,2026-05-22,2026-06-01,10.2
P00728-L014,P00728,medical,2026-07-11,2026-07-18,6.9
P00729-L001,P00729,casual,2024-10-06,2024-10-08,2.4
P00729-L002,P00729,earned,2024-12-18,2024-12-27,9.7
P00729-L003,P00729,medical,2025-02-15,2025-02-26,11.1
P00729-L004,P00729,earned,2025-05-08,2025-05-23,14.8
P00729-L005,P00729,compensatory,2025-06-20,2025-07-01,11.5
P00729-L006,P00729,medical,2025-08-19,2025-08-28,9.2
P00729-L007,P00729,casual,2025-10-23,2025-11-06,13.9
P00729-L008,P00729,casual,2025-12-30,2026-01-13,14.1
P00729-L009,P00729,casual,2026-03-10,2026-03-24,14.0
P00729-L010,P00729,casual,2026-05-01,2026-05-18,16.7
P00729-L011,P00729,earned,2026-08-02,2026-08-09,7.6
P00730-L001,P00730,medical,2024-09-14,2024-09-30,16.5
P00730-L002,P00730,casual,2024-10-22,2024-11-05,14.1
P00730-L003,P00730,earned,2024-12-22,2025-01-07,15.7
P00730-L004,P00730,earned,2025-02-05,2025-02-17,11.8
P00730-L005,P00730,earned,2025-04-19,2025-04-24,5.2
P00730-L006,P00730,earned,2025-05-18,2025-05-25,7.0
P00730-L007,P00730,casual,2025-07-11,2025-07-17,5.9
P00730-L008,P00730,earned,2025-08-15,2025-08-21,5.9
P00730-L009,P00730,casual,2025-09-28,2025-10-03,5.3
P00730-L010,P00730,casual,2025-12-05,2025-12-20,14.5
P00730-L011,P00730,earned,2026-01-01,2026-01-04,2.9
P00730-L012,P00730,compensatory,2026-02-20,2026-03-05,12.1
P00730-L013,P00730,medical,2026-04-29,2026-05-17,17.6
P00730-L014,P00730,casual,2026-06-19,2026-07-03,13.9
P00730-L015,P00730,earned,2026-08-02,2026-08-11,9.0
P00731-L001,P00731,earned,2024-09-20,2024-09-25,4.5
P00731-L002,P00731,earned,2024-10-19,2024-10-24,4.8
P00731-L003,P00731,earned,2024-11-13,2024-11-19,6.6
P00731-L004,P00731,compensatory,2025-01-01,2025-01-16,14.8
P00731-L005,P00731,earned,2025-01-30,2025-02-16,16.6
P00731-L006,P00731,earned,2025-03-09,2025-03-23,13.8
P00731-L007,P00731,earned,2025-04-13,2025-04-19,5.9
P00731-L008,P00731,earned,2025-05-26,2025-06-01,6.9
P00731-L009,P00731,earned,2025-07-07,2025-07-10,2.6
P00731-L010,P00731,medical,2025-07-26,2025-08-04,8.7
P00731-L011,P00731,earned,2025-09-04,2025-09-16,12.1
P00731-L012,P00731,casual,2025-10-08,2025-10-16,8.4
P00731-L013,P00731,medical,2025-11-17,2025-11-25,7.9
P00731-L014,P00731,earned,2025-12-20,2025-12-28,8.8
P00731-L015,P00731,casual,2026-02-08,2026-02-22,14.6
P00731-L016,P00731,earned,2026-03-03,2026-03-14,11.6
P00731-L017,P00731,medical,2026-04-21,2026-05-10,18.4
P00731-L018,P00731,casual,2026-06-01,2026-06-12,10.9
P00731-L019,P00731,earned,2026-06-25,2026-07-08,12.2
P00731-L020,P00731,earned,2026-08-04,2026-08-14,9.8
P00732-L001,P00732,casual,2024-09-05,2024-09-11,6.4
P00732-L002,P00732,casual,2024-10-02,2024-10-10,7.6
P00732-L003,P00732,earned,2024-11-05,2024-11-09,3.5
P00732-L004,P00732,medical,2024-12-15,2024-12-25,10.4
P00732-L005,P00732,medical,2025-01-10,2025-01-20,10.8
P00732-L006,P00732,earned,2025-02-07,2025-02-20,13.4
P00732-L007,P00732,casual,2025-03-25,2025-03-30,5.6
P00732-L008,P00732,medical,2025-04-12,2025-04-21,9.0
P00732-L009,P00732,casual,2025-05-20,2025-05-28,8.7
P00732-L010,P00732,earned,2025-07-05,2025-07-08,3.4
P00732-L011,P00732,compensatory,2025-07-16,2025-07-18,1.4
P00732-L012,P00732,compensatory,2025-08-20,2025-08-26,5.9
P00732-L013,P00732,earned,2025-09-23,2025-10-02,8.3
P00732-L014,P00732,medical,2025-10-23,2025-11-01,8.8
P00732-L015,P00732,medical,2025-12-07,2025-12-11,3.7
P00732-L016,P00732,medical,2025-12-23,2026-01-03,11.6
P00732-L017,P00732,earned,2026-01-23,2026-01-28,4.7
P00732-L018,P00732,casual,2026-03-03,2026-03-09,5.6
P00732-L019,P00732,earned,2026-04-07,2026-04-14,6.9
P00732-L020,P00732,casual,2026-04-29,2026-05-06,7.5
P00732-L021,P00732,medical,2026-05-29,2026-06-03,5.3
P00732-L022,P00732,medical,2026-06-30,2026-07-13,12.9
P00732-L023,P00732,earned,2026-08-05,2026-08-13,8.2
P00733-L001,P00733,medical,2024-09-21,2024-10-07,16.0
P00733-L002,P00733,medical,2024-11-07,2024-11-14,6.8
P00733-L003,P00733,casual,2025-01-01,2025-01-11,9.5
P00733-L004,P00733,casual,2025-02-06,2025-02-11,4.9
P00733-L005,P00733,earned,2025-04-08,2025-04-12,4.5
P00733-L006,P00733,earned,2025-06-13,2025-06-14,1.0
P00733-L007,P00733,medical,2025-07-16,2025-07-19,3.5
P00733-L008,P00733,earned,2025-09-14,2025-09-22,8.4
P00733-L009,P00733,medical,2025-11-10,2025-11-28,17.3
P00733-L010,P00733,medical,2025-12-20,2025-12-26,5.7
P00733-L011,P00733,medical,2026-02-04,2026-02-19,14.3
P00733-L012,P00733,earned,2026-04-06,2026-05-06,30.0
P00733-L013,P00733,earned,2026-06-21,2026-06-29,7.5
P00733-L014,P00733,medical,2026-07-12,2026-07-24,12.0
P00734-L001,P00734,casual,2024-09-03,2024-09-06,3.0
P00734-L002,P00734,casual,2024-10-02,2024-10-11,9.4
P00734-L003,P00734,earned,2024-11-06,2024-11-11,4.8
P00734-L004,P00734,compensatory,2024-12-21,2025-01-02,12.0
P00734-L005,P00734,casual,2025-01-13,2025-01-16,3.6
P00734-L006,P00734,earned,2025-02-08,2025-02-12,3.1
P00734-L007,P00734,medical,2025-03-11,2025-03-16,5.8
P00734-L008,P00734,casual,2025-04-24,2025-04-30,6.2
P00734-L009,P00734,compensatory,2025-05-13,2025-05-17,4.0
P00734-L010,P00734,casual,2025-06-18,2025-06-23,5.1
P00734-L011,P00734,medical,2025-07-19,2025-07-23,4.5
P00734-L012,P00734,casual,2025-08-19,2025-08-23,4.2
P00734-L013,P00734,earned,2025-09-23,2025-10-05,12.1
P00734-L014,P00734,earned,2025-10-26,2025-10-30,3.3
P00734-L015,P00734,casual,2025-11-19,2025-11-24,4.8
P00734-L016,P00734,casual,2025-12-23,2025-12-26,2.5
P00734-L017,P00734,earned,2026-01-25,2026-02-02,7.9
P00734-L018,P00734,earned,2026-02-27,2026-03-01,2.4
P00734-L019,P00734,earned,2026-04-01,2026-04-12,10.7
P00734-L020,P00734,earned,2026-05-06,2026-05-08,2.8
P00734-L021,P00734,casual,2026-06-03,2026-06-06,3.2
P00734-L022,P00734,casual,2026-07-16,2026-07-26,9.7
P00734-L023,P00734,earned,2026-08-07,2026-08-12,5.3
P00735-L001,P00735,casual,2024-09-05,2024-09-11,6.0
P00735-L002,P00735,earned,2024-10-14,2024-10-27,13.3
P00735-L003,P00735,earned,2024-11-28,2024-12-10,11.8
P00735-L004,P00735,casual,2025-01-14,2025-01-18,4.1
P00735-L005,P00735,earned,2025-02-14,2025-02-24,9.5
P00735-L006,P00735,earned,2025-03-22,2025-03-29,7.0
P00735-L007,P00735,earned,2025-05-05,2025-05-20,15.8
P00735-L008,P00735,earned,2025-06-18,2025-07-01,13.1
P00735-L009,P00735,casual,2025-07-24,2025-08-03,9.3
P00735-L010,P00735,compensatory,2025-09-29,2025-10-06,7.1
P00735-L011,P00735,earned,2025-10-15,2025-10-30,14.1
P00735-L012,P00735,compensatory,2025-12-11,2025-12-17,5.7
P00735-L013,P00735,casual,2026-01-30,2026-02-04,5.1
P00735-L014,P00735,casual,2026-02-27,2026-03-05,5.6
P00735-L015,P00735,medical,2026-03-28,2026-04-07,10.2
P00735-L016,P00735,compensatory,2026-05-09,2026-05-18,8.9
P00735-L017,P00735,casual,2026-06-24,2026-07-09,14.9
P00735-L018,P00735,earned,2026-07-25,2026-08-06,11.6
P00736-L001,P00736,compensatory,2024-09-07,2024-09-11,3.9
P00736-L002,P00736,earned,2024-10-18,2024-10-24,5.4
P00736-L003,P00736,earned,2024-11-09,2024-11-12,2.7
P00736-L004,P00736,medical,2024-12-19,2024-12-22,3.2
P00736-L005,P00736,earned,2025-01-22,2025-01-30,7.7
P00736-L006,P00736,earned,2025-02-22,2025-03-05,11.4
P00736-L007,P00736,casual,2025-03-28,2025-04-06,8.4
P00736-L008,P00736,casual,2025-05-09,2025-05-12,3.7
P00736-L009,P00736,earned,2025-06-15,2025-06-24,8.6
P00736-L010,P00736,casual,2025-07-13,2025-07-17,3.1
P00736-L011,P00736,casual,2025-08-15,2025-08-21,6.4
P00736-L012,P00736,earned,2025-09-30,2025-10-04,3.9
P00736-L013,P00736,earned,2025-11-01,2025-11-12,11.6
P00736-L014,P00736,earned,2025-11-30,2025-12-05,5.7
P00736-L015,P00736,earned,2026-01-19,2026-01-24,5.3
P00736-L016,P00736,compensatory,2026-02-16,2026-02-23,6.4
P00736-L017,P00736,earned,2026-03-19,2026-03-26,7.5
P00736-L018,P00736,compensatory,2026-04-27,2026-05-07,10.5
P00736-L019,P00736,casual,2026-05-21,2026-05-25,3.2
P00736-L020,P00736,casual,2026-06-30,2026-07-03,2.9
P00736-L021,P00736,earned,2026-07-28,2026-08-04,6.9
P00737-L001,P00737,casual,2024-09-08,2024-09-19,11.7
P00737-L002,P00737,earned,2024-10-23,2024-10-30,6.8
P00737-L003,P00737,earned,2024-11-23,2024-12-08,15.2
P00737-L004,P00737,casual,2025-01-07,2025-01-11,3.9
P00737-L005,P00737,casual,2025-02-11,2025-02-28,16.7
P00737-L006,P00737,medical,2025-04-05,2025-04-10,6.0
P00737-L007,P00737,medical,2025-05-09,2025-05-14,4.9
P00737-L008,P00737,compensatory,2025-06-26,2025-07-13,16.7
P00737-L009,P00737,compensatory,2025-08-12,2025-08-18,6.5
P00737-L010,P00737,medical,2025-09-17,2025-09-27,9.6
P00737-L011,P00737,earned,2025-10-16,2025-10-28,12.6
P00737-L012,P00737,compensatory,2025-11-21,2025-12-05,13.7
P00737-L013,P00737,casual,2026-01-22,2026-01-26,4.1
P00737-L014,P00737,earned,2026-02-23,2026-03-09,14.8
P00737-L015,P00737,medical,2026-03-27,2026-03-30,2.9
P00737-L016,P00737,casual,2026-05-07,2026-05-10,2.6
P00737-L017,P00737,earned,2026-06-26,2026-07-06,9.8
P00737-L018,P00737,medical,2026-08-10,2026-08-19,8.9
P00738-L001,P00738,earned,2024-09-24,2024-09-29,4.8
P00738-L002,P00738,casual,2024-10-20,2024-10-22,2.5
P00738-L003,P00738,casual,2024-11-30,2024-12-05,5.7
P00738-L004,P00738,earned,2025-01-11,2025-01-18,6.7
P00738-L005,P00738,earned,2025-02-10,2025-02-14,4.5
P00738-L006,P00738,earned,2025-03-18,2025-04-03,16.3
P00738-L007,P00738,earned,2025-04-30,2025-05-02,2.3
P00738-L008,P00738,casual,2025-06-03,2025-06-17,14.0
P00738-L009,P00738,casual,2025-07-09,2025-07-15,5.9
P00738-L010,P00738,earned,2025-08-23,2025-08-30,7.0
P00738-L011,P00738,compensatory,2025-09-29,2025-10-04,4.7
P00738-L012,P00738,earned,2025-11-17,2025-11-23,6.6
P00738-L013,P00738,casual,2025-12-09,2025-12-13,3.7
P00738-L014,P00738,casual,2026-01-17,2026-01-31,13.6
P00738-L015,P00738,earned,2026-03-02,2026-03-14,11.8
P00738-L016,P00738,medical,2026-04-02,2026-04-13,10.7
P00738-L017,P00738,casual,2026-05-09,2026-05-20,10.9
P00738-L018,P00738,casual,2026-07-04,2026-07-10,5.5
P00738-L019,P00738,earned,2026-07-25,2026-08-12,17.6
P00739-L001,P00739,casual,2024-09-16,2024-09-25,8.3
P00739-L002,P00739,casual,2024-10-13,2024-10-18,5.4
P00739-L003,P00739,earned,2024-11-23,2024-11-27,3.9
P00739-L004,P00739,earned,2024-12-15,2024-12-23,7.8
P00739-L005,P00739,earned,2025-01-13,2025-01-15,2.4
P00739-L006,P00739,earned,2025-02-14,2025-02-24,10.1
P00739-L007,P00739,medical,2025-03-30,2025-04-04,5.6
P00739-L008,P00739,medical,2025-04-28,2025-05-07,8.8
P00739-L009,P00739,medical,2025-05-30,2025-06-02,3.2
P00739-L010,P00739,earned,2025-07-09,2025-07-21,11.4
P00739-L011,P00739,casual,2025-08-07,2025-08-15,7.8
P00739-L012,P00739,casual,2025-09-04,2025-09-11,6.3
P00739-L013,P00739,medical,2025-10-11,2025-10-15,3.6
P00739-L014,P00739,earned,2025-11-16,2025-11-26,9.5
P00739-L015,P00739,earned,2025-12-20,2025-12-24,4.5
P00739-L016,P00739,casual,2026-01-23,2026-01-25,2.9
P00739-L017,P00739,casual,2026-02-14,2026-03-01,14.5
P00739-L018,P00739,earned,2026-04-14,2026-04-19,5.2
P00739-L019,P00739,casual,2026-04-27,2026-04-30,3.0
P00739-L020,P00739,casual,2026-05-29,2026-06-06,8.8
P00739-L021,P00739,casual,2026-07-01,2026-07-19,18.8
P00739-L022,P00739,compensatory,2026-08-04,2026-08-14,10.3
P00740-L001,P00740,casual,2024-09-08,2024-09-17,8.6
P00740-L002,P00740,earned,2024-10-20,2024-10-31,11.2
P00740-L003,P00740,earned,2024-11-18,2024-11-27,8.8
P00740-L004,P00740,medical,2024-12-22,2024-12-30,8.0
P00740-L005,P00740,earned,2025-01-25,2025-01-30,4.6
P00740-L006,P00740,earned,2025-03-27,2025-03-31,4.5
P00740-L007,P00740,medical,2025-04-17,2025-05-04,16.9
P00740-L008,P00740,earned,2025-05-25,2025-05-31,6.2
P00740-L009,P00740,earned,2025-06-23,2025-07-08,15.3
P00740-L010,P00740,casual,2025-07-29,2025-08-07,9.0
P00740-L011,P00740,casual,2025-09-19,2025-09-26,7.1
P00740-L012,P00740,compensatory,2025-10-23,2025-11-02,10.2
P00740-L013,P00740,earned,2025-11-27,2025-11-30,3.0
P00740-L014,P00740,earned,2025-12-19,2025-12-24,4.3
P00740-L015,P00740,earned,2026-02-04,2026-02-12,7.9
P00740-L016,P00740,earned,2026-03-19,2026-03-24,5.3
P00740-L017,P00740,medical,2026-04-10,2026-04-15,4.8
P00740-L018,P00740,casual,2026-05-17,2026-05-20,2.8
P00740-L019,P00740,casual,2026-06-20,2026-07-09,19.3
P00740-L020,P00740,earned,2026-08-10,2026-08-14,4.3
P00741-L001,P00741,earned,2024-09-16,2024-09-27,10.8
P00741-L002,P00741,casual,2024-10-28,2024-11-06,9.2
P00741-L003,P00741,casual,2024-12-22,2024-12-29,7.0
P00741-L004,P00741,earned,2025-02-12,2025-03-03,19.2
P00741-L005,P00741,medical,2025-03-20,2025-04-06,17.1
P00741-L006,P00741,earned,2025-05-07,2025-05-23,16.6
P00741-L007,P00741,earned,2025-07-22,2025-08-01,9.3
P00741-L008,P00741,casual,2025-08-09,2025-08-18,8.7
P00741-L009,P00741,earned,2025-10-18,2025-11-04,16.6
P00741-L010,P00741,medical,2025-11-13,2025-11-26,13.3
P00741-L011,P00741,earned,2026-01-03,2026-01-10,7.2
P00741-L012,P00741,medical,2026-02-26,2026-03-08,10.2
P00741-L013,P00741,medical,2026-04-18,2026-04-26,7.6
P00741-L014,P00741,earned,2026-06-01,2026-06-07,5.5
P00741-L015,P00741,earned,2026-07-22,2026-08-02,10.4
P00742-L001,P00742,medical,2024-09-20,2024-09-28,8.4
P00742-L002,P00742,earned,2024-11-05,2024-11-12,7.1
P00742-L003,P00742,earned,2024-11-25,2024-12-02,7.1
P00742-L004,P00742,earned,2025-01-10,2025-01-21,11.1
P00742-L005,P00742,earned,2025-03-15,2025-03-21,5.5
P00742-L006,P00742,earned,2025-04-12,2025-04-21,9.3
P00742-L007,P00742,casual,2025-05-26,2025-06-11,15.6
P00742-L008,P00742,earned,2025-07-02,2025-07-08,6.2
P00742-L009,P00742,earned,2025-09-03,2025-09-08,5.5
P00742-L010,P00742,casual,2025-10-15,2025-10-20,5.0
P00742-L011,P00742,earned,2025-11-08,2025-11-15,7.0
P00742-L012,P00742,casual,2025-12-22,2026-01-08,17.1
P00742-L013,P00742,earned,2026-02-12,2026-02-14,2.4
P00742-L014,P00742,casual,2026-03-15,2026-03-21,6.2
P00742-L015,P00742,medical,2026-04-29,2026-05-11,11.8
P00742-L016,P00742,casual,2026-06-16,2026-06-23,6.7
P00742-L017,P00742,earned,2026-08-03,2026-08-08,4.9
P00743-L001,P00743,earned,2024-09-01,2024-09-17,16.5
P00743-L002,P00743,earned,2024-11-23,2024-12-01,8.1
P00743-L003,P00743,earned,2025-01-14,2025-01-24,10.4
P00743-L004,P00743,casual,2025-03-23,2025-04-05,12.7
P00743-L005,P00743,earned,2025-05-20,2025-05-31,10.5
P00743-L006,P00743,casual,2025-07-03,2025-07-13,9.7
P00743-L007,P00743,compensatory,2025-09-20,2025-10-16,25.6
P00743-L008,P00743,earned,2025-11-17,2025-11-25,7.4
P00743-L009,P00743,earned,2026-02-03,2026-02-14,10.4
P00743-L010,P00743,medical,2026-03-22,2026-03-28,6.3
P00743-L011,P00743,medical,2026-06-12,2026-06-22,9.4
P00743-L012,P00743,casual,2026-07-12,2026-07-19,7.1
P00744-L001,P00744,casual,2024-09-06,2024-09-16,9.9
P00744-L002,P00744,compensatory,2024-10-25,2024-11-11,16.3
P00744-L003,P00744,casual,2024-12-01,2024-12-12,11.3
P00744-L004,P00744,casual,2025-01-22,2025-01-28,5.6
P00744-L005,P00744,casual,2025-03-10,2025-03-23,12.3
P00744-L006,P00744,casual,2025-04-21,2025-04-29,7.3
P00744-L007,P00744,casual,2025-06-05,2025-06-11,6.3
P00744-L008,P00744,casual,2025-08-08,2025-08-11,2.5
P00744-L009,P00744,earned,2025-09-07,2025-09-15,8.1
P00744-L010,P00744,earned,2025-10-24,2025-11-07,14.5
P00744-L011,P00744,earned,2025-12-05,2025-12-12,7.9
P00744-L012,P00744,earned,2026-02-12,2026-02-25,12.9
P00744-L013,P00744,casual,2026-04-06,2026-04-11,5.2
P00744-L014,P00744,medical,2026-04-22,2026-05-21,28.4
P00744-L015,P00744,casual,2026-07-02,2026-07-10,8.1
P00744-L016,P00744,casual,2026-07-21,2026-07-28,6.8
P00745-L001,P00745,earned,2024-08-31,2024-09-10,9.9
P00745-L002,P00745,casual,2024-10-24,2024-11-04,11.1
P00745-L003,P00745,casual,2024-11-27,2024-12-01,4.7
P00745-L004,P00745,casual,2025-01-12,2025-01-18,6.6
P00745-L005,P00745,earned,2025-02-18,2025-02-25,6.6
P00745-L006,P00745,casual,2025-03-18,2025-03-29,11.0
P00745-L007,P00745,casual,2025-04-22,2025-04-25,3.9
P00745-L008,P00745,earned,2025-06-20,2025-06-27,7.1
P00745-L009,P00745,casual,2025-07-10,2025-07-25,15.4
P00745-L010,P00745,medical,2025-08-13,2025-08-19,6.1
P00745-L011,P00745,earned,2025-10-06,2025-10-14,7.7
P00745-L012,P00745,medical,2025-11-07,2025-11-08,1.1
P00745-L013,P00745,earned,2025-12-21,2025-12-30,9.3
P00745-L014,P00745,casual,2026-01-13,2026-01-23,9.5
P00745-L015,P00745,medical,2026-02-28,2026-03-18,18.2
P00745-L016,P00745,earned,2026-04-01,2026-04-09,8.5
P00745-L017,P00745,casual,2026-05-27,2026-05-31,4.8
P00745-L018,P00745,earned,2026-07-02,2026-07-16,13.5
P00745-L019,P00745,casual,2026-08-01,2026-08-13,12.5
P00746-L001,P00746,earned,2024-09-08,2024-09-21,12.9
P00746-L002,P00746,casual,2024-11-28,2024-12-13,14.7
P00746-L003,P00746,earned,2025-02-05,2025-02-19,14.4
P00746-L004,P00746,earned,2025-04-15,2025-05-04,19.0
P00746-L005,P00746,earned,2025-06-29,2025-07-11,12.7
P00746-L006,P00746,casual,2025-09-21,2025-10-02,11.0
P00746-L007,P00746,earned,2025-12-02,2025-12-22,19.6
P00746-L008,P00746,earned,2026-02-16,2026-02-19,3.2
P00746-L009,P00746,earned,2026-05-17,2026-05-25,7.4
P00746-L010,P00746,earned,2026-07-05,2026-07-13,7.6
P00747-L001,P00747,earned,2024-09-13,2024-09-16,2.4
P00747-L002,P00747,earned,2024-12-23,2025-01-08,15.9
P00747-L003,P00747,medical,2025-01-30,2025-02-04,4.8
P00747-L004,P00747,earned,2025-05-02,2025-05-05,3.3
P00747-L005,P00747,earned,2025-05-28,2025-06-15,18.1
P00747-L006,P00747,casual,2025-08-10,2025-08-24,14.4
P00747-L007,P00747,earned,2025-10-18,2025-10-30,11.6
P00747-L008,P00747,earned,2026-01-09,2026-01-19,10.3
P00747-L009,P00747,casual,2026-03-08,2026-03-19,11.4
P00747-L010,P00747,earned,2026-05-28,2026-06-06,9.6
P00747-L011,P00747,casual,2026-07-14,2026-07-25,10.4
P00748-L001,P00748,casual,2024-09-07,2024-09-14,6.9
P00748-L002,P00748,casual,2024-11-01,2024-11-08,6.6
P00748-L003,P00748,medical,2024-12-07,2024-12-14,6.4
P00748-L004,P00748,casual,2025-02-01,2025-02-13,11.7
P00748-L005,P00748,casual,2025-03-04,2025-03-19,14.7
P00748-L006,P00748,casual,2025-04-08,2025-04-13,5.6
P00748-L007,P00748,earned,2025-06-09,2025-06-16,7.1
P00748-L008,P00748,earned,2025-07-12,2025-07-18,6.7
P00748-L009,P00748,earned,2025-08-21,2025-08-27,6.0
P00748-L010,P00748,casual,2025-10-09,2025-10-20,11.0
P00748-L011,P00748,casual,2025-11-26,2025-12-02,6.1
P00748-L012,P00748,earned,2026-01-05,2026-01-10,5.7
P00748-L013,P00748,casual,2026-02-20,2026-02-23,3.0
P00748-L014,P00748,medical,2026-03-17,2026-03-28,11.4
P00748-L015,P00748,casual,2026-04-25,2026-05-06,10.2
P00748-L016,P00748,casual,2026-06-08,2026-06-15,7.1
P00748-L017,P00748,casual,2026-08-06,2026-08-13,7.1
P00749-L001,P00749,earned,2024-09-11,2024-09-30,19.4
P00749-L002,P00749,earned,2024-10-13,2024-10-22,8.5
P00749-L003,P00749,earned,2024-12-07,2024-12-13,5.8
P00749-L004,P00749,casual,2025-01-17,2025-01-26,9.0
P00749-L005,P00749,earned,2025-03-04,2025-03-11,7.5
P00749-L006,P00749,casual,2025-04-12,2025-04-22,10.2
P00749-L007,P00749,casual,2025-05-17,2025-06-01,14.6
P00749-L008,P00749,casual,2025-07-11,2025-07-30,19.2
P00749-L009,P00749,earned,2025-08-10,2025-08-23,12.8
P00749-L010,P00749,earned,2025-10-18,2025-10-23,5.5
P00749-L011,P00749,earned,2025-12-01,2025-12-07,5.8
P00749-L012,P00749,casual,2026-01-08,2026-01-14,6.6
P00749-L013,P00749,casual,2026-02-28,2026-03-06,6.2
P00749-L014,P00749,earned,2026-03-23,2026-04-02,10.9
P00749-L015,P00749,compensatory,2026-04-25,2026-05-03,7.4
P00749-L016,P00749,medical,2026-06-08,2026-06-22,13.8
P00749-L017,P00749,earned,2026-08-01,2026-08-06,4.5
P00750-L001,P00750,casual,2024-09-27,2024-10-01,4.5
P00750-L002,P00750,earned,2024-10-14,2024-10-19,4.9
P00750-L003,P00750,earned,2024-11-27,2024-12-04,7.2
P00750-L004,P00750,earned,2025-01-01,2025-01-11,10.1
P00750-L005,P00750,earned,2025-02-25,2025-03-02,5.1
P00750-L006,P00750,earned,2025-03-23,2025-04-04,11.7
P00750-L007,P00750,earned,2025-05-02,2025-05-12,10.2
P00750-L008,P00750,earned,2025-06-13,2025-06-27,14.1
P00750-L009,P00750,medical,2025-08-08,2025-08-19,11.6
P00750-L010,P00750,earned,2025-09-13,2025-09-20,6.8
P00750-L011,P00750,earned,2025-10-16,2025-10-21,5.2
P00750-L012,P00750,earned,2025-11-28,2025-12-06,8.7
P00750-L013,P00750,earned,2026-01-07,2026-01-10,3.3
P00750-L014,P00750,earned,2026-03-01,2026-03-07,5.6
P00750-L015,P00750,earned,2026-04-19,2026-04-25,6.2
P00750-L016,P00750,earned,2026-05-06,2026-05-14,7.4
P00750-L017,P00750,earned,2026-06-25,2026-06-29,3.9
P00750-L018,P00750,earned,2026-07-22,2026-08-03,11.6
P00751-L001,P00751,earned,2024-09-04,2024-09-11,6.5
P00751-L002,P00751,casual,2024-10-13,2024-10-17,3.8
P00751-L003,P00751,earned,2024-11-06,2024-11-15,8.3
P00751-L004,P00751,earned,2024-12-04,2024-12-07,3.7
P00751-L005,P00751,earned,2024-12-23,2024-12-29,6.5
P00751-L006,P00751,earned,2025-01-12,2025-01-14,2.0
P00751-L007,P00751,earned,2025-02-07,2025-02-14,6.9
P00751-L008,P00751,earned,2025-03-05,2025-03-08,3.9
P00751-L009,P00751,casual,2025-04-06,2025-04-10,3.6
P00751-L010,P00751,casual,2025-04-24,2025-04-26,2.0
P00751-L011,P00751,earned,2025-05-30,2025-06-06,6.9
P00751-L012,P00751,earned,2025-07-04,2025-07-08,4.7
P00751-L013,P00751,earned,2025-07-27,2025-08-01,4.9
P00751-L014,P00751,casual,2025-08-14,2025-08-17,3.3
P00751-L015,P00751,earned,2025-09-04,2025-09-07,2.9
P00751-L016,P00751,casual,2025-10-02,2025-10-08,5.7
P00751-L017,P00751,casual,2025-10-23,2025-11-02,9.6
P00751-L018,P00751,casual,2025-12-01,2025-12-11,10.3
P00751-L019,P00751,medical,2025-12-18,2025-12-22,3.0
P00751-L020,P00751,earned,2026-01-16,2026-01-23,6.6
P00751-L021,P00751,casual,2026-02-05,2026-02-13,7.8
P00751-L022,P00751,casual,2026-03-10,2026-03-16,6.3
P00751-L023,P00751,earned,2026-03-30,2026-04-06,7.2
P00751-L024,P00751,earned,2026-04-27,2026-05-01,3.7
P00751-L025,P00751,medical,2026-06-04,2026-06-13,9.6
P00751-L026,P00751,casual,2026-06-19,2026-06-23,3.9
P00751-L027,P00751,compensatory,2026-07-16,2026-07-23,6.9
P00751-L028,P00751,medical,2026-08-18,2026-08-22,3.7
P00752-L001,P00752,casual,2024-09-16,2024-09-25,9.3
P00752-L002,P00752,medical,2024-10-11,2024-10-29,17.8
P00752-L003,P00752,casual,2024-11-23,2024-11-30,7.5
P00752-L004,P00752,casual,2024-12-31,2025-01-09,8.9
P00752-L005,P00752,earned,2025-02-24,2025-03-19,22.1
P00752-L006,P00752,earned,2025-03-25,2025-04-03,8.6
P00752-L007,P00752,earned,2025-05-12,2025-05-27,14.9
P00752-L008,P00752,earned,2025-07-03,2025-07-11,7.8
P00752-L009,P00752,earned,2025-07-25,2025-07-28,2.3
P00752-L010,P00752,earned,2025-09-01,2025-09-21,20.4
P00752-L011,P00752,earned,2025-10-16,2025-10-18,1.8
P00752-L012,P00752,earned,2025-11-24,2025-12-07,12.8
P00752-L013,P00752,earned,2026-01-05,2026-01-13,7.8
P00752-L014,P00752,earned,2026-02-13,2026-02-18,5.5
P00752-L015,P00752,earned,2026-04-08,2026-04-17,8.9
P00752-L016,P00752,earned,2026-05-03,2026-05-06,3.2
P00752-L017,P00752,earned,2026-06-30,2026-07-06,6.1
P00752-L018,P00752,casual,2026-08-15,2026-08-21,6.2
P00753-L001,P00753,casual,2024-10-03,2024-10-12,9.3
P00753-L002,P00753,earned,2024-11-10,2024-11-29,18.7
P00753-L003,P00753,earned,2025-02-14,2025-02-20,6.2
P00753-L004,P00753,casual,2025-03-31,2025-04-10,11.0
P00753-L005,P00753,medical,2025-05-24,2025-05-30,6.0
P00753-L006,P00753,earned,2025-08-13,2025-08-18,4.2
P00753-L007,P00753,earned,2025-11-02,2025-11-07,4.7
P00753-L008,P00753,earned,2026-01-03,2026-01-06,3.3
P00753-L009,P00753,earned,2026-02-14,2026-03-06,20.2
P00753-L010,P00753,casual,2026-05-02,2026-05-09,6.4
P00753-L011,P00753,earned,2026-07-07,2026-07-21,14.0
P00754-L001,P00754,medical,2024-09-13,2024-09-20,6.4
P00754-L002,P00754,casual,2024-11-16,2024-11-20,3.9
P00754-L003,P00754,casual,2025-01-19,2025-01-30,11.1
P00754-L004,P00754,casual,2025-03-02,2025-03-07,5.5
P00754-L005,P00754,earned,2025-04-20,2025-04-26,5.5
P00754-L006,P00754,earned,2025-06-22,2025-06-29,6.6
P00754-L007,P00754,earned,2025-08-15,2025-08-23,7.8
P00754-L008,P00754,casual,2025-10-12,2025-10-27,15.2
P00754-L009,P00754,casual,2025-12-12,2025-12-19,6.1
P00754-L010,P00754,earned,2026-02-19,2026-03-02,11.3
P00754-L011,P00754,casual,2026-04-23,2026-04-25,2.6
P00754-L012,P00754,earned,2026-05-26,2026-06-03,8.6
P00754-L013,P00754,earned,2026-07-24,2026-07-29,4.8
P00755-L001,P00755,earned,2024-09-03,2024-09-12,8.2
P00755-L002,P00755,medical,2024-10-10,2024-10-28,17.9
P00755-L003,P00755,casual,2024-12-07,2024-12-19,12.5
P00755-L004,P00755,medical,2025-01-04,2025-01-10,5.7
P00755-L005,P00755,casual,2025-02-02,2025-02-08,6.2
P00755-L006,P00755,medical,2025-03-16,2025-03-26,9.9
P00755-L007,P00755,earned,2025-05-08,2025-05-15,7.2
P00755-L008,P00755,earned,2025-06-07,2025-06-22,14.5
P00755-L009,P00755,medical,2025-07-23,2025-07-31,7.7
P00755-L010,P00755,earned,2025-08-14,2025-08-27,12.3
P00755-L011,P00755,casual,2025-10-01,2025-10-14,12.8
P00755-L012,P00755,casual,2025-10-31,2025-11-04,3.4
P00755-L013,P00755,medical,2025-12-10,2025-12-12,2.8
P00755-L014,P00755,medical,2026-01-30,2026-02-04,5.3
P00755-L015,P00755,earned,2026-02-21,2026-02-27,6.5
P00755-L016,P00755,compensatory,2026-04-03,2026-04-06,3.2
P00755-L017,P00755,medical,2026-05-26,2026-06-06,11.3
P00755-L018,P00755,compensatory,2026-07-07,2026-07-11,4.5
P00755-L019,P00755,compensatory,2026-08-01,2026-08-14,12.2
P00756-L001,P00756,earned,2024-09-17,2024-09-28,10.2
P00756-L002,P00756,earned,2024-10-07,2024-10-15,8.7
P00756-L003,P00756,casual,2024-11-11,2024-11-22,11.1
P00756-L004,P00756,earned,2024-12-15,2024-12-25,10.1
P00756-L005,P00756,earned,2025-01-23,2025-01-29,6.0
P00756-L006,P00756,medical,2025-03-16,2025-03-21,5.0
P00756-L007,P00756,earned,2025-04-09,2025-04-13,4.7
P00756-L008,P00756,earned,2025-05-07,2025-05-09,1.7
P00756-L009,P00756,casual,2025-06-08,2025-06-17,9.7
P00756-L010,P00756,earned,2025-07-29,2025-08-02,3.3
P00756-L011,P00756,medical,2025-08-18,2025-09-03,15.3
P00756-L012,P00756,earned,2025-09-19,2025-09-22,3.5
P00756-L013,P00756,casual,2025-11-01,2025-11-05,3.8
P00756-L014,P00756,casual,2025-11-29,2025-12-03,4.1
P00756-L015,P00756,earned,2026-01-08,2026-01-16,7.7
P00756-L016,P00756,earned,2026-02-27,2026-03-02,2.6
P00756-L017,P00756,casual,2026-03-20,2026-04-13,24.0
P00756-L018,P00756,casual,2026-04-17,2026-04-26,8.8
P00756-L019,P00756,earned,2026-05-28,2026-06-03,6.3
P00756-L020,P00756,earned,2026-07-09,2026-07-20,11.4
P00756-L021,P00756,earned,2026-07-29,2026-08-12,13.6
P00757-L001,P00757,casual,2024-09-20,2024-09-25,5.1
P00757-L002,P00757,earned,2024-10-20,2024-10-29,8.8
P00757-L003,P00757,casual,2024-12-01,2024-12-05,3.9
P00757-L004,P00757,earned,2025-01-07,2025-01-18,10.2
P00757-L005,P00757,casual,2025-02-25,2025-03-07,10.5
P00757-L006,P00757,earned,2025-04-16,2025-04-29,13.7
P00757-L007,P00757,earned,2025-05-16,2025-05-24,7.6
P00757-L008,P00757,earned,2025-07-11,2025-07-19,8.0
P00757-L009,P00757,casual,2025-08-13,2025-08-24,10.7
P00757-L010,P00757,casual,2025-09-22,2025-09-28,6.5
P00757-L011,P00757,earned,2025-11-05,2025-11-09,4.9
P00757-L012,P00757,casual,2025-12-29,2026-01-12,13.9
P00757-L013,P00757,earned,2026-02-09,2026-02-13,3.9
P00757-L014,P00757,earned,2026-03-25,2026-04-02,7.9
P00757-L015,P00757,casual,2026-05-10,2026-05-19,9.4
P00757-L016,P00757,casual,2026-06-08,2026-06-26,17.8
P00757-L017,P00757,casual,2026-08-12,2026-08-21,9.1
P00758-L001,P00758,medical,2024-09-13,2024-09-26,13.4
P00758-L002,P00758,earned,2024-11-06,2024-11-08,1.9
P00758-L003,P00758,medical,2024-12-09,2024-12-20,11.1
P00758-L004,P00758,earned,2025-01-29,2025-02-04,5.5
P00758-L005,P00758,earned,2025-03-22,2025-03-26,3.7
P00758-L006,P00758,compensatory,2025-05-15,2025-05-26,11.0
P00758-L007,P00758,earned,2025-06-26,2025-07-08,12.2
P00758-L008,P00758,earned,2025-08-09,2025-08-24,14.9
P00758-L009,P00758,casual,2025-10-12,2025-10-20,8.3
P00758-L010,P00758,casual,2025-11-28,2025-12-06,7.7
P00758-L011,P00758,earned,2026-01-04,2026-01-14,9.6
P00758-L012,P00758,casual,2026-03-10,2026-03-30,20.5
P00758-L013,P00758,medical,2026-04-12,2026-04-27,14.5
P00758-L014,P00758,casual,2026-06-13,2026-06-16,3.2
P00758-L015,P00758,medical,2026-07-18,2026-07-30,11.7
P00759-L001,P00759,earned,2024-09-14,2024-09-16,2.8
P00759-L002,P00759,casual,2024-10-09,2024-10-23,14.2
P00759-L003,P00759,earned,2024-11-18,2024-11-29,10.5
P00759-L004,P00759,earned,2025-01-03,2025-01-10,7.6
P00759-L005,P00759,casual,2025-02-07,2025-02-13,5.4
P00759-L006,P00759,medical,2025-03-18,2025-03-24,6.5
P00759-L007,P00759,medical,2025-04-26,2025-05-04,8.2
P00759-L008,P00759,casual,2025-05-28,2025-06-04,7.0
P00759-L009,P00759,earned,2025-07-08,2025-07-17,9.2
P00759-L010,P00759,casual,2025-08-14,2025-08-30,16.2
P00759-L011,P00759,earned,2025-09-28,2025-10-04,5.6
P00759-L012,P00759,earned,2025-11-04,2025-11-06,2.8
P00759-L013,P00759,medical,2025-12-20,2026-01-03,13.8
P00759-L014,P00759,earned,2026-01-27,2026-02-05,9.2
P00759-L015,P00759,casual,2026-03-02,2026-03-14,11.3
P00759-L016,P00759,earned,2026-04-08,2026-04-21,12.9
P00759-L017,P00759,medical,2026-05-11,2026-05-17,5.7
P00759-L018,P00759,casual,2026-06-19,2026-06-23,3.8
P00759-L019,P00759,compensatory,2026-08-01,2026-08-12,11.3
P00760-L001,P00760,casual,2024-09-13,2024-09-23,9.4
P00760-L002,P00760,earned,2024-11-12,2024-11-17,5.5
P00760-L003,P00760,compensatory,2024-12-26,2025-01-01,5.7
P00760-L004,P00760,casual,2025-01-25,2025-02-10,16.2
P00760-L005,P00760,medical,2025-03-17,2025-03-23,5.7
P00760-L006,P00760,casual,2025-05-11,2025-05-14,3.2
P00760-L007,P00760,earned,2025-06-27,2025-07-05,8.7
P00760-L008,P00760,casual,2025-08-23,2025-09-01,8.9
P00760-L009,P00760,earned,2025-10-10,2025-10-21,10.7
P00760-L010,P00760,medical,2025-12-05,2025-12-16,10.7
P00760-L011,P00760,compensatory,2026-01-11,2026-01-24,12.8
P00760-L012,P00760,casual,2026-03-03,2026-03-09,5.9
P00760-L013,P00760,medical,2026-04-09,2026-05-09,30.0
P00760-L014,P00760,compensatory,2026-05-27,2026-06-05,8.9
P00760-L015,P00760,earned,2026-08-02,2026-08-06,4.0
P00761-L001,P00761,casual,2024-09-07,2024-09-12,5.9
P00761-L002,P00761,earned,2024-10-19,2024-10-29,9.8
P00761-L003,P00761,casual,2024-12-05,2024-12-08,3.0
P00761-L004,P00761,casual,2025-01-03,2025-01-14,11.1
P00761-L005,P00761,casual,2025-02-11,2025-02-18,7.3
P00761-L006,P00761,earned,2025-04-09,2025-04-17,8.1
P00761-L007,P00761,earned,2025-05-02,2025-05-07,4.9
P00761-L008,P00761,casual,2025-06-25,2025-06-30,5.7
P00761-L009,P00761,earned,2025-08-16,2025-08-20,3.7
P00761-L010,P00761,casual,2025-09-12,2025-09-23,11.3
P00761-L011,P00761,casual,2025-10-15,2025-10-27,11.9
P00761-L012,P00761,earned,2025-11-24,2025-11-30,5.2
P00761-L013,P00761,earned,2026-01-13,2026-01-24,11.0
P00761-L014,P00761,casual,2026-02-15,2026-03-02,15.0
P00761-L015,P00761,earned,2026-03-25,2026-03-29,4.4
P00761-L016,P00761,casual,2026-05-09,2026-05-18,9.0
P00761-L017,P00761,casual,2026-07-03,2026-07-08,5.3
P00761-L018,P00761,casual,2026-08-06,2026-08-15,9.5
P00762-L001,P00762,earned,2024-09-03,2024-09-21,18.1
P00762-L002,P00762,medical,2024-10-19,2024-10-24,5.5
P00762-L003,P00762,earned,2024-12-09,2024-12-15,5.9
P00762-L004,P00762,medical,2025-01-21,2025-01-24,3.1
P00762-L005,P00762,casual,2025-02-26,2025-03-04,6.5
P00762-L006,P00762,earned,2025-04-08,2025-04-27,19.2
P00762-L007,P00762,earned,2025-05-28,2025-06-05,7.4
P00762-L008,P00762,earned,2025-06-29,2025-07-12,13.6
P00762-L009,P00762,earned,2025-08-13,2025-08-20,6.9
P00762-L010,P00762,casual,2025-09-22,2025-10-08,15.1
P00762-L011,P00762,casual,2025-11-04,2025-11-11,6.6
P00762-L012,P00762,casual,2025-12-19,2025-12-27,7.4
P00762-L013,P00762,casual,2026-01-30,2026-02-07,8.0
P00762-L014,P00762,casual,2026-03-16,2026-04-06,21.5
P00762-L015,P00762,casual,2026-05-06,2026-05-12,5.3
P00762-L016,P00762,compensatory,2026-06-16,2026-06-21,5.7
P00762-L017,P00762,medical,2026-08-15,2026-08-18,3.4
P00763-L001,P00763,medical,2024-09-09,2024-09-25,16.4
P00763-L002,P00763,earned,2024-11-12,2024-11-20,7.7
P00763-L003,P00763,earned,2024-12-03,2024-12-09,6.0
P00763-L004,P00763,earned,2025-01-18,2025-01-28,10.2
P00763-L005,P00763,earned,2025-03-02,2025-03-09,7.4
P00763-L006,P00763,earned,2025-04-24,2025-04-30,5.6
P00763-L007,P00763,casual,2025-06-08,2025-06-11,3.6
P00763-L008,P00763,earned,2025-07-29,2025-08-11,12.7
P00763-L009,P00763,casual,2025-09-07,2025-09-20,13.8
P00763-L010,P00763,earned,2025-10-16,2025-10-26,10.0
P00763-L011,P00763,earned,2025-12-03,2025-12-11,8.3
P00763-L012,P00763,medical,2026-01-20,2026-02-01,12.0
P00763-L013,P00763,casual,2026-03-28,2026-04-02,4.3
P00763-L014,P00763,earned,2026-04-28,2026-05-05,7.5
P00763-L015,P00763,earned,2026-06-14,2026-06-28,14.5
P00763-L016,P00763,casual,2026-07-17,2026-07-22,5.1
P00764-L001,P00764,casual,2024-09-09,2024-09-27,17.3
P00764-L002,P00764,earned,2024-11-21,2024-11-28,7.3
P00764-L003,P00764,casual,2025-01-15,2025-02-04,20.0
P00764-L004,P00764,casual,2025-03-21,2025-03-29,7.4
P00764-L005,P00764,earned,2025-06-12,2025-07-03,21.2
P00764-L006,P00764,earned,2025-08-04,2025-08-30,26.0
P00764-L007,P00764,casual,2025-10-17,2025-10-30,12.4
P00764-L008,P00764,casual,2025-12-20,2026-01-04,14.1
P00764-L009,P00764,earned,2026-03-26,2026-03-31,4.6
P00764-L010,P00764,medical,2026-05-10,2026-05-18,7.4
P00764-L011,P00764,earned,2026-06-28,2026-07-14,16.1
P00765-L001,P00765,earned,2024-09-21,2024-09-26,5.1
P00765-L002,P00765,casual,2024-12-07,2024-12-09,2.2
P00765-L003,P00765,earned,2024-12-31,2025-01-24,24.1
P00765-L004,P00765,casual,2025-03-07,2025-03-13,6.1
P00765-L005,P00765,earned,2025-05-26,2025-06-08,12.9
P00765-L006,P00765,casual,2025-07-20,2025-07-25,4.6
P00765-L007,P00765,earned,2025-09-17,2025-09-24,6.5
P00765-L008,P00765,casual,2025-11-10,2025-11-18,7.9
P00765-L009,P00765,earned,2026-02-16,2026-02-21,4.7
P00765-L010,P00765,medical,2026-03-25,2026-04-03,8.9
P00765-L011,P00765,casual,2026-06-15,2026-06-21,6.0
P00765-L012,P00765,casual,2026-07-04,2026-07-15,11.2
P00766-L001,P00766,casual,2024-09-07,2024-09-21,14.3
P00766-L002,P00766,casual,2024-10-14,2024-10-25,10.7
P00766-L003,P00766,earned,2024-12-17,2024-12-19,2.3
P00766-L004,P00766,casual,2025-01-20,2025-01-27,7.8
P00766-L005,P00766,earned,2025-02-19,2025-03-19,27.6
P00766-L006,P00766,earned,2025-04-16,2025-04-26,9.7
P00766-L007,P00766,earned,2025-05-18,2025-05-25,6.6
P00766-L008,P00766,earned,2025-07-05,2025-07-10,4.4
P00766-L009,P00766,earned,2025-08-14,2025-08-22,8.6
P00766-L010,P00766,earned,2025-09-29,2025-10-04,5.3
P00766-L011,P00766,earned,2025-11-11,2025-11-20,8.7
P00766-L012,P00766,earned,2026-01-07,2026-01-21,14.7
P00766-L013,P00766,casual,2026-02-12,2026-02-20,8.0
P00766-L014,P00766,earned,2026-03-17,2026-03-20,3.0
P00766-L015,P00766,casual,2026-05-12,2026-05-19,7.0
P00766-L016,P00766,earned,2026-06-15,2026-07-01,15.9
P00766-L017,P00766,casual,2026-07-29,2026-08-05,7.8
P00767-L001,P00767,casual,2024-09-01,2024-09-06,5.2
P00767-L002,P00767,medical,2024-10-13,2024-10-16,3.6
P00767-L003,P00767,earned,2024-10-31,2024-11-11,11.2
P00767-L004,P00767,casual,2024-12-14,2024-12-18,3.5
P00767-L005,P00767,earned,2025-01-12,2025-01-26,13.5
P00767-L006,P00767,compensatory,2025-02-12,2025-02-15,2.6
P00767-L007,P00767,earned,2025-03-12,2025-03-29,17.6
P00767-L008,P00767,casual,2025-04-09,2025-04-20,11.3
P00767-L009,P00767,medical,2025-05-16,2025-05-22,5.5
P00767-L010,P00767,casual,2025-06-01,2025-06-09,7.5
P00767-L011,P00767,medical,2025-07-03,2025-07-13,9.8
P00767-L012,P00767,casual,2025-08-13,2025-08-22,8.9
P00767-L013,P00767,earned,2025-09-19,2025-09-26,7.2
P00767-L014,P00767,earned,2025-10-07,2025-10-23,15.6
P00767-L015,P00767,casual,2025-11-04,2025-11-11,6.5
P00767-L016,P00767,earned,2025-12-02,2025-12-04,2.5
P00767-L017,P00767,earned,2026-01-12,2026-01-22,9.7
P00767-L018,P00767,casual,2026-02-14,2026-02-21,7.8
P00767-L019,P00767,earned,2026-03-07,2026-03-31,24.1
P00767-L020,P00767,medical,2026-04-09,2026-04-11,2.0
P00767-L021,P00767,earned,2026-05-06,2026-05-16,9.3
P00767-L022,P00767,earned,2026-06-06,2026-06-13,7.1
P00767-L023,P00767,medical,2026-07-16,2026-07-21,4.6
P00767-L024,P00767,casual,2026-08-08,2026-08-12,3.6
P00768-L001,P00768,earned,2024-09-12,2024-09-25,13.3
P00768-L002,P00768,earned,2024-11-07,2024-11-18,10.3
P00768-L003,P00768,casual,2025-01-08,2025-01-14,6.6
P00768-L004,P00768,earned,2025-03-01,2025-03-12,11.1
P00768-L005,P00768,casual,2025-04-18,2025-05-07,19.2
P00768-L006,P00768,casual,2025-06-14,2025-06-25,11.2
P00768-L007,P00768,casual,2025-08-08,2025-08-14,5.8
P00768-L008,P00768,casual,2025-10-05,2025-10-23,18.1
P00768-L009,P00768,earned,2026-01-03,2026-01-12,9.0
P00768-L010,P00768,earned,2026-01-21,2026-02-09,19.0
P00768-L011,P00768,casual,2026-03-20,2026-04-02,13.2
P00768-L012,P00768,earned,2026-05-21,2026-06-02,12.4
P00768-L013,P00768,casual,2026-07-18,2026-07-23,5.2
P00769-L001,P00769,earned,2024-09-11,2024-09-21,9.8
P00769-L002,P00769,earned,2024-10-26,2024-11-02,6.8
P00769-L003,P00769,casual,2024-12-20,2025-01-02,12.8
P00769-L004,P00769,earned,2025-02-16,2025-03-06,17.1
P00769-L005,P00769,earned,2025-04-22,2025-05-04,11.9
P00769-L006,P00769,earned,2025-05-21,2025-05-29,7.2
P00769-L007,P00769,casual,2025-08-05,2025-08-13,8.0
P00769-L008,P00769,medical,2025-10-01,2025-10-09,8.2
P00769-L009,P00769,casual,2025-10-28,2025-11-05,8.1
P00769-L010,P00769,earned,2026-01-06,2026-01-13,6.5
P00769-L011,P00769,earned,2026-03-04,2026-03-11,6.7
P00769-L012,P00769,earned,2026-04-18,2026-04-26,7.1
P00769-L013,P00769,casual,2026-06-21,2026-07-06,14.7
P00769-L014,P00769,casual,2026-07-20,2026-07-30,9.5
P00770-L001,P00770,earned,2024-09-10,2024-09-20,10.3
P00770-L002,P00770,compensatory,2024-11-17,2024-11-24,6.7
P00770-L003,P00770,casual,2024-12-20,2025-01-05,16.0
P00770-L004,P00770,earned,2025-03-08,2025-03-13,5.3
P00770-L005,P00770,compensatory,2025-03-30,2025-04-08,8.7
P00770-L006,P00770,casual,2025-06-21,2025-06-28,6.5
P00770-L007,P00770,casual,2025-07-13,2025-07-27,13.8
P00770-L008,P00770,earned,2025-09-09,2025-09-15,5.7
P00770-L009,P00770,earned,2025-10-30,2025-11-06,6.6
P00770-L010,P00770,casual,2025-12-20,2026-01-03,14.3
P00770-L011,P00770,medical,2026-02-22,2026-03-08,13.8
P00770-L012,P00770,casual,2026-04-01,2026-04-10,8.9
P00770-L013,P00770,earned,2026-05-24,2026-06-09,15.6
P00770-L014,P00770,earned,2026-08-11,2026-08-22,11.5
P00771-L001,P00771,earned,2024-09-07,2024-09-16,8.4
P00771-L002,P00771,casual,2024-10-15,2024-10-28,12.9
P00771-L003,P00771,casual,2024-11-12,2024-11-18,5.8
P00771-L004,P00771,casual,2024-12-28,2025-01-09,11.3
P00771-L005,P00771,earned,2025-01-24,2025-01-30,5.8
P00771-L006,P00771,earned,2025-03-11,2025-03-18,7.2
P00771-L007,P00771,earned,2025-04-14,2025-04-19,4.8
P00771-L008,P00771,earned,2025-05-29,2025-06-05,8.0
P00771-L009,P00771,casual,2025-06-22,2025-07-01,8.1
P00771-L010,P00771,earned,2025-08-11,2025-08-19,8.0
P00771-L011,P00771,compensatory,2025-09-14,2025-09-23,8.1
P00771-L012,P00771,medical,2025-10-08,2025-10-18,10.6
P00771-L013,P00771,compensatory,2025-11-30,2025-12-04,4.3
P00771-L014,P00771,earned,2026-01-12,2026-01-19,7.6
P00771-L015,P00771,medical,2026-01-28,2026-02-04,6.8
P00771-L016,P00771,casual,2026-03-02,2026-03-09,7.2
P00771-L017,P00771,earned,2026-04-25,2026-05-02,7.3
P00771-L018,P00771,medical,2026-05-22,2026-06-04,12.9
P00771-L019,P00771,earned,2026-06-23,2026-06-26,3.2
P00771-L020,P00771,earned,2026-08-07,2026-08-10,2.9
P00772-L001,P00772,medical,2024-09-02,2024-09-09,7.0
P00772-L002,P00772,casual,2024-10-26,2024-11-08,13.5
P00772-L003,P00772,casual,2024-12-18,2024-12-27,8.9
P00772-L004,P00772,casual,2025-01-20,2025-02-01,12.4
P00772-L005,P00772,casual,2025-03-11,2025-03-15,3.9
P00772-L006,P00772,earned,2025-04-23,2025-05-10,17.3
P00772-L007,P00772,casual,2025-06-08,2025-06-18,10.8
P00772-L008,P00772,earned,2025-07-17,2025-07-30,12.9
P00772-L009,P00772,earned,2025-09-06,2025-09-21,15.5
P00772-L010,P00772,medical,2025-10-17,2025-10-24,6.4
P00772-L011,P00772,earned,2025-12-02,2025-12-12,10.5
P00772-L012,P00772,casual,2026-01-18,2026-01-21,3.9
P00772-L013,P00772,casual,2026-03-10,2026-03-21,11.0
P00772-L014,P00772,earned,2026-04-19,2026-04-29,10.3
P00772-L015,P00772,casual,2026-06-07,2026-06-13,5.7
P00772-L016,P00772,earned,2026-07-24,2026-08-06,13.1
P00773-L001,P00773,earned,2024-09-08,2024-09-22,13.9
P00773-L002,P00773,casual,2024-11-16,2024-11-28,11.8
P00773-L003,P00773,casual,2024-12-07,2024-12-19,12.0
P00773-L004,P00773,casual,2025-01-31,2025-02-08,7.4
P00773-L005,P00773,earned,2025-03-25,2025-04-05,11.4
P00773-L006,P00773,medical,2025-05-11,2025-05-24,12.8
P00773-L007,P00773,casual,2025-06-20,2025-07-01,11.0
P00773-L008,P00773,casual,2025-08-10,2025-08-16,6.6
P00773-L009,P00773,earned,2025-10-25,2025-11-05,11.3
P00773-L010,P00773,earned,2025-11-17,2025-12-01,13.8
P00773-L011,P00773,casual,2026-01-15,2026-01-20,4.7
P00773-L012,P00773,earned,2026-02-18,2026-03-01,11.2
P00773-L013,P00773,earned,2026-05-03,2026-05-21,17.6
P00773-L014,P00773,casual,2026-05-30,2026-06-03,3.5
P00773-L015,P00773,casual,2026-07-15,2026-07-29,14.0
P00774-L001,P00774,earned,2024-08-31,2024-09-08,8.2
P00774-L002,P00774,earned,2024-11-07,2024-11-10,3.0
P00774-L003,P00774,earned,2024-12-01,2024-12-14,13.5
P00774-L004,P00774,earned,2025-01-26,2025-02-03,8.1
P00774-L005,P00774,casual,2025-02-25,2025-03-08,10.6
P00774-L006,P00774,earned,2025-04-13,2025-04-20,6.7
P00774-L007,P00774,casual,2025-05-24,2025-06-04,10.9
P00774-L008,P00774,earned,2025-07-16,2025-07-25,9.4
P00774-L009,P00774,casual,2025-08-17,2025-08-28,10.5
P00774-L010,P00774,earned,2025-10-09,2025-10-15,5.8
P00774-L011,P00774,casual,2025-11-08,2025-11-16,8.0
P00774-L012,P00774,earned,2025-12-18,2025-12-20,2.3
P00774-L013,P00774,medical,2026-02-02,2026-02-12,9.9
P00774-L014,P00774,casual,2026-03-27,2026-04-01,5.0
P00774-L015,P00774,medical,2026-05-17,2026-05-25,8.3
P00774-L016,P00774,casual,2026-06-18,2026-06-25,7.2
P00774-L017,P00774,compensatory,2026-07-22,2026-08-06,15.1
P00775-L001,P00775,medical,2024-09-18,2024-09-25,7.5
P00775-L002,P00775,casual,2024-10-28,2024-11-07,10.8
P00775-L003,P00775,earned,2024-12-24,2024-12-26,2.7
P00775-L004,P00775,earned,2025-01-19,2025-01-25,5.3
P00775-L005,P00775,earned,2025-03-19,2025-03-28,8.4
P00775-L006,P00775,medical,2025-04-20,2025-05-08,18.0
P00775-L007,P00775,earned,2025-06-06,2025-06-22,16.0
P00775-L008,P00775,earned,2025-07-24,2025-07-31,7.3
P00775-L009,P00775,earned,2025-09-22,2025-10-10,18.1
P00775-L010,P00775,earned,2025-10-28,2025-10-31,3.4
P00775-L011,P00775,casual,2025-12-06,2025-12-08,1.4
P00775-L012,P00775,earned,2026-02-01,2026-02-07,5.3
P00775-L013,P00775,casual,2026-04-01,2026-04-09,8.4
P00775-L014,P00775,casual,2026-05-01,2026-05-13,11.9
P00775-L015,P00775,earned,2026-06-26,2026-07-14,18.0
P00775-L016,P00775,casual,2026-07-27,2026-08-08,11.9
P00776-L001,P00776,casual,2024-09-10,2024-09-22,12.3
P00776-L002,P00776,earned,2024-11-02,2024-11-09,6.8
P00776-L003,P00776,compensatory,2024-12-06,2024-12-21,14.6
P00776-L004,P00776,earned,2025-02-08,2025-02-18,9.9
P00776-L005,P00776,compensatory,2025-03-14,2025-03-22,8.3
P00776-L006,P00776,casual,2025-05-15,2025-05-23,7.7
P00776-L007,P00776,casual,2025-06-02,2025-06-12,9.6
P00776-L008,P00776,earned,2025-07-26,2025-08-08,12.4
P00776-L009,P00776,earned,2025-09-01,2025-09-21,19.5
P00776-L010,P00776,casual,2025-11-13,2025-11-21,7.5
P00776-L011,P00776,earned,2025-12-11,2025-12-21,10.3
P00776-L012,P00776,earned,2026-01-26,2026-02-01,5.5
P00776-L013,P00776,earned,2026-03-10,2026-03-15,5.0
P00776-L014,P00776,casual,2026-04-26,2026-05-18,21.8
P00776-L015,P00776,casual,2026-06-17,2026-07-13,26.3
P00776-L016,P00776,earned,2026-07-17,2026-07-24,6.4
P00777-L001,P00777,earned,2024-10-02,2024-10-18,16.8
P00777-L002,P00777,casual,2024-11-22,2024-12-11,19.7
P00777-L003,P00777,casual,2025-01-17,2025-01-23,6.5
P00777-L004,P00777,earned,2025-04-05,2025-04-07,2.5
P00777-L005,P00777,medical,2025-05-22,2025-06-08,17.4
P00777-L006,P00777,earned,2025-07-31,2025-08-05,5.1
P00777-L007,P00777,medical,2025-09-19,2025-09-23,4.4
P00777-L008,P00777,earned,2025-10-31,2025-11-11,11.1
P00777-L009,P00777,earned,2026-01-18,2026-01-30,12.3
P00777-L010,P00777,casual,2026-03-13,2026-03-22,9.2
P00777-L011,P00777,earned,2026-05-06,2026-05-17,11.2
P00777-L012,P00777,casual,2026-07-11,2026-07-18,7.1
P00778-L001,P00778,casual,2024-09-21,2024-09-26,5.0
P00778-L002,P00778,casual,2024-10-22,2024-10-27,5.4
P00778-L003,P00778,earned,2024-11-26,2024-11-30,3.4
P00778-L004,P00778,casual,2025-01-13,2025-01-25,11.6
P00778-L005,P00778,medical,2025-03-20,2025-03-23,3.5
P00778-L006,P00778,compensatory,2025-04-20,2025-04-29,9.1
P00778-L007,P00778,earned,2025-06-03,2025-06-06,3.0
P00778-L008,P00778,compensatory,2025-07-10,2025-07-18,8.0
P00778-L009,P00778,casual,2025-08-25,2025-09-03,8.9
P00778-L010,P00778,earned,2025-09-26,2025-10-03,6.5
P00778-L011,P00778,earned,2025-11-24,2025-12-01,6.6
P00778-L012,P00778,medical,2025-12-21,2025-12-24,2.5
P00778-L013,P00778,earned,2026-03-02,2026-03-08,6.0
P00778-L014,P00778,casual,2026-03-22,2026-03-31,8.7
P00778-L015,P00778,earned,2026-04-30,2026-05-11,10.1
P00778-L016,P00778,compensatory,2026-06-15,2026-06-21,5.6
P00778-L017,P00778,earned,2026-08-28,2026-08-31,2.2
P00779-L001,P00779,casual,2024-09-08,2024-09-21,12.9
P00779-L002,P00779,earned,2024-10-24,2024-10-30,6.3
P00779-L003,P00779,casual,2024-11-13,2024-11-23,10.5
P00779-L004,P00779,earned,2024-12-26,2024-12-31,4.6
P00779-L005,P00779,earned,2025-01-27,2025-02-04,8.9
P00779-L006,P00779,earned,2025-02-24,2025-03-06,10.3
P00779-L007,P00779,earned,2025-04-01,2025-04-10,8.3
P00779-L008,P00779,casual,2025-05-24,2025-05-27,3.5
P00779-L009,P00779,casual,2025-06-25,2025-07-02,7.0
P00779-L010,P00779,casual,2025-08-02,2025-08-09,7.4
P00779-L011,P00779,earned,2025-09-08,2025-09-12,3.7
P00779-L012,P00779,earned,2025-10-10,2025-10-11,1.0
P00779-L013,P00779,earned,2025-10-31,2025-11-13,12.4
P00779-L014,P00779,earned,2025-12-06,2025-12-21,15.3
P00779-L015,P00779,earned,2026-01-11,2026-01-22,10.5
P00779-L016,P00779,compensatory,2026-02-12,2026-02-25,12.6
P00779-L017,P00779,earned,2026-03-11,2026-03-20,9.2
P00779-L018,P00779,earned,2026-04-26,2026-04-30,4.3
P00779-L019,P00779,earned,2026-05-27,2026-06-02,6.0
P00779-L020,P00779,casual,2026-07-06,2026-07-14,8.7
P00779-L021,P00779,casual,2026-08-08,2026-08-22,13.9
P00780-L001,P00780,earned,2024-09-07,2024-09-13,5.9
P00780-L002,P00780,medical,2024-10-31,2024-11-18,17.5
P00780-L003,P00780,earned,2025-01-15,2025-01-19,3.7
P00780-L004,P00780,earned,2025-02-16,2025-02-26,9.8
P00780-L005,P00780,compensatory,2025-04-28,2025-05-13,14.2
P00780-L006,P00780,earned,2025-06-15,2025-07-09,24.2
P00780-L007,P00780,earned,2025-08-25,2025-09-06,11.9
P00780-L008,P00780,earned,2025-10-14,2025-11-01,18.3
P00780-L009,P00780,earned,2025-12-03,2025-12-08,5.0
P00780-L010,P00780,earned,2026-02-02,2026-02-10,7.3
P00780-L011,P00780,earned,2026-03-23,2026-03-28,5.0
P00780-L012,P00780,earned,2026-05-14,2026-05-31,17.7
P00780-L013,P00780,medical,2026-07-17,2026-07-19,2.5
P00781-L001,P00781,casual,2024-09-10,2024-09-19,8.8
P00781-L002,P00781,earned,2024-10-09,2024-10-12,3.1
P00781-L003,P00781,casual,2024-11-27,2024-12-03,5.5
P00781-L004,P00781,casual,2024-12-14,2024-12-21,6.5
P00781-L005,P00781,earned,2025-01-29,2025-02-04,6.4
P00781-L006,P00781,earned,2025-02-26,2025-03-05,7.2
P00781-L007,P00781,casual,2025-03-22,2025-04-05,13.9
P00781-L008,P00781,earned,2025-04-23,2025-04-28,5.7
P00781-L009,P00781,casual,2025-06-04,2025-06-11,7.0
P00781-L010,P00781,casual,2025-07-04,2025-07-08,4.4
P00781-L011,P00781,earned,2025-08-12,2025-08-17,4.6
P00781-L012,P00781,casual,2025-09-14,2025-09-25,10.9
P00781-L013,P00781,casual,2025-10-06,2025-10-21,15.0
P00781-L014,P00781,earned,2025-11-18,2025-11-23,4.5
P00781-L015,P00781,earned,2025-12-10,2025-12-21,10.7
P00781-L016,P00781,casual,2026-01-23,2026-01-30,7.7
P00781-L017,P00781,casual,2026-02-26,2026-03-02,4.8
P00781-L018,P00781,medical,2026-03-24,2026-03-28,3.9
P00781-L019,P00781,earned,2026-04-28,2026-05-04,6.8
P00781-L020,P00781,earned,2026-05-24,2026-06-04,10.7
P00781-L021,P00781,medical,2026-07-04,2026-07-09,4.7
P00781-L022,P00781,casual,2026-08-02,2026-08-17,14.9
P00782-L001,P00782,casual,2024-09-04,2024-09-28,24.4
P00782-L002,P00782,earned,2024-10-21,2024-10-29,8.0
P00782-L003,P00782,casual,2024-11-23,2024-12-02,9.1
P00782-L004,P00782,casual,2024-12-22,2024-12-27,5.4
P00782-L005,P00782,casual,2025-01-24,2025-01-29,5.4
P00782-L006,P00782,casual,2025-02-14,2025-03-06,19.8
P00782-L007,P00782,earned,2025-03-22,2025-03-29,6.7
P00782-L008,P00782,medical,2025-04-24,2025-05-14,20.0
P00782-L009,P00782,earned,2025-05-29,2025-06-04,6.0
P00782-L010,P00782,casual,2025-07-04,2025-07-08,4.4
P00782-L011,P00782,medical,2025-08-02,2025-08-06,3.9
P00782-L012,P00782,casual,2025-09-13,2025-09-15,2.0
P00782-L013,P00782,casual,2025-10-21,2025-10-30,8.5
P00782-L014,P00782,earned,2025-11-26,2025-12-03,6.6
P00782-L015,P00782,earned,2025-12-12,2025-12-21,9.1
P00782-L016,P00782,earned,2026-01-30,2026-02-02,2.8
P00782-L017,P00782,medical,2026-03-01,2026-03-04,3.3
P00782-L018,P00782,earned,2026-03-27,2026-04-01,4.8
P00782-L019,P00782,earned,2026-04-22,2026-04-30,8.5
P00782-L020,P00782,earned,2026-05-24,2026-06-02,8.7
P00782-L021,P00782,casual,2026-06-27,2026-07-01,4.0
P00782-L022,P00782,earned,2026-08-07,2026-08-17,9.7
P00783-L001,P00783,casual,2024-11-09,2024-11-28,18.6
P00783-L002,P00783,casual,2025-01-13,2025-01-21,8.0
P00783-L003,P00783,casual,2025-07-09,2025-07-15,5.3
P00783-L004,P00783,earned,2025-09-15,2025-09-23,8.3
P00783-L005,P00783,medical,2026-03-13,2026-03-20,7.4
P00783-L006,P00783,earned,2026-07-21,2026-07-27,6.2
P00783-LRR,P00783,earned,2026-08-04,2026-08-26,22.2
P00784-L001,P00784,casual,2024-09-01,2024-09-19,17.6
P00784-L002,P00784,earned,2024-10-19,2024-10-26,7.7
P00784-L003,P00784,earned,2024-11-10,2024-11-21,10.7
P00784-L004,P00784,earned,2025-01-05,2025-01-11,6.6
P00784-L005,P00784,casual,2025-01-24,2025-01-27,3.3
P00784-L006,P00784,earned,2025-02-22,2025-02-27,4.9
P00784-L007,P00784,earned,2025-04-06,2025-04-16,10.0
P00784-L008,P00784,earned,2025-05-28,2025-06-01,3.9
P00784-L009,P00784,earned,2025-06-12,2025-06-18,5.4
P00784-L010,P00784,earned,2025-07-13,2025-07-19,5.7
P00784-L011,P00784,casual,2025-08-19,2025-08-28,8.8
P00784-L012,P00784,earned,2025-10-10,2025-10-15,5.9
P00784-L013,P00784,earned,2025-11-14,2025-11-20,6.2
P00784-L014,P00784,earned,2025-12-16,2025-12-18,2.0
P00784-L015,P00784,earned,2025-12-31,2026-01-09,9.1
P00784-L016,P00784,earned,2026-02-08,2026-02-13,5.0
P00784-L017,P00784,earned,2026-03-12,2026-03-19,7.0
P00784-L018,P00784,earned,2026-04-17,2026-04-27,9.8
P00784-L019,P00784,casual,2026-05-28,2026-06-07,10.5
P00784-L020,P00784,earned,2026-07-16,2026-07-18,2.3
P00784-L021,P00784,casual,2026-08-05,2026-08-17,12.7
P00785-L001,P00785,casual,2024-09-30,2024-10-05,4.6
P00785-L002,P00785,casual,2024-12-31,2025-01-08,7.5
P00785-L003,P00785,earned,2025-04-18,2025-04-30,11.3
P00785-L004,P00785,casual,2025-06-17,2025-06-27,9.9
P00785-L005,P00785,casual,2025-10-23,2025-11-07,14.7
P00785-L006,P00785,casual,2025-12-12,2025-12-14,2.7
P00785-L007,P00785,earned,2026-04-09,2026-04-14,4.7
P00785-L008,P00785,casual,2026-06-15,2026-06-30,14.9
P00786-L001,P00786,medical,2024-09-05,2024-09-10,5.0
P00786-L002,P00786,casual,2024-10-26,2024-11-04,8.3
P00786-L003,P00786,casual,2024-12-24,2025-01-08,14.7
P00786-L004,P00786,casual,2025-02-04,2025-02-23,19.1
P00786-L005,P00786,casual,2025-03-27,2025-04-11,15.3
P00786-L006,P00786,earned,2025-05-02,2025-05-15,13.1
P00786-L007,P00786,casual,2025-06-20,2025-07-03,12.2
P00786-L008,P00786,compensatory,2025-08-10,2025-08-30,20.0
P00786-L009,P00786,earned,2025-10-01,2025-10-13,11.6
P00786-L010,P00786,earned,2025-11-19,2025-11-26,6.5
P00786-L011,P00786,casual,2026-01-22,2026-01-27,4.2
P00786-L012,P00786,earned,2026-02-22,2026-03-14,20.0
P00786-L013,P00786,casual,2026-04-24,2026-05-03,8.7
P00786-L014,P00786,earned,2026-06-04,2026-06-12,8.2
P00786-L015,P00786,compensatory,2026-07-15,2026-07-22,7.4
P00787-L001,P00787,earned,2024-10-03,2024-10-21,18.4
P00787-L002,P00787,earned,2024-12-02,2024-12-19,17.3
P00787-L003,P00787,earned,2025-03-05,2025-03-12,6.9
P00787-L004,P00787,earned,2025-06-21,2025-06-25,3.6
P00787-L005,P00787,casual,2025-09-14,2025-10-03,18.7
P00787-L006,P00787,medical,2025-12-24,2025-12-29,5.9
P00787-L007,P00787,casual,2026-03-18,2026-03-27,9.7
P00787-L008,P00787,casual,2026-06-16,2026-06-28,11.9
P00788-L001,P00788,earned,2024-09-22,2024-10-03,11.6
P00788-L002,P00788,earned,2024-10-12,2024-10-16,4.2
P00788-L003,P00788,earned,2024-11-28,2024-12-06,7.9
P00788-L004,P00788,earned,2025-01-10,2025-01-17,7.2
P00788-L005,P00788,casual,2025-02-22,2025-02-27,4.9
P00788-L006,P00788,casual,2025-03-23,2025-03-29,5.5
P00788-L007,P00788,casual,2025-05-03,2025-05-08,5.1
P00788-L008,P00788,casual,2025-06-11,2025-06-24,13.0
P00788-L009,P00788,casual,2025-08-03,2025-08-08,4.8
P00788-L010,P00788,earned,2025-09-10,2025-09-18,8.4
P00788-L011,P00788,casual,2025-10-31,2025-11-06,6.2
P00788-L012,P00788,earned,2025-12-10,2025-12-13,3.8
P00788-L013,P00788,earned,2026-01-06,2026-01-10,4.0
P00788-L014,P00788,compensatory,2026-02-12,2026-02-17,5.3
P00788-L015,P00788,earned,2026-03-23,2026-03-26,3.6
P00788-L016,P00788,earned,2026-05-02,2026-05-05,3.5
P00788-L017,P00788,earned,2026-06-15,2026-06-22,7.8
P00788-L018,P00788,earned,2026-07-28,2026-08-14,17.4
P00789-L001,P00789,casual,2024-09-05,2024-09-07,2.8
P00789-L002,P00789,earned,2024-10-25,2024-11-04,9.2
P00789-L003,P00789,earned,2024-12-02,2024-12-11,8.7
P00789-L004,P00789,earned,2025-01-15,2025-01-17,2.2
P00789-L005,P00789,casual,2025-03-07,2025-03-18,10.4
P00789-L006,P00789,earned,2025-04-19,2025-04-24,5.1
P00789-L007,P00789,earned,2025-06-20,2025-06-26,5.5
P00789-L008,P00789,casual,2025-08-11,2025-08-14,3.6
P00789-L009,P00789,compensatory,2025-09-09,2025-09-16,6.3
P00789-L010,P00789,casual,2025-10-20,2025-11-03,14.2
P00789-L011,P00789,casual,2025-12-13,2026-01-02,19.7
P00789-L012,P00789,earned,2026-02-05,2026-02-23,17.5
P00789-L013,P00789,medical,2026-03-13,2026-03-28,15.0
P00789-L014,P00789,earned,2026-05-02,2026-05-22,19.9
P00789-L015,P00789,casual,2026-06-21,2026-06-28,6.2
P00789-L016,P00789,compensatory,2026-07-22,2026-07-29,6.5
P00790-L001,P00790,casual,2024-09-01,2024-09-18,17.4
P00790-L002,P00790,casual,2024-11-05,2024-11-17,11.2
P00790-L003,P00790,compensatory,2025-01-09,2025-01-16,7.0
P00790-L004,P00790,medical,2025-03-21,2025-03-27,6.5
P00790-L005,P00790,earned,2025-04-18,2025-04-22,4.0
P00790-L006,P00790,medical,2025-06-09,2025-06-12,3.1
P00790-L007,P00790,medical,2025-08-17,2025-08-21,3.8
P00790-L008,P00790,compensatory,2025-10-22,2025-11-02,10.3
P00790-L009,P00790,medical,2025-12-24,2026-01-03,10.5
P00790-L010,P00790,casual,2026-01-20,2026-01-29,9.1
P00790-L011,P00790,casual,2026-03-31,2026-04-13,13.2
P00790-L012,P00790,earned,2026-05-15,2026-05-22,7.3
P00790-L013,P00790,earned,2026-07-13,2026-08-06,23.9
P00791-L001,P00791,compensatory,2024-09-02,2024-09-07,5.5
P00791-L002,P00791,casual,2024-10-08,2024-10-19,11.0
P00791-L003,P00791,casual,2024-11-06,2024-11-11,5.6
P00791-L004,P00791,casual,2024-12-05,2024-12-08,3.2
P00791-L005,P00791,earned,2025-01-04,2025-01-10,6.4
P00791-L006,P00791,casual,2025-02-13,2025-02-20,7.2
P00791-L007,P00791,casual,2025-03-05,2025-03-07,2.1
P00791-L008,P00791,casual,2025-04-10,2025-04-15,4.5
P00791-L009,P00791,medical,2025-05-03,2025-05-12,8.9
P00791-L010,P00791,earned,2025-06-10,2025-06-15,5.0
P00791-L011,P00791,earned,2025-07-02,2025-07-08,5.5
P00791-L012,P00791,earned,2025-08-04,2025-08-13,8.6
P00791-L013,P00791,casual,2025-09-02,2025-09-05,3.7
P00791-L014,P00791,earned,2025-10-09,2025-10-17,7.7
P00791-L015,P00791,casual,2025-11-15,2025-11-18,2.7
P00791-L016,P00791,earned,2025-12-05,2025-12-10,5.4
P00791-L017,P00791,medical,2026-01-01,2026-01-05,4.9
P00791-L018,P00791,earned,2026-02-09,2026-02-20,10.2
P00791-L019,P00791,medical,2026-03-02,2026-03-15,12.7
P00791-L020,P00791,medical,2026-04-21,2026-04-29,7.7
P00791-L021,P00791,earned,2026-05-09,2026-05-16,6.5
P00791-L022,P00791,earned,2026-06-10,2026-06-23,12.4
P00791-L023,P00791,earned,2026-07-22,2026-07-25,3.5
P00791-L024,P00791,earned,2026-08-09,2026-08-14,5.2
P00792-L001,P00792,casual,2024-09-15,2024-10-05,19.2
P00792-L002,P00792,earned,2024-10-13,2024-10-20,6.7
P00792-L003,P00792,earned,2024-11-21,2024-11-24,3.3
P00792-L004,P00792,earned,2025-01-04,2025-01-24,20.0
P00792-L005,P00792,earned,2025-02-22,2025-03-05,10.5
P00792-L006,P00792,earned,2025-04-08,2025-04-20,11.6
P00792-L007,P00792,casual,2025-05-23,2025-05-26,2.7
P00792-L008,P00792,earned,2025-06-21,2025-07-03,12.0
P00792-L009,P00792,medical,2025-07-28,2025-08-03,6.2
P00792-L010,P00792,earned,2025-09-14,2025-09-20,6.8
P00792-L011,P00792,medical,2025-11-07,2025-11-13,5.4
P00792-L012,P00792,earned,2025-11-25,2025-12-05,9.9
P00792-L013,P00792,casual,2026-01-16,2026-01-23,7.0
P00792-L014,P00792,casual,2026-02-22,2026-02-27,5.7
P00792-L015,P00792,casual,2026-04-02,2026-04-09,7.6
P00792-L016,P00792,casual,2026-05-14,2026-05-26,12.0
P00792-L017,P00792,casual,2026-06-16,2026-06-24,7.9
P00792-L018,P00792,casual,2026-07-28,2026-08-17,19.4
P00793-L001,P00793,earned,2024-09-20,2024-10-03,12.1
P00793-L002,P00793,casual,2024-10-25,2024-11-02,8.6
P00793-L003,P00793,earned,2024-12-18,2025-01-01,13.5
P00793-L004,P00793,casual,2025-02-07,2025-02-19,11.9
P00793-L005,P00793,casual,2025-04-16,2025-04-21,4.2
P00793-L006,P00793,compensatory,2025-05-27,2025-06-09,12.3
P00793-L007,P00793,earned,2025-08-05,2025-08-11,5.5
P00793-L008,P00793,casual,2025-09-03,2025-09-14,11.0
P00793-L009,P00793,earned,2025-11-10,2025-11-17,7.0
P00793-L010,P00793,casual,2026-01-01,2026-01-14,12.4
P00793-L011,P00793,casual,2026-02-21,2026-03-05,11.8
P00793-L012,P00793,earned,2026-04-07,2026-04-17,9.7
P00793-L013,P00793,earned,2026-06-03,2026-06-15,12.4
P00793-L014,P00793,medical,2026-07-13,2026-07-25,11.6
P00794-L001,P00794,earned,2024-09-13,2024-09-21,8.2
P00794-L002,P00794,medical,2024-10-13,2024-10-20,7.0
P00794-L003,P00794,medical,2024-11-28,2024-12-07,10.0
P00794-L004,P00794,casual,2024-12-29,2025-01-07,9.3
P00794-L005,P00794,compensatory,2025-02-12,2025-02-21,8.7
P00794-L006,P00794,earned,2025-03-22,2025-03-29,6.5
P00794-L007,P00794,medical,2025-04-17,2025-04-27,9.9
P00794-L008,P00794,casual,2025-05-22,2025-05-27,5.7
P00794-L009,P00794,earned,2025-07-06,2025-07-11,4.6
P00794-L010,P00794,medical,2025-08-06,2025-08-21,14.3
P00794-L011,P00794,earned,2025-09-10,2025-09-18,8.3
P00794-L012,P00794,casual,2025-10-10,2025-10-17,7.4
P00794-L013,P00794,casual,2025-11-15,2025-11-29,13.9
P00794-L014,P00794,compensatory,2026-01-05,2026-01-12,7.4
P00794-L015,P00794,earned,2026-01-28,2026-02-05,8.2
P00794-L016,P00794,casual,2026-03-13,2026-03-25,11.2
P00794-L017,P00794,casual,2026-04-22,2026-04-29,7.1
P00794-L018,P00794,earned,2026-05-27,2026-06-02,5.7
P00794-L019,P00794,casual,2026-06-20,2026-06-30,10.2
P00794-L020,P00794,casual,2026-08-13,2026-08-23,10.6
P00795-L001,P00795,earned,2024-09-04,2024-09-17,12.9
P00795-L002,P00795,earned,2024-10-31,2024-11-09,8.3
P00795-L003,P00795,earned,2024-12-20,2024-12-25,4.9
P00795-L004,P00795,earned,2025-02-17,2025-03-01,12.5
P00795-L005,P00795,medical,2025-04-06,2025-04-21,14.6
P00795-L006,P00795,earned,2025-05-05,2025-05-16,10.6
P00795-L007,P00795,earned,2025-07-07,2025-07-16,8.6
P00795-L008,P00795,casual,2025-08-21,2025-08-29,7.2
P00795-L009,P00795,casual,2025-10-09,2025-10-22,13.2
P00795-L010,P00795,casual,2025-11-28,2025-12-04,6.0
P00795-L011,P00795,earned,2026-01-09,2026-01-18,9.8
P00795-L012,P00795,earned,2026-03-13,2026-03-20,6.3
P00795-L013,P00795,earned,2026-04-15,2026-04-25,9.9
P00795-L014,P00795,casual,2026-06-09,2026-06-22,12.5
P00795-L015,P00795,earned,2026-07-29,2026-08-06,7.9
P00796-L001,P00796,earned,2024-09-04,2024-09-10,6.1
P00796-L002,P00796,compensatory,2024-10-18,2024-10-22,3.9
P00796-L003,P00796,casual,2024-12-28,2025-01-08,11.0
P00796-L004,P00796,medical,2025-01-16,2025-01-24,8.5
P00796-L005,P00796,earned,2025-03-25,2025-03-31,6.2
P00796-L006,P00796,casual,2025-04-22,2025-05-05,13.3
P00796-L007,P00796,earned,2025-06-29,2025-07-09,9.7
P00796-L008,P00796,medical,2025-07-22,2025-08-04,12.5
P00796-L009,P00796,earned,2025-09-15,2025-10-02,17.4
P00796-L010,P00796,casual,2025-11-05,2025-11-21,16.0
P00796-L011,P00796,medical,2025-12-10,2025-12-24,13.1
P00796-L012,P00796,earned,2026-02-12,2026-02-20,7.3
P00796-L013,P00796,earned,2026-03-17,2026-03-23,6.0
P00796-L014,P00796,casual,2026-04-24,2026-04-29,5.1
P00796-L015,P00796,earned,2026-06-08,2026-06-19,11.5
P00796-L016,P00796,earned,2026-07-22,2026-08-06,15.1
P00797-L001,P00797,earned,2024-09-23,2024-09-30,7.1
P00797-L002,P00797,earned,2024-12-01,2024-12-11,10.2
P00797-L003,P00797,earned,2025-02-01,2025-02-11,10.1
P00797-L004,P00797,earned,2025-03-29,2025-04-04,6.6
P00797-L005,P00797,casual,2025-05-26,2025-06-25,30.0
P00797-L006,P00797,earned,2025-08-30,2025-09-02,3.5
P00797-L007,P00797,earned,2025-11-12,2025-11-23,10.1
P00797-L008,P00797,earned,2026-01-08,2026-01-24,16.3
P00797-L009,P00797,casual,2026-04-01,2026-04-06,5.3
P00797-L010,P00797,casual,2026-04-24,2026-05-07,12.7
P00797-L011,P00797,earned,2026-08-06,2026-08-09,3.0
P00798-L001,P00798,casual,2024-09-06,2024-09-12,6.3
P00798-L002,P00798,casual,2024-10-31,2024-11-14,13.7
P00798-L003,P00798,casual,2024-12-06,2024-12-10,4.5
P00798-L004,P00798,casual,2025-01-23,2025-01-28,4.3
P00798-L005,P00798,casual,2025-03-11,2025-03-16,4.8
P00798-L006,P00798,earned,2025-04-18,2025-05-03,14.3
P00798-L007,P00798,casual,2025-06-19,2025-06-26,7.2
P00798-L008,P00798,medical,2025-08-09,2025-08-28,19.2
P00798-L009,P00798,casual,2025-09-09,2025-09-17,7.8
P00798-L010,P00798,earned,2025-10-17,2025-10-20,3.0
P00798-L011,P00798,compensatory,2025-12-09,2025-12-17,7.4
P00798-L012,P00798,casual,2026-01-29,2026-02-07,8.9
P00798-L013,P00798,medical,2026-03-13,2026-03-26,12.4
P00798-L014,P00798,earned,2026-04-21,2026-04-30,8.8
P00798-L015,P00798,earned,2026-06-05,2026-06-22,17.1
P00798-L016,P00798,casual,2026-07-22,2026-07-29,7.4
P00799-L001,P00799,casual,2024-09-02,2024-09-05,3.4
P00799-L002,P00799,medical,2024-10-20,2024-10-28,7.6
P00799-L003,P00799,compensatory,2024-11-18,2024-11-24,5.9
P00799-L004,P00799,compensatory,2024-12-12,2024-12-23,10.8
P00799-L005,P00799,earned,2025-01-05,2025-01-10,4.8
P00799-L006,P00799,medical,2025-02-01,2025-02-06,4.9
P00799-L007,P00799,casual,2025-03-10,2025-03-12,2.5
P00799-L008,P00799,earned,2025-04-05,2025-04-11,6.0
P00799-L009,P00799,earned,2025-05-08,2025-05-13,5.3
P00799-L010,P00799,earned,2025-06-02,2025-06-07,4.1
P00799-L011,P00799,earned,2025-07-07,2025-07-12,4.7
P00799-L012,P00799,casual,2025-08-05,2025-08-09,3.8
P00799-L013,P00799,earned,2025-09-02,2025-09-14,11.1
P00799-L014,P00799,casual,2025-10-10,2025-10-13,2.9
P00799-L015,P00799,medical,2025-11-01,2025-11-24,23.1
P00799-L016,P00799,earned,2025-12-02,2025-12-11,9.0
P00799-L017,P00799,casual,2026-01-07,2026-01-11,3.7
P00799-L018,P00799,casual,2026-02-01,2026-02-09,7.7
P00799-L019,P00799,casual,2026-03-09,2026-03-15,5.7
P00799-L020,P00799,earned,2026-04-04,2026-04-16,11.6
P00799-L021,P00799,casual,2026-05-02,2026-05-04,2.2
P00799-L022,P00799,casual,2026-06-13,2026-06-19,6.4
P00799-L023,P00799,medical,2026-07-13,2026-07-22,8.8
P00799-L024,P00799,earned,2026-08-13,2026-08-22,8.2
P00800-L001,P00800,casual,2024-09-05,2024-09-08,2.6
P00800-L002,P00800,earned,2024-11-03,2024-11-17,14.3
P00800-L003,P00800,earned,2025-01-29,2025-02-05,7.5
P00800-L004,P00800,casual,2025-03-05,2025-03-18,12.9
P00800-L005,P00800,earned,2025-05-10,2025-05-21,10.6
P00800-L006,P00800,earned,2025-07-13,2025-07-25,12.1
P00800-L007,P00800,earned,2025-09-13,2025-09-25,12.5
P00800-L008,P00800,earned,2025-11-15,2025-11-26,10.4
P00800-L009,P00800,earned,2026-01-11,2026-01-17,6.8
P00800-L010,P00800,earned,2026-03-02,2026-03-11,8.2
P00800-L011,P00800,casual,2026-05-03,2026-05-13,10.0
P00800-L012,P00800,casual,2026-07-18,2026-07-25,6.4
