personnel_id,service_number,name,rank,is_jawan_rank,unit_id,region_type,posting_type,date_of_birth,date_of_joining,years_of_service,current_posting_start_date,family_separated,unit_operational_tempo,exposure_propensity,benign_profile
P00001,50549847,Personnel 0001,Assistant Commandant,False,U002,insurgency_affected,field,1999-03-16,2022-11-18,3.79,2026-04-10,True,0.782,0.6791,
P00002,25160454,Personnel 0002,Constable,True,U015,insurgency_affected,field,1987-10-25,2013-03-11,13.47,2024-06-10,False,0.8363,0.3589,
P00003,96519272,Personnel 0003,Constable,True,U013,border,hard_area,2002-05-22,2023-08-30,3.01,2024-03-06,True,0.5538,0.4779,
P00004,52290143,Personnel 0004,Assistant Sub-Inspector,True,U004,urban_static,static_station,1998-11-22,2024-09-01,2.0,2025-08-01,False,0.4395,0.2292,
P00005,72540238,Personnel 0005,Assistant Sub-Inspector,True,U014,urban_static,static_station,1992-12-06,2018-09-20,7.95,2023-12-05,False,0.3566,0.332,
P00006,37789612,Personnel 0006,Constable,True,U009,training,static_station,1994-07-12,2017-08-07,9.07,2025-08-03,False,0.3855,0.435,
P00007,90329064,Personnel 0007,Head Constable,True,U015,insurgency_affected,static_station,1993-02-10,2018-03-29,8.42,2025-02-15,True,0.8363,0.3893,
P00008,64497844,Personnel 0008,Assistant Sub-Inspector,True,U015,insurgency_affected,hard_area,2002-12-30,2025-01-13,1.63,2026-03-16,False,0.8363,0.7183,
P00009,82946859,Personnel 0009,Constable,True,U007,training,static_station,1996-05-25,2022-01-15,4.63,2024-10-31,False,0.2532,0.6274,
P00010,83220533,Personnel 0010,Head Constable,True,U006,border,field,1994-09-19,2021-04-21,5.36,2024-11-30,False,0.6739,0.706,
P00011,34564204,Personnel 0011,Commandant,False,U007,training,static_station,1990-05-18,2013-06-24,13.19,2026-01-08,False,0.2532,0.2948,
P00012,67265737,Personnel 0012,Head Constable,True,U001,urban_static,static_station,1989-02-16,2012-06-23,14.19,2025-08-19,False,0.5535,0.678,
P00013,85387999,Personnel 0013,Constable,True,U013,border,field,1999-03-23,2022-08-09,4.06,2024-10-18,False,0.5538,0.6568,
P00014,85987524,Personnel 0014,Inspector,False,U004,urban_static,static_station,1995-02-06,2019-07-23,7.11,2024-04-23,True,0.4395,0.5687,
P00015,48247394,Personnel 0015,Constable,True,U008,border,field,1999-07-08,2023-09-28,2.93,2026-02-10,False,0.5738,0.6939,
P00016,81210789,Personnel 0016,Constable,True,U016,border,field,1994-04-11,2020-06-29,6.17,2025-08-22,True,0.7134,0.5611,
P00017,25777823,Personnel 0017,Assistant Sub-Inspector,True,U003,urban_static,static_station,1969-05-01,1992-08-31,34.0,2024-11-14,False,0.3722,0.3222,
P00018,48435246,Personnel 0018,Constable,True,U003,urban_static,static_station,2003-02-25,2024-05-21,2.28,2024-08-25,False,0.3722,0.7582,
P00019,87302818,Personnel 0019,Head Constable,True,U009,training,field,1993-11-07,2019-12-13,6.72,2023-07-28,False,0.3855,0.3527,
P00020,56334664,Personnel 0020,Sub-Inspector,False,U012,insurgency_affected,field,1994-11-12,2020-11-03,5.82,2024-05-01,False,0.7195,0.6556,
P00021,77756364,Personnel 0021,Constable,True,U015,insurgency_affected,hard_area,1993-04-18,2019-03-27,7.43,2026-04-10,True,0.8363,0.3138,
P00022,35142096,Personnel 0022,Constable,True,U007,training,static_station,1989-08-20,2015-10-27,10.85,2025-03-14,True,0.2532,0.6476,
P00023,15597908,Personnel 0023,Inspector,False,U014,urban_static,hard_area,1996-11-10,2019-07-21,7.11,2023-06-05,False,0.3566,0.5054,
P00024,64335931,Personnel 0024,Constable,True,U010,insurgency_affected,hard_area,2003-05-03,2024-05-14,2.3,2025-03-01,True,0.8355,0.6336,
P00025,99083209,Personnel 0025,Constable,True,U014,urban_static,static_station,1987-02-17,2013-12-05,12.74,2023-10-19,True,0.3566,0.8011,
P00026,82146009,Personnel 0026,Assistant Sub-Inspector,True,U016,border,field,1996-09-15,2018-03-22,8.45,2025-10-16,True,0.7134,0.4278,
P00027,10602417,Personnel 0027,Assistant Commandant,False,U011,border,hard_area,1998-01-18,2023-10-22,2.86,2024-03-06,False,0.6385,0.4582,
P00028,98046165,Personnel 0028,Constable,True,U010,insurgency_affected,hard_area,1993-12-06,2020-05-02,6.33,2025-04-10,True,0.8355,0.5269,
P00029,18920460,Personnel 0029,Assistant Sub-Inspector,True,U009,training,static_station,1988-05-20,2013-11-09,12.81,2024-08-01,True,0.3855,0.4536,
P00030,26322673,Personnel 0030,Constable,True,U016,border,static_station,2001-01-20,2023-12-30,2.67,2026-03-07,False,0.7134,0.6934,
P00031,89115708,Personnel 0031,Constable,True,U006,border,hard_area,1993-10-18,2016-08-10,10.06,2024-10-04,True,0.6739,0.4387,
P00032,79382238,Personnel 0032,Assistant Commandant,False,U006,border,hard_area,1991-02-04,2016-09-01,10.0,2025-08-02,True,0.6739,0.7093,
P00033,22226898,Personnel 0033,Constable,True,U014,urban_static,field,1997-05-01,2023-06-29,3.17,2025-09-26,False,0.3566,0.4306,
P00034,39242204,Personnel 0034,Sub-Inspector,False,U012,insurgency_affected,hard_area,1996-11-02,2021-07-29,5.09,2024-12-06,True,0.7195,0.6503,
P00035,32126508,Personnel 0035,Sub-Inspector,False,U002,insurgency_affected,hard_area,1999-06-03,2022-11-24,3.77,2026-04-08,False,0.782,0.5875,
P00036,52300245,Personnel 0036,Constable,True,U014,urban_static,hard_area,1990-04-12,2012-12-12,13.72,2024-07-05,False,0.3566,0.6246,
P00037,46931113,Personnel 0037,Assistant Sub-Inspector,True,U003,urban_static,field,2003-03-22,2025-03-19,1.45,2025-09-08,False,0.3722,0.6983,
P00038,26240551,Personnel 0038,Head Constable,True,U016,border,field,1995-04-08,2018-03-16,8.46,2024-02-07,False,0.7134,0.4453,
P00039,34306649,Personnel 0039,Assistant Sub-Inspector,True,U004,urban_static,field,1990-01-27,2016-12-14,9.71,2023-07-11,True,0.4395,0.4199,
P00040,54651444,Personnel 0040,Constable,True,U012,insurgency_affected,hard_area,1998-06-11,2024-02-15,2.54,2025-01-23,True,0.7195,0.4026,
P00041,46478839,Personnel 0041,Constable,True,U001,urban_static,static_station,1987-01-29,2011-11-30,14.75,2023-12-18,True,0.5535,0.6418,
P00042,16619374,Personnel 0042,Constable,True,U015,insurgency_affected,hard_area,1995-01-23,2020-07-25,6.1,2024-12-04,False,0.8363,0.4651,
P00043,36647638,Personnel 0043,Constable,True,U010,insurgency_affected,hard_area,1999-10-14,2022-04-24,4.35,2024-12-18,False,0.8355,0.5633,
P00044,37878902,Personnel 0044,Constable,True,U003,urban_static,field,1998-03-26,2019-05-28,7.26,2025-03-20,False,0.3722,0.7341,
P00045,61155034,Personnel 0045,Head Constable,True,U003,urban_static,static_station,1998-01-18,2019-06-15,7.21,2024-09-22,False,0.3722,0.4327,
P00046,56236212,Personnel 0046,Assistant Commandant,False,U007,training,static_station,1990-10-29,2012-09-08,13.98,2026-07-29,False,0.2532,0.5911,
P00047,84795700,Personnel 0047,Deputy Commandant,False,U012,insurgency_affected,hard_area,1991-11-20,2015-04-01,11.42,2025-04-11,True,0.7195,0.646,
P00048,32132647,Personnel 0048,Constable,True,U016,border,hard_area,1995-03-31,2021-09-28,4.92,2024-02-16,True,0.7134,0.4172,
P00049,11698798,Personnel 0049,Sub-Inspector,False,U003,urban_static,static_station,1989-07-12,2014-06-08,12.23,2026-04-12,True,0.3722,0.4894,
P00050,46399989,Personnel 0050,Constable,True,U013,border,hard_area,1997-05-12,2021-04-21,5.36,2025-11-10,False,0.5538,0.2863,
P00051,41134698,Personnel 0051,Constable,True,U001,urban_static,field,1991-10-26,2015-12-27,10.68,2024-03-02,False,0.5535,0.5337,
P00052,89811964,Personnel 0052,Constable,True,U016,border,hard_area,1991-03-01,2017-08-11,9.06,2025-01-09,True,0.7134,0.6527,
P00053,50013200,Personnel 0053,Assistant Commandant,False,U011,border,field,1987-05-24,2009-07-06,17.16,2025-10-31,False,0.6385,0.5299,
P00054,69941807,Personnel 0054,Constable,True,U009,training,static_station,2000-10-26,2021-11-22,4.77,2023-09-13,True,0.3855,0.3551,
P00055,66837102,Personnel 0055,Constable,True,U015,insurgency_affected,hard_area,1991-06-01,2016-09-28,9.92,2025-11-10,True,0.8363,0.636,
P00056,11763285,Personnel 0056,Assistant Sub-Inspector,True,U004,urban_static,field,1996-05-06,2020-03-11,6.47,2024-07-19,False,0.4395,0.3779,
P00057,22595543,Personnel 0057,Inspector,False,U012,insurgency_affected,hard_area,1996-11-15,2021-08-24,5.02,2024-05-01,True,0.7195,0.5524,
P00058,87880690,Personnel 0058,Head Constable,True,U013,border,field,1994-10-20,2017-11-08,8.81,2023-07-03,True,0.5538,0.3984,
P00059,48897871,Personnel 0059,Assistant Sub-Inspector,True,U009,training,static_station,2000-01-30,2022-06-03,4.25,2026-06-01,True,0.3855,0.3461,
P00060,49047347,Personnel 0060,Constable,True,U012,insurgency_affected,hard_area,1990-03-23,2016-02-18,10.53,2025-07-07,False,0.7195,0.5783,
P00061,81161617,Personnel 0061,Constable,True,U016,border,field,2002-03-08,2023-05-15,3.3,2024-04-11,False,0.7134,0.6118,
P00062,40549388,Personnel 0062,Commandant,False,U005,border,field,1988-06-09,2009-11-07,16.81,2026-06-14,True,0.7572,0.351,
P00063,80868417,Personnel 0063,Constable,True,U015,insurgency_affected,field,1992-12-22,2016-03-09,10.48,2025-12-03,False,0.8363,0.7636,
P00064,15647203,Personnel 0064,Constable,True,U004,urban_static,static_station,1988-01-13,2013-08-17,13.04,2024-11-13,True,0.4395,0.4961,
P00065,78104071,Personnel 0065,Constable,True,U016,border,field,1999-10-23,2024-04-25,2.35,2024-09-28,True,0.7134,0.4189,
P00066,60611201,Personnel 0066,Constable,True,U003,urban_static,static_station,1995-01-12,2017-07-18,9.12,2024-10-29,True,0.3722,0.4743,
P00067,31335406,Personnel 0067,Deputy Commandant,False,U010,insurgency_affected,hard_area,2002-04-16,2025-03-24,1.44,2026-03-02,True,0.8355,0.3649,
P00068,15267263,Personnel 0068,Assistant Sub-Inspector,True,U014,urban_static,static_station,2002-08-09,2023-12-27,2.68,2026-06-17,True,0.3566,0.3708,
P00069,70844803,Personnel 0069,Constable,True,U001,urban_static,field,1981-09-25,2005-08-13,21.05,2026-07-21,True,0.5535,0.2355,
P00070,12800149,Personnel 0070,Head Constable,True,U006,border,static_station,1995-03-27,2021-03-19,5.45,2025-08-03,False,0.6739,0.6328,
P00071,66234211,Personnel 0071,Head Constable,True,U010,insurgency_affected,hard_area,1980-12-18,2007-07-13,19.14,2025-04-29,True,0.8355,0.5738,
P00072,26147119,Personnel 0072,Sub-Inspector,False,U010,insurgency_affected,hard_area,1999-04-13,2023-10-30,2.84,2026-04-11,True,0.8355,0.6307,
P00073,70200076,Personnel 0073,Head Constable,True,U016,border,field,2001-10-19,2023-12-30,2.67,2025-07-09,False,0.7134,0.5251,
P00074,33635531,Personnel 0074,Constable,True,U005,border,field,1998-10-11,2024-08-08,2.06,2025-05-16,True,0.7572,0.4808,
P00075,38317559,Personnel 0075,Constable,True,U015,insurgency_affected,hard_area,1992-07-06,2014-10-26,11.85,2023-06-02,False,0.8363,0.2603,
P00076,17033621,Personnel 0076,Sub-Inspector,False,U007,training,static_station,1992-07-05,2017-03-26,9.43,2026-01-14,False,0.2532,0.5644,
P00077,99930023,Personnel 0077,Constable,True,U002,insurgency_affected,hard_area,1997-02-02,2020-12-30,5.67,2023-09-03,True,0.782,0.4311,
P00078,25972691,Personnel 0078,Constable,True,U005,border,hard_area,1999-02-28,2022-09-06,3.98,2023-11-23,True,0.7572,0.4726,
P00079,92506964,Personnel 0079,Deputy Commandant,False,U015,insurgency_affected,hard_area,1986-09-20,2012-08-30,14.0,2025-03-04,False,0.8363,0.6336,
P00080,96288294,Personnel 0080,Constable,True,U016,border,hard_area,1995-04-15,2019-12-15,6.71,2023-08-27,False,0.7134,0.5088,
P00081,86805013,Personnel 0081,Deputy Commandant,False,U015,insurgency_affected,hard_area,1995-11-09,2022-03-28,4.43,2023-06-19,True,0.8363,0.8378,
P00082,63052066,Personnel 0082,Sub-Inspector,False,U003,urban_static,static_station,1993-07-07,2018-05-25,8.27,2023-05-15,True,0.3722,0.5013,
P00083,99050180,Personnel 0083,Constable,True,U006,border,hard_area,1996-02-12,2022-06-02,4.25,2025-04-24,False,0.6739,0.4345,
P00084,59713599,Personnel 0084,Head Constable,True,U003,urban_static,static_station,1988-02-23,2014-03-18,12.46,2023-10-04,False,0.3722,0.3583,
P00085,41780752,Personnel 0085,Sub-Inspector,False,U014,urban_static,static_station,1994-04-23,2018-09-29,7.92,2023-12-03,False,0.3566,0.2541,training_cadre
P00086,60745328,Personnel 0086,Inspector,False,U005,border,field,2003-08-17,2025-06-21,1.19,2025-09-28,True,0.7572,0.5026,
P00087,83610256,Personnel 0087,Assistant Sub-Inspector,True,U008,border,hard_area,1997-10-09,2023-03-19,3.45,2024-11-23,True,0.5738,0.6307,
P00088,79666921,Personnel 0088,Assistant Sub-Inspector,True,U010,insurgency_affected,hard_area,1998-11-10,2020-10-20,5.86,2024-12-19,True,0.8355,0.1937,
P00089,76475859,Personnel 0089,Assistant Sub-Inspector,True,U014,urban_static,static_station,2003-08-26,2025-11-29,0.75,2025-12-29,False,0.3566,0.6456,
P00090,92142958,Personnel 0090,Constable,True,U015,insurgency_affected,field,1999-07-13,2022-12-09,3.73,2025-06-02,True,0.8363,0.3022,
P00091,30922687,Personnel 0091,Deputy Commandant,False,U009,training,static_station,1996-03-21,2022-11-30,3.75,2023-06-15,False,0.3855,0.0495,
P00092,90102513,Personnel 0092,Constable,True,U006,border,field,1993-10-29,2016-01-31,10.58,2024-04-22,True,0.6739,0.6182,
P00093,82969126,Personnel 0093,Assistant Sub-Inspector,True,U010,insurgency_affected,hard_area,1998-08-17,2021-05-21,5.28,2023-03-03,True,0.8355,0.2275,
P00094,58469450,Personnel 0094,Head Constable,True,U004,urban_static,field,1996-02-24,2017-07-18,9.12,2025-04-18,True,0.4395,0.5686,
P00095,31016266,Personnel 0095,Constable,True,U002,insurgency_affected,field,2002-10-17,2025-08-27,1.01,2025-09-27,False,0.782,0.5435,
P00096,83073122,Personnel 0096,Constable,True,U016,border,static_station,1988-06-25,2012-12-14,13.71,2024-01-01,True,0.7134,0.3977,
P00097,17397639,Personnel 0097,Assistant Sub-Inspector,True,U005,border,hard_area,1978-07-15,2003-09-14,22.97,2024-09-27,True,0.7572,0.5129,
P00098,46228892,Personnel 0098,Head Constable,True,U015,insurgency_affected,hard_area,1997-02-14,2019-04-04,7.41,2025-05-07,True,0.8363,0.6927,
P00099,59751966,Personnel 0099,Sub-Inspector,False,U012,insurgency_affected,hard_area,1983-06-16,2007-12-25,18.68,2025-10-12,False,0.7195,0.6034,
P00100,85251043,Personnel 0100,Assistant Commandant,False,U007,training,field,1997-12-05,2020-08-03,6.08,2024-01-30,True,0.2532,0.6481,
P00101,11197241,Personnel 0101,Sub-Inspector,False,U002,insurgency_affected,hard_area,1995-11-25,2017-06-05,9.24,2025-10-15,True,0.782,0.6566,
P00102,44631472,Personnel 0102,Constable,True,U003,urban_static,static_station,1990-11-24,2014-08-19,12.03,2026-07-03,False,0.3722,0.518,
P00103,77362834,Personnel 0103,Head Constable,True,U010,insurgency_affected,hard_area,1988-10-31,2012-07-28,14.09,2025-09-24,False,0.8355,0.3452,
P00104,15255481,Personnel 0104,Constable,True,U015,insurgency_affected,field,1995-07-31,2018-08-22,8.03,2023-11-11,False,0.8363,0.7054,
P00105,29506911,Personnel 0105,Inspector,False,U002,insurgency_affected,hard_area,1989-08-18,2013-11-29,12.75,2023-01-19,True,0.782,0.3089,
P00106,72949788,Personnel 0106,Inspector,False,U004,urban_static,static_station,1984-08-21,2009-09-02,17.0,2025-02-04,True,0.4395,0.4863,
P00107,32800586,Personnel 0107,Constable,True,U008,border,hard_area,2001-12-13,2025-04-15,1.38,2025-05-15,True,0.5738,0.5129,
P00108,69898803,Personnel 0108,Constable,True,U002,insurgency_affected,hard_area,2001-07-08,2024-08-25,2.02,2024-12-22,True,0.782,0.6282,
P00109,74080869,Personnel 0109,Head Constable,True,U013,border,static_station,1998-03-05,2021-02-28,5.51,2026-02-27,False,0.5538,0.456,
P00110,21989691,Personnel 0110,Constable,True,U015,insurgency_affected,hard_area,2000-03-12,2024-07-29,2.09,2026-05-10,True,0.8363,0.2364,
P00111,70698102,Personnel 0111,Inspector,False,U013,border,field,1995-02-09,2020-12-06,5.73,2026-06-28,False,0.5538,0.557,
P00112,14352938,Personnel 0112,Sub-Inspector,False,U015,insurgency_affected,field,1990-01-11,2015-04-01,11.42,2025-03-04,False,0.8363,0.5154,
P00113,13314963,Personnel 0113,Constable,True,U006,border,hard_area,1996-04-14,2020-05-04,6.33,2024-07-16,True,0.6739,0.426,
P00114,92571605,Personnel 0114,Constable,True,U005,border,field,1994-05-04,2018-11-16,7.79,2025-03-08,False,0.7572,0.5716,
P00115,50832690,Personnel 0115,Constable,True,U007,training,static_station,2000-10-16,2023-05-23,3.28,2025-03-31,True,0.2532,0.3272,
P00116,15916476,Personnel 0116,Assistant Sub-Inspector,True,U011,border,static_station,1992-11-16,2017-08-21,9.03,2024-04-05,False,0.6385,0.02,
P00117,20831153,Personnel 0117,Assistant Commandant,False,U003,urban_static,hard_area,1993-06-08,2020-01-31,6.58,2025-04-04,True,0.3722,0.3617,
P00118,16185411,Personnel 0118,Constable,True,U001,urban_static,static_station,1993-03-28,2018-12-06,7.74,2024-03-04,False,0.5535,0.7165,
P00119,20844286,Personnel 0119,Assistant Commandant,False,U011,border,field,1976-02-15,2002-03-16,24.46,2024-07-22,False,0.6385,0.5648,
P00120,52854564,Personnel 0120,Head Constable,True,U009,training,static_station,1995-05-27,2018-01-21,8.61,2025-03-31,False,0.3855,0.8084,course_attendee
P00121,69148675,Personnel 0121,Constable,True,U015,insurgency_affected,hard_area,1992-11-04,2019-05-08,7.32,2026-04-14,True,0.8363,0.3387,
P00122,59753926,Personnel 0122,Inspector,False,U008,border,field,1996-04-27,2018-08-20,8.03,2024-01-28,False,0.5738,0.1987,
P00123,68979994,Personnel 0123,Constable,True,U013,border,field,2002-08-31,2025-03-08,1.48,2025-04-07,False,0.5538,0.5729,
P00124,39686883,Personnel 0124,Inspector,False,U010,insurgency_affected,hard_area,1993-03-09,2019-05-10,7.31,2023-07-19,True,0.8355,0.9557,
P00125,60843125,Personnel 0125,Sub-Inspector,False,U004,urban_static,field,1989-04-19,2016-03-19,10.45,2026-05-14,False,0.4395,0.6111,
P00126,65678440,Personnel 0126,Head Constable,True,U002,insurgency_affected,hard_area,1982-03-02,2006-07-12,20.14,2024-12-19,True,0.782,0.6879,
P00127,72346765,Personnel 0127,Head Constable,True,U005,border,hard_area,1994-08-17,2019-05-03,7.33,2025-03-18,True,0.7572,0.5273,
P00128,18555293,Personnel 0128,Constable,True,U016,border,hard_area,1991-04-02,2014-05-14,12.3,2024-09-29,False,0.7134,0.8246,
P00129,12010448,Personnel 0129,Constable,True,U006,border,field,1997-08-22,2020-05-27,6.26,2025-07-12,False,0.6739,0.2803,
P00130,82305838,Personnel 0130,Constable,True,U008,border,field,1986-07-25,2010-03-09,16.48,2025-05-21,False,0.5738,0.3572,
P00131,36710173,Personnel 0131,Head Constable,True,U016,border,field,1991-12-12,2017-02-18,9.53,2026-05-02,True,0.7134,0.4401,
P00132,49202653,Personnel 0132,Constable,True,U008,border,field,1993-01-05,2018-05-09,8.31,2026-03-12,False,0.5738,0.5083,
P00133,42757959,Personnel 0133,Sub-Inspector,False,U009,training,static_station,1993-06-06,2018-03-27,8.43,2025-10-30,False,0.3855,0.02,
P00134,62644221,Personnel 0134,Head Constable,True,U006,border,hard_area,1999-02-14,2024-07-25,2.1,2025-06-28,True,0.6739,0.2197,
P00135,29025745,Personnel 0135,Constable,True,U006,border,field,1993-06-19,2018-11-19,7.78,2024-12-06,True,0.6739,0.6718,
P00136,15692514,Personnel 0136,Head Constable,True,U009,training,field,1988-10-16,2011-01-28,15.59,2025-12-31,False,0.3855,0.6572,
P00137,90861640,Personnel 0137,Constable,True,U016,border,field,2000-01-15,2023-01-23,3.6,2023-11-08,True,0.7134,0.6958,
P00138,19425140,Personnel 0138,Head Constable,True,U003,urban_static,field,1997-02-10,2018-10-18,7.87,2025-12-17,False,0.3722,0.3229,
P00139,23545508,Personnel 0139,Constable,True,U008,border,static_station,1992-03-21,2017-04-14,9.38,2025-04-09,True,0.5738,0.812,
P00140,54053693,Personnel 0140,Constable,True,U001,urban_static,static_station,1996-08-03,2018-05-23,8.28,2023-11-27,False,0.5535,0.5933,
P00141,49544192,Personnel 0141,Head Constable,True,U016,border,hard_area,1988-09-13,2010-04-19,16.37,2026-07-30,True,0.7134,0.3332,
P00142,25832123,Personnel 0142,Sub-Inspector,False,U001,urban_static,field,1987-04-26,2013-12-07,12.73,2023-10-30,True,0.5535,0.4117,
P00143,36198090,Personnel 0143,Constable,True,U013,border,field,1999-05-15,2023-10-29,2.84,2024-05-26,False,0.5538,0.3564,
P00144,15088208,Personnel 0144,Constable,True,U001,urban_static,static_station,1997-10-11,2020-09-09,5.97,2026-06-07,False,0.5535,0.3838,
P00145,24473267,Personnel 0145,Assistant Sub-Inspector,True,U010,insurgency_affected,hard_area,1984-01-06,2007-09-11,18.97,2024-12-29,True,0.8355,0.7658,
P00146,96794682,Personnel 0146,Constable,True,U003,urban_static,field,1996-04-03,2018-08-18,8.04,2024-04-15,False,0.3722,0.5407,
P00147,23097906,Personnel 0147,Head Constable,True,U011,border,field,1995-06-21,2020-04-23,6.36,2025-06-06,True,0.6385,0.2758,
P00148,44861081,Personnel 0148,Inspector,False,U012,insurgency_affected,hard_area,2001-06-14,2023-11-09,2.81,2024-12-20,True,0.7195,0.6679,
P00149,31525615,Personnel 0149,Assistant Sub-Inspector,True,U004,urban_static,static_station,1993-06-08,2017-05-21,9.28,2023-10-27,False,0.4395,0.6205,
P00150,10284762,Personnel 0150,Constable,True,U009,training,static_station,1991-10-12,2018-01-17,8.62,2024-09-22,True,0.3855,0.6922,
P00151,50751188,Personnel 0151,Sub-Inspector,False,U015,insurgency_affected,hard_area,1993-06-29,2017-06-03,9.24,2026-03-16,True,0.8363,0.327,
P00152,13649670,Personnel 0152,Constable,True,U015,insurgency_affected,hard_area,2001-05-06,2023-08-10,3.06,2025-10-11,True,0.8363,0.4218,
P00153,62290502,Personnel 0153,Assistant Commandant,False,U005,border,static_station,1999-10-10,2023-12-12,2.72,2025-11-03,False,0.7572,0.5024,
P00154,24693237,Personnel 0154,Assistant Commandant,False,U006,border,field,1998-03-08,2023-11-29,2.76,2023-12-29,True,0.6739,0.6141,
P00155,19529315,Personnel 0155,Constable,True,U014,urban_static,field,1994-07-21,2016-09-15,9.96,2025-03-18,True,0.3566,0.4277,
P00156,91469673,Personnel 0156,Assistant Sub-Inspector,True,U010,insurgency_affected,hard_area,1999-04-25,2022-02-09,4.56,2026-05-20,True,0.8355,0.7464,
P00157,99811388,Personnel 0157,Constable,True,U006,border,hard_area,1994-03-08,2020-10-20,5.86,2026-05-20,False,0.6739,0.6261,
P00158,67618116,Personnel 0158,Constable,True,U004,urban_static,field,1993-02-13,2018-02-24,8.52,2026-01-02,True,0.4395,0.3479,training_cadre
P00159,67843761,Personnel 0159,Sub-Inspector,False,U006,border,hard_area,1995-01-19,2021-06-14,5.21,2026-07-26,True,0.6739,0.4727,
P00160,41781006,Personnel 0160,Constable,True,U011,border,hard_area,1993-02-03,2017-01-02,9.66,2026-05-08,False,0.6385,0.3501,
P00161,66519937,Personnel 0161,Constable,True,U014,urban_static,hard_area,1986-06-25,2013-01-27,13.59,2024-11-03,True,0.3566,0.3507,
P00162,84896738,Personnel 0162,Constable,True,U012,insurgency_affected,field,1990-05-10,2014-08-02,12.08,2025-09-14,True,0.7195,0.4977,
P00163,22285538,Personnel 0163,Deputy Commandant,False,U006,border,hard_area,1997-02-10,2023-05-22,3.28,2024-08-16,True,0.6739,0.6588,
P00164,69378086,Personnel 0164,Head Constable,True,U014,urban_static,field,1992-05-17,2015-02-21,11.53,2025-05-22,True,0.3566,0.4095,
P00165,81144749,Personnel 0165,Constable,True,U015,insurgency_affected,hard_area,2002-10-05,2024-03-04,2.49,2024-04-04,False,0.8363,0.5766,
P00166,12614803,Personnel 0166,Constable,True,U009,training,static_station,1996-06-14,2021-12-14,4.71,2025-04-28,False,0.3855,0.4223,
P00167,60027146,Personnel 0167,Constable,True,U010,insurgency_affected,hard_area,1993-02-01,2019-12-16,6.71,2025-01-22,True,0.8355,0.2162,
P00168,95620785,Personnel 0168,Head Constable,True,U004,urban_static,static_station,1989-12-07,2016-05-24,10.27,2024-05-08,True,0.4395,0.738,
P00169,69851738,Personnel 0169,Constable,True,U003,urban_static,field,1990-03-04,2016-06-16,10.21,2026-07-06,True,0.3722,0.4454,
P00170,13252620,Personnel 0170,Constable,True,U009,training,static_station,1987-05-08,2010-09-24,15.94,2025-09-24,True,0.3855,0.4677,
P00171,57887667,Personnel 0171,Constable,True,U012,insurgency_affected,static_station,1992-01-18,2015-11-25,10.77,2024-01-12,True,0.7195,0.3724,
P00172,22060106,Personnel 0172,Inspector,False,U012,insurgency_affected,field,2001-12-03,2024-08-22,2.03,2024-09-21,False,0.7195,0.668,
P00173,47140833,Personnel 0173,Assistant Sub-Inspector,True,U010,insurgency_affected,hard_area,1974-08-29,1999-08-04,27.08,2026-05-18,True,0.8355,0.6638,
P00174,92853150,Personnel 0174,Constable,True,U003,urban_static,static_station,1988-11-16,2014-02-14,12.54,2023-09-18,False,0.3722,0.4584,
P00175,91610778,Personnel 0175,Head Constable,True,U012,insurgency_affected,hard_area,1998-11-21,2022-04-06,4.4,2026-03-16,True,0.7195,0.5776,
P00176,16213051,Personnel 0176,Constable,True,U001,urban_static,static_station,1989-07-01,2013-09-06,12.98,2025-11-02,False,0.5535,0.4752,
P00177,41721120,Personnel 0177,Constable,True,U006,border,field,1994-06-24,2017-03-15,9.46,2023-12-07,False,0.6739,0.4363,
P00178,27748695,Personnel 0178,Assistant Commandant,False,U005,border,field,1992-03-08,2018-11-28,7.76,2024-08-02,True,0.7572,0.2755,
P00179,30379099,Personnel 0179,Sub-Inspector,False,U014,urban_static,hard_area,1999-11-13,2021-09-21,4.94,2025-01-12,True,0.3566,0.3568,
P00180,54745549,Personnel 0180,Constable,True,U010,insurgency_affected,hard_area,1990-08-26,2014-07-08,12.15,2025-10-26,True,0.8355,0.2598,
P00181,35447185,Personnel 0181,Constable,True,U010,insurgency_affected,field,1995-07-24,2020-09-05,5.99,2025-11-07,False,0.8355,0.1983,
P00182,43002759,Personnel 0182,Sub-Inspector,False,U001,urban_static,static_station,1999-12-31,2021-11-24,4.77,2025-02-09,False,0.5535,0.3032,
P00183,37382058,Personnel 0183,Constable,True,U002,insurgency_affected,field,1985-07-27,2008-02-13,18.55,2024-05-12,False,0.782,0.59,
P00184,87623409,Personnel 0184,Sub-Inspector,False,U013,border,static_station,1998-10-16,2022-11-16,3.79,2024-07-15,False,0.5538,0.235,
P00185,32163232,Personnel 0185,Head Constable,True,U003,urban_static,static_station,1995-11-29,2019-07-28,7.1,2024-09-06,False,0.3722,0.623,
P00186,96144183,Personnel 0186,Head Constable,True,U005,border,field,1999-07-14,2022-06-23,4.19,2025-07-15,False,0.7572,0.4866,planned_surge
P00187,92196738,Personnel 0187,Head Constable,True,U010,insurgency_affected,hard_area,1991-02-27,2016-06-09,10.23,2025-05-10,True,0.8355,0.453,
P00188,74803242,Personnel 0188,Sub-Inspector,False,U014,urban_static,hard_area,1990-12-18,2012-07-27,14.1,2024-10-24,False,0.3566,0.3084,
P00189,70369336,Personnel 0189,Constable,True,U007,training,field,1991-01-16,2014-06-05,12.24,2025-09-22,False,0.2532,0.3707,
P00190,95240376,Personnel 0190,Sub-Inspector,False,U014,urban_static,static_station,1999-01-09,2025-01-01,1.66,2026-01-19,True,0.3566,0.4706,
P00191,50829210,Personnel 0191,Constable,True,U006,border,hard_area,1999-04-04,2023-05-27,3.26,2025-01-09,False,0.6739,0.4849,
P00192,44012316,Personnel 0192,Sub-Inspector,False,U002,insurgency_affected,field,1989-01-28,2010-06-03,16.25,2023-05-16,True,0.782,0.9065,
P00193,13043395,Personnel 0193,Sub-Inspector,False,U005,border,hard_area,1998-11-24,2023-10-19,2.87,2025-03-10,True,0.7572,0.5385,
P00194,50016298,Personnel 0194,Assistant Sub-Inspector,True,U009,training,static_station,1998-06-26,2022-11-09,3.81,2024-04-01,False,0.3855,0.2154,
P00195,95908729,Personnel 0195,Assistant Sub-Inspector,True,U011,border,field,2001-11-04,2023-04-25,3.35,2023-09-03,True,0.6385,0.7672,
P00196,73828897,Personnel 0196,Constable,True,U016,border,static_station,1987-07-22,2012-01-28,14.59,2023-10-19,False,0.7134,0.4759,
P00197,66129423,Personnel 0197,Constable,True,U008,border,field,1997-05-10,2021-03-09,5.48,2023-05-27,True,0.5738,0.2778,planned_surge
P00198,54295347,Personnel 0198,Head Constable,True,U010,insurgency_affected,hard_area,1993-05-05,2017-04-17,9.37,2023-01-27,True,0.8355,0.3354,
P00199,88460020,Personnel 0199,Assistant Commandant,False,U007,training,static_station,1996-12-10,2021-08-01,5.08,2023-06-26,False,0.2532,0.8128,
P00200,94219210,Personnel 0200,Assistant Sub-Inspector,True,U016,border,hard_area,1982-11-02,2005-08-19,21.03,2026-06-26,False,0.7134,0.5082,
P00201,74885330,Personnel 0201,Constable,True,U012,insurgency_affected,field,2000-12-22,2025-06-06,1.24,2025-07-06,False,0.7195,0.5831,
P00202,85980712,Personnel 0202,Constable,True,U007,training,field,1999-08-26,2021-12-04,4.74,2024-11-09,False,0.2532,0.7271,
P00203,54826687,Personnel 0203,Constable,True,U004,urban_static,static_station,1993-05-14,2017-03-17,9.46,2025-03-09,False,0.4395,0.4534,
P00204,35039511,Personnel 0204,Sub-Inspector,False,U014,urban_static,static_station,1994-04-12,2017-08-08,9.06,2024-02-07,False,0.3566,0.7849,
P00205,39903074,Personnel 0205,Constable,True,U001,urban_static,static_station,1992-05-23,2014-03-21,12.45,2024-08-09,True,0.5535,0.8575,
P00206,60437848,Personnel 0206,Assistant Sub-Inspector,True,U002,insurgency_affected,hard_area,1986-11-23,2008-08-14,18.05,2025-11-16,False,0.782,0.6368,
P00207,66983818,Personnel 0207,Head Constable,True,U009,training,static_station,1997-06-07,2019-05-05,7.33,2023-12-17,False,0.3855,0.583,
P00208,82172496,Personnel 0208,Constable,True,U010,insurgency_affected,hard_area,1983-05-17,2008-05-24,18.27,2025-08-09,True,0.8355,0.6289,
P00209,44180135,Personnel 0209,Constable,True,U011,border,field,1992-06-10,2018-01-26,8.59,2025-08-24,True,0.6385,0.3299,
P00210,85628867,Personnel 0210,Head Constable,True,U010,insurgency_affected,hard_area,1998-11-21,2023-11-27,2.76,2024-06-30,False,0.8355,0.4662,
P00211,31466419,Personnel 0211,Sub-Inspector,False,U007,training,static_station,1997-11-27,2023-09-24,2.94,2023-10-25,False,0.2532,0.4131,
P00212,10948516,Personnel 0212,Assistant Sub-Inspector,True,U002,insurgency_affected,field,1995-11-17,2017-01-28,9.59,2025-09-09,True,0.782,0.6719,
P00213,46689019,Personnel 0213,Sub-Inspector,False,U011,border,hard_area,2003-05-14,2024-10-08,1.9,2024-11-07,False,0.6385,0.3303,
P00214,72322078,Personnel 0214,Assistant Sub-Inspector,True,U011,border,field,1983-04-16,2005-06-17,21.21,2024-07-05,False,0.6385,0.712,
P00215,91373864,Personnel 0215,Sub-Inspector,False,U001,urban_static,static_station,1992-04-14,2018-11-19,7.78,2024-02-27,True,0.5535,0.6591,
P00216,13355018,Personnel 0216,Constable,True,U014,urban_static,field,1999-05-22,2022-05-31,4.25,2025-07-19,True,0.3566,0.6383,
P00217,85346898,Personnel 0217,Constable,True,U006,border,hard_area,1990-01-29,2011-03-23,15.44,2025-03-24,True,0.6739,0.6812,
P00218,27297662,Personnel 0218,Constable,True,U001,urban_static,static_station,1995-06-11,2018-09-03,7.99,2023-11-04,False,0.5535,0.3786,
P00219,84658537,Personnel 0219,Head Constable,True,U005,border,hard_area,1981-05-26,2008-02-22,18.52,2025-11-24,True,0.7572,0.5734,
P00220,51628188,Personnel 0220,Assistant Commandant,False,U009,training,static_station,1997-11-08,2023-07-25,3.1,2026-01-25,True,0.3855,0.2368,
P00221,15556472,Personnel 0221,Inspector,False,U009,training,static_station,1991-11-14,2013-12-25,12.68,2023-06-05,False,0.3855,0.4876,
P00222,49682888,Personnel 0222,Commandant,False,U004,urban_static,field,1987-06-10,2013-09-15,12.96,2024-10-12,False,0.4395,0.837,
P00223,22070982,Personnel 0223,Head Constable,True,U013,border,field,2001-04-10,2022-07-29,4.09,2025-06-01,False,0.5538,0.5032,
P00224,27756438,Personnel 0224,Constable,True,U014,urban_static,static_station,1991-05-03,2012-12-06,13.73,2026-02-06,False,0.3566,0.3836,
P00225,21997954,Personnel 0225,Constable,True,U010,insurgency_affected,hard_area,1997-08-28,2021-10-17,4.87,2025-11-30,True,0.8355,0.4615,
P00226,59500216,Personnel 0226,Constable,True,U002,insurgency_affected,hard_area,1995-05-01,2020-11-20,5.78,2026-07-11,True,0.782,0.484,
P00227,61760624,Personnel 0227,Constable,True,U006,border,static_station,1992-06-05,2016-12-14,9.71,2024-08-17,False,0.6739,0.6962,
P00228,34919144,Personnel 0228,Deputy Commandant,False,U009,training,static_station,1986-06-04,2009-06-04,17.24,2025-04-08,False,0.3855,0.4814,
P00229,84594323,Personnel 0229,Constable,True,U011,border,hard_area,1989-02-21,2012-08-08,14.06,2026-06-12,True,0.6385,0.4711,
P00230,95349515,Personnel 0230,Constable,True,U008,border,hard_area,1999-03-25,2022-12-01,3.75,2025-10-25,True,0.5738,0.428,
P00231,36650740,Personnel 0231,Head Constable,True,U016,border,hard_area,1997-10-03,2024-03-19,2.45,2024-12-24,True,0.7134,0.4041,
P00232,58260388,Personnel 0232,Assistant Commandant,False,U005,border,field,1991-12-08,2016-02-11,10.55,2026-06-01,False,0.7572,0.4336,
P00233,36849753,Personnel 0233,Assistant Sub-Inspector,True,U014,urban_static,static_station,1987-04-21,2012-01-15,14.63,2023-08-14,False,0.3566,0.4214,
P00234,99182539,Personnel 0234,Head Constable,True,U016,border,hard_area,1992-10-05,2016-08-08,10.06,2024-04-17,False,0.7134,0.6048,
P00235,80475621,Personnel 0235,Head Constable,True,U009,training,static_station,1994-02-13,2017-08-09,9.06,2024-05-11,True,0.3855,0.1701,
P00236,22264613,Personnel 0236,Constable,True,U004,urban_static,field,1985-09-06,2008-07-22,18.11,2026-06-06,False,0.4395,0.6611,
P00237,49121169,Personnel 0237,Head Constable,True,U013,border,hard_area,1992-09-13,2015-10-04,10.91,2025-06-19,True,0.5538,0.4352,
P00238,71694006,Personnel 0238,Constable,True,U009,training,static_station,1997-04-27,2023-07-11,3.14,2023-12-14,True,0.3855,0.5906,
P00239,93386540,Personnel 0239,Constable,True,U011,border,hard_area,1999-07-01,2024-01-26,2.6,2024-12-15,False,0.6385,0.6228,
P00240,48445612,Personnel 0240,Head Constable,True,U001,urban_static,static_station,1996-05-16,2020-09-03,5.99,2025-11-16,True,0.5535,0.1382,
P00241,56521009,Personnel 0241,Constable,True,U004,urban_static,field,1996-09-07,2019-03-25,7.44,2025-04-07,False,0.4395,0.4737,
P00242,95612233,Personnel 0242,Head Constable,True,U015,insurgency_affected,hard_area,2003-06-27,2025-10-09,0.89,2025-11-09,True,0.8363,0.6159,
P00243,85107427,Personnel 0243,Head Constable,True,U005,border,field,1988-08-15,2014-09-23,11.94,2026-01-26,True,0.7572,0.4764,
P00244,88769203,Personnel 0244,Head Constable,True,U016,border,field,1997-05-04,2023-02-06,3.57,2024-02-23,False,0.7134,0.5751,
P00245,60145272,Personnel 0245,Constable,True,U004,urban_static,field,1994-11-11,2019-09-22,6.94,2025-06-13,True,0.4395,0.3043,
P00246,51774146,Personnel 0246,Constable,True,U016,border,field,1991-06-19,2014-05-18,12.29,2023-11-03,False,0.7134,0.5158,
P00247,81504570,Personnel 0247,Constable,True,U014,urban_static,hard_area,1999-11-02,2025-03-20,1.45,2025-04-19,True,0.3566,0.5071,
P00248,18721503,Personnel 0248,Sub-Inspector,False,U015,insurgency_affected,hard_area,1996-12-06,2023-06-15,3.21,2026-04-13,True,0.8363,0.3157,
P00249,29003010,Personnel 0249,Constable,True,U006,border,field,1995-06-16,2019-02-22,7.52,2023-10-19,False,0.6739,0.6701,
P00250,54269280,Personnel 0250,Constable,True,U015,insurgency_affected,hard_area,1993-07-24,2020-03-29,6.42,2024-06-10,True,0.8363,0.4839,
P00251,70885856,Personnel 0251,Head Constable,True,U006,border,hard_area,1989-09-23,2015-03-05,11.49,2025-01-11,False,0.6739,0.8535,training_cadre
P00252,85739007,Personnel 0252,Sub-Inspector,False,U013,border,field,2000-02-26,2024-08-31,2.0,2024-09-30,False,0.5538,0.5021,
P00253,52065415,Personnel 0253,Assistant Sub-Inspector,True,U002,insurgency_affected,field,1971-12-22,1998-11-20,27.78,2025-10-30,False,0.782,0.287,
P00254,14543407,Personnel 0254,Constable,True,U015,insurgency_affected,hard_area,1989-04-08,2013-11-19,12.78,2023-06-07,True,0.8363,0.1724,
P00255,81017413,Personnel 0255,Constable,True,U011,border,hard_area,1996-08-11,2022-08-25,4.02,2025-08-03,False,0.6385,0.2917,
P00256,62885804,Personnel 0256,Inspector,False,U011,border,hard_area,1989-10-06,2013-04-18,13.37,2025-06-26,True,0.6385,0.3906,
P00257,84624244,Personnel 0257,Inspector,False,U004,urban_static,field,1992-12-01,2016-05-04,10.32,2025-05-15,False,0.4395,0.4468,
P00258,68318703,Personnel 0258,Constable,True,U013,border,field,1989-04-01,2015-03-23,11.44,2025-03-21,False,0.5538,0.6129,
P00259,31614638,Personnel 0259,Constable,True,U005,border,static_station,1998-11-09,2020-06-21,6.19,2026-01-09,False,0.7572,0.5188,
P00260,19068034,Personnel 0260,Constable,True,U003,urban_static,field,1990-08-01,2016-08-28,10.01,2024-03-01,True,0.3722,0.3982,
P00261,64397126,Personnel 0261,Constable,True,U007,training,static_station,1982-07-06,2008-10-26,17.85,2024-02-02,False,0.2532,0.5153,
P00262,41163825,Personnel 0262,Head Constable,True,U006,border,field,1989-02-17,2012-12-24,13.69,2023-06-14,False,0.6739,0.4123,
P00263,62102012,Personnel 0263,Constable,True,U013,border,hard_area,2001-11-05,2025-01-02,1.66,2025-09-03,False,0.5538,0.3371,
P00264,99497002,Personnel 0264,Head Constable,True,U003,urban_static,static_station,1997-11-23,2020-06-09,6.23,2024-09-07,True,0.3722,0.4027,
P00265,53387096,Personnel 0265,Constable,True,U002,insurgency_affected,hard_area,1998-10-05,2019-12-06,6.74,2023-04-20,True,0.782,0.4542,
P00266,14816809,Personnel 0266,Head Constable,True,U002,insurgency_affected,hard_area,1998-07-03,2021-09-02,5.0,2026-02-15,False,0.782,0.5793,voluntary_hard_area
P00267,73128145,Personnel 0267,Deputy Commandant,False,U006,border,hard_area,1992-09-18,2014-10-10,11.89,2026-04-26,True,0.6739,0.5442,
P00268,95927433,Personnel 0268,Head Constable,True,U010,insurgency_affected,hard_area,1996-08-08,2023-01-20,3.61,2024-11-07,True,0.8355,0.3884,
P00269,34030247,Personnel 0269,Assistant Sub-Inspector,True,U007,training,field,1991-11-20,2013-11-20,12.78,2026-02-27,False,0.2532,0.6816,
P00270,33022286,Personnel 0270,Constable,True,U005,border,hard_area,1991-11-08,2016-12-20,9.69,2026-03-18,False,0.7572,0.6547,
P00271,81800488,Personnel 0271,Constable,True,U012,insurgency_affected,field,2000-01-03,2025-04-11,1.39,2025-05-11,False,0.7195,0.6223,
P00272,61984736,Personnel 0272,Assistant Commandant,False,U013,border,field,1999-06-16,2021-08-11,5.05,2026-02-10,False,0.5538,0.6943,
P00273,38802295,Personnel 0273,Constable,True,U007,training,static_station,1981-11-02,2006-03-26,20.43,2023-09-06,True,0.2532,0.6818,
P00274,90153901,Personnel 0274,Sub-Inspector,False,U008,border,hard_area,1996-08-28,2020-11-23,5.77,2024-05-03,False,0.5738,0.5415,
P00275,35457285,Personnel 0275,Inspector,False,U007,training,static_station,1984-01-25,2005-11-30,20.75,2024-09-17,False,0.2532,0.3486,
P00276,18263853,Personnel 0276,Constable,True,U012,insurgency_affected,hard_area,1977-01-30,2001-01-29,25.59,2024-08-19,True,0.7195,0.7366,
P00277,51503531,Personnel 0277,Constable,True,U008,border,hard_area,1998-10-28,2019-11-25,6.77,2024-12-27,True,0.5738,0.5616,
P00278,17489138,Personnel 0278,Assistant Sub-Inspector,True,U014,urban_static,field,1990-06-09,2013-05-06,13.32,2026-05-23,False,0.3566,0.7042,
P00279,84797954,Personnel 0279,Sub-Inspector,False,U005,border,hard_area,2000-03-30,2021-08-03,5.08,2025-11-26,False,0.7572,0.7313,
P00280,55400020,Personnel 0280,Constable,True,U013,border,hard_area,1994-12-27,2020-01-07,6.65,2024-09-08,False,0.5538,0.5417,
P00281,13955510,Personnel 0281,Constable,True,U006,border,field,1990-04-19,2015-07-09,11.15,2023-12-08,False,0.6739,0.7283,
P00282,53253775,Personnel 0282,Constable,True,U009,training,field,1996-11-28,2020-01-28,6.59,2025-11-08,False,0.3855,0.582,
P00283,15299518,Personnel 0283,Constable,True,U014,urban_static,field,1990-07-11,2015-09-26,10.93,2024-10-05,True,0.3566,0.4503,
P00284,62793027,Personnel 0284,Commandant,False,U011,border,field,1991-09-03,2016-04-07,10.4,2025-11-24,True,0.6385,0.3596,
P00285,10111166,Personnel 0285,Commandant,False,U007,training,static_station,2000-04-06,2023-06-17,3.21,2023-10-04,False,0.2532,0.4115,
P00286,94455681,Personnel 0286,Head Constable,True,U007,training,static_station,2001-02-13,2022-05-31,4.25,2025-05-25,False,0.2532,0.6492,
P00287,87164221,Personnel 0287,Constable,True,U005,border,field,2003-11-21,2026-01-09,0.64,2026-02-09,False,0.7572,0.1878,
P00288,39775196,Personnel 0288,Constable,True,U006,border,hard_area,1995-05-17,2016-07-10,10.14,2025-11-18,True,0.6739,0.3608,
P00289,39236074,Personnel 0289,Constable,True,U012,insurgency_affected,field,1979-06-24,2002-08-28,24.01,2023-08-03,True,0.7195,0.4866,
P00290,18281207,Personnel 0290,Head Constable,True,U002,insurgency_affected,hard_area,1995-09-04,2021-03-25,5.44,2025-04-30,True,0.782,0.5173,
P00291,90062434,Personnel 0291,Constable,True,U003,urban_static,static_station,1995-09-23,2016-10-01,9.92,2023-06-19,False,0.3722,0.5367,
P00292,50972567,Personnel 0292,Assistant Sub-Inspector,True,U014,urban_static,field,1996-07-26,2023-02-05,3.57,2023-09-09,False,0.3566,0.8295,
P00293,77470064,Personnel 0293,Constable,True,U002,insurgency_affected,field,1990-06-04,2017-04-07,9.4,2025-11-25,True,0.782,0.8411,
P00294,16858335,Personnel 0294,Constable,True,U002,insurgency_affected,hard_area,1979-04-10,2004-06-20,22.2,2023-04-18,True,0.782,0.4371,
P00295,42994768,Personnel 0295,Sub-Inspector,False,U016,border,hard_area,1987-01-16,2009-08-05,17.07,2026-07-16,True,0.7134,0.3228,
P00296,71729252,Personnel 0296,Sub-Inspector,False,U010,insurgency_affected,hard_area,1996-08-09,2021-01-04,5.66,2024-12-25,True,0.8355,0.2413,
P00297,44576130,Personnel 0297,Head Constable,True,U012,insurgency_affected,hard_area,1999-12-25,2024-08-06,2.07,2024-10-01,False,0.7195,0.5044,
P00298,28976069,Personnel 0298,Deputy Commandant,False,U012,insurgency_affected,field,1995-08-22,2017-08-11,9.05,2025-05-15,False,0.7195,0.5072,
P00299,25949023,Personnel 0299,Constable,True,U012,insurgency_affected,hard_area,1986-11-22,2013-01-01,13.66,2025-01-27,True,0.7195,0.357,
P00300,87258238,Personnel 0300,Inspector,False,U008,border,hard_area,1997-02-05,2018-08-03,8.08,2024-11-29,True,0.5738,0.4418,
P00301,15743265,Personnel 0301,Head Constable,True,U013,border,field,1993-09-04,2020-05-13,6.3,2026-05-23,False,0.5538,0.4779,
P00302,17729036,Personnel 0302,Constable,True,U007,training,static_station,1997-12-04,2019-11-06,6.82,2024-11-20,False,0.2532,0.3262,
P00303,25887413,Personnel 0303,Head Constable,True,U002,insurgency_affected,hard_area,1994-06-12,2019-04-17,7.37,2025-03-21,False,0.782,0.7402,
P00304,77661701,Personnel 0304,Head Constable,True,U013,border,hard_area,1999-01-07,2024-02-01,2.58,2024-03-02,True,0.5538,0.8036,
P00305,88204798,Personnel 0305,Constable,True,U014,urban_static,field,1988-07-02,2012-01-08,14.65,2025-06-02,True,0.3566,0.8502,
P00306,83005249,Personnel 0306,Constable,True,U004,urban_static,static_station,1992-08-25,2015-10-03,10.91,2024-09-05,True,0.4395,0.4041,
P00307,11729048,Personnel 0307,Inspector,False,U011,border,field,1975-01-19,2001-11-30,24.75,2023-05-23,True,0.6385,0.6697,
P00308,15546510,Personnel 0308,Inspector,False,U015,insurgency_affected,field,1993-06-29,2018-02-03,8.57,2025-04-12,True,0.8363,0.7914,
P00309,86208740,Personnel 0309,Head Constable,True,U012,insurgency_affected,hard_area,1986-05-04,2011-04-30,15.34,2025-03-16,True,0.7195,0.4477,
P00310,59977291,Personnel 0310,Constable,True,U004,urban_static,field,1999-05-09,2023-05-27,3.26,2026-07-09,True,0.4395,0.6404,
P00311,80265508,Personnel 0311,Constable,True,U012,insurgency_affected,hard_area,1975-04-18,2000-09-06,25.98,2024-06-11,True,0.7195,0.7451,
P00312,14392958,Personnel 0312,Head Constable,True,U006,border,hard_area,1984-04-23,2006-09-14,19.96,2024-09-02,True,0.6739,0.6998,
P00313,27442735,Personnel 0313,Constable,True,U003,urban_static,field,1995-06-26,2019-03-30,7.42,2023-09-27,True,0.3722,0.4852,
P00314,81357289,Personnel 0314,Sub-Inspector,False,U013,border,field,1986-09-30,2009-02-07,17.56,2024-10-19,False,0.5538,0.6356,
P00315,81744371,Personnel 0315,Constable,True,U015,insurgency_affected,hard_area,1992-02-26,2015-07-12,11.14,2025-07-01,True,0.8363,0.6575,
P00316,72092852,Personnel 0316,Inspector,False,U014,urban_static,static_station,1987-01-19,2009-10-13,16.88,2025-05-25,False,0.3566,0.5642,
P00317,23167725,Personnel 0317,Head Constable,True,U011,border,hard_area,1989-01-24,2015-03-08,11.48,2024-05-24,True,0.6385,0.4677,
P00318,77801059,Personnel 0318,Constable,True,U004,urban_static,static_station,1995-02-10,2021-03-31,5.42,2026-07-09,False,0.4395,0.3302,course_attendee
P00319,71517177,Personnel 0319,Head Constable,True,U012,insurgency_affected,hard_area,1999-11-17,2022-02-02,4.58,2025-10-03,False,0.7195,0.2489,
P00320,40885864,Personnel 0320,Constable,True,U014,urban_static,static_station,1991-10-01,2015-04-01,11.42,2023-06-17,False,0.3566,0.5908,
P00321,47096731,Personnel 0321,Inspector,False,U004,urban_static,static_station,1991-11-11,2018-06-24,8.19,2025-03-27,False,0.4395,0.5835,
P00322,36153863,Personnel 0322,Head Constable,True,U004,urban_static,static_station,1992-08-09,2016-09-26,9.93,2026-04-05,True,0.4395,0.3663,
P00323,59332859,Personnel 0323,Constable,True,U011,border,field,1984-04-28,2005-05-27,21.26,2026-04-08,False,0.6385,0.2861,
P00324,54928497,Personnel 0324,Constable,True,U003,urban_static,static_station,1979-12-22,2006-03-10,20.48,2023-05-14,False,0.3722,0.461,
P00325,38309647,Personnel 0325,Assistant Sub-Inspector,True,U003,urban_static,static_station,1996-12-12,2021-05-06,5.32,2025-09-03,False,0.3722,0.5131,
P00326,16194055,Personnel 0326,Constable,True,U012,insurgency_affected,hard_area,1981-01-01,2007-02-12,19.55,2023-01-29,False,0.7195,0.2178,recent_return
P00327,53737536,Personnel 0327,Constable,True,U013,border,field,1989-11-21,2012-12-25,13.68,2026-05-31,False,0.5538,0.6274,
P00328,39510181,Personnel 0328,Assistant Sub-Inspector,True,U001,urban_static,hard_area,1999-03-16,2024-03-01,2.5,2025-01-22,True,0.5535,0.1549,
P00329,12840921,Personnel 0329,Assistant Sub-Inspector,True,U013,border,hard_area,1991-01-03,2016-04-24,10.35,2024-07-02,False,0.5538,0.5655,
P00330,27100516,Personnel 0330,Constable,True,U014,urban_static,static_station,1997-01-04,2023-07-23,3.11,2024-01-21,False,0.3566,0.3272,
P00331,71942686,Personnel 0331,Sub-Inspector,False,U004,urban_static,static_station,1991-02-15,2017-01-02,9.66,2026-01-12,False,0.4395,0.4038,
P00332,72857534,Personnel 0332,Assistant Sub-Inspector,True,U007,training,static_station,1994-06-20,2017-02-10,9.55,2024-06-24,True,0.2532,0.5696,
P00333,93635717,Personnel 0333,Sub-Inspector,False,U010,insurgency_affected,field,1983-07-05,2006-08-10,20.06,2024-06-04,False,0.8355,0.4453,
P00334,40926393,Personnel 0334,Constable,True,U007,training,static_station,1994-02-04,2016-10-23,9.86,2024-03-13,False,0.2532,0.8711,
P00335,95411642,Personnel 0335,Assistant Sub-Inspector,True,U001,urban_static,static_station,1996-09-10,2023-03-14,3.47,2024-03-16,False,0.5535,0.4761,
P00336,88095181,Personnel 0336,Assistant Sub-Inspector,True,U003,urban_static,static_station,1989-01-10,2015-04-01,11.42,2026-01-29,False,0.3722,0.8819,
P00337,62756315,Personnel 0337,Constable,True,U008,border,static_station,2003-02-17,2024-07-25,2.1,2026-01-08,False,0.5738,0.1628,recent_return
P00338,24527515,Personnel 0338,Head Constable,True,U016,border,static_station,1997-06-03,2021-12-06,4.74,2026-07-05,False,0.7134,0.4468,
P00339,94309157,Personnel 0339,Constable,True,U009,training,static_station,1986-10-09,2008-04-17,18.37,2023-07-22,False,0.3855,0.5305,
P00340,81450431,Personnel 0340,Head Constable,True,U003,urban_static,static_station,1999-03-22,2023-07-10,3.15,2025-01-27,False,0.3722,0.3807,
P00341,71855355,Personnel 0341,Assistant Commandant,False,U001,urban_static,hard_area,1999-07-18,2021-12-14,4.71,2026-07-27,False,0.5535,0.5825,
P00342,62778131,Personnel 0342,Assistant Sub-Inspector,True,U013,border,hard_area,1999-05-15,2024-12-25,1.68,2026-03-06,True,0.5538,0.6322,training_cadre
P00343,77086598,Personnel 0343,Assistant Commandant,False,U016,border,hard_area,2003-09-08,2025-09-04,0.99,2025-10-04,False,0.7134,0.507,
P00344,31259495,Personnel 0344,Head Constable,True,U012,insurgency_affected,hard_area,1984-03-08,2007-02-22,19.52,2023-07-20,True,0.7195,0.2502,
P00345,10562875,Personnel 0345,Constable,True,U002,insurgency_affected,hard_area,1997-06-08,2018-08-09,8.06,2026-02-11,True,0.782,0.3743,
P00346,31110280,Personnel 0346,Assistant Commandant,False,U009,training,static_station,1999-05-09,2025-05-28,1.26,2025-06-28,False,0.3855,0.5505,
P00347,44135356,Personnel 0347,Assistant Sub-Inspector,True,U014,urban_static,static_station,1991-04-06,2016-12-18,9.7,2025-12-28,False,0.3566,0.3182,course_attendee
P00348,15365368,Personnel 0348,Assistant Sub-Inspector,True,U011,border,hard_area,1987-07-05,2012-05-24,14.27,2026-02-17,False,0.6385,0.537,
P00349,88210844,Personnel 0349,Constable,True,U006,border,hard_area,1997-04-16,2021-10-29,4.84,2023-08-09,True,0.6739,0.7827,
P00350,95693007,Personnel 0350,Constable,True,U016,border,field,1991-08-18,2012-10-07,13.9,2025-02-27,True,0.7134,0.6736,
P00351,62416071,Personnel 0351,Head Constable,True,U014,urban_static,field,1996-09-12,2018-12-30,7.67,2026-05-20,True,0.3566,0.6736,
P00352,75670594,Personnel 0352,Head Constable,True,U008,border,hard_area,2001-07-05,2024-01-15,2.63,2024-08-06,True,0.5738,0.4985,
P00353,77873099,Personnel 0353,Constable,True,U015,insurgency_affected,field,1994-09-09,2021-09-06,4.98,2025-09-16,False,0.8363,0.3055,
P00354,21684544,Personnel 0354,Sub-Inspector,False,U006,border,hard_area,1998-08-15,2021-06-26,5.18,2025-09-05,True,0.6739,0.3475,
P00355,67128106,Personnel 0355,Constable,True,U015,insurgency_affected,hard_area,1999-01-31,2023-12-26,2.68,2025-12-31,True,0.8363,0.4548,
P00356,85384162,Personnel 0356,Assistant Sub-Inspector,True,U003,urban_static,static_station,2000-08-14,2022-02-27,4.51,2023-11-29,False,0.3722,0.3781,
P00357,46424944,Personnel 0357,Constable,True,U001,urban_static,field,1998-10-20,2023-08-28,3.01,2026-01-24,False,0.5535,0.5801,
P00358,84572977,Personnel 0358,Constable,True,U001,urban_static,field,1988-09-28,2013-02-12,13.55,2023-12-18,False,0.5535,0.5941,
P00359,45576743,Personnel 0359,Sub-Inspector,False,U004,urban_static,static_station,1991-05-17,2015-05-14,11.3,2024-10-01,True,0.4395,0.6045,
P00360,89559353,Personnel 0360,Assistant Commandant,False,U003,urban_static,static_station,1984-01-22,2009-02-05,17.57,2024-04-22,False,0.3722,0.7505,
P00361,52347578,Personnel 0361,Sub-Inspector,False,U016,border,hard_area,1999-03-29,2023-04-17,3.38,2023-05-17,True,0.7134,0.7113,
P00362,16349831,Personnel 0362,Head Constable,True,U009,training,static_station,1987-10-27,2013-09-17,12.95,2026-04-18,True,0.3855,0.4494,
P00363,73276626,Personnel 0363,Constable,True,U001,urban_static,field,2000-09-03,2025-04-03,1.41,2025-05-04,False,0.5535,0.3804,recent_return
P00364,51534522,Personnel 0364,Assistant Sub-Inspector,True,U011,border,field,1999-10-07,2024-04-06,2.4,2024-05-07,False,0.6385,0.3335,
P00365,23862672,Personnel 0365,Constable,True,U007,training,static_station,1993-12-26,2019-11-26,6.76,2024-09-22,True,0.2532,0.1039,
P00366,77340265,Personnel 0366,Constable,True,U001,urban_static,static_station,1979-11-03,2003-12-18,22.7,2026-02-27,False,0.5535,0.0966,planned_surge
P00367,77270123,Personnel 0367,Assistant Sub-Inspector,True,U002,insurgency_affected,hard_area,2003-05-15,2024-06-27,2.18,2024-12-27,True,0.782,0.6264,
P00368,35628031,Personnel 0368,Assistant Sub-Inspector,True,U006,border,hard_area,1982-06-11,2006-11-11,19.8,2025-09-12,False,0.6739,0.5886,planned_surge
P00369,92332315,Personnel 0369,Inspector,False,U004,urban_static,static_station,2002-08-01,2025-01-27,1.59,2026-07-11,False,0.4395,0.7129,
P00370,61423410,Personnel 0370,Constable,True,U003,urban_static,static_station,1994-07-02,2018-09-30,7.92,2024-10-23,True,0.3722,0.6029,
P00371,61558379,Personnel 0371,Constable,True,U004,urban_static,static_station,1998-04-01,2022-02-18,4.53,2024-08-12,True,0.4395,0.4033,
P00372,31176798,Personnel 0372,Constable,True,U016,border,field,1997-10-28,2021-07-25,5.1,2024-04-10,False,0.7134,0.4943,
P00373,33537030,Personnel 0373,Constable,True,U005,border,field,2000-03-02,2022-06-13,4.22,2023-12-14,False,0.7572,0.5688,
P00374,21245760,Personnel 0374,Constable,True,U015,insurgency_affected,field,1995-05-11,2022-02-18,4.53,2025-02-07,False,0.8363,0.588,
P00375,44775589,Personnel 0375,Assistant Sub-Inspector,True,U006,border,field,1984-04-02,2009-02-26,17.51,2025-09-03,False,0.6739,0.4079,
P00376,10049653,Personnel 0376,Assistant Sub-Inspector,True,U010,insurgency_affected,hard_area,1996-01-08,2022-03-14,4.47,2023-07-09,False,0.8355,0.2664,
P00377,32699918,Personnel 0377,Sub-Inspector,False,U015,insurgency_affected,hard_area,1986-03-14,2010-04-22,16.36,2024-09-22,True,0.8363,0.4169,
P00378,70010800,Personnel 0378,Head Constable,True,U015,insurgency_affected,hard_area,2000-06-23,2023-08-15,3.05,2024-01-20,False,0.8363,0.145,
P00379,29884468,Personnel 0379,Deputy Commandant,False,U011,border,field,1986-12-25,2013-04-06,13.4,2024-07-13,True,0.6385,0.4235,
P00380,73164274,Personnel 0380,Constable,True,U012,insurgency_affected,field,1979-01-13,2004-12-10,21.72,2025-06-06,False,0.7195,0.6999,
P00381,66724423,Personnel 0381,Assistant Sub-Inspector,True,U011,border,field,1984-12-10,2009-09-17,16.95,2023-10-08,False,0.6385,0.508,
P00382,85697180,Personnel 0382,Constable,True,U014,urban_static,field,1997-09-07,2023-12-19,2.7,2024-12-08,False,0.3566,0.6153,
P00383,78937483,Personnel 0383,Sub-Inspector,False,U013,border,field,1994-04-16,2019-11-24,6.77,2025-04-04,False,0.5538,0.245,
P00384,71136150,Personnel 0384,Constable,True,U001,urban_static,static_station,1977-01-21,1998-09-12,27.97,2024-07-08,False,0.5535,0.4795,training_cadre
P00385,93657049,Personnel 0385,Inspector,False,U009,training,static_station,1991-01-03,2016-05-13,10.3,2025-08-17,False,0.3855,0.818,
P00386,72437433,Personnel 0386,Assistant Sub-Inspector,True,U006,border,field,2000-09-02,2023-01-01,3.66,2025-04-10,False,0.6739,0.5148,
P00387,70712977,Personnel 0387,Head Constable,True,U010,insurgency_affected,field,1985-04-21,2011-09-08,14.98,2023-06-07,False,0.8355,0.4675,
P00388,41457000,Personnel 0388,Constable,True,U002,insurgency_affected,field,1998-12-07,2021-07-29,5.09,2023-12-30,False,0.782,0.5309,
P00389,67446780,Personnel 0389,Constable,True,U010,insurgency_affected,hard_area,1992-08-02,2015-04-12,11.39,2023-03-21,True,0.8355,0.4711,
P00390,74006313,Personnel 0390,Commandant,False,U015,insurgency_affected,hard_area,1998-02-10,2020-02-21,6.53,2025-11-24,False,0.8363,0.428,
P00391,61707305,Personnel 0391,Constable,True,U012,insurgency_affected,hard_area,1991-08-15,2014-06-21,12.2,2024-01-12,True,0.7195,0.5194,
P00392,80843129,Personnel 0392,Head Constable,True,U005,border,hard_area,1992-11-17,2019-10-20,6.86,2024-08-13,True,0.7572,0.4057,
P00393,53412241,Personnel 0393,Constable,True,U012,insurgency_affected,hard_area,1999-06-20,2023-12-15,2.71,2024-10-25,True,0.7195,0.398,
P00394,88695561,Personnel 0394,Constable,True,U013,border,field,1980-10-03,2002-03-30,24.42,2026-05-26,False,0.5538,0.6725,
P00395,55559031,Personnel 0395,Constable,True,U001,urban_static,static_station,1993-12-17,2018-02-05,8.57,2024-10-20,True,0.5535,0.4299,training_cadre
P00396,28665304,Personnel 0396,Deputy Commandant,False,U002,insurgency_affected,static_station,1985-08-24,2012-03-25,14.44,2023-07-20,False,0.782,0.4013,
P00397,38907817,Personnel 0397,Constable,True,U004,urban_static,static_station,1997-02-19,2023-02-08,3.56,2026-01-08,False,0.4395,0.7506,
P00398,68671966,Personnel 0398,Constable,True,U008,border,field,1991-08-07,2017-05-04,9.33,2024-08-17,False,0.5738,0.5071,
P00399,73949250,Personnel 0399,Deputy Commandant,False,U010,insurgency_affected,field,1998-10-12,2021-06-23,5.19,2025-11-20,False,0.8355,0.6132,
P00400,63648176,Personnel 0400,Constable,True,U015,insurgency_affected,hard_area,1997-06-20,2019-03-20,7.45,2024-04-26,True,0.8363,0.4231,
P00401,25486296,Personnel 0401,Inspector,False,U005,border,static_station,2002-06-29,2024-02-03,2.58,2024-03-06,False,0.7572,0.2359,
P00402,67719518,Personnel 0402,Assistant Sub-Inspector,True,U010,insurgency_affected,static_station,1998-12-17,2024-02-19,2.53,2025-12-03,True,0.8355,0.4813,
P00403,20349421,Personnel 0403,Assistant Sub-Inspector,True,U010,insurgency_affected,static_station,2000-01-05,2022-05-28,4.26,2024-01-17,False,0.8355,0.5253,
P00404,16337925,Personnel 0404,Sub-Inspector,False,U011,border,field,1996-04-24,2021-10-17,4.87,2024-05-03,True,0.6385,0.4118,
P00405,39043684,Personnel 0405,Head Constable,True,U009,training,static_station,1994-04-11,2020-11-12,5.8,2025-04-14,True,0.3855,0.3957,
P00406,23524597,Personnel 0406,Assistant Sub-Inspector,True,U002,insurgency_affected,hard_area,1995-01-17,2019-12-18,6.7,2026-02-20,True,0.782,0.563,
P00407,53683353,Personnel 0407,Constable,True,U010,insurgency_affected,hard_area,2000-02-09,2024-06-18,2.2,2024-07-18,True,0.8355,0.3644,
P00408,62625516,Personnel 0408,Constable,True,U013,border,field,1998-11-12,2021-12-31,4.67,2024-02-13,False,0.5538,0.2336,
P00409,96116119,Personnel 0409,Constable,True,U008,border,hard_area,1984-12-23,2011-08-14,15.05,2024-06-05,False,0.5738,0.2479,recent_return
P00410,80194989,Personnel 0410,Head Constable,True,U009,training,static_station,1992-12-18,2016-03-13,10.47,2023-07-25,False,0.3855,0.8813,
P00411,58925741,Personnel 0411,Constable,True,U006,border,hard_area,1998-01-02,2021-12-05,4.74,2025-11-02,False,0.6739,0.2233,voluntary_hard_area
P00412,26654915,Personnel 0412,Sub-Inspector,False,U012,insurgency_affected,hard_area,1998-10-13,2021-04-28,5.34,2025-08-04,True,0.7195,0.7823,
P00413,64673106,Personnel 0413,Assistant Sub-Inspector,True,U013,border,hard_area,1988-06-10,2013-08-24,13.02,2026-02-10,True,0.5538,0.3868,
P00414,33360431,Personnel 0414,Deputy Commandant,False,U016,border,hard_area,1998-06-27,2023-04-07,3.4,2023-08-10,True,0.7134,0.2334,
P00415,60690790,Personnel 0415,Inspector,False,U015,insurgency_affected,hard_area,2003-07-11,2025-06-01,1.25,2025-07-01,False,0.8363,0.6021,
P00416,94844193,Personnel 0416,Head Constable,True,U007,training,static_station,1993-11-26,2019-03-12,7.47,2023-08-22,True,0.2532,0.3452,
P00417,44053657,Personnel 0417,Constable,True,U016,border,field,1994-12-04,2016-05-17,10.29,2025-01-04,False,0.7134,0.254,
P00418,83095860,Personnel 0418,Constable,True,U008,border,field,1992-08-05,2019-03-04,7.49,2025-12-24,False,0.5738,0.5269,
P00419,68911183,Personnel 0419,Constable,True,U012,insurgency_affected,static_station,1994-11-27,2021-06-16,5.21,2023-07-18,False,0.7195,0.6763,
P00420,74652494,Personnel 0420,Constable,True,U004,urban_static,field,1996-04-09,2020-04-27,6.35,2024-04-01,True,0.4395,0.4198,
P00421,87597106,Personnel 0421,Assistant Sub-Inspector,True,U006,border,field,1984-09-29,2010-01-09,16.64,2023-11-09,False,0.6739,0.7115,
P00422,35846120,Personnel 0422,Constable,True,U003,urban_static,static_station,1994-11-17,2021-07-07,5.15,2024-02-26,True,0.3722,0.5911,
P00423,92720369,Personnel 0423,Head Constable,True,U010,insurgency_affected,hard_area,1997-06-05,2022-01-03,4.66,2026-07-23,True,0.8355,0.3812,
P00424,95861249,Personnel 0424,Constable,True,U007,training,static_station,1997-02-23,2023-10-30,2.84,2023-12-04,False,0.2532,0.3134,
P00425,33979154,Personnel 0425,Constable,True,U002,insurgency_affected,static_station,1997-11-07,2020-11-25,5.76,2025-01-19,False,0.782,0.4568,
P00426,35885913,Personnel 0426,Inspector,False,U014,urban_static,static_station,1997-12-26,2019-03-16,7.46,2025-04-27,False,0.3566,0.511,
P00427,83420362,Personnel 0427,Head Constable,True,U015,insurgency_affected,field,1996-08-07,2021-03-07,5.48,2025-01-14,True,0.8363,0.3903,
P00428,30735968,Personnel 0428,Constable,True,U009,training,static_station,1999-04-17,2021-06-26,5.18,2025-11-22,False,0.3855,0.3391,
P00429,49882263,Personnel 0429,Head Constable,True,U015,insurgency_affected,field,1984-10-07,2009-12-08,16.73,2025-01-26,False,0.8363,0.7002,
P00430,27558586,Personnel 0430,Assistant Sub-Inspector,True,U006,border,hard_area,1996-08-17,2018-08-08,8.06,2024-06-06,True,0.6739,0.4147,voluntary_hard_area
P00431,28382802,Personnel 0431,Constable,True,U007,training,static_station,2000-10-02,2022-07-15,4.13,2024-02-03,False,0.2532,0.6307,
P00432,65913864,Personnel 0432,Constable,True,U001,urban_static,static_station,1994-09-02,2020-06-28,6.17,2025-06-14,True,0.5535,0.5091,
P00433,18726355,Personnel 0433,Sub-Inspector,False,U006,border,static_station,1987-08-30,2013-07-04,13.16,2025-11-20,False,0.6739,0.5542,
P00434,51042539,Personnel 0434,Assistant Sub-Inspector,True,U008,border,field,1989-04-30,2015-06-15,11.21,2026-06-09,True,0.5738,0.5739,
P00435,87411338,Personnel 0435,Head Constable,True,U010,insurgency_affected,hard_area,1992-11-28,2016-09-08,9.98,2026-03-21,False,0.8355,0.6174,
P00436,36403509,Personnel 0436,Constable,True,U005,border,field,1994-04-13,2017-10-21,8.86,2025-09-23,False,0.7572,0.4204,
P00437,16920346,Personnel 0437,Constable,True,U003,urban_static,field,1988-12-14,2012-05-19,14.29,2025-06-23,True,0.3722,0.5854,
P00438,55683578,Personnel 0438,Constable,True,U007,training,static_station,1990-08-16,2011-08-28,15.01,2024-07-30,False,0.2532,0.9368,
P00439,68433399,Personnel 0439,Constable,True,U010,insurgency_affected,hard_area,1992-03-11,2017-12-12,8.72,2026-07-12,False,0.8355,0.6435,
P00440,38898992,Personnel 0440,Head Constable,True,U006,border,static_station,1997-01-13,2020-05-07,6.32,2024-04-01,True,0.6739,0.6579,
P00441,47442347,Personnel 0441,Constable,True,U004,urban_static,static_station,1989-03-25,2013-04-17,13.37,2025-12-26,False,0.4395,0.7736,course_attendee
P00442,67468951,Personnel 0442,Deputy Commandant,False,U007,training,static_station,1998-09-25,2020-06-21,6.19,2023-10-10,True,0.2532,0.0937,
P00443,30404950,Personnel 0443,Constable,True,U009,training,static_station,2003-10-03,2025-05-01,1.33,2025-12-29,True,0.3855,0.4872,
P00444,47085415,Personnel 0444,Head Constable,True,U010,insurgency_affected,hard_area,1985-04-23,2010-08-27,16.01,2024-10-26,True,0.8355,0.632,
P00445,65339807,Personnel 0445,Assistant Sub-Inspector,True,U005,border,hard_area,1983-10-30,2007-09-05,18.99,2023-12-11,True,0.7572,0.5589,
P00446,88699410,Personnel 0446,Constable,True,U001,urban_static,static_station,1996-03-19,2018-10-28,7.84,2025-01-31,True,0.5535,0.4096,
P00447,73835930,Personnel 0447,Assistant Sub-Inspector,True,U011,border,hard_area,1995-02-17,2019-05-21,7.28,2026-06-21,True,0.6385,0.4559,
P00448,84978487,Personnel 0448,Constable,True,U004,urban_static,static_station,1997-12-11,2019-04-26,7.35,2024-05-28,False,0.4395,0.5845,
P00449,60308553,Personnel 0449,Constable,True,U001,urban_static,static_station,1995-02-27,2019-11-17,6.79,2023-08-02,False,0.5535,0.7222,
P00450,11288045,Personnel 0450,Constable,True,U001,urban_static,static_station,2002-02-13,2023-04-07,3.4,2026-07-18,True,0.5535,0.6312,
P00451,59269782,Personnel 0451,Head Constable,True,U008,border,hard_area,1982-12-09,2007-06-09,19.23,2025-04-29,True,0.5738,0.6062,
P00452,59578517,Personnel 0452,Assistant Sub-Inspector,True,U003,urban_static,static_station,1988-04-02,2013-12-04,12.74,2026-04-13,False,0.3722,0.02,
P00453,91587838,Personnel 0453,Constable,True,U003,urban_static,static_station,1992-11-25,2018-09-21,7.94,2023-08-12,True,0.3722,0.4241,
P00454,65355988,Personnel 0454,Assistant Sub-Inspector,True,U003,urban_static,static_station,1999-01-01,2020-04-12,6.39,2023-11-08,True,0.3722,0.5157,
P00455,11533804,Personnel 0455,Constable,True,U016,border,hard_area,1989-06-18,2013-03-23,13.44,2025-05-13,False,0.7134,0.6628,
P00456,58379093,Personnel 0456,Constable,True,U014,urban_static,static_station,1997-08-19,2019-05-25,7.27,2025-03-04,False,0.3566,0.8916,
P00457,35353344,Personnel 0457,Head Constable,True,U013,border,field,1973-12-06,1999-06-19,27.2,2024-01-16,False,0.5538,0.6325,
P00458,89497117,Personnel 0458,Head Constable,True,U008,border,static_station,2000-07-17,2022-06-11,4.22,2024-11-28,False,0.5738,0.1549,
P00459,31260069,Personnel 0459,Constable,True,U015,insurgency_affected,hard_area,1991-01-15,2014-01-01,12.66,2024-10-27,True,0.8363,0.2728,
P00460,33157995,Personnel 0460,Constable,True,U015,insurgency_affected,field,1994-09-03,2018-12-31,7.67,2024-02-26,True,0.8363,0.6058,
P00461,82272476,Personnel 0461,Head Constable,True,U009,training,static_station,1999-12-12,2023-10-21,2.86,2025-12-25,True,0.3855,0.1283,
P00462,92467429,Personnel 0462,Sub-Inspector,False,U008,border,field,1995-03-30,2016-09-09,9.98,2023-06-17,False,0.5738,0.3877,
P00463,35326118,Personnel 0463,Head Constable,True,U005,border,hard_area,1998-01-25,2023-12-20,2.7,2026-05-05,True,0.7572,0.4422,
P00464,57214268,Personnel 0464,Assistant Commandant,False,U008,border,hard_area,1994-10-29,2017-02-17,9.54,2026-04-06,True,0.5738,0.3991,
P00465,90853327,Personnel 0465,Constable,True,U016,border,hard_area,2002-07-06,2024-11-02,1.83,2026-06-08,True,0.7134,0.5525,
P00466,99388786,Personnel 0466,Constable,True,U016,border,hard_area,1999-06-08,2024-09-04,1.99,2024-12-30,True,0.7134,0.6263,
P00467,49112137,Personnel 0467,Inspector,False,U004,urban_static,static_station,2001-01-20,2024-08-25,2.02,2024-09-25,False,0.4395,0.4337,
P00468,96274544,Personnel 0468,Assistant Sub-Inspector,True,U011,border,field,1984-12-22,2010-12-28,15.68,2024-02-17,False,0.6385,0.3115,
P00469,34396062,Personnel 0469,Head Constable,True,U010,insurgency_affected,hard_area,1995-03-20,2019-01-04,7.66,2025-08-08,False,0.8355,0.633,
P00470,62559201,Personnel 0470,Constable,True,U013,border,field,1996-02-17,2020-03-27,6.43,2024-03-03,False,0.5538,0.5886,
P00471,62110087,Personnel 0471,Assistant Commandant,False,U004,urban_static,static_station,1995-01-24,2016-02-29,10.5,2026-07-27,False,0.4395,0.3648,
P00472,77526727,Personnel 0472,Constable,True,U004,urban_static,static_station,1994-11-02,2017-04-29,9.34,2024-11-16,True,0.4395,0.5043,
P00473,90594344,Personnel 0473,Head Constable,True,U011,border,field,1991-01-11,2016-07-25,10.1,2026-03-30,True,0.6385,0.7034,
P00474,75403330,Personnel 0474,Constable,True,U015,insurgency_affected,hard_area,1992-01-06,2015-10-12,10.89,2024-09-20,True,0.8363,0.2657,voluntary_hard_area
P00475,41696805,Personnel 0475,Constable,True,U005,border,field,1996-09-21,2019-09-10,6.98,2025-07-16,False,0.7572,0.5138,
P00476,21999438,Personnel 0476,Inspector,False,U009,training,static_station,1994-06-18,2021-01-30,5.58,2026-03-04,False,0.3855,0.895,
P00477,57212900,Personnel 0477,Assistant Sub-Inspector,True,U002,insurgency_affected,hard_area,1997-11-08,2020-01-16,6.62,2025-04-24,False,0.782,0.373,
P00478,68960006,Personnel 0478,Assistant Commandant,False,U003,urban_static,static_station,2000-03-24,2022-07-14,4.13,2025-06-30,False,0.3722,0.6157,
P00479,94743486,Personnel 0479,Sub-Inspector,False,U014,urban_static,field,1996-08-27,2022-09-16,3.96,2023-08-28,False,0.3566,0.4051,
P00480,77525297,Personnel 0480,Sub-Inspector,False,U002,insurgency_affected,hard_area,1996-01-27,2022-08-13,4.05,2024-11-07,True,0.782,0.6029,
P00481,97002926,Personnel 0481,Assistant Sub-Inspector,True,U004,urban_static,field,1997-07-09,2022-11-13,3.8,2026-01-01,False,0.4395,0.2135,
P00482,40897317,Personnel 0482,Head Constable,True,U001,urban_static,field,1972-08-01,1998-12-29,27.67,2023-09-25,False,0.5535,0.7528,
P00483,14943863,Personnel 0483,Constable,True,U009,training,field,1986-12-07,2011-12-21,14.69,2023-05-15,True,0.3855,0.4681,
P00484,50581265,Personnel 0484,Inspector,False,U013,border,hard_area,1993-03-12,2018-02-21,8.52,2025-07-27,False,0.5538,0.2799,
P00485,12022493,Personnel 0485,Sub-Inspector,False,U016,border,field,1991-08-12,2017-05-14,9.3,2025-05-09,False,0.7134,0.5481,
P00486,16516159,Personnel 0486,Head Constable,True,U006,border,hard_area,2000-03-10,2022-02-04,4.57,2026-02-24,True,0.6739,0.6979,
P00487,94501246,Personnel 0487,Constable,True,U011,border,field,2001-05-07,2023-07-01,3.17,2025-03-12,True,0.6385,0.5695,
P00488,53961505,Personnel 0488,Constable,True,U008,border,hard_area,1994-07-07,2019-08-10,7.06,2025-07-27,True,0.5738,0.6331,
P00489,15588255,Personnel 0489,Head Constable,True,U006,border,field,1989-11-21,2013-07-16,13.13,2024-01-02,False,0.6739,0.5845,
P00490,93648506,Personnel 0490,Head Constable,True,U012,insurgency_affected,hard_area,1999-10-18,2022-07-21,4.11,2025-05-20,True,0.7195,0.3369,
P00491,93914086,Personnel 0491,Commandant,False,U003,urban_static,static_station,1988-06-25,2012-10-24,13.85,2025-01-01,False,0.3722,0.5785,
P00492,27325145,Personnel 0492,Head Constable,True,U003,urban_static,static_station,2000-07-09,2021-09-12,4.97,2024-01-03,False,0.3722,0.384,
P00493,59036871,Personnel 0493,Inspector,False,U005,border,hard_area,1987-10-31,2011-11-23,14.77,2024-04-15,False,0.7572,0.863,
P00494,77074856,Personnel 0494,Constable,True,U014,urban_static,field,1996-05-12,2022-01-03,4.66,2024-02-04,False,0.3566,0.7076,
P00495,85374117,Personnel 0495,Head Constable,True,U015,insurgency_affected,field,1999-11-10,2021-05-29,5.26,2026-02-12,False,0.8363,0.98,planned_surge
P00496,54570683,Personnel 0496,Inspector,False,U001,urban_static,static_station,1992-12-16,2017-08-24,9.02,2024-01-12,False,0.5535,0.479,
P00497,17668364,Personnel 0497,Constable,True,U008,border,hard_area,1999-03-11,2022-04-26,4.35,2023-05-21,True,0.5738,0.2892,
P00498,80231433,Personnel 0498,Constable,True,U013,border,field,1994-10-06,2018-10-13,7.88,2025-02-01,True,0.5538,0.6627,
P00499,72270359,Personnel 0499,Constable,True,U012,insurgency_affected,hard_area,1990-05-09,2012-08-17,14.04,2024-12-11,True,0.7195,0.3659,
P00500,34404203,Personnel 0500,Deputy Commandant,False,U007,training,field,1990-09-27,2016-12-30,9.67,2025-09-12,False,0.2532,0.6478,
P00501,18408259,Personnel 0501,Constable,True,U012,insurgency_affected,hard_area,1993-10-03,2014-11-03,11.83,2025-07-31,True,0.7195,0.98,
P00502,81527723,Personnel 0502,Assistant Sub-Inspector,True,U010,insurgency_affected,hard_area,1982-03-23,2007-01-31,19.58,2024-07-31,True,0.8355,0.4849,
P00503,18771261,Personnel 0503,Assistant Sub-Inspector,True,U005,border,hard_area,1993-10-18,2020-08-30,6.0,2022-12-31,True,0.7572,0.6625,
P00504,16987900,Personnel 0504,Constable,True,U013,border,field,1995-04-18,2019-09-11,6.97,2023-11-19,False,0.5538,0.5391,training_cadre
P00505,34096820,Personnel 0505,Sub-Inspector,False,U002,insurgency_affected,hard_area,1991-03-18,2015-11-12,10.8,2024-11-12,True,0.782,0.3569,
P00506,95670658,Personnel 0506,Constable,True,U007,training,static_station,2001-09-08,2023-08-23,3.02,2024-12-16,False,0.2532,0.4951,
P00507,40763659,Personnel 0507,Inspector,False,U012,insurgency_affected,hard_area,1980-11-15,2007-09-29,18.92,2026-04-22,False,0.7195,0.7522,
P00508,28568270,Personnel 0508,Assistant Commandant,False,U009,training,static_station,1981-08-08,2007-01-17,19.62,2025-07-08,False,0.3855,0.8103,
P00509,99241690,Personnel 0509,Head Constable,True,U005,border,static_station,2004-04-22,2025-04-23,1.36,2026-06-19,False,0.7572,0.5034,
P00510,61010254,Personnel 0510,Constable,True,U014,urban_static,static_station,1993-09-23,2017-07-01,9.17,2025-04-27,True,0.3566,0.5941,
P00511,41078768,Personnel 0511,Head Constable,True,U004,urban_static,static_station,1993-03-28,2017-04-30,9.34,2025-02-23,False,0.4395,0.5727,
P00512,52556659,Personnel 0512,Sub-Inspector,False,U002,insurgency_affected,hard_area,1993-09-06,2017-08-12,9.05,2023-03-28,True,0.782,0.7581,
P00513,14067424,Personnel 0513,Head Constable,True,U012,insurgency_affected,hard_area,1988-02-03,2013-11-23,12.77,2026-01-09,True,0.7195,0.4824,
P00514,13609779,Personnel 0514,Assistant Sub-Inspector,True,U012,insurgency_affected,hard_area,1987-10-26,2014-06-10,12.23,2026-07-20,True,0.7195,0.3134,
P00515,55828924,Personnel 0515,Constable,True,U002,insurgency_affected,field,1996-02-27,2022-12-07,3.73,2023-07-08,True,0.782,0.6238,
P00516,36579053,Personnel 0516,Head Constable,True,U015,insurgency_affected,hard_area,2000-01-07,2022-07-24,4.1,2025-09-26,True,0.8363,0.6541,
P00517,96171486,Personnel 0517,Head Constable,True,U016,border,hard_area,1980-07-11,2006-09-15,19.96,2025-09-02,False,0.7134,0.3476,
P00518,67615857,Personnel 0518,Constable,True,U007,training,static_station,1989-01-19,2011-11-27,14.76,2024-09-20,False,0.2532,0.7102,
P00519,13605915,Personnel 0519,Constable,True,U016,border,hard_area,1993-04-22,2019-08-26,7.01,2025-08-10,False,0.7134,0.4157,
P00520,32068808,Personnel 0520,Head Constable,True,U009,training,static_station,1997-07-29,2022-02-05,4.57,2025-01-28,True,0.3855,0.5918,
P00521,52970465,Personnel 0521,Constable,True,U014,urban_static,static_station,1995-03-30,2018-08-03,8.08,2024-07-04,True,0.3566,0.4939,
P00522,95663501,Personnel 0522,Sub-Inspector,False,U006,border,field,1983-02-03,2009-11-23,16.77,2025-10-14,True,0.6739,0.56,
P00523,67685727,Personnel 0523,Constable,True,U012,insurgency_affected,field,1997-04-12,2021-11-19,4.78,2026-06-12,False,0.7195,0.5992,
P00524,71615137,Personnel 0524,Sub-Inspector,False,U009,training,static_station,2000-01-13,2024-03-10,2.48,2025-07-24,False,0.3855,0.347,
P00525,75738696,Personnel 0525,Constable,True,U009,training,field,2000-05-08,2021-05-25,5.27,2026-06-30,True,0.3855,0.44,
P00526,48976291,Personnel 0526,Constable,True,U016,border,field,1989-06-01,2012-08-20,14.03,2025-05-13,False,0.7134,0.6335,planned_surge
P00527,37208016,Personnel 0527,Sub-Inspector,False,U005,border,field,1981-01-26,2006-05-28,20.26,2025-04-18,True,0.7572,0.3513,
P00528,70199818,Personnel 0528,Constable,True,U011,border,field,1989-05-06,2013-07-27,13.1,2024-10-08,False,0.6385,0.2536,
P00529,72502106,Personnel 0529,Sub-Inspector,False,U015,insurgency_affected,hard_area,2002-12-11,2024-10-15,1.88,2024-11-25,True,0.8363,0.4123,
P00530,75657697,Personnel 0530,Constable,True,U010,insurgency_affected,hard_area,1984-08-19,2009-11-24,16.77,2024-09-07,False,0.8355,0.4445,
P00531,43283689,Personnel 0531,Constable,True,U014,urban_static,static_station,1996-10-19,2019-07-09,7.15,2023-12-28,False,0.3566,0.4416,
P00532,18230374,Personnel 0532,Constable,True,U006,border,hard_area,1995-11-24,2021-12-14,4.71,2024-12-02,True,0.6739,0.4044,
P00533,32898935,Personnel 0533,Constable,True,U006,border,field,1997-12-17,2019-11-14,6.8,2024-03-14,True,0.6739,0.3343,
P00534,37959681,Personnel 0534,Assistant Sub-Inspector,True,U008,border,field,1995-03-19,2019-01-19,7.61,2025-11-05,False,0.5738,0.2767,
P00535,88416774,Personnel 0535,Head Constable,True,U009,training,static_station,1985-06-17,2010-06-29,16.17,2023-09-22,False,0.3855,0.5836,course_attendee
P00536,86691774,Personnel 0536,Head Constable,True,U015,insurgency_affected,hard_area,1989-09-25,2011-05-19,15.29,2025-06-23,True,0.8363,0.3799,
P00537,14229184,Personnel 0537,Sub-Inspector,False,U013,border,static_station,1998-09-10,2020-01-13,6.63,2025-04-03,False,0.5538,0.7273,
P00538,20119429,Personnel 0538,Constable,True,U007,training,static_station,1995-09-29,2021-12-18,4.7,2023-07-17,False,0.2532,0.6988,
P00539,25514373,Personnel 0539,Constable,True,U008,border,field,1987-02-05,2011-05-20,15.28,2025-02-13,False,0.5738,0.4173,
P00540,75444300,Personnel 0540,Head Constable,True,U005,border,field,1994-05-28,2019-09-22,6.94,2025-08-02,True,0.7572,0.46,
P00541,46252740,Personnel 0541,Constable,True,U015,insurgency_affected,hard_area,1999-10-11,2023-05-10,3.31,2024-06-28,False,0.8363,0.6216,
P00542,59615091,Personnel 0542,Sub-Inspector,False,U002,insurgency_affected,hard_area,1998-05-29,2025-03-24,1.44,2025-04-24,False,0.782,0.4509,
P00543,77861691,Personnel 0543,Head Constable,True,U009,training,static_station,1996-11-05,2022-06-13,4.22,2024-05-20,True,0.3855,0.2591,
P00544,36675158,Personnel 0544,Constable,True,U014,urban_static,static_station,1980-09-02,2005-07-07,21.15,2025-02-06,True,0.3566,0.4354,
P00545,11034682,Personnel 0545,Constable,True,U014,urban_static,field,2000-05-18,2025-03-05,1.49,2026-07-17,True,0.3566,0.8629,
P00546,39457924,Personnel 0546,Constable,True,U008,border,hard_area,2001-04-16,2025-03-11,1.47,2025-06-01,True,0.5738,0.64,
P00547,61131728,Personnel 0547,Constable,True,U012,insurgency_affected,hard_area,1998-09-03,2022-10-31,3.83,2024-11-05,False,0.7195,0.5381,
P00548,13130943,Personnel 0548,Constable,True,U007,training,static_station,1991-11-14,2013-12-17,12.71,2024-02-10,False,0.2532,0.3713,
P00549,45107046,Personnel 0549,Commandant,False,U011,border,field,1996-03-02,2022-11-12,3.8,2023-06-23,False,0.6385,0.6997,
P00550,77515246,Personnel 0550,Commandant,False,U008,border,field,1989-09-17,2014-05-17,12.29,2024-12-28,False,0.5738,0.6867,
P00551,87039712,Personnel 0551,Head Constable,True,U015,insurgency_affected,field,1989-11-22,2013-07-15,13.13,2023-05-20,True,0.8363,0.9488,
P00552,88285602,Personnel 0552,Sub-Inspector,False,U014,urban_static,field,2000-12-01,2023-01-27,3.59,2026-02-20,False,0.3566,0.6509,
P00553,11889760,Personnel 0553,Constable,True,U013,border,hard_area,2003-12-02,2025-03-08,1.48,2025-04-07,True,0.5538,0.3901,
P00554,71335748,Personnel 0554,Constable,True,U003,urban_static,field,1987-06-03,2010-01-10,16.64,2023-10-24,False,0.3722,0.5068,
P00555,93042245,Personnel 0555,Assistant Sub-Inspector,True,U015,insurgency_affected,hard_area,1990-08-02,2012-03-08,14.48,2024-09-25,True,0.8363,0.8445,
P00556,38163089,Personnel 0556,Head Constable,True,U004,urban_static,static_station,1992-12-29,2018-02-11,8.55,2025-11-28,True,0.4395,0.4163,
P00557,31943636,Personnel 0557,Constable,True,U009,training,field,1997-12-25,2023-09-23,2.94,2023-10-23,True,0.3855,0.4374,
P00558,37033633,Personnel 0558,Head Constable,True,U006,border,hard_area,1989-08-04,2014-09-28,11.92,2025-06-15,False,0.6739,0.6428,
P00559,23660616,Personnel 0559,Assistant Sub-Inspector,True,U006,border,hard_area,1990-01-16,2016-10-24,9.85,2026-05-11,True,0.6739,0.6325,
P00560,95538585,Personnel 0560,Head Constable,True,U008,border,field,1990-09-08,2017-03-29,9.42,2025-03-17,False,0.5738,0.826,
P00561,11453559,Personnel 0561,Constable,True,U002,insurgency_affected,hard_area,1993-09-18,2018-06-07,8.23,2025-10-31,True,0.782,0.1552,
P00562,56219096,Personnel 0562,Deputy Commandant,False,U007,training,static_station,1998-05-13,2021-07-22,5.11,2024-07-10,False,0.2532,0.6744,
P00563,97191202,Personnel 0563,Inspector,False,U009,training,static_station,1993-05-25,2020-05-05,6.32,2023-10-10,False,0.3855,0.627,
P00564,23796828,Personnel 0564,Assistant Sub-Inspector,True,U015,insurgency_affected,hard_area,1998-06-15,2022-08-14,4.05,2025-11-11,True,0.8363,0.4154,
P00565,75930885,Personnel 0565,Constable,True,U016,border,hard_area,1994-08-31,2021-06-16,5.21,2023-12-18,False,0.7134,0.7023,
P00566,28958389,Personnel 0566,Constable,True,U010,insurgency_affected,hard_area,1977-01-05,1998-01-07,28.65,2026-06-06,False,0.8355,0.5806,
P00567,43925826,Personnel 0567,Constable,True,U006,border,field,2001-09-23,2025-05-22,1.28,2025-11-21,False,0.6739,0.4207,planned_surge
P00568,27609181,Personnel 0568,Constable,True,U011,border,hard_area,2000-05-16,2021-12-13,4.72,2025-04-17,True,0.6385,0.5046,
P00569,39338311,Personnel 0569,Deputy Commandant,False,U013,border,hard_area,1975-08-29,1998-12-04,27.74,2025-06-02,False,0.5538,0.5166,
P00570,69284802,Personnel 0570,Constable,True,U007,training,static_station,1990-06-19,2015-12-08,10.73,2023-09-25,True,0.2532,0.3478,
P00571,16157299,Personnel 0571,Constable,True,U015,insurgency_affected,hard_area,1995-03-25,2020-10-02,5.91,2025-01-03,True,0.8363,0.585,
P00572,62372719,Personnel 0572,Constable,True,U002,insurgency_affected,hard_area,1994-03-31,2019-11-10,6.81,2025-08-08,True,0.782,0.3717,
P00573,57558360,Personnel 0573,Head Constable,True,U011,border,field,1997-08-17,2021-10-05,4.9,2023-07-01,True,0.6385,0.4768,
P00574,43140669,Personnel 0574,Commandant,False,U007,training,static_station,1984-04-09,2010-12-26,15.68,2025-04-25,False,0.2532,0.691,
P00575,20828678,Personnel 0575,Constable,True,U012,insurgency_affected,hard_area,2000-03-21,2024-08-03,2.08,2026-04-04,True,0.7195,0.3609,
P00576,84486438,Personnel 0576,Constable,True,U015,insurgency_affected,hard_area,2000-11-14,2024-05-10,2.31,2024-06-10,False,0.8363,0.3665,
P00577,87510480,Personnel 0577,Head Constable,True,U015,insurgency_affected,hard_area,1999-05-03,2025-06-24,1.19,2025-10-10,True,0.8363,0.4744,
P00578,56180934,Personnel 0578,Constable,True,U011,border,field,1992-04-15,2018-09-08,7.98,2024-12-18,False,0.6385,0.6111,
P00579,86561349,Personnel 0579,Head Constable,True,U014,urban_static,field,1996-04-21,2017-05-24,9.27,2023-07-23,False,0.3566,0.6702,
P00580,29278537,Personnel 0580,Constable,True,U012,insurgency_affected,hard_area,1997-09-07,2020-09-21,5.94,2023-10-29,True,0.7195,0.5813,training_cadre
P00581,48397867,Personnel 0581,Constable,True,U001,urban_static,field,1996-07-28,2021-06-30,5.17,2026-06-29,True,0.5535,0.5713,
P00582,32115729,Personnel 0582,Constable,True,U010,insurgency_affected,hard_area,1993-03-14,2014-08-25,12.02,2024-01-11,True,0.8355,0.2449,
P00583,14031791,Personnel 0583,Assistant Commandant,False,U001,urban_static,static_station,2000-11-27,2025-03-01,1.5,2026-07-30,False,0.5535,0.5788,
P00584,97847810,Personnel 0584,Head Constable,True,U008,border,field,1998-09-22,2023-02-15,3.54,2024-06-02,False,0.5738,0.665,
P00585,31179025,Personnel 0585,Head Constable,True,U016,border,field,1994-05-09,2018-05-18,8.29,2025-12-18,True,0.7134,0.1524,
P00586,91887990,Personnel 0586,Commandant,False,U010,insurgency_affected,static_station,1990-01-10,2015-06-18,11.2,2025-07-07,False,0.8355,0.4983,
P00587,15639837,Personnel 0587,Constable,True,U003,urban_static,static_station,1991-01-29,2012-08-03,14.08,2026-01-15,False,0.3722,0.6395,
P00588,99032548,Personnel 0588,Constable,True,U006,border,field,1996-02-07,2017-09-04,8.99,2025-08-29,False,0.6739,0.5644,
P00589,11949118,Personnel 0589,Commandant,False,U004,urban_static,static_station,1994-05-15,2019-06-17,7.21,2026-01-04,False,0.4395,0.4515,
P00590,83771904,Personnel 0590,Head Constable,True,U013,border,field,1994-10-15,2016-05-22,10.28,2025-02-12,True,0.5538,0.2947,
P00591,47394118,Personnel 0591,Assistant Sub-Inspector,True,U013,border,static_station,1997-05-25,2020-03-26,6.43,2025-12-20,False,0.5538,0.658,
P00592,83151011,Personnel 0592,Head Constable,True,U010,insurgency_affected,hard_area,1992-02-21,2017-01-10,9.64,2025-07-21,True,0.8355,0.6331,
P00593,85724341,Personnel 0593,Constable,True,U005,border,field,1996-09-14,2018-04-08,8.4,2024-05-14,False,0.7572,0.3444,
P00594,49107417,Personnel 0594,Head Constable,True,U007,training,field,1990-03-04,2015-04-04,11.41,2025-10-27,True,0.2532,0.2307,
P00595,19584274,Personnel 0595,Assistant Sub-Inspector,True,U004,urban_static,static_station,2001-05-21,2023-12-22,2.69,2025-03-02,False,0.4395,0.2759,
P00596,89763675,Personnel 0596,Assistant Sub-Inspector,True,U009,training,static_station,1995-10-05,2019-06-22,7.19,2026-02-05,False,0.3855,0.5301,
P00597,48745011,Personnel 0597,Sub-Inspector,False,U014,urban_static,field,1995-03-14,2017-02-24,9.52,2024-09-16,False,0.3566,0.5159,
P00598,36005229,Personnel 0598,Assistant Sub-Inspector,True,U001,urban_static,field,1993-05-25,2015-06-06,11.24,2025-12-01,False,0.5535,0.2696,
P00599,60448302,Personnel 0599,Constable,True,U012,insurgency_affected,hard_area,1999-02-05,2021-08-11,5.06,2025-05-03,False,0.7195,0.1939,
P00600,40054839,Personnel 0600,Sub-Inspector,False,U009,training,field,1998-12-25,2021-04-24,5.35,2025-07-02,False,0.3855,0.5413,
P00601,61542443,Personnel 0601,Sub-Inspector,False,U003,urban_static,static_station,1993-04-21,2019-04-20,7.37,2024-11-25,False,0.3722,0.6421,
P00602,33931069,Personnel 0602,Constable,True,U014,urban_static,static_station,1999-12-02,2025-05-10,1.31,2025-06-09,False,0.3566,0.4026,planned_surge
P00603,61807713,Personnel 0603,Inspector,False,U013,border,hard_area,1980-08-05,2003-10-21,22.86,2025-10-30,False,0.5538,0.6671,
P00604,34522848,Personnel 0604,Assistant Sub-Inspector,True,U006,border,hard_area,1992-08-18,2019-01-01,7.66,2025-10-05,True,0.6739,0.425,
P00605,41910078,Personnel 0605,Inspector,False,U005,border,field,1989-07-24,2012-02-04,14.57,2025-05-06,False,0.7572,0.6814,
P00606,52910302,Personnel 0606,Head Constable,True,U014,urban_static,static_station,1996-04-25,2021-03-05,5.49,2025-05-26,False,0.3566,0.3552,
P00607,99702785,Personnel 0607,Constable,True,U005,border,field,1995-10-24,2019-08-23,7.02,2023-05-28,False,0.7572,0.3972,
P00608,49842826,Personnel 0608,Constable,True,U009,training,hard_area,1995-05-13,2018-02-08,8.56,2025-02-22,False,0.3855,0.9078,
P00609,51288134,Personnel 0609,Constable,True,U003,urban_static,static_station,1988-10-08,2010-08-27,16.01,2026-01-15,False,0.3722,0.5536,
P00610,27865633,Personnel 0610,Sub-Inspector,False,U009,training,static_station,2000-12-29,2024-08-21,2.03,2024-09-20,True,0.3855,0.6423,
P00611,61399448,Personnel 0611,Assistant Sub-Inspector,True,U005,border,hard_area,1993-08-03,2015-06-19,11.2,2023-01-10,True,0.7572,0.2597,
P00612,85228763,Personnel 0612,Constable,True,U012,insurgency_affected,field,1985-10-13,2011-12-25,14.69,2026-02-24,False,0.7195,0.6715,
P00613,71905445,Personnel 0613,Sub-Inspector,False,U014,urban_static,static_station,1997-07-28,2021-10-19,4.87,2026-07-29,True,0.3566,0.6437,
P00614,92223979,Personnel 0614,Head Constable,True,U006,border,hard_area,2000-09-23,2022-07-24,4.11,2025-10-27,True,0.6739,0.6644,
P00615,78568042,Personnel 0615,Constable,True,U001,urban_static,field,1995-05-12,2017-11-17,8.79,2024-03-24,False,0.5535,0.4033,
P00616,31512809,Personnel 0616,Head Constable,True,U006,border,field,1996-01-08,2017-03-05,9.49,2025-08-23,False,0.6739,0.3782,
P00617,56604975,Personnel 0617,Head Constable,True,U009,training,field,1996-07-30,2020-07-10,6.14,2024-03-14,False,0.3855,0.4419,
P00618,51609547,Personnel 0618,Assistant Sub-Inspector,True,U008,border,field,2000-11-18,2023-10-16,2.88,2024-01-11,True,0.5738,0.3262,
P00619,90771812,Personnel 0619,Assistant Sub-Inspector,True,U014,urban_static,static_station,1998-01-18,2024-10-04,1.91,2024-11-03,False,0.3566,0.542,
P00620,73415840,Personnel 0620,Head Constable,True,U002,insurgency_affected,hard_area,1993-03-24,2018-04-15,8.38,2025-10-11,False,0.782,0.2682,
P00621,67407640,Personnel 0621,Constable,True,U001,urban_static,hard_area,1997-06-11,2019-02-07,7.56,2025-07-10,True,0.5535,0.2993,
P00622,33386429,Personnel 0622,Head Constable,True,U007,training,static_station,1999-11-27,2024-07-04,2.16,2024-10-26,False,0.2532,0.667,
P00623,74734182,Personnel 0623,Assistant Sub-Inspector,True,U008,border,field,2002-11-12,2025-05-16,1.29,2025-06-15,True,0.5738,0.02,
P00624,81104690,Personnel 0624,Head Constable,True,U001,urban_static,static_station,1997-07-30,2024-02-17,2.54,2024-03-18,False,0.5535,0.646,
P00625,17402877,Personnel 0625,Commandant,False,U002,insurgency_affected,hard_area,2000-08-27,2022-05-13,4.3,2025-09-04,False,0.782,0.3271,recent_return
P00626,65260384,Personnel 0626,Head Constable,True,U004,urban_static,static_station,1999-01-04,2023-02-02,3.58,2025-09-24,False,0.4395,0.7692,
P00627,16066137,Personnel 0627,Constable,True,U010,insurgency_affected,hard_area,1999-05-12,2020-10-18,5.87,2024-12-31,True,0.8355,0.5062,
P00628,16407464,Personnel 0628,Constable,True,U008,border,hard_area,1978-04-16,2001-07-27,25.1,2025-07-17,True,0.5738,0.4461,
P00629,91129132,Personnel 0629,Constable,True,U002,insurgency_affected,field,2001-08-18,2024-10-02,1.91,2025-10-16,True,0.782,0.8254,
P00630,30486526,Personnel 0630,Sub-Inspector,False,U003,urban_static,static_station,1990-03-08,2014-07-18,12.12,2025-11-29,False,0.3722,0.8481,
P00631,76315132,Personnel 0631,Inspector,False,U002,insurgency_affected,hard_area,1987-09-21,2012-07-05,14.16,2023-12-20,True,0.782,0.3202,
P00632,56625785,Personnel 0632,Head Constable,True,U008,border,static_station,1981-08-09,2005-02-05,21.57,2023-10-14,True,0.5738,0.4112,
P00633,93740808,Personnel 0633,Constable,True,U001,urban_static,static_station,1989-11-14,2015-12-02,10.75,2024-07-19,False,0.5535,0.4953,
P00634,95535432,Personnel 0634,Constable,True,U009,training,static_station,1990-06-11,2012-05-07,14.32,2024-07-08,False,0.3855,0.6775,planned_surge
P00635,15667378,Personnel 0635,Constable,True,U012,insurgency_affected,field,2001-09-24,2023-07-27,3.1,2026-06-25,False,0.7195,0.4492,
P00636,17923189,Personnel 0636,Constable,True,U007,training,static_station,1985-06-14,2011-09-12,14.97,2025-09-21,False,0.2532,0.573,
P00637,39783819,Personnel 0637,Constable,True,U008,border,field,1997-12-15,2021-12-18,4.7,2025-10-23,False,0.5738,0.3491,
P00638,73514798,Personnel 0638,Constable,True,U007,training,field,1996-08-21,2019-10-03,6.91,2026-06-08,False,0.2532,0.4687,
P00639,44752985,Personnel 0639,Constable,True,U012,insurgency_affected,hard_area,2001-01-25,2023-11-10,2.81,2025-06-01,True,0.7195,0.5573,
P00640,85003476,Personnel 0640,Constable,True,U004,urban_static,static_station,1997-03-02,2022-12-19,3.7,2024-09-14,False,0.4395,0.8082,course_attendee
P00641,68889308,Personnel 0641,Constable,True,U006,border,hard_area,1999-07-02,2021-11-18,4.79,2025-01-03,True,0.6739,0.2949,
P00642,82083042,Personnel 0642,Assistant Sub-Inspector,True,U007,training,static_station,1995-01-05,2021-07-31,5.09,2026-02-02,False,0.2532,0.5202,
P00643,57658307,Personnel 0643,Head Constable,True,U015,insurgency_affected,hard_area,2000-04-20,2022-12-31,3.67,2023-12-10,True,0.8363,0.4746,
P00644,76929133,Personnel 0644,Constable,True,U003,urban_static,static_station,1996-03-28,2020-07-18,6.12,2026-01-17,False,0.3722,0.3003,
P00645,51821589,Personnel 0645,Constable,True,U005,border,static_station,1996-09-17,2019-10-09,6.9,2025-12-25,True,0.7572,0.2653,
P00646,68101376,Personnel 0646,Sub-Inspector,False,U014,urban_static,static_station,1991-08-02,2017-06-23,9.19,2025-05-06,False,0.3566,0.0834,
P00647,24899539,Personnel 0647,Assistant Commandant,False,U003,urban_static,static_station,1999-07-22,2023-01-02,3.66,2026-01-10,False,0.3722,0.3747,
P00648,65730479,Personnel 0648,Sub-Inspector,False,U006,border,field,1981-11-21,2005-03-14,21.47,2026-01-15,True,0.6739,0.8505,
P00649,33016278,Personnel 0649,Constable,True,U013,border,hard_area,2003-06-09,2024-09-04,1.99,2024-12-09,True,0.5538,0.7677,
P00650,15703360,Personnel 0650,Assistant Sub-Inspector,True,U009,training,static_station,1992-09-29,2018-03-09,8.48,2024-11-24,True,0.3855,0.6986,
P00651,84435027,Personnel 0651,Head Constable,True,U002,insurgency_affected,field,1991-10-10,2013-11-05,12.82,2024-03-28,True,0.782,0.4722,
P00652,73634710,Personnel 0652,Sub-Inspector,False,U003,urban_static,static_station,1997-08-05,2020-09-01,6.0,2024-06-17,False,0.3722,0.3117,
P00653,67630291,Personnel 0653,Assistant Commandant,False,U002,insurgency_affected,field,1987-08-05,2008-11-02,17.83,2024-11-25,False,0.782,0.7327,
P00654,70563838,Personnel 0654,Constable,True,U001,urban_static,static_station,1997-02-24,2020-05-03,6.33,2023-07-20,False,0.5535,0.558,
P00655,32306777,Personnel 0655,Constable,True,U014,urban_static,static_station,1986-07-11,2010-09-30,15.92,2026-01-12,True,0.3566,0.7351,
P00656,51863325,Personnel 0656,Assistant Sub-Inspector,True,U015,insurgency_affected,hard_area,2000-01-31,2024-01-09,2.64,2024-09-11,False,0.8363,0.351,
P00657,13850163,Personnel 0657,Head Constable,True,U004,urban_static,static_station,1991-12-30,2013-10-25,12.85,2025-10-31,False,0.4395,0.6169,
P00658,18587728,Personnel 0658,Inspector,False,U011,border,hard_area,1997-07-22,2023-12-23,2.69,2025-02-15,True,0.6385,0.4308,
P00659,47003549,Personnel 0659,Constable,True,U007,training,static_station,1990-05-23,2012-06-14,14.21,2025-11-07,False,0.2532,0.3404,
P00660,24358421,Personnel 0660,Assistant Sub-Inspector,True,U007,training,static_station,1983-08-13,2006-07-23,20.11,2025-03-03,False,0.2532,0.7351,training_cadre
P00661,24925772,Personnel 0661,Assistant Sub-Inspector,True,U001,urban_static,static_station,1987-09-11,2012-10-02,13.91,2024-01-07,False,0.5535,0.3129,
P00662,67540686,Personnel 0662,Constable,True,U016,border,hard_area,1994-04-14,2017-02-25,9.51,2025-08-10,False,0.7134,0.6667,
P00663,52308041,Personnel 0663,Head Constable,True,U002,insurgency_affected,field,1990-11-08,2013-07-29,13.09,2023-09-18,False,0.782,0.3826,
P00664,82260276,Personnel 0664,Head Constable,True,U004,urban_static,static_station,2002-06-16,2024-03-29,2.42,2024-04-29,False,0.4395,0.3427,
P00665,45722636,Personnel 0665,Constable,True,U002,insurgency_affected,field,1981-10-20,2005-09-04,20.99,2025-05-15,True,0.782,0.612,
P00666,94076159,Personnel 0666,Constable,True,U004,urban_static,static_station,1985-04-26,2007-11-24,18.77,2025-12-13,False,0.4395,0.466,
P00667,96280139,Personnel 0667,Head Constable,True,U008,border,field,1991-04-16,2017-06-10,9.23,2024-10-17,False,0.5738,0.5546,
P00668,60641029,Personnel 0668,Head Constable,True,U007,training,field,1996-05-12,2018-01-18,8.62,2024-08-29,True,0.2532,0.6223,
P00669,66715635,Personnel 0669,Constable,True,U008,border,hard_area,1987-10-12,2011-07-28,15.1,2026-02-14,True,0.5738,0.2377,
P00670,18549080,Personnel 0670,Deputy Commandant,False,U014,urban_static,field,1996-11-07,2019-02-05,7.57,2025-02-23,False,0.3566,0.5255,
P00671,39581349,Personnel 0671,Constable,True,U004,urban_static,static_station,1996-05-18,2020-09-08,5.98,2026-06-05,False,0.4395,0.4575,
P00672,29238784,Personnel 0672,Constable,True,U008,border,hard_area,2001-03-22,2024-01-29,2.59,2024-02-29,True,0.5738,0.5176,
P00673,83643819,Personnel 0673,Constable,True,U007,training,static_station,2003-02-20,2024-09-09,1.97,2024-10-10,False,0.2532,0.5668,
P00674,92807168,Personnel 0674,Head Constable,True,U009,training,static_station,1996-05-23,2017-06-20,9.2,2026-07-03,False,0.3855,0.1732,
P00675,25444630,Personnel 0675,Assistant Sub-Inspector,True,U002,insurgency_affected,field,1995-10-31,2017-05-09,9.31,2026-04-14,True,0.782,0.8208,
P00676,75777091,Personnel 0676,Constable,True,U010,insurgency_affected,field,1997-12-22,2022-04-06,4.4,2024-01-30,True,0.8355,0.5073,
P00677,74613804,Personnel 0677,Constable,True,U001,urban_static,static_station,1997-10-23,2023-02-26,3.51,2024-11-12,False,0.5535,0.5336,
P00678,95524346,Personnel 0678,Sub-Inspector,False,U005,border,field,1991-10-13,2015-03-25,11.44,2024-08-29,False,0.7572,0.8841,
P00679,78612036,Personnel 0679,Constable,True,U014,urban_static,static_station,1989-03-15,2010-08-21,16.03,2024-12-05,True,0.3566,0.5077,
P00680,42408306,Personnel 0680,Head Constable,True,U016,border,hard_area,2002-12-03,2025-08-21,1.03,2025-09-20,False,0.7134,0.5566,training_cadre
P00681,27607199,Personnel 0681,Assistant Sub-Inspector,True,U004,urban_static,static_station,1984-05-19,2006-10-07,19.9,2023-05-28,False,0.4395,0.0382,
P00682,42705649,Personnel 0682,Inspector,False,U010,insurgency_affected,hard_area,1983-06-06,2009-09-12,16.97,2025-10-07,True,0.8355,0.669,
P00683,87357772,Personnel 0683,Head Constable,True,U008,border,hard_area,2002-11-16,2025-10-31,0.83,2026-02-26,True,0.5738,0.2957,planned_surge
P00684,15991673,Personnel 0684,Head Constable,True,U010,insurgency_affected,hard_area,1998-08-17,2023-10-12,2.89,2024-06-27,True,0.8355,0.7237,
P00685,85535187,Personnel 0685,Assistant Sub-Inspector,True,U003,urban_static,static_station,2000-01-29,2024-07-13,2.13,2025-01-10,False,0.3722,0.4865,
P00686,51373825,Personnel 0686,Constable,True,U016,border,hard_area,1996-08-18,2023-01-17,3.62,2025-05-12,False,0.7134,0.7423,
P00687,37863661,Personnel 0687,Assistant Sub-Inspector,True,U005,border,hard_area,2001-09-24,2022-12-05,3.74,2026-05-04,False,0.7572,0.6435,course_attendee
P00688,11568852,Personnel 0688,Assistant Sub-Inspector,True,U007,training,static_station,1987-05-08,2011-12-07,14.73,2025-12-28,False,0.2532,0.5972,
P00689,35933054,Personnel 0689,Inspector,False,U006,border,field,1987-10-09,2009-12-17,16.7,2025-04-13,True,0.6739,0.439,
P00690,61846306,Personnel 0690,Sub-Inspector,False,U015,insurgency_affected,hard_area,1990-06-26,2013-02-21,13.52,2023-09-09,True,0.8363,0.609,
P00691,55524060,Personnel 0691,Constable,True,U001,urban_static,static_station,2001-02-03,2025-04-24,1.35,2025-05-24,False,0.5535,0.5998,
P00692,60171383,Personnel 0692,Head Constable,True,U007,training,field,1998-03-03,2019-08-26,7.02,2024-10-19,True,0.2532,0.396,
P00693,80815863,Personnel 0693,Constable,True,U013,border,hard_area,1995-11-28,2019-07-04,7.16,2023-03-30,False,0.5538,0.8229,
P00694,89534796,Personnel 0694,Head Constable,True,U009,training,static_station,1997-01-24,2022-10-08,3.9,2026-07-30,False,0.3855,0.4234,
P00695,24608988,Personnel 0695,Assistant Sub-Inspector,True,U015,insurgency_affected,hard_area,1995-02-14,2017-01-28,9.59,2024-10-07,True,0.8363,0.413,
P00696,60855116,Personnel 0696,Constable,True,U007,training,static_station,1995-11-30,2018-09-15,7.96,2025-07-02,False,0.2532,0.4849,
P00697,74336135,Personnel 0697,Sub-Inspector,False,U004,urban_static,static_station,1991-08-02,2018-06-13,8.22,2024-09-17,False,0.4395,0.6703,
P00698,78046161,Personnel 0698,Constable,True,U003,urban_static,static_station,1990-08-24,2014-06-10,12.22,2024-09-28,True,0.3722,0.5773,
P00699,38433928,Personnel 0699,Constable,True,U004,urban_static,static_station,2000-08-02,2024-12-05,1.74,2025-04-05,False,0.4395,0.9449,
P00700,16273094,Personnel 0700,Constable,True,U003,urban_static,static_station,2002-08-19,2024-09-12,1.97,2024-10-12,False,0.3722,0.4882,
P00701,59758835,Personnel 0701,Constable,True,U012,insurgency_affected,hard_area,1985-06-09,2010-11-28,15.76,2024-09-07,False,0.7195,0.5675,
P00702,89515007,Personnel 0702,Head Constable,True,U003,urban_static,static_station,1997-06-16,2018-11-24,7.77,2024-12-20,True,0.3722,0.601,
P00703,55813180,Personnel 0703,Constable,True,U014,urban_static,static_station,1985-03-22,2007-12-02,18.75,2026-04-17,False,0.3566,0.531,
P00704,62425471,Personnel 0704,Sub-Inspector,False,U001,urban_static,field,1983-12-19,2010-06-20,16.2,2026-03-07,False,0.5535,0.2985,recent_return
P00705,31813801,Personnel 0705,Constable,True,U003,urban_static,static_station,1990-07-12,2015-12-29,10.67,2025-10-13,False,0.3722,0.5808,
P00706,17473394,Personnel 0706,Head Constable,True,U010,insurgency_affected,hard_area,1995-05-30,2021-11-05,4.82,2025-02-26,True,0.8355,0.7096,
P00707,67658232,Personnel 0707,Head Constable,True,U002,insurgency_affected,hard_area,1994-12-28,2020-03-25,6.43,2026-04-12,False,0.782,0.6601,
P00708,77159189,Personnel 0708,Assistant Sub-Inspector,True,U004,urban_static,field,1999-10-20,2021-07-06,5.15,2024-04-20,False,0.4395,0.7693,
P00709,24426322,Personnel 0709,Constable,True,U005,border,field,2000-10-18,2022-03-15,4.46,2025-11-30,True,0.7572,0.4151,
P00710,57872414,Personnel 0710,Head Constable,True,U003,urban_static,static_station,1998-09-17,2019-12-16,6.71,2024-02-03,True,0.3722,0.7986,
P00711,25891771,Personnel 0711,Constable,True,U003,urban_static,static_station,1990-01-27,2013-03-16,13.46,2024-11-03,False,0.3722,0.4887,
P00712,25244643,Personnel 0712,Assistant Commandant,False,U015,insurgency_affected,hard_area,1986-02-23,2010-02-08,16.56,2026-05-08,True,0.8363,0.5204,
P00713,75755325,Personnel 0713,Assistant Sub-Inspector,True,U008,border,hard_area,1999-02-15,2024-12-23,1.69,2026-01-08,True,0.5738,0.6417,
P00714,18399960,Personnel 0714,Assistant Commandant,False,U015,insurgency_affected,field,1996-06-25,2021-09-04,4.99,2025-06-17,True,0.8363,0.504,
P00715,89581572,Personnel 0715,Constable,True,U004,urban_static,static_station,2004-07-03,2025-11-21,0.78,2026-06-18,True,0.4395,0.6927,
P00716,10365764,Personnel 0716,Head Constable,True,U007,training,static_station,1983-12-16,2009-11-14,16.8,2025-07-02,True,0.2532,0.5373,
P00717,32388934,Personnel 0717,Sub-Inspector,False,U010,insurgency_affected,hard_area,1991-09-10,2012-12-06,13.74,2026-02-24,True,0.8355,0.4168,
P00718,93708387,Personnel 0718,Constable,True,U001,urban_static,static_station,1992-04-13,2018-01-19,8.62,2026-04-11,False,0.5535,0.7033,training_cadre
P00719,42300193,Personnel 0719,Constable,True,U010,insurgency_affected,field,1996-09-01,2022-05-28,4.26,2023-11-26,True,0.8355,0.4751,
P00720,58143007,Personnel 0720,Constable,True,U009,training,static_station,1996-05-14,2020-12-02,5.75,2023-10-08,False,0.3855,0.5641,
P00721,49178880,Personnel 0721,Assistant Sub-Inspector,True,U010,insurgency_affected,hard_area,1978-10-03,2003-09-25,22.93,2023-12-17,True,0.8355,0.5182,
P00722,14650514,Personnel 0722,Assistant Sub-Inspector,True,U001,urban_static,field,1992-08-31,2019-07-30,7.09,2024-10-21,False,0.5535,0.6092,
P00723,38377174,Personnel 0723,Inspector,False,U007,training,static_station,1992-06-29,2017-12-19,8.7,2026-06-25,False,0.2532,0.4514,
P00724,32625900,Personnel 0724,Head Constable,True,U011,border,static_station,2002-06-23,2024-12-13,1.71,2025-03-05,True,0.6385,0.5242,
P00725,80542069,Personnel 0725,Constable,True,U003,urban_static,static_station,2003-05-15,2025-09-07,0.98,2025-10-07,False,0.3722,0.3238,
P00726,86821812,Personnel 0726,Constable,True,U001,urban_static,static_station,2001-09-25,2024-04-22,2.36,2024-10-25,False,0.5535,0.6561,
P00727,24093982,Personnel 0727,Sub-Inspector,False,U006,border,field,1996-01-26,2022-12-12,3.72,2024-01-23,False,0.6739,0.1527,
P00728,76242879,Personnel 0728,Head Constable,True,U015,insurgency_affected,hard_area,1996-12-17,2021-11-06,4.82,2025-07-03,True,0.8363,0.6078,
P00729,36928327,Personnel 0729,Assistant Sub-Inspector,True,U004,urban_static,static_station,1994-02-18,2020-11-21,5.77,2024-11-02,False,0.4395,0.6275,
P00730,54152239,Personnel 0730,Constable,True,U009,training,static_station,1991-08-15,2015-12-27,10.68,2024-10-24,True,0.3855,0.3486,
P00731,46269708,Personnel 0731,Sub-Inspector,False,U003,urban_static,static_station,2002-06-19,2025-06-30,1.17,2025-07-31,False,0.3722,0.5777,
P00732,61714015,Personnel 0732,Sub-Inspector,False,U009,training,static_station,1992-06-16,2013-11-12,12.8,2025-10-24,True,0.3855,0.5128,
P00733,50322679,Personnel 0733,Constable,True,U001,urban_static,static_station,2003-02-20,2025-08-01,1.08,2025-08-31,False,0.5535,0.6,
P00734,12791059,Personnel 0734,Constable,True,U006,border,field,2002-02-16,2023-06-15,3.21,2026-02-20,True,0.6739,0.3907,
P00735,55575017,Personnel 0735,Constable,True,U014,urban_static,static_station,2003-12-05,2025-11-14,0.8,2026-01-15,False,0.3566,0.5955,
P00736,50236289,Personnel 0736,Constable,True,U002,insurgency_affected,field,1993-09-27,2019-01-16,7.62,2025-07-12,False,0.782,0.5445,
P00737,81110066,Personnel 0737,Assistant Sub-Inspector,True,U009,training,static_station,1987-05-17,2012-02-18,14.53,2025-09-11,True,0.3855,0.3632,
P00738,55170118,Personnel 0738,Inspector,False,U001,urban_static,static_station,1986-06-04,2011-12-28,14.68,2024-08-07,False,0.5535,0.4524,
P00739,96404733,Personnel 0739,Constable,True,U014,urban_static,static_station,1990-05-24,2016-02-15,10.54,2025-09-26,False,0.3566,0.3905,
P00740,52415090,Personnel 0740,Assistant Sub-Inspector,True,U007,training,static_station,1995-08-13,2018-09-25,7.93,2025-08-27,True,0.2532,0.486,
P00741,58151076,Personnel 0741,Sub-Inspector,False,U014,urban_static,static_station,1996-12-26,2021-03-13,5.47,2025-09-04,True,0.3566,0.5119,
P00742,76270492,Personnel 0742,Constable,True,U015,insurgency_affected,hard_area,1995-07-18,2018-03-10,8.48,2025-02-01,True,0.8363,0.1337,
P00743,59357365,Personnel 0743,Constable,True,U016,border,static_station,1984-07-05,2010-02-24,16.52,2025-08-10,False,0.7134,0.5791,
P00744,12309879,Personnel 0744,Assistant Sub-Inspector,True,U015,insurgency_affected,hard_area,2000-09-11,2025-06-02,1.25,2026-07-18,True,0.8363,0.4556,
P00745,11640451,Personnel 0745,Commandant,False,U001,urban_static,static_station,1996-07-27,2019-02-03,7.57,2023-07-27,False,0.5535,0.6585,
P00746,58726346,Personnel 0746,Constable,True,U015,insurgency_affected,hard_area,1985-10-04,2011-12-27,14.68,2024-05-04,True,0.8363,0.6283,
P00747,11913908,Personnel 0747,Head Constable,True,U007,training,static_station,1994-05-24,2019-08-03,7.08,2024-05-14,False,0.2532,0.0721,
P00748,87455341,Personnel 0748,Constable,True,U006,border,field,1993-06-12,2018-07-18,8.12,2024-09-18,False,0.6739,0.3634,
P00749,33045109,Personnel 0749,Constable,True,U007,training,static_station,1996-06-25,2019-11-01,6.83,2024-01-26,False,0.2532,0.3842,
P00750,37470450,Personnel 0750,Head Constable,True,U003,urban_static,field,1999-02-18,2024-08-14,2.05,2026-02-07,True,0.3722,0.4247,
P00751,48504370,Personnel 0751,Head Constable,True,U007,training,static_station,1980-11-17,2003-04-03,23.41,2024-12-13,False,0.2532,0.5863,
P00752,71205560,Personnel 0752,Constable,True,U014,urban_static,static_station,1997-01-20,2020-06-23,6.19,2024-07-08,False,0.3566,0.6025,
P00753,49088645,Personnel 0753,Sub-Inspector,False,U006,border,hard_area,1994-07-31,2016-04-26,10.35,2023-12-29,False,0.6739,0.7887,
P00754,94558243,Personnel 0754,Assistant Commandant,False,U015,insurgency_affected,hard_area,2002-03-21,2024-09-21,1.94,2026-06-26,True,0.8363,0.6675,
P00755,92110281,Personnel 0755,Constable,True,U006,border,field,1972-08-28,1998-07-27,28.1,2024-12-04,True,0.6739,0.4899,
P00756,48068409,Personnel 0756,Constable,True,U001,urban_static,static_station,1999-02-21,2020-08-31,6.0,2024-06-27,True,0.5535,0.5937,
P00757,20964851,Personnel 0757,Constable,True,U016,border,hard_area,1997-10-07,2020-11-03,5.82,2024-07-12,True,0.7134,0.9047,
P00758,23032649,Personnel 0758,Constable,True,U016,border,field,1994-12-09,2018-10-12,7.89,2023-11-12,True,0.7134,0.3932,
P00759,59946765,Personnel 0759,Constable,True,U015,insurgency_affected,hard_area,1997-12-10,2023-10-22,2.86,2025-12-09,True,0.8363,0.7238,
P00760,90864361,Personnel 0760,Head Constable,True,U012,insurgency_affected,static_station,1999-03-03,2020-08-23,6.02,2024-01-03,False,0.7195,0.5952,
P00761,10415536,Personnel 0761,Assistant Sub-Inspector,True,U003,urban_static,hard_area,1989-07-17,2014-05-13,12.3,2026-06-13,True,0.3722,0.4739,
P00762,17958272,Personnel 0762,Constable,True,U002,insurgency_affected,field,1994-07-16,2017-07-19,9.12,2023-09-02,False,0.782,0.3834,
P00763,60815384,Personnel 0763,Assistant Sub-Inspector,True,U010,insurgency_affected,hard_area,1998-09-28,2024-10-12,1.88,2025-05-10,False,0.8355,0.5354,
P00764,32021547,Personnel 0764,Constable,True,U010,insurgency_affected,hard_area,1995-04-05,2021-09-11,4.97,2023-01-16,True,0.8355,0.1891,
P00765,82561841,Personnel 0765,Constable,True,U004,urban_static,field,1999-03-11,2022-10-01,3.92,2024-11-02,True,0.4395,0.5143,
P00766,92451656,Personnel 0766,Head Constable,True,U015,insurgency_affected,hard_area,1999-06-18,2026-01-11,0.64,2026-02-11,True,0.8363,0.6111,
P00767,51185533,Personnel 0767,Constable,True,U007,training,static_station,1998-10-10,2024-01-26,2.6,2024-02-25,False,0.2532,0.3911,
P00768,10576301,Personnel 0768,Constable,True,U002,insurgency_affected,hard_area,1993-10-20,2019-04-30,7.34,2025-01-23,True,0.782,0.8175,
P00769,36316454,Personnel 0769,Constable,True,U001,urban_static,static_station,1994-08-09,2020-05-13,6.3,2025-12-15,True,0.5535,0.5407,
P00770,16351706,Personnel 0770,Head Constable,True,U005,border,hard_area,1995-05-13,2020-10-09,5.89,2025-05-04,True,0.7572,0.3123,
P00771,91514247,Personnel 0771,Head Constable,True,U013,border,field,1999-09-05,2023-10-05,2.91,2025-08-03,True,0.5538,0.7286,
P00772,56510817,Personnel 0772,Head Constable,True,U015,insurgency_affected,field,1997-08-21,2022-03-24,4.44,2026-06-21,True,0.8363,0.578,
P00773,40583366,Personnel 0773,Constable,True,U008,border,field,1992-10-12,2019-05-13,7.3,2024-02-14,False,0.5738,0.3459,
P00774,99580726,Personnel 0774,Constable,True,U005,border,field,1991-04-20,2014-06-13,12.22,2025-07-21,False,0.7572,0.2044,
P00775,98286966,Personnel 0775,Deputy Commandant,False,U007,training,static_station,1995-06-24,2016-06-24,10.19,2023-09-26,False,0.2532,0.4787,
P00776,24486360,Personnel 0776,Constable,True,U007,training,static_station,1996-02-15,2017-04-24,9.35,2024-06-09,False,0.2532,0.4762,
P00777,70911370,Personnel 0777,Constable,True,U015,insurgency_affected,hard_area,1995-01-18,2017-07-28,9.09,2025-11-18,False,0.8363,0.2701,
P00778,91954807,Personnel 0778,Constable,True,U004,urban_static,field,1991-10-18,2012-11-04,13.82,2024-01-10,False,0.4395,0.5663,
P00779,17210292,Personnel 0779,Constable,True,U014,urban_static,static_station,1990-11-03,2014-01-11,12.64,2024-03-28,False,0.3566,0.5873,
P00780,54238506,Personnel 0780,Head Constable,True,U010,insurgency_affected,hard_area,2001-05-17,2023-02-21,3.52,2024-10-15,True,0.8355,0.9331,
P00781,71344659,Personnel 0781,Head Constable,True,U015,insurgency_affected,hard_area,1988-12-07,2015-10-13,10.88,2025-11-16,False,0.8363,0.3724,
P00782,57744681,Personnel 0782,Head Constable,True,U009,training,static_station,1995-12-04,2018-12-09,7.73,2024-11-17,False,0.3855,0.488,
P00783,78484581,Personnel 0783,Constable,True,U009,training,static_station,1991-02-27,2015-01-06,11.65,2023-06-05,False,0.3855,0.4752,recent_return
P00784,15939993,Personnel 0784,Sub-Inspector,False,U002,insurgency_affected,hard_area,1997-03-04,2023-01-29,3.59,2025-06-22,True,0.782,0.0841,
P00785,83727937,Personnel 0785,Inspector,False,U009,training,static_station,1996-07-18,2017-08-26,9.02,2023-11-29,False,0.3855,0.624,
P00786,15566625,Personnel 0786,Commandant,False,U013,border,field,1995-08-07,2017-02-21,9.52,2024-05-19,False,0.5538,0.4465,
P00787,15265474,Personnel 0787,Assistant Sub-Inspector,True,U006,border,field,1994-12-25,2020-04-11,6.39,2025-09-15,False,0.6739,0.4207,planned_surge
P00788,62481170,Personnel 0788,Constable,True,U015,insurgency_affected,hard_area,1994-06-17,2018-09-01,8.0,2025-11-14,True,0.8363,0.5992,
P00789,51689160,Personnel 0789,Head Constable,True,U008,border,hard_area,1992-06-07,2014-03-23,12.44,2025-09-30,True,0.5738,0.4026,
P00790,11650114,Personnel 0790,Sub-Inspector,False,U004,urban_static,static_station,1999-11-12,2025-04-03,1.41,2026-02-25,False,0.4395,0.6505,
P00791,36267302,Personnel 0791,Constable,True,U002,insurgency_affected,hard_area,1993-03-31,2017-11-22,8.77,2025-06-06,True,0.782,0.3959,
P00792,50120153,Personnel 0792,Constable,True,U006,border,hard_area,1995-06-28,2018-12-26,7.68,2024-09-08,False,0.6739,0.672,
P00793,70175241,Personnel 0793,Constable,True,U012,insurgency_affected,hard_area,1996-04-30,2020-05-13,6.3,2025-07-07,True,0.7195,0.4902,
P00794,65696069,Personnel 0794,Inspector,False,U001,urban_static,static_station,1994-08-27,2018-11-22,7.77,2026-07-12,True,0.5535,0.0355,
P00795,24337983,Personnel 0795,Inspector,False,U012,insurgency_affected,hard_area,1998-05-23,2023-11-26,2.77,2025-05-07,True,0.7195,0.5678,
P00796,41155110,Personnel 0796,Constable,True,U014,urban_static,static_station,1997-09-18,2022-03-27,4.43,2023-09-25,False,0.3566,0.6902,
P00797,26760541,Personnel 0797,Constable,True,U014,urban_static,static_station,1990-10-03,2015-05-03,11.33,2023-10-01,False,0.3566,0.3888,
P00798,29603200,Personnel 0798,Commandant,False,U002,insurgency_affected,hard_area,1983-10-16,2006-03-22,20.45,2026-01-29,True,0.782,0.4164,
P00799,43595039,Personnel 0799,Constable,True,U002,insurgency_affected,hard_area,2000-07-16,2022-08-25,4.02,2026-04-16,True,0.782,0.2195,
P00800,74646735,Personnel 0800,Assistant Sub-Inspector,True,U015,insurgency_affected,hard_area,1998-05-02,2019-05-29,7.26,2025-01-07,True,0.8363,0.5218,
