training_id,personnel_id,course_name,start_date,end_date,training_hours
P00001-TR01,P00001,Counter-IED Awareness,2025-12-12,2025-12-17,39.6
P00001-TR02,P00001,Physical Efficiency Test Preparation,2024-12-11,2024-12-13,21.4
P00001-TR03,P00001,Jungle Warfare Refresher,2025-10-28,2025-10-30,13.8
P00001-TR04,P00001,Weapons Refresher,2026-08-08,2026-08-09,9.0
P00001-TR05,P00001,Physical Efficiency Test Preparation,2025-03-24,2025-03-25,6.7
P00001-TR06,P00001,Counter-IED Awareness,2025-05-04,2025-05-08,37.6
P00001-TR07,P00001,First Response and Trauma Care,2024-10-15,2024-10-18,21.7
P00001-TR08,P00001,Communications and Signals,2025-03-24,2025-03-28,32.9
P00001-TR09,P00001,Jungle Warfare Refresher,2025-02-14,2025-02-19,44.0
P00001-TR10,P00001,Counter-IED Awareness,2025-12-27,2025-12-31,30.8
P00001-TR11,P00001,First Response and Trauma Care,2025-07-13,2025-07-19,54.8
P00001-TR12,P00001,Stress Management Workshop,2026-08-27,2026-08-29,17.9
P00001-TR13,P00001,Crowd Management,2025-03-10,2025-03-11,9.8
P00001-TR14,P00001,Crowd Management,2026-06-29,2026-07-04,36.6
P00002-TR01,P00002,Communications and Signals,2025-05-01,2025-05-08,60.0
P00002-TR02,P00002,Crowd Management,2026-08-13,2026-08-16,28.3
P00002-TR03,P00002,Stress Management Workshop,2026-03-29,2026-03-31,11.2
P00002-TR04,P00002,Stress Management Workshop,2024-09-03,2024-09-06,22.6
P00002-TR05,P00002,Physical Efficiency Test Preparation,2025-05-17,2025-05-20,23.0
P00002-TR06,P00002,Crowd Management,2026-04-11,2026-04-14,16.7
P00002-TR07,P00002,Stress Management Workshop,2025-01-10,2025-01-12,16.9
P00002-TR08,P00002,Physical Efficiency Test Preparation,2025-12-19,2025-12-21,16.8
P00002-TR09,P00002,Physical Efficiency Test Preparation,2024-12-28,2024-12-30,10.3
P00002-TR10,P00002,Jungle Warfare Refresher,2025-02-05,2025-02-06,4.1
P00003-TR01,P00003,First Response and Trauma Care,2024-09-27,2024-09-30,23.7
P00003-TR02,P00003,Jungle Warfare Refresher,2026-05-18,2026-05-24,52.5
P00003-TR03,P00003,Crowd Management,2026-02-04,2026-02-05,4.0
P00003-TR04,P00003,Weapons Refresher,2026-01-24,2026-01-27,23.1
P00003-TR05,P00003,Communications and Signals,2025-05-22,2025-05-23,5.9
P00003-TR06,P00003,Weapons Refresher,2026-06-12,2026-06-13,6.2
P00003-TR07,P00003,Communications and Signals,2024-10-20,2024-10-23,20.8
P00004-TR01,P00004,Weapons Refresher,2025-12-25,2025-12-27,23.4
P00004-TR02,P00004,Physical Efficiency Test Preparation,2026-07-19,2026-07-21,13.4
P00004-TR03,P00004,Physical Efficiency Test Preparation,2024-12-24,2024-12-29,40.4
P00004-TR04,P00004,Communications and Signals,2025-12-06,2025-12-11,40.8
P00005-TR01,P00005,Counter-IED Awareness,2026-06-19,2026-06-22,24.8
P00005-TR02,P00005,Crowd Management,2026-05-24,2026-05-25,11.0
P00005-TR03,P00005,Counter-IED Awareness,2024-12-05,2024-12-08,25.1
P00005-TR04,P00005,Jungle Warfare Refresher,2024-09-07,2024-09-09,13.4
P00005-TR05,P00005,Communications and Signals,2024-12-11,2024-12-16,40.3
P00005-TR06,P00005,Communications and Signals,2025-09-07,2025-09-09,18.7
P00005-TR07,P00005,Crowd Management,2026-08-19,2026-08-24,39.6
P00005-TR08,P00005,Jungle Warfare Refresher,2026-04-17,2026-04-22,34.2
P00005-TR09,P00005,First Response and Trauma Care,2025-02-26,2025-02-27,13.2
P00005-TR10,P00005,Communications and Signals,2025-05-27,2025-05-29,8.6
P00006-TR01,P00006,Counter-IED Awareness,2026-03-22,2026-03-25,27.7
P00006-TR02,P00006,Stress Management Workshop,2024-10-20,2024-10-25,33.5
P00006-TR03,P00006,Jungle Warfare Refresher,2026-03-01,2026-03-06,35.8
P00006-TR04,P00006,Jungle Warfare Refresher,2025-07-30,2025-07-31,8.2
P00006-TR05,P00006,Physical Efficiency Test Preparation,2025-01-28,2025-02-01,29.8
P00006-TR06,P00006,Weapons Refresher,2024-08-31,2024-09-02,13.5
P00007-TR01,P00007,Weapons Refresher,2025-04-14,2025-04-18,28.9
P00007-TR02,P00007,Crowd Management,2025-04-21,2025-04-23,10.7
P00007-TR03,P00007,Physical Efficiency Test Preparation,2026-07-05,2026-07-13,60.0
P00007-TR04,P00007,Counter-IED Awareness,2026-05-08,2026-05-11,21.2
P00007-TR05,P00007,Weapons Refresher,2026-05-16,2026-05-18,12.0
P00007-TR06,P00007,Counter-IED Awareness,2025-10-27,2025-10-31,25.9
P00007-TR07,P00007,Jungle Warfare Refresher,2026-06-22,2026-06-23,11.0
P00007-TR08,P00007,Stress Management Workshop,2024-10-10,2024-10-13,19.5
P00008-TR01,P00008,First Response and Trauma Care,2025-06-18,2025-06-23,40.2
P00008-TR02,P00008,Communications and Signals,2025-09-29,2025-09-30,6.0
P00008-TR03,P00008,Stress Management Workshop,2026-08-26,2026-09-01,46.0
P00008-TR04,P00008,Counter-IED Awareness,2025-02-10,2025-02-14,28.0
P00008-TR05,P00008,Crowd Management,2026-03-09,2026-03-11,18.0
P00008-TR06,P00008,Weapons Refresher,2024-09-30,2024-10-02,19.5
P00008-TR07,P00008,Physical Efficiency Test Preparation,2025-06-07,2025-06-10,21.1
P00009-TR01,P00009,Communications and Signals,2025-01-29,2025-02-04,44.3
P00009-TR02,P00009,Communications and Signals,2025-11-10,2025-11-12,19.3
P00009-TR03,P00009,Stress Management Workshop,2025-05-06,2025-05-07,9.4
P00009-TR04,P00009,Stress Management Workshop,2024-09-08,2024-09-13,36.7
P00009-TR05,P00009,Weapons Refresher,2026-06-26,2026-06-29,25.0
P00009-TR06,P00009,Weapons Refresher,2025-10-16,2025-10-22,51.6
P00009-TR07,P00009,Communications and Signals,2025-08-27,2025-09-02,44.2
P00009-TR08,P00009,Crowd Management,2024-12-22,2024-12-25,21.6
P00009-TR09,P00009,Communications and Signals,2025-10-16,2025-10-19,29.4
P00009-TR10,P00009,Jungle Warfare Refresher,2026-07-04,2026-07-07,21.9
P00009-TR11,P00009,Stress Management Workshop,2025-06-28,2025-07-03,39.3
P00010-TR01,P00010,Physical Efficiency Test Preparation,2026-06-27,2026-06-28,5.1
P00010-TR02,P00010,Crowd Management,2026-08-14,2026-08-18,36.7
P00010-TR03,P00010,Physical Efficiency Test Preparation,2026-07-29,2026-08-01,19.4
P00010-TR04,P00010,Jungle Warfare Refresher,2024-11-29,2024-12-02,20.7
P00010-TR05,P00010,Communications and Signals,2026-03-02,2026-03-08,48.2
P00010-TR06,P00010,Counter-IED Awareness,2026-04-08,2026-04-13,46.1
P00010-TR07,P00010,Physical Efficiency Test Preparation,2024-11-18,2024-11-22,37.1
P00010-TR08,P00010,Communications and Signals,2024-12-31,2025-01-01,7.3
P00010-TR09,P00010,Weapons Refresher,2025-12-16,2025-12-20,30.8
P00011-TR01,P00011,Counter-IED Awareness,2025-05-14,2025-05-18,33.4
P00011-TR02,P00011,Weapons Refresher,2025-10-17,2025-10-22,38.2
P00011-TR03,P00011,Communications and Signals,2025-04-29,2025-05-02,24.2
P00011-TR04,P00011,Weapons Refresher,2026-06-26,2026-07-04,60.0
P00011-TR05,P00011,Jungle Warfare Refresher,2024-10-07,2024-10-10,22.1
P00011-TR06,P00011,Physical Efficiency Test Preparation,2025-02-02,2025-02-07,38.2
P00011-TR07,P00011,Communications and Signals,2025-04-20,2025-04-24,27.3
P00011-TR08,P00011,Counter-IED Awareness,2026-05-23,2026-05-25,16.9
P00011-TR09,P00011,First Response and Trauma Care,2026-07-07,2026-07-11,32.3
P00012-TR01,P00012,Stress Management Workshop,2024-09-08,2024-09-11,23.8
P00012-TR02,P00012,Communications and Signals,2024-11-20,2024-11-26,45.8
P00012-TR03,P00012,Stress Management Workshop,2024-09-07,2024-09-11,32.6
P00013-TR01,P00013,First Response and Trauma Care,2025-08-29,2025-08-31,16.2
P00013-TR02,P00013,Stress Management Workshop,2026-01-20,2026-01-24,32.4
P00013-TR03,P00013,Communications and Signals,2025-08-05,2025-08-08,26.5
P00013-TR04,P00013,Weapons Refresher,2026-02-27,2026-03-06,58.7
P00013-TR05,P00013,Jungle Warfare Refresher,2026-03-26,2026-04-02,52.3
P00013-TR06,P00013,Counter-IED Awareness,2025-12-15,2025-12-17,14.5
P00013-TR07,P00013,Crowd Management,2025-06-25,2025-06-26,5.3
P00013-TR08,P00013,Counter-IED Awareness,2026-05-24,2026-05-26,16.5
P00013-TR09,P00013,First Response and Trauma Care,2025-04-21,2025-04-25,26.9
P00014-TR01,P00014,Weapons Refresher,2026-01-23,2026-01-26,17.2
P00014-TR02,P00014,Communications and Signals,2025-08-25,2025-08-28,29.4
P00014-TR03,P00014,Communications and Signals,2024-09-14,2024-09-17,26.7
P00014-TR04,P00014,Counter-IED Awareness,2025-12-02,2025-12-04,13.5
P00014-TR05,P00014,Jungle Warfare Refresher,2025-03-25,2025-03-27,10.6
P00014-TR06,P00014,Counter-IED Awareness,2025-10-15,2025-10-16,10.6
P00014-TR07,P00014,Stress Management Workshop,2025-01-26,2025-01-27,11.3
P00014-TR08,P00014,Weapons Refresher,2026-08-10,2026-08-13,17.8
P00015-TR01,P00015,Counter-IED Awareness,2026-01-26,2026-01-30,32.0
P00015-TR02,P00015,Physical Efficiency Test Preparation,2026-05-24,2026-05-27,26.4
P00015-TR03,P00015,Communications and Signals,2024-10-04,2024-10-07,22.5
P00015-TR04,P00015,Stress Management Workshop,2026-07-10,2026-07-16,46.1
P00015-TR05,P00015,Communications and Signals,2025-02-01,2025-02-03,18.7
P00016-TR01,P00016,Weapons Refresher,2026-02-03,2026-02-05,16.6
P00016-TR02,P00016,First Response and Trauma Care,2025-08-09,2025-08-10,10.2
P00016-TR03,P00016,First Response and Trauma Care,2025-01-15,2025-01-16,4.9
P00016-TR04,P00016,Stress Management Workshop,2026-03-19,2026-03-22,22.8
P00016-TR05,P00016,First Response and Trauma Care,2026-06-19,2026-06-22,27.7
P00016-TR06,P00016,Communications and Signals,2025-02-14,2025-02-18,29.5
P00016-TR07,P00016,Crowd Management,2025-08-01,2025-08-04,24.5
P00017-TR01,P00017,Jungle Warfare Refresher,2024-11-03,2024-11-05,16.3
P00017-TR02,P00017,Counter-IED Awareness,2026-07-23,2026-07-27,29.7
P00017-TR03,P00017,Weapons Refresher,2025-02-01,2025-02-05,25.9
P00017-TR04,P00017,Physical Efficiency Test Preparation,2026-06-23,2026-06-28,42.1
P00017-TR05,P00017,Communications and Signals,2025-12-25,2025-12-28,25.8
P00017-TR06,P00017,Crowd Management,2026-01-06,2026-01-12,46.6
P00017-TR07,P00017,Communications and Signals,2025-01-31,2025-02-01,8.1
P00017-TR08,P00017,Physical Efficiency Test Preparation,2025-05-15,2025-05-16,7.8
P00017-TR09,P00017,Stress Management Workshop,2025-08-09,2025-08-12,19.5
P00017-TR10,P00017,Communications and Signals,2025-05-25,2025-05-28,27.5
P00018-TR01,P00018,Stress Management Workshop,2026-02-23,2026-02-25,14.9
P00018-TR02,P00018,Physical Efficiency Test Preparation,2025-09-17,2025-09-21,33.2
P00018-TR03,P00018,Communications and Signals,2026-02-01,2026-02-05,32.3
P00018-TR04,P00018,Stress Management Workshop,2025-08-14,2025-08-15,4.7
P00018-TR05,P00018,Communications and Signals,2026-05-27,2026-05-30,18.1
P00018-TR06,P00018,Communications and Signals,2026-04-03,2026-04-04,10.8
P00018-TR07,P00018,Crowd Management,2025-10-08,2025-10-13,33.7
P00018-TR08,P00018,Physical Efficiency Test Preparation,2025-04-07,2025-04-08,8.4
P00018-TR09,P00018,Stress Management Workshop,2026-05-30,2026-05-31,12.3
P00018-TR10,P00018,First Response and Trauma Care,2026-01-10,2026-01-17,60.0
P00018-TR11,P00018,Stress Management Workshop,2025-10-26,2025-10-27,8.7
P00018-TR12,P00018,Physical Efficiency Test Preparation,2024-11-09,2024-11-10,9.8
P00018-TR13,P00018,Physical Efficiency Test Preparation,2026-07-03,2026-07-04,4.0
P00018-TR14,P00018,Physical Efficiency Test Preparation,2026-04-09,2026-04-14,43.2
P00019-TR01,P00019,Communications and Signals,2025-05-26,2025-05-28,16.5
P00019-TR02,P00019,Communications and Signals,2025-11-28,2025-11-29,10.0
P00019-TR03,P00019,Stress Management Workshop,2025-10-13,2025-10-16,26.5
P00019-TR04,P00019,Stress Management Workshop,2024-12-16,2024-12-20,31.2
P00019-TR05,P00019,First Response and Trauma Care,2025-01-25,2025-01-26,9.7
P00019-TR06,P00019,Crowd Management,2025-04-19,2025-04-23,33.8
P00019-TR07,P00019,Jungle Warfare Refresher,2026-02-27,2026-03-01,16.5
P00019-TR08,P00019,Physical Efficiency Test Preparation,2026-01-07,2026-01-10,23.6
P00019-TR09,P00019,Crowd Management,2025-05-22,2025-05-25,24.0
P00019-TR10,P00019,Stress Management Workshop,2024-11-04,2024-11-06,23.0
P00019-TR11,P00019,Weapons Refresher,2025-07-22,2025-07-25,24.4
P00019-TR12,P00019,First Response and Trauma Care,2025-11-17,2025-11-20,24.1
P00019-TR13,P00019,Counter-IED Awareness,2025-04-01,2025-04-03,15.1
P00019-TR14,P00019,Physical Efficiency Test Preparation,2025-01-02,2025-01-03,6.1
P00019-TR15,P00019,Weapons Refresher,2026-02-03,2026-02-04,7.7
P00019-TR16,P00019,Jungle Warfare Refresher,2025-05-17,2025-05-19,17.3
P00020-TR01,P00020,Crowd Management,2024-12-17,2024-12-22,37.3
P00020-TR02,P00020,Communications and Signals,2025-10-26,2025-10-28,14.2
P00020-TR03,P00020,Weapons Refresher,2024-09-07,2024-09-11,31.7
P00020-TR04,P00020,Physical Efficiency Test Preparation,2025-10-14,2025-10-16,21.7
P00020-TR05,P00020,Stress Management Workshop,2026-06-20,2026-06-24,34.9
P00020-TR06,P00020,Physical Efficiency Test Preparation,2025-10-25,2025-10-27,22.0
P00020-TR07,P00020,First Response and Trauma Care,2025-10-06,2025-10-07,12.7
P00020-TR08,P00020,Crowd Management,2026-07-22,2026-07-24,12.2
P00021-TR01,P00021,Stress Management Workshop,2024-11-08,2024-11-13,38.7
P00021-TR02,P00021,Weapons Refresher,2025-04-20,2025-04-23,21.2
P00021-TR03,P00021,First Response and Trauma Care,2026-05-29,2026-05-30,8.7
P00021-TR04,P00021,Weapons Refresher,2024-11-04,2024-11-05,9.6
P00021-TR05,P00021,Communications and Signals,2025-11-05,2025-11-06,8.6
P00021-TR06,P00021,Physical Efficiency Test Preparation,2025-01-17,2025-01-20,24.2
P00021-TR07,P00021,Stress Management Workshop,2025-05-02,2025-05-06,32.4
P00021-TR08,P00021,Communications and Signals,2025-10-22,2025-10-27,41.0
P00021-TR09,P00021,Counter-IED Awareness,2025-12-23,2025-12-27,26.3
P00021-TR10,P00021,Weapons Refresher,2025-07-28,2025-08-01,31.0
P00021-TR11,P00021,Communications and Signals,2025-02-20,2025-02-22,17.7
P00021-TR12,P00021,First Response and Trauma Care,2025-04-04,2025-04-06,16.1
P00021-TR13,P00021,Weapons Refresher,2025-08-22,2025-08-25,23.1
P00021-TR14,P00021,Counter-IED Awareness,2025-11-29,2025-12-03,29.9
P00021-TR15,P00021,Jungle Warfare Refresher,2026-07-27,2026-08-04,59.3
P00022-TR01,P00022,Jungle Warfare Refresher,2024-12-10,2024-12-14,28.4
P00022-TR02,P00022,Weapons Refresher,2026-06-11,2026-06-13,13.9
P00022-TR03,P00022,Weapons Refresher,2025-04-10,2025-04-11,13.5
P00022-TR04,P00022,Stress Management Workshop,2024-10-11,2024-10-12,6.2
P00022-TR05,P00022,Physical Efficiency Test Preparation,2024-10-28,2024-11-03,48.7
P00022-TR06,P00022,Jungle Warfare Refresher,2024-11-24,2024-11-28,27.4
P00022-TR07,P00022,First Response and Trauma Care,2026-04-07,2026-04-10,29.2
P00022-TR08,P00022,Communications and Signals,2025-05-19,2025-05-25,48.4
P00022-TR09,P00022,First Response and Trauma Care,2026-04-30,2026-05-03,24.2
P00022-TR10,P00022,Counter-IED Awareness,2025-12-26,2025-12-30,30.8
P00022-TR11,P00022,Crowd Management,2026-02-13,2026-02-16,23.6
P00023-TR01,P00023,Physical Efficiency Test Preparation,2026-05-03,2026-05-07,34.7
P00023-TR02,P00023,Communications and Signals,2025-09-19,2025-09-22,18.6
P00023-TR03,P00023,Weapons Refresher,2024-10-19,2024-10-23,26.2
P00023-TR04,P00023,Jungle Warfare Refresher,2026-05-13,2026-05-16,21.2
P00023-TR05,P00023,Communications and Signals,2026-01-01,2026-01-08,55.7
P00024-TR01,P00024,Jungle Warfare Refresher,2025-12-20,2025-12-22,14.8
P00024-TR02,P00024,First Response and Trauma Care,2024-12-28,2024-12-29,5.4
P00024-TR03,P00024,Weapons Refresher,2025-02-14,2025-02-16,19.8
P00024-TR04,P00024,First Response and Trauma Care,2026-05-16,2026-05-21,38.2
P00024-TR05,P00024,Physical Efficiency Test Preparation,2025-03-14,2025-03-15,8.0
P00024-TR06,P00024,Jungle Warfare Refresher,2025-05-20,2025-05-24,33.2
P00025-TR01,P00025,Stress Management Workshop,2025-10-12,2025-10-17,41.7
P00025-TR02,P00025,Communications and Signals,2025-08-29,2025-08-31,13.8
P00025-TR03,P00025,Crowd Management,2025-07-11,2025-07-12,10.1
P00025-TR04,P00025,First Response and Trauma Care,2025-03-19,2025-03-20,12.5
P00025-TR05,P00025,Stress Management Workshop,2026-05-07,2026-05-10,26.1
P00025-TR06,P00025,Weapons Refresher,2025-07-29,2025-08-02,26.9
P00025-TR07,P00025,Physical Efficiency Test Preparation,2025-01-30,2025-02-02,21.9
P00025-TR08,P00025,Crowd Management,2024-12-15,2024-12-20,42.1
P00025-TR09,P00025,Stress Management Workshop,2025-02-23,2025-03-01,40.5
P00025-TR10,P00025,Crowd Management,2025-12-25,2025-12-29,35.4
P00025-TR11,P00025,First Response and Trauma Care,2024-09-19,2024-09-22,21.6
P00025-TR12,P00025,Physical Efficiency Test Preparation,2025-02-19,2025-02-20,11.0
P00025-TR13,P00025,Crowd Management,2025-10-25,2025-10-28,21.0
P00026-TR01,P00026,Stress Management Workshop,2025-02-09,2025-02-16,51.0
P00026-TR02,P00026,Crowd Management,2025-10-07,2025-10-08,5.1
P00026-TR03,P00026,First Response and Trauma Care,2025-04-14,2025-04-17,24.4
P00026-TR04,P00026,Communications and Signals,2025-08-25,2025-08-27,18.8
P00026-TR05,P00026,Crowd Management,2025-06-14,2025-06-15,5.5
P00026-TR06,P00026,Weapons Refresher,2026-04-05,2026-04-09,25.7
P00026-TR07,P00026,Counter-IED Awareness,2026-08-02,2026-08-06,24.4
P00026-TR08,P00026,Counter-IED Awareness,2026-08-08,2026-08-11,19.5
P00027-TR01,P00027,Jungle Warfare Refresher,2025-08-05,2025-08-06,10.1
P00027-TR02,P00027,Crowd Management,2026-02-01,2026-02-03,12.2
P00027-TR03,P00027,Weapons Refresher,2025-11-01,2025-11-03,16.6
P00027-TR04,P00027,Weapons Refresher,2025-05-10,2025-05-14,29.8
P00027-TR05,P00027,Crowd Management,2025-10-05,2025-10-08,20.2
P00027-TR06,P00027,Communications and Signals,2026-01-23,2026-01-24,5.8
P00027-TR07,P00027,Crowd Management,2025-10-12,2025-10-17,44.4
P00027-TR08,P00027,Jungle Warfare Refresher,2024-09-28,2024-09-29,9.2
P00027-TR09,P00027,Communications and Signals,2024-10-05,2024-10-11,48.9
P00027-TR10,P00027,Weapons Refresher,2026-02-15,2026-02-18,19.9
P00027-TR11,P00027,Counter-IED Awareness,2026-03-02,2026-03-03,5.3
P00027-TR12,P00027,Physical Efficiency Test Preparation,2024-09-06,2024-09-08,8.5
P00027-TR13,P00027,Crowd Management,2024-11-09,2024-11-11,17.7
P00027-TR14,P00027,Counter-IED Awareness,2024-11-24,2024-11-26,13.3
P00027-TR15,P00027,Stress Management Workshop,2024-12-19,2024-12-21,15.1
P00027-TR16,P00027,First Response and Trauma Care,2025-08-09,2025-08-10,7.8
P00027-TR17,P00027,Counter-IED Awareness,2025-08-25,2025-08-27,12.6
P00027-TR18,P00027,Communications and Signals,2026-05-05,2026-05-06,13.8
P00027-TR19,P00027,Counter-IED Awareness,2026-04-11,2026-04-17,47.2
P00028-TR01,P00028,First Response and Trauma Care,2025-06-01,2025-06-06,35.7
P00028-TR02,P00028,First Response and Trauma Care,2026-08-18,2026-08-25,59.9
P00028-TR03,P00028,Counter-IED Awareness,2026-08-19,2026-08-23,31.5
P00028-TR04,P00028,Stress Management Workshop,2025-09-19,2025-09-21,12.9
P00028-TR05,P00028,Jungle Warfare Refresher,2024-11-29,2024-12-01,15.3
P00028-TR06,P00028,Counter-IED Awareness,2025-04-26,2025-04-30,35.2
P00028-TR07,P00028,Jungle Warfare Refresher,2025-06-12,2025-06-19,50.5
P00028-TR08,P00028,Physical Efficiency Test Preparation,2026-08-26,2026-08-28,12.9
P00028-TR09,P00028,Communications and Signals,2025-09-10,2025-09-13,26.3
P00028-TR10,P00028,First Response and Trauma Care,2025-01-16,2025-01-18,15.4
P00029-TR01,P00029,Jungle Warfare Refresher,2025-06-06,2025-06-08,20.5
P00029-TR02,P00029,Crowd Management,2025-07-17,2025-07-20,26.1
P00029-TR03,P00029,Stress Management Workshop,2026-03-12,2026-03-16,27.8
P00029-TR04,P00029,Stress Management Workshop,2026-08-17,2026-08-19,13.5
P00029-TR05,P00029,Communications and Signals,2025-01-17,2025-01-19,21.8
P00029-TR06,P00029,Crowd Management,2025-11-15,2025-11-17,16.1
P00029-TR07,P00029,Jungle Warfare Refresher,2026-02-04,2026-02-06,14.2
P00030-TR01,P00030,Jungle Warfare Refresher,2025-10-18,2025-10-25,49.2
P00030-TR02,P00030,First Response and Trauma Care,2026-05-28,2026-05-29,10.5
P00030-TR03,P00030,Communications and Signals,2025-08-02,2025-08-06,27.8
P00030-TR04,P00030,First Response and Trauma Care,2025-07-28,2025-08-02,34.8
P00030-TR05,P00030,Stress Management Workshop,2024-10-01,2024-10-05,35.3
P00030-TR06,P00030,Weapons Refresher,2025-12-11,2025-12-15,33.0
P00030-TR07,P00030,First Response and Trauma Care,2025-06-11,2025-06-13,16.0
P00030-TR08,P00030,Counter-IED Awareness,2026-01-13,2026-01-17,34.7
P00030-TR09,P00030,First Response and Trauma Care,2025-12-09,2025-12-14,35.9
P00030-TR10,P00030,First Response and Trauma Care,2026-03-25,2026-03-27,13.7
P00031-TR01,P00031,Counter-IED Awareness,2026-02-04,2026-02-07,25.0
P00031-TR02,P00031,Jungle Warfare Refresher,2025-08-12,2025-08-15,22.6
P00031-TR03,P00031,Physical Efficiency Test Preparation,2025-10-20,2025-10-25,46.6
P00031-TR04,P00031,First Response and Trauma Care,2025-07-17,2025-07-19,10.0
P00031-TR05,P00031,Stress Management Workshop,2026-01-28,2026-01-29,9.3
P00031-TR06,P00031,Jungle Warfare Refresher,2026-04-14,2026-04-15,14.4
P00031-TR07,P00031,Physical Efficiency Test Preparation,2025-05-04,2025-05-05,8.9
P00031-TR08,P00031,Physical Efficiency Test Preparation,2025-01-21,2025-01-24,22.7
P00031-TR09,P00031,First Response and Trauma Care,2025-04-02,2025-04-03,12.2
P00031-TR10,P00031,Counter-IED Awareness,2025-01-09,2025-01-13,32.0
P00031-TR11,P00031,Crowd Management,2025-12-29,2026-01-02,29.7
P00031-TR12,P00031,First Response and Trauma Care,2025-08-29,2025-08-31,16.6
P00031-TR13,P00031,First Response and Trauma Care,2026-03-18,2026-03-23,41.5
P00031-TR14,P00031,Communications and Signals,2025-02-09,2025-02-11,20.5
P00032-TR01,P00032,Stress Management Workshop,2026-03-11,2026-03-19,60.0
P00032-TR02,P00032,Jungle Warfare Refresher,2025-07-26,2025-07-28,21.3
P00032-TR03,P00032,Weapons Refresher,2025-03-12,2025-03-13,13.1
P00032-TR04,P00032,Crowd Management,2025-06-07,2025-06-10,24.1
P00032-TR05,P00032,First Response and Trauma Care,2026-04-19,2026-04-20,11.6
P00032-TR06,P00032,Jungle Warfare Refresher,2026-05-31,2026-06-01,10.9
P00032-TR07,P00032,Crowd Management,2025-08-15,2025-08-17,17.1
P00032-TR08,P00032,Physical Efficiency Test Preparation,2025-09-11,2025-09-17,47.1
P00032-TR09,P00032,Stress Management Workshop,2026-02-24,2026-02-25,8.7
P00032-TR10,P00032,Jungle Warfare Refresher,2024-12-20,2024-12-23,24.5
P00032-TR11,P00032,Counter-IED Awareness,2025-11-25,2025-11-29,32.6
P00032-TR12,P00032,Counter-IED Awareness,2024-09-13,2024-09-17,30.5
P00032-TR13,P00032,Jungle Warfare Refresher,2026-08-10,2026-08-12,18.0
P00032-TR14,P00032,Weapons Refresher,2025-07-02,2025-07-06,28.5
P00033-TR01,P00033,Communications and Signals,2026-03-03,2026-03-04,8.0
P00033-TR02,P00033,Weapons Refresher,2026-01-17,2026-01-18,13.8
P00033-TR03,P00033,Communications and Signals,2025-09-20,2025-09-24,34.7
P00033-TR04,P00033,Counter-IED Awareness,2025-09-02,2025-09-05,29.2
P00033-TR05,P00033,Jungle Warfare Refresher,2025-07-03,2025-07-05,14.3
P00033-TR06,P00033,Weapons Refresher,2024-12-29,2025-01-02,25.9
P00033-TR07,P00033,Communications and Signals,2025-10-24,2025-10-26,19.8
P00033-TR08,P00033,Counter-IED Awareness,2026-06-02,2026-06-04,14.5
P00033-TR09,P00033,Counter-IED Awareness,2026-02-23,2026-03-02,60.0
P00033-TR10,P00033,Weapons Refresher,2025-09-23,2025-09-26,20.2
P00033-TR11,P00033,Communications and Signals,2024-10-19,2024-10-20,6.2
P00033-TR12,P00033,Counter-IED Awareness,2025-10-09,2025-10-11,18.8
P00033-TR13,P00033,Physical Efficiency Test Preparation,2024-11-13,2024-11-17,28.7
P00034-TR01,P00034,Jungle Warfare Refresher,2026-04-19,2026-04-25,41.0
P00034-TR02,P00034,Physical Efficiency Test Preparation,2025-09-09,2025-09-13,38.0
P00034-TR03,P00034,Weapons Refresher,2026-05-23,2026-05-25,10.5
P00034-TR04,P00034,Physical Efficiency Test Preparation,2025-10-25,2025-10-30,41.0
P00034-TR05,P00034,Physical Efficiency Test Preparation,2025-06-13,2025-06-19,49.7
P00034-TR06,P00034,Physical Efficiency Test Preparation,2024-09-23,2024-09-26,26.6
P00034-TR07,P00034,Stress Management Workshop,2026-04-27,2026-05-02,36.3
P00034-TR08,P00034,Jungle Warfare Refresher,2025-11-29,2025-12-03,34.8
P00034-TR09,P00034,Communications and Signals,2025-04-12,2025-04-15,27.3
P00035-TR01,P00035,Communications and Signals,2024-09-14,2024-09-16,23.7
P00035-TR02,P00035,Jungle Warfare Refresher,2024-09-16,2024-09-19,28.2
P00035-TR03,P00035,Jungle Warfare Refresher,2025-11-10,2025-11-12,11.5
P00035-TR04,P00035,Crowd Management,2025-11-23,2025-11-29,48.2
P00035-TR05,P00035,Physical Efficiency Test Preparation,2025-12-17,2025-12-23,45.2
P00035-TR06,P00035,Communications and Signals,2024-10-05,2024-10-07,20.6
P00035-TR07,P00035,Crowd Management,2025-08-31,2025-09-03,22.8
P00035-TR08,P00035,Weapons Refresher,2026-08-18,2026-08-25,56.9
P00035-TR09,P00035,Counter-IED Awareness,2025-12-19,2025-12-21,14.3
P00036-TR01,P00036,Jungle Warfare Refresher,2025-10-10,2025-10-16,46.4
P00036-TR02,P00036,Communications and Signals,2025-11-29,2025-12-04,41.6
P00036-TR03,P00036,Stress Management Workshop,2024-12-08,2024-12-11,31.8
P00036-TR04,P00036,Crowd Management,2025-06-03,2025-06-05,11.3
P00036-TR05,P00036,Counter-IED Awareness,2025-02-01,2025-02-02,6.6
P00036-TR06,P00036,First Response and Trauma Care,2026-07-11,2026-07-13,20.0
P00036-TR07,P00036,Crowd Management,2025-12-01,2025-12-03,8.5
P00037-TR01,P00037,Physical Efficiency Test Preparation,2025-11-29,2025-12-01,17.4
P00037-TR02,P00037,Communications and Signals,2024-12-16,2024-12-18,15.9
P00037-TR03,P00037,Jungle Warfare Refresher,2025-03-21,2025-03-22,7.1
P00037-TR04,P00037,Crowd Management,2026-02-20,2026-02-21,12.2
P00037-TR05,P00037,Communications and Signals,2025-07-30,2025-07-31,4.0
P00037-TR06,P00037,Communications and Signals,2025-06-27,2025-06-29,11.9
P00037-TR07,P00037,Weapons Refresher,2025-02-04,2025-02-05,8.3
P00037-TR08,P00037,Communications and Signals,2026-06-08,2026-06-09,11.2
P00037-TR09,P00037,Stress Management Workshop,2026-07-17,2026-07-23,44.8
P00037-TR10,P00037,Physical Efficiency Test Preparation,2024-12-26,2025-01-01,45.6
P00037-TR11,P00037,Crowd Management,2026-06-05,2026-06-07,12.2
P00037-TR12,P00037,Physical Efficiency Test Preparation,2025-11-02,2025-11-04,12.6
P00037-TR13,P00037,Communications and Signals,2026-08-22,2026-08-23,5.7
P00037-TR14,P00037,Crowd Management,2025-08-17,2025-08-20,17.0
P00037-TR15,P00037,Counter-IED Awareness,2026-03-14,2026-03-19,38.9
P00038-TR01,P00038,Jungle Warfare Refresher,2024-12-20,2024-12-25,36.0
P00038-TR02,P00038,Physical Efficiency Test Preparation,2026-01-16,2026-01-17,7.3
P00038-TR03,P00038,Weapons Refresher,2025-01-19,2025-01-23,27.9
P00038-TR04,P00038,Crowd Management,2024-09-15,2024-09-18,22.5
P00038-TR05,P00038,Jungle Warfare Refresher,2025-05-10,2025-05-12,19.9
P00038-TR06,P00038,Jungle Warfare Refresher,2025-07-04,2025-07-08,27.2
P00038-TR07,P00038,Weapons Refresher,2024-12-27,2024-12-28,10.3
P00038-TR08,P00038,Stress Management Workshop,2026-05-12,2026-05-15,23.5
P00038-TR09,P00038,First Response and Trauma Care,2026-07-10,2026-07-17,58.8
P00038-TR10,P00038,Weapons Refresher,2025-06-11,2025-06-14,24.0
P00038-TR11,P00038,First Response and Trauma Care,2024-10-17,2024-10-19,12.9
P00038-TR12,P00038,Stress Management Workshop,2026-05-31,2026-06-04,29.6
P00038-TR13,P00038,Weapons Refresher,2024-09-29,2024-10-01,12.5
P00038-TR14,P00038,Physical Efficiency Test Preparation,2025-04-06,2025-04-08,14.4
P00038-TR15,P00038,Communications and Signals,2024-10-18,2024-10-20,17.7
P00039-TR01,P00039,Communications and Signals,2025-07-10,2025-07-14,39.0
P00039-TR02,P00039,Crowd Management,2025-08-04,2025-08-09,41.3
P00039-TR03,P00039,Communications and Signals,2025-12-31,2026-01-01,6.2
P00039-TR04,P00039,Stress Management Workshop,2024-11-03,2024-11-05,9.0
P00039-TR05,P00039,Physical Efficiency Test Preparation,2025-05-23,2025-05-25,16.6
P00039-TR06,P00039,Physical Efficiency Test Preparation,2025-01-07,2025-01-12,40.3
P00039-TR07,P00039,Weapons Refresher,2025-02-15,2025-02-17,14.6
P00039-TR08,P00039,Jungle Warfare Refresher,2025-05-30,2025-06-05,55.4
P00039-TR09,P00039,Jungle Warfare Refresher,2026-05-27,2026-06-03,60.0
P00039-TR10,P00039,Counter-IED Awareness,2025-06-17,2025-06-20,18.9
P00039-TR11,P00039,Weapons Refresher,2024-10-30,2024-10-31,5.0
P00039-TR12,P00039,Counter-IED Awareness,2025-05-26,2025-05-27,10.7
P00040-TR01,P00040,Stress Management Workshop,2026-04-03,2026-04-06,26.3
P00040-TR02,P00040,Communications and Signals,2025-12-16,2025-12-18,15.7
P00040-TR03,P00040,Weapons Refresher,2024-12-04,2024-12-09,37.4
P00040-TR04,P00040,Jungle Warfare Refresher,2024-12-02,2024-12-06,28.6
P00040-TR05,P00040,Stress Management Workshop,2026-02-11,2026-02-13,8.8
P00040-TR06,P00040,Crowd Management,2026-07-13,2026-07-16,24.5
P00041-TR01,P00041,Counter-IED Awareness,2024-09-15,2024-09-17,17.4
P00041-TR02,P00041,Physical Efficiency Test Preparation,2025-05-16,2025-05-18,11.5
P00041-TR03,P00041,Physical Efficiency Test Preparation,2025-11-12,2025-11-14,18.5
P00041-TR04,P00041,Stress Management Workshop,2025-09-04,2025-09-05,10.9
P00041-TR05,P00041,Stress Management Workshop,2025-05-12,2025-05-14,15.2
P00041-TR06,P00041,First Response and Trauma Care,2025-05-16,2025-05-18,14.5
P00041-TR07,P00041,Jungle Warfare Refresher,2025-10-01,2025-10-04,20.2
P00041-TR08,P00041,Physical Efficiency Test Preparation,2026-01-18,2026-01-22,28.5
P00041-TR09,P00041,Jungle Warfare Refresher,2025-03-25,2025-03-26,4.0
P00041-TR10,P00041,Counter-IED Awareness,2026-01-12,2026-01-14,17.8
P00041-TR11,P00041,Counter-IED Awareness,2026-03-12,2026-03-14,18.8
P00042-TR01,P00042,Jungle Warfare Refresher,2024-10-24,2024-10-29,41.1
P00042-TR02,P00042,Physical Efficiency Test Preparation,2025-05-24,2025-05-27,27.0
P00042-TR03,P00042,Crowd Management,2026-05-24,2026-05-27,18.1
P00042-TR04,P00042,Stress Management Workshop,2025-10-01,2025-10-06,40.0
P00042-TR05,P00042,Counter-IED Awareness,2024-10-15,2024-10-16,11.1
P00042-TR06,P00042,First Response and Trauma Care,2024-11-15,2024-11-18,27.3
P00043-TR01,P00043,Crowd Management,2025-06-22,2025-06-24,10.5
P00043-TR02,P00043,Physical Efficiency Test Preparation,2024-12-11,2024-12-13,16.2
P00043-TR03,P00043,Crowd Management,2024-12-27,2024-12-28,5.9
P00043-TR04,P00043,Jungle Warfare Refresher,2024-11-21,2024-11-24,22.8
P00043-TR05,P00043,Communications and Signals,2026-04-19,2026-04-22,30.0
P00043-TR06,P00043,Stress Management Workshop,2026-05-02,2026-05-07,38.3
P00043-TR07,P00043,First Response and Trauma Care,2026-01-10,2026-01-13,24.6
P00043-TR08,P00043,Physical Efficiency Test Preparation,2025-12-17,2025-12-19,17.4
P00043-TR09,P00043,Counter-IED Awareness,2026-05-12,2026-05-14,15.3
P00043-TR10,P00043,Crowd Management,2025-11-03,2025-11-07,32.8
P00043-TR11,P00043,Crowd Management,2026-01-18,2026-01-19,15.1
P00043-TR12,P00043,Communications and Signals,2026-03-24,2026-03-25,10.1
P00043-TR13,P00043,Communications and Signals,2024-10-25,2024-10-31,53.3
P00043-TR14,P00043,Stress Management Workshop,2025-02-28,2025-03-04,33.8
P00043-TR15,P00043,Crowd Management,2025-08-11,2025-08-15,27.3
P00043-TR16,P00043,Crowd Management,2025-10-25,2025-10-27,13.2
P00044-TR01,P00044,Counter-IED Awareness,2025-01-01,2025-01-07,44.2
P00044-TR02,P00044,Weapons Refresher,2026-03-16,2026-03-21,37.9
P00044-TR03,P00044,Communications and Signals,2026-04-14,2026-04-15,7.6
P00044-TR04,P00044,Stress Management Workshop,2026-08-29,2026-08-30,8.4
P00044-TR05,P00044,Communications and Signals,2026-02-27,2026-03-02,22.9
P00044-TR06,P00044,Crowd Management,2025-08-05,2025-08-06,8.7
P00044-TR07,P00044,First Response and Trauma Care,2026-03-20,2026-03-23,25.5
P00044-TR08,P00044,Weapons Refresher,2024-12-16,2024-12-18,21.1
P00045-TR01,P00045,Stress Management Workshop,2024-11-10,2024-11-11,10.3
P00045-TR02,P00045,Communications and Signals,2024-11-07,2024-11-09,14.1
P00045-TR03,P00045,Weapons Refresher,2026-08-10,2026-08-12,14.9
P00045-TR04,P00045,Counter-IED Awareness,2025-03-23,2025-03-24,10.3
P00045-TR05,P00045,Physical Efficiency Test Preparation,2026-02-11,2026-02-12,13.4
P00045-TR06,P00045,First Response and Trauma Care,2025-10-07,2025-10-10,19.3
P00045-TR07,P00045,Jungle Warfare Refresher,2025-06-10,2025-06-17,51.1
P00045-TR08,P00045,Stress Management Workshop,2024-09-06,2024-09-07,5.8
P00045-TR09,P00045,Counter-IED Awareness,2026-08-28,2026-08-31,21.5
P00045-TR10,P00045,Stress Management Workshop,2025-12-22,2025-12-24,13.6
P00045-TR11,P00045,Communications and Signals,2025-09-19,2025-09-22,25.0
P00045-TR12,P00045,Communications and Signals,2025-07-15,2025-07-18,27.5
P00046-TR01,P00046,Jungle Warfare Refresher,2025-09-22,2025-09-25,28.9
P00046-TR02,P00046,Weapons Refresher,2025-01-10,2025-01-11,6.8
P00046-TR03,P00046,Stress Management Workshop,2024-12-16,2024-12-19,28.8
P00046-TR04,P00046,Jungle Warfare Refresher,2025-11-11,2025-11-19,60.0
P00046-TR05,P00046,Weapons Refresher,2026-02-25,2026-03-02,37.9
P00046-TR06,P00046,Counter-IED Awareness,2024-10-14,2024-10-16,16.9
P00046-TR07,P00046,Stress Management Workshop,2025-11-08,2025-11-09,6.7
P00046-TR08,P00046,Stress Management Workshop,2026-06-18,2026-06-19,7.9
P00046-TR09,P00046,First Response and Trauma Care,2026-04-27,2026-05-01,31.6
P00047-TR01,P00047,Crowd Management,2025-09-13,2025-09-15,15.3
P00047-TR02,P00047,Communications and Signals,2026-06-09,2026-06-12,26.4
P00047-TR03,P00047,Communications and Signals,2025-12-10,2025-12-17,57.6
P00047-TR04,P00047,Jungle Warfare Refresher,2024-11-26,2024-11-29,20.4
P00047-TR05,P00047,Physical Efficiency Test Preparation,2024-12-11,2024-12-15,35.5
P00047-TR06,P00047,Jungle Warfare Refresher,2026-01-03,2026-01-04,8.8
P00048-TR01,P00048,Weapons Refresher,2026-08-22,2026-08-25,25.4
P00048-TR02,P00048,Crowd Management,2026-02-10,2026-02-11,11.5
P00048-TR03,P00048,Stress Management Workshop,2025-02-05,2025-02-07,16.1
P00048-TR04,P00048,Jungle Warfare Refresher,2026-08-20,2026-08-21,8.0
P00048-TR05,P00048,Stress Management Workshop,2026-06-26,2026-06-28,22.2
P00048-TR06,P00048,Weapons Refresher,2026-03-23,2026-03-27,35.9
P00048-TR07,P00048,Counter-IED Awareness,2026-07-25,2026-07-30,37.4
P00048-TR08,P00048,Physical Efficiency Test Preparation,2025-07-21,2025-07-23,17.1
P00048-TR09,P00048,Communications and Signals,2026-07-27,2026-07-29,14.3
P00049-TR01,P00049,Weapons Refresher,2024-12-04,2024-12-11,54.7
P00049-TR02,P00049,Stress Management Workshop,2026-06-12,2026-06-15,24.1
P00049-TR03,P00049,Physical Efficiency Test Preparation,2025-07-13,2025-07-15,16.7
P00050-TR01,P00050,First Response and Trauma Care,2026-01-12,2026-01-15,29.6
P00050-TR02,P00050,Jungle Warfare Refresher,2026-01-01,2026-01-03,18.6
P00050-TR03,P00050,First Response and Trauma Care,2026-03-18,2026-03-22,31.0
P00050-TR04,P00050,Communications and Signals,2026-07-12,2026-07-14,13.7
P00050-TR05,P00050,Physical Efficiency Test Preparation,2025-08-22,2025-08-24,17.3
P00050-TR06,P00050,Crowd Management,2024-11-10,2024-11-12,11.7
P00050-TR07,P00050,Weapons Refresher,2026-06-28,2026-07-03,36.0
P00050-TR08,P00050,Physical Efficiency Test Preparation,2025-01-29,2025-01-31,19.9
P00050-TR09,P00050,Weapons Refresher,2024-11-14,2024-11-16,14.8
P00050-TR10,P00050,Jungle Warfare Refresher,2025-12-27,2025-12-29,10.7
P00050-TR11,P00050,Counter-IED Awareness,2026-01-27,2026-01-31,35.6
P00050-TR12,P00050,Jungle Warfare Refresher,2025-07-24,2025-07-26,10.3
P00051-TR01,P00051,Crowd Management,2025-11-06,2025-11-12,50.1
P00051-TR02,P00051,Weapons Refresher,2025-08-10,2025-08-14,30.7
P00051-TR03,P00051,Counter-IED Awareness,2026-02-16,2026-02-19,19.3
P00051-TR04,P00051,First Response and Trauma Care,2025-07-19,2025-07-21,17.0
P00051-TR05,P00051,Crowd Management,2026-03-27,2026-03-28,9.4
P00051-TR06,P00051,Crowd Management,2025-06-29,2025-07-01,11.8
P00051-TR07,P00051,Weapons Refresher,2025-02-24,2025-03-01,39.2
P00051-TR08,P00051,Jungle Warfare Refresher,2025-06-26,2025-06-29,27.8
P00052-TR01,P00052,Counter-IED Awareness,2026-04-28,2026-05-01,24.2
P00052-TR02,P00052,Weapons Refresher,2026-04-18,2026-04-20,12.9
P00052-TR03,P00052,Communications and Signals,2025-07-29,2025-08-06,60.0
P00052-TR04,P00052,Jungle Warfare Refresher,2025-03-23,2025-03-27,31.3
P00052-TR05,P00052,Stress Management Workshop,2025-12-06,2025-12-07,7.8
P00052-TR06,P00052,Counter-IED Awareness,2025-01-31,2025-02-02,16.4
P00052-TR07,P00052,First Response and Trauma Care,2025-09-23,2025-09-25,14.2
P00052-TR08,P00052,Stress Management Workshop,2026-04-17,2026-04-18,9.6
P00052-TR09,P00052,Stress Management Workshop,2026-01-27,2026-01-28,11.8
P00053-TR01,P00053,Weapons Refresher,2026-03-28,2026-04-02,42.4
P00053-TR02,P00053,Crowd Management,2026-07-24,2026-07-29,44.8
P00053-TR03,P00053,Weapons Refresher,2026-06-29,2026-07-01,22.4
P00053-TR04,P00053,Physical Efficiency Test Preparation,2025-01-02,2025-01-05,24.9
P00053-TR05,P00053,Crowd Management,2025-11-21,2025-11-23,12.6
P00053-TR06,P00053,Physical Efficiency Test Preparation,2025-12-22,2025-12-23,7.8
P00053-TR07,P00053,Weapons Refresher,2025-09-25,2025-09-28,26.8
P00053-TR08,P00053,Communications and Signals,2025-08-08,2025-08-11,18.4
P00053-TR09,P00053,Stress Management Workshop,2025-07-24,2025-07-28,28.4
P00053-TR10,P00053,Jungle Warfare Refresher,2025-07-29,2025-08-03,35.3
P00053-TR11,P00053,Jungle Warfare Refresher,2026-04-21,2026-04-23,15.5
P00053-TR12,P00053,Counter-IED Awareness,2025-12-20,2025-12-22,19.3
P00053-TR13,P00053,Stress Management Workshop,2025-06-29,2025-07-03,32.8
P00054-TR01,P00054,First Response and Trauma Care,2025-04-13,2025-04-16,28.2
P00054-TR02,P00054,Jungle Warfare Refresher,2025-01-11,2025-01-14,21.8
P00054-TR03,P00054,Stress Management Workshop,2026-02-02,2026-02-06,33.7
P00054-TR04,P00054,Jungle Warfare Refresher,2025-04-24,2025-04-27,25.0
P00054-TR05,P00054,Weapons Refresher,2026-08-05,2026-08-06,8.6
P00054-TR06,P00054,Stress Management Workshop,2025-07-08,2025-07-10,14.3
P00054-TR07,P00054,Physical Efficiency Test Preparation,2024-10-02,2024-10-06,31.8
P00054-TR08,P00054,Communications and Signals,2025-05-27,2025-05-30,22.8
P00055-TR01,P00055,Counter-IED Awareness,2024-11-05,2024-11-07,14.2
P00055-TR02,P00055,Physical Efficiency Test Preparation,2026-08-16,2026-08-18,19.6
P00055-TR03,P00055,Counter-IED Awareness,2025-01-07,2025-01-10,22.9
P00055-TR04,P00055,Physical Efficiency Test Preparation,2026-02-05,2026-02-08,18.3
P00055-TR05,P00055,Physical Efficiency Test Preparation,2025-02-03,2025-02-10,60.0
P00055-TR06,P00055,Jungle Warfare Refresher,2026-01-27,2026-01-30,20.1
P00055-TR07,P00055,Stress Management Workshop,2026-02-18,2026-02-22,30.2
P00055-TR08,P00055,Weapons Refresher,2025-02-04,2025-02-06,17.5
P00056-TR01,P00056,Crowd Management,2025-10-06,2025-10-09,23.0
P00056-TR02,P00056,Counter-IED Awareness,2024-12-15,2024-12-18,22.3
P00056-TR03,P00056,Stress Management Workshop,2025-03-15,2025-03-22,60.0
P00056-TR04,P00056,Crowd Management,2024-12-05,2024-12-06,13.0
P00057-TR01,P00057,Weapons Refresher,2025-02-08,2025-02-09,6.3
P00057-TR02,P00057,Weapons Refresher,2024-10-05,2024-10-08,23.5
P00057-TR03,P00057,Stress Management Workshop,2025-08-22,2025-08-24,12.2
P00057-TR04,P00057,Stress Management Workshop,2026-03-09,2026-03-13,34.5
P00057-TR05,P00057,First Response and Trauma Care,2025-04-28,2025-04-29,4.0
P00057-TR06,P00057,Weapons Refresher,2025-11-13,2025-11-16,22.0
P00057-TR07,P00057,Jungle Warfare Refresher,2025-03-28,2025-04-04,60.0
P00057-TR08,P00057,Jungle Warfare Refresher,2026-03-17,2026-03-22,42.4
P00057-TR09,P00057,Counter-IED Awareness,2025-02-23,2025-02-25,11.8
P00058-TR01,P00058,Communications and Signals,2025-05-05,2025-05-07,20.3
P00058-TR02,P00058,Communications and Signals,2025-12-15,2025-12-17,9.7
P00058-TR03,P00058,Crowd Management,2025-07-19,2025-07-21,20.4
P00058-TR04,P00058,Weapons Refresher,2024-11-29,2024-11-30,4.0
P00058-TR05,P00058,Stress Management Workshop,2024-09-04,2024-09-07,27.2
P00058-TR06,P00058,Physical Efficiency Test Preparation,2026-07-15,2026-07-17,10.5
P00058-TR07,P00058,Physical Efficiency Test Preparation,2026-07-11,2026-07-13,13.2
P00058-TR08,P00058,Counter-IED Awareness,2024-10-11,2024-10-13,16.4
P00058-TR09,P00058,First Response and Trauma Care,2025-07-14,2025-07-16,20.3
P00058-TR10,P00058,Counter-IED Awareness,2025-04-20,2025-04-22,9.4
P00058-TR11,P00058,First Response and Trauma Care,2025-04-27,2025-05-03,43.9
P00058-TR12,P00058,Communications and Signals,2024-11-14,2024-11-17,25.0
P00058-TR13,P00058,Stress Management Workshop,2025-12-05,2025-12-06,12.5
P00058-TR14,P00058,Counter-IED Awareness,2025-04-05,2025-04-06,7.7
P00059-TR01,P00059,Stress Management Workshop,2026-08-17,2026-08-19,21.2
P00059-TR02,P00059,Physical Efficiency Test Preparation,2024-09-18,2024-09-20,16.6
P00059-TR03,P00059,First Response and Trauma Care,2024-11-04,2024-11-07,22.2
P00059-TR04,P00059,Jungle Warfare Refresher,2026-01-18,2026-01-21,24.5
P00059-TR05,P00059,Counter-IED Awareness,2024-10-01,2024-10-07,46.5
P00059-TR06,P00059,Physical Efficiency Test Preparation,2025-10-11,2025-10-13,15.1
P00059-TR07,P00059,First Response and Trauma Care,2024-11-24,2024-11-25,11.2
P00059-TR08,P00059,Jungle Warfare Refresher,2025-07-05,2025-07-07,15.2
P00060-TR01,P00060,Stress Management Workshop,2025-06-29,2025-07-02,17.1
P00060-TR02,P00060,Jungle Warfare Refresher,2025-12-02,2025-12-03,4.0
P00060-TR03,P00060,Counter-IED Awareness,2024-09-22,2024-09-24,16.3
P00060-TR04,P00060,Counter-IED Awareness,2025-12-03,2025-12-06,24.6
P00060-TR05,P00060,First Response and Trauma Care,2025-06-11,2025-06-18,54.3
P00060-TR06,P00060,Jungle Warfare Refresher,2025-11-14,2025-11-15,10.1
P00060-TR07,P00060,Weapons Refresher,2025-03-04,2025-03-07,25.2
P00060-TR08,P00060,First Response and Trauma Care,2025-12-25,2025-12-31,47.2
P00061-TR01,P00061,Weapons Refresher,2026-05-05,2026-05-08,23.2
P00061-TR02,P00061,Weapons Refresher,2025-12-02,2025-12-03,13.4
P00061-TR03,P00061,Physical Efficiency Test Preparation,2026-07-13,2026-07-18,38.6
P00061-TR04,P00061,Physical Efficiency Test Preparation,2025-09-06,2025-09-07,12.9
P00061-TR05,P00061,Jungle Warfare Refresher,2026-03-27,2026-04-03,55.1
P00061-TR06,P00061,Jungle Warfare Refresher,2025-01-21,2025-01-24,21.7
P00061-TR07,P00061,Stress Management Workshop,2025-10-27,2025-10-28,12.8
P00061-TR08,P00061,First Response and Trauma Care,2024-09-26,2024-09-27,10.7
P00061-TR09,P00061,First Response and Trauma Care,2025-01-06,2025-01-07,8.4
P00061-TR10,P00061,Physical Efficiency Test Preparation,2025-05-22,2025-05-23,4.3
P00061-TR11,P00061,Jungle Warfare Refresher,2025-02-18,2025-02-22,34.4
P00061-TR12,P00061,Crowd Management,2026-06-29,2026-07-02,22.8
P00061-TR13,P00061,Weapons Refresher,2025-05-04,2025-05-05,10.3
P00061-TR14,P00061,Crowd Management,2026-07-05,2026-07-12,56.4
P00061-TR15,P00061,Crowd Management,2025-03-01,2025-03-02,7.5
P00062-TR01,P00062,Crowd Management,2026-04-25,2026-04-26,4.8
P00062-TR02,P00062,Crowd Management,2026-05-17,2026-05-19,17.0
P00062-TR03,P00062,Counter-IED Awareness,2026-04-22,2026-04-23,10.4
P00062-TR04,P00062,Counter-IED Awareness,2026-08-29,2026-09-01,30.4
P00062-TR05,P00062,Weapons Refresher,2025-07-06,2025-07-10,37.9
P00062-TR06,P00062,Crowd Management,2026-01-19,2026-01-22,20.2
P00062-TR07,P00062,Communications and Signals,2025-11-23,2025-11-25,14.6
P00062-TR08,P00062,Stress Management Workshop,2025-06-09,2025-06-11,11.1
P00062-TR09,P00062,Communications and Signals,2025-07-17,2025-07-21,33.5
P00062-TR10,P00062,Communications and Signals,2024-12-31,2025-01-02,14.1
P00062-TR11,P00062,Crowd Management,2026-01-18,2026-01-20,12.8
P00063-TR01,P00063,Communications and Signals,2026-01-17,2026-01-23,44.1
P00063-TR02,P00063,First Response and Trauma Care,2025-05-19,2025-05-20,12.8
P00063-TR03,P00063,Physical Efficiency Test Preparation,2025-05-01,2025-05-08,60.0
P00063-TR04,P00063,Counter-IED Awareness,2024-09-12,2024-09-15,24.5
P00063-TR05,P00063,Jungle Warfare Refresher,2024-11-02,2024-11-06,29.4
P00063-TR06,P00063,First Response and Trauma Care,2026-08-06,2026-08-08,20.1
P00063-TR07,P00063,Physical Efficiency Test Preparation,2025-04-27,2025-04-29,17.2
P00063-TR08,P00063,Crowd Management,2026-02-15,2026-02-16,4.5
P00063-TR09,P00063,Weapons Refresher,2024-12-12,2024-12-16,37.3
P00063-TR10,P00063,Crowd Management,2025-04-22,2025-04-23,4.1
P00064-TR01,P00064,Weapons Refresher,2025-03-11,2025-03-15,34.2
P00064-TR02,P00064,Weapons Refresher,2025-08-11,2025-08-13,18.0
P00064-TR03,P00064,First Response and Trauma Care,2026-05-30,2026-05-31,8.3
P00064-TR04,P00064,Counter-IED Awareness,2026-03-28,2026-03-30,18.2
P00064-TR05,P00064,Weapons Refresher,2025-07-05,2025-07-11,45.0
P00064-TR06,P00064,Communications and Signals,2024-11-23,2024-11-25,21.3
P00064-TR07,P00064,Counter-IED Awareness,2024-11-26,2024-11-28,15.8
P00064-TR08,P00064,Stress Management Workshop,2026-02-23,2026-02-26,21.7
P00064-TR09,P00064,First Response and Trauma Care,2025-04-20,2025-04-21,6.0
P00064-TR10,P00064,First Response and Trauma Care,2026-01-30,2026-02-01,16.2
P00064-TR11,P00064,Crowd Management,2025-10-03,2025-10-07,28.7
P00064-TR12,P00064,Weapons Refresher,2026-07-18,2026-07-24,44.8
P00064-TR13,P00064,Jungle Warfare Refresher,2026-03-03,2026-03-06,23.0
P00064-TR14,P00064,Jungle Warfare Refresher,2025-07-02,2025-07-04,9.4
P00064-TR15,P00064,Jungle Warfare Refresher,2025-06-10,2025-06-11,8.8
P00065-TR01,P00065,Stress Management Workshop,2026-05-10,2026-05-13,20.3
P00065-TR02,P00065,Physical Efficiency Test Preparation,2025-11-08,2025-11-11,26.5
P00065-TR03,P00065,Crowd Management,2025-12-23,2025-12-25,13.2
P00065-TR04,P00065,Stress Management Workshop,2026-06-26,2026-06-27,4.0
P00065-TR05,P00065,Counter-IED Awareness,2025-12-08,2025-12-11,21.4
P00065-TR06,P00065,Jungle Warfare Refresher,2024-12-20,2024-12-23,20.8
P00065-TR07,P00065,Physical Efficiency Test Preparation,2026-02-06,2026-02-07,10.6
P00065-TR08,P00065,First Response and Trauma Care,2025-03-04,2025-03-11,59.1
P00065-TR09,P00065,Jungle Warfare Refresher,2024-10-08,2024-10-09,9.5
P00065-TR10,P00065,First Response and Trauma Care,2025-05-14,2025-05-19,36.4
P00065-TR11,P00065,First Response and Trauma Care,2025-08-20,2025-08-24,31.6
P00065-TR12,P00065,Crowd Management,2025-08-03,2025-08-06,22.0
P00065-TR13,P00065,Counter-IED Awareness,2024-10-27,2024-10-30,23.4
P00065-TR14,P00065,Weapons Refresher,2026-06-10,2026-06-13,24.4
P00065-TR15,P00065,Crowd Management,2025-11-19,2025-11-20,4.2
P00066-TR01,P00066,Stress Management Workshop,2026-02-24,2026-02-26,18.4
P00066-TR02,P00066,Stress Management Workshop,2026-06-04,2026-06-05,4.0
P00066-TR03,P00066,Crowd Management,2026-08-30,2026-09-01,27.3
P00066-TR04,P00066,First Response and Trauma Care,2024-09-25,2024-10-02,54.4
P00066-TR05,P00066,Jungle Warfare Refresher,2024-09-23,2024-09-29,44.8
P00066-TR06,P00066,First Response and Trauma Care,2025-07-19,2025-07-20,5.0
P00066-TR07,P00066,Counter-IED Awareness,2025-04-27,2025-05-01,27.2
P00066-TR08,P00066,Crowd Management,2026-03-29,2026-04-01,21.7
P00066-TR09,P00066,Physical Efficiency Test Preparation,2025-05-18,2025-05-25,59.0
P00066-TR10,P00066,First Response and Trauma Care,2026-06-10,2026-06-13,22.8
P00066-TR11,P00066,Counter-IED Awareness,2026-07-18,2026-07-20,9.7
P00066-TR12,P00066,Crowd Management,2026-06-04,2026-06-05,4.0
P00066-TR13,P00066,Stress Management Workshop,2025-12-02,2025-12-05,23.3
P00066-TR14,P00066,Counter-IED Awareness,2025-01-05,2025-01-08,23.5
P00067-TR01,P00067,Jungle Warfare Refresher,2024-12-07,2024-12-14,57.5
P00068-TR01,P00068,First Response and Trauma Care,2024-09-04,2024-09-07,26.1
P00068-TR02,P00068,Counter-IED Awareness,2025-11-21,2025-11-25,32.0
P00068-TR03,P00068,Communications and Signals,2025-10-19,2025-10-21,14.8
P00068-TR04,P00068,Communications and Signals,2025-02-12,2025-02-17,39.7
P00068-TR05,P00068,Crowd Management,2025-09-26,2025-09-28,16.1
P00068-TR06,P00068,Stress Management Workshop,2025-06-22,2025-06-23,8.2
P00068-TR07,P00068,Jungle Warfare Refresher,2026-03-14,2026-03-15,7.0
P00069-TR01,P00069,Jungle Warfare Refresher,2025-05-18,2025-05-19,10.3
P00069-TR02,P00069,Physical Efficiency Test Preparation,2025-08-16,2025-08-20,25.3
P00069-TR03,P00069,Weapons Refresher,2024-09-18,2024-09-20,16.1
P00069-TR04,P00069,Communications and Signals,2026-07-23,2026-07-24,13.0
P00069-TR05,P00069,Physical Efficiency Test Preparation,2025-11-24,2025-11-27,19.9
P00069-TR06,P00069,Counter-IED Awareness,2025-12-21,2025-12-26,34.4
P00069-TR07,P00069,Crowd Management,2026-03-16,2026-03-20,29.9
P00069-TR08,P00069,Stress Management Workshop,2026-05-20,2026-05-22,21.8
P00069-TR09,P00069,Communications and Signals,2026-06-27,2026-06-28,7.5
P00069-TR10,P00069,Jungle Warfare Refresher,2026-04-19,2026-04-22,21.0
P00069-TR11,P00069,Jungle Warfare Refresher,2025-03-17,2025-03-22,44.8
P00069-TR12,P00069,Crowd Management,2025-07-08,2025-07-10,20.1
P00070-TR01,P00070,Weapons Refresher,2026-05-30,2026-05-31,8.7
P00070-TR02,P00070,Jungle Warfare Refresher,2025-04-25,2025-05-01,50.8
P00070-TR03,P00070,Counter-IED Awareness,2025-04-14,2025-04-16,12.4
P00070-TR04,P00070,Communications and Signals,2026-08-12,2026-08-14,14.7
P00070-TR05,P00070,Counter-IED Awareness,2026-08-01,2026-08-05,30.7
P00070-TR06,P00070,Weapons Refresher,2025-10-28,2025-11-01,38.1
P00070-TR07,P00070,Stress Management Workshop,2025-07-28,2025-07-29,4.0
P00070-TR08,P00070,Jungle Warfare Refresher,2026-05-25,2026-05-28,23.8
P00070-TR09,P00070,Stress Management Workshop,2025-02-09,2025-02-14,35.3
P00070-TR10,P00070,Communications and Signals,2026-06-08,2026-06-11,22.7
P00070-TR11,P00070,First Response and Trauma Care,2025-09-13,2025-09-15,15.5
P00070-TR12,P00070,Weapons Refresher,2025-02-07,2025-02-09,16.9
P00071-TR01,P00071,First Response and Trauma Care,2025-06-09,2025-06-10,11.1
P00071-TR02,P00071,Communications and Signals,2025-07-01,2025-07-03,8.8
P00071-TR03,P00071,Counter-IED Awareness,2025-06-25,2025-06-29,33.8
P00071-TR04,P00071,Weapons Refresher,2025-02-17,2025-02-21,32.7
P00071-TR05,P00071,First Response and Trauma Care,2025-02-18,2025-02-22,34.9
P00071-TR06,P00071,Weapons Refresher,2025-11-30,2025-12-01,7.8
P00072-TR01,P00072,Jungle Warfare Refresher,2025-05-01,2025-05-04,22.4
P00072-TR02,P00072,Counter-IED Awareness,2025-04-29,2025-04-30,6.6
P00072-TR03,P00072,First Response and Trauma Care,2026-08-07,2026-08-11,26.7
P00072-TR04,P00072,First Response and Trauma Care,2026-07-10,2026-07-15,38.3
P00072-TR05,P00072,Crowd Management,2026-05-07,2026-05-08,5.1
P00072-TR06,P00072,Counter-IED Awareness,2026-06-12,2026-06-19,50.7
P00072-TR07,P00072,Counter-IED Awareness,2026-04-24,2026-05-01,55.3
P00072-TR08,P00072,Weapons Refresher,2025-05-22,2025-05-23,7.3
P00073-TR01,P00073,Weapons Refresher,2025-02-16,2025-02-19,23.9
P00073-TR02,P00073,Stress Management Workshop,2024-10-31,2024-11-04,30.0
P00073-TR03,P00073,Jungle Warfare Refresher,2026-06-24,2026-06-25,11.8
P00073-TR04,P00073,Communications and Signals,2025-09-13,2025-09-16,23.5
P00073-TR05,P00073,Counter-IED Awareness,2025-01-28,2025-01-30,17.7
P00073-TR06,P00073,First Response and Trauma Care,2026-02-06,2026-02-11,44.1
P00073-TR07,P00073,First Response and Trauma Care,2025-04-01,2025-04-03,19.7
P00073-TR08,P00073,First Response and Trauma Care,2025-04-16,2025-04-18,16.1
P00073-TR09,P00073,Communications and Signals,2025-09-15,2025-09-17,15.0
P00073-TR10,P00073,Physical Efficiency Test Preparation,2024-12-27,2024-12-31,35.0
P00073-TR11,P00073,Communications and Signals,2025-10-01,2025-10-02,10.9
P00074-TR01,P00074,Jungle Warfare Refresher,2024-10-17,2024-10-18,9.8
P00074-TR02,P00074,Stress Management Workshop,2025-09-03,2025-09-07,28.6
P00074-TR03,P00074,Counter-IED Awareness,2024-12-12,2024-12-13,5.3
P00074-TR04,P00074,Communications and Signals,2024-11-11,2024-11-12,6.4
P00074-TR05,P00074,Weapons Refresher,2024-11-25,2024-11-28,26.7
P00074-TR06,P00074,Stress Management Workshop,2026-07-17,2026-07-18,10.0
P00074-TR07,P00074,Crowd Management,2026-01-11,2026-01-13,15.1
P00074-TR08,P00074,Weapons Refresher,2026-01-09,2026-01-10,5.5
P00075-TR01,P00075,Jungle Warfare Refresher,2024-09-01,2024-09-05,31.9
P00075-TR02,P00075,Physical Efficiency Test Preparation,2024-09-17,2024-09-18,10.1
P00075-TR03,P00075,Counter-IED Awareness,2026-04-19,2026-04-21,15.9
P00075-TR04,P00075,Jungle Warfare Refresher,2024-11-05,2024-11-10,39.0
P00075-TR05,P00075,Communications and Signals,2025-04-26,2025-04-29,22.7
P00075-TR06,P00075,First Response and Trauma Care,2025-05-16,2025-05-17,11.5
P00075-TR07,P00075,Weapons Refresher,2026-05-26,2026-05-27,8.1
P00075-TR08,P00075,Jungle Warfare Refresher,2025-08-09,2025-08-13,32.4
P00075-TR09,P00075,First Response and Trauma Care,2025-10-19,2025-10-20,14.9
P00075-TR10,P00075,Physical Efficiency Test Preparation,2025-02-19,2025-02-21,11.5
P00075-TR11,P00075,Jungle Warfare Refresher,2024-09-09,2024-09-10,7.6
P00076-TR01,P00076,First Response and Trauma Care,2026-04-26,2026-04-29,25.2
P00076-TR02,P00076,Weapons Refresher,2025-02-21,2025-02-22,7.2
P00076-TR03,P00076,Communications and Signals,2026-06-14,2026-06-17,19.8
P00076-TR04,P00076,Crowd Management,2026-05-19,2026-05-25,52.2
P00076-TR05,P00076,Communications and Signals,2025-02-08,2025-02-13,33.7
P00076-TR06,P00076,Stress Management Workshop,2025-07-29,2025-08-03,36.0
P00077-TR01,P00077,Weapons Refresher,2024-10-06,2024-10-10,34.0
P00077-TR02,P00077,Physical Efficiency Test Preparation,2026-05-14,2026-05-16,13.7
P00077-TR03,P00077,First Response and Trauma Care,2026-01-27,2026-01-31,30.0
P00077-TR04,P00077,Jungle Warfare Refresher,2026-08-11,2026-08-14,19.7
P00077-TR05,P00077,First Response and Trauma Care,2025-09-04,2025-09-08,34.7
P00077-TR06,P00077,Physical Efficiency Test Preparation,2026-01-18,2026-01-19,6.0
P00077-TR07,P00077,Jungle Warfare Refresher,2025-03-20,2025-03-23,23.1
P00077-TR08,P00077,Stress Management Workshop,2025-02-22,2025-02-24,15.2
P00078-TR01,P00078,Communications and Signals,2026-03-11,2026-03-12,4.1
P00078-TR02,P00078,Stress Management Workshop,2024-12-01,2024-12-03,10.4
P00078-TR03,P00078,Stress Management Workshop,2024-11-16,2024-11-17,12.8
P00078-TR04,P00078,Stress Management Workshop,2025-11-15,2025-11-20,44.7
P00078-TR05,P00078,Jungle Warfare Refresher,2025-11-22,2025-11-26,30.4
P00078-TR06,P00078,Counter-IED Awareness,2024-11-24,2024-11-26,9.6
P00078-TR07,P00078,Stress Management Workshop,2026-02-01,2026-02-03,19.4
P00078-TR08,P00078,Crowd Management,2026-04-24,2026-04-28,32.7
P00078-TR09,P00078,Weapons Refresher,2024-12-31,2025-01-05,38.8
P00078-TR10,P00078,First Response and Trauma Care,2025-01-29,2025-01-30,8.0
P00079-TR01,P00079,First Response and Trauma Care,2026-01-09,2026-01-10,9.0
P00079-TR02,P00079,Stress Management Workshop,2026-03-17,2026-03-21,33.5
P00079-TR03,P00079,Stress Management Workshop,2025-03-28,2025-03-30,20.6
P00079-TR04,P00079,Crowd Management,2025-07-08,2025-07-12,33.5
P00079-TR05,P00079,Stress Management Workshop,2025-10-06,2025-10-09,22.1
P00079-TR06,P00079,Jungle Warfare Refresher,2025-06-22,2025-06-24,13.0
P00079-TR07,P00079,Counter-IED Awareness,2026-05-07,2026-05-11,28.0
P00079-TR08,P00079,Counter-IED Awareness,2026-04-11,2026-04-14,25.9
P00079-TR09,P00079,Crowd Management,2024-09-23,2024-09-26,21.6
P00079-TR10,P00079,Communications and Signals,2026-03-02,2026-03-05,23.1
P00079-TR11,P00079,Physical Efficiency Test Preparation,2025-08-31,2025-09-08,58.6
P00080-TR01,P00080,Jungle Warfare Refresher,2025-08-28,2025-08-29,7.1
P00080-TR02,P00080,Communications and Signals,2026-08-24,2026-08-27,30.0
P00080-TR03,P00080,Crowd Management,2025-04-15,2025-04-18,26.4
P00080-TR04,P00080,Counter-IED Awareness,2026-01-01,2026-01-02,4.0
P00080-TR05,P00080,Jungle Warfare Refresher,2026-06-22,2026-06-25,22.9
P00080-TR06,P00080,Counter-IED Awareness,2024-09-24,2024-09-28,32.2
P00080-TR07,P00080,Weapons Refresher,2026-03-18,2026-03-20,19.0
P00080-TR08,P00080,Counter-IED Awareness,2025-05-24,2025-05-25,6.3
P00080-TR09,P00080,Jungle Warfare Refresher,2025-08-06,2025-08-07,5.3
P00081-TR01,P00081,Stress Management Workshop,2025-08-26,2025-08-27,5.2
P00081-TR02,P00081,First Response and Trauma Care,2025-05-19,2025-05-23,31.9
P00081-TR03,P00081,Communications and Signals,2026-04-05,2026-04-08,24.6
P00081-TR04,P00081,Counter-IED Awareness,2025-08-31,2025-09-05,36.6
P00081-TR05,P00081,First Response and Trauma Care,2026-04-05,2026-04-08,18.0
P00081-TR06,P00081,Stress Management Workshop,2024-11-27,2024-11-29,14.8
P00081-TR07,P00081,Physical Efficiency Test Preparation,2025-03-24,2025-03-26,23.2
P00081-TR08,P00081,Communications and Signals,2025-11-10,2025-11-12,17.5
P00081-TR09,P00081,Crowd Management,2025-01-17,2025-01-19,20.9
P00081-TR10,P00081,Communications and Signals,2026-07-08,2026-07-09,5.7
P00082-TR01,P00082,Communications and Signals,2025-09-11,2025-09-14,27.4
P00082-TR02,P00082,Counter-IED Awareness,2026-02-28,2026-03-07,54.1
P00082-TR03,P00082,Physical Efficiency Test Preparation,2025-01-24,2025-01-26,17.7
P00082-TR04,P00082,Jungle Warfare Refresher,2026-05-23,2026-05-31,60.0
P00082-TR05,P00082,Crowd Management,2026-03-01,2026-03-02,12.9
P00082-TR06,P00082,Jungle Warfare Refresher,2026-03-18,2026-03-20,18.3
P00082-TR07,P00082,First Response and Trauma Care,2024-11-10,2024-11-12,21.3
P00082-TR08,P00082,Stress Management Workshop,2026-05-19,2026-05-20,6.1
P00082-TR09,P00082,Stress Management Workshop,2024-09-27,2024-09-29,20.2
P00082-TR10,P00082,Counter-IED Awareness,2025-03-02,2025-03-05,24.8
P00082-TR11,P00082,Communications and Signals,2025-08-16,2025-08-21,36.4
P00083-TR01,P00083,Counter-IED Awareness,2025-12-18,2025-12-21,27.4
P00083-TR02,P00083,Physical Efficiency Test Preparation,2026-04-26,2026-04-28,17.0
P00083-TR03,P00083,First Response and Trauma Care,2024-10-10,2024-10-14,34.2
P00083-TR04,P00083,Stress Management Workshop,2026-02-10,2026-02-14,31.6
P00083-TR05,P00083,Counter-IED Awareness,2026-06-06,2026-06-08,13.1
P00083-TR06,P00083,Crowd Management,2025-12-29,2026-01-03,40.0
P00083-TR07,P00083,Crowd Management,2025-07-17,2025-07-22,37.4
P00083-TR08,P00083,Communications and Signals,2025-08-24,2025-08-28,32.6
P00083-TR09,P00083,Stress Management Workshop,2025-09-29,2025-10-03,26.8
P00083-TR10,P00083,Physical Efficiency Test Preparation,2024-12-11,2024-12-13,17.2
P00084-TR01,P00084,Physical Efficiency Test Preparation,2024-12-13,2024-12-16,29.0
P00084-TR02,P00084,Physical Efficiency Test Preparation,2026-05-27,2026-06-01,42.7
P00084-TR03,P00084,Physical Efficiency Test Preparation,2025-02-13,2025-02-17,36.4
P00084-TR04,P00084,Weapons Refresher,2025-12-22,2025-12-25,25.2
P00084-TR05,P00084,Weapons Refresher,2025-12-18,2025-12-19,4.0
P00084-TR06,P00084,Counter-IED Awareness,2025-08-24,2025-08-31,60.0
P00084-TR07,P00084,Communications and Signals,2026-07-05,2026-07-06,4.7
P00084-TR08,P00084,Jungle Warfare Refresher,2026-06-07,2026-06-10,27.8
P00084-TR09,P00084,Counter-IED Awareness,2025-04-20,2025-04-21,4.0
P00084-TR10,P00084,Weapons Refresher,2025-05-19,2025-05-21,14.5
P00084-TR11,P00084,Physical Efficiency Test Preparation,2026-01-20,2026-01-26,48.9
P00084-TR12,P00084,Crowd Management,2025-04-12,2025-04-16,27.1
P00084-TR13,P00084,Weapons Refresher,2025-02-07,2025-02-08,11.0
P00085-TR01,P00085,First Response and Trauma Care,2025-08-19,2025-08-23,35.3
P00085-TR02,P00085,Communications and Signals,2025-02-11,2025-02-12,8.9
P00085-TR03,P00085,Stress Management Workshop,2025-08-21,2025-08-23,12.5
P00085-TR04,P00085,Physical Efficiency Test Preparation,2025-05-31,2025-06-01,11.6
P00085-TR05,P00085,Communications and Signals,2025-09-15,2025-09-17,14.7
P00085-TR06,P00085,Weapons Refresher,2026-03-12,2026-03-15,30.6
P00085-TR07,P00085,Jungle Warfare Refresher,2025-10-18,2025-10-20,14.4
P00085-TR08,P00085,Weapons Refresher,2024-11-17,2024-11-20,27.2
P00086-TR01,P00086,Crowd Management,2025-01-16,2025-01-18,21.6
P00086-TR02,P00086,Communications and Signals,2025-06-11,2025-06-14,26.1
P00086-TR03,P00086,Counter-IED Awareness,2024-12-12,2024-12-16,30.5
P00086-TR04,P00086,Crowd Management,2026-02-28,2026-03-04,32.8
P00086-TR05,P00086,Communications and Signals,2024-09-26,2024-09-29,22.5
P00086-TR06,P00086,Counter-IED Awareness,2026-06-10,2026-06-13,20.8
P00087-TR01,P00087,Crowd Management,2025-12-22,2025-12-26,29.1
P00087-TR02,P00087,Physical Efficiency Test Preparation,2024-10-02,2024-10-06,31.7
P00087-TR03,P00087,Physical Efficiency Test Preparation,2026-07-06,2026-07-08,15.7
P00087-TR04,P00087,Jungle Warfare Refresher,2026-08-18,2026-08-25,60.0
P00087-TR05,P00087,Weapons Refresher,2025-01-07,2025-01-10,25.5
P00087-TR06,P00087,Physical Efficiency Test Preparation,2026-03-26,2026-03-28,13.2
P00087-TR07,P00087,Jungle Warfare Refresher,2024-11-02,2024-11-03,7.7
P00087-TR08,P00087,Weapons Refresher,2025-07-26,2025-07-27,7.1
P00087-TR09,P00087,First Response and Trauma Care,2025-05-21,2025-05-28,60.0
P00087-TR10,P00087,Physical Efficiency Test Preparation,2026-01-24,2026-01-27,17.4
P00087-TR11,P00087,Crowd Management,2025-09-16,2025-09-17,9.9
P00087-TR12,P00087,Stress Management Workshop,2024-12-06,2024-12-09,24.0
P00087-TR13,P00087,First Response and Trauma Care,2025-08-30,2025-08-31,8.0
P00088-TR01,P00088,Communications and Signals,2025-05-28,2025-05-30,17.3
P00088-TR02,P00088,Jungle Warfare Refresher,2026-02-09,2026-02-13,29.7
P00088-TR03,P00088,Jungle Warfare Refresher,2025-03-25,2025-03-26,7.7
P00088-TR04,P00088,Stress Management Workshop,2026-03-06,2026-03-12,51.7
P00088-TR05,P00088,Stress Management Workshop,2025-11-17,2025-11-20,29.6
P00088-TR06,P00088,Crowd Management,2026-07-16,2026-07-17,5.9
P00088-TR07,P00088,Crowd Management,2026-06-12,2026-06-14,15.3
P00088-TR08,P00088,Stress Management Workshop,2025-04-20,2025-04-21,11.0
P00088-TR09,P00088,Jungle Warfare Refresher,2025-11-08,2025-11-11,19.4
P00089-TR01,P00089,First Response and Trauma Care,2025-04-05,2025-04-09,32.5
P00089-TR02,P00089,Communications and Signals,2025-07-21,2025-07-25,38.4
P00089-TR03,P00089,Communications and Signals,2026-07-26,2026-07-29,24.2
P00089-TR04,P00089,Stress Management Workshop,2026-05-03,2026-05-04,13.0
P00089-TR05,P00089,Jungle Warfare Refresher,2026-06-14,2026-06-15,13.2
P00089-TR06,P00089,Weapons Refresher,2025-02-07,2025-02-10,18.6
P00089-TR07,P00089,Communications and Signals,2025-11-15,2025-11-23,60.0
P00089-TR08,P00089,Counter-IED Awareness,2025-05-29,2025-06-01,22.3
P00089-TR09,P00089,Physical Efficiency Test Preparation,2025-12-06,2025-12-09,24.4
P00089-TR10,P00089,Counter-IED Awareness,2026-02-20,2026-02-22,13.5
P00089-TR11,P00089,Jungle Warfare Refresher,2025-09-04,2025-09-05,7.1
P00090-TR01,P00090,Physical Efficiency Test Preparation,2026-01-21,2026-01-23,17.5
P00090-TR02,P00090,Physical Efficiency Test Preparation,2026-05-10,2026-05-13,24.5
P00090-TR03,P00090,First Response and Trauma Care,2024-12-29,2025-01-01,19.5
P00090-TR04,P00090,Counter-IED Awareness,2026-08-01,2026-08-04,31.0
P00090-TR05,P00090,Crowd Management,2026-01-06,2026-01-07,13.6
P00090-TR06,P00090,Communications and Signals,2024-09-12,2024-09-15,23.5
P00090-TR07,P00090,Weapons Refresher,2025-10-14,2025-10-15,11.7
P00090-TR08,P00090,Physical Efficiency Test Preparation,2026-05-14,2026-05-15,12.3
P00090-TR09,P00090,Crowd Management,2025-08-11,2025-08-13,14.3
P00091-TR01,P00091,Communications and Signals,2026-07-08,2026-07-11,21.4
P00091-TR02,P00091,First Response and Trauma Care,2024-11-30,2024-12-05,35.0
P00091-TR03,P00091,Physical Efficiency Test Preparation,2025-08-27,2025-08-29,15.9
P00091-TR04,P00091,Communications and Signals,2024-12-11,2024-12-15,28.9
P00091-TR05,P00091,Counter-IED Awareness,2024-12-01,2024-12-06,42.0
P00091-TR06,P00091,Communications and Signals,2025-10-20,2025-10-25,41.9
P00091-TR07,P00091,Stress Management Workshop,2025-11-21,2025-11-24,24.1
P00091-TR08,P00091,Stress Management Workshop,2026-01-31,2026-02-01,4.3
P00092-TR01,P00092,Stress Management Workshop,2026-05-22,2026-05-25,17.8
P00092-TR02,P00092,Jungle Warfare Refresher,2025-11-09,2025-11-11,15.1
P00092-TR03,P00092,Stress Management Workshop,2026-06-04,2026-06-06,17.6
P00092-TR04,P00092,First Response and Trauma Care,2024-11-16,2024-11-21,41.7
P00092-TR05,P00092,Weapons Refresher,2025-02-20,2025-02-23,22.2
P00092-TR06,P00092,Weapons Refresher,2025-03-19,2025-03-22,21.9
P00092-TR07,P00092,Crowd Management,2025-07-15,2025-07-19,31.1
P00092-TR08,P00092,Crowd Management,2026-06-18,2026-06-20,15.6
P00092-TR09,P00092,Jungle Warfare Refresher,2026-05-23,2026-05-25,16.6
P00093-TR01,P00093,First Response and Trauma Care,2025-10-02,2025-10-05,25.5
P00093-TR02,P00093,Crowd Management,2025-06-14,2025-06-18,31.0
P00093-TR03,P00093,Jungle Warfare Refresher,2025-09-04,2025-09-05,7.5
P00093-TR04,P00093,First Response and Trauma Care,2025-07-28,2025-07-29,5.9
P00093-TR05,P00093,Physical Efficiency Test Preparation,2026-08-18,2026-08-21,23.3
P00093-TR06,P00093,Crowd Management,2025-07-26,2025-07-30,32.1
P00093-TR07,P00093,Physical Efficiency Test Preparation,2025-01-20,2025-01-25,36.7
P00093-TR08,P00093,Counter-IED Awareness,2025-10-15,2025-10-18,20.5
P00093-TR09,P00093,Jungle Warfare Refresher,2025-09-19,2025-09-20,5.3
P00094-TR01,P00094,Communications and Signals,2026-04-12,2026-04-17,34.5
P00094-TR02,P00094,Counter-IED Awareness,2026-08-14,2026-08-15,7.3
P00094-TR03,P00094,Crowd Management,2026-04-05,2026-04-07,17.7
P00094-TR04,P00094,Physical Efficiency Test Preparation,2025-11-08,2025-11-09,7.9
P00094-TR05,P00094,Crowd Management,2026-06-25,2026-06-28,23.7
P00094-TR06,P00094,Weapons Refresher,2025-05-08,2025-05-09,10.4
P00095-TR01,P00095,First Response and Trauma Care,2025-03-25,2025-03-30,36.4
P00095-TR02,P00095,Weapons Refresher,2026-05-08,2026-05-10,16.8
P00095-TR03,P00095,Counter-IED Awareness,2025-03-27,2025-03-28,10.7
P00095-TR04,P00095,Communications and Signals,2025-06-13,2025-06-14,9.7
P00095-TR05,P00095,Communications and Signals,2025-09-17,2025-09-18,14.5
P00095-TR06,P00095,First Response and Trauma Care,2025-04-16,2025-04-20,35.8
P00095-TR07,P00095,Communications and Signals,2026-01-07,2026-01-09,16.3
P00095-TR08,P00095,Counter-IED Awareness,2025-06-07,2025-06-09,10.6
P00095-TR09,P00095,Stress Management Workshop,2026-06-23,2026-06-26,28.1
P00095-TR10,P00095,Weapons Refresher,2025-02-12,2025-02-16,24.8
P00095-TR11,P00095,Crowd Management,2026-04-03,2026-04-05,11.8
P00095-TR12,P00095,First Response and Trauma Care,2025-05-17,2025-05-19,16.2
P00095-TR13,P00095,Jungle Warfare Refresher,2026-01-05,2026-01-07,15.5
P00095-TR14,P00095,Stress Management Workshop,2024-12-01,2024-12-06,37.5
P00095-TR15,P00095,Jungle Warfare Refresher,2026-03-23,2026-03-29,50.4
P00095-TR16,P00095,Counter-IED Awareness,2024-11-26,2024-11-29,24.0
P00095-TR17,P00095,First Response and Trauma Care,2026-06-10,2026-06-12,18.1
P00096-TR01,P00096,Communications and Signals,2025-01-12,2025-01-17,41.8
P00096-TR02,P00096,Physical Efficiency Test Preparation,2024-11-06,2024-11-09,30.5
P00096-TR03,P00096,Weapons Refresher,2026-08-19,2026-08-21,17.7
P00096-TR04,P00096,Communications and Signals,2025-03-02,2025-03-04,22.4
P00096-TR05,P00096,Jungle Warfare Refresher,2024-11-18,2024-11-21,26.8
P00096-TR06,P00096,Communications and Signals,2026-01-24,2026-01-27,26.7
P00096-TR07,P00096,Crowd Management,2025-04-06,2025-04-08,14.6
P00097-TR01,P00097,Stress Management Workshop,2025-03-23,2025-03-28,40.4
P00097-TR02,P00097,First Response and Trauma Care,2025-02-06,2025-02-09,23.6
P00097-TR03,P00097,Jungle Warfare Refresher,2025-11-19,2025-11-20,9.0
P00097-TR04,P00097,Stress Management Workshop,2025-02-19,2025-02-21,11.5
P00097-TR05,P00097,Jungle Warfare Refresher,2025-09-20,2025-09-22,14.2
P00097-TR06,P00097,First Response and Trauma Care,2025-07-01,2025-07-05,30.4
P00097-TR07,P00097,Physical Efficiency Test Preparation,2025-12-06,2025-12-07,10.7
P00097-TR08,P00097,Weapons Refresher,2026-06-17,2026-06-24,54.4
P00097-TR09,P00097,Stress Management Workshop,2024-09-04,2024-09-05,7.1
P00097-TR10,P00097,Counter-IED Awareness,2025-10-25,2025-10-29,30.7
P00098-TR01,P00098,First Response and Trauma Care,2025-01-12,2025-01-14,20.1
P00098-TR02,P00098,Stress Management Workshop,2025-08-16,2025-08-19,20.4
P00098-TR03,P00098,Physical Efficiency Test Preparation,2025-11-22,2025-11-24,19.9
P00098-TR04,P00098,Communications and Signals,2026-04-05,2026-04-07,21.6
P00098-TR05,P00098,Communications and Signals,2026-02-01,2026-02-03,16.8
P00098-TR06,P00098,Jungle Warfare Refresher,2024-09-17,2024-09-22,43.7
P00098-TR07,P00098,Jungle Warfare Refresher,2026-06-27,2026-07-04,53.6
P00099-TR01,P00099,Jungle Warfare Refresher,2024-12-05,2024-12-07,15.7
P00099-TR02,P00099,Weapons Refresher,2026-06-05,2026-06-09,33.3
P00099-TR03,P00099,Jungle Warfare Refresher,2024-12-21,2024-12-24,24.4
P00099-TR04,P00099,Weapons Refresher,2025-01-19,2025-01-20,9.5
P00099-TR05,P00099,Crowd Management,2026-04-08,2026-04-09,10.2
P00099-TR06,P00099,Jungle Warfare Refresher,2025-07-20,2025-07-21,5.3
P00099-TR07,P00099,Physical Efficiency Test Preparation,2026-04-03,2026-04-07,26.8
P00099-TR08,P00099,Jungle Warfare Refresher,2024-10-30,2024-11-05,43.0
P00099-TR09,P00099,First Response and Trauma Care,2025-10-18,2025-10-23,40.7
P00099-TR10,P00099,Physical Efficiency Test Preparation,2025-12-25,2025-12-27,14.2
P00099-TR11,P00099,Stress Management Workshop,2026-04-21,2026-04-27,48.6
P00099-TR12,P00099,Stress Management Workshop,2025-08-03,2025-08-06,22.8
P00099-TR13,P00099,Jungle Warfare Refresher,2026-03-23,2026-03-24,7.8
P00099-TR14,P00099,Weapons Refresher,2025-03-07,2025-03-12,43.3
P00100-TR01,P00100,First Response and Trauma Care,2026-05-17,2026-05-21,34.7
P00100-TR02,P00100,Communications and Signals,2025-02-24,2025-02-27,22.1
P00100-TR03,P00100,Stress Management Workshop,2026-08-17,2026-08-24,57.2
P00101-TR01,P00101,Crowd Management,2025-08-21,2025-08-22,8.3
P00101-TR02,P00101,Physical Efficiency Test Preparation,2026-02-05,2026-02-06,7.1
P00101-TR03,P00101,First Response and Trauma Care,2025-05-05,2025-05-07,10.9
P00101-TR04,P00101,Weapons Refresher,2025-11-09,2025-11-16,57.8
P00101-TR05,P00101,Stress Management Workshop,2025-11-25,2025-11-29,26.4
P00101-TR06,P00101,Physical Efficiency Test Preparation,2026-04-18,2026-04-19,10.0
P00101-TR07,P00101,Weapons Refresher,2026-05-01,2026-05-05,28.6
P00101-TR08,P00101,Stress Management Workshop,2025-12-04,2025-12-09,37.4
P00101-TR09,P00101,First Response and Trauma Care,2025-07-27,2025-07-30,22.9
P00101-TR10,P00101,First Response and Trauma Care,2025-09-21,2025-09-28,56.3
P00101-TR11,P00101,First Response and Trauma Care,2025-05-30,2025-06-01,18.5
P00101-TR12,P00101,Physical Efficiency Test Preparation,2025-03-23,2025-03-25,15.2
P00101-TR13,P00101,Counter-IED Awareness,2025-04-29,2025-05-02,22.6
P00101-TR14,P00101,Jungle Warfare Refresher,2026-01-29,2026-01-30,5.4
P00102-TR01,P00102,Stress Management Workshop,2025-10-14,2025-10-18,34.3
P00102-TR02,P00102,Stress Management Workshop,2025-03-11,2025-03-13,14.2
P00102-TR03,P00102,First Response and Trauma Care,2026-02-11,2026-02-18,60.0
P00102-TR04,P00102,Crowd Management,2025-04-14,2025-04-19,43.2
P00102-TR05,P00102,Crowd Management,2026-07-01,2026-07-03,12.1
P00102-TR06,P00102,Weapons Refresher,2026-02-27,2026-03-01,19.7
P00102-TR07,P00102,Communications and Signals,2025-11-14,2025-11-16,15.6
P00102-TR08,P00102,Counter-IED Awareness,2024-12-27,2024-12-30,21.7
P00102-TR09,P00102,Counter-IED Awareness,2026-05-15,2026-05-17,18.5
P00103-TR01,P00103,Physical Efficiency Test Preparation,2024-09-08,2024-09-10,14.7
P00103-TR02,P00103,Jungle Warfare Refresher,2026-04-22,2026-04-24,21.3
P00103-TR03,P00103,Weapons Refresher,2025-12-30,2026-01-03,34.9
P00103-TR04,P00103,Jungle Warfare Refresher,2025-01-15,2025-01-20,38.7
P00103-TR05,P00103,Stress Management Workshop,2026-07-22,2026-07-24,12.7
P00103-TR06,P00103,Stress Management Workshop,2026-02-27,2026-03-01,9.1
P00103-TR07,P00103,Stress Management Workshop,2026-04-20,2026-04-28,60.0
P00103-TR08,P00103,Stress Management Workshop,2026-06-06,2026-06-08,15.3
P00103-TR09,P00103,Physical Efficiency Test Preparation,2026-07-26,2026-07-29,23.0
P00103-TR10,P00103,Counter-IED Awareness,2026-08-28,2026-08-29,10.5
P00104-TR01,P00104,Counter-IED Awareness,2025-01-30,2025-01-31,8.5
P00104-TR02,P00104,Weapons Refresher,2025-06-19,2025-06-23,29.2
P00104-TR03,P00104,Weapons Refresher,2025-02-09,2025-02-12,26.4
P00104-TR04,P00104,Weapons Refresher,2024-09-09,2024-09-12,27.4
P00104-TR05,P00104,Stress Management Workshop,2026-01-05,2026-01-08,24.1
P00104-TR06,P00104,Stress Management Workshop,2025-06-07,2025-06-08,7.0
P00104-TR07,P00104,First Response and Trauma Care,2024-11-30,2024-12-06,46.6
P00105-TR01,P00105,Weapons Refresher,2026-02-20,2026-02-22,17.6
P00105-TR02,P00105,Jungle Warfare Refresher,2024-10-19,2024-10-21,9.6
P00105-TR03,P00105,Stress Management Workshop,2026-04-17,2026-04-20,19.0
P00105-TR04,P00105,First Response and Trauma Care,2024-11-11,2024-11-13,16.2
P00105-TR05,P00105,First Response and Trauma Care,2026-03-20,2026-03-21,8.7
P00105-TR06,P00105,Physical Efficiency Test Preparation,2026-05-10,2026-05-11,10.8
P00105-TR07,P00105,Jungle Warfare Refresher,2025-01-25,2025-01-27,11.9
P00106-TR01,P00106,Crowd Management,2026-08-10,2026-08-13,30.7
P00106-TR02,P00106,Crowd Management,2025-09-11,2025-09-12,5.8
P00106-TR03,P00106,Communications and Signals,2026-05-31,2026-06-02,14.9
P00106-TR04,P00106,Physical Efficiency Test Preparation,2025-04-21,2025-04-23,10.9
P00106-TR05,P00106,Communications and Signals,2025-02-23,2025-02-27,35.0
P00106-TR06,P00106,Stress Management Workshop,2026-03-17,2026-03-23,54.4
P00106-TR07,P00106,Jungle Warfare Refresher,2024-09-08,2024-09-10,19.2
P00106-TR08,P00106,First Response and Trauma Care,2024-11-01,2024-11-03,17.2
P00106-TR09,P00106,Counter-IED Awareness,2025-06-30,2025-07-03,20.1
P00106-TR10,P00106,Stress Management Workshop,2025-05-24,2025-05-25,7.4
P00107-TR01,P00107,Counter-IED Awareness,2025-01-24,2025-01-26,15.9
P00107-TR02,P00107,Stress Management Workshop,2026-01-05,2026-01-10,36.6
P00107-TR03,P00107,Crowd Management,2025-11-20,2025-11-27,57.3
P00108-TR01,P00108,Counter-IED Awareness,2025-05-04,2025-05-07,19.8
P00108-TR02,P00108,Jungle Warfare Refresher,2025-10-08,2025-10-11,24.6
P00108-TR03,P00108,Physical Efficiency Test Preparation,2024-11-17,2024-11-20,21.6
P00108-TR04,P00108,Weapons Refresher,2024-11-17,2024-11-24,51.0
P00108-TR05,P00108,Communications and Signals,2026-01-21,2026-01-27,47.9
P00108-TR06,P00108,Stress Management Workshop,2024-12-12,2024-12-13,11.6
P00108-TR07,P00108,First Response and Trauma Care,2026-06-03,2026-06-04,4.0
P00108-TR08,P00108,Crowd Management,2026-02-05,2026-02-07,15.7
P00108-TR09,P00108,Communications and Signals,2026-05-13,2026-05-15,13.6
P00109-TR01,P00109,Weapons Refresher,2026-08-02,2026-08-03,11.1
P00109-TR02,P00109,Physical Efficiency Test Preparation,2026-01-04,2026-01-05,6.7
P00109-TR03,P00109,Weapons Refresher,2025-01-21,2025-01-23,19.7
P00109-TR04,P00109,Crowd Management,2026-05-31,2026-06-01,8.2
P00109-TR05,P00109,Weapons Refresher,2025-05-23,2025-05-24,6.3
P00109-TR06,P00109,First Response and Trauma Care,2025-10-05,2025-10-09,33.2
P00109-TR07,P00109,Weapons Refresher,2024-10-29,2024-10-31,15.9
P00109-TR08,P00109,Counter-IED Awareness,2026-06-29,2026-07-01,18.3
P00110-TR01,P00110,First Response and Trauma Care,2026-08-04,2026-08-11,54.9
P00110-TR02,P00110,Stress Management Workshop,2026-04-07,2026-04-14,51.0
P00110-TR03,P00110,Crowd Management,2025-12-27,2025-12-28,8.3
P00110-TR04,P00110,Crowd Management,2025-02-27,2025-02-28,13.2
P00110-TR05,P00110,Communications and Signals,2025-02-09,2025-02-11,16.0
P00110-TR06,P00110,Crowd Management,2025-07-06,2025-07-07,11.2
P00110-TR07,P00110,Crowd Management,2024-09-24,2024-09-27,24.5
P00110-TR08,P00110,Crowd Management,2025-12-19,2025-12-22,25.6
P00110-TR09,P00110,Crowd Management,2024-10-20,2024-10-27,60.0
P00110-TR10,P00110,Physical Efficiency Test Preparation,2025-07-25,2025-07-27,20.1
P00110-TR11,P00110,Communications and Signals,2025-07-12,2025-07-14,13.2
P00110-TR12,P00110,Jungle Warfare Refresher,2026-06-06,2026-06-07,6.4
P00110-TR13,P00110,Stress Management Workshop,2025-09-10,2025-09-12,18.0
P00110-TR14,P00110,First Response and Trauma Care,2025-11-29,2025-12-03,27.0
P00110-TR15,P00110,Stress Management Workshop,2026-02-11,2026-02-18,60.0
P00110-TR16,P00110,First Response and Trauma Care,2024-10-04,2024-10-07,20.2
P00110-TR17,P00110,Physical Efficiency Test Preparation,2026-05-28,2026-06-01,30.6
P00111-TR01,P00111,Jungle Warfare Refresher,2026-01-18,2026-01-23,38.9
P00111-TR02,P00111,Weapons Refresher,2024-09-28,2024-10-04,43.9
P00111-TR03,P00111,Crowd Management,2025-06-14,2025-06-16,16.8
P00111-TR04,P00111,Communications and Signals,2026-04-25,2026-05-01,51.0
P00111-TR05,P00111,First Response and Trauma Care,2025-07-06,2025-07-07,6.0
P00111-TR06,P00111,Communications and Signals,2025-07-01,2025-07-08,56.0
P00111-TR07,P00111,Crowd Management,2025-09-17,2025-09-21,27.9
P00112-TR01,P00112,First Response and Trauma Care,2025-01-10,2025-01-12,17.3
P00112-TR02,P00112,Weapons Refresher,2026-07-31,2026-08-01,7.6
P00112-TR03,P00112,Counter-IED Awareness,2024-11-26,2024-11-30,29.7
P00112-TR04,P00112,Stress Management Workshop,2024-09-03,2024-09-07,33.5
P00112-TR05,P00112,Stress Management Workshop,2025-06-12,2025-06-17,38.4
P00112-TR06,P00112,Physical Efficiency Test Preparation,2025-10-02,2025-10-04,17.9
P00112-TR07,P00112,Communications and Signals,2026-01-11,2026-01-12,4.7
P00112-TR08,P00112,Crowd Management,2025-05-22,2025-05-24,9.3
P00112-TR09,P00112,Stress Management Workshop,2024-10-13,2024-10-16,24.5
P00112-TR10,P00112,Crowd Management,2025-11-08,2025-11-12,31.5
P00112-TR11,P00112,Crowd Management,2026-01-17,2026-01-21,32.3
P00112-TR12,P00112,Stress Management Workshop,2025-12-15,2025-12-19,29.5
P00112-TR13,P00112,Weapons Refresher,2025-06-14,2025-06-18,30.8
P00112-TR14,P00112,Counter-IED Awareness,2024-11-04,2024-11-07,28.7
P00112-TR15,P00112,Counter-IED Awareness,2025-03-25,2025-03-26,13.2
P00113-TR01,P00113,Jungle Warfare Refresher,2025-12-23,2025-12-24,11.0
P00113-TR02,P00113,Jungle Warfare Refresher,2025-12-11,2025-12-13,22.2
P00113-TR03,P00113,Stress Management Workshop,2025-11-02,2025-11-06,26.6
P00113-TR04,P00113,Crowd Management,2026-07-13,2026-07-17,27.6
P00113-TR05,P00113,Weapons Refresher,2025-08-22,2025-08-26,32.3
P00113-TR06,P00113,Stress Management Workshop,2025-08-16,2025-08-17,6.3
P00113-TR07,P00113,Physical Efficiency Test Preparation,2025-06-17,2025-06-19,19.1
P00113-TR08,P00113,First Response and Trauma Care,2025-05-27,2025-05-29,16.5
P00113-TR09,P00113,Physical Efficiency Test Preparation,2024-09-17,2024-09-22,40.3
P00113-TR10,P00113,Crowd Management,2026-08-20,2026-08-22,13.4
P00113-TR11,P00113,Weapons Refresher,2025-07-10,2025-07-12,15.2
P00113-TR12,P00113,Weapons Refresher,2025-04-17,2025-04-22,43.1
P00113-TR13,P00113,Counter-IED Awareness,2026-02-24,2026-02-25,5.1
P00113-TR14,P00113,Physical Efficiency Test Preparation,2025-04-13,2025-04-14,9.3
P00113-TR15,P00113,Physical Efficiency Test Preparation,2026-01-20,2026-01-23,18.0
P00113-TR16,P00113,Weapons Refresher,2026-05-18,2026-05-20,10.2
P00114-TR01,P00114,Jungle Warfare Refresher,2025-01-08,2025-01-10,20.2
P00114-TR02,P00114,First Response and Trauma Care,2026-01-26,2026-01-27,6.4
P00114-TR03,P00114,Physical Efficiency Test Preparation,2025-04-07,2025-04-12,44.1
P00114-TR04,P00114,Communications and Signals,2026-08-05,2026-08-06,9.7
P00114-TR05,P00114,Counter-IED Awareness,2025-06-11,2025-06-14,29.2
P00114-TR06,P00114,Physical Efficiency Test Preparation,2025-06-11,2025-06-12,12.8
P00114-TR07,P00114,Weapons Refresher,2026-04-15,2026-04-16,6.7
P00114-TR08,P00114,Communications and Signals,2026-04-18,2026-04-22,34.1
P00114-TR09,P00114,Counter-IED Awareness,2026-03-07,2026-03-10,24.5
P00115-TR01,P00115,Counter-IED Awareness,2025-03-08,2025-03-14,46.5
P00115-TR02,P00115,Jungle Warfare Refresher,2026-08-27,2026-09-01,36.6
P00115-TR03,P00115,Stress Management Workshop,2025-03-10,2025-03-13,25.8
P00115-TR04,P00115,Weapons Refresher,2024-12-28,2024-12-30,18.8
P00115-TR05,P00115,Physical Efficiency Test Preparation,2025-05-05,2025-05-06,8.8
P00115-TR06,P00115,Counter-IED Awareness,2024-12-20,2024-12-24,34.1
P00115-TR07,P00115,Counter-IED Awareness,2025-12-19,2025-12-20,6.5
P00115-TR08,P00115,Physical Efficiency Test Preparation,2025-01-25,2025-01-28,23.3
P00115-TR09,P00115,Crowd Management,2025-04-04,2025-04-09,36.6
P00115-TR10,P00115,Crowd Management,2025-10-11,2025-10-14,21.1
P00115-TR11,P00115,Jungle Warfare Refresher,2026-02-06,2026-02-13,60.0
P00115-TR12,P00115,Physical Efficiency Test Preparation,2025-10-08,2025-10-09,7.9
P00115-TR13,P00115,Jungle Warfare Refresher,2026-04-02,2026-04-03,10.7
P00116-TR01,P00116,Weapons Refresher,2024-10-31,2024-11-03,19.4
P00116-TR02,P00116,Weapons Refresher,2026-05-28,2026-05-29,12.3
P00116-TR03,P00116,Physical Efficiency Test Preparation,2025-08-16,2025-08-18,11.7
P00116-TR04,P00116,Counter-IED Awareness,2025-10-29,2025-10-31,22.4
P00116-TR05,P00116,Physical Efficiency Test Preparation,2026-02-10,2026-02-11,7.2
P00116-TR06,P00116,Jungle Warfare Refresher,2025-10-22,2025-10-24,14.1
P00116-TR07,P00116,First Response and Trauma Care,2024-11-26,2024-11-30,31.5
P00116-TR08,P00116,Jungle Warfare Refresher,2025-01-29,2025-02-01,28.0
P00116-TR09,P00116,Counter-IED Awareness,2026-07-31,2026-08-05,45.4
P00116-TR10,P00116,Weapons Refresher,2025-07-29,2025-07-30,6.6
P00116-TR11,P00116,Crowd Management,2026-07-28,2026-07-31,27.9
P00116-TR12,P00116,Communications and Signals,2025-08-29,2025-09-01,24.3
P00116-TR13,P00116,Physical Efficiency Test Preparation,2026-06-16,2026-06-17,11.9
P00117-TR01,P00117,Jungle Warfare Refresher,2026-04-25,2026-04-30,41.2
P00117-TR02,P00117,First Response and Trauma Care,2025-06-27,2025-06-29,10.9
P00117-TR03,P00117,First Response and Trauma Care,2025-01-25,2025-01-29,31.9
P00117-TR04,P00117,Stress Management Workshop,2026-01-11,2026-01-13,19.2
P00117-TR05,P00117,Jungle Warfare Refresher,2026-06-21,2026-06-25,33.8
P00117-TR06,P00117,Jungle Warfare Refresher,2025-08-28,2025-08-30,17.3
P00118-TR01,P00118,Jungle Warfare Refresher,2025-07-24,2025-07-31,50.1
P00118-TR02,P00118,First Response and Trauma Care,2025-03-14,2025-03-17,24.0
P00118-TR03,P00118,Jungle Warfare Refresher,2024-11-24,2024-11-28,25.8
P00118-TR04,P00118,Counter-IED Awareness,2026-04-17,2026-04-19,15.5
P00118-TR05,P00118,Weapons Refresher,2025-12-15,2025-12-16,11.2
P00118-TR06,P00118,First Response and Trauma Care,2024-09-13,2024-09-15,16.8
P00118-TR07,P00118,First Response and Trauma Care,2026-05-25,2026-05-27,13.1
P00118-TR08,P00118,Crowd Management,2025-03-10,2025-03-12,12.0
P00118-TR09,P00118,Communications and Signals,2025-05-29,2025-05-31,21.2
P00119-TR01,P00119,Stress Management Workshop,2024-09-12,2024-09-13,9.5
P00119-TR02,P00119,Communications and Signals,2026-05-27,2026-05-28,4.0
P00119-TR03,P00119,Weapons Refresher,2024-11-26,2024-11-28,18.6
P00119-TR04,P00119,Physical Efficiency Test Preparation,2025-07-01,2025-07-03,20.3
P00119-TR05,P00119,Jungle Warfare Refresher,2026-01-24,2026-01-26,16.2
P00119-TR06,P00119,Jungle Warfare Refresher,2025-10-24,2025-10-25,4.9
P00119-TR07,P00119,First Response and Trauma Care,2024-11-26,2024-11-28,17.3
P00120-TR01,P00120,Physical Efficiency Test Preparation,2026-02-09,2026-02-11,16.2
P00120-TR02,P00120,Crowd Management,2025-05-28,2025-06-01,33.9
P00120-TR03,P00120,First Response and Trauma Care,2025-02-23,2025-02-24,5.6
P00120-TR04,P00120,Physical Efficiency Test Preparation,2025-04-14,2025-04-16,17.7
P00120-TR05,P00120,Crowd Management,2025-11-19,2025-11-21,8.9
P00120-TR06,P00120,Weapons Refresher,2026-05-02,2026-05-05,24.7
P00120-TR07,P00120,Communications and Signals,2026-08-08,2026-08-14,47.0
P00120-TR08,P00120,Stress Management Workshop,2024-10-02,2024-10-05,21.6
P00120-TR09,P00120,Physical Efficiency Test Preparation,2025-12-07,2025-12-08,4.0
P00120-TR10,P00120,Crowd Management,2025-10-15,2025-10-19,32.2
P00120-TR11,P00120,Stress Management Workshop,2025-01-29,2025-01-31,16.9
P00120-TR12,P00120,Physical Efficiency Test Preparation,2025-03-24,2025-03-26,19.3
P00120-TR13,P00120,Crowd Management,2026-04-22,2026-04-25,18.9
P00120-TR14,P00120,Weapons Refresher,2025-08-28,2025-08-31,26.2
P00120-TR15,P00120,Communications and Signals,2025-07-07,2025-07-08,10.6
P00120-TR16,P00120,Communications and Signals,2025-10-04,2025-10-08,29.0
P00120-TR17,P00120,First Response and Trauma Care,2024-12-16,2024-12-20,29.4
P00120-TR18,P00120,Communications and Signals,2024-12-10,2024-12-13,23.5
P00120-TR19,P00120,Physical Efficiency Test Preparation,2025-03-28,2025-03-31,20.7
P00120-TR20,P00120,Stress Management Workshop,2026-02-13,2026-02-19,50.9
P00120-TR21,P00120,Communications and Signals,2026-06-25,2026-06-30,46.1
P00120-TR22,P00120,Weapons Refresher,2026-08-28,2026-09-01,33.6
P00120-TR23,P00120,Counter-IED Awareness,2024-11-03,2024-11-06,23.3
P00120-TR24,P00120,Physical Efficiency Test Preparation,2026-07-28,2026-07-30,12.2
P00120-TR25,P00120,First Response and Trauma Care,2025-04-23,2025-04-27,31.0
P00120-TR26,P00120,Stress Management Workshop,2025-11-03,2025-11-07,36.8
P00120-TR27,P00120,Communications and Signals,2025-05-29,2025-05-31,13.8
P00120-TR28,P00120,Jungle Warfare Refresher,2025-07-10,2025-07-12,16.2
P00121-TR01,P00121,Counter-IED Awareness,2025-01-05,2025-01-09,32.2
P00121-TR02,P00121,Communications and Signals,2026-05-24,2026-05-27,23.2
P00121-TR03,P00121,Crowd Management,2026-02-01,2026-02-03,14.4
P00121-TR04,P00121,Counter-IED Awareness,2025-10-15,2025-10-19,26.9
P00121-TR05,P00121,First Response and Trauma Care,2026-05-20,2026-05-21,6.1
P00121-TR06,P00121,Stress Management Workshop,2026-07-09,2026-07-13,31.6
P00121-TR07,P00121,Counter-IED Awareness,2025-08-22,2025-08-24,20.4
P00121-TR08,P00121,Counter-IED Awareness,2025-11-10,2025-11-12,13.7
P00121-TR09,P00121,Weapons Refresher,2025-09-02,2025-09-06,32.2
P00121-TR10,P00121,Communications and Signals,2025-04-21,2025-04-23,14.5
P00121-TR11,P00121,Weapons Refresher,2025-12-15,2025-12-17,13.0
P00121-TR12,P00121,Weapons Refresher,2025-09-09,2025-09-10,7.3
P00121-TR13,P00121,Counter-IED Awareness,2024-10-23,2024-10-24,6.4
P00122-TR01,P00122,Physical Efficiency Test Preparation,2025-07-09,2025-07-11,14.1
P00122-TR02,P00122,Stress Management Workshop,2026-03-12,2026-03-14,14.3
P00122-TR03,P00122,Communications and Signals,2024-10-02,2024-10-03,14.1
P00122-TR04,P00122,Jungle Warfare Refresher,2025-09-20,2025-09-23,23.2
P00122-TR05,P00122,Weapons Refresher,2025-10-04,2025-10-05,7.3
P00122-TR06,P00122,Counter-IED Awareness,2025-06-21,2025-06-26,35.6
P00122-TR07,P00122,Counter-IED Awareness,2025-10-15,2025-10-17,17.6
P00122-TR08,P00122,Jungle Warfare Refresher,2024-09-24,2024-09-27,23.3
P00122-TR09,P00122,Communications and Signals,2024-12-14,2024-12-15,12.0
P00122-TR10,P00122,Stress Management Workshop,2024-12-07,2024-12-11,29.3
P00122-TR11,P00122,Counter-IED Awareness,2026-02-10,2026-02-11,5.5
P00123-TR01,P00123,Crowd Management,2026-01-13,2026-01-15,21.4
P00123-TR02,P00123,Jungle Warfare Refresher,2024-11-07,2024-11-11,36.6
P00123-TR03,P00123,Crowd Management,2026-03-18,2026-03-21,24.5
P00123-TR04,P00123,Communications and Signals,2026-02-15,2026-02-20,38.5
P00123-TR05,P00123,Communications and Signals,2024-09-16,2024-09-18,23.4
P00123-TR06,P00123,Physical Efficiency Test Preparation,2025-02-27,2025-03-06,60.0
P00123-TR07,P00123,Jungle Warfare Refresher,2026-08-15,2026-08-17,16.5
P00123-TR08,P00123,Communications and Signals,2026-08-19,2026-08-22,18.2
P00123-TR09,P00123,Stress Management Workshop,2025-01-21,2025-01-22,7.2
P00124-TR01,P00124,Jungle Warfare Refresher,2025-05-28,2025-05-31,22.7
P00124-TR02,P00124,Physical Efficiency Test Preparation,2026-08-08,2026-08-11,19.7
P00124-TR03,P00124,Counter-IED Awareness,2026-02-14,2026-02-15,9.1
P00124-TR04,P00124,Physical Efficiency Test Preparation,2025-01-13,2025-01-14,8.6
P00124-TR05,P00124,First Response and Trauma Care,2024-11-28,2024-11-29,5.8
P00124-TR06,P00124,Crowd Management,2025-11-12,2025-11-14,11.7
P00124-TR07,P00124,Communications and Signals,2026-03-16,2026-03-21,41.3
P00124-TR08,P00124,Weapons Refresher,2025-08-19,2025-08-22,23.3
P00124-TR09,P00124,Physical Efficiency Test Preparation,2025-12-07,2025-12-14,60.0
P00125-TR01,P00125,Weapons Refresher,2026-02-17,2026-02-21,25.7
P00125-TR02,P00125,Weapons Refresher,2026-03-23,2026-03-27,33.9
P00125-TR03,P00125,Communications and Signals,2025-11-15,2025-11-17,13.8
P00125-TR04,P00125,Physical Efficiency Test Preparation,2025-09-14,2025-09-16,17.2
P00125-TR05,P00125,Counter-IED Awareness,2026-01-22,2026-01-27,34.1
P00125-TR06,P00125,Communications and Signals,2025-01-14,2025-01-20,45.5
P00125-TR07,P00125,Communications and Signals,2026-03-07,2026-03-08,8.8
P00125-TR08,P00125,Crowd Management,2026-05-13,2026-05-14,7.4
P00125-TR09,P00125,First Response and Trauma Care,2025-08-08,2025-08-10,21.7
P00125-TR10,P00125,Crowd Management,2026-03-20,2026-03-22,16.8
P00126-TR01,P00126,Communications and Signals,2024-12-13,2024-12-14,8.7
P00126-TR02,P00126,Jungle Warfare Refresher,2025-11-17,2025-11-19,19.2
P00126-TR03,P00126,Stress Management Workshop,2024-10-07,2024-10-08,6.7
P00126-TR04,P00126,Crowd Management,2026-03-09,2026-03-11,15.2
P00126-TR05,P00126,Counter-IED Awareness,2025-01-07,2025-01-12,42.7
P00126-TR06,P00126,First Response and Trauma Care,2025-09-22,2025-09-23,10.7
P00126-TR07,P00126,Crowd Management,2026-03-07,2026-03-15,60.0
P00126-TR08,P00126,Counter-IED Awareness,2025-09-25,2025-09-27,21.6
P00126-TR09,P00126,First Response and Trauma Care,2025-09-14,2025-09-21,57.2
P00126-TR10,P00126,Jungle Warfare Refresher,2025-09-18,2025-09-19,9.7
P00127-TR01,P00127,First Response and Trauma Care,2025-07-09,2025-07-11,17.1
P00127-TR02,P00127,Crowd Management,2025-03-31,2025-04-07,51.0
P00127-TR03,P00127,Crowd Management,2026-07-29,2026-07-31,17.7
P00127-TR04,P00127,Counter-IED Awareness,2024-11-30,2024-12-03,25.6
P00127-TR05,P00127,Communications and Signals,2024-11-25,2024-11-29,34.5
P00127-TR06,P00127,Jungle Warfare Refresher,2025-01-04,2025-01-08,34.4
P00127-TR07,P00127,First Response and Trauma Care,2025-05-26,2025-05-28,19.7
P00127-TR08,P00127,Jungle Warfare Refresher,2025-08-14,2025-08-15,12.1
P00127-TR09,P00127,Communications and Signals,2024-10-13,2024-10-16,24.4
P00127-TR10,P00127,Crowd Management,2025-12-09,2025-12-12,21.2
P00128-TR01,P00128,Counter-IED Awareness,2026-01-28,2026-01-31,23.6
P00128-TR02,P00128,Weapons Refresher,2026-03-21,2026-03-26,38.8
P00128-TR03,P00128,Jungle Warfare Refresher,2026-04-22,2026-04-24,15.3
P00128-TR04,P00128,Stress Management Workshop,2024-11-18,2024-11-21,19.7
P00128-TR05,P00128,Stress Management Workshop,2026-07-31,2026-08-03,23.7
P00129-TR01,P00129,Crowd Management,2026-04-25,2026-04-27,12.5
P00129-TR02,P00129,Communications and Signals,2025-04-26,2025-04-27,10.8
P00129-TR03,P00129,Communications and Signals,2026-07-21,2026-07-24,23.3
P00129-TR04,P00129,Jungle Warfare Refresher,2024-12-27,2024-12-29,14.8
P00129-TR05,P00129,Weapons Refresher,2024-12-30,2025-01-01,18.2
P00129-TR06,P00129,Physical Efficiency Test Preparation,2025-12-21,2025-12-22,9.5
P00129-TR07,P00129,Stress Management Workshop,2026-08-24,2026-08-25,11.1
P00129-TR08,P00129,Communications and Signals,2025-07-03,2025-07-05,22.4
P00129-TR09,P00129,Crowd Management,2026-01-20,2026-01-22,12.5
P00129-TR10,P00129,First Response and Trauma Care,2025-12-29,2025-12-31,12.2
P00129-TR11,P00129,First Response and Trauma Care,2025-05-11,2025-05-13,21.5
P00129-TR12,P00129,Weapons Refresher,2025-10-07,2025-10-08,8.8
P00129-TR13,P00129,Physical Efficiency Test Preparation,2025-01-02,2025-01-04,15.6
P00129-TR14,P00129,Stress Management Workshop,2026-07-11,2026-07-13,12.4
P00129-TR15,P00129,Counter-IED Awareness,2025-02-24,2025-02-26,16.9
P00129-TR16,P00129,Counter-IED Awareness,2025-01-09,2025-01-12,20.8
P00130-TR01,P00130,Stress Management Workshop,2026-01-23,2026-01-25,15.7
P00130-TR02,P00130,First Response and Trauma Care,2025-10-09,2025-10-14,37.8
P00130-TR03,P00130,Weapons Refresher,2026-06-16,2026-06-19,27.2
P00130-TR04,P00130,Counter-IED Awareness,2025-12-16,2025-12-18,19.3
P00130-TR05,P00130,Counter-IED Awareness,2024-09-18,2024-09-21,27.4
P00130-TR06,P00130,First Response and Trauma Care,2026-05-03,2026-05-04,6.5
P00130-TR07,P00130,Physical Efficiency Test Preparation,2024-11-24,2024-11-27,20.4
P00131-TR01,P00131,First Response and Trauma Care,2025-10-20,2025-10-22,14.8
P00131-TR02,P00131,Crowd Management,2025-04-18,2025-04-20,16.7
P00131-TR03,P00131,Stress Management Workshop,2025-07-21,2025-07-25,28.7
P00131-TR04,P00131,Jungle Warfare Refresher,2025-11-24,2025-11-27,17.5
P00131-TR05,P00131,First Response and Trauma Care,2026-01-01,2026-01-04,28.2
P00131-TR06,P00131,Weapons Refresher,2024-10-23,2024-10-24,14.7
P00131-TR07,P00131,First Response and Trauma Care,2024-10-16,2024-10-18,12.3
P00131-TR08,P00131,Communications and Signals,2026-06-25,2026-06-27,17.6
P00131-TR09,P00131,Jungle Warfare Refresher,2025-06-06,2025-06-09,29.8
P00131-TR10,P00131,Crowd Management,2025-08-23,2025-08-27,28.2
P00131-TR11,P00131,Counter-IED Awareness,2025-03-22,2025-03-27,38.5
P00131-TR12,P00131,First Response and Trauma Care,2025-02-10,2025-02-13,23.4
P00132-TR01,P00132,Stress Management Workshop,2026-04-02,2026-04-05,22.6
P00132-TR02,P00132,Jungle Warfare Refresher,2025-02-08,2025-02-11,24.8
P00132-TR03,P00132,Communications and Signals,2025-07-29,2025-08-01,27.3
P00132-TR04,P00132,Communications and Signals,2025-09-16,2025-09-18,19.2
P00132-TR05,P00132,First Response and Trauma Care,2026-07-08,2026-07-09,7.4
P00132-TR06,P00132,Physical Efficiency Test Preparation,2024-11-28,2024-11-30,16.6
P00132-TR07,P00132,Jungle Warfare Refresher,2025-04-01,2025-04-06,40.6
P00132-TR08,P00132,Counter-IED Awareness,2025-11-19,2025-11-23,33.4
P00132-TR09,P00132,Counter-IED Awareness,2025-03-03,2025-03-06,22.8
P00132-TR10,P00132,Physical Efficiency Test Preparation,2026-01-04,2026-01-06,20.8
P00132-TR11,P00132,Weapons Refresher,2025-04-18,2025-04-23,39.3
P00132-TR12,P00132,Counter-IED Awareness,2025-11-09,2025-11-17,58.8
P00132-TR13,P00132,Stress Management Workshop,2025-08-14,2025-08-20,51.9
P00132-TR14,P00132,Jungle Warfare Refresher,2025-09-27,2025-10-03,47.5
P00133-TR01,P00133,First Response and Trauma Care,2025-02-27,2025-03-01,12.6
P00133-TR02,P00133,Jungle Warfare Refresher,2026-07-28,2026-08-03,43.5
P00133-TR03,P00133,Communications and Signals,2025-12-07,2025-12-08,10.9
P00133-TR04,P00133,First Response and Trauma Care,2025-12-10,2025-12-12,12.9
P00133-TR05,P00133,Stress Management Workshop,2025-04-16,2025-04-20,27.5
P00133-TR06,P00133,Counter-IED Awareness,2024-12-22,2024-12-25,25.7
P00133-TR07,P00133,Physical Efficiency Test Preparation,2026-08-26,2026-08-29,30.6
P00133-TR08,P00133,Counter-IED Awareness,2024-11-07,2024-11-10,26.2
P00133-TR09,P00133,First Response and Trauma Care,2026-06-13,2026-06-15,18.1
P00133-TR10,P00133,Communications and Signals,2024-12-31,2025-01-02,15.4
P00133-TR11,P00133,Stress Management Workshop,2026-01-16,2026-01-18,16.0
P00134-TR01,P00134,Counter-IED Awareness,2025-12-10,2025-12-12,13.1
P00134-TR02,P00134,Stress Management Workshop,2026-02-16,2026-02-19,25.5
P00134-TR03,P00134,Communications and Signals,2024-10-21,2024-10-25,33.7
P00134-TR04,P00134,First Response and Trauma Care,2025-10-14,2025-10-16,16.0
P00134-TR05,P00134,Jungle Warfare Refresher,2026-02-03,2026-02-08,42.4
P00134-TR06,P00134,Physical Efficiency Test Preparation,2025-08-02,2025-08-04,19.3
P00134-TR07,P00134,Crowd Management,2026-08-29,2026-09-01,26.0
P00134-TR08,P00134,Counter-IED Awareness,2026-05-01,2026-05-05,31.6
P00134-TR09,P00134,Physical Efficiency Test Preparation,2026-01-22,2026-01-24,17.4
P00134-TR10,P00134,Crowd Management,2025-04-08,2025-04-09,11.3
P00135-TR01,P00135,Crowd Management,2025-09-10,2025-09-13,23.6
P00135-TR02,P00135,Counter-IED Awareness,2025-12-27,2025-12-31,25.3
P00135-TR03,P00135,Communications and Signals,2025-08-30,2025-09-03,26.0
P00135-TR04,P00135,Communications and Signals,2025-02-12,2025-02-16,32.5
P00135-TR05,P00135,Physical Efficiency Test Preparation,2026-05-23,2026-05-26,26.3
P00135-TR06,P00135,First Response and Trauma Care,2025-12-22,2025-12-23,13.3
P00135-TR07,P00135,Jungle Warfare Refresher,2025-09-27,2025-10-01,28.3
P00135-TR08,P00135,Crowd Management,2026-07-28,2026-07-30,13.8
P00135-TR09,P00135,Communications and Signals,2026-08-12,2026-08-15,16.2
P00135-TR10,P00135,Weapons Refresher,2025-06-26,2025-06-30,32.1
P00136-TR01,P00136,First Response and Trauma Care,2024-11-02,2024-11-05,22.3
P00136-TR02,P00136,Weapons Refresher,2024-09-25,2024-10-01,46.2
P00136-TR03,P00136,First Response and Trauma Care,2024-09-13,2024-09-15,17.3
P00136-TR04,P00136,Weapons Refresher,2025-07-16,2025-07-17,11.0
P00136-TR05,P00136,Physical Efficiency Test Preparation,2025-01-09,2025-01-12,23.0
P00137-TR01,P00137,Weapons Refresher,2025-08-06,2025-08-08,20.3
P00137-TR02,P00137,Weapons Refresher,2025-04-02,2025-04-05,29.8
P00137-TR03,P00137,Jungle Warfare Refresher,2026-02-07,2026-02-09,20.0
P00137-TR04,P00137,Jungle Warfare Refresher,2025-12-31,2026-01-01,6.8
P00137-TR05,P00137,First Response and Trauma Care,2025-06-15,2025-06-17,13.2
P00137-TR06,P00137,First Response and Trauma Care,2026-07-09,2026-07-11,17.1
P00137-TR07,P00137,Crowd Management,2024-09-25,2024-09-29,28.9
P00137-TR08,P00137,Communications and Signals,2026-01-22,2026-01-25,20.9
P00137-TR09,P00137,First Response and Trauma Care,2025-03-04,2025-03-05,12.0
P00137-TR10,P00137,First Response and Trauma Care,2024-12-19,2024-12-20,9.2
P00137-TR11,P00137,First Response and Trauma Care,2025-01-29,2025-02-01,29.1
P00137-TR12,P00137,Counter-IED Awareness,2024-09-01,2024-09-02,10.0
P00138-TR01,P00138,Crowd Management,2024-12-07,2024-12-14,53.6
P00138-TR02,P00138,Stress Management Workshop,2024-11-14,2024-11-16,14.7
P00138-TR03,P00138,Counter-IED Awareness,2026-02-10,2026-02-13,19.4
P00138-TR04,P00138,Stress Management Workshop,2024-11-15,2024-11-18,27.7
P00138-TR05,P00138,Counter-IED Awareness,2025-08-21,2025-08-27,46.9
P00138-TR06,P00138,Crowd Management,2026-05-22,2026-05-24,10.8
P00138-TR07,P00138,Crowd Management,2026-04-15,2026-04-17,17.0
P00138-TR08,P00138,Weapons Refresher,2025-10-29,2025-10-30,4.0
P00138-TR09,P00138,Counter-IED Awareness,2025-08-25,2025-08-27,11.6
P00138-TR10,P00138,Crowd Management,2025-06-11,2025-06-12,11.4
P00138-TR11,P00138,Counter-IED Awareness,2026-04-27,2026-04-29,20.3
P00138-TR12,P00138,Weapons Refresher,2025-05-29,2025-05-31,17.2
P00138-TR13,P00138,Counter-IED Awareness,2024-11-22,2024-11-27,43.7
P00138-TR14,P00138,Jungle Warfare Refresher,2025-01-20,2025-01-24,27.6
P00138-TR15,P00138,Weapons Refresher,2024-10-10,2024-10-11,4.0
P00138-TR16,P00138,Communications and Signals,2025-10-14,2025-10-16,14.6
P00139-TR01,P00139,First Response and Trauma Care,2025-01-24,2025-01-27,22.0
P00139-TR02,P00139,Counter-IED Awareness,2025-12-18,2025-12-23,37.6
P00139-TR03,P00139,Communications and Signals,2026-04-21,2026-04-23,18.1
P00139-TR04,P00139,Weapons Refresher,2026-02-23,2026-02-27,24.4
P00139-TR05,P00139,Counter-IED Awareness,2026-04-10,2026-04-15,33.5
P00139-TR06,P00139,Jungle Warfare Refresher,2026-04-14,2026-04-18,33.0
P00139-TR07,P00139,Stress Management Workshop,2024-11-13,2024-11-15,20.9
P00140-TR01,P00140,Counter-IED Awareness,2026-02-07,2026-02-08,8.0
P00140-TR02,P00140,First Response and Trauma Care,2026-06-17,2026-06-20,23.5
P00140-TR03,P00140,Physical Efficiency Test Preparation,2025-12-25,2025-12-29,34.8
P00140-TR04,P00140,Stress Management Workshop,2025-07-25,2025-07-29,35.7
P00140-TR05,P00140,Stress Management Workshop,2025-10-02,2025-10-03,4.9
P00140-TR06,P00140,Jungle Warfare Refresher,2025-10-22,2025-10-25,25.1
P00140-TR07,P00140,Counter-IED Awareness,2025-07-02,2025-07-03,13.9
P00140-TR08,P00140,Crowd Management,2026-07-09,2026-07-11,16.5
P00141-TR01,P00141,First Response and Trauma Care,2026-05-25,2026-05-29,28.1
P00141-TR02,P00141,Stress Management Workshop,2026-04-04,2026-04-06,18.0
P00141-TR03,P00141,First Response and Trauma Care,2025-01-12,2025-01-16,31.5
P00141-TR04,P00141,Crowd Management,2026-01-27,2026-01-29,15.4
P00141-TR05,P00141,Crowd Management,2026-02-16,2026-02-23,60.0
P00141-TR06,P00141,Jungle Warfare Refresher,2026-07-20,2026-07-21,8.7
P00141-TR07,P00141,Communications and Signals,2024-12-16,2024-12-18,15.3
P00141-TR08,P00141,Communications and Signals,2025-07-11,2025-07-12,4.6
P00141-TR09,P00141,Jungle Warfare Refresher,2024-11-16,2024-11-18,12.3
P00142-TR01,P00142,Stress Management Workshop,2026-05-15,2026-05-19,34.5
P00142-TR02,P00142,Physical Efficiency Test Preparation,2024-12-26,2024-12-30,31.7
P00142-TR03,P00142,First Response and Trauma Care,2025-05-24,2025-05-27,29.7
P00142-TR04,P00142,Crowd Management,2026-01-02,2026-01-04,13.5
P00142-TR05,P00142,First Response and Trauma Care,2025-07-26,2025-07-27,11.7
P00142-TR06,P00142,Stress Management Workshop,2026-07-05,2026-07-09,26.0
P00142-TR07,P00142,First Response and Trauma Care,2024-12-17,2024-12-21,38.5
P00142-TR08,P00142,Weapons Refresher,2025-11-28,2025-12-05,60.0
P00143-TR01,P00143,Jungle Warfare Refresher,2025-07-23,2025-07-24,10.6
P00143-TR02,P00143,Crowd Management,2026-05-14,2026-05-16,12.2
P00143-TR03,P00143,Jungle Warfare Refresher,2025-07-09,2025-07-11,16.5
P00143-TR04,P00143,Communications and Signals,2024-12-28,2024-12-31,22.1
P00143-TR05,P00143,Physical Efficiency Test Preparation,2025-08-01,2025-08-04,27.9
P00143-TR06,P00143,First Response and Trauma Care,2025-07-01,2025-07-05,27.6
P00143-TR07,P00143,Communications and Signals,2025-01-15,2025-01-19,28.6
P00143-TR08,P00143,Physical Efficiency Test Preparation,2025-07-03,2025-07-05,15.7
P00143-TR09,P00143,Communications and Signals,2024-10-27,2024-10-29,16.4
P00144-TR01,P00144,Physical Efficiency Test Preparation,2026-02-19,2026-02-23,33.3
P00144-TR02,P00144,First Response and Trauma Care,2025-12-22,2025-12-23,10.9
P00144-TR03,P00144,Jungle Warfare Refresher,2024-10-16,2024-10-17,4.0
P00144-TR04,P00144,Counter-IED Awareness,2025-10-07,2025-10-09,14.6
P00144-TR05,P00144,First Response and Trauma Care,2026-03-05,2026-03-11,49.1
P00144-TR06,P00144,Stress Management Workshop,2025-05-13,2025-05-19,47.1
P00144-TR07,P00144,Physical Efficiency Test Preparation,2024-11-23,2024-11-25,15.7
P00144-TR08,P00144,Jungle Warfare Refresher,2026-08-17,2026-08-22,37.0
P00144-TR09,P00144,First Response and Trauma Care,2025-10-06,2025-10-08,13.1
P00144-TR10,P00144,Communications and Signals,2026-01-19,2026-01-20,7.5
P00145-TR01,P00145,Stress Management Workshop,2025-10-16,2025-10-18,20.5
P00145-TR02,P00145,Physical Efficiency Test Preparation,2025-04-20,2025-04-25,35.6
P00145-TR03,P00145,Communications and Signals,2025-10-13,2025-10-18,37.0
P00145-TR04,P00145,Weapons Refresher,2026-02-27,2026-03-02,22.4
P00145-TR05,P00145,Communications and Signals,2025-06-29,2025-06-30,9.6
P00145-TR06,P00145,Physical Efficiency Test Preparation,2025-08-23,2025-08-29,51.2
P00145-TR07,P00145,Counter-IED Awareness,2024-12-18,2024-12-25,60.0
P00145-TR08,P00145,Weapons Refresher,2025-05-08,2025-05-12,37.3
P00145-TR09,P00145,First Response and Trauma Care,2026-05-02,2026-05-04,14.4
P00145-TR10,P00145,Crowd Management,2025-07-18,2025-07-22,33.4
P00145-TR11,P00145,Counter-IED Awareness,2024-12-20,2024-12-24,28.2
P00145-TR12,P00145,Weapons Refresher,2026-08-07,2026-08-09,16.7
P00145-TR13,P00145,Communications and Signals,2025-11-12,2025-11-15,20.4
P00146-TR01,P00146,Communications and Signals,2026-01-24,2026-01-27,22.0
P00146-TR02,P00146,Counter-IED Awareness,2026-05-04,2026-05-06,14.2
P00146-TR03,P00146,Crowd Management,2026-08-26,2026-08-27,7.2
P00146-TR04,P00146,Crowd Management,2025-02-02,2025-02-04,10.8
P00146-TR05,P00146,Jungle Warfare Refresher,2026-05-23,2026-05-27,38.1
P00146-TR06,P00146,Communications and Signals,2024-12-28,2024-12-30,17.7
P00146-TR07,P00146,Crowd Management,2025-02-28,2025-03-02,16.8
P00146-TR08,P00146,Weapons Refresher,2026-02-25,2026-02-28,22.6
P00146-TR09,P00146,Jungle Warfare Refresher,2024-10-20,2024-10-21,5.8
P00146-TR10,P00146,Communications and Signals,2025-04-20,2025-04-23,19.1
P00146-TR11,P00146,Stress Management Workshop,2025-09-28,2025-09-29,10.9
P00146-TR12,P00146,Jungle Warfare Refresher,2025-06-02,2025-06-05,19.6
P00146-TR13,P00146,Stress Management Workshop,2025-06-29,2025-07-03,27.7
P00146-TR14,P00146,Weapons Refresher,2024-12-14,2024-12-15,6.4
P00147-TR01,P00147,Jungle Warfare Refresher,2025-01-13,2025-01-14,9.5
P00147-TR02,P00147,Crowd Management,2025-10-01,2025-10-03,20.4
P00147-TR03,P00147,Physical Efficiency Test Preparation,2026-03-21,2026-03-23,17.8
P00147-TR04,P00147,First Response and Trauma Care,2025-12-10,2025-12-15,38.5
P00147-TR05,P00147,Physical Efficiency Test Preparation,2025-04-29,2025-05-01,18.2
P00147-TR06,P00147,Crowd Management,2025-06-24,2025-06-27,18.1
P00147-TR07,P00147,Jungle Warfare Refresher,2025-10-12,2025-10-14,14.1
P00147-TR08,P00147,Weapons Refresher,2026-03-10,2026-03-12,15.5
P00147-TR09,P00147,First Response and Trauma Care,2025-08-08,2025-08-10,15.1
P00148-TR01,P00148,Counter-IED Awareness,2026-08-17,2026-08-19,18.2
P00148-TR02,P00148,Jungle Warfare Refresher,2025-02-10,2025-02-14,31.6
P00148-TR03,P00148,Communications and Signals,2025-10-13,2025-10-17,35.6
P00148-TR04,P00148,First Response and Trauma Care,2025-06-03,2025-06-04,13.7
P00148-TR05,P00148,First Response and Trauma Care,2026-02-01,2026-02-06,43.0
P00148-TR06,P00148,Weapons Refresher,2026-07-04,2026-07-09,36.6
P00148-TR07,P00148,Stress Management Workshop,2026-04-15,2026-04-20,35.8
P00148-TR08,P00148,First Response and Trauma Care,2025-08-14,2025-08-17,22.1
P00148-TR09,P00148,Counter-IED Awareness,2025-04-23,2025-04-25,17.1
P00148-TR10,P00148,Stress Management Workshop,2026-03-30,2026-04-01,18.0
P00148-TR11,P00148,Stress Management Workshop,2026-01-27,2026-01-28,4.5
P00148-TR12,P00148,Stress Management Workshop,2025-07-19,2025-07-22,25.9
P00148-TR13,P00148,Jungle Warfare Refresher,2025-11-16,2025-11-19,20.6
P00149-TR01,P00149,Weapons Refresher,2026-03-12,2026-03-16,29.3
P00149-TR02,P00149,Communications and Signals,2025-05-01,2025-05-03,12.4
P00149-TR03,P00149,Communications and Signals,2025-11-05,2025-11-07,22.2
P00149-TR04,P00149,Physical Efficiency Test Preparation,2025-05-02,2025-05-07,40.9
P00149-TR05,P00149,Jungle Warfare Refresher,2024-11-23,2024-11-26,20.8
P00149-TR06,P00149,Crowd Management,2025-02-10,2025-02-11,13.5
P00149-TR07,P00149,Stress Management Workshop,2025-08-16,2025-08-20,26.3
P00149-TR08,P00149,Crowd Management,2026-07-19,2026-07-21,15.3
P00149-TR09,P00149,Crowd Management,2026-08-15,2026-08-18,20.6
P00150-TR01,P00150,Crowd Management,2026-01-04,2026-01-08,29.6
P00150-TR02,P00150,Counter-IED Awareness,2026-02-04,2026-02-08,33.7
P00150-TR03,P00150,Counter-IED Awareness,2026-06-29,2026-07-01,13.0
P00150-TR04,P00150,Communications and Signals,2025-10-19,2025-10-22,18.3
P00150-TR05,P00150,Physical Efficiency Test Preparation,2025-04-27,2025-04-30,24.8
P00150-TR06,P00150,Jungle Warfare Refresher,2026-03-14,2026-03-16,16.8
P00150-TR07,P00150,Crowd Management,2025-04-05,2025-04-10,38.5
P00150-TR08,P00150,Weapons Refresher,2026-08-17,2026-08-20,20.4
P00150-TR09,P00150,Weapons Refresher,2025-10-14,2025-10-18,37.4
P00151-TR01,P00151,Communications and Signals,2025-07-29,2025-07-31,10.6
P00151-TR02,P00151,Crowd Management,2025-05-10,2025-05-12,19.1
P00151-TR03,P00151,Crowd Management,2025-03-13,2025-03-16,18.8
P00151-TR04,P00151,Physical Efficiency Test Preparation,2025-02-11,2025-02-15,26.6
P00151-TR05,P00151,Crowd Management,2025-02-25,2025-02-26,14.1
P00151-TR06,P00151,Stress Management Workshop,2024-12-08,2024-12-11,24.0
P00151-TR07,P00151,Counter-IED Awareness,2026-02-13,2026-02-15,15.4
P00151-TR08,P00151,Jungle Warfare Refresher,2026-07-08,2026-07-12,27.5
P00151-TR09,P00151,Counter-IED Awareness,2025-06-07,2025-06-10,23.0
P00151-TR10,P00151,Physical Efficiency Test Preparation,2026-02-26,2026-03-03,37.8
P00151-TR11,P00151,Communications and Signals,2026-01-05,2026-01-10,42.2
P00151-TR12,P00151,Weapons Refresher,2025-05-24,2025-05-25,10.9
P00151-TR13,P00151,Stress Management Workshop,2025-02-15,2025-02-16,7.9
P00151-TR14,P00151,Weapons Refresher,2026-06-23,2026-06-26,19.6
P00151-TR15,P00151,Counter-IED Awareness,2024-10-05,2024-10-10,40.4
P00152-TR01,P00152,First Response and Trauma Care,2025-01-24,2025-01-25,4.9
P00152-TR02,P00152,Crowd Management,2026-06-23,2026-06-25,20.5
P00152-TR03,P00152,Crowd Management,2026-08-24,2026-08-28,26.4
P00152-TR04,P00152,Weapons Refresher,2025-01-29,2025-02-02,27.1
P00152-TR05,P00152,Crowd Management,2025-10-31,2025-11-03,21.8
P00152-TR06,P00152,Communications and Signals,2025-01-22,2025-01-23,11.6
P00152-TR07,P00152,Weapons Refresher,2025-08-07,2025-08-10,23.9
P00152-TR08,P00152,Stress Management Workshop,2025-09-18,2025-09-22,24.5
P00152-TR09,P00152,Stress Management Workshop,2024-11-03,2024-11-04,12.1
P00152-TR10,P00152,Counter-IED Awareness,2025-11-13,2025-11-15,15.4
P00152-TR11,P00152,Physical Efficiency Test Preparation,2026-02-13,2026-02-14,4.2
P00153-TR01,P00153,Jungle Warfare Refresher,2026-04-12,2026-04-16,34.0
P00153-TR02,P00153,Physical Efficiency Test Preparation,2025-08-16,2025-08-23,54.1
P00153-TR03,P00153,Counter-IED Awareness,2025-08-22,2025-08-24,12.5
P00153-TR04,P00153,Counter-IED Awareness,2025-09-01,2025-09-03,10.4
P00153-TR05,P00153,Counter-IED Awareness,2026-01-10,2026-01-12,9.3
P00153-TR06,P00153,First Response and Trauma Care,2026-08-27,2026-09-01,36.1
P00154-TR01,P00154,Communications and Signals,2025-02-12,2025-02-15,27.5
P00154-TR02,P00154,Weapons Refresher,2025-11-14,2025-11-17,25.8
P00154-TR03,P00154,Stress Management Workshop,2024-11-14,2024-11-17,17.6
P00154-TR04,P00154,Jungle Warfare Refresher,2026-08-08,2026-08-11,25.9
P00154-TR05,P00154,Weapons Refresher,2025-02-22,2025-02-24,11.0
P00154-TR06,P00154,Crowd Management,2025-01-05,2025-01-09,30.4
P00154-TR07,P00154,Communications and Signals,2025-11-01,2025-11-04,29.2
P00154-TR08,P00154,First Response and Trauma Care,2026-05-05,2026-05-11,46.4
P00154-TR09,P00154,Weapons Refresher,2025-12-18,2025-12-20,21.1
P00154-TR10,P00154,Weapons Refresher,2026-03-24,2026-03-28,36.7
P00154-TR11,P00154,Jungle Warfare Refresher,2026-03-16,2026-03-17,6.2
P00154-TR12,P00154,Communications and Signals,2025-04-07,2025-04-08,11.0
P00155-TR01,P00155,Counter-IED Awareness,2024-11-07,2024-11-11,33.5
P00155-TR02,P00155,First Response and Trauma Care,2025-01-19,2025-01-23,31.3
P00155-TR03,P00155,Communications and Signals,2025-10-21,2025-10-22,4.0
P00155-TR04,P00155,Stress Management Workshop,2024-12-27,2024-12-28,6.0
P00155-TR05,P00155,Crowd Management,2025-02-26,2025-02-28,20.3
P00155-TR06,P00155,Communications and Signals,2025-12-26,2025-12-27,9.4
P00155-TR07,P00155,Crowd Management,2025-05-28,2025-05-31,21.2
P00155-TR08,P00155,Jungle Warfare Refresher,2026-02-10,2026-02-11,11.6
P00155-TR09,P00155,Jungle Warfare Refresher,2025-10-16,2025-10-17,14.8
P00155-TR10,P00155,First Response and Trauma Care,2024-10-27,2024-11-01,38.9
P00155-TR11,P00155,Counter-IED Awareness,2024-09-22,2024-09-27,41.8
P00155-TR12,P00155,Physical Efficiency Test Preparation,2024-09-06,2024-09-08,14.8
P00155-TR13,P00155,Jungle Warfare Refresher,2025-06-05,2025-06-08,23.9
P00155-TR14,P00155,Communications and Signals,2024-11-13,2024-11-18,44.9
P00155-TR15,P00155,Stress Management Workshop,2025-03-08,2025-03-09,10.7
P00155-TR16,P00155,Crowd Management,2024-11-09,2024-11-11,18.7
P00156-TR01,P00156,Jungle Warfare Refresher,2025-06-30,2025-07-02,14.6
P00156-TR02,P00156,Stress Management Workshop,2026-02-21,2026-02-22,11.3
P00156-TR03,P00156,Weapons Refresher,2024-11-23,2024-11-24,15.1
P00156-TR04,P00156,Weapons Refresher,2026-02-17,2026-02-21,36.2
P00156-TR05,P00156,Counter-IED Awareness,2025-07-30,2025-08-02,27.9
P00156-TR06,P00156,Crowd Management,2025-08-22,2025-08-24,18.5
P00156-TR07,P00156,First Response and Trauma Care,2025-05-24,2025-05-26,11.3
P00156-TR08,P00156,Stress Management Workshop,2025-07-17,2025-07-18,8.8
P00156-TR09,P00156,Crowd Management,2025-02-24,2025-02-28,36.3
P00156-TR10,P00156,Jungle Warfare Refresher,2025-09-23,2025-09-25,18.4
P00156-TR11,P00156,Crowd Management,2025-03-16,2025-03-19,21.0
P00156-TR12,P00156,Stress Management Workshop,2026-06-05,2026-06-09,26.2
P00157-TR01,P00157,Physical Efficiency Test Preparation,2025-01-11,2025-01-14,23.5
P00157-TR02,P00157,Physical Efficiency Test Preparation,2025-09-03,2025-09-08,34.2
P00157-TR03,P00157,Communications and Signals,2026-04-20,2026-04-23,22.5
P00157-TR04,P00157,Jungle Warfare Refresher,2025-01-14,2025-01-21,49.4
P00157-TR05,P00157,Weapons Refresher,2025-06-15,2025-06-18,26.2
P00157-TR06,P00157,First Response and Trauma Care,2024-11-13,2024-11-17,36.0
P00157-TR07,P00157,Physical Efficiency Test Preparation,2025-03-20,2025-03-22,9.8
P00157-TR08,P00157,Crowd Management,2025-04-19,2025-04-21,14.4
P00157-TR09,P00157,Physical Efficiency Test Preparation,2025-01-04,2025-01-06,19.4
P00157-TR10,P00157,Physical Efficiency Test Preparation,2026-02-05,2026-02-09,30.9
P00157-TR11,P00157,Counter-IED Awareness,2026-03-25,2026-03-28,22.8
P00157-TR12,P00157,Weapons Refresher,2025-12-24,2025-12-26,14.9
P00158-TR01,P00158,Crowd Management,2024-11-01,2024-11-03,15.8
P00158-TR02,P00158,Weapons Refresher,2024-09-08,2024-09-11,23.3
P00158-TR03,P00158,Weapons Refresher,2025-03-14,2025-03-19,43.3
P00158-TR04,P00158,Weapons Refresher,2025-06-09,2025-06-10,5.0
P00158-TR05,P00158,Weapons Refresher,2024-12-07,2024-12-10,19.4
P00158-TR06,P00158,Crowd Management,2025-08-30,2025-09-01,21.5
P00158-TR07,P00158,Stress Management Workshop,2025-03-29,2025-04-03,35.0
P00158-TR08,P00158,Physical Efficiency Test Preparation,2025-12-23,2025-12-26,19.9
P00158-TR09,P00158,Stress Management Workshop,2024-11-14,2024-11-17,22.6
P00158-TR10,P00158,Stress Management Workshop,2026-05-28,2026-06-01,31.2
P00158-TR11,P00158,Jungle Warfare Refresher,2026-02-02,2026-02-03,10.0
P00158-TR12,P00158,First Response and Trauma Care,2026-05-01,2026-05-03,16.9
P00158-TR13,P00158,Physical Efficiency Test Preparation,2026-03-12,2026-03-13,6.4
P00159-TR01,P00159,Counter-IED Awareness,2025-04-30,2025-05-02,18.7
P00159-TR02,P00159,Communications and Signals,2025-02-10,2025-02-14,31.8
P00159-TR03,P00159,Crowd Management,2026-02-09,2026-02-11,16.9
P00159-TR04,P00159,Physical Efficiency Test Preparation,2026-07-03,2026-07-04,9.0
P00159-TR05,P00159,Weapons Refresher,2025-06-12,2025-06-17,41.8
P00159-TR06,P00159,Crowd Management,2025-06-18,2025-06-21,21.2
P00159-TR07,P00159,Jungle Warfare Refresher,2025-10-31,2025-11-03,20.4
P00159-TR08,P00159,Weapons Refresher,2026-05-30,2026-05-31,11.5
P00159-TR09,P00159,Jungle Warfare Refresher,2025-04-10,2025-04-14,35.7
P00159-TR10,P00159,Jungle Warfare Refresher,2025-01-07,2025-01-09,18.6
P00159-TR11,P00159,Crowd Management,2026-06-24,2026-06-28,32.6
P00160-TR01,P00160,Crowd Management,2025-05-28,2025-06-03,44.1
P00160-TR02,P00160,Crowd Management,2025-07-25,2025-07-27,16.2
P00160-TR03,P00160,Communications and Signals,2025-11-06,2025-11-14,60.0
P00160-TR04,P00160,Counter-IED Awareness,2024-10-21,2024-10-25,29.4
P00160-TR05,P00160,Weapons Refresher,2024-11-21,2024-11-23,12.4
P00160-TR06,P00160,Jungle Warfare Refresher,2026-04-27,2026-04-28,8.7
P00161-TR01,P00161,First Response and Trauma Care,2024-11-27,2024-11-29,17.6
P00161-TR02,P00161,Stress Management Workshop,2025-11-11,2025-11-14,30.4
P00161-TR03,P00161,Crowd Management,2026-04-17,2026-04-20,26.0
P00161-TR04,P00161,Weapons Refresher,2024-11-13,2024-11-18,34.0
P00161-TR05,P00161,Communications and Signals,2025-04-18,2025-04-22,35.4
P00161-TR06,P00161,Weapons Refresher,2026-06-07,2026-06-09,20.6
P00161-TR07,P00161,Physical Efficiency Test Preparation,2025-01-02,2025-01-03,11.7
P00161-TR08,P00161,Crowd Management,2025-06-28,2025-06-29,10.8
P00161-TR09,P00161,Crowd Management,2025-05-09,2025-05-10,4.7
P00161-TR10,P00161,First Response and Trauma Care,2026-06-12,2026-06-15,23.7
P00161-TR11,P00161,Physical Efficiency Test Preparation,2025-03-30,2025-03-31,5.9
P00161-TR12,P00161,Crowd Management,2025-12-06,2025-12-07,11.8
P00161-TR13,P00161,Communications and Signals,2025-10-14,2025-10-16,19.1
P00161-TR14,P00161,Physical Efficiency Test Preparation,2025-09-26,2025-09-30,32.9
P00161-TR15,P00161,Communications and Signals,2026-02-11,2026-02-13,12.9
P00162-TR01,P00162,Jungle Warfare Refresher,2026-07-02,2026-07-07,37.8
P00162-TR02,P00162,Weapons Refresher,2025-10-10,2025-10-12,14.4
P00162-TR03,P00162,Crowd Management,2025-04-26,2025-05-01,33.7
P00162-TR04,P00162,Counter-IED Awareness,2025-11-28,2025-12-01,25.7
P00162-TR05,P00162,Communications and Signals,2026-02-28,2026-03-03,20.6
P00162-TR06,P00162,Communications and Signals,2024-10-25,2024-10-28,19.9
P00162-TR07,P00162,First Response and Trauma Care,2026-01-06,2026-01-07,4.5
P00162-TR08,P00162,Stress Management Workshop,2024-12-07,2024-12-11,29.6
P00162-TR09,P00162,Counter-IED Awareness,2026-04-17,2026-04-21,34.1
P00162-TR10,P00162,First Response and Trauma Care,2026-01-03,2026-01-05,19.2
P00162-TR11,P00162,Communications and Signals,2026-04-04,2026-04-06,16.6
P00162-TR12,P00162,First Response and Trauma Care,2025-02-09,2025-02-12,21.7
P00163-TR01,P00163,Physical Efficiency Test Preparation,2026-08-23,2026-08-25,14.4
P00163-TR02,P00163,Crowd Management,2026-04-06,2026-04-07,8.5
P00163-TR03,P00163,Jungle Warfare Refresher,2025-03-13,2025-03-18,40.8
P00163-TR04,P00163,First Response and Trauma Care,2025-06-28,2025-07-02,33.9
P00163-TR05,P00163,Counter-IED Awareness,2024-12-25,2024-12-26,9.7
P00163-TR06,P00163,Physical Efficiency Test Preparation,2024-12-17,2024-12-22,41.3
P00163-TR07,P00163,Crowd Management,2025-04-15,2025-04-17,17.5
P00163-TR08,P00163,Jungle Warfare Refresher,2026-04-17,2026-04-24,54.9
P00163-TR09,P00163,Crowd Management,2026-04-20,2026-04-22,17.2
P00163-TR10,P00163,First Response and Trauma Care,2024-09-21,2024-09-23,18.7
P00164-TR01,P00164,Counter-IED Awareness,2025-03-20,2025-03-24,30.0
P00164-TR02,P00164,Weapons Refresher,2024-10-31,2024-11-01,10.1
P00164-TR03,P00164,Weapons Refresher,2025-12-04,2025-12-08,34.1
P00164-TR04,P00164,Counter-IED Awareness,2025-03-19,2025-03-23,30.0
P00164-TR05,P00164,Counter-IED Awareness,2025-11-23,2025-11-27,32.5
P00164-TR06,P00164,Stress Management Workshop,2026-03-08,2026-03-11,20.1
P00164-TR07,P00164,Physical Efficiency Test Preparation,2026-07-18,2026-07-21,25.1
P00164-TR08,P00164,Stress Management Workshop,2025-03-08,2025-03-09,8.5
P00164-TR09,P00164,Crowd Management,2025-09-03,2025-09-05,21.1
P00164-TR10,P00164,Jungle Warfare Refresher,2025-01-26,2025-01-31,38.3
P00164-TR11,P00164,Physical Efficiency Test Preparation,2025-01-10,2025-01-14,35.2
P00164-TR12,P00164,Physical Efficiency Test Preparation,2026-01-19,2026-01-21,16.7
P00165-TR01,P00165,First Response and Trauma Care,2024-10-04,2024-10-06,15.6
P00165-TR02,P00165,Stress Management Workshop,2026-06-25,2026-07-01,46.7
P00165-TR03,P00165,Crowd Management,2025-01-03,2025-01-04,5.9
P00166-TR01,P00166,Stress Management Workshop,2025-05-13,2025-05-16,21.7
P00166-TR02,P00166,Jungle Warfare Refresher,2025-06-19,2025-06-20,14.8
P00166-TR03,P00166,Weapons Refresher,2025-02-08,2025-02-10,23.5
P00166-TR04,P00166,Counter-IED Awareness,2025-03-02,2025-03-05,23.8
P00166-TR05,P00166,Crowd Management,2026-07-09,2026-07-11,14.5
P00166-TR06,P00166,Weapons Refresher,2025-02-11,2025-02-14,26.2
P00166-TR07,P00166,Counter-IED Awareness,2025-05-30,2025-06-01,19.6
P00166-TR08,P00166,Weapons Refresher,2026-05-27,2026-05-28,5.7
P00166-TR09,P00166,Jungle Warfare Refresher,2024-11-24,2024-11-27,23.2
P00166-TR10,P00166,Jungle Warfare Refresher,2026-08-13,2026-08-16,26.1
P00166-TR11,P00166,Stress Management Workshop,2025-03-08,2025-03-10,9.4
P00166-TR12,P00166,Weapons Refresher,2026-04-17,2026-04-20,17.6
P00166-TR13,P00166,Stress Management Workshop,2026-07-19,2026-07-23,28.1
P00166-TR14,P00166,Crowd Management,2025-09-22,2025-09-28,48.7
P00166-TR15,P00166,Physical Efficiency Test Preparation,2026-01-06,2026-01-09,27.3
P00166-TR16,P00166,Weapons Refresher,2025-05-12,2025-05-14,19.2
P00167-TR01,P00167,Communications and Signals,2025-01-06,2025-01-09,24.3
P00167-TR02,P00167,Weapons Refresher,2025-02-11,2025-02-13,14.4
P00167-TR03,P00167,Communications and Signals,2025-11-06,2025-11-07,8.7
P00167-TR04,P00167,Physical Efficiency Test Preparation,2025-05-22,2025-05-25,26.7
P00167-TR05,P00167,Counter-IED Awareness,2024-09-22,2024-09-25,28.7
P00167-TR06,P00167,Crowd Management,2025-10-30,2025-11-01,19.1
P00167-TR07,P00167,First Response and Trauma Care,2025-06-01,2025-06-02,14.5
P00167-TR08,P00167,Stress Management Workshop,2025-03-03,2025-03-05,20.4
P00167-TR09,P00167,Communications and Signals,2024-09-18,2024-09-23,38.6
P00167-TR10,P00167,Counter-IED Awareness,2025-04-09,2025-04-14,37.5
P00167-TR11,P00167,First Response and Trauma Care,2026-05-16,2026-05-17,8.4
P00167-TR12,P00167,Communications and Signals,2026-02-27,2026-03-02,27.6
P00167-TR13,P00167,Counter-IED Awareness,2025-05-03,2025-05-04,10.6
P00168-TR01,P00168,Communications and Signals,2026-07-10,2026-07-11,4.0
P00168-TR02,P00168,Crowd Management,2025-10-13,2025-10-21,60.0
P00168-TR03,P00168,Crowd Management,2026-07-24,2026-07-28,28.2
P00168-TR04,P00168,Physical Efficiency Test Preparation,2026-03-27,2026-03-31,30.0
P00168-TR05,P00168,Crowd Management,2024-12-09,2024-12-11,14.0
P00168-TR06,P00168,Weapons Refresher,2026-08-18,2026-08-20,17.8
P00168-TR07,P00168,Jungle Warfare Refresher,2025-01-07,2025-01-08,7.3
P00168-TR08,P00168,Physical Efficiency Test Preparation,2024-11-29,2024-12-03,31.8
P00168-TR09,P00168,Jungle Warfare Refresher,2025-04-20,2025-04-26,48.5
P00168-TR10,P00168,Counter-IED Awareness,2026-04-27,2026-04-28,11.0
P00168-TR11,P00168,Crowd Management,2025-01-10,2025-01-15,40.4
P00168-TR12,P00168,Crowd Management,2025-01-29,2025-02-01,21.8
P00168-TR13,P00168,Physical Efficiency Test Preparation,2026-03-16,2026-03-20,31.7
P00169-TR01,P00169,First Response and Trauma Care,2025-11-14,2025-11-16,17.6
P00169-TR02,P00169,First Response and Trauma Care,2026-06-14,2026-06-15,9.1
P00169-TR03,P00169,Weapons Refresher,2026-01-30,2026-02-01,11.5
P00169-TR04,P00169,Stress Management Workshop,2026-06-22,2026-06-25,26.8
P00169-TR05,P00169,Communications and Signals,2025-08-25,2025-08-27,15.1
P00169-TR06,P00169,Communications and Signals,2025-01-25,2025-01-26,7.9
P00169-TR07,P00169,Stress Management Workshop,2026-03-22,2026-03-24,14.5
P00169-TR08,P00169,Weapons Refresher,2025-04-11,2025-04-12,4.0
P00169-TR09,P00169,Counter-IED Awareness,2025-10-02,2025-10-06,31.0
P00169-TR10,P00169,First Response and Trauma Care,2026-03-11,2026-03-12,5.7
P00169-TR11,P00169,Communications and Signals,2025-11-25,2025-11-29,29.7
P00169-TR12,P00169,Jungle Warfare Refresher,2025-08-05,2025-08-11,47.4
P00169-TR13,P00169,Weapons Refresher,2025-03-26,2025-03-27,5.8
P00170-TR01,P00170,First Response and Trauma Care,2025-01-12,2025-01-13,10.3
P00170-TR02,P00170,Communications and Signals,2025-03-27,2025-03-30,22.9
P00170-TR03,P00170,Communications and Signals,2025-02-20,2025-02-24,36.1
P00170-TR04,P00170,First Response and Trauma Care,2026-06-08,2026-06-10,12.3
P00170-TR05,P00170,Crowd Management,2025-09-02,2025-09-05,23.8
P00170-TR06,P00170,First Response and Trauma Care,2026-05-19,2026-05-23,33.9
P00170-TR07,P00170,Weapons Refresher,2026-03-16,2026-03-20,31.5
P00170-TR08,P00170,Jungle Warfare Refresher,2025-08-11,2025-08-14,17.3
P00170-TR09,P00170,First Response and Trauma Care,2026-01-26,2026-01-29,22.5
P00170-TR10,P00170,Counter-IED Awareness,2026-04-26,2026-04-28,17.7
P00170-TR11,P00170,Crowd Management,2025-08-22,2025-08-25,24.8
P00170-TR12,P00170,Stress Management Workshop,2025-01-28,2025-01-30,16.6
P00171-TR01,P00171,Counter-IED Awareness,2025-10-01,2025-10-05,32.1
P00171-TR02,P00171,Stress Management Workshop,2025-05-26,2025-05-27,13.0
P00171-TR03,P00171,Jungle Warfare Refresher,2025-09-20,2025-09-24,26.3
P00171-TR04,P00171,Crowd Management,2025-06-26,2025-06-28,12.7
P00171-TR05,P00171,Counter-IED Awareness,2026-07-28,2026-07-29,5.2
P00171-TR06,P00171,Counter-IED Awareness,2024-10-08,2024-10-16,60.0
P00171-TR07,P00171,Weapons Refresher,2025-05-13,2025-05-15,19.4
P00171-TR08,P00171,Stress Management Workshop,2026-06-20,2026-06-22,16.7
P00171-TR09,P00171,First Response and Trauma Care,2025-07-21,2025-07-24,26.9
P00171-TR10,P00171,Stress Management Workshop,2026-05-15,2026-05-16,12.2
P00171-TR11,P00171,Weapons Refresher,2026-08-25,2026-08-27,23.3
P00172-TR01,P00172,Stress Management Workshop,2026-01-17,2026-01-23,49.6
P00172-TR02,P00172,Communications and Signals,2025-03-26,2025-03-28,10.6
P00172-TR03,P00172,Counter-IED Awareness,2026-01-09,2026-01-11,21.5
P00172-TR04,P00172,Counter-IED Awareness,2025-06-13,2025-06-15,10.0
P00172-TR05,P00172,Communications and Signals,2025-10-21,2025-10-23,17.0
P00172-TR06,P00172,Counter-IED Awareness,2026-04-19,2026-04-21,12.7
P00172-TR07,P00172,Stress Management Workshop,2025-06-23,2025-06-25,20.7
P00172-TR08,P00172,Physical Efficiency Test Preparation,2025-03-13,2025-03-14,12.2
P00172-TR09,P00172,First Response and Trauma Care,2025-11-06,2025-11-08,12.1
P00172-TR10,P00172,Weapons Refresher,2025-05-06,2025-05-09,22.6
P00172-TR11,P00172,Physical Efficiency Test Preparation,2025-10-14,2025-10-16,14.5
P00172-TR12,P00172,Weapons Refresher,2025-11-10,2025-11-16,51.1
P00172-TR13,P00172,Counter-IED Awareness,2026-08-08,2026-08-09,4.0
P00172-TR14,P00172,Jungle Warfare Refresher,2026-02-07,2026-02-10,21.8
P00173-TR01,P00173,Jungle Warfare Refresher,2024-11-29,2024-12-02,23.4
P00173-TR02,P00173,Communications and Signals,2025-12-22,2025-12-28,46.1
P00173-TR03,P00173,Physical Efficiency Test Preparation,2026-06-27,2026-07-01,32.8
P00173-TR04,P00173,Physical Efficiency Test Preparation,2024-08-31,2024-09-03,22.3
P00173-TR05,P00173,First Response and Trauma Care,2024-12-25,2024-12-27,10.3
P00173-TR06,P00173,First Response and Trauma Care,2026-08-22,2026-08-23,4.0
P00175-TR01,P00175,Jungle Warfare Refresher,2026-04-30,2026-05-05,39.5
P00175-TR02,P00175,Communications and Signals,2024-08-31,2024-09-01,9.5
P00175-TR03,P00175,Weapons Refresher,2026-08-12,2026-08-18,45.9
P00175-TR04,P00175,Crowd Management,2026-06-27,2026-07-04,60.0
P00175-TR05,P00175,First Response and Trauma Care,2026-06-25,2026-06-30,41.7
P00175-TR06,P00175,Physical Efficiency Test Preparation,2025-02-02,2025-02-03,4.0
P00175-TR07,P00175,Physical Efficiency Test Preparation,2025-01-05,2025-01-07,16.3
P00175-TR08,P00175,Communications and Signals,2025-12-19,2025-12-21,16.9
P00175-TR09,P00175,Crowd Management,2025-04-24,2025-04-26,11.6
P00175-TR10,P00175,First Response and Trauma Care,2026-05-20,2026-05-22,22.1
P00175-TR11,P00175,Stress Management Workshop,2024-10-01,2024-10-02,4.0
P00175-TR12,P00175,Stress Management Workshop,2025-10-29,2025-11-01,21.5
P00175-TR13,P00175,Physical Efficiency Test Preparation,2025-09-02,2025-09-04,18.6
P00176-TR01,P00176,Physical Efficiency Test Preparation,2026-02-10,2026-02-13,24.6
P00176-TR02,P00176,Communications and Signals,2025-08-11,2025-08-19,59.8
P00176-TR03,P00176,Physical Efficiency Test Preparation,2024-11-20,2024-11-24,31.8
P00176-TR04,P00176,Jungle Warfare Refresher,2024-10-29,2024-11-01,21.5
P00176-TR05,P00176,Physical Efficiency Test Preparation,2026-08-30,2026-09-01,19.1
P00176-TR06,P00176,Physical Efficiency Test Preparation,2026-08-14,2026-08-16,16.7
P00176-TR07,P00176,Weapons Refresher,2025-08-20,2025-08-22,16.3
P00176-TR08,P00176,Stress Management Workshop,2025-03-12,2025-03-13,4.0
P00176-TR09,P00176,First Response and Trauma Care,2025-12-04,2025-12-06,17.9
P00176-TR10,P00176,Counter-IED Awareness,2025-01-29,2025-02-03,41.1
P00176-TR11,P00176,Stress Management Workshop,2025-11-02,2025-11-04,14.3
P00176-TR12,P00176,Weapons Refresher,2025-11-16,2025-11-20,34.1
P00176-TR13,P00176,Stress Management Workshop,2025-01-23,2025-01-26,19.0
P00176-TR14,P00176,Communications and Signals,2026-06-05,2026-06-07,20.3
P00176-TR15,P00176,Counter-IED Awareness,2025-05-03,2025-05-05,15.0
P00176-TR16,P00176,Weapons Refresher,2024-09-28,2024-09-30,11.7
P00176-TR17,P00176,Jungle Warfare Refresher,2026-08-17,2026-08-20,27.4
P00176-TR18,P00176,First Response and Trauma Care,2026-01-24,2026-01-27,24.7
P00177-TR01,P00177,Weapons Refresher,2026-05-26,2026-05-30,30.8
P00177-TR02,P00177,Counter-IED Awareness,2025-01-10,2025-01-13,27.3
P00177-TR03,P00177,First Response and Trauma Care,2025-12-28,2025-12-31,19.6
P00177-TR04,P00177,Counter-IED Awareness,2026-04-25,2026-04-26,9.6
P00177-TR05,P00177,First Response and Trauma Care,2026-03-11,2026-03-13,16.3
P00177-TR06,P00177,Stress Management Workshop,2026-01-21,2026-01-29,60.0
P00177-TR07,P00177,Crowd Management,2026-07-08,2026-07-09,4.8
P00177-TR08,P00177,Stress Management Workshop,2024-12-22,2024-12-24,15.6
P00177-TR09,P00177,Stress Management Workshop,2025-04-15,2025-04-19,36.8
P00177-TR10,P00177,Weapons Refresher,2025-12-13,2025-12-14,8.7
P00177-TR11,P00177,Weapons Refresher,2026-02-17,2026-02-18,8.2
P00177-TR12,P00177,First Response and Trauma Care,2025-10-20,2025-10-26,49.1
P00177-TR13,P00177,First Response and Trauma Care,2025-04-10,2025-04-12,14.6
P00177-TR14,P00177,Communications and Signals,2026-03-31,2026-04-02,13.4
P00177-TR15,P00177,First Response and Trauma Care,2025-06-10,2025-06-12,18.9
P00177-TR16,P00177,Jungle Warfare Refresher,2025-09-25,2025-09-26,10.8
P00178-TR01,P00178,Physical Efficiency Test Preparation,2026-06-09,2026-06-14,42.3
P00178-TR02,P00178,Crowd Management,2025-08-21,2025-08-23,15.6
P00178-TR03,P00178,Crowd Management,2025-12-16,2025-12-20,33.5
P00178-TR04,P00178,Stress Management Workshop,2026-04-24,2026-04-25,9.0
P00178-TR05,P00178,Crowd Management,2026-04-26,2026-04-30,32.6
P00178-TR06,P00178,Physical Efficiency Test Preparation,2026-02-23,2026-02-24,7.2
P00178-TR07,P00178,Stress Management Workshop,2026-06-22,2026-06-27,37.7
P00178-TR08,P00178,Stress Management Workshop,2024-11-06,2024-11-09,21.7
P00178-TR09,P00178,First Response and Trauma Care,2025-12-11,2025-12-15,31.1
P00179-TR01,P00179,Counter-IED Awareness,2026-06-26,2026-06-27,7.5
P00179-TR02,P00179,First Response and Trauma Care,2025-11-03,2025-11-08,41.8
P00179-TR03,P00179,Jungle Warfare Refresher,2024-11-26,2024-11-28,17.2
P00179-TR04,P00179,Communications and Signals,2024-09-07,2024-09-08,12.2
P00179-TR05,P00179,Counter-IED Awareness,2025-04-18,2025-04-24,47.0
P00179-TR06,P00179,Communications and Signals,2025-12-10,2025-12-15,38.7
P00179-TR07,P00179,First Response and Trauma Care,2026-04-06,2026-04-07,4.0
P00179-TR08,P00179,Communications and Signals,2025-02-22,2025-02-25,26.4
P00179-TR09,P00179,Communications and Signals,2025-11-20,2025-11-23,23.9
P00179-TR10,P00179,Jungle Warfare Refresher,2025-11-26,2025-11-28,20.1
P00179-TR11,P00179,Weapons Refresher,2026-06-20,2026-06-26,46.1
P00179-TR12,P00179,Communications and Signals,2025-11-22,2025-11-23,11.1
P00179-TR13,P00179,Stress Management Workshop,2025-07-26,2025-07-27,9.2
P00179-TR14,P00179,First Response and Trauma Care,2025-12-27,2025-12-29,13.5
P00180-TR01,P00180,Communications and Signals,2025-02-15,2025-02-20,37.7
P00180-TR02,P00180,Weapons Refresher,2026-06-08,2026-06-09,8.8
P00180-TR03,P00180,First Response and Trauma Care,2025-04-27,2025-04-28,13.0
P00180-TR04,P00180,Jungle Warfare Refresher,2025-01-16,2025-01-19,21.4
P00180-TR05,P00180,Counter-IED Awareness,2025-09-16,2025-09-18,13.1
P00180-TR06,P00180,Stress Management Workshop,2024-09-24,2024-09-26,19.1
P00180-TR07,P00180,Communications and Signals,2024-09-20,2024-09-22,19.5
P00180-TR08,P00180,Physical Efficiency Test Preparation,2025-11-15,2025-11-19,32.2
P00180-TR09,P00180,Communications and Signals,2024-11-18,2024-11-21,22.9
P00180-TR10,P00180,First Response and Trauma Care,2026-02-24,2026-02-26,22.2
P00180-TR11,P00180,Counter-IED Awareness,2024-12-07,2024-12-10,23.1
P00180-TR12,P00180,Stress Management Workshop,2025-05-05,2025-05-06,9.1
P00180-TR13,P00180,Stress Management Workshop,2026-01-22,2026-01-27,41.7
P00180-TR14,P00180,Stress Management Workshop,2026-06-06,2026-06-08,11.0
P00181-TR01,P00181,Physical Efficiency Test Preparation,2025-08-09,2025-08-10,13.5
P00181-TR02,P00181,Weapons Refresher,2026-03-06,2026-03-08,18.0
P00181-TR03,P00181,Stress Management Workshop,2026-06-22,2026-06-26,29.2
P00181-TR04,P00181,Physical Efficiency Test Preparation,2026-07-29,2026-08-01,21.6
P00181-TR05,P00181,Communications and Signals,2025-04-19,2025-04-25,47.5
P00181-TR06,P00181,Counter-IED Awareness,2025-06-25,2025-06-26,11.7
P00181-TR07,P00181,Weapons Refresher,2026-05-05,2026-05-12,54.0
P00181-TR08,P00181,Crowd Management,2024-12-21,2024-12-23,14.8
P00181-TR09,P00181,First Response and Trauma Care,2025-04-06,2025-04-09,20.5
P00181-TR10,P00181,Jungle Warfare Refresher,2025-05-10,2025-05-14,33.4
P00181-TR11,P00181,Weapons Refresher,2024-09-16,2024-09-18,12.2
P00181-TR12,P00181,Counter-IED Awareness,2025-06-04,2025-06-10,53.3
P00181-TR13,P00181,Counter-IED Awareness,2025-04-29,2025-05-02,23.8
P00181-TR14,P00181,Counter-IED Awareness,2024-12-19,2024-12-21,16.6
P00182-TR01,P00182,Communications and Signals,2026-04-16,2026-04-21,43.2
P00182-TR02,P00182,Stress Management Workshop,2024-12-21,2024-12-28,60.0
P00182-TR03,P00182,Stress Management Workshop,2025-01-31,2025-02-03,24.3
P00182-TR04,P00182,First Response and Trauma Care,2025-01-10,2025-01-14,29.2
P00182-TR05,P00182,Counter-IED Awareness,2024-09-25,2024-09-26,5.7
P00182-TR06,P00182,Communications and Signals,2025-11-10,2025-11-12,14.5
P00182-TR07,P00182,Stress Management Workshop,2026-01-18,2026-01-19,11.5
P00182-TR08,P00182,Jungle Warfare Refresher,2025-10-30,2025-10-31,8.4
P00182-TR09,P00182,Weapons Refresher,2026-03-08,2026-03-11,24.0
P00182-TR10,P00182,Physical Efficiency Test Preparation,2025-05-03,2025-05-07,36.2
P00182-TR11,P00182,Jungle Warfare Refresher,2025-10-13,2025-10-16,21.4
P00182-TR12,P00182,Crowd Management,2025-10-05,2025-10-07,14.1
P00183-TR01,P00183,Weapons Refresher,2025-03-05,2025-03-10,41.5
P00183-TR02,P00183,First Response and Trauma Care,2025-12-01,2025-12-03,13.5
P00183-TR03,P00183,Stress Management Workshop,2025-07-17,2025-07-24,49.8
P00183-TR04,P00183,Counter-IED Awareness,2025-01-10,2025-01-12,20.5
P00183-TR05,P00183,Weapons Refresher,2025-06-17,2025-06-19,15.1
P00183-TR06,P00183,Jungle Warfare Refresher,2026-07-21,2026-07-25,30.5
P00183-TR07,P00183,Jungle Warfare Refresher,2026-06-10,2026-06-13,21.1
P00183-TR08,P00183,Communications and Signals,2024-12-30,2025-01-06,56.3
P00183-TR09,P00183,Counter-IED Awareness,2026-08-19,2026-08-21,15.0
P00183-TR10,P00183,Weapons Refresher,2024-12-09,2024-12-11,19.0
P00183-TR11,P00183,Crowd Management,2026-04-07,2026-04-12,36.5
P00183-TR12,P00183,Weapons Refresher,2026-05-07,2026-05-10,24.0
P00183-TR13,P00183,Stress Management Workshop,2025-08-07,2025-08-09,15.0
P00183-TR14,P00183,First Response and Trauma Care,2025-01-05,2025-01-07,10.8
P00183-TR15,P00183,First Response and Trauma Care,2025-09-30,2025-10-01,6.8
P00184-TR01,P00184,Counter-IED Awareness,2025-04-06,2025-04-08,18.2
P00184-TR02,P00184,Weapons Refresher,2025-10-17,2025-10-22,40.0
P00184-TR03,P00184,First Response and Trauma Care,2026-01-15,2026-01-17,12.4
P00184-TR04,P00184,Crowd Management,2025-10-11,2025-10-12,6.5
P00184-TR05,P00184,Jungle Warfare Refresher,2025-05-15,2025-05-18,27.5
P00184-TR06,P00184,Crowd Management,2024-09-25,2024-09-29,30.3
P00184-TR07,P00184,Stress Management Workshop,2025-03-16,2025-03-22,43.6
P00184-TR08,P00184,Communications and Signals,2026-05-26,2026-05-28,18.9
P00184-TR09,P00184,Stress Management Workshop,2026-06-16,2026-06-21,34.0
P00184-TR10,P00184,Weapons Refresher,2025-03-01,2025-03-04,23.2
P00185-TR01,P00185,Weapons Refresher,2025-10-12,2025-10-13,5.9
P00185-TR02,P00185,Counter-IED Awareness,2026-03-18,2026-03-19,11.3
P00185-TR03,P00185,First Response and Trauma Care,2025-03-27,2025-03-30,26.9
P00185-TR04,P00185,Physical Efficiency Test Preparation,2026-08-09,2026-08-12,30.5
P00185-TR05,P00185,First Response and Trauma Care,2025-02-03,2025-02-10,60.0
P00185-TR06,P00185,Stress Management Workshop,2026-07-23,2026-07-27,28.1
P00186-TR01,P00186,Stress Management Workshop,2025-10-28,2025-10-29,9.3
P00186-TR02,P00186,Weapons Refresher,2026-03-12,2026-03-17,39.6
P00186-TR03,P00186,Jungle Warfare Refresher,2024-11-04,2024-11-10,42.4
P00186-TR04,P00186,Jungle Warfare Refresher,2024-11-24,2024-11-25,8.9
P00186-TR05,P00186,Physical Efficiency Test Preparation,2024-09-11,2024-09-14,16.7
P00186-TR06,P00186,Crowd Management,2026-06-25,2026-06-27,17.3
P00186-TR07,P00186,Counter-IED Awareness,2025-10-26,2025-10-27,5.6
P00186-TR08,P00186,Physical Efficiency Test Preparation,2026-02-10,2026-02-15,44.5
P00186-TR09,P00186,Crowd Management,2025-12-12,2025-12-14,15.0
P00186-TR10,P00186,Counter-IED Awareness,2025-11-11,2025-11-12,9.9
P00186-TR11,P00186,Counter-IED Awareness,2025-02-19,2025-02-24,36.4
P00186-TR12,P00186,Crowd Management,2025-01-29,2025-02-04,53.3
P00186-TR13,P00186,Crowd Management,2026-02-13,2026-02-17,31.5
P00187-TR01,P00187,Jungle Warfare Refresher,2024-09-22,2024-09-28,48.3
P00187-TR02,P00187,Weapons Refresher,2025-01-22,2025-01-24,14.6
P00187-TR03,P00187,Physical Efficiency Test Preparation,2026-02-20,2026-02-24,26.2
P00187-TR04,P00187,Counter-IED Awareness,2026-04-25,2026-04-27,17.0
P00187-TR05,P00187,Physical Efficiency Test Preparation,2025-02-26,2025-03-05,54.5
P00187-TR06,P00187,Weapons Refresher,2024-09-09,2024-09-10,13.6
P00187-TR07,P00187,Jungle Warfare Refresher,2025-06-22,2025-06-25,25.3
P00187-TR08,P00187,Counter-IED Awareness,2026-08-06,2026-08-11,44.9
P00187-TR09,P00187,Crowd Management,2025-04-22,2025-04-24,15.3
P00187-TR10,P00187,Counter-IED Awareness,2024-09-08,2024-09-11,20.2
P00188-TR01,P00188,Counter-IED Awareness,2026-08-20,2026-08-21,4.5
P00188-TR02,P00188,Weapons Refresher,2026-03-05,2026-03-08,20.3
P00188-TR03,P00188,Physical Efficiency Test Preparation,2024-12-23,2024-12-24,9.7
P00188-TR04,P00188,Physical Efficiency Test Preparation,2025-05-18,2025-05-20,15.9
P00188-TR05,P00188,Jungle Warfare Refresher,2025-08-24,2025-08-28,33.7
P00188-TR06,P00188,Stress Management Workshop,2025-08-07,2025-08-09,11.3
P00188-TR07,P00188,Counter-IED Awareness,2025-05-01,2025-05-03,14.3
P00188-TR08,P00188,Physical Efficiency Test Preparation,2026-05-29,2026-05-31,14.9
P00188-TR09,P00188,Physical Efficiency Test Preparation,2025-06-27,2025-06-30,16.6
P00188-TR10,P00188,Communications and Signals,2026-06-25,2026-06-30,36.4
P00188-TR11,P00188,Crowd Management,2026-05-03,2026-05-07,34.6
P00188-TR12,P00188,First Response and Trauma Care,2025-06-02,2025-06-08,42.0
P00188-TR13,P00188,Weapons Refresher,2024-12-29,2025-01-01,23.4
P00188-TR14,P00188,Stress Management Workshop,2025-06-03,2025-06-05,16.4
P00189-TR01,P00189,Crowd Management,2025-01-09,2025-01-10,7.2
P00189-TR02,P00189,Counter-IED Awareness,2025-04-16,2025-04-22,49.1
P00189-TR03,P00189,Stress Management Workshop,2025-09-19,2025-09-20,7.3
P00189-TR04,P00189,Crowd Management,2024-09-19,2024-09-21,16.7
P00189-TR05,P00189,Stress Management Workshop,2026-08-03,2026-08-05,16.0
P00189-TR06,P00189,Crowd Management,2026-08-13,2026-08-15,17.9
P00189-TR07,P00189,Stress Management Workshop,2025-04-09,2025-04-10,11.3
P00189-TR08,P00189,Stress Management Workshop,2026-08-18,2026-08-22,31.5
P00189-TR09,P00189,Crowd Management,2026-04-05,2026-04-06,12.4
P00189-TR10,P00189,Stress Management Workshop,2026-08-13,2026-08-18,42.7
P00190-TR01,P00190,Stress Management Workshop,2025-09-11,2025-09-18,58.1
P00190-TR02,P00190,Jungle Warfare Refresher,2025-01-24,2025-01-28,35.0
P00190-TR03,P00190,Stress Management Workshop,2025-12-02,2025-12-08,52.4
P00190-TR04,P00190,Stress Management Workshop,2026-02-22,2026-02-24,23.2
P00191-TR01,P00191,Communications and Signals,2026-01-19,2026-01-20,4.0
P00191-TR02,P00191,Physical Efficiency Test Preparation,2026-07-20,2026-07-24,29.9
P00191-TR03,P00191,Counter-IED Awareness,2026-03-26,2026-03-27,8.6
P00191-TR04,P00191,Jungle Warfare Refresher,2025-12-17,2025-12-20,25.0
P00191-TR05,P00191,Communications and Signals,2024-11-05,2024-11-09,25.2
P00191-TR06,P00191,Physical Efficiency Test Preparation,2025-03-27,2025-03-29,14.4
P00191-TR07,P00191,Physical Efficiency Test Preparation,2025-10-08,2025-10-09,11.1
P00191-TR08,P00191,Physical Efficiency Test Preparation,2026-02-28,2026-03-04,28.7
P00191-TR09,P00191,Jungle Warfare Refresher,2026-04-24,2026-04-26,17.5
P00191-TR10,P00191,First Response and Trauma Care,2025-12-10,2025-12-14,31.3
P00191-TR11,P00191,Crowd Management,2026-04-02,2026-04-04,9.0
P00191-TR12,P00191,Weapons Refresher,2025-07-03,2025-07-06,25.8
P00192-TR01,P00192,Crowd Management,2025-03-03,2025-03-07,31.1
P00192-TR02,P00192,Jungle Warfare Refresher,2025-05-09,2025-05-10,4.0
P00192-TR03,P00192,Communications and Signals,2024-09-29,2024-10-03,32.6
P00192-TR04,P00192,Counter-IED Awareness,2026-01-04,2026-01-06,14.5
P00192-TR05,P00192,Counter-IED Awareness,2026-08-24,2026-08-26,22.2
P00192-TR06,P00192,Counter-IED Awareness,2024-12-07,2024-12-10,20.8
P00192-TR07,P00192,Jungle Warfare Refresher,2026-07-01,2026-07-02,11.9
P00192-TR08,P00192,Physical Efficiency Test Preparation,2026-07-10,2026-07-17,60.0
P00192-TR09,P00192,Jungle Warfare Refresher,2026-06-25,2026-06-26,5.2
P00192-TR10,P00192,Communications and Signals,2024-11-26,2024-11-29,19.4
P00192-TR11,P00192,Physical Efficiency Test Preparation,2026-04-04,2026-04-07,20.8
P00192-TR12,P00192,Crowd Management,2026-08-12,2026-08-13,4.5
P00192-TR13,P00192,First Response and Trauma Care,2025-04-03,2025-04-05,16.1
P00192-TR14,P00192,Crowd Management,2024-10-12,2024-10-19,50.0
P00192-TR15,P00192,First Response and Trauma Care,2026-02-20,2026-02-21,5.1
P00193-TR01,P00193,Weapons Refresher,2024-09-15,2024-09-17,19.6
P00193-TR02,P00193,Crowd Management,2025-12-12,2025-12-15,20.0
P00193-TR03,P00193,Crowd Management,2024-11-04,2024-11-06,16.2
P00193-TR04,P00193,Physical Efficiency Test Preparation,2026-05-08,2026-05-12,35.0
P00193-TR05,P00193,Physical Efficiency Test Preparation,2024-12-06,2024-12-08,20.3
P00193-TR06,P00193,Weapons Refresher,2024-09-02,2024-09-05,27.5
P00193-TR07,P00193,Jungle Warfare Refresher,2024-09-07,2024-09-13,42.2
P00193-TR08,P00193,Physical Efficiency Test Preparation,2026-04-29,2026-05-01,11.4
P00194-TR01,P00194,Stress Management Workshop,2024-10-23,2024-10-28,43.7
P00194-TR02,P00194,Communications and Signals,2025-12-11,2025-12-15,32.9
P00194-TR03,P00194,Weapons Refresher,2024-11-16,2024-11-21,39.8
P00194-TR04,P00194,Crowd Management,2026-01-02,2026-01-06,31.7
P00194-TR05,P00194,Jungle Warfare Refresher,2024-11-28,2024-12-01,26.7
P00194-TR06,P00194,Physical Efficiency Test Preparation,2024-09-08,2024-09-09,11.7
P00194-TR07,P00194,Stress Management Workshop,2025-02-13,2025-02-16,17.9
P00194-TR08,P00194,Weapons Refresher,2024-11-17,2024-11-20,24.3
P00194-TR09,P00194,First Response and Trauma Care,2025-02-01,2025-02-06,45.4
P00194-TR10,P00194,Communications and Signals,2024-11-28,2024-11-29,5.9
P00195-TR01,P00195,Weapons Refresher,2026-04-04,2026-04-06,21.8
P00195-TR02,P00195,Counter-IED Awareness,2025-10-30,2025-10-31,7.1
P00195-TR03,P00195,Physical Efficiency Test Preparation,2025-06-14,2025-06-15,9.7
P00195-TR04,P00195,Physical Efficiency Test Preparation,2024-10-23,2024-10-26,22.9
P00195-TR05,P00195,First Response and Trauma Care,2026-06-26,2026-06-30,32.5
P00195-TR06,P00195,Physical Efficiency Test Preparation,2026-08-19,2026-08-22,25.0
P00195-TR07,P00195,Crowd Management,2024-09-09,2024-09-10,7.4
P00196-TR01,P00196,Counter-IED Awareness,2026-08-13,2026-08-19,43.2
P00196-TR02,P00196,Crowd Management,2024-11-13,2024-11-19,47.6
P00196-TR03,P00196,Stress Management Workshop,2026-04-19,2026-04-22,21.0
P00196-TR04,P00196,Communications and Signals,2025-07-04,2025-07-06,16.6
P00196-TR05,P00196,Communications and Signals,2025-10-28,2025-11-02,42.1
P00196-TR06,P00196,Stress Management Workshop,2025-03-27,2025-03-28,11.6
P00196-TR07,P00196,Weapons Refresher,2025-02-08,2025-02-13,40.0
P00196-TR08,P00196,Weapons Refresher,2026-05-22,2026-05-23,8.4
P00197-TR01,P00197,Jungle Warfare Refresher,2025-01-22,2025-01-28,53.3
P00197-TR02,P00197,Physical Efficiency Test Preparation,2025-07-16,2025-07-20,26.8
P00197-TR03,P00197,Jungle Warfare Refresher,2025-04-08,2025-04-11,22.9
P00197-TR04,P00197,Weapons Refresher,2025-01-06,2025-01-13,57.0
P00198-TR01,P00198,Jungle Warfare Refresher,2025-01-27,2025-02-01,35.4
P00198-TR02,P00198,Crowd Management,2024-11-16,2024-11-22,46.4
P00198-TR03,P00198,First Response and Trauma Care,2026-01-09,2026-01-10,7.8
P00198-TR04,P00198,Counter-IED Awareness,2025-10-15,2025-10-17,11.8
P00198-TR05,P00198,Communications and Signals,2025-12-29,2025-12-30,9.7
P00198-TR06,P00198,Communications and Signals,2025-08-30,2025-09-01,19.1
P00198-TR07,P00198,Stress Management Workshop,2026-07-14,2026-07-17,26.4
P00198-TR08,P00198,Jungle Warfare Refresher,2025-09-03,2025-09-05,11.8
P00198-TR09,P00198,Stress Management Workshop,2025-08-02,2025-08-03,4.0
P00198-TR10,P00198,Crowd Management,2025-05-03,2025-05-07,24.3
P00198-TR11,P00198,Physical Efficiency Test Preparation,2026-08-16,2026-08-20,32.8
P00198-TR12,P00198,Weapons Refresher,2026-07-18,2026-07-22,29.4
P00198-TR13,P00198,Weapons Refresher,2025-10-28,2025-11-01,33.3
P00198-TR14,P00198,Weapons Refresher,2026-06-19,2026-06-25,48.6
P00199-TR01,P00199,First Response and Trauma Care,2026-05-21,2026-05-24,23.6
P00199-TR02,P00199,Communications and Signals,2025-11-06,2025-11-07,4.0
P00199-TR03,P00199,Communications and Signals,2025-03-09,2025-03-11,12.0
P00200-TR01,P00200,Physical Efficiency Test Preparation,2025-01-02,2025-01-03,9.8
P00200-TR02,P00200,Crowd Management,2025-01-21,2025-01-22,9.7
P00200-TR03,P00200,Counter-IED Awareness,2025-07-05,2025-07-09,26.3
P00200-TR04,P00200,Jungle Warfare Refresher,2026-08-23,2026-08-26,18.7
P00200-TR05,P00200,First Response and Trauma Care,2025-01-15,2025-01-16,8.5
P00200-TR06,P00200,Physical Efficiency Test Preparation,2025-05-26,2025-05-29,21.6
P00200-TR07,P00200,Communications and Signals,2025-09-15,2025-09-17,10.1
P00200-TR08,P00200,Counter-IED Awareness,2025-03-12,2025-03-15,25.1
P00200-TR09,P00200,Jungle Warfare Refresher,2025-04-06,2025-04-11,36.8
P00200-TR10,P00200,First Response and Trauma Care,2026-06-29,2026-07-01,12.5
P00200-TR11,P00200,Jungle Warfare Refresher,2024-12-14,2024-12-17,26.4
P00202-TR01,P00202,Crowd Management,2025-03-03,2025-03-05,12.4
P00202-TR02,P00202,Jungle Warfare Refresher,2025-07-02,2025-07-04,16.0
P00202-TR03,P00202,Crowd Management,2026-01-15,2026-01-20,41.6
P00202-TR04,P00202,First Response and Trauma Care,2025-03-10,2025-03-13,22.1
P00202-TR05,P00202,Jungle Warfare Refresher,2026-05-28,2026-05-29,4.9
P00202-TR06,P00202,Physical Efficiency Test Preparation,2025-02-27,2025-03-05,52.9
P00202-TR07,P00202,Crowd Management,2026-08-04,2026-08-06,19.4
P00202-TR08,P00202,Counter-IED Awareness,2024-12-23,2024-12-27,29.4
P00202-TR09,P00202,Counter-IED Awareness,2026-01-17,2026-01-19,16.0
P00203-TR01,P00203,First Response and Trauma Care,2026-02-02,2026-02-04,16.7
P00203-TR02,P00203,Jungle Warfare Refresher,2025-05-15,2025-05-16,7.8
P00203-TR03,P00203,First Response and Trauma Care,2025-12-07,2025-12-09,16.7
P00203-TR04,P00203,Jungle Warfare Refresher,2025-11-22,2025-11-23,14.1
P00203-TR05,P00203,Stress Management Workshop,2024-09-24,2024-09-25,10.0
P00203-TR06,P00203,Physical Efficiency Test Preparation,2026-03-14,2026-03-16,14.3
P00203-TR07,P00203,Physical Efficiency Test Preparation,2025-02-20,2025-02-23,29.5
P00203-TR08,P00203,Weapons Refresher,2025-08-19,2025-08-21,12.4
P00203-TR09,P00203,Communications and Signals,2026-08-08,2026-08-10,14.2
P00203-TR10,P00203,Stress Management Workshop,2026-07-28,2026-07-31,20.3
P00203-TR11,P00203,Weapons Refresher,2025-12-18,2025-12-22,29.0
P00203-TR12,P00203,Counter-IED Awareness,2026-01-13,2026-01-14,6.8
P00204-TR01,P00204,Crowd Management,2024-11-03,2024-11-05,21.2
P00204-TR02,P00204,Weapons Refresher,2025-05-15,2025-05-16,13.5
P00204-TR03,P00204,Communications and Signals,2024-12-22,2024-12-27,41.6
P00204-TR04,P00204,Communications and Signals,2025-04-15,2025-04-16,8.1
P00204-TR05,P00204,Communications and Signals,2025-05-24,2025-05-28,32.7
P00204-TR06,P00204,Physical Efficiency Test Preparation,2024-12-11,2024-12-19,60.0
P00204-TR07,P00204,Jungle Warfare Refresher,2024-11-21,2024-11-26,36.4
P00204-TR08,P00204,First Response and Trauma Care,2025-02-28,2025-03-02,13.4
P00204-TR09,P00204,Crowd Management,2026-06-25,2026-06-28,27.0
P00204-TR10,P00204,First Response and Trauma Care,2025-12-08,2025-12-09,4.2
P00204-TR11,P00204,Crowd Management,2025-02-14,2025-02-16,17.2
P00204-TR12,P00204,Weapons Refresher,2024-11-20,2024-11-22,14.6
P00204-TR13,P00204,Physical Efficiency Test Preparation,2025-09-04,2025-09-05,8.9
P00205-TR01,P00205,First Response and Trauma Care,2024-09-26,2024-10-01,35.3
P00205-TR02,P00205,Weapons Refresher,2024-09-27,2024-09-30,19.9
P00205-TR03,P00205,Jungle Warfare Refresher,2026-08-07,2026-08-13,53.4
P00205-TR04,P00205,First Response and Trauma Care,2026-05-29,2026-06-01,18.7
P00205-TR05,P00205,Jungle Warfare Refresher,2025-03-20,2025-03-21,9.0
P00205-TR06,P00205,First Response and Trauma Care,2024-12-11,2024-12-16,39.1
P00205-TR07,P00205,Weapons Refresher,2025-02-03,2025-02-05,10.9
P00205-TR08,P00205,Jungle Warfare Refresher,2026-04-23,2026-04-26,27.4
P00205-TR09,P00205,Physical Efficiency Test Preparation,2026-05-24,2026-05-28,31.2
P00205-TR10,P00205,Weapons Refresher,2026-05-27,2026-05-30,27.8
P00205-TR11,P00205,Weapons Refresher,2024-12-20,2024-12-21,9.2
P00206-TR01,P00206,First Response and Trauma Care,2025-05-23,2025-05-27,31.8
P00206-TR02,P00206,Counter-IED Awareness,2025-06-21,2025-06-28,60.0
P00206-TR03,P00206,Jungle Warfare Refresher,2025-05-18,2025-05-21,23.0
P00206-TR04,P00206,Counter-IED Awareness,2025-07-14,2025-07-20,48.2
P00206-TR05,P00206,Weapons Refresher,2025-05-09,2025-05-13,26.7
P00206-TR06,P00206,First Response and Trauma Care,2024-11-06,2024-11-07,7.3
P00206-TR07,P00206,Crowd Management,2025-10-16,2025-10-17,4.0
P00206-TR08,P00206,Jungle Warfare Refresher,2024-10-24,2024-10-29,36.2
P00206-TR09,P00206,First Response and Trauma Care,2024-11-14,2024-11-21,56.8
P00206-TR10,P00206,Stress Management Workshop,2025-04-06,2025-04-07,5.8
P00207-TR01,P00207,Weapons Refresher,2025-01-21,2025-01-24,21.7
P00207-TR02,P00207,Crowd Management,2024-11-22,2024-11-24,12.9
P00207-TR03,P00207,Counter-IED Awareness,2025-04-06,2025-04-08,15.4
P00207-TR04,P00207,Weapons Refresher,2025-03-28,2025-03-31,26.4
P00207-TR05,P00207,Physical Efficiency Test Preparation,2025-12-23,2025-12-28,36.0
P00207-TR06,P00207,Crowd Management,2024-12-28,2024-12-31,23.5
P00207-TR07,P00207,Physical Efficiency Test Preparation,2026-06-11,2026-06-12,10.9
P00207-TR08,P00207,Physical Efficiency Test Preparation,2026-03-15,2026-03-18,26.7
P00207-TR09,P00207,Communications and Signals,2026-07-23,2026-07-25,16.5
P00207-TR10,P00207,Physical Efficiency Test Preparation,2024-10-18,2024-10-19,14.1
P00207-TR11,P00207,Counter-IED Awareness,2024-10-08,2024-10-11,27.2
P00207-TR12,P00207,Counter-IED Awareness,2026-07-20,2026-07-22,15.4
P00207-TR13,P00207,Weapons Refresher,2025-06-18,2025-06-20,10.0
P00207-TR14,P00207,Crowd Management,2025-03-31,2025-04-03,24.8
P00207-TR15,P00207,Counter-IED Awareness,2025-06-13,2025-06-16,17.5
P00208-TR01,P00208,Crowd Management,2025-02-27,2025-03-01,18.0
P00208-TR02,P00208,Communications and Signals,2025-02-07,2025-02-09,19.3
P00208-TR03,P00208,First Response and Trauma Care,2026-07-05,2026-07-07,17.7
P00208-TR04,P00208,Stress Management Workshop,2025-12-02,2025-12-03,13.7
P00208-TR05,P00208,Weapons Refresher,2024-09-21,2024-09-23,17.1
P00208-TR06,P00208,Jungle Warfare Refresher,2024-09-14,2024-09-16,15.6
P00209-TR01,P00209,Stress Management Workshop,2025-12-20,2025-12-22,14.0
P00209-TR02,P00209,First Response and Trauma Care,2025-08-23,2025-08-25,11.7
P00209-TR03,P00209,Counter-IED Awareness,2025-04-24,2025-04-26,14.1
P00209-TR04,P00209,Physical Efficiency Test Preparation,2025-03-04,2025-03-09,44.5
P00209-TR05,P00209,Weapons Refresher,2025-11-18,2025-11-21,28.7
P00209-TR06,P00209,Counter-IED Awareness,2026-08-03,2026-08-04,4.0
P00209-TR07,P00209,Physical Efficiency Test Preparation,2025-03-26,2025-03-29,20.7
P00209-TR08,P00209,Crowd Management,2026-02-19,2026-02-22,25.7
P00209-TR09,P00209,Counter-IED Awareness,2026-02-02,2026-02-03,6.8
P00209-TR10,P00209,Physical Efficiency Test Preparation,2026-06-29,2026-07-01,20.0
P00209-TR11,P00209,Physical Efficiency Test Preparation,2024-11-22,2024-11-25,21.7
P00209-TR12,P00209,Physical Efficiency Test Preparation,2024-09-20,2024-09-21,7.0
P00209-TR13,P00209,Physical Efficiency Test Preparation,2024-09-20,2024-09-26,49.0
P00209-TR14,P00209,First Response and Trauma Care,2026-06-19,2026-06-20,4.0
P00209-TR15,P00209,Crowd Management,2026-05-03,2026-05-07,28.6
P00209-TR16,P00209,First Response and Trauma Care,2025-03-26,2025-03-29,27.1
P00209-TR17,P00209,Jungle Warfare Refresher,2025-06-15,2025-06-19,34.3
P00210-TR01,P00210,Jungle Warfare Refresher,2025-08-07,2025-08-10,22.1
P00210-TR02,P00210,Counter-IED Awareness,2026-05-29,2026-06-01,22.2
P00210-TR03,P00210,First Response and Trauma Care,2026-02-02,2026-02-04,19.6
P00210-TR04,P00210,Stress Management Workshop,2024-12-28,2024-12-30,14.2
P00210-TR05,P00210,Physical Efficiency Test Preparation,2024-09-07,2024-09-08,5.7
P00210-TR06,P00210,Stress Management Workshop,2024-09-14,2024-09-18,26.5
P00210-TR07,P00210,Communications and Signals,2025-09-02,2025-09-04,10.4
P00210-TR08,P00210,Jungle Warfare Refresher,2024-10-04,2024-10-05,5.2
P00211-TR01,P00211,Crowd Management,2026-05-18,2026-05-24,47.8
P00211-TR02,P00211,Stress Management Workshop,2025-07-12,2025-07-15,25.7
P00211-TR03,P00211,Jungle Warfare Refresher,2025-10-18,2025-10-22,32.5
P00211-TR04,P00211,First Response and Trauma Care,2025-05-03,2025-05-07,34.6
P00211-TR05,P00211,Stress Management Workshop,2024-10-05,2024-10-06,9.7
P00211-TR06,P00211,Counter-IED Awareness,2026-04-29,2026-05-02,22.0
P00211-TR07,P00211,Counter-IED Awareness,2026-03-18,2026-03-20,17.9
P00211-TR08,P00211,Communications and Signals,2026-06-18,2026-06-23,37.7
P00211-TR09,P00211,Stress Management Workshop,2026-08-19,2026-08-20,6.2
P00212-TR01,P00212,Jungle Warfare Refresher,2025-07-06,2025-07-07,9.4
P00212-TR02,P00212,Crowd Management,2024-11-23,2024-11-29,47.6
P00212-TR03,P00212,Weapons Refresher,2024-09-01,2024-09-03,19.7
P00212-TR04,P00212,Communications and Signals,2025-08-04,2025-08-09,40.0
P00212-TR05,P00212,Physical Efficiency Test Preparation,2024-11-23,2024-11-25,18.4
P00212-TR06,P00212,Jungle Warfare Refresher,2024-12-13,2024-12-14,8.8
P00212-TR07,P00212,Weapons Refresher,2025-08-24,2025-08-26,22.4
P00212-TR08,P00212,Weapons Refresher,2025-11-15,2025-11-17,17.7
P00212-TR09,P00212,Jungle Warfare Refresher,2026-08-25,2026-08-27,15.9
P00212-TR10,P00212,Communications and Signals,2026-08-18,2026-08-22,31.3
P00213-TR01,P00213,Communications and Signals,2025-03-11,2025-03-19,60.0
P00213-TR02,P00213,Stress Management Workshop,2025-05-10,2025-05-13,27.1
P00213-TR03,P00213,Communications and Signals,2026-04-22,2026-04-25,19.3
P00213-TR04,P00213,Jungle Warfare Refresher,2025-07-27,2025-07-29,17.2
P00213-TR05,P00213,Crowd Management,2025-07-31,2025-08-05,38.8
P00213-TR06,P00213,Physical Efficiency Test Preparation,2024-12-19,2024-12-22,23.2
P00213-TR07,P00213,First Response and Trauma Care,2026-02-26,2026-03-02,38.8
P00214-TR01,P00214,Physical Efficiency Test Preparation,2025-10-27,2025-10-29,17.6
P00214-TR02,P00214,Weapons Refresher,2024-11-30,2024-12-03,25.0
P00214-TR03,P00214,Crowd Management,2025-10-04,2025-10-05,6.8
P00214-TR04,P00214,Communications and Signals,2025-02-24,2025-02-26,11.4
P00214-TR05,P00214,Physical Efficiency Test Preparation,2025-10-17,2025-10-21,34.2
P00214-TR06,P00214,Stress Management Workshop,2025-04-16,2025-04-20,26.8
P00214-TR07,P00214,First Response and Trauma Care,2024-10-20,2024-10-23,21.7
P00214-TR08,P00214,Stress Management Workshop,2025-03-18,2025-03-21,24.8
P00214-TR09,P00214,Crowd Management,2026-03-12,2026-03-14,10.8
P00214-TR10,P00214,Stress Management Workshop,2024-10-20,2024-10-24,30.6
P00214-TR11,P00214,Physical Efficiency Test Preparation,2026-02-17,2026-02-18,6.5
P00215-TR01,P00215,Jungle Warfare Refresher,2025-02-14,2025-02-15,10.4
P00215-TR02,P00215,Counter-IED Awareness,2026-05-22,2026-05-24,17.5
P00215-TR03,P00215,Jungle Warfare Refresher,2025-04-06,2025-04-10,31.6
P00215-TR04,P00215,First Response and Trauma Care,2024-09-16,2024-09-21,37.3
P00215-TR05,P00215,First Response and Trauma Care,2026-01-14,2026-01-16,15.0
P00215-TR06,P00215,Crowd Management,2026-08-11,2026-08-14,21.0
P00215-TR07,P00215,Communications and Signals,2024-11-22,2024-11-25,19.5
P00215-TR08,P00215,Communications and Signals,2025-11-20,2025-11-23,20.2
P00215-TR09,P00215,Physical Efficiency Test Preparation,2025-12-08,2025-12-10,18.1
P00215-TR10,P00215,Stress Management Workshop,2025-08-27,2025-08-29,20.4
P00215-TR11,P00215,First Response and Trauma Care,2025-09-02,2025-09-04,19.5
P00215-TR12,P00215,First Response and Trauma Care,2025-02-18,2025-02-23,36.4
P00215-TR13,P00215,Crowd Management,2025-11-05,2025-11-07,12.9
P00215-TR14,P00215,First Response and Trauma Care,2024-12-11,2024-12-13,14.8
P00215-TR15,P00215,Stress Management Workshop,2025-11-27,2025-12-02,35.3
P00215-TR16,P00215,Jungle Warfare Refresher,2026-01-07,2026-01-08,11.5
P00216-TR01,P00216,Physical Efficiency Test Preparation,2025-01-11,2025-01-14,18.9
P00216-TR02,P00216,Crowd Management,2025-10-26,2025-10-28,18.5
P00216-TR03,P00216,Physical Efficiency Test Preparation,2026-04-14,2026-04-18,31.8
P00216-TR04,P00216,Crowd Management,2025-12-30,2026-01-05,41.8
P00216-TR05,P00216,Stress Management Workshop,2025-08-04,2025-08-07,30.1
P00216-TR06,P00216,First Response and Trauma Care,2025-07-31,2025-08-01,8.9
P00216-TR07,P00216,Communications and Signals,2026-04-08,2026-04-11,22.9
P00216-TR08,P00216,Physical Efficiency Test Preparation,2024-09-01,2024-09-03,18.4
P00216-TR09,P00216,Communications and Signals,2024-10-09,2024-10-11,21.8
P00216-TR10,P00216,Crowd Management,2025-01-10,2025-01-11,7.6
P00216-TR11,P00216,Crowd Management,2025-10-22,2025-10-26,31.5
P00216-TR12,P00216,Crowd Management,2024-10-02,2024-10-07,37.0
P00217-TR01,P00217,First Response and Trauma Care,2026-02-13,2026-02-19,51.8
P00217-TR02,P00217,Physical Efficiency Test Preparation,2026-04-28,2026-04-29,14.3
P00217-TR03,P00217,First Response and Trauma Care,2025-08-19,2025-08-22,19.2
P00217-TR04,P00217,Communications and Signals,2026-02-10,2026-02-13,25.7
P00217-TR05,P00217,First Response and Trauma Care,2025-09-12,2025-09-16,28.9
P00217-TR06,P00217,Counter-IED Awareness,2025-07-12,2025-07-14,19.3
P00217-TR07,P00217,First Response and Trauma Care,2025-06-13,2025-06-17,33.1
P00217-TR08,P00217,Crowd Management,2025-08-31,2025-09-01,9.5
P00217-TR09,P00217,Crowd Management,2024-11-13,2024-11-17,30.6
P00217-TR10,P00217,Stress Management Workshop,2025-05-05,2025-05-06,4.6
P00218-TR01,P00218,Stress Management Workshop,2025-12-22,2025-12-24,12.9
P00218-TR02,P00218,Physical Efficiency Test Preparation,2026-03-19,2026-03-24,41.1
P00218-TR03,P00218,Crowd Management,2026-02-11,2026-02-16,42.8
P00218-TR04,P00218,Stress Management Workshop,2025-08-03,2025-08-06,17.5
P00218-TR05,P00218,Stress Management Workshop,2025-01-17,2025-01-19,9.8
P00218-TR06,P00218,Counter-IED Awareness,2024-11-06,2024-11-08,15.2
P00218-TR07,P00218,First Response and Trauma Care,2025-07-10,2025-07-14,25.6
P00218-TR08,P00218,Communications and Signals,2024-10-03,2024-10-07,33.7
P00218-TR09,P00218,Communications and Signals,2025-02-03,2025-02-04,4.7
P00218-TR10,P00218,Counter-IED Awareness,2025-05-05,2025-05-06,11.2
P00218-TR11,P00218,Stress Management Workshop,2025-12-01,2025-12-03,18.3
P00219-TR01,P00219,Weapons Refresher,2025-12-21,2025-12-24,23.8
P00219-TR02,P00219,Jungle Warfare Refresher,2024-12-15,2024-12-18,23.4
P00219-TR03,P00219,First Response and Trauma Care,2024-09-25,2024-09-27,17.1
P00219-TR04,P00219,Counter-IED Awareness,2025-06-27,2025-06-29,14.4
P00219-TR05,P00219,First Response and Trauma Care,2024-11-25,2024-11-27,16.9
P00219-TR06,P00219,Weapons Refresher,2024-10-16,2024-10-19,25.5
P00219-TR07,P00219,Crowd Management,2025-03-27,2025-03-28,7.6
P00219-TR08,P00219,Counter-IED Awareness,2024-09-26,2024-09-27,13.4
P00219-TR09,P00219,Physical Efficiency Test Preparation,2025-09-24,2025-09-27,21.5
P00219-TR10,P00219,Jungle Warfare Refresher,2025-06-05,2025-06-08,19.4
P00219-TR11,P00219,Counter-IED Awareness,2024-11-10,2024-11-12,16.5
P00219-TR12,P00219,Jungle Warfare Refresher,2025-02-03,2025-02-05,9.1
P00219-TR13,P00219,Jungle Warfare Refresher,2025-10-17,2025-10-18,14.1
P00219-TR14,P00219,Weapons Refresher,2024-09-02,2024-09-06,34.3
P00219-TR15,P00219,Counter-IED Awareness,2025-05-04,2025-05-10,45.0
P00219-TR16,P00219,Crowd Management,2026-01-26,2026-01-27,6.9
P00219-TR17,P00219,First Response and Trauma Care,2025-06-15,2025-06-16,5.9
P00220-TR01,P00220,Stress Management Workshop,2025-01-21,2025-01-25,33.3
P00220-TR02,P00220,Weapons Refresher,2025-10-01,2025-10-04,19.8
P00220-TR03,P00220,Jungle Warfare Refresher,2026-08-24,2026-08-28,27.0
P00220-TR04,P00220,Communications and Signals,2026-03-03,2026-03-05,15.9
P00220-TR05,P00220,Jungle Warfare Refresher,2026-02-05,2026-02-06,12.8
P00220-TR06,P00220,Counter-IED Awareness,2024-12-26,2024-12-29,25.0
P00220-TR07,P00220,Physical Efficiency Test Preparation,2025-09-10,2025-09-12,20.8
P00220-TR08,P00220,Stress Management Workshop,2025-11-22,2025-11-25,18.6
P00220-TR09,P00220,Crowd Management,2026-07-02,2026-07-04,18.7
P00220-TR10,P00220,Communications and Signals,2026-05-14,2026-05-18,30.4
P00220-TR11,P00220,Weapons Refresher,2024-11-06,2024-11-11,39.3
P00220-TR12,P00220,Communications and Signals,2025-09-01,2025-09-02,12.3
P00220-TR13,P00220,Physical Efficiency Test Preparation,2025-12-11,2025-12-13,20.1
P00220-TR14,P00220,Communications and Signals,2025-11-10,2025-11-12,20.4
P00220-TR15,P00220,First Response and Trauma Care,2026-06-21,2026-06-23,18.2
P00221-TR01,P00221,First Response and Trauma Care,2025-03-27,2025-03-28,7.8
P00221-TR02,P00221,Counter-IED Awareness,2025-11-26,2025-11-28,12.0
P00221-TR03,P00221,Communications and Signals,2025-09-10,2025-09-13,28.8
P00221-TR04,P00221,Stress Management Workshop,2025-06-12,2025-06-15,24.5
P00221-TR05,P00221,Physical Efficiency Test Preparation,2026-07-16,2026-07-18,18.6
P00221-TR06,P00221,Weapons Refresher,2026-05-01,2026-05-05,31.2
P00221-TR07,P00221,Jungle Warfare Refresher,2025-03-26,2025-03-28,15.7
P00221-TR08,P00221,First Response and Trauma Care,2025-11-22,2025-11-26,26.7
P00221-TR09,P00221,Stress Management Workshop,2025-02-24,2025-02-25,13.3
P00221-TR10,P00221,Physical Efficiency Test Preparation,2025-08-10,2025-08-14,33.5
P00221-TR11,P00221,Weapons Refresher,2025-01-16,2025-01-17,12.2
P00221-TR12,P00221,Crowd Management,2025-08-08,2025-08-11,29.4
P00221-TR13,P00221,Stress Management Workshop,2026-02-04,2026-02-06,20.0
P00221-TR14,P00221,Weapons Refresher,2026-05-11,2026-05-17,46.3
P00221-TR15,P00221,Weapons Refresher,2025-01-05,2025-01-08,23.4
P00222-TR01,P00222,First Response and Trauma Care,2024-09-25,2024-10-01,43.5
P00222-TR02,P00222,Weapons Refresher,2025-11-01,2025-11-02,10.4
P00222-TR03,P00222,Jungle Warfare Refresher,2025-06-05,2025-06-11,53.3
P00222-TR04,P00222,Counter-IED Awareness,2024-10-19,2024-10-21,16.2
P00222-TR05,P00222,Communications and Signals,2026-08-08,2026-08-12,30.6
P00222-TR06,P00222,Communications and Signals,2026-05-26,2026-06-03,60.0
P00222-TR07,P00222,Communications and Signals,2025-07-24,2025-07-27,20.4
P00223-TR01,P00223,Jungle Warfare Refresher,2026-01-12,2026-01-17,34.3
P00223-TR02,P00223,First Response and Trauma Care,2025-02-02,2025-02-06,32.3
P00223-TR03,P00223,Stress Management Workshop,2026-06-25,2026-06-27,10.7
P00223-TR04,P00223,Crowd Management,2025-02-21,2025-02-23,17.0
P00223-TR05,P00223,Crowd Management,2026-06-03,2026-06-05,19.5
P00223-TR06,P00223,Crowd Management,2026-05-12,2026-05-15,24.5
P00223-TR07,P00223,Crowd Management,2025-02-22,2025-02-28,50.4
P00223-TR08,P00223,Counter-IED Awareness,2026-06-24,2026-06-28,29.6
P00223-TR09,P00223,Jungle Warfare Refresher,2026-03-10,2026-03-16,50.3
P00223-TR10,P00223,First Response and Trauma Care,2026-01-20,2026-01-22,13.9
P00223-TR11,P00223,Crowd Management,2025-09-29,2025-09-30,8.9
P00224-TR01,P00224,Stress Management Workshop,2025-08-22,2025-08-27,41.7
P00224-TR02,P00224,Weapons Refresher,2026-02-22,2026-02-24,13.2
P00224-TR03,P00224,Counter-IED Awareness,2025-10-05,2025-10-07,16.8
P00224-TR04,P00224,Crowd Management,2026-08-19,2026-08-23,29.7
P00224-TR05,P00224,Physical Efficiency Test Preparation,2026-07-15,2026-07-18,23.9
P00224-TR06,P00224,Counter-IED Awareness,2026-01-20,2026-01-25,37.9
P00225-TR01,P00225,Crowd Management,2026-04-24,2026-04-28,29.8
P00225-TR02,P00225,Counter-IED Awareness,2026-06-18,2026-06-22,29.1
P00225-TR03,P00225,Physical Efficiency Test Preparation,2026-06-01,2026-06-04,21.4
P00225-TR04,P00225,Communications and Signals,2025-12-09,2025-12-11,13.6
P00225-TR05,P00225,Crowd Management,2026-07-27,2026-07-30,22.4
P00225-TR06,P00225,Crowd Management,2026-05-26,2026-05-29,25.9
P00225-TR07,P00225,Jungle Warfare Refresher,2025-03-05,2025-03-07,12.3
P00226-TR01,P00226,Weapons Refresher,2026-01-02,2026-01-03,10.7
P00226-TR02,P00226,Jungle Warfare Refresher,2025-04-10,2025-04-12,22.8
P00226-TR03,P00226,Crowd Management,2026-05-31,2026-06-07,60.0
P00226-TR04,P00226,Stress Management Workshop,2025-09-30,2025-10-01,6.2
P00226-TR05,P00226,Communications and Signals,2025-12-04,2025-12-08,29.9
P00226-TR06,P00226,Stress Management Workshop,2024-12-22,2024-12-24,23.3
P00226-TR07,P00226,Physical Efficiency Test Preparation,2026-07-30,2026-08-03,32.7
P00226-TR08,P00226,Crowd Management,2026-07-09,2026-07-11,15.0
P00227-TR01,P00227,Physical Efficiency Test Preparation,2026-03-09,2026-03-11,11.3
P00227-TR02,P00227,Crowd Management,2025-09-12,2025-09-13,12.7
P00227-TR03,P00227,Jungle Warfare Refresher,2025-04-05,2025-04-13,60.0
P00227-TR04,P00227,Jungle Warfare Refresher,2025-04-15,2025-04-17,19.5
P00227-TR05,P00227,Stress Management Workshop,2024-10-03,2024-10-05,11.8
P00227-TR06,P00227,Physical Efficiency Test Preparation,2025-02-02,2025-02-07,37.6
P00227-TR07,P00227,Counter-IED Awareness,2026-02-25,2026-02-27,16.9
P00227-TR08,P00227,Physical Efficiency Test Preparation,2026-07-04,2026-07-07,22.8
P00227-TR09,P00227,First Response and Trauma Care,2024-10-19,2024-10-20,5.9
P00227-TR10,P00227,Physical Efficiency Test Preparation,2025-01-19,2025-01-20,9.0
P00227-TR11,P00227,Counter-IED Awareness,2026-07-07,2026-07-11,33.6
P00227-TR12,P00227,Counter-IED Awareness,2025-10-27,2025-10-28,10.0
P00228-TR01,P00228,Physical Efficiency Test Preparation,2025-07-13,2025-07-18,36.1
P00228-TR02,P00228,First Response and Trauma Care,2026-06-08,2026-06-10,16.6
P00228-TR03,P00228,Crowd Management,2024-10-13,2024-10-17,29.2
P00228-TR04,P00228,Weapons Refresher,2025-06-08,2025-06-09,9.8
P00228-TR05,P00228,Weapons Refresher,2025-09-25,2025-09-27,14.6
P00228-TR06,P00228,Jungle Warfare Refresher,2026-08-13,2026-08-14,12.4
P00228-TR07,P00228,First Response and Trauma Care,2025-12-15,2025-12-17,13.3
P00228-TR08,P00228,Crowd Management,2025-11-23,2025-11-26,23.6
P00228-TR09,P00228,Stress Management Workshop,2025-12-31,2026-01-02,12.0
P00228-TR10,P00228,Counter-IED Awareness,2025-03-06,2025-03-09,27.5
P00228-TR11,P00228,Jungle Warfare Refresher,2025-03-07,2025-03-11,33.1
P00228-TR12,P00228,Crowd Management,2025-04-06,2025-04-09,24.5
P00228-TR13,P00228,Jungle Warfare Refresher,2025-07-30,2025-07-31,5.3
P00228-TR14,P00228,Stress Management Workshop,2025-08-21,2025-08-22,6.9
P00228-TR15,P00228,Stress Management Workshop,2025-10-06,2025-10-07,4.1
P00229-TR01,P00229,Communications and Signals,2025-07-11,2025-07-15,31.0
P00229-TR02,P00229,Counter-IED Awareness,2025-12-05,2025-12-09,31.4
P00229-TR03,P00229,Weapons Refresher,2026-04-21,2026-04-22,6.7
P00229-TR04,P00229,Jungle Warfare Refresher,2025-11-24,2025-11-26,12.9
P00229-TR05,P00229,Crowd Management,2025-10-24,2025-10-26,14.5
P00229-TR06,P00229,Jungle Warfare Refresher,2024-12-25,2024-12-26,9.4
P00229-TR07,P00229,Weapons Refresher,2025-04-27,2025-04-29,13.7
P00229-TR08,P00229,Counter-IED Awareness,2026-05-12,2026-05-14,12.7
P00229-TR09,P00229,Crowd Management,2025-12-29,2026-01-04,46.2
P00229-TR10,P00229,Jungle Warfare Refresher,2025-02-25,2025-02-28,24.9
P00229-TR11,P00229,First Response and Trauma Care,2026-04-24,2026-04-25,10.7
P00229-TR12,P00229,Communications and Signals,2026-04-22,2026-04-23,8.6
P00230-TR01,P00230,Counter-IED Awareness,2025-10-31,2025-11-01,9.5
P00230-TR02,P00230,Stress Management Workshop,2024-12-16,2024-12-20,34.6
P00230-TR03,P00230,Crowd Management,2025-07-27,2025-07-29,15.3
P00230-TR04,P00230,First Response and Trauma Care,2025-06-11,2025-06-12,4.0
P00230-TR05,P00230,Jungle Warfare Refresher,2024-10-24,2024-10-26,19.1
P00230-TR06,P00230,Jungle Warfare Refresher,2025-11-29,2025-12-03,32.4
P00230-TR07,P00230,Counter-IED Awareness,2026-01-29,2026-02-01,25.4
P00230-TR08,P00230,Jungle Warfare Refresher,2025-03-30,2025-04-02,23.7
P00230-TR09,P00230,Communications and Signals,2024-12-02,2024-12-05,22.3
P00230-TR10,P00230,Weapons Refresher,2025-11-12,2025-11-13,6.1
P00230-TR11,P00230,Stress Management Workshop,2025-09-28,2025-09-30,17.7
P00231-TR01,P00231,Stress Management Workshop,2026-01-09,2026-01-16,60.0
P00231-TR02,P00231,Physical Efficiency Test Preparation,2026-04-30,2026-05-05,35.6
P00231-TR03,P00231,First Response and Trauma Care,2026-04-15,2026-04-22,60.0
P00231-TR04,P00231,Jungle Warfare Refresher,2025-04-23,2025-04-26,26.5
P00232-TR01,P00232,First Response and Trauma Care,2025-01-06,2025-01-12,48.4
P00232-TR02,P00232,Stress Management Workshop,2026-04-03,2026-04-04,7.5
P00232-TR03,P00232,Stress Management Workshop,2025-08-07,2025-08-09,20.4
P00232-TR04,P00232,Stress Management Workshop,2024-10-27,2024-10-29,14.1
P00232-TR05,P00232,Crowd Management,2025-08-02,2025-08-10,60.0
P00232-TR06,P00232,Counter-IED Awareness,2026-08-14,2026-08-21,52.3
P00232-TR07,P00232,First Response and Trauma Care,2024-10-01,2024-10-03,16.7
P00232-TR08,P00232,Physical Efficiency Test Preparation,2024-09-23,2024-09-27,35.7
P00233-TR01,P00233,Communications and Signals,2024-10-20,2024-10-23,20.1
P00233-TR02,P00233,Physical Efficiency Test Preparation,2025-01-15,2025-01-18,17.2
P00233-TR03,P00233,Weapons Refresher,2025-09-16,2025-09-23,53.2
P00233-TR04,P00233,Communications and Signals,2024-12-14,2024-12-16,16.3
P00233-TR05,P00233,Communications and Signals,2025-05-19,2025-05-26,51.9
P00233-TR06,P00233,Jungle Warfare Refresher,2024-11-29,2024-12-01,19.8
P00234-TR01,P00234,Communications and Signals,2025-06-19,2025-06-21,16.2
P00234-TR02,P00234,First Response and Trauma Care,2025-03-29,2025-03-30,10.8
P00234-TR03,P00234,Weapons Refresher,2026-08-16,2026-08-19,22.8
P00234-TR04,P00234,Physical Efficiency Test Preparation,2025-09-11,2025-09-13,17.3
P00234-TR05,P00234,Jungle Warfare Refresher,2025-04-04,2025-04-07,23.5
P00234-TR06,P00234,Communications and Signals,2026-01-15,2026-01-19,30.7
P00235-TR01,P00235,First Response and Trauma Care,2026-01-13,2026-01-18,39.2
P00235-TR02,P00235,Stress Management Workshop,2025-06-10,2025-06-12,21.7
P00235-TR03,P00235,Crowd Management,2024-10-07,2024-10-12,38.1
P00235-TR04,P00235,First Response and Trauma Care,2025-04-06,2025-04-10,34.8
P00236-TR01,P00236,Stress Management Workshop,2025-10-30,2025-11-01,12.9
P00236-TR02,P00236,Crowd Management,2025-10-05,2025-10-07,18.0
P00236-TR03,P00236,Stress Management Workshop,2026-01-29,2026-01-31,15.3
P00236-TR04,P00236,Counter-IED Awareness,2025-10-20,2025-10-26,45.9
P00236-TR05,P00236,First Response and Trauma Care,2025-12-07,2025-12-10,20.3
P00236-TR06,P00236,Counter-IED Awareness,2026-02-18,2026-02-23,37.4
P00236-TR07,P00236,Weapons Refresher,2025-11-11,2025-11-13,14.8
P00236-TR08,P00236,First Response and Trauma Care,2025-01-24,2025-01-26,16.9
P00236-TR09,P00236,Jungle Warfare Refresher,2026-01-12,2026-01-15,24.2
P00236-TR10,P00236,Jungle Warfare Refresher,2025-01-24,2025-01-26,16.1
P00236-TR11,P00236,Physical Efficiency Test Preparation,2025-09-11,2025-09-14,22.9
P00236-TR12,P00236,Crowd Management,2025-06-17,2025-06-19,17.8
P00236-TR13,P00236,Counter-IED Awareness,2026-07-19,2026-07-24,39.4
P00236-TR14,P00236,Crowd Management,2026-07-08,2026-07-10,10.7
P00236-TR15,P00236,Crowd Management,2025-03-06,2025-03-10,33.9
P00236-TR16,P00236,Crowd Management,2025-04-09,2025-04-10,10.7
P00236-TR17,P00236,Communications and Signals,2025-01-13,2025-01-14,9.9
P00237-TR01,P00237,Jungle Warfare Refresher,2025-08-29,2025-09-01,28.7
P00237-TR02,P00237,First Response and Trauma Care,2025-04-30,2025-05-02,9.0
P00237-TR03,P00237,Crowd Management,2024-10-24,2024-10-26,14.0
P00237-TR04,P00237,Jungle Warfare Refresher,2025-12-28,2025-12-30,15.4
P00237-TR05,P00237,Jungle Warfare Refresher,2026-02-26,2026-03-06,60.0
P00237-TR06,P00237,Stress Management Workshop,2025-02-26,2025-02-28,20.2
P00237-TR07,P00237,Counter-IED Awareness,2024-09-07,2024-09-08,8.3
P00237-TR08,P00237,First Response and Trauma Care,2026-05-21,2026-05-25,36.0
P00237-TR09,P00237,Weapons Refresher,2026-06-20,2026-06-23,22.0
P00237-TR10,P00237,Physical Efficiency Test Preparation,2025-03-11,2025-03-14,24.6
P00237-TR11,P00237,Communications and Signals,2024-12-30,2024-12-31,12.4
P00238-TR01,P00238,Crowd Management,2026-07-09,2026-07-10,13.7
P00238-TR02,P00238,Stress Management Workshop,2026-06-20,2026-06-22,20.2
P00238-TR03,P00238,Counter-IED Awareness,2024-09-19,2024-09-20,6.9
P00238-TR04,P00238,Counter-IED Awareness,2026-04-06,2026-04-13,60.0
P00238-TR05,P00238,Stress Management Workshop,2025-05-09,2025-05-10,11.5
P00238-TR06,P00238,Counter-IED Awareness,2024-10-15,2024-10-20,34.8
P00238-TR07,P00238,Crowd Management,2024-10-28,2024-10-29,10.0
P00238-TR08,P00238,Communications and Signals,2025-01-02,2025-01-05,23.3
P00238-TR09,P00238,Crowd Management,2024-11-26,2024-11-28,10.7
P00238-TR10,P00238,Stress Management Workshop,2025-06-16,2025-06-17,6.5
P00239-TR01,P00239,Counter-IED Awareness,2025-06-29,2025-06-30,7.7
P00239-TR02,P00239,Weapons Refresher,2026-03-06,2026-03-13,49.0
P00239-TR03,P00239,First Response and Trauma Care,2026-03-13,2026-03-15,18.6
P00239-TR04,P00239,First Response and Trauma Care,2025-07-27,2025-08-04,60.0
P00239-TR05,P00239,Jungle Warfare Refresher,2024-10-16,2024-10-17,11.8
P00239-TR06,P00239,Stress Management Workshop,2026-07-04,2026-07-07,18.0
P00239-TR07,P00239,Stress Management Workshop,2025-02-27,2025-03-02,27.1
P00239-TR08,P00239,Crowd Management,2025-11-15,2025-11-21,49.0
P00240-TR01,P00240,First Response and Trauma Care,2025-10-02,2025-10-07,35.5
P00240-TR02,P00240,Jungle Warfare Refresher,2024-10-19,2024-10-23,30.7
P00240-TR03,P00240,Crowd Management,2025-07-05,2025-07-08,24.2
P00240-TR04,P00240,Jungle Warfare Refresher,2025-03-11,2025-03-12,10.0
P00240-TR05,P00240,First Response and Trauma Care,2025-10-01,2025-10-02,4.0
P00240-TR06,P00240,Counter-IED Awareness,2026-06-27,2026-06-29,9.7
P00240-TR07,P00240,First Response and Trauma Care,2026-01-02,2026-01-03,9.4
P00240-TR08,P00240,Crowd Management,2026-02-11,2026-02-12,11.8
P00240-TR09,P00240,Jungle Warfare Refresher,2025-12-13,2025-12-16,30.0
P00240-TR10,P00240,Crowd Management,2026-02-09,2026-02-12,18.8
P00240-TR11,P00240,Communications and Signals,2025-07-09,2025-07-11,12.5
P00240-TR12,P00240,Communications and Signals,2025-04-03,2025-04-05,14.9
P00241-TR01,P00241,Jungle Warfare Refresher,2024-12-24,2024-12-28,37.6
P00241-TR02,P00241,First Response and Trauma Care,2024-11-02,2024-11-05,26.6
P00241-TR03,P00241,First Response and Trauma Care,2025-12-26,2025-12-28,19.5
P00241-TR04,P00241,Communications and Signals,2025-11-30,2025-12-06,44.8
P00241-TR05,P00241,Crowd Management,2025-09-26,2025-09-29,21.8
P00241-TR06,P00241,Counter-IED Awareness,2026-02-06,2026-02-07,12.6
P00241-TR07,P00241,Crowd Management,2024-12-08,2024-12-10,12.4
P00241-TR08,P00241,First Response and Trauma Care,2026-08-21,2026-08-23,14.8
P00241-TR09,P00241,Stress Management Workshop,2025-03-11,2025-03-12,12.6
P00241-TR10,P00241,Counter-IED Awareness,2024-10-01,2024-10-03,15.0
P00241-TR11,P00241,Counter-IED Awareness,2026-05-05,2026-05-09,35.9
P00241-TR12,P00241,Physical Efficiency Test Preparation,2025-06-21,2025-06-26,36.4
P00241-TR13,P00241,Stress Management Workshop,2025-09-13,2025-09-16,21.8
P00241-TR14,P00241,First Response and Trauma Care,2025-10-02,2025-10-03,7.3
P00242-TR01,P00242,Weapons Refresher,2026-06-27,2026-06-29,15.5
P00242-TR02,P00242,Communications and Signals,2024-12-23,2024-12-26,21.3
P00242-TR03,P00242,Stress Management Workshop,2024-09-17,2024-09-20,27.1
P00242-TR04,P00242,Stress Management Workshop,2025-04-28,2025-04-29,4.0
P00242-TR05,P00242,Communications and Signals,2025-10-09,2025-10-11,13.7
P00242-TR06,P00242,Stress Management Workshop,2024-10-16,2024-10-20,31.0
P00242-TR07,P00242,Crowd Management,2025-03-25,2025-03-27,16.7
P00242-TR08,P00242,First Response and Trauma Care,2026-06-07,2026-06-09,13.8
P00242-TR09,P00242,Physical Efficiency Test Preparation,2026-04-08,2026-04-09,10.8
P00242-TR10,P00242,Counter-IED Awareness,2025-01-23,2025-01-28,34.2
P00242-TR11,P00242,Physical Efficiency Test Preparation,2026-03-23,2026-03-27,36.1
P00242-TR12,P00242,Jungle Warfare Refresher,2024-09-30,2024-10-01,8.8
P00242-TR13,P00242,Communications and Signals,2026-06-08,2026-06-09,15.1
P00242-TR14,P00242,Crowd Management,2026-04-14,2026-04-16,17.4
P00242-TR15,P00242,Counter-IED Awareness,2025-03-17,2025-03-23,51.9
P00242-TR16,P00242,Counter-IED Awareness,2026-01-09,2026-01-14,41.0
P00242-TR17,P00242,Jungle Warfare Refresher,2025-02-14,2025-02-17,17.8
P00243-TR01,P00243,First Response and Trauma Care,2025-11-19,2025-11-22,27.7
P00243-TR02,P00243,First Response and Trauma Care,2026-03-28,2026-03-30,14.1
P00243-TR03,P00243,Jungle Warfare Refresher,2026-08-24,2026-08-25,12.8
P00243-TR04,P00243,Communications and Signals,2024-11-12,2024-11-14,22.2
P00243-TR05,P00243,Communications and Signals,2026-07-15,2026-07-17,18.8
P00243-TR06,P00243,Stress Management Workshop,2025-04-09,2025-04-15,47.4
P00243-TR07,P00243,Jungle Warfare Refresher,2026-07-20,2026-07-26,50.9
P00243-TR08,P00243,Crowd Management,2024-09-09,2024-09-15,45.9
P00243-TR09,P00243,Weapons Refresher,2024-10-01,2024-10-04,23.0
P00244-TR01,P00244,Physical Efficiency Test Preparation,2025-04-01,2025-04-05,34.8
P00244-TR02,P00244,Crowd Management,2025-05-22,2025-05-27,37.9
P00244-TR03,P00244,Crowd Management,2026-04-20,2026-04-24,33.7
P00244-TR04,P00244,Counter-IED Awareness,2024-11-02,2024-11-05,20.5
P00244-TR05,P00244,Physical Efficiency Test Preparation,2024-12-11,2024-12-13,17.6
P00244-TR06,P00244,First Response and Trauma Care,2025-04-03,2025-04-07,34.6
P00244-TR07,P00244,Stress Management Workshop,2026-06-29,2026-07-03,29.8
P00244-TR08,P00244,First Response and Trauma Care,2025-05-25,2025-05-26,8.6
P00244-TR09,P00244,Weapons Refresher,2025-03-18,2025-03-19,6.3
P00245-TR01,P00245,Stress Management Workshop,2025-04-13,2025-04-15,17.2
P00245-TR02,P00245,Jungle Warfare Refresher,2024-09-07,2024-09-08,6.5
P00245-TR03,P00245,Crowd Management,2026-05-28,2026-06-01,25.1
P00245-TR04,P00245,First Response and Trauma Care,2024-12-30,2025-01-02,21.1
P00245-TR05,P00245,Weapons Refresher,2024-12-14,2024-12-21,55.4
P00245-TR06,P00245,First Response and Trauma Care,2026-03-01,2026-03-03,17.3
P00245-TR07,P00245,Jungle Warfare Refresher,2025-12-09,2025-12-10,9.3
P00246-TR01,P00246,Stress Management Workshop,2025-09-28,2025-09-30,15.1
P00246-TR02,P00246,Jungle Warfare Refresher,2025-05-27,2025-06-01,37.3
P00246-TR03,P00246,Physical Efficiency Test Preparation,2026-04-27,2026-04-29,13.4
P00246-TR04,P00246,Communications and Signals,2024-10-16,2024-10-18,14.4
P00246-TR05,P00246,Jungle Warfare Refresher,2026-04-09,2026-04-11,17.8
P00246-TR06,P00246,Stress Management Workshop,2026-03-15,2026-03-17,17.7
P00246-TR07,P00246,Weapons Refresher,2025-01-13,2025-01-17,31.2
P00246-TR08,P00246,Weapons Refresher,2026-05-20,2026-05-26,47.1
P00246-TR09,P00246,Counter-IED Awareness,2025-03-31,2025-04-01,10.4
P00246-TR10,P00246,First Response and Trauma Care,2026-02-05,2026-02-11,53.4
P00246-TR11,P00246,Stress Management Workshop,2024-11-03,2024-11-04,6.2
P00247-TR01,P00247,First Response and Trauma Care,2025-12-27,2025-12-31,34.0
P00247-TR02,P00247,Crowd Management,2024-09-21,2024-09-24,25.6
P00247-TR03,P00247,First Response and Trauma Care,2025-11-18,2025-11-22,34.4
P00247-TR04,P00247,Counter-IED Awareness,2025-02-19,2025-02-21,16.2
P00247-TR05,P00247,Crowd Management,2025-03-06,2025-03-08,15.2
P00247-TR06,P00247,Jungle Warfare Refresher,2026-01-07,2026-01-13,50.5
P00247-TR07,P00247,Crowd Management,2025-06-11,2025-06-12,8.9
P00247-TR08,P00247,First Response and Trauma Care,2025-11-29,2025-12-01,15.0
P00247-TR09,P00247,Stress Management Workshop,2025-08-13,2025-08-16,19.7
P00247-TR10,P00247,First Response and Trauma Care,2024-12-28,2024-12-31,21.8
P00247-TR11,P00247,First Response and Trauma Care,2025-07-14,2025-07-20,46.3
P00247-TR12,P00247,Crowd Management,2025-07-24,2025-07-25,13.4
P00247-TR13,P00247,Weapons Refresher,2025-02-24,2025-03-02,43.4
P00247-TR14,P00247,First Response and Trauma Care,2025-12-24,2025-12-25,10.4
P00247-TR15,P00247,Jungle Warfare Refresher,2024-11-26,2024-11-29,27.0
P00247-TR16,P00247,Crowd Management,2025-04-09,2025-04-12,27.0
P00248-TR01,P00248,Physical Efficiency Test Preparation,2025-08-09,2025-08-10,12.0
P00248-TR02,P00248,Weapons Refresher,2025-03-20,2025-03-23,20.1
P00248-TR03,P00248,Counter-IED Awareness,2025-03-19,2025-03-21,16.5
P00248-TR04,P00248,First Response and Trauma Care,2024-10-02,2024-10-04,11.1
P00248-TR05,P00248,Physical Efficiency Test Preparation,2025-10-22,2025-10-23,11.6
P00248-TR06,P00248,Jungle Warfare Refresher,2025-03-20,2025-03-23,22.2
P00248-TR07,P00248,Communications and Signals,2024-09-10,2024-09-12,9.6
P00248-TR08,P00248,Jungle Warfare Refresher,2025-06-05,2025-06-07,15.5
P00248-TR09,P00248,Communications and Signals,2025-03-20,2025-03-23,26.2
P00249-TR01,P00249,First Response and Trauma Care,2025-12-13,2025-12-19,49.6
P00249-TR02,P00249,Counter-IED Awareness,2026-08-26,2026-08-27,9.1
P00249-TR03,P00249,Jungle Warfare Refresher,2024-10-23,2024-10-26,25.9
P00249-TR04,P00249,Crowd Management,2025-09-12,2025-09-14,11.0
P00249-TR05,P00249,First Response and Trauma Care,2025-11-10,2025-11-12,18.1
P00249-TR06,P00249,First Response and Trauma Care,2026-03-25,2026-03-28,22.3
P00249-TR07,P00249,Counter-IED Awareness,2026-03-03,2026-03-07,31.8
P00249-TR08,P00249,Jungle Warfare Refresher,2025-06-12,2025-06-13,8.5
P00249-TR09,P00249,Jungle Warfare Refresher,2025-09-29,2025-10-01,15.7
P00249-TR10,P00249,Physical Efficiency Test Preparation,2024-11-17,2024-11-18,4.0
P00249-TR11,P00249,Counter-IED Awareness,2024-09-21,2024-09-24,22.8
P00249-TR12,P00249,Crowd Management,2025-02-19,2025-02-22,23.9
P00249-TR13,P00249,Physical Efficiency Test Preparation,2026-04-14,2026-04-17,22.6
P00249-TR14,P00249,Weapons Refresher,2025-05-09,2025-05-10,9.1
P00250-TR01,P00250,Communications and Signals,2025-04-24,2025-04-25,12.6
P00250-TR02,P00250,Physical Efficiency Test Preparation,2025-04-08,2025-04-10,16.7
P00250-TR03,P00250,Jungle Warfare Refresher,2025-10-10,2025-10-14,30.0
P00250-TR04,P00250,Physical Efficiency Test Preparation,2026-03-20,2026-03-21,9.1
P00250-TR05,P00250,First Response and Trauma Care,2025-07-26,2025-07-30,30.0
P00250-TR06,P00250,First Response and Trauma Care,2024-11-16,2024-11-22,49.2
P00250-TR07,P00250,Communications and Signals,2025-10-08,2025-10-10,15.9
P00250-TR08,P00250,First Response and Trauma Care,2025-11-24,2025-11-27,26.6
P00250-TR09,P00250,First Response and Trauma Care,2026-01-14,2026-01-15,9.6
P00250-TR10,P00250,Crowd Management,2026-01-05,2026-01-07,20.9
P00251-TR01,P00251,Stress Management Workshop,2026-08-09,2026-08-13,32.4
P00251-TR02,P00251,First Response and Trauma Care,2026-08-11,2026-08-13,11.7
P00251-TR03,P00251,Crowd Management,2025-01-09,2025-01-13,29.5
P00251-TR04,P00251,Communications and Signals,2026-01-28,2026-01-30,22.0
P00251-TR05,P00251,Counter-IED Awareness,2025-07-08,2025-07-10,11.1
P00251-TR06,P00251,Physical Efficiency Test Preparation,2026-06-25,2026-06-27,12.9
P00251-TR07,P00251,First Response and Trauma Care,2025-07-23,2025-07-26,21.6
P00251-TR08,P00251,Stress Management Workshop,2025-08-06,2025-08-07,11.3
P00251-TR09,P00251,Jungle Warfare Refresher,2025-11-05,2025-11-08,24.5
P00251-TR10,P00251,Stress Management Workshop,2025-04-07,2025-04-08,8.9
P00251-TR11,P00251,Physical Efficiency Test Preparation,2025-08-29,2025-09-01,28.6
P00251-TR12,P00251,Communications and Signals,2026-05-11,2026-05-12,9.1
P00252-TR01,P00252,Crowd Management,2025-02-07,2025-02-08,10.5
P00252-TR02,P00252,Physical Efficiency Test Preparation,2025-05-04,2025-05-09,41.0
P00252-TR03,P00252,Weapons Refresher,2026-05-11,2026-05-14,28.3
P00252-TR04,P00252,Communications and Signals,2025-07-29,2025-07-31,15.5
P00252-TR05,P00252,Jungle Warfare Refresher,2026-05-25,2026-05-29,29.5
P00252-TR06,P00252,First Response and Trauma Care,2024-10-25,2024-10-29,32.4
P00252-TR07,P00252,First Response and Trauma Care,2025-12-27,2025-12-28,11.9
P00252-TR08,P00252,First Response and Trauma Care,2025-11-25,2025-11-28,24.7
P00252-TR09,P00252,Weapons Refresher,2024-12-27,2024-12-29,17.7
P00252-TR10,P00252,First Response and Trauma Care,2025-12-17,2025-12-20,25.3
P00252-TR11,P00252,Jungle Warfare Refresher,2025-10-01,2025-10-06,37.9
P00252-TR12,P00252,Stress Management Workshop,2025-10-02,2025-10-04,21.4
P00253-TR01,P00253,First Response and Trauma Care,2025-03-12,2025-03-17,38.3
P00253-TR02,P00253,Jungle Warfare Refresher,2025-11-18,2025-11-21,21.0
P00253-TR03,P00253,Physical Efficiency Test Preparation,2024-10-18,2024-10-26,60.0
P00253-TR04,P00253,Crowd Management,2026-08-22,2026-08-24,13.6
P00253-TR05,P00253,Communications and Signals,2025-03-31,2025-04-01,7.5
P00253-TR06,P00253,Communications and Signals,2026-05-22,2026-05-25,24.6
P00253-TR07,P00253,Jungle Warfare Refresher,2025-12-20,2025-12-23,24.9
P00253-TR08,P00253,Communications and Signals,2025-12-06,2025-12-08,19.6
P00253-TR09,P00253,Counter-IED Awareness,2025-10-19,2025-10-20,4.0
P00253-TR10,P00253,Crowd Management,2025-03-18,2025-03-20,15.6
P00253-TR11,P00253,First Response and Trauma Care,2024-10-11,2024-10-14,22.6
P00253-TR12,P00253,Stress Management Workshop,2026-03-26,2026-03-31,40.7
P00253-TR13,P00253,Physical Efficiency Test Preparation,2024-10-17,2024-10-19,20.1
P00253-TR14,P00253,Communications and Signals,2026-02-15,2026-02-18,22.7
P00253-TR15,P00253,Physical Efficiency Test Preparation,2024-11-20,2024-11-22,12.2
P00253-TR16,P00253,Jungle Warfare Refresher,2024-11-20,2024-11-23,25.5
P00253-TR17,P00253,Crowd Management,2026-06-13,2026-06-16,19.0
P00254-TR01,P00254,Physical Efficiency Test Preparation,2026-03-21,2026-03-28,52.9
P00254-TR02,P00254,Weapons Refresher,2026-02-18,2026-02-22,31.3
P00254-TR03,P00254,First Response and Trauma Care,2025-12-16,2025-12-21,41.7
P00254-TR04,P00254,Counter-IED Awareness,2024-11-15,2024-11-22,60.0
P00254-TR05,P00254,Counter-IED Awareness,2024-09-02,2024-09-04,16.0
P00254-TR06,P00254,Counter-IED Awareness,2025-04-29,2025-05-02,21.2
P00254-TR07,P00254,Physical Efficiency Test Preparation,2025-09-21,2025-09-23,16.0
P00254-TR08,P00254,Crowd Management,2024-11-05,2024-11-08,17.3
P00254-TR09,P00254,Communications and Signals,2025-05-05,2025-05-07,16.7
P00254-TR10,P00254,Weapons Refresher,2026-04-08,2026-04-10,14.1
P00255-TR01,P00255,First Response and Trauma Care,2025-07-11,2025-07-16,38.0
P00255-TR02,P00255,First Response and Trauma Care,2025-08-13,2025-08-15,18.3
P00255-TR03,P00255,Communications and Signals,2026-04-08,2026-04-10,21.8
P00255-TR04,P00255,Physical Efficiency Test Preparation,2024-12-19,2024-12-22,23.7
P00255-TR05,P00255,First Response and Trauma Care,2024-10-04,2024-10-07,23.9
P00255-TR06,P00255,Counter-IED Awareness,2026-04-03,2026-04-05,22.1
P00255-TR07,P00255,First Response and Trauma Care,2025-12-02,2025-12-03,6.0
P00256-TR01,P00256,Crowd Management,2025-07-19,2025-07-22,25.1
P00256-TR02,P00256,Jungle Warfare Refresher,2025-01-22,2025-01-24,19.2
P00256-TR03,P00256,Weapons Refresher,2026-03-05,2026-03-09,37.8
P00256-TR04,P00256,Crowd Management,2026-02-02,2026-02-03,12.7
P00256-TR05,P00256,Weapons Refresher,2025-03-11,2025-03-14,24.0
P00256-TR06,P00256,Weapons Refresher,2024-09-27,2024-10-03,51.9
P00256-TR07,P00256,Jungle Warfare Refresher,2026-03-18,2026-03-20,15.4
P00256-TR08,P00256,Weapons Refresher,2025-03-07,2025-03-11,30.8
P00256-TR09,P00256,Weapons Refresher,2025-05-24,2025-05-27,22.8
P00256-TR10,P00256,Communications and Signals,2026-08-05,2026-08-07,19.0
P00256-TR11,P00256,Crowd Management,2026-07-08,2026-07-09,4.8
P00257-TR01,P00257,Weapons Refresher,2025-10-23,2025-10-28,38.1
P00257-TR02,P00257,Crowd Management,2025-04-22,2025-04-24,17.4
P00257-TR03,P00257,Communications and Signals,2025-06-16,2025-06-20,31.2
P00257-TR04,P00257,First Response and Trauma Care,2025-11-17,2025-11-22,38.1
P00257-TR05,P00257,Jungle Warfare Refresher,2025-08-11,2025-08-16,36.9
P00257-TR06,P00257,Stress Management Workshop,2025-04-11,2025-04-13,13.5
P00257-TR07,P00257,Stress Management Workshop,2026-03-24,2026-03-26,13.1
P00257-TR08,P00257,Crowd Management,2025-06-14,2025-06-20,47.3
P00257-TR09,P00257,Stress Management Workshop,2024-10-18,2024-10-23,36.9
P00257-TR10,P00257,Weapons Refresher,2025-12-30,2026-01-01,15.8
P00257-TR11,P00257,Crowd Management,2024-11-14,2024-11-17,25.5
P00257-TR12,P00257,Weapons Refresher,2026-01-07,2026-01-10,19.6
P00257-TR13,P00257,Communications and Signals,2026-08-24,2026-08-26,17.8
P00257-TR14,P00257,Crowd Management,2024-09-08,2024-09-10,17.9
P00257-TR15,P00257,Weapons Refresher,2024-10-14,2024-10-16,20.9
P00257-TR16,P00257,Counter-IED Awareness,2025-06-06,2025-06-10,26.7
P00258-TR01,P00258,Communications and Signals,2024-09-18,2024-09-21,30.4
P00258-TR02,P00258,Weapons Refresher,2026-06-17,2026-06-23,48.5
P00258-TR03,P00258,Crowd Management,2025-12-26,2025-12-31,32.6
P00258-TR04,P00258,Weapons Refresher,2024-10-17,2024-10-21,32.7
P00258-TR05,P00258,Jungle Warfare Refresher,2026-02-01,2026-02-03,14.5
P00258-TR06,P00258,Physical Efficiency Test Preparation,2024-12-24,2024-12-26,14.4
P00258-TR07,P00258,Jungle Warfare Refresher,2025-01-14,2025-01-18,33.8
P00258-TR08,P00258,Jungle Warfare Refresher,2026-02-09,2026-02-10,12.5
P00258-TR09,P00258,Physical Efficiency Test Preparation,2025-05-28,2025-05-29,12.0
P00259-TR01,P00259,Communications and Signals,2025-11-05,2025-11-08,19.7
P00259-TR02,P00259,Weapons Refresher,2024-11-06,2024-11-08,14.7
P00259-TR03,P00259,First Response and Trauma Care,2026-03-29,2026-03-30,6.8
P00259-TR04,P00259,Physical Efficiency Test Preparation,2025-06-08,2025-06-12,26.1
P00259-TR05,P00259,Crowd Management,2025-05-18,2025-05-20,15.1
P00259-TR06,P00259,Communications and Signals,2026-04-28,2026-05-01,21.4
P00259-TR07,P00259,Counter-IED Awareness,2025-05-17,2025-05-19,14.0
P00259-TR08,P00259,Communications and Signals,2024-10-22,2024-10-26,35.1
P00259-TR09,P00259,Physical Efficiency Test Preparation,2026-08-16,2026-08-21,36.0
P00259-TR10,P00259,Counter-IED Awareness,2026-08-19,2026-08-21,15.7
P00259-TR11,P00259,Crowd Management,2024-10-10,2024-10-15,38.1
P00259-TR12,P00259,Stress Management Workshop,2025-05-03,2025-05-04,11.1
P00259-TR13,P00259,Communications and Signals,2025-10-29,2025-10-31,16.0
P00259-TR14,P00259,Jungle Warfare Refresher,2025-05-20,2025-05-21,4.0
P00259-TR15,P00259,Stress Management Workshop,2025-03-15,2025-03-18,19.4
P00259-TR16,P00259,Counter-IED Awareness,2026-03-14,2026-03-17,24.2
P00259-TR17,P00259,Weapons Refresher,2024-10-30,2024-11-01,19.3
P00259-TR18,P00259,Physical Efficiency Test Preparation,2025-01-18,2025-01-20,21.4
P00259-TR19,P00259,Counter-IED Awareness,2025-07-01,2025-07-02,12.9
P00259-TR20,P00259,First Response and Trauma Care,2026-07-29,2026-07-30,15.1
P00259-TR21,P00259,Weapons Refresher,2026-05-19,2026-05-22,28.4
P00259-TR22,P00259,Physical Efficiency Test Preparation,2025-04-29,2025-05-02,20.4
P00259-TR23,P00259,Weapons Refresher,2025-12-03,2025-12-04,12.0
P00259-TR24,P00259,First Response and Trauma Care,2025-09-06,2025-09-10,35.0
P00260-TR01,P00260,Stress Management Workshop,2025-10-24,2025-10-27,25.0
P00260-TR02,P00260,Physical Efficiency Test Preparation,2025-12-16,2025-12-24,60.0
P00260-TR03,P00260,Crowd Management,2024-09-07,2024-09-09,17.5
P00260-TR04,P00260,Crowd Management,2025-09-09,2025-09-11,13.7
P00260-TR05,P00260,Counter-IED Awareness,2024-11-14,2024-11-18,27.1
P00260-TR06,P00260,First Response and Trauma Care,2024-09-19,2024-09-20,8.5
P00260-TR07,P00260,Physical Efficiency Test Preparation,2024-10-07,2024-10-11,29.7
P00260-TR08,P00260,Counter-IED Awareness,2026-05-14,2026-05-17,22.5
P00260-TR09,P00260,Stress Management Workshop,2024-10-10,2024-10-11,14.5
P00260-TR10,P00260,Physical Efficiency Test Preparation,2024-09-03,2024-09-07,32.2
P00260-TR11,P00260,Counter-IED Awareness,2026-08-02,2026-08-06,32.3
P00260-TR12,P00260,Weapons Refresher,2026-03-06,2026-03-07,10.4
P00261-TR01,P00261,Counter-IED Awareness,2026-01-15,2026-01-16,6.3
P00261-TR02,P00261,Jungle Warfare Refresher,2026-07-04,2026-07-11,55.8
P00261-TR03,P00261,Counter-IED Awareness,2024-09-13,2024-09-15,11.1
P00261-TR04,P00261,Counter-IED Awareness,2025-05-05,2025-05-11,41.1
P00261-TR05,P00261,Stress Management Workshop,2026-03-23,2026-03-24,4.8
P00261-TR06,P00261,Communications and Signals,2026-03-29,2026-04-02,29.0
P00261-TR07,P00261,Weapons Refresher,2025-10-14,2025-10-18,34.1
P00261-TR08,P00261,Weapons Refresher,2026-04-04,2026-04-05,9.2
P00262-TR01,P00262,Stress Management Workshop,2026-08-21,2026-08-24,23.3
P00262-TR02,P00262,Counter-IED Awareness,2024-12-12,2024-12-14,17.8
P00262-TR03,P00262,First Response and Trauma Care,2025-11-06,2025-11-10,33.8
P00262-TR04,P00262,Counter-IED Awareness,2026-03-11,2026-03-15,29.0
P00262-TR05,P00262,Communications and Signals,2024-09-17,2024-09-19,9.5
P00262-TR06,P00262,Communications and Signals,2025-09-12,2025-09-15,22.1
P00262-TR07,P00262,Stress Management Workshop,2025-11-26,2025-11-30,29.1
P00263-TR01,P00263,Jungle Warfare Refresher,2025-04-04,2025-04-06,12.8
P00263-TR02,P00263,Counter-IED Awareness,2025-05-28,2025-06-04,52.3
P00263-TR03,P00263,Jungle Warfare Refresher,2025-02-23,2025-02-25,16.1
P00263-TR04,P00263,First Response and Trauma Care,2025-05-24,2025-05-27,24.0
P00263-TR05,P00263,Counter-IED Awareness,2024-09-23,2024-09-26,24.5
P00263-TR06,P00263,Counter-IED Awareness,2026-01-25,2026-01-28,20.7
P00263-TR07,P00263,Crowd Management,2026-01-22,2026-01-25,30.7
P00263-TR08,P00263,Communications and Signals,2026-03-31,2026-04-04,33.6
P00263-TR09,P00263,Counter-IED Awareness,2024-12-14,2024-12-19,38.9
P00263-TR10,P00263,Counter-IED Awareness,2026-07-12,2026-07-14,15.0
P00263-TR11,P00263,First Response and Trauma Care,2026-01-10,2026-01-11,14.0
P00263-TR12,P00263,Weapons Refresher,2026-04-12,2026-04-14,21.5
P00263-TR13,P00263,Communications and Signals,2025-03-17,2025-03-21,26.1
P00264-TR01,P00264,Weapons Refresher,2025-01-01,2025-01-06,33.7
P00264-TR02,P00264,First Response and Trauma Care,2026-05-27,2026-06-02,50.0
P00264-TR03,P00264,Crowd Management,2025-11-10,2025-11-12,14.5
P00264-TR04,P00264,Stress Management Workshop,2025-01-03,2025-01-06,26.3
P00264-TR05,P00264,Crowd Management,2026-03-19,2026-03-22,21.5
P00264-TR06,P00264,Crowd Management,2024-12-16,2024-12-18,17.6
P00264-TR07,P00264,Communications and Signals,2025-09-13,2025-09-14,7.4
P00264-TR08,P00264,First Response and Trauma Care,2025-08-21,2025-08-25,30.8
P00264-TR09,P00264,Stress Management Workshop,2025-01-21,2025-01-23,13.6
P00264-TR10,P00264,Stress Management Workshop,2025-06-11,2025-06-14,20.7
P00264-TR11,P00264,Crowd Management,2026-01-21,2026-01-23,14.1
P00264-TR12,P00264,Communications and Signals,2026-04-20,2026-04-21,4.6
P00264-TR13,P00264,Weapons Refresher,2024-09-12,2024-09-14,19.2
P00264-TR14,P00264,Physical Efficiency Test Preparation,2026-04-18,2026-04-21,23.7
P00264-TR15,P00264,Jungle Warfare Refresher,2025-02-12,2025-02-16,31.2
P00265-TR01,P00265,Stress Management Workshop,2026-04-01,2026-04-02,10.3
P00265-TR02,P00265,Communications and Signals,2026-08-16,2026-08-18,18.2
P00265-TR03,P00265,Weapons Refresher,2025-09-26,2025-09-27,6.2
P00265-TR04,P00265,Communications and Signals,2025-11-23,2025-11-25,10.5
P00265-TR05,P00265,First Response and Trauma Care,2025-02-27,2025-03-03,32.0
P00265-TR06,P00265,Weapons Refresher,2025-05-13,2025-05-18,38.3
P00265-TR07,P00265,Communications and Signals,2026-06-15,2026-06-17,21.1
P00265-TR08,P00265,Crowd Management,2025-08-04,2025-08-10,48.3
P00265-TR09,P00265,Physical Efficiency Test Preparation,2026-08-15,2026-08-17,10.2
P00265-TR10,P00265,Communications and Signals,2025-12-13,2025-12-14,4.0
P00265-TR11,P00265,First Response and Trauma Care,2024-12-21,2024-12-25,31.6
P00265-TR12,P00265,Physical Efficiency Test Preparation,2025-07-27,2025-07-28,4.0
P00266-TR01,P00266,Weapons Refresher,2025-06-10,2025-06-15,42.2
P00266-TR02,P00266,Jungle Warfare Refresher,2024-09-17,2024-09-21,32.5
P00266-TR03,P00266,Stress Management Workshop,2025-07-25,2025-07-28,29.4
P00266-TR04,P00266,Counter-IED Awareness,2025-08-15,2025-08-19,28.1
P00266-TR05,P00266,Crowd Management,2026-05-01,2026-05-04,25.2
P00266-TR06,P00266,Jungle Warfare Refresher,2024-10-09,2024-10-12,24.9
P00266-TR07,P00266,Crowd Management,2026-05-12,2026-05-13,7.1
P00267-TR01,P00267,Crowd Management,2026-05-28,2026-06-01,29.0
P00267-TR02,P00267,Counter-IED Awareness,2026-06-27,2026-06-30,23.0
P00267-TR03,P00267,Crowd Management,2025-09-19,2025-09-21,13.9
P00267-TR04,P00267,First Response and Trauma Care,2026-04-19,2026-04-27,60.0
P00267-TR05,P00267,Physical Efficiency Test Preparation,2025-09-23,2025-09-24,10.2
P00267-TR06,P00267,Crowd Management,2025-07-24,2025-07-30,44.9
P00267-TR07,P00267,Jungle Warfare Refresher,2026-03-14,2026-03-17,21.7
P00267-TR08,P00267,Communications and Signals,2025-12-25,2025-12-31,45.1
P00267-TR09,P00267,Communications and Signals,2025-01-01,2025-01-05,29.5
P00267-TR10,P00267,Crowd Management,2026-06-04,2026-06-05,12.3
P00268-TR01,P00268,Communications and Signals,2025-05-02,2025-05-05,25.4
P00268-TR02,P00268,First Response and Trauma Care,2024-10-11,2024-10-14,24.1
P00268-TR03,P00268,Communications and Signals,2024-09-06,2024-09-12,45.5
P00268-TR04,P00268,Weapons Refresher,2026-03-07,2026-03-08,12.7
P00268-TR05,P00268,First Response and Trauma Care,2025-12-11,2025-12-15,32.0
P00268-TR06,P00268,Counter-IED Awareness,2024-09-30,2024-10-01,11.7
P00268-TR07,P00268,Weapons Refresher,2026-04-21,2026-04-22,9.6
P00268-TR08,P00268,Counter-IED Awareness,2024-11-24,2024-12-01,48.9
P00268-TR09,P00268,Counter-IED Awareness,2026-02-07,2026-02-09,14.6
P00268-TR10,P00268,First Response and Trauma Care,2026-04-29,2026-05-05,46.9
P00268-TR11,P00268,Weapons Refresher,2025-11-20,2025-11-22,12.7
P00269-TR01,P00269,First Response and Trauma Care,2026-06-09,2026-06-13,32.3
P00269-TR02,P00269,Communications and Signals,2025-06-12,2025-06-20,60.0
P00269-TR03,P00269,Stress Management Workshop,2025-08-12,2025-08-15,18.9
P00270-TR01,P00270,Jungle Warfare Refresher,2025-12-07,2025-12-09,19.4
P00270-TR02,P00270,Counter-IED Awareness,2026-02-19,2026-02-26,48.6
P00270-TR03,P00270,Weapons Refresher,2026-01-11,2026-01-13,17.7
P00271-TR01,P00271,Stress Management Workshop,2025-01-08,2025-01-10,14.0
P00271-TR02,P00271,Counter-IED Awareness,2026-01-28,2026-02-01,28.8
P00271-TR03,P00271,Physical Efficiency Test Preparation,2024-11-02,2024-11-04,15.5
P00271-TR04,P00271,Physical Efficiency Test Preparation,2024-11-07,2024-11-10,22.2
P00271-TR05,P00271,Crowd Management,2024-09-11,2024-09-12,4.3
P00271-TR06,P00271,First Response and Trauma Care,2026-08-05,2026-08-07,16.2
P00271-TR07,P00271,Counter-IED Awareness,2026-08-29,2026-09-01,24.6
P00271-TR08,P00271,Stress Management Workshop,2026-02-18,2026-02-22,28.5
P00271-TR09,P00271,Counter-IED Awareness,2026-04-17,2026-04-21,29.0
P00271-TR10,P00271,Weapons Refresher,2026-08-03,2026-08-06,22.2
P00271-TR11,P00271,Physical Efficiency Test Preparation,2026-08-09,2026-08-12,21.2
P00271-TR12,P00271,Physical Efficiency Test Preparation,2024-11-08,2024-11-11,19.5
P00271-TR13,P00271,Communications and Signals,2025-09-20,2025-09-24,29.2
P00271-TR14,P00271,Counter-IED Awareness,2025-07-14,2025-07-16,15.2
P00271-TR15,P00271,First Response and Trauma Care,2025-05-29,2025-05-31,15.5
P00271-TR16,P00271,Physical Efficiency Test Preparation,2026-03-13,2026-03-15,19.7
P00271-TR17,P00271,First Response and Trauma Care,2025-11-08,2025-11-12,28.7
P00271-TR18,P00271,Crowd Management,2024-09-12,2024-09-20,58.6
P00271-TR19,P00271,Counter-IED Awareness,2025-11-17,2025-11-19,10.1
P00271-TR20,P00271,Crowd Management,2026-04-17,2026-04-20,23.7
P00271-TR21,P00271,Physical Efficiency Test Preparation,2026-06-18,2026-06-21,23.1
P00272-TR01,P00272,Counter-IED Awareness,2026-03-06,2026-03-07,11.1
P00272-TR02,P00272,Jungle Warfare Refresher,2025-01-24,2025-01-26,11.3
P00272-TR03,P00272,Physical Efficiency Test Preparation,2026-05-11,2026-05-12,10.3
P00272-TR04,P00272,Stress Management Workshop,2025-12-07,2025-12-13,46.1
P00272-TR05,P00272,Jungle Warfare Refresher,2025-09-16,2025-09-21,45.0
P00272-TR06,P00272,Physical Efficiency Test Preparation,2025-11-09,2025-11-12,25.8
P00272-TR07,P00272,Counter-IED Awareness,2025-09-15,2025-09-22,55.1
P00272-TR08,P00272,Crowd Management,2024-12-07,2024-12-13,49.7
P00272-TR09,P00272,Counter-IED Awareness,2025-11-30,2025-12-01,6.4
P00272-TR10,P00272,Physical Efficiency Test Preparation,2025-09-02,2025-09-04,16.3
P00272-TR11,P00272,Counter-IED Awareness,2026-03-30,2026-04-01,16.6
P00273-TR01,P00273,Weapons Refresher,2026-02-22,2026-02-25,26.4
P00273-TR02,P00273,Jungle Warfare Refresher,2024-11-09,2024-11-10,14.5
P00273-TR03,P00273,Weapons Refresher,2025-05-06,2025-05-08,16.3
P00273-TR04,P00273,Crowd Management,2026-06-20,2026-06-22,12.7
P00273-TR05,P00273,Counter-IED Awareness,2025-10-09,2025-10-13,33.4
P00273-TR06,P00273,Stress Management Workshop,2026-06-06,2026-06-07,10.9
P00273-TR07,P00273,First Response and Trauma Care,2025-06-16,2025-06-19,24.6
P00273-TR08,P00273,Physical Efficiency Test Preparation,2026-03-27,2026-03-29,19.1
P00273-TR09,P00273,Communications and Signals,2025-03-19,2025-03-20,5.2
P00273-TR10,P00273,Crowd Management,2025-04-12,2025-04-14,14.6
P00273-TR11,P00273,Counter-IED Awareness,2026-04-22,2026-04-26,29.9
P00273-TR12,P00273,Communications and Signals,2024-09-13,2024-09-17,32.1
P00273-TR13,P00273,Counter-IED Awareness,2025-12-16,2025-12-17,4.4
P00273-TR14,P00273,Jungle Warfare Refresher,2025-04-03,2025-04-05,17.4
P00273-TR15,P00273,Physical Efficiency Test Preparation,2025-09-13,2025-09-14,5.5
P00274-TR01,P00274,Crowd Management,2026-01-03,2026-01-06,21.7
P00274-TR02,P00274,Counter-IED Awareness,2026-03-02,2026-03-03,6.3
P00274-TR03,P00274,Counter-IED Awareness,2026-08-29,2026-08-31,13.6
P00274-TR04,P00274,Crowd Management,2025-07-22,2025-07-27,43.8
P00274-TR05,P00274,Crowd Management,2025-07-12,2025-07-16,36.1
P00274-TR06,P00274,Counter-IED Awareness,2026-01-31,2026-02-04,36.1
P00274-TR07,P00274,Crowd Management,2025-12-12,2025-12-15,22.3
P00274-TR08,P00274,Counter-IED Awareness,2024-10-21,2024-10-26,33.3
P00274-TR09,P00274,Counter-IED Awareness,2025-07-01,2025-07-04,24.0
P00274-TR10,P00274,First Response and Trauma Care,2025-06-16,2025-06-19,23.7
P00274-TR11,P00274,Physical Efficiency Test Preparation,2025-08-04,2025-08-05,10.8
P00274-TR12,P00274,Jungle Warfare Refresher,2024-09-11,2024-09-12,6.3
P00275-TR01,P00275,Weapons Refresher,2025-07-26,2025-07-28,16.6
P00275-TR02,P00275,First Response and Trauma Care,2026-02-22,2026-02-25,27.9
P00275-TR03,P00275,Communications and Signals,2024-12-07,2024-12-09,14.1
P00275-TR04,P00275,Stress Management Workshop,2026-01-03,2026-01-05,20.0
P00275-TR05,P00275,Counter-IED Awareness,2026-06-19,2026-06-24,41.3
P00275-TR06,P00275,Jungle Warfare Refresher,2025-09-01,2025-09-04,25.6
P00275-TR07,P00275,Crowd Management,2024-12-23,2024-12-29,49.0
P00276-TR01,P00276,Jungle Warfare Refresher,2026-08-09,2026-08-10,7.8
P00276-TR02,P00276,Weapons Refresher,2025-10-09,2025-10-10,8.5
P00276-TR03,P00276,Jungle Warfare Refresher,2026-07-22,2026-07-24,12.3
P00276-TR04,P00276,Counter-IED Awareness,2025-06-19,2025-06-24,33.9
P00276-TR05,P00276,Physical Efficiency Test Preparation,2025-11-20,2025-11-23,23.2
P00276-TR06,P00276,First Response and Trauma Care,2024-09-03,2024-09-06,24.0
P00276-TR07,P00276,Counter-IED Awareness,2026-06-18,2026-06-20,18.5
P00276-TR08,P00276,Communications and Signals,2025-06-12,2025-06-17,46.7
P00276-TR09,P00276,Physical Efficiency Test Preparation,2025-05-05,2025-05-06,4.0
P00276-TR10,P00276,Weapons Refresher,2025-10-09,2025-10-10,12.3
P00276-TR11,P00276,Stress Management Workshop,2025-02-27,2025-02-28,12.0
P00276-TR12,P00276,Crowd Management,2025-05-25,2025-05-29,29.9
P00276-TR13,P00276,Communications and Signals,2025-10-06,2025-10-08,11.5
P00277-TR01,P00277,Counter-IED Awareness,2025-09-20,2025-09-24,32.7
P00277-TR02,P00277,Counter-IED Awareness,2026-05-03,2026-05-10,60.0
P00277-TR03,P00277,Physical Efficiency Test Preparation,2025-01-30,2025-02-02,20.8
P00277-TR04,P00277,Jungle Warfare Refresher,2025-02-11,2025-02-12,12.4
P00277-TR05,P00277,Jungle Warfare Refresher,2026-01-16,2026-01-19,23.6
P00277-TR06,P00277,Weapons Refresher,2026-08-29,2026-08-30,11.1
P00278-TR01,P00278,Physical Efficiency Test Preparation,2024-11-20,2024-11-24,27.5
P00278-TR02,P00278,Jungle Warfare Refresher,2026-06-07,2026-06-08,7.9
P00278-TR03,P00278,Communications and Signals,2024-12-21,2024-12-25,32.1
P00278-TR04,P00278,Stress Management Workshop,2024-09-20,2024-09-23,23.2
P00278-TR05,P00278,First Response and Trauma Care,2024-11-27,2024-12-01,32.1
P00278-TR06,P00278,Jungle Warfare Refresher,2025-10-10,2025-10-12,18.4
P00278-TR07,P00278,Counter-IED Awareness,2025-09-13,2025-09-16,25.2
P00278-TR08,P00278,Communications and Signals,2025-02-19,2025-02-21,15.0
P00278-TR09,P00278,Stress Management Workshop,2025-02-24,2025-02-25,5.3
P00278-TR10,P00278,Physical Efficiency Test Preparation,2025-02-16,2025-02-19,22.2
P00278-TR11,P00278,Communications and Signals,2025-08-09,2025-08-11,16.0
P00278-TR12,P00278,Physical Efficiency Test Preparation,2025-06-08,2025-06-11,25.3
P00278-TR13,P00278,Physical Efficiency Test Preparation,2025-07-28,2025-08-02,34.7
P00278-TR14,P00278,Physical Efficiency Test Preparation,2025-12-08,2025-12-09,13.9
P00278-TR15,P00278,First Response and Trauma Care,2025-05-29,2025-06-01,26.1
P00278-TR16,P00278,First Response and Trauma Care,2025-04-13,2025-04-15,18.7
P00278-TR17,P00278,Crowd Management,2026-05-18,2026-05-23,40.2
P00278-TR18,P00278,Weapons Refresher,2025-07-28,2025-07-30,10.2
P00279-TR01,P00279,First Response and Trauma Care,2026-07-05,2026-07-07,14.4
P00279-TR02,P00279,First Response and Trauma Care,2024-11-16,2024-11-17,4.5
P00279-TR03,P00279,Counter-IED Awareness,2025-02-06,2025-02-08,16.6
P00279-TR04,P00279,Weapons Refresher,2026-07-03,2026-07-06,25.1
P00279-TR05,P00279,Physical Efficiency Test Preparation,2024-09-28,2024-10-01,22.9
P00279-TR06,P00279,Stress Management Workshop,2024-12-27,2025-01-01,39.0
P00279-TR07,P00279,Jungle Warfare Refresher,2026-01-18,2026-01-21,26.3
P00279-TR08,P00279,Counter-IED Awareness,2025-09-26,2025-09-30,31.2
P00279-TR09,P00279,Weapons Refresher,2026-02-21,2026-02-25,30.9
P00280-TR01,P00280,Jungle Warfare Refresher,2026-07-11,2026-07-15,29.4
P00280-TR02,P00280,Counter-IED Awareness,2025-08-22,2025-08-23,10.5
P00280-TR03,P00280,Stress Management Workshop,2025-08-25,2025-08-30,39.7
P00280-TR04,P00280,Counter-IED Awareness,2026-08-07,2026-08-09,12.7
P00280-TR05,P00280,Crowd Management,2024-11-23,2024-12-01,60.0
P00280-TR06,P00280,Counter-IED Awareness,2025-03-28,2025-03-30,18.5
P00281-TR01,P00281,Counter-IED Awareness,2024-09-16,2024-09-20,34.6
P00281-TR02,P00281,Counter-IED Awareness,2025-02-15,2025-02-17,18.1
P00281-TR03,P00281,Communications and Signals,2026-06-09,2026-06-10,7.2
P00281-TR04,P00281,Counter-IED Awareness,2026-03-28,2026-03-30,16.0
P00281-TR05,P00281,Weapons Refresher,2025-06-21,2025-06-27,48.4
P00281-TR06,P00281,Weapons Refresher,2026-05-30,2026-06-06,55.2
P00281-TR07,P00281,Crowd Management,2024-10-17,2024-10-20,28.3
P00281-TR08,P00281,Counter-IED Awareness,2025-11-22,2025-11-25,20.7
P00281-TR09,P00281,Weapons Refresher,2025-01-04,2025-01-07,22.4
P00281-TR10,P00281,Counter-IED Awareness,2025-05-04,2025-05-09,34.8
P00281-TR11,P00281,Counter-IED Awareness,2026-03-14,2026-03-15,6.9
P00281-TR12,P00281,Physical Efficiency Test Preparation,2025-04-15,2025-04-16,12.7
P00282-TR01,P00282,Weapons Refresher,2024-09-28,2024-09-30,15.0
P00282-TR02,P00282,Counter-IED Awareness,2025-08-14,2025-08-17,23.1
P00282-TR03,P00282,Stress Management Workshop,2026-02-10,2026-02-12,17.5
P00282-TR04,P00282,Communications and Signals,2026-04-10,2026-04-11,4.0
P00282-TR05,P00282,Stress Management Workshop,2025-07-24,2025-07-26,17.3
P00282-TR06,P00282,First Response and Trauma Care,2024-10-28,2024-10-29,11.3
P00282-TR07,P00282,Communications and Signals,2025-07-13,2025-07-17,30.4
P00282-TR08,P00282,Counter-IED Awareness,2026-01-20,2026-01-22,18.2
P00282-TR09,P00282,Crowd Management,2025-12-07,2025-12-10,20.3
P00282-TR10,P00282,Weapons Refresher,2025-08-12,2025-08-15,26.1
P00282-TR11,P00282,Stress Management Workshop,2025-07-07,2025-07-10,21.7
P00282-TR12,P00282,First Response and Trauma Care,2025-07-22,2025-07-24,13.8
P00282-TR13,P00282,Physical Efficiency Test Preparation,2025-02-14,2025-02-16,10.2
P00282-TR14,P00282,Crowd Management,2025-07-08,2025-07-09,13.2
P00282-TR15,P00282,Stress Management Workshop,2024-11-01,2024-11-02,5.3
P00282-TR16,P00282,Physical Efficiency Test Preparation,2025-01-16,2025-01-18,9.8
P00282-TR17,P00282,Crowd Management,2025-03-06,2025-03-10,28.8
P00282-TR18,P00282,Crowd Management,2025-09-25,2025-09-29,28.7
P00282-TR19,P00282,Communications and Signals,2025-10-23,2025-10-28,37.4
P00282-TR20,P00282,Physical Efficiency Test Preparation,2025-02-08,2025-02-10,17.7
P00282-TR21,P00282,Physical Efficiency Test Preparation,2026-05-08,2026-05-09,6.3
P00282-TR22,P00282,Counter-IED Awareness,2026-02-23,2026-02-24,10.5
P00282-TR23,P00282,Weapons Refresher,2025-01-14,2025-01-15,4.7
P00283-TR01,P00283,Communications and Signals,2025-05-05,2025-05-06,8.4
P00283-TR02,P00283,Communications and Signals,2026-03-22,2026-03-23,12.5
P00283-TR03,P00283,Jungle Warfare Refresher,2025-06-25,2025-06-30,39.0
P00283-TR04,P00283,First Response and Trauma Care,2026-02-14,2026-02-16,18.6
P00283-TR05,P00283,Communications and Signals,2025-11-23,2025-11-26,21.2
P00283-TR06,P00283,First Response and Trauma Care,2025-12-08,2025-12-13,38.2
P00283-TR07,P00283,First Response and Trauma Care,2025-02-01,2025-02-03,15.6
P00283-TR08,P00283,Crowd Management,2025-10-19,2025-10-21,14.7
P00283-TR09,P00283,Weapons Refresher,2025-06-30,2025-07-05,36.4
P00284-TR01,P00284,Physical Efficiency Test Preparation,2026-03-03,2026-03-05,20.7
P00284-TR02,P00284,Physical Efficiency Test Preparation,2026-04-02,2026-04-06,31.8
P00284-TR03,P00284,Counter-IED Awareness,2025-07-18,2025-07-21,21.8
P00284-TR04,P00284,Weapons Refresher,2025-01-17,2025-01-18,7.6
P00284-TR05,P00284,Jungle Warfare Refresher,2026-02-22,2026-03-01,60.0
P00284-TR06,P00284,Weapons Refresher,2026-06-18,2026-06-21,20.9
P00284-TR07,P00284,Counter-IED Awareness,2025-09-20,2025-09-22,13.5
P00284-TR08,P00284,Stress Management Workshop,2026-02-08,2026-02-09,8.1
P00284-TR09,P00284,Crowd Management,2025-06-24,2025-06-25,13.3
P00284-TR10,P00284,Physical Efficiency Test Preparation,2025-03-12,2025-03-19,54.7
P00284-TR11,P00284,Communications and Signals,2025-09-14,2025-09-15,11.9
P00284-TR12,P00284,First Response and Trauma Care,2026-03-02,2026-03-05,22.4
P00284-TR13,P00284,Communications and Signals,2025-05-01,2025-05-05,31.7
P00284-TR14,P00284,Jungle Warfare Refresher,2025-12-05,2025-12-07,18.2
P00284-TR15,P00284,Jungle Warfare Refresher,2025-02-22,2025-02-23,11.7
P00285-TR01,P00285,Counter-IED Awareness,2024-09-11,2024-09-12,9.1
P00285-TR02,P00285,Jungle Warfare Refresher,2025-12-22,2025-12-23,4.6
P00285-TR03,P00285,Jungle Warfare Refresher,2025-04-18,2025-04-21,27.5
P00285-TR04,P00285,Physical Efficiency Test Preparation,2024-10-26,2024-10-29,17.7
P00285-TR05,P00285,Stress Management Workshop,2024-10-10,2024-10-13,24.9
P00285-TR06,P00285,Communications and Signals,2025-10-06,2025-10-07,12.2
P00285-TR07,P00285,Physical Efficiency Test Preparation,2025-10-05,2025-10-08,17.0
P00285-TR08,P00285,Counter-IED Awareness,2024-09-25,2024-09-27,20.3
P00285-TR09,P00285,Weapons Refresher,2026-05-29,2026-05-31,18.3
P00285-TR10,P00285,Communications and Signals,2025-10-10,2025-10-13,24.9
P00285-TR11,P00285,Jungle Warfare Refresher,2024-11-08,2024-11-09,10.7
P00286-TR01,P00286,Stress Management Workshop,2025-11-12,2025-11-14,18.7
P00286-TR02,P00286,Physical Efficiency Test Preparation,2026-02-17,2026-02-20,22.7
P00286-TR03,P00286,Physical Efficiency Test Preparation,2024-11-29,2024-12-02,20.2
P00286-TR04,P00286,Jungle Warfare Refresher,2025-09-06,2025-09-11,40.1
P00286-TR05,P00286,Jungle Warfare Refresher,2025-01-29,2025-01-31,11.3
P00286-TR06,P00286,Counter-IED Awareness,2025-07-26,2025-07-31,41.6
P00286-TR07,P00286,Crowd Management,2025-08-28,2025-08-30,13.0
P00286-TR08,P00286,Physical Efficiency Test Preparation,2025-02-20,2025-02-25,40.3
P00286-TR09,P00286,First Response and Trauma Care,2024-12-01,2024-12-02,7.3
P00287-TR01,P00287,Weapons Refresher,2026-08-21,2026-08-22,8.0
P00287-TR02,P00287,First Response and Trauma Care,2025-06-02,2025-06-04,10.0
P00287-TR03,P00287,Stress Management Workshop,2025-08-19,2025-08-24,40.5
P00287-TR04,P00287,First Response and Trauma Care,2026-04-29,2026-05-03,27.0
P00287-TR05,P00287,Weapons Refresher,2026-06-28,2026-07-01,24.1
P00287-TR06,P00287,First Response and Trauma Care,2026-08-27,2026-08-29,17.1
P00287-TR07,P00287,Crowd Management,2025-01-01,2025-01-03,15.0
P00287-TR08,P00287,Physical Efficiency Test Preparation,2024-12-12,2024-12-17,39.8
P00287-TR09,P00287,Physical Efficiency Test Preparation,2025-12-20,2025-12-22,16.2
P00287-TR10,P00287,Crowd Management,2025-11-12,2025-11-14,13.0
P00287-TR11,P00287,Jungle Warfare Refresher,2025-09-21,2025-09-27,47.3
P00287-TR12,P00287,Communications and Signals,2026-03-23,2026-03-25,17.7
P00288-TR01,P00288,Counter-IED Awareness,2024-10-08,2024-10-10,16.5
P00288-TR02,P00288,Stress Management Workshop,2025-08-25,2025-08-29,26.8
P00288-TR03,P00288,Jungle Warfare Refresher,2026-06-14,2026-06-16,15.1
P00288-TR04,P00288,Counter-IED Awareness,2025-03-15,2025-03-16,13.4
P00288-TR05,P00288,Communications and Signals,2026-06-27,2026-06-29,19.0
P00289-TR01,P00289,Physical Efficiency Test Preparation,2026-05-21,2026-05-24,22.6
P00289-TR02,P00289,Jungle Warfare Refresher,2024-11-06,2024-11-08,11.7
P00289-TR03,P00289,Weapons Refresher,2024-09-16,2024-09-20,36.0
P00289-TR04,P00289,Jungle Warfare Refresher,2025-09-04,2025-09-09,34.6
P00289-TR05,P00289,Physical Efficiency Test Preparation,2024-11-16,2024-11-22,44.0
P00289-TR06,P00289,Crowd Management,2026-06-13,2026-06-15,21.8
P00289-TR07,P00289,First Response and Trauma Care,2024-09-15,2024-09-18,28.2
P00289-TR08,P00289,Communications and Signals,2026-03-05,2026-03-07,17.9
P00289-TR09,P00289,First Response and Trauma Care,2026-01-29,2026-02-02,28.0
P00289-TR10,P00289,Counter-IED Awareness,2024-10-12,2024-10-13,7.0
P00290-TR01,P00290,Counter-IED Awareness,2025-05-08,2025-05-12,33.6
P00290-TR02,P00290,Crowd Management,2024-10-30,2024-11-01,16.7
P00290-TR03,P00290,Stress Management Workshop,2026-08-27,2026-08-30,27.7
P00290-TR04,P00290,Crowd Management,2024-12-09,2024-12-12,19.5
P00290-TR05,P00290,Communications and Signals,2025-08-21,2025-08-23,16.9
P00290-TR06,P00290,First Response and Trauma Care,2025-10-03,2025-10-08,34.7
P00290-TR07,P00290,First Response and Trauma Care,2025-03-04,2025-03-07,18.6
P00290-TR08,P00290,Crowd Management,2024-11-18,2024-11-22,35.9
P00290-TR09,P00290,Physical Efficiency Test Preparation,2025-11-29,2025-12-02,24.0
P00290-TR10,P00290,Weapons Refresher,2026-04-15,2026-04-21,45.4
P00290-TR11,P00290,Crowd Management,2025-04-08,2025-04-09,6.6
P00290-TR12,P00290,Weapons Refresher,2026-02-26,2026-02-27,9.7
P00291-TR01,P00291,Stress Management Workshop,2025-04-23,2025-04-29,50.7
P00291-TR02,P00291,Jungle Warfare Refresher,2024-11-05,2024-11-08,17.4
P00291-TR03,P00291,Weapons Refresher,2025-06-28,2025-07-03,32.6
P00291-TR04,P00291,Counter-IED Awareness,2025-08-23,2025-08-28,40.0
P00291-TR05,P00291,Counter-IED Awareness,2025-10-05,2025-10-07,16.8
P00291-TR06,P00291,Communications and Signals,2025-10-19,2025-10-24,34.0
P00291-TR07,P00291,Jungle Warfare Refresher,2025-03-20,2025-03-22,21.6
P00291-TR08,P00291,Jungle Warfare Refresher,2025-10-25,2025-10-28,22.8
P00291-TR09,P00291,Stress Management Workshop,2026-05-19,2026-05-23,29.1
P00291-TR10,P00291,First Response and Trauma Care,2025-09-08,2025-09-11,27.7
P00291-TR11,P00291,Stress Management Workshop,2025-11-05,2025-11-07,9.4
P00292-TR01,P00292,Weapons Refresher,2024-11-13,2024-11-18,37.0
P00292-TR02,P00292,Crowd Management,2025-03-16,2025-03-22,49.5
P00293-TR01,P00293,First Response and Trauma Care,2025-12-26,2025-12-27,4.9
P00293-TR02,P00293,Communications and Signals,2026-03-10,2026-03-17,55.3
P00293-TR03,P00293,Stress Management Workshop,2025-12-02,2025-12-03,10.4
P00293-TR04,P00293,Crowd Management,2025-11-23,2025-11-26,18.6
P00293-TR05,P00293,Stress Management Workshop,2024-11-06,2024-11-08,13.2
P00293-TR06,P00293,Communications and Signals,2026-03-05,2026-03-06,9.5
P00293-TR07,P00293,Physical Efficiency Test Preparation,2026-06-03,2026-06-06,24.1
P00293-TR08,P00293,Jungle Warfare Refresher,2026-02-26,2026-02-28,17.2
P00293-TR09,P00293,Weapons Refresher,2025-04-07,2025-04-09,14.8
P00293-TR10,P00293,Communications and Signals,2025-08-20,2025-08-23,17.8
P00293-TR11,P00293,Stress Management Workshop,2026-05-23,2026-05-26,23.3
P00293-TR12,P00293,Crowd Management,2026-08-23,2026-08-27,33.8
P00293-TR13,P00293,First Response and Trauma Care,2026-01-13,2026-01-17,24.3
P00294-TR01,P00294,Weapons Refresher,2026-06-28,2026-07-01,25.0
P00294-TR02,P00294,Physical Efficiency Test Preparation,2024-11-21,2024-11-24,28.0
P00294-TR03,P00294,Counter-IED Awareness,2025-07-24,2025-07-27,19.8
P00294-TR04,P00294,Physical Efficiency Test Preparation,2025-10-21,2025-10-22,9.3
P00294-TR05,P00294,Jungle Warfare Refresher,2026-02-16,2026-02-17,5.1
P00294-TR06,P00294,Weapons Refresher,2026-04-23,2026-04-27,35.5
P00294-TR07,P00294,Counter-IED Awareness,2025-06-04,2025-06-09,41.6
P00294-TR08,P00294,Physical Efficiency Test Preparation,2024-10-18,2024-10-20,19.6
P00295-TR01,P00295,First Response and Trauma Care,2026-02-05,2026-02-06,15.1
P00295-TR02,P00295,Counter-IED Awareness,2026-05-01,2026-05-07,47.1
P00295-TR03,P00295,Physical Efficiency Test Preparation,2024-12-11,2024-12-14,25.1
P00295-TR04,P00295,Communications and Signals,2024-11-07,2024-11-10,25.4
P00295-TR05,P00295,First Response and Trauma Care,2024-12-16,2024-12-17,6.1
P00295-TR06,P00295,Stress Management Workshop,2026-05-01,2026-05-03,16.5
P00295-TR07,P00295,Physical Efficiency Test Preparation,2025-04-14,2025-04-17,24.5
P00295-TR08,P00295,Crowd Management,2025-02-18,2025-02-19,11.2
P00295-TR09,P00295,Weapons Refresher,2025-03-18,2025-03-20,14.1
P00295-TR10,P00295,Counter-IED Awareness,2025-02-01,2025-02-03,18.7
P00295-TR11,P00295,Communications and Signals,2025-06-20,2025-06-21,6.3
P00295-TR12,P00295,Jungle Warfare Refresher,2026-05-29,2026-06-02,29.3
P00295-TR13,P00295,Weapons Refresher,2025-03-17,2025-03-19,14.1
P00295-TR14,P00295,Stress Management Workshop,2025-10-26,2025-10-27,9.2
P00295-TR15,P00295,First Response and Trauma Care,2025-04-10,2025-04-13,24.4
P00296-TR01,P00296,First Response and Trauma Care,2025-03-15,2025-03-18,24.2
P00296-TR02,P00296,Crowd Management,2026-05-24,2026-05-27,22.7
P00296-TR03,P00296,Physical Efficiency Test Preparation,2024-11-07,2024-11-12,37.8
P00296-TR04,P00296,Crowd Management,2025-02-06,2025-02-11,36.3
P00296-TR05,P00296,Physical Efficiency Test Preparation,2025-04-30,2025-05-06,47.2
P00296-TR06,P00296,Physical Efficiency Test Preparation,2025-04-21,2025-04-23,20.8
P00296-TR07,P00296,Crowd Management,2025-12-24,2025-12-26,13.7
P00296-TR08,P00296,Physical Efficiency Test Preparation,2026-04-04,2026-04-06,15.7
P00296-TR09,P00296,Counter-IED Awareness,2025-01-24,2025-01-25,6.1
P00296-TR10,P00296,First Response and Trauma Care,2026-03-30,2026-03-31,6.6
P00296-TR11,P00296,Physical Efficiency Test Preparation,2025-04-03,2025-04-04,8.9
P00297-TR01,P00297,Stress Management Workshop,2026-04-30,2026-05-02,16.8
P00297-TR02,P00297,Weapons Refresher,2025-01-02,2025-01-08,49.6
P00297-TR03,P00297,Physical Efficiency Test Preparation,2025-04-19,2025-04-23,25.7
P00297-TR04,P00297,First Response and Trauma Care,2024-09-16,2024-09-18,19.8
P00298-TR01,P00298,First Response and Trauma Care,2025-10-09,2025-10-12,19.8
P00298-TR02,P00298,Jungle Warfare Refresher,2025-06-02,2025-06-05,20.4
P00298-TR03,P00298,Counter-IED Awareness,2024-10-18,2024-10-26,60.0
P00298-TR04,P00298,Jungle Warfare Refresher,2025-04-01,2025-04-03,17.6
P00298-TR05,P00298,Stress Management Workshop,2026-07-22,2026-07-24,18.4
P00299-TR01,P00299,Communications and Signals,2024-12-03,2024-12-05,17.0
P00299-TR02,P00299,Counter-IED Awareness,2024-12-25,2024-12-28,26.9
P00299-TR03,P00299,Weapons Refresher,2026-08-09,2026-08-15,46.5
P00299-TR04,P00299,Weapons Refresher,2026-08-03,2026-08-05,19.0
P00299-TR05,P00299,First Response and Trauma Care,2026-07-05,2026-07-08,23.7
P00299-TR06,P00299,Physical Efficiency Test Preparation,2025-10-26,2025-11-01,48.9
P00300-TR01,P00300,Jungle Warfare Refresher,2026-07-02,2026-07-05,25.1
P00300-TR02,P00300,Crowd Management,2025-07-27,2025-07-30,26.8
P00300-TR03,P00300,Stress Management Workshop,2025-02-20,2025-02-23,29.5
P00300-TR04,P00300,Jungle Warfare Refresher,2026-05-12,2026-05-16,28.2
P00300-TR05,P00300,Communications and Signals,2024-12-16,2024-12-18,15.0
P00300-TR06,P00300,Stress Management Workshop,2025-04-27,2025-04-29,13.0
P00300-TR07,P00300,Crowd Management,2025-03-06,2025-03-12,44.9
P00300-TR08,P00300,Communications and Signals,2025-09-13,2025-09-14,5.5
P00300-TR09,P00300,Physical Efficiency Test Preparation,2025-05-11,2025-05-14,23.1
P00300-TR10,P00300,Jungle Warfare Refresher,2025-07-21,2025-07-24,24.1
P00301-TR01,P00301,Communications and Signals,2025-05-04,2025-05-11,53.9
P00301-TR02,P00301,Physical Efficiency Test Preparation,2026-01-08,2026-01-13,40.0
P00301-TR03,P00301,Weapons Refresher,2025-09-24,2025-09-26,16.1
P00301-TR04,P00301,Stress Management Workshop,2025-10-15,2025-10-16,4.7
P00301-TR05,P00301,Jungle Warfare Refresher,2024-11-13,2024-11-15,15.2
P00301-TR06,P00301,Crowd Management,2025-07-22,2025-07-24,15.2
P00302-TR01,P00302,Weapons Refresher,2025-01-14,2025-01-16,18.1
P00302-TR02,P00302,Counter-IED Awareness,2025-01-18,2025-01-20,11.3
P00302-TR03,P00302,First Response and Trauma Care,2026-03-03,2026-03-09,53.0
P00302-TR04,P00302,Crowd Management,2025-11-23,2025-11-27,34.7
P00302-TR05,P00302,Crowd Management,2024-09-14,2024-09-16,13.3
P00302-TR06,P00302,Weapons Refresher,2024-11-01,2024-11-02,11.9
P00302-TR07,P00302,Counter-IED Awareness,2026-08-08,2026-08-12,30.6
P00302-TR08,P00302,Communications and Signals,2025-08-02,2025-08-04,14.1
P00302-TR09,P00302,Physical Efficiency Test Preparation,2025-07-03,2025-07-08,43.5
P00303-TR01,P00303,Crowd Management,2026-05-25,2026-05-30,40.6
P00303-TR02,P00303,Stress Management Workshop,2025-08-06,2025-08-13,57.9
P00303-TR03,P00303,Jungle Warfare Refresher,2025-01-19,2025-01-22,23.7
P00303-TR04,P00303,Crowd Management,2024-11-06,2024-11-07,10.8
P00303-TR05,P00303,First Response and Trauma Care,2026-08-04,2026-08-05,6.9
P00303-TR06,P00303,Crowd Management,2024-10-14,2024-10-19,38.9
P00303-TR07,P00303,Communications and Signals,2025-02-25,2025-02-27,15.4
P00304-TR01,P00304,First Response and Trauma Care,2026-01-15,2026-01-17,14.6
P00304-TR02,P00304,Weapons Refresher,2026-02-21,2026-02-24,28.4
P00304-TR03,P00304,Stress Management Workshop,2025-02-10,2025-02-12,18.9
P00304-TR04,P00304,Counter-IED Awareness,2026-01-18,2026-01-23,36.4
P00304-TR05,P00304,Counter-IED Awareness,2026-08-17,2026-08-21,32.0
P00304-TR06,P00304,Crowd Management,2025-10-21,2025-10-27,43.7
P00304-TR07,P00304,First Response and Trauma Care,2025-03-30,2025-04-02,23.8
P00304-TR08,P00304,Jungle Warfare Refresher,2024-11-28,2024-11-29,12.7
P00304-TR09,P00304,Counter-IED Awareness,2026-06-01,2026-06-03,18.0
P00305-TR01,P00305,Weapons Refresher,2026-06-25,2026-06-27,17.5
P00305-TR02,P00305,First Response and Trauma Care,2025-06-01,2025-06-03,14.9
P00305-TR03,P00305,Weapons Refresher,2026-01-15,2026-01-18,23.9
P00305-TR04,P00305,Counter-IED Awareness,2025-02-18,2025-02-20,12.8
P00305-TR05,P00305,Counter-IED Awareness,2024-12-04,2024-12-06,16.6
P00305-TR06,P00305,Weapons Refresher,2025-06-01,2025-06-02,7.3
P00305-TR07,P00305,Counter-IED Awareness,2024-12-22,2024-12-25,24.4
P00305-TR08,P00305,Stress Management Workshop,2026-02-03,2026-02-06,26.5
P00305-TR09,P00305,Stress Management Workshop,2026-01-22,2026-01-23,8.9
P00305-TR10,P00305,Communications and Signals,2024-11-14,2024-11-18,30.4
P00305-TR11,P00305,Communications and Signals,2025-08-10,2025-08-13,28.3
P00305-TR12,P00305,Jungle Warfare Refresher,2024-11-01,2024-11-05,32.5
P00305-TR13,P00305,Crowd Management,2025-12-21,2025-12-25,36.6
P00306-TR01,P00306,Communications and Signals,2025-02-02,2025-02-05,19.3
P00306-TR02,P00306,Weapons Refresher,2024-10-03,2024-10-08,37.2
P00306-TR03,P00306,Crowd Management,2025-02-24,2025-02-26,11.2
P00306-TR04,P00306,Counter-IED Awareness,2026-03-03,2026-03-04,6.7
P00306-TR05,P00306,Physical Efficiency Test Preparation,2026-03-09,2026-03-11,20.9
P00306-TR06,P00306,Jungle Warfare Refresher,2024-09-09,2024-09-10,8.1
P00306-TR07,P00306,First Response and Trauma Care,2026-01-04,2026-01-07,26.1
P00306-TR08,P00306,Counter-IED Awareness,2025-09-23,2025-09-26,21.3
P00306-TR09,P00306,Physical Efficiency Test Preparation,2025-03-04,2025-03-06,15.2
P00306-TR10,P00306,First Response and Trauma Care,2025-12-21,2025-12-23,12.2
P00306-TR11,P00306,Stress Management Workshop,2025-10-08,2025-10-11,20.0
P00306-TR12,P00306,First Response and Trauma Care,2025-04-22,2025-04-25,25.5
P00306-TR13,P00306,Crowd Management,2026-08-29,2026-09-01,18.7
P00306-TR14,P00306,Jungle Warfare Refresher,2025-10-03,2025-10-07,28.7
P00306-TR15,P00306,Weapons Refresher,2025-10-22,2025-10-25,25.5
P00307-TR01,P00307,Stress Management Workshop,2025-07-16,2025-07-18,11.9
P00307-TR02,P00307,Counter-IED Awareness,2025-12-27,2025-12-29,12.2
P00307-TR03,P00307,Stress Management Workshop,2025-02-13,2025-02-14,7.1
P00307-TR04,P00307,First Response and Trauma Care,2025-02-02,2025-02-05,25.3
P00307-TR05,P00307,Stress Management Workshop,2024-10-01,2024-10-03,19.2
P00307-TR06,P00307,Jungle Warfare Refresher,2025-07-14,2025-07-17,24.5
P00307-TR07,P00307,Counter-IED Awareness,2026-05-06,2026-05-09,24.0
P00307-TR08,P00307,Stress Management Workshop,2025-01-08,2025-01-10,21.5
P00307-TR09,P00307,Physical Efficiency Test Preparation,2026-03-13,2026-03-15,13.5
P00307-TR10,P00307,First Response and Trauma Care,2025-09-02,2025-09-03,4.0
P00307-TR11,P00307,Crowd Management,2025-12-05,2025-12-06,8.8
P00307-TR12,P00307,Jungle Warfare Refresher,2025-07-24,2025-07-30,46.3
P00307-TR13,P00307,Stress Management Workshop,2026-03-04,2026-03-10,43.9
P00307-TR14,P00307,Crowd Management,2026-08-17,2026-08-20,21.7
P00307-TR15,P00307,Communications and Signals,2025-08-09,2025-08-15,47.6
P00307-TR16,P00307,Jungle Warfare Refresher,2024-11-09,2024-11-10,8.2
P00307-TR17,P00307,Counter-IED Awareness,2025-03-09,2025-03-10,11.5
P00307-TR18,P00307,Jungle Warfare Refresher,2026-06-04,2026-06-05,4.2
P00308-TR01,P00308,Communications and Signals,2026-08-04,2026-08-08,32.8
P00308-TR02,P00308,Physical Efficiency Test Preparation,2025-03-28,2025-03-31,20.9
P00308-TR03,P00308,Counter-IED Awareness,2025-08-24,2025-08-30,47.5
P00308-TR04,P00308,First Response and Trauma Care,2026-03-15,2026-03-16,10.2
P00308-TR05,P00308,Crowd Management,2024-09-05,2024-09-08,18.1
P00308-TR06,P00308,Weapons Refresher,2025-02-21,2025-02-22,9.2
P00308-TR07,P00308,Weapons Refresher,2025-10-27,2025-10-28,9.1
P00309-TR01,P00309,Weapons Refresher,2025-01-23,2025-01-24,14.4
P00309-TR02,P00309,Stress Management Workshop,2025-01-14,2025-01-18,30.9
P00309-TR03,P00309,Communications and Signals,2025-09-05,2025-09-07,13.7
P00309-TR04,P00309,Counter-IED Awareness,2025-12-27,2025-12-31,32.1
P00309-TR05,P00309,Weapons Refresher,2025-07-21,2025-07-23,15.3
P00309-TR06,P00309,Communications and Signals,2026-01-10,2026-01-13,23.2
P00309-TR07,P00309,Jungle Warfare Refresher,2026-01-29,2026-01-31,17.8
P00309-TR08,P00309,Physical Efficiency Test Preparation,2025-03-03,2025-03-06,21.6
P00310-TR01,P00310,Jungle Warfare Refresher,2025-06-03,2025-06-07,37.6
P00310-TR02,P00310,Weapons Refresher,2026-02-09,2026-02-13,27.9
P00310-TR03,P00310,Communications and Signals,2026-04-29,2026-05-02,21.2
P00310-TR04,P00310,Jungle Warfare Refresher,2026-04-11,2026-04-15,38.2
P00310-TR05,P00310,Weapons Refresher,2026-04-06,2026-04-07,8.6
P00311-TR01,P00311,Communications and Signals,2024-11-08,2024-11-09,5.8
P00311-TR02,P00311,Communications and Signals,2026-04-03,2026-04-07,28.2
P00311-TR03,P00311,Physical Efficiency Test Preparation,2024-12-15,2024-12-18,27.2
P00311-TR04,P00311,Physical Efficiency Test Preparation,2025-04-10,2025-04-12,16.5
P00311-TR05,P00311,Communications and Signals,2024-09-06,2024-09-07,4.0
P00311-TR06,P00311,Crowd Management,2025-03-11,2025-03-12,7.9
P00311-TR07,P00311,Stress Management Workshop,2025-07-20,2025-07-24,28.9
P00311-TR08,P00311,Jungle Warfare Refresher,2024-09-27,2024-10-04,51.0
P00311-TR09,P00311,Jungle Warfare Refresher,2024-10-02,2024-10-06,36.5
P00311-TR10,P00311,Crowd Management,2026-03-01,2026-03-04,20.3
P00311-TR11,P00311,Physical Efficiency Test Preparation,2025-03-21,2025-03-26,41.5
P00311-TR12,P00311,Communications and Signals,2025-03-02,2025-03-04,18.6
P00312-TR01,P00312,Crowd Management,2026-08-15,2026-08-18,26.3
P00312-TR02,P00312,Stress Management Workshop,2025-05-08,2025-05-11,27.1
P00312-TR03,P00312,First Response and Trauma Care,2026-02-25,2026-02-27,14.1
P00312-TR04,P00312,Stress Management Workshop,2025-08-19,2025-08-25,45.3
P00312-TR05,P00312,First Response and Trauma Care,2025-09-24,2025-09-29,36.6
P00312-TR06,P00312,Physical Efficiency Test Preparation,2026-06-29,2026-07-02,17.7
P00312-TR07,P00312,Physical Efficiency Test Preparation,2025-04-24,2025-04-26,23.1
P00312-TR08,P00312,Crowd Management,2025-07-20,2025-07-22,16.9
P00312-TR09,P00312,Jungle Warfare Refresher,2025-12-09,2025-12-12,24.7
P00312-TR10,P00312,Counter-IED Awareness,2026-08-08,2026-08-11,23.4
P00312-TR11,P00312,Jungle Warfare Refresher,2026-06-03,2026-06-06,20.3
P00312-TR12,P00312,Crowd Management,2025-03-16,2025-03-20,32.3
P00312-TR13,P00312,Communications and Signals,2024-09-27,2024-09-28,4.5
P00313-TR01,P00313,Crowd Management,2025-07-01,2025-07-02,11.6
P00313-TR02,P00313,Stress Management Workshop,2025-09-04,2025-09-08,28.5
P00313-TR03,P00313,Crowd Management,2025-11-01,2025-11-04,28.1
P00313-TR04,P00313,Weapons Refresher,2025-12-11,2025-12-16,42.1
P00314-TR01,P00314,Jungle Warfare Refresher,2025-09-15,2025-09-17,17.3
P00314-TR02,P00314,Crowd Management,2024-10-28,2024-10-31,28.4
P00314-TR03,P00314,Crowd Management,2025-05-29,2025-05-31,14.5
P00314-TR04,P00314,Crowd Management,2025-02-23,2025-02-25,14.3
P00314-TR05,P00314,Counter-IED Awareness,2024-10-15,2024-10-20,37.8
P00314-TR06,P00314,Crowd Management,2026-03-01,2026-03-03,13.8
P00314-TR07,P00314,Stress Management Workshop,2025-03-29,2025-03-30,11.1
P00314-TR08,P00314,Jungle Warfare Refresher,2025-10-16,2025-10-18,21.0
P00314-TR09,P00314,Communications and Signals,2024-09-06,2024-09-10,34.2
P00314-TR10,P00314,Crowd Management,2025-08-19,2025-08-20,12.6
P00314-TR11,P00314,Jungle Warfare Refresher,2026-01-01,2026-01-03,17.5
P00314-TR12,P00314,Counter-IED Awareness,2024-09-23,2024-09-27,32.5
P00315-TR01,P00315,First Response and Trauma Care,2026-03-27,2026-03-29,14.6
P00315-TR02,P00315,Physical Efficiency Test Preparation,2025-05-04,2025-05-07,22.0
P00315-TR03,P00315,Weapons Refresher,2024-11-23,2024-11-30,60.0
P00315-TR04,P00315,Crowd Management,2025-06-19,2025-06-21,16.7
P00315-TR05,P00315,Stress Management Workshop,2026-03-21,2026-03-24,24.0
P00315-TR06,P00315,Stress Management Workshop,2025-03-19,2025-03-21,18.4
P00315-TR07,P00315,Jungle Warfare Refresher,2026-07-02,2026-07-04,15.1
P00315-TR08,P00315,Jungle Warfare Refresher,2025-09-26,2025-09-28,20.4
P00315-TR09,P00315,Stress Management Workshop,2025-07-12,2025-07-14,22.3
P00315-TR10,P00315,Physical Efficiency Test Preparation,2025-12-12,2025-12-18,44.4
P00315-TR11,P00315,Communications and Signals,2025-02-01,2025-02-03,14.4
P00316-TR01,P00316,Counter-IED Awareness,2026-06-10,2026-06-13,19.9
P00316-TR02,P00316,Communications and Signals,2025-05-04,2025-05-06,19.2
P00316-TR03,P00316,First Response and Trauma Care,2025-03-10,2025-03-11,7.5
P00316-TR04,P00316,Counter-IED Awareness,2025-07-29,2025-08-02,27.5
P00316-TR05,P00316,Communications and Signals,2026-08-17,2026-08-22,41.5
P00316-TR06,P00316,First Response and Trauma Care,2026-03-06,2026-03-09,20.7
P00317-TR01,P00317,Weapons Refresher,2025-10-14,2025-10-16,16.2
P00317-TR02,P00317,Jungle Warfare Refresher,2026-03-30,2026-04-02,29.3
P00317-TR03,P00317,Jungle Warfare Refresher,2026-03-11,2026-03-15,32.8
P00317-TR04,P00317,Stress Management Workshop,2025-10-03,2025-10-06,22.7
P00317-TR05,P00317,Counter-IED Awareness,2025-06-11,2025-06-15,30.7
P00317-TR06,P00317,Communications and Signals,2026-02-23,2026-02-25,21.6
P00317-TR07,P00317,Weapons Refresher,2026-01-11,2026-01-12,11.3
P00317-TR08,P00317,Crowd Management,2025-12-11,2025-12-18,52.4
P00317-TR09,P00317,Weapons Refresher,2026-01-12,2026-01-14,18.4
P00317-TR10,P00317,Physical Efficiency Test Preparation,2026-05-28,2026-06-02,40.5
P00317-TR11,P00317,First Response and Trauma Care,2026-07-25,2026-07-27,19.5
P00317-TR12,P00317,Weapons Refresher,2026-01-10,2026-01-12,18.7
P00317-TR13,P00317,Communications and Signals,2025-08-08,2025-08-11,29.4
P00317-TR14,P00317,Weapons Refresher,2025-03-11,2025-03-13,14.6
P00317-TR15,P00317,Crowd Management,2024-10-13,2024-10-15,10.6
P00317-TR16,P00317,Jungle Warfare Refresher,2024-12-03,2024-12-05,11.4
P00317-TR17,P00317,Counter-IED Awareness,2026-05-13,2026-05-16,29.5
P00317-TR18,P00317,Crowd Management,2026-06-06,2026-06-09,27.3
P00317-TR19,P00317,Weapons Refresher,2026-05-26,2026-05-29,23.4
P00317-TR20,P00317,First Response and Trauma Care,2026-04-05,2026-04-07,15.4
P00317-TR21,P00317,Weapons Refresher,2026-07-18,2026-07-20,14.5
P00318-TR01,P00318,First Response and Trauma Care,2025-12-28,2025-12-31,22.6
P00318-TR02,P00318,Stress Management Workshop,2025-08-06,2025-08-10,30.9
P00318-TR03,P00318,Communications and Signals,2026-06-11,2026-06-15,36.7
P00318-TR04,P00318,Weapons Refresher,2025-11-04,2025-11-07,25.9
P00318-TR05,P00318,Communications and Signals,2025-01-28,2025-01-29,11.4
P00318-TR06,P00318,First Response and Trauma Care,2026-01-22,2026-01-26,25.1
P00318-TR07,P00318,Physical Efficiency Test Preparation,2025-10-18,2025-10-22,29.7
P00318-TR08,P00318,Jungle Warfare Refresher,2025-02-19,2025-02-21,12.9
P00318-TR09,P00318,Jungle Warfare Refresher,2026-05-03,2026-05-06,21.0
P00318-TR10,P00318,Counter-IED Awareness,2024-12-18,2024-12-20,19.6
P00318-TR11,P00318,Weapons Refresher,2026-04-21,2026-04-22,10.1
P00318-TR12,P00318,Communications and Signals,2024-11-06,2024-11-07,7.7
P00318-TR13,P00318,Counter-IED Awareness,2026-06-29,2026-07-04,37.3
P00318-TR14,P00318,Stress Management Workshop,2025-02-06,2025-02-07,8.8
P00318-TR15,P00318,First Response and Trauma Care,2024-09-05,2024-09-09,32.2
P00318-TR16,P00318,Jungle Warfare Refresher,2025-06-17,2025-06-22,35.7
P00318-TR17,P00318,Crowd Management,2025-04-05,2025-04-13,58.3
P00318-TR18,P00318,Crowd Management,2025-01-30,2025-02-05,46.6
P00318-TR19,P00318,Communications and Signals,2025-03-22,2025-03-24,20.3
P00318-TR20,P00318,Communications and Signals,2025-04-13,2025-04-17,31.3
P00318-TR21,P00318,Physical Efficiency Test Preparation,2026-04-28,2026-04-30,21.1
P00318-TR22,P00318,Physical Efficiency Test Preparation,2025-03-25,2025-03-26,8.0
P00318-TR23,P00318,First Response and Trauma Care,2025-10-06,2025-10-10,30.5
P00318-TR24,P00318,Communications and Signals,2025-07-12,2025-07-15,21.9
P00318-TR25,P00318,Communications and Signals,2025-09-13,2025-09-18,39.1
P00318-TR26,P00318,First Response and Trauma Care,2025-10-15,2025-10-16,11.8
P00318-TR27,P00318,First Response and Trauma Care,2026-08-07,2026-08-09,14.7
P00318-TR28,P00318,Communications and Signals,2026-03-31,2026-04-02,22.4
P00318-TR29,P00318,Counter-IED Awareness,2025-06-18,2025-06-19,11.8
P00318-TR30,P00318,Stress Management Workshop,2025-04-06,2025-04-08,16.8
P00318-TR31,P00318,Crowd Management,2026-08-05,2026-08-09,37.2
P00318-TR32,P00318,Counter-IED Awareness,2026-01-15,2026-01-18,18.1
P00318-TR33,P00318,Communications and Signals,2025-03-31,2025-04-03,25.4
P00318-TR34,P00318,Counter-IED Awareness,2026-06-11,2026-06-16,46.9
P00318-TR35,P00318,Weapons Refresher,2026-08-04,2026-08-06,23.8
P00318-TR36,P00318,Counter-IED Awareness,2026-05-25,2026-06-02,60.0
P00318-TR37,P00318,Stress Management Workshop,2025-12-28,2026-01-02,39.1
P00319-TR01,P00319,Weapons Refresher,2025-07-23,2025-07-24,10.5
P00319-TR02,P00319,Counter-IED Awareness,2025-03-28,2025-03-29,10.4
P00319-TR03,P00319,Communications and Signals,2024-09-15,2024-09-17,12.1
P00319-TR04,P00319,First Response and Trauma Care,2026-03-06,2026-03-10,32.9
P00319-TR05,P00319,Crowd Management,2024-11-14,2024-11-16,19.8
P00319-TR06,P00319,Stress Management Workshop,2026-02-14,2026-02-19,33.5
P00319-TR07,P00319,Weapons Refresher,2026-06-15,2026-06-19,31.7
P00319-TR08,P00319,Stress Management Workshop,2026-08-13,2026-08-16,26.8
P00319-TR09,P00319,Communications and Signals,2025-06-26,2025-06-29,26.8
P00319-TR10,P00319,Communications and Signals,2024-12-14,2024-12-17,21.3
P00319-TR11,P00319,Communications and Signals,2025-06-04,2025-06-06,16.6
P00319-TR12,P00319,Weapons Refresher,2025-12-28,2025-12-29,13.8
P00319-TR13,P00319,Weapons Refresher,2025-03-02,2025-03-06,31.6
P00320-TR01,P00320,First Response and Trauma Care,2026-06-02,2026-06-04,19.1
P00320-TR02,P00320,Stress Management Workshop,2025-08-04,2025-08-07,24.7
P00320-TR03,P00320,Physical Efficiency Test Preparation,2026-02-04,2026-02-08,30.8
P00320-TR04,P00320,First Response and Trauma Care,2026-04-03,2026-04-04,11.2
P00320-TR05,P00320,Stress Management Workshop,2024-12-23,2024-12-25,18.3
P00320-TR06,P00320,Stress Management Workshop,2026-02-03,2026-02-05,13.1
P00320-TR07,P00320,Communications and Signals,2024-09-13,2024-09-18,40.2
P00320-TR08,P00320,Physical Efficiency Test Preparation,2025-04-01,2025-04-04,24.0
P00320-TR09,P00320,Crowd Management,2025-09-26,2025-09-29,22.6
P00320-TR10,P00320,First Response and Trauma Care,2024-09-05,2024-09-06,13.0
P00320-TR11,P00320,First Response and Trauma Care,2025-09-21,2025-09-23,12.3
P00321-TR01,P00321,Weapons Refresher,2026-08-28,2026-09-01,32.4
P00321-TR02,P00321,Crowd Management,2026-03-25,2026-03-27,16.4
P00321-TR03,P00321,First Response and Trauma Care,2024-09-11,2024-09-16,35.8
P00321-TR04,P00321,Stress Management Workshop,2026-07-29,2026-07-30,15.1
P00321-TR05,P00321,First Response and Trauma Care,2025-06-29,2025-07-01,19.3
P00321-TR06,P00321,Crowd Management,2024-09-07,2024-09-13,48.1
P00321-TR07,P00321,Counter-IED Awareness,2025-03-06,2025-03-11,37.5
P00321-TR08,P00321,Stress Management Workshop,2025-08-31,2025-09-02,14.1
P00321-TR09,P00321,Counter-IED Awareness,2026-02-10,2026-02-14,34.8
P00321-TR10,P00321,Physical Efficiency Test Preparation,2026-03-18,2026-03-21,23.6
P00321-TR11,P00321,Jungle Warfare Refresher,2026-01-06,2026-01-08,15.0
P00321-TR12,P00321,Jungle Warfare Refresher,2025-08-26,2025-08-28,21.4
P00321-TR13,P00321,Crowd Management,2025-01-10,2025-01-14,32.2
P00321-TR14,P00321,Counter-IED Awareness,2025-01-27,2025-01-31,35.9
P00321-TR15,P00321,Jungle Warfare Refresher,2025-06-13,2025-06-15,16.0
P00321-TR16,P00321,Physical Efficiency Test Preparation,2025-11-11,2025-11-14,24.3
P00321-TR17,P00321,Jungle Warfare Refresher,2026-06-06,2026-06-07,8.9
P00321-TR18,P00321,Crowd Management,2026-01-10,2026-01-11,9.0
P00322-TR01,P00322,First Response and Trauma Care,2026-04-22,2026-04-26,29.0
P00322-TR02,P00322,First Response and Trauma Care,2025-03-28,2025-03-30,14.6
P00322-TR03,P00322,Crowd Management,2025-07-28,2025-08-01,36.4
P00322-TR04,P00322,Physical Efficiency Test Preparation,2026-01-21,2026-01-22,9.8
P00322-TR05,P00322,Physical Efficiency Test Preparation,2026-05-15,2026-05-16,4.0
P00322-TR06,P00322,First Response and Trauma Care,2025-03-03,2025-03-07,27.1
P00322-TR07,P00322,Crowd Management,2026-05-10,2026-05-13,28.2
P00322-TR08,P00322,Counter-IED Awareness,2026-06-09,2026-06-12,19.2
P00322-TR09,P00322,Weapons Refresher,2025-06-17,2025-06-18,5.0
P00322-TR10,P00322,Crowd Management,2025-10-03,2025-10-07,31.8
P00322-TR11,P00322,Physical Efficiency Test Preparation,2025-01-19,2025-01-20,7.4
P00322-TR12,P00322,Jungle Warfare Refresher,2026-03-04,2026-03-05,9.4
P00322-TR13,P00322,Jungle Warfare Refresher,2026-05-23,2026-05-27,28.6
P00322-TR14,P00322,Counter-IED Awareness,2026-02-07,2026-02-12,43.9
P00322-TR15,P00322,Stress Management Workshop,2025-02-10,2025-02-11,5.9
P00322-TR16,P00322,Communications and Signals,2024-11-13,2024-11-16,24.9
P00322-TR17,P00322,Crowd Management,2025-03-29,2025-03-30,4.5
P00322-TR18,P00322,Stress Management Workshop,2024-12-22,2024-12-25,21.0
P00322-TR19,P00322,Jungle Warfare Refresher,2025-11-07,2025-11-10,26.5
P00322-TR20,P00322,Weapons Refresher,2025-09-03,2025-09-04,6.8
P00322-TR21,P00322,Communications and Signals,2025-08-15,2025-08-19,25.0
P00322-TR22,P00322,Physical Efficiency Test Preparation,2024-12-07,2024-12-09,17.2
P00322-TR23,P00322,Communications and Signals,2024-09-25,2024-09-27,17.1
P00323-TR01,P00323,Communications and Signals,2026-03-03,2026-03-06,23.9
P00323-TR02,P00323,Counter-IED Awareness,2026-08-02,2026-08-05,27.7
P00323-TR03,P00323,Counter-IED Awareness,2026-01-30,2026-02-02,19.6
P00323-TR04,P00323,Communications and Signals,2025-05-20,2025-05-23,21.5
P00323-TR05,P00323,Weapons Refresher,2025-05-23,2025-05-25,17.6
P00323-TR06,P00323,Crowd Management,2025-10-02,2025-10-04,16.3
P00323-TR07,P00323,Physical Efficiency Test Preparation,2025-04-01,2025-04-02,9.8
P00323-TR08,P00323,Jungle Warfare Refresher,2025-02-02,2025-02-04,15.7
P00323-TR09,P00323,Weapons Refresher,2025-04-29,2025-04-30,10.5
P00323-TR10,P00323,Physical Efficiency Test Preparation,2025-08-08,2025-08-10,14.4
P00323-TR11,P00323,Jungle Warfare Refresher,2024-11-02,2024-11-03,5.6
P00323-TR12,P00323,Communications and Signals,2025-09-13,2025-09-15,18.3
P00324-TR01,P00324,Counter-IED Awareness,2025-09-13,2025-09-16,22.4
P00324-TR02,P00324,Stress Management Workshop,2024-09-18,2024-09-21,22.4
P00324-TR03,P00324,Counter-IED Awareness,2026-02-27,2026-03-02,26.1
P00324-TR04,P00324,First Response and Trauma Care,2025-01-19,2025-01-23,31.3
P00324-TR05,P00324,Crowd Management,2025-11-27,2025-11-30,21.4
P00324-TR06,P00324,Jungle Warfare Refresher,2024-11-29,2024-11-30,11.0
P00324-TR07,P00324,Counter-IED Awareness,2026-05-12,2026-05-16,30.3
P00324-TR08,P00324,Communications and Signals,2025-11-18,2025-11-22,25.9
P00324-TR09,P00324,Weapons Refresher,2024-12-16,2024-12-19,28.0
P00325-TR01,P00325,Stress Management Workshop,2025-12-27,2025-12-28,6.1
P00325-TR02,P00325,Stress Management Workshop,2026-08-11,2026-08-15,32.0
P00325-TR03,P00325,First Response and Trauma Care,2024-10-09,2024-10-12,21.3
P00325-TR04,P00325,Physical Efficiency Test Preparation,2026-05-13,2026-05-18,40.8
P00325-TR05,P00325,Crowd Management,2025-03-30,2025-04-02,24.9
P00326-TR01,P00326,Weapons Refresher,2024-12-23,2024-12-26,24.2
P00326-TR02,P00326,Communications and Signals,2025-11-09,2025-11-13,26.7
P00326-TR03,P00326,Stress Management Workshop,2025-11-12,2025-11-13,10.9
P00326-TR04,P00326,Communications and Signals,2025-07-13,2025-07-16,20.7
P00326-TR05,P00326,Jungle Warfare Refresher,2026-01-03,2026-01-07,32.4
P00326-TR06,P00326,Communications and Signals,2026-03-05,2026-03-07,15.7
P00326-TR07,P00326,First Response and Trauma Care,2024-09-01,2024-09-02,12.6
P00326-TR08,P00326,Physical Efficiency Test Preparation,2025-01-02,2025-01-04,11.6
P00326-TR09,P00326,Counter-IED Awareness,2025-04-23,2025-04-25,14.5
P00326-TR10,P00326,Stress Management Workshop,2025-03-27,2025-04-01,35.8
P00326-TR11,P00326,Weapons Refresher,2024-11-10,2024-11-11,8.0
P00327-TR01,P00327,Physical Efficiency Test Preparation,2026-02-04,2026-02-08,33.0
P00327-TR02,P00327,Stress Management Workshop,2024-12-26,2024-12-28,14.7
P00327-TR03,P00327,Communications and Signals,2026-07-16,2026-07-18,14.8
P00327-TR04,P00327,Jungle Warfare Refresher,2025-12-06,2025-12-07,5.3
P00327-TR05,P00327,Weapons Refresher,2024-10-30,2024-11-02,19.7
P00327-TR06,P00327,First Response and Trauma Care,2026-01-07,2026-01-10,26.0
P00327-TR07,P00327,Crowd Management,2025-09-15,2025-09-20,40.6
P00327-TR08,P00327,Counter-IED Awareness,2024-12-07,2024-12-09,17.2
P00327-TR09,P00327,Stress Management Workshop,2025-03-07,2025-03-08,8.8
P00328-TR01,P00328,First Response and Trauma Care,2025-07-20,2025-07-23,23.5
P00328-TR02,P00328,Crowd Management,2024-11-23,2024-11-24,5.2
P00328-TR03,P00328,First Response and Trauma Care,2026-04-09,2026-04-10,11.6
P00328-TR04,P00328,Crowd Management,2025-05-06,2025-05-10,29.0
P00328-TR05,P00328,Crowd Management,2025-09-04,2025-09-09,39.0
P00328-TR06,P00328,First Response and Trauma Care,2025-04-25,2025-04-27,14.5
P00328-TR07,P00328,First Response and Trauma Care,2026-06-03,2026-06-04,10.5
P00328-TR08,P00328,Crowd Management,2024-09-05,2024-09-07,14.2
P00328-TR09,P00328,Stress Management Workshop,2026-08-17,2026-08-21,32.7
P00328-TR10,P00328,Counter-IED Awareness,2024-11-22,2024-11-23,8.2
P00328-TR11,P00328,Physical Efficiency Test Preparation,2024-10-30,2024-10-31,5.7
P00328-TR12,P00328,Weapons Refresher,2025-12-14,2025-12-16,17.7
P00328-TR13,P00328,Stress Management Workshop,2025-04-05,2025-04-06,9.6
P00328-TR14,P00328,First Response and Trauma Care,2026-04-21,2026-04-22,8.4
P00328-TR15,P00328,Jungle Warfare Refresher,2025-08-27,2025-08-30,26.7
P00328-TR16,P00328,Crowd Management,2025-03-04,2025-03-06,19.7
P00328-TR17,P00328,Jungle Warfare Refresher,2026-03-24,2026-03-27,17.6
P00328-TR18,P00328,Weapons Refresher,2024-11-16,2024-11-18,16.7
P00328-TR19,P00328,Crowd Management,2025-11-16,2025-11-19,25.3
P00328-TR20,P00328,Jungle Warfare Refresher,2025-01-23,2025-01-29,47.7
P00328-TR21,P00328,Physical Efficiency Test Preparation,2026-02-06,2026-02-07,9.4
P00329-TR01,P00329,Weapons Refresher,2025-09-30,2025-10-01,5.1
P00329-TR02,P00329,Counter-IED Awareness,2024-12-07,2024-12-08,6.2
P00329-TR03,P00329,Stress Management Workshop,2026-02-15,2026-02-20,38.3
P00329-TR04,P00329,Jungle Warfare Refresher,2025-11-13,2025-11-15,21.5
P00329-TR05,P00329,Physical Efficiency Test Preparation,2024-10-08,2024-10-13,34.3
P00329-TR06,P00329,Crowd Management,2025-11-19,2025-11-22,20.2
P00329-TR07,P00329,Counter-IED Awareness,2025-02-10,2025-02-13,19.7
P00329-TR08,P00329,First Response and Trauma Care,2025-03-30,2025-03-31,14.0
P00329-TR09,P00329,Stress Management Workshop,2025-11-23,2025-11-25,13.5
P00329-TR10,P00329,Weapons Refresher,2025-05-21,2025-05-23,9.9
P00329-TR11,P00329,Stress Management Workshop,2025-03-04,2025-03-08,33.8
P00330-TR01,P00330,Counter-IED Awareness,2026-07-03,2026-07-10,57.4
P00330-TR02,P00330,Counter-IED Awareness,2026-03-16,2026-03-22,51.8
P00330-TR03,P00330,Stress Management Workshop,2024-10-14,2024-10-18,35.0
P00330-TR04,P00330,Communications and Signals,2025-02-28,2025-03-03,25.5
P00330-TR05,P00330,Stress Management Workshop,2024-10-17,2024-10-19,17.6
P00330-TR06,P00330,Stress Management Workshop,2026-01-03,2026-01-05,12.9
P00330-TR07,P00330,Jungle Warfare Refresher,2025-07-01,2025-07-04,26.5
P00330-TR08,P00330,Crowd Management,2025-03-30,2025-04-04,41.6
P00330-TR09,P00330,Counter-IED Awareness,2026-03-09,2026-03-10,11.5
P00330-TR10,P00330,Jungle Warfare Refresher,2024-12-16,2024-12-17,7.7
P00330-TR11,P00330,Physical Efficiency Test Preparation,2026-07-05,2026-07-09,30.5
P00331-TR01,P00331,Communications and Signals,2025-12-07,2025-12-08,11.7
P00331-TR02,P00331,Communications and Signals,2026-04-12,2026-04-17,42.6
P00331-TR03,P00331,Communications and Signals,2024-12-09,2024-12-10,11.0
P00331-TR04,P00331,Stress Management Workshop,2025-11-13,2025-11-16,24.0
P00332-TR01,P00332,Counter-IED Awareness,2025-02-24,2025-02-27,21.9
P00332-TR02,P00332,Jungle Warfare Refresher,2025-04-18,2025-04-22,37.6
P00332-TR03,P00332,Counter-IED Awareness,2026-03-03,2026-03-08,42.5
P00332-TR04,P00332,Jungle Warfare Refresher,2026-01-30,2026-01-31,7.5
P00332-TR05,P00332,Counter-IED Awareness,2026-06-25,2026-06-28,19.0
P00332-TR06,P00332,Weapons Refresher,2025-03-14,2025-03-15,12.4
P00332-TR07,P00332,Communications and Signals,2024-10-24,2024-10-31,52.0
P00332-TR08,P00332,Counter-IED Awareness,2025-02-23,2025-02-27,29.4
P00332-TR09,P00332,Jungle Warfare Refresher,2025-12-07,2025-12-11,26.0
P00332-TR10,P00332,Stress Management Workshop,2026-07-20,2026-07-21,9.7
P00333-TR01,P00333,Counter-IED Awareness,2025-08-22,2025-08-29,54.4
P00333-TR02,P00333,Communications and Signals,2025-08-01,2025-08-02,9.9
P00333-TR03,P00333,Stress Management Workshop,2025-12-19,2025-12-27,60.0
P00333-TR04,P00333,Communications and Signals,2025-11-16,2025-11-19,18.1
P00333-TR05,P00333,Physical Efficiency Test Preparation,2025-09-01,2025-09-02,9.4
P00333-TR06,P00333,Jungle Warfare Refresher,2025-12-01,2025-12-04,23.8
P00333-TR07,P00333,First Response and Trauma Care,2025-02-07,2025-02-08,7.4
P00333-TR08,P00333,Stress Management Workshop,2025-12-27,2025-12-28,11.9
P00333-TR09,P00333,Jungle Warfare Refresher,2024-12-16,2024-12-24,60.0
P00333-TR10,P00333,Physical Efficiency Test Preparation,2024-11-28,2024-11-30,13.2
P00333-TR11,P00333,Weapons Refresher,2025-07-03,2025-07-09,46.8
P00333-TR12,P00333,Stress Management Workshop,2026-08-18,2026-08-19,11.1
P00333-TR13,P00333,Weapons Refresher,2025-03-21,2025-03-26,36.3
P00334-TR01,P00334,Stress Management Workshop,2026-05-02,2026-05-03,7.6
P00334-TR02,P00334,First Response and Trauma Care,2025-04-22,2025-04-25,20.9
P00334-TR03,P00334,First Response and Trauma Care,2026-03-29,2026-04-02,37.6
P00334-TR04,P00334,Crowd Management,2025-05-14,2025-05-17,26.7
P00334-TR05,P00334,Jungle Warfare Refresher,2025-03-28,2025-03-30,17.4
P00334-TR06,P00334,Communications and Signals,2025-03-30,2025-04-02,25.1
P00334-TR07,P00334,Physical Efficiency Test Preparation,2026-03-16,2026-03-23,60.0
P00334-TR08,P00334,Stress Management Workshop,2024-09-24,2024-09-26,17.4
P00334-TR09,P00334,Stress Management Workshop,2026-06-09,2026-06-12,21.3
P00334-TR10,P00334,Stress Management Workshop,2026-07-15,2026-07-16,9.7
P00334-TR11,P00334,Weapons Refresher,2026-01-21,2026-01-27,44.4
P00335-TR01,P00335,Communications and Signals,2025-11-29,2025-12-03,28.7
P00335-TR02,P00335,Jungle Warfare Refresher,2026-08-13,2026-08-14,13.2
P00335-TR03,P00335,Physical Efficiency Test Preparation,2025-03-15,2025-03-18,24.1
P00335-TR04,P00335,Weapons Refresher,2024-11-29,2024-12-01,18.9
P00335-TR05,P00335,First Response and Trauma Care,2024-11-04,2024-11-07,20.8
P00335-TR06,P00335,Stress Management Workshop,2024-12-15,2024-12-18,20.7
P00335-TR07,P00335,First Response and Trauma Care,2025-10-28,2025-10-31,25.2
P00335-TR08,P00335,Weapons Refresher,2025-06-30,2025-07-04,33.0
P00335-TR09,P00335,Physical Efficiency Test Preparation,2026-02-18,2026-02-22,28.7
P00335-TR10,P00335,Communications and Signals,2026-08-15,2026-08-19,25.6
P00335-TR11,P00335,Weapons Refresher,2025-06-29,2025-07-01,22.3
P00335-TR12,P00335,First Response and Trauma Care,2026-03-10,2026-03-13,23.2
P00335-TR13,P00335,Stress Management Workshop,2025-12-20,2025-12-24,28.9
P00336-TR01,P00336,Crowd Management,2024-12-12,2024-12-14,14.2
P00336-TR02,P00336,Jungle Warfare Refresher,2026-05-02,2026-05-09,57.3
P00336-TR03,P00336,First Response and Trauma Care,2025-01-20,2025-01-23,21.4
P00336-TR04,P00336,Crowd Management,2026-08-02,2026-08-04,14.3
P00336-TR05,P00336,First Response and Trauma Care,2025-05-12,2025-05-17,39.4
P00336-TR06,P00336,First Response and Trauma Care,2025-07-23,2025-07-25,10.6
P00336-TR07,P00336,Weapons Refresher,2026-06-27,2026-06-28,7.9
P00336-TR08,P00336,Stress Management Workshop,2025-02-04,2025-02-07,25.9
P00336-TR09,P00336,Physical Efficiency Test Preparation,2025-10-16,2025-10-19,21.6
P00337-TR01,P00337,Jungle Warfare Refresher,2026-05-09,2026-05-14,38.2
P00337-TR02,P00337,First Response and Trauma Care,2025-10-22,2025-10-23,13.3
P00337-TR03,P00337,Crowd Management,2025-11-08,2025-11-10,17.5
P00337-TR04,P00337,Communications and Signals,2025-05-23,2025-05-26,25.5
P00337-TR05,P00337,Physical Efficiency Test Preparation,2026-07-02,2026-07-05,25.6
P00337-TR06,P00337,Counter-IED Awareness,2025-03-12,2025-03-19,55.0
P00338-TR01,P00338,Communications and Signals,2025-12-06,2025-12-08,13.1
P00338-TR02,P00338,Communications and Signals,2026-06-09,2026-06-10,9.7
P00338-TR03,P00338,Weapons Refresher,2026-07-19,2026-07-21,17.4
P00338-TR04,P00338,Crowd Management,2026-04-28,2026-05-01,21.2
P00338-TR05,P00338,Crowd Management,2026-06-13,2026-06-14,8.3
P00338-TR06,P00338,Communications and Signals,2025-12-12,2025-12-13,8.1
P00338-TR07,P00338,Jungle Warfare Refresher,2025-08-09,2025-08-11,12.7
P00338-TR08,P00338,Stress Management Workshop,2026-06-18,2026-06-20,10.3
P00338-TR09,P00338,Weapons Refresher,2024-09-08,2024-09-11,20.4
P00338-TR10,P00338,Counter-IED Awareness,2025-01-25,2025-01-28,26.6
P00338-TR11,P00338,Communications and Signals,2026-05-20,2026-05-22,16.5
P00339-TR01,P00339,First Response and Trauma Care,2025-11-07,2025-11-09,21.1
P00339-TR02,P00339,Crowd Management,2025-01-24,2025-01-25,12.8
P00339-TR03,P00339,Physical Efficiency Test Preparation,2025-04-08,2025-04-11,21.5
P00339-TR04,P00339,First Response and Trauma Care,2026-08-19,2026-08-20,11.0
P00339-TR05,P00339,Weapons Refresher,2025-08-04,2025-08-05,11.2
P00339-TR06,P00339,Counter-IED Awareness,2024-12-03,2024-12-04,15.1
P00339-TR07,P00339,Stress Management Workshop,2025-10-26,2025-11-01,40.2
P00339-TR08,P00339,Counter-IED Awareness,2026-01-14,2026-01-18,30.6
P00339-TR09,P00339,Physical Efficiency Test Preparation,2025-07-28,2025-07-29,5.2
P00339-TR10,P00339,Counter-IED Awareness,2025-02-07,2025-02-08,4.0
P00339-TR11,P00339,Weapons Refresher,2024-10-13,2024-10-15,18.1
P00340-TR01,P00340,Physical Efficiency Test Preparation,2026-08-16,2026-08-19,28.2
P00340-TR02,P00340,Physical Efficiency Test Preparation,2026-01-24,2026-01-29,39.5
P00340-TR03,P00340,Counter-IED Awareness,2025-05-21,2025-05-23,15.3
P00340-TR04,P00340,Stress Management Workshop,2025-07-29,2025-08-01,27.7
P00340-TR05,P00340,Stress Management Workshop,2024-11-09,2024-11-13,34.3
P00340-TR06,P00340,Jungle Warfare Refresher,2024-09-30,2024-10-04,32.0
P00340-TR07,P00340,Crowd Management,2026-05-07,2026-05-08,9.1
P00340-TR08,P00340,Counter-IED Awareness,2024-12-03,2024-12-04,4.8
P00340-TR09,P00340,Weapons Refresher,2026-03-15,2026-03-17,17.4
P00340-TR10,P00340,Counter-IED Awareness,2025-04-01,2025-04-08,55.1
P00341-TR01,P00341,Stress Management Workshop,2024-11-18,2024-11-22,28.0
P00341-TR02,P00341,First Response and Trauma Care,2024-11-01,2024-11-08,58.8
P00341-TR03,P00341,Crowd Management,2024-11-10,2024-11-12,17.0
P00341-TR04,P00341,Stress Management Workshop,2025-06-17,2025-06-20,25.5
P00341-TR05,P00341,First Response and Trauma Care,2026-06-05,2026-06-08,21.2
P00341-TR06,P00341,Stress Management Workshop,2024-11-26,2024-11-30,29.5
P00341-TR07,P00341,Stress Management Workshop,2025-01-06,2025-01-09,20.9
P00341-TR08,P00341,First Response and Trauma Care,2026-02-14,2026-02-18,30.9
P00341-TR09,P00341,Counter-IED Awareness,2026-07-19,2026-07-21,16.9
P00342-TR01,P00342,Counter-IED Awareness,2025-10-22,2025-10-24,17.9
P00342-TR02,P00342,Counter-IED Awareness,2026-07-20,2026-07-21,14.0
P00342-TR03,P00342,Weapons Refresher,2025-12-13,2025-12-14,15.0
P00342-TR04,P00342,Counter-IED Awareness,2025-09-14,2025-09-15,7.5
P00342-TR05,P00342,Crowd Management,2025-03-27,2025-03-30,23.6
P00342-TR06,P00342,Counter-IED Awareness,2025-05-17,2025-05-21,28.5
P00342-TR07,P00342,Stress Management Workshop,2026-05-28,2026-05-29,7.1
P00342-TR08,P00342,Physical Efficiency Test Preparation,2025-01-13,2025-01-16,22.8
P00342-TR09,P00342,Communications and Signals,2025-03-09,2025-03-15,50.8
P00342-TR10,P00342,Physical Efficiency Test Preparation,2025-08-01,2025-08-04,23.2
P00342-TR11,P00342,Stress Management Workshop,2024-12-15,2024-12-19,33.4
P00342-TR12,P00342,First Response and Trauma Care,2025-11-29,2025-12-03,26.6
P00342-TR13,P00342,Stress Management Workshop,2025-12-10,2025-12-11,10.4
P00343-TR01,P00343,First Response and Trauma Care,2024-11-08,2024-11-13,36.6
P00343-TR02,P00343,First Response and Trauma Care,2026-05-13,2026-05-17,30.4
P00343-TR03,P00343,Crowd Management,2025-04-12,2025-04-20,58.8
P00343-TR04,P00343,Weapons Refresher,2025-02-22,2025-02-24,12.4
P00343-TR05,P00343,Stress Management Workshop,2026-04-03,2026-04-04,4.0
P00343-TR06,P00343,Counter-IED Awareness,2024-12-09,2024-12-10,7.3
P00343-TR07,P00343,Physical Efficiency Test Preparation,2025-04-10,2025-04-11,4.0
P00343-TR08,P00343,Communications and Signals,2025-11-19,2025-11-22,21.3
P00343-TR09,P00343,Stress Management Workshop,2025-08-09,2025-08-16,49.4
P00344-TR01,P00344,Stress Management Workshop,2025-04-14,2025-04-17,26.1
P00344-TR02,P00344,Communications and Signals,2025-08-24,2025-08-26,19.1
P00344-TR03,P00344,First Response and Trauma Care,2025-04-05,2025-04-12,60.0
P00344-TR04,P00344,Weapons Refresher,2026-04-29,2026-05-03,26.3
P00344-TR05,P00344,Counter-IED Awareness,2026-07-17,2026-07-18,9.2
P00344-TR06,P00344,Communications and Signals,2026-07-13,2026-07-15,19.0
P00344-TR07,P00344,Jungle Warfare Refresher,2026-08-24,2026-08-28,32.8
P00344-TR08,P00344,Communications and Signals,2025-01-06,2025-01-08,14.6
P00344-TR09,P00344,Counter-IED Awareness,2025-02-14,2025-02-19,42.0
P00344-TR10,P00344,Weapons Refresher,2025-09-17,2025-09-18,6.8
P00344-TR11,P00344,Physical Efficiency Test Preparation,2025-02-06,2025-02-12,41.5
P00344-TR12,P00344,Weapons Refresher,2025-02-05,2025-02-06,11.8
P00345-TR01,P00345,Jungle Warfare Refresher,2026-07-07,2026-07-11,28.9
P00345-TR02,P00345,Physical Efficiency Test Preparation,2025-07-24,2025-07-25,11.8
P00345-TR03,P00345,Crowd Management,2026-06-02,2026-06-04,17.7
P00345-TR04,P00345,Counter-IED Awareness,2025-10-17,2025-10-19,13.3
P00345-TR05,P00345,Physical Efficiency Test Preparation,2025-01-07,2025-01-10,24.8
P00345-TR06,P00345,Jungle Warfare Refresher,2025-03-14,2025-03-17,25.4
P00345-TR07,P00345,Communications and Signals,2025-11-12,2025-11-14,18.3
P00345-TR08,P00345,Crowd Management,2026-01-30,2026-01-31,8.5
P00346-TR01,P00346,Communications and Signals,2025-02-13,2025-02-17,34.8
P00346-TR02,P00346,Physical Efficiency Test Preparation,2026-03-07,2026-03-09,13.3
P00346-TR03,P00346,Stress Management Workshop,2024-10-17,2024-10-19,14.8
P00346-TR04,P00346,Communications and Signals,2025-02-17,2025-02-19,19.3
P00346-TR05,P00346,Weapons Refresher,2025-05-07,2025-05-15,60.0
P00346-TR06,P00346,Jungle Warfare Refresher,2025-08-09,2025-08-13,33.9
P00346-TR07,P00346,Counter-IED Awareness,2024-11-09,2024-11-13,30.7
P00346-TR08,P00346,Counter-IED Awareness,2026-05-12,2026-05-19,55.4
P00347-TR01,P00347,Counter-IED Awareness,2026-05-03,2026-05-10,60.0
P00347-TR02,P00347,Communications and Signals,2025-11-20,2025-11-21,13.1
P00347-TR03,P00347,Counter-IED Awareness,2024-10-22,2024-10-23,13.2
P00347-TR04,P00347,Crowd Management,2024-10-11,2024-10-12,9.1
P00347-TR05,P00347,Communications and Signals,2025-11-15,2025-11-18,24.0
P00347-TR06,P00347,Jungle Warfare Refresher,2025-05-04,2025-05-05,8.6
P00347-TR07,P00347,Communications and Signals,2026-08-13,2026-08-16,18.3
P00347-TR08,P00347,Jungle Warfare Refresher,2026-01-05,2026-01-07,12.1
P00347-TR09,P00347,Physical Efficiency Test Preparation,2024-09-04,2024-09-07,23.4
P00347-TR10,P00347,First Response and Trauma Care,2024-09-05,2024-09-12,49.8
P00347-TR11,P00347,Physical Efficiency Test Preparation,2025-04-19,2025-04-22,23.5
P00347-TR12,P00347,First Response and Trauma Care,2024-10-05,2024-10-06,12.8
P00347-TR13,P00347,Physical Efficiency Test Preparation,2025-08-30,2025-09-01,14.9
P00347-TR14,P00347,Weapons Refresher,2025-08-11,2025-08-13,19.7
P00347-TR15,P00347,Physical Efficiency Test Preparation,2026-04-10,2026-04-12,16.8
P00347-TR16,P00347,Jungle Warfare Refresher,2026-03-24,2026-03-27,24.1
P00347-TR17,P00347,Physical Efficiency Test Preparation,2025-11-10,2025-11-15,41.8
P00347-TR18,P00347,Weapons Refresher,2025-09-11,2025-09-13,13.4
P00347-TR19,P00347,Jungle Warfare Refresher,2026-08-18,2026-08-20,17.0
P00348-TR01,P00348,Jungle Warfare Refresher,2024-11-23,2024-11-30,59.9
P00348-TR02,P00348,Crowd Management,2024-09-22,2024-09-29,60.0
P00348-TR03,P00348,Stress Management Workshop,2025-09-29,2025-10-01,18.6
P00348-TR04,P00348,Crowd Management,2025-02-24,2025-02-26,14.9
P00348-TR05,P00348,Crowd Management,2026-03-03,2026-03-04,14.1
P00348-TR06,P00348,Jungle Warfare Refresher,2026-06-03,2026-06-05,16.9
P00348-TR07,P00348,First Response and Trauma Care,2025-06-10,2025-06-11,12.6
P00349-TR01,P00349,Communications and Signals,2025-10-29,2025-11-06,60.0
P00349-TR02,P00349,Stress Management Workshop,2024-10-18,2024-10-22,29.2
P00349-TR03,P00349,Stress Management Workshop,2025-04-14,2025-04-16,21.8
P00350-TR01,P00350,Weapons Refresher,2024-10-20,2024-10-21,11.0
P00350-TR02,P00350,Jungle Warfare Refresher,2025-11-05,2025-11-08,22.2
P00350-TR03,P00350,Stress Management Workshop,2025-08-21,2025-08-22,7.5
P00350-TR04,P00350,First Response and Trauma Care,2026-01-31,2026-02-05,33.8
P00350-TR05,P00350,Physical Efficiency Test Preparation,2026-02-24,2026-02-27,29.5
P00350-TR06,P00350,Communications and Signals,2026-01-28,2026-01-29,8.9
P00350-TR07,P00350,Stress Management Workshop,2026-03-07,2026-03-08,12.4
P00351-TR01,P00351,Counter-IED Awareness,2026-04-21,2026-04-23,19.8
P00351-TR02,P00351,Crowd Management,2026-04-13,2026-04-17,37.0
P00351-TR03,P00351,Communications and Signals,2024-11-29,2024-12-01,23.1
P00351-TR04,P00351,Weapons Refresher,2025-12-03,2025-12-09,51.2
P00351-TR05,P00351,Jungle Warfare Refresher,2025-12-28,2025-12-29,12.6
P00351-TR06,P00351,Crowd Management,2025-01-09,2025-01-11,18.1
P00351-TR07,P00351,Counter-IED Awareness,2024-12-07,2024-12-09,14.9
P00351-TR08,P00351,Crowd Management,2026-03-15,2026-03-17,14.3
P00351-TR09,P00351,Crowd Management,2025-10-04,2025-10-08,33.9
P00351-TR10,P00351,Physical Efficiency Test Preparation,2024-10-19,2024-10-20,7.4
P00351-TR11,P00351,Stress Management Workshop,2025-05-14,2025-05-19,37.7
P00351-TR12,P00351,Communications and Signals,2025-08-15,2025-08-18,24.5
P00351-TR13,P00351,Jungle Warfare Refresher,2026-01-16,2026-01-17,12.0
P00351-TR14,P00351,Stress Management Workshop,2025-03-02,2025-03-07,37.0
P00351-TR15,P00351,Crowd Management,2025-01-24,2025-01-25,4.0
P00351-TR16,P00351,Stress Management Workshop,2026-01-02,2026-01-05,28.2
P00351-TR17,P00351,Physical Efficiency Test Preparation,2026-04-10,2026-04-11,10.4
P00352-TR01,P00352,Crowd Management,2024-09-20,2024-09-21,9.4
P00352-TR02,P00352,Communications and Signals,2026-05-29,2026-06-02,28.6
P00352-TR03,P00352,First Response and Trauma Care,2025-12-02,2025-12-04,10.6
P00352-TR04,P00352,Counter-IED Awareness,2026-05-22,2026-05-24,20.1
P00352-TR05,P00352,Counter-IED Awareness,2025-07-12,2025-07-14,15.6
P00352-TR06,P00352,Stress Management Workshop,2024-12-21,2024-12-23,13.5
P00352-TR07,P00352,Jungle Warfare Refresher,2025-03-07,2025-03-08,5.2
P00353-TR01,P00353,Stress Management Workshop,2024-11-11,2024-11-13,15.1
P00353-TR02,P00353,Crowd Management,2025-11-16,2025-11-18,15.3
P00353-TR03,P00353,Jungle Warfare Refresher,2024-10-17,2024-10-19,15.7
P00353-TR04,P00353,Weapons Refresher,2024-10-20,2024-10-21,14.0
P00353-TR05,P00353,Jungle Warfare Refresher,2026-07-18,2026-07-21,26.6
P00353-TR06,P00353,Crowd Management,2024-09-15,2024-09-16,5.3
P00353-TR07,P00353,Physical Efficiency Test Preparation,2026-07-17,2026-07-21,29.4
P00353-TR08,P00353,Crowd Management,2026-05-08,2026-05-14,44.8
P00353-TR09,P00353,Stress Management Workshop,2024-09-19,2024-09-23,32.4
P00353-TR10,P00353,Physical Efficiency Test Preparation,2026-03-01,2026-03-03,15.7
P00353-TR11,P00353,Stress Management Workshop,2025-07-27,2025-07-28,12.4
P00353-TR12,P00353,Physical Efficiency Test Preparation,2025-01-03,2025-01-04,12.5
P00353-TR13,P00353,Communications and Signals,2024-12-06,2024-12-07,12.7
P00353-TR14,P00353,Jungle Warfare Refresher,2024-09-17,2024-09-19,13.8
P00354-TR01,P00354,Crowd Management,2025-03-01,2025-03-03,14.5
P00354-TR02,P00354,Counter-IED Awareness,2025-06-12,2025-06-13,4.8
P00354-TR03,P00354,Stress Management Workshop,2025-08-19,2025-08-22,21.0
P00354-TR04,P00354,Jungle Warfare Refresher,2026-02-10,2026-02-11,6.7
P00354-TR05,P00354,Jungle Warfare Refresher,2026-01-02,2026-01-06,31.5
P00354-TR06,P00354,First Response and Trauma Care,2026-07-27,2026-07-28,7.1
P00354-TR07,P00354,Crowd Management,2025-10-28,2025-10-30,18.9
P00354-TR08,P00354,First Response and Trauma Care,2026-03-13,2026-03-20,60.0
P00354-TR09,P00354,Crowd Management,2025-12-26,2025-12-30,32.5
P00355-TR01,P00355,Counter-IED Awareness,2026-04-13,2026-04-15,16.9
P00355-TR02,P00355,Stress Management Workshop,2025-02-09,2025-02-14,45.3
P00355-TR03,P00355,Weapons Refresher,2026-05-03,2026-05-07,35.9
P00355-TR04,P00355,Weapons Refresher,2025-10-15,2025-10-18,20.6
P00355-TR05,P00355,Stress Management Workshop,2025-05-30,2025-06-04,40.3
P00355-TR06,P00355,Crowd Management,2026-03-14,2026-03-22,60.0
P00355-TR07,P00355,Jungle Warfare Refresher,2025-08-30,2025-09-01,13.8
P00355-TR08,P00355,Jungle Warfare Refresher,2024-11-14,2024-11-15,6.4
P00356-TR01,P00356,Counter-IED Awareness,2025-01-20,2025-01-24,30.9
P00356-TR02,P00356,Stress Management Workshop,2025-12-15,2025-12-17,13.4
P00356-TR03,P00356,Crowd Management,2025-01-09,2025-01-10,5.3
P00356-TR04,P00356,Communications and Signals,2024-10-15,2024-10-18,20.0
P00356-TR05,P00356,Stress Management Workshop,2025-01-10,2025-01-12,16.2
P00356-TR06,P00356,Stress Management Workshop,2026-03-31,2026-04-05,42.6
P00356-TR07,P00356,Physical Efficiency Test Preparation,2026-04-10,2026-04-12,18.7
P00356-TR08,P00356,Communications and Signals,2025-06-27,2025-06-29,12.0
P00356-TR09,P00356,Jungle Warfare Refresher,2025-05-31,2025-06-02,18.3
P00356-TR10,P00356,Counter-IED Awareness,2024-11-28,2024-11-29,11.7
P00357-TR01,P00357,First Response and Trauma Care,2025-10-25,2025-10-29,31.7
P00357-TR02,P00357,Stress Management Workshop,2025-04-27,2025-04-30,23.3
P00357-TR03,P00357,Counter-IED Awareness,2026-05-20,2026-05-22,12.4
P00357-TR04,P00357,Stress Management Workshop,2024-11-03,2024-11-05,10.2
P00357-TR05,P00357,Weapons Refresher,2026-06-08,2026-06-09,5.6
P00357-TR06,P00357,Counter-IED Awareness,2026-02-10,2026-02-14,39.7
P00357-TR07,P00357,Physical Efficiency Test Preparation,2024-10-06,2024-10-08,18.0
P00357-TR08,P00357,Jungle Warfare Refresher,2025-10-25,2025-10-27,17.1
P00357-TR09,P00357,Counter-IED Awareness,2026-05-23,2026-05-26,28.7
P00357-TR10,P00357,Stress Management Workshop,2026-01-22,2026-01-25,26.7
P00357-TR11,P00357,First Response and Trauma Care,2026-06-13,2026-06-16,20.4
P00357-TR12,P00357,Jungle Warfare Refresher,2024-12-22,2024-12-23,11.3
P00357-TR13,P00357,First Response and Trauma Care,2025-08-04,2025-08-07,19.9
P00357-TR14,P00357,First Response and Trauma Care,2025-09-26,2025-09-29,24.5
P00357-TR15,P00357,Jungle Warfare Refresher,2025-06-12,2025-06-14,18.5
P00357-TR16,P00357,Communications and Signals,2025-07-21,2025-07-24,28.9
P00357-TR17,P00357,Communications and Signals,2024-12-12,2024-12-17,36.7
P00358-TR01,P00358,Crowd Management,2025-09-29,2025-10-04,40.4
P00358-TR02,P00358,Communications and Signals,2024-11-16,2024-11-18,14.4
P00358-TR03,P00358,Communications and Signals,2026-05-28,2026-05-31,24.8
P00358-TR04,P00358,Stress Management Workshop,2026-05-07,2026-05-08,5.1
P00358-TR05,P00358,Stress Management Workshop,2025-04-06,2025-04-07,7.5
P00358-TR06,P00358,Counter-IED Awareness,2025-10-07,2025-10-09,12.1
P00358-TR07,P00358,Jungle Warfare Refresher,2026-06-30,2026-07-03,20.0
P00359-TR01,P00359,Weapons Refresher,2025-08-19,2025-08-24,42.3
P00359-TR02,P00359,Jungle Warfare Refresher,2026-05-21,2026-05-24,30.5
P00360-TR01,P00360,Crowd Management,2025-03-06,2025-03-09,28.4
P00360-TR02,P00360,Communications and Signals,2025-04-03,2025-04-04,9.5
P00360-TR03,P00360,Stress Management Workshop,2025-08-06,2025-08-08,13.2
P00360-TR04,P00360,First Response and Trauma Care,2026-05-28,2026-05-29,15.6
P00360-TR05,P00360,Jungle Warfare Refresher,2025-08-23,2025-08-26,24.9
P00360-TR06,P00360,Stress Management Workshop,2026-02-10,2026-02-11,4.1
P00360-TR07,P00360,Physical Efficiency Test Preparation,2025-05-25,2025-05-29,34.2
P00360-TR08,P00360,First Response and Trauma Care,2026-08-02,2026-08-03,8.8
P00360-TR09,P00360,Counter-IED Awareness,2025-02-16,2025-02-19,24.9
P00360-TR10,P00360,Crowd Management,2025-04-26,2025-04-28,12.3
P00360-TR11,P00360,Counter-IED Awareness,2025-06-21,2025-06-24,20.8
P00360-TR12,P00360,Jungle Warfare Refresher,2026-07-20,2026-07-21,11.7
P00360-TR13,P00360,Communications and Signals,2025-02-18,2025-02-19,4.0
P00360-TR14,P00360,Jungle Warfare Refresher,2026-07-11,2026-07-15,35.1
P00360-TR15,P00360,Communications and Signals,2025-07-25,2025-07-27,20.1
P00360-TR16,P00360,Counter-IED Awareness,2026-05-08,2026-05-14,43.9
P00360-TR17,P00360,Counter-IED Awareness,2025-10-14,2025-10-16,16.5
P00360-TR18,P00360,Weapons Refresher,2025-07-31,2025-08-03,28.5
P00360-TR19,P00360,Jungle Warfare Refresher,2024-11-15,2024-11-18,24.1
P00360-TR20,P00360,First Response and Trauma Care,2026-03-13,2026-03-16,21.8
P00360-TR21,P00360,Jungle Warfare Refresher,2025-02-18,2025-02-19,10.6
P00360-TR22,P00360,First Response and Trauma Care,2024-10-14,2024-10-15,5.4
P00361-TR01,P00361,Stress Management Workshop,2026-04-01,2026-04-03,11.8
P00361-TR02,P00361,Crowd Management,2026-04-17,2026-04-21,26.6
P00361-TR03,P00361,First Response and Trauma Care,2026-02-01,2026-02-05,30.6
P00361-TR04,P00361,Communications and Signals,2025-09-21,2025-09-23,18.0
P00361-TR05,P00361,Physical Efficiency Test Preparation,2025-08-08,2025-08-12,33.4
P00361-TR06,P00361,Weapons Refresher,2026-07-19,2026-07-22,31.7
P00361-TR07,P00361,Weapons Refresher,2026-02-13,2026-02-17,30.9
P00361-TR08,P00361,Physical Efficiency Test Preparation,2026-08-05,2026-08-09,26.8
P00362-TR01,P00362,Weapons Refresher,2026-07-21,2026-07-23,15.7
P00362-TR02,P00362,Communications and Signals,2025-08-02,2025-08-03,4.3
P00362-TR03,P00362,Weapons Refresher,2025-01-31,2025-02-07,58.1
P00362-TR04,P00362,Physical Efficiency Test Preparation,2025-05-15,2025-05-21,48.3
P00362-TR05,P00362,Counter-IED Awareness,2025-01-26,2025-01-27,4.0
P00362-TR06,P00362,First Response and Trauma Care,2025-10-22,2025-10-25,27.0
P00363-TR01,P00363,Communications and Signals,2026-06-09,2026-06-11,10.7
P00363-TR02,P00363,Weapons Refresher,2026-02-14,2026-02-17,22.1
P00363-TR03,P00363,Crowd Management,2025-12-14,2025-12-20,51.1
P00363-TR04,P00363,Stress Management Workshop,2026-04-04,2026-04-07,21.8
P00363-TR05,P00363,Physical Efficiency Test Preparation,2025-06-09,2025-06-13,33.6
P00363-TR06,P00363,Crowd Management,2025-02-21,2025-02-23,12.0
P00363-TR07,P00363,Weapons Refresher,2025-10-25,2025-10-26,4.4
P00363-TR08,P00363,Counter-IED Awareness,2026-07-12,2026-07-14,18.3
P00363-TR09,P00363,Physical Efficiency Test Preparation,2026-02-28,2026-03-05,37.5
P00363-TR10,P00363,Jungle Warfare Refresher,2026-03-05,2026-03-08,20.0
P00363-TR11,P00363,First Response and Trauma Care,2026-03-04,2026-03-07,25.3
P00363-TR12,P00363,Crowd Management,2026-02-19,2026-02-23,34.8
P00363-TR13,P00363,Physical Efficiency Test Preparation,2025-08-14,2025-08-17,25.8
P00363-TR14,P00363,Stress Management Workshop,2025-06-08,2025-06-12,32.1
P00363-TR15,P00363,Jungle Warfare Refresher,2025-12-09,2025-12-13,33.8
P00363-TR16,P00363,Physical Efficiency Test Preparation,2024-11-08,2024-11-11,28.1
P00363-TR17,P00363,First Response and Trauma Care,2025-03-18,2025-03-22,32.1
P00363-TR18,P00363,Crowd Management,2026-03-02,2026-03-04,14.1
P00363-TR19,P00363,Jungle Warfare Refresher,2025-03-01,2025-03-04,24.4
P00364-TR01,P00364,Counter-IED Awareness,2026-08-28,2026-08-30,19.9
P00364-TR02,P00364,Crowd Management,2026-06-26,2026-07-01,39.6
P00364-TR03,P00364,Jungle Warfare Refresher,2025-01-19,2025-01-22,22.5
P00364-TR04,P00364,Jungle Warfare Refresher,2024-11-29,2024-11-30,7.5
P00364-TR05,P00364,First Response and Trauma Care,2026-01-26,2026-01-30,35.3
P00364-TR06,P00364,Crowd Management,2024-10-12,2024-10-13,4.0
P00364-TR07,P00364,Physical Efficiency Test Preparation,2025-11-30,2025-12-03,29.3
P00364-TR08,P00364,Crowd Management,2026-01-17,2026-01-23,48.4
P00364-TR09,P00364,Physical Efficiency Test Preparation,2024-09-30,2024-10-03,23.5
P00364-TR10,P00364,First Response and Trauma Care,2025-03-26,2025-03-29,27.8
P00364-TR11,P00364,Crowd Management,2025-04-04,2025-04-07,19.1
P00364-TR12,P00364,Crowd Management,2025-09-18,2025-09-20,10.2
P00364-TR13,P00364,Crowd Management,2026-07-20,2026-07-22,20.9
P00364-TR14,P00364,First Response and Trauma Care,2025-05-08,2025-05-09,5.3
P00365-TR01,P00365,Weapons Refresher,2025-03-24,2025-03-25,12.3
P00365-TR02,P00365,Counter-IED Awareness,2026-03-22,2026-03-25,23.8
P00365-TR03,P00365,Jungle Warfare Refresher,2025-02-05,2025-02-08,22.9
P00365-TR04,P00365,Weapons Refresher,2025-08-21,2025-08-23,21.7
P00365-TR05,P00365,Jungle Warfare Refresher,2025-02-11,2025-02-15,27.3
P00365-TR06,P00365,First Response and Trauma Care,2026-08-30,2026-09-01,26.1
P00365-TR07,P00365,Crowd Management,2025-04-21,2025-04-24,25.4
P00365-TR08,P00365,First Response and Trauma Care,2025-11-07,2025-11-14,56.6
P00365-TR09,P00365,Weapons Refresher,2024-12-31,2025-01-07,60.0
P00365-TR10,P00365,First Response and Trauma Care,2025-01-05,2025-01-09,33.4
P00365-TR11,P00365,Jungle Warfare Refresher,2024-10-28,2024-10-31,20.6
P00365-TR12,P00365,Stress Management Workshop,2024-10-23,2024-10-25,18.2
P00365-TR13,P00365,First Response and Trauma Care,2025-12-22,2025-12-23,7.0
P00366-TR01,P00366,Crowd Management,2024-09-21,2024-09-22,12.4
P00366-TR02,P00366,First Response and Trauma Care,2025-09-15,2025-09-17,18.9
P00366-TR03,P00366,Physical Efficiency Test Preparation,2026-06-17,2026-06-18,10.8
P00366-TR04,P00366,Communications and Signals,2024-10-29,2024-10-30,4.0
P00366-TR05,P00366,Weapons Refresher,2025-12-10,2025-12-12,22.9
P00366-TR06,P00366,Physical Efficiency Test Preparation,2025-02-27,2025-03-01,15.2
P00366-TR07,P00366,Weapons Refresher,2025-10-02,2025-10-06,33.9
P00366-TR08,P00366,Weapons Refresher,2025-02-27,2025-03-02,26.5
P00366-TR09,P00366,Communications and Signals,2026-04-25,2026-04-29,29.8
P00366-TR10,P00366,Jungle Warfare Refresher,2025-03-16,2025-03-19,22.4
P00366-TR11,P00366,Jungle Warfare Refresher,2025-10-07,2025-10-08,12.8
P00366-TR12,P00366,First Response and Trauma Care,2025-08-05,2025-08-06,13.4
P00366-TR13,P00366,Communications and Signals,2026-04-25,2026-04-28,29.3
P00367-TR01,P00367,Jungle Warfare Refresher,2025-03-06,2025-03-09,31.0
P00367-TR02,P00367,Jungle Warfare Refresher,2026-03-13,2026-03-21,60.0
P00367-TR03,P00367,Weapons Refresher,2026-04-09,2026-04-13,33.1
P00367-TR04,P00367,First Response and Trauma Care,2024-09-01,2024-09-03,19.6
P00367-TR05,P00367,Physical Efficiency Test Preparation,2026-01-11,2026-01-12,8.6
P00367-TR06,P00367,Weapons Refresher,2025-08-06,2025-08-10,27.8
P00367-TR07,P00367,First Response and Trauma Care,2024-11-28,2024-12-02,28.7
P00367-TR08,P00367,Counter-IED Awareness,2025-10-16,2025-10-21,37.8
P00367-TR09,P00367,Physical Efficiency Test Preparation,2024-11-16,2024-11-19,29.4
P00368-TR01,P00368,Stress Management Workshop,2026-04-21,2026-04-24,24.4
P00368-TR02,P00368,Weapons Refresher,2025-06-04,2025-06-06,16.6
P00368-TR03,P00368,Stress Management Workshop,2024-12-10,2024-12-11,15.0
P00368-TR04,P00368,Jungle Warfare Refresher,2025-10-18,2025-10-19,10.0
P00368-TR05,P00368,Weapons Refresher,2026-05-05,2026-05-06,13.2
P00368-TR06,P00368,Physical Efficiency Test Preparation,2026-06-17,2026-06-19,11.0
P00368-TR07,P00368,Physical Efficiency Test Preparation,2025-05-27,2025-05-31,24.5
P00368-TR08,P00368,Weapons Refresher,2025-07-02,2025-07-08,54.2
P00368-TR09,P00368,Jungle Warfare Refresher,2026-02-07,2026-02-13,50.1
P00369-TR01,P00369,Weapons Refresher,2025-01-31,2025-02-01,11.3
P00369-TR02,P00369,Physical Efficiency Test Preparation,2026-05-14,2026-05-21,60.0
P00369-TR03,P00369,Jungle Warfare Refresher,2024-09-06,2024-09-10,35.4
P00369-TR04,P00369,Counter-IED Awareness,2025-05-08,2025-05-11,25.3
P00369-TR05,P00369,Counter-IED Awareness,2024-10-07,2024-10-09,10.9
P00369-TR06,P00369,Weapons Refresher,2025-05-14,2025-05-18,35.3
P00369-TR07,P00369,Physical Efficiency Test Preparation,2026-05-21,2026-05-23,17.9
P00369-TR08,P00369,Weapons Refresher,2026-04-19,2026-04-20,7.0
P00369-TR09,P00369,Crowd Management,2025-04-01,2025-04-03,15.2
P00369-TR10,P00369,Physical Efficiency Test Preparation,2024-09-01,2024-09-05,31.0
P00369-TR11,P00369,Weapons Refresher,2025-07-15,2025-07-17,18.5
P00369-TR12,P00369,Weapons Refresher,2025-05-13,2025-05-15,16.3
P00369-TR13,P00369,Physical Efficiency Test Preparation,2026-04-25,2026-04-26,14.3
P00369-TR14,P00369,Weapons Refresher,2026-03-06,2026-03-09,19.9
P00370-TR01,P00370,Stress Management Workshop,2025-12-15,2025-12-18,22.1
P00370-TR02,P00370,Jungle Warfare Refresher,2024-09-10,2024-09-15,45.4
P00370-TR03,P00370,Jungle Warfare Refresher,2026-07-21,2026-07-24,17.4
P00370-TR04,P00370,Counter-IED Awareness,2026-06-05,2026-06-08,25.4
P00370-TR05,P00370,Weapons Refresher,2025-08-25,2025-09-02,60.0
P00370-TR06,P00370,Physical Efficiency Test Preparation,2024-09-17,2024-09-19,18.3
P00370-TR07,P00370,Communications and Signals,2026-08-24,2026-08-27,23.9
P00370-TR08,P00370,First Response and Trauma Care,2026-04-16,2026-04-18,18.0
P00371-TR01,P00371,First Response and Trauma Care,2025-12-14,2025-12-15,10.4
P00371-TR02,P00371,Crowd Management,2026-06-14,2026-06-18,36.5
P00371-TR03,P00371,Communications and Signals,2025-07-11,2025-07-14,24.8
P00371-TR04,P00371,Stress Management Workshop,2025-02-12,2025-02-13,10.3
P00371-TR05,P00371,Weapons Refresher,2026-03-20,2026-03-22,17.7
P00371-TR06,P00371,Communications and Signals,2025-09-23,2025-09-25,14.3
P00371-TR07,P00371,Crowd Management,2026-07-29,2026-08-04,43.3
P00371-TR08,P00371,Crowd Management,2026-03-19,2026-03-21,15.8
P00371-TR09,P00371,Crowd Management,2026-04-20,2026-04-23,28.7
P00371-TR10,P00371,Weapons Refresher,2025-08-16,2025-08-19,17.9
P00371-TR11,P00371,Stress Management Workshop,2025-04-24,2025-05-01,60.0
P00371-TR12,P00371,First Response and Trauma Care,2026-07-08,2026-07-10,18.2
P00371-TR13,P00371,Counter-IED Awareness,2025-09-11,2025-09-15,33.0
P00371-TR14,P00371,Weapons Refresher,2025-05-05,2025-05-07,18.1
P00371-TR15,P00371,Physical Efficiency Test Preparation,2025-02-28,2025-03-06,43.5
P00371-TR16,P00371,First Response and Trauma Care,2026-03-28,2026-03-31,19.3
P00371-TR17,P00371,Communications and Signals,2025-05-15,2025-05-17,22.6
P00372-TR01,P00372,First Response and Trauma Care,2026-05-12,2026-05-15,24.6
P00372-TR02,P00372,Jungle Warfare Refresher,2026-05-04,2026-05-08,28.8
P00372-TR03,P00372,Weapons Refresher,2026-01-10,2026-01-12,22.2
P00372-TR04,P00372,First Response and Trauma Care,2026-05-02,2026-05-07,39.2
P00372-TR05,P00372,First Response and Trauma Care,2025-02-22,2025-02-24,13.9
P00372-TR06,P00372,Crowd Management,2026-06-04,2026-06-06,13.4
P00372-TR07,P00372,First Response and Trauma Care,2025-10-11,2025-10-15,32.3
P00372-TR08,P00372,Physical Efficiency Test Preparation,2026-03-02,2026-03-04,10.6
P00372-TR09,P00372,Crowd Management,2025-09-02,2025-09-04,8.4
P00373-TR01,P00373,Counter-IED Awareness,2025-07-19,2025-07-23,30.5
P00373-TR02,P00373,Jungle Warfare Refresher,2024-12-18,2024-12-22,33.7
P00373-TR03,P00373,Jungle Warfare Refresher,2025-05-03,2025-05-05,16.5
P00373-TR04,P00373,Stress Management Workshop,2025-06-27,2025-07-03,43.2
P00373-TR05,P00373,Weapons Refresher,2026-02-08,2026-02-11,25.9
P00373-TR06,P00373,Crowd Management,2024-10-19,2024-10-22,27.4
P00373-TR07,P00373,Communications and Signals,2026-05-22,2026-05-25,26.9
P00373-TR08,P00373,Counter-IED Awareness,2026-02-12,2026-02-16,29.5
P00373-TR09,P00373,Stress Management Workshop,2025-09-18,2025-09-20,18.2
P00373-TR10,P00373,First Response and Trauma Care,2025-10-07,2025-10-09,15.5
P00373-TR11,P00373,Counter-IED Awareness,2025-09-09,2025-09-10,5.0
P00373-TR12,P00373,Physical Efficiency Test Preparation,2026-02-09,2026-02-10,4.0
P00373-TR13,P00373,First Response and Trauma Care,2025-07-18,2025-07-21,27.0
P00373-TR14,P00373,Weapons Refresher,2026-02-22,2026-02-23,5.9
P00374-TR01,P00374,Crowd Management,2025-09-19,2025-09-20,10.9
P00374-TR02,P00374,Crowd Management,2026-07-30,2026-08-02,25.9
P00374-TR03,P00374,Counter-IED Awareness,2025-05-24,2025-05-26,15.6
P00374-TR04,P00374,First Response and Trauma Care,2024-11-18,2024-11-20,11.6
P00374-TR05,P00374,Weapons Refresher,2025-09-25,2025-09-29,27.2
P00374-TR06,P00374,Jungle Warfare Refresher,2025-05-13,2025-05-14,8.0
P00374-TR07,P00374,Communications and Signals,2026-08-18,2026-08-22,35.9
P00374-TR08,P00374,Counter-IED Awareness,2025-06-18,2025-06-19,4.5
P00374-TR09,P00374,Physical Efficiency Test Preparation,2026-02-08,2026-02-09,8.7
P00374-TR10,P00374,Crowd Management,2026-07-30,2026-08-03,31.7
P00374-TR11,P00374,Crowd Management,2026-06-25,2026-06-26,6.4
P00374-TR12,P00374,Counter-IED Awareness,2025-05-21,2025-05-22,5.0
P00374-TR13,P00374,Physical Efficiency Test Preparation,2024-11-19,2024-11-21,17.5
P00374-TR14,P00374,Communications and Signals,2025-05-27,2025-05-28,4.9
P00374-TR15,P00374,Stress Management Workshop,2025-03-03,2025-03-05,12.5
P00374-TR16,P00374,Stress Management Workshop,2025-01-29,2025-01-30,8.9
P00374-TR17,P00374,Stress Management Workshop,2026-06-09,2026-06-10,6.3
P00375-TR01,P00375,Communications and Signals,2026-07-12,2026-07-17,44.4
P00375-TR02,P00375,Communications and Signals,2026-02-05,2026-02-07,14.9
P00375-TR03,P00375,Stress Management Workshop,2026-01-12,2026-01-14,16.5
P00375-TR04,P00375,Counter-IED Awareness,2026-07-22,2026-07-23,11.0
P00375-TR05,P00375,Jungle Warfare Refresher,2025-11-13,2025-11-14,7.9
P00375-TR06,P00375,Crowd Management,2026-04-20,2026-04-25,35.8
P00375-TR07,P00375,Physical Efficiency Test Preparation,2025-07-17,2025-07-19,20.5
P00375-TR08,P00375,Jungle Warfare Refresher,2025-07-09,2025-07-10,8.1
P00376-TR01,P00376,Weapons Refresher,2024-12-24,2024-12-27,25.4
P00376-TR02,P00376,Communications and Signals,2024-12-18,2024-12-22,31.7
P00376-TR03,P00376,Weapons Refresher,2026-05-21,2026-05-25,27.6
P00376-TR04,P00376,Physical Efficiency Test Preparation,2026-06-06,2026-06-08,14.1
P00376-TR05,P00376,Counter-IED Awareness,2025-11-19,2025-11-21,9.5
P00376-TR06,P00376,Crowd Management,2026-03-09,2026-03-12,25.4
P00376-TR07,P00376,Weapons Refresher,2025-04-14,2025-04-15,10.6
P00376-TR08,P00376,Counter-IED Awareness,2025-01-18,2025-01-19,10.4
P00377-TR01,P00377,Weapons Refresher,2025-06-21,2025-06-22,14.7
P00377-TR02,P00377,Weapons Refresher,2025-11-04,2025-11-05,10.8
P00377-TR03,P00377,Counter-IED Awareness,2026-01-05,2026-01-08,30.4
P00377-TR04,P00377,Physical Efficiency Test Preparation,2026-06-04,2026-06-08,29.9
P00377-TR05,P00377,Crowd Management,2026-02-19,2026-02-20,6.9
P00377-TR06,P00377,Crowd Management,2026-01-12,2026-01-13,9.5
P00377-TR07,P00377,Communications and Signals,2026-07-03,2026-07-05,15.3
P00377-TR08,P00377,Communications and Signals,2025-12-17,2025-12-21,34.1
P00377-TR09,P00377,First Response and Trauma Care,2025-11-12,2025-11-19,55.5
P00377-TR10,P00377,Communications and Signals,2024-12-05,2024-12-07,14.9
P00377-TR11,P00377,Physical Efficiency Test Preparation,2026-05-31,2026-06-02,20.7
P00377-TR12,P00377,Physical Efficiency Test Preparation,2025-11-04,2025-11-08,34.2
P00377-TR13,P00377,Stress Management Workshop,2026-07-04,2026-07-05,13.4
P00378-TR01,P00378,Weapons Refresher,2026-04-04,2026-04-06,17.8
P00378-TR02,P00378,Stress Management Workshop,2025-02-21,2025-02-23,10.0
P00378-TR03,P00378,Weapons Refresher,2025-11-20,2025-11-23,25.2
P00378-TR04,P00378,Jungle Warfare Refresher,2026-01-26,2026-01-28,16.8
P00378-TR05,P00378,Jungle Warfare Refresher,2026-08-02,2026-08-05,27.1
P00378-TR06,P00378,Crowd Management,2025-07-17,2025-07-21,28.2
P00378-TR07,P00378,Crowd Management,2025-08-23,2025-08-25,15.9
P00378-TR08,P00378,Physical Efficiency Test Preparation,2026-02-08,2026-02-09,4.5
P00378-TR09,P00378,Jungle Warfare Refresher,2024-12-11,2024-12-15,32.3
P00378-TR10,P00378,Physical Efficiency Test Preparation,2024-11-21,2024-11-22,10.2
P00378-TR11,P00378,Crowd Management,2025-10-02,2025-10-04,13.9
P00378-TR12,P00378,Stress Management Workshop,2025-04-29,2025-05-02,21.3
P00379-TR01,P00379,Jungle Warfare Refresher,2026-03-12,2026-03-19,60.0
P00379-TR02,P00379,Crowd Management,2026-01-02,2026-01-03,8.9
P00379-TR03,P00379,Communications and Signals,2026-05-07,2026-05-09,15.2
P00379-TR04,P00379,Communications and Signals,2026-03-18,2026-03-19,4.0
P00379-TR05,P00379,Physical Efficiency Test Preparation,2025-04-25,2025-04-27,13.7
P00379-TR06,P00379,First Response and Trauma Care,2026-01-23,2026-01-25,11.7
P00379-TR07,P00379,Counter-IED Awareness,2024-10-25,2024-10-26,12.2
P00379-TR08,P00379,Communications and Signals,2026-02-07,2026-02-08,7.9
P00380-TR01,P00380,Physical Efficiency Test Preparation,2026-01-19,2026-01-26,56.6
P00380-TR02,P00380,Physical Efficiency Test Preparation,2026-02-07,2026-02-08,12.3
P00380-TR03,P00380,Crowd Management,2026-06-01,2026-06-03,11.1
P00380-TR04,P00380,First Response and Trauma Care,2025-11-13,2025-11-17,30.2
P00380-TR05,P00380,Stress Management Workshop,2025-07-06,2025-07-11,35.8
P00380-TR06,P00380,Physical Efficiency Test Preparation,2025-08-01,2025-08-03,15.7
P00380-TR07,P00380,Jungle Warfare Refresher,2024-09-12,2024-09-16,27.5
P00380-TR08,P00380,Crowd Management,2025-10-20,2025-10-22,22.8
P00380-TR09,P00380,Stress Management Workshop,2025-10-08,2025-10-11,21.2
P00380-TR10,P00380,Weapons Refresher,2025-07-24,2025-07-25,9.6
P00380-TR11,P00380,Jungle Warfare Refresher,2026-07-04,2026-07-05,4.0
P00380-TR12,P00380,First Response and Trauma Care,2025-07-27,2025-07-29,17.0
P00380-TR13,P00380,Stress Management Workshop,2026-01-18,2026-01-23,36.9
P00380-TR14,P00380,Physical Efficiency Test Preparation,2026-04-11,2026-04-12,7.0
P00380-TR15,P00380,Crowd Management,2026-05-20,2026-05-21,4.6
P00381-TR01,P00381,Crowd Management,2025-08-27,2025-08-28,7.5
P00381-TR02,P00381,Weapons Refresher,2024-09-14,2024-09-17,23.7
P00381-TR03,P00381,Communications and Signals,2026-04-10,2026-04-11,6.4
P00381-TR04,P00381,Crowd Management,2025-11-10,2025-11-14,27.7
P00381-TR05,P00381,Weapons Refresher,2026-04-25,2026-04-28,25.1
P00381-TR06,P00381,Weapons Refresher,2025-03-21,2025-03-24,25.7
P00381-TR07,P00381,Jungle Warfare Refresher,2026-01-01,2026-01-07,48.5
P00381-TR08,P00381,First Response and Trauma Care,2026-03-14,2026-03-19,33.2
P00381-TR09,P00381,First Response and Trauma Care,2025-01-21,2025-01-22,5.9
P00381-TR10,P00381,Counter-IED Awareness,2025-01-19,2025-01-23,30.0
P00382-TR01,P00382,Counter-IED Awareness,2025-01-06,2025-01-10,26.8
P00382-TR02,P00382,First Response and Trauma Care,2025-11-02,2025-11-03,4.0
P00382-TR03,P00382,Jungle Warfare Refresher,2025-11-13,2025-11-14,5.2
P00382-TR04,P00382,First Response and Trauma Care,2024-09-18,2024-09-19,9.1
P00382-TR05,P00382,Communications and Signals,2025-09-01,2025-09-04,28.8
P00382-TR06,P00382,Counter-IED Awareness,2026-06-12,2026-06-15,23.4
P00382-TR07,P00382,Crowd Management,2025-09-18,2025-09-24,46.9
P00382-TR08,P00382,First Response and Trauma Care,2025-08-27,2025-08-29,11.1
P00382-TR09,P00382,Communications and Signals,2025-01-15,2025-01-16,6.3
P00382-TR10,P00382,Stress Management Workshop,2026-08-10,2026-08-13,20.7
P00382-TR11,P00382,Communications and Signals,2024-12-30,2025-01-01,15.8
P00382-TR12,P00382,Communications and Signals,2026-03-13,2026-03-16,29.2
P00382-TR13,P00382,Physical Efficiency Test Preparation,2026-03-20,2026-03-21,13.4
P00382-TR14,P00382,First Response and Trauma Care,2024-12-11,2024-12-18,57.9
P00382-TR15,P00382,Crowd Management,2025-02-20,2025-02-24,27.8
P00382-TR16,P00382,Crowd Management,2025-04-29,2025-05-02,28.0
P00382-TR17,P00382,Counter-IED Awareness,2025-04-19,2025-04-20,9.7
P00383-TR01,P00383,Counter-IED Awareness,2026-02-22,2026-02-23,8.9
P00383-TR02,P00383,Jungle Warfare Refresher,2025-09-17,2025-09-20,20.4
P00383-TR03,P00383,Crowd Management,2025-06-05,2025-06-06,7.5
P00383-TR04,P00383,Counter-IED Awareness,2026-05-16,2026-05-18,16.9
P00383-TR05,P00383,Weapons Refresher,2025-10-17,2025-10-20,20.9
P00383-TR06,P00383,Crowd Management,2026-08-02,2026-08-05,19.5
P00383-TR07,P00383,Counter-IED Awareness,2025-08-15,2025-08-17,9.9
P00383-TR08,P00383,Communications and Signals,2024-12-24,2024-12-26,20.3
P00383-TR09,P00383,Jungle Warfare Refresher,2025-01-05,2025-01-06,5.1
P00384-TR01,P00384,Counter-IED Awareness,2025-05-14,2025-05-18,28.5
P00384-TR02,P00384,Communications and Signals,2024-11-01,2024-11-03,23.0
P00384-TR03,P00384,Stress Management Workshop,2026-02-16,2026-02-19,25.4
P00384-TR04,P00384,Weapons Refresher,2024-12-06,2024-12-07,12.7
P00384-TR05,P00384,Communications and Signals,2024-12-25,2024-12-26,8.1
P00384-TR06,P00384,Physical Efficiency Test Preparation,2024-12-12,2024-12-15,22.8
P00384-TR07,P00384,Weapons Refresher,2024-11-13,2024-11-18,39.5
P00384-TR08,P00384,Weapons Refresher,2024-10-24,2024-10-30,53.2
P00384-TR09,P00384,Jungle Warfare Refresher,2026-06-25,2026-06-30,37.5
P00384-TR10,P00384,Counter-IED Awareness,2026-06-23,2026-06-24,8.1
P00385-TR01,P00385,Counter-IED Awareness,2026-01-01,2026-01-04,25.2
P00385-TR02,P00385,Jungle Warfare Refresher,2026-04-14,2026-04-19,39.1
P00385-TR03,P00385,Crowd Management,2026-01-27,2026-01-28,4.0
P00385-TR04,P00385,Physical Efficiency Test Preparation,2025-10-03,2025-10-05,18.9
P00385-TR05,P00385,Jungle Warfare Refresher,2026-08-15,2026-08-19,27.8
P00385-TR06,P00385,Physical Efficiency Test Preparation,2026-07-30,2026-08-02,23.8
P00385-TR07,P00385,Communications and Signals,2025-05-31,2025-06-03,25.2
P00385-TR08,P00385,Physical Efficiency Test Preparation,2026-04-19,2026-04-20,12.1
P00386-TR01,P00386,First Response and Trauma Care,2026-06-29,2026-07-02,23.0
P00386-TR02,P00386,Physical Efficiency Test Preparation,2026-03-03,2026-03-04,13.4
P00386-TR03,P00386,Stress Management Workshop,2024-11-12,2024-11-14,19.4
P00386-TR04,P00386,Communications and Signals,2025-12-20,2025-12-23,21.7
P00386-TR05,P00386,First Response and Trauma Care,2024-09-09,2024-09-10,9.1
P00386-TR06,P00386,Jungle Warfare Refresher,2025-04-25,2025-04-26,9.1
P00386-TR07,P00386,Physical Efficiency Test Preparation,2024-10-08,2024-10-10,18.5
P00386-TR08,P00386,Physical Efficiency Test Preparation,2025-01-28,2025-01-31,23.0
P00386-TR09,P00386,Jungle Warfare Refresher,2025-08-23,2025-08-26,28.1
P00386-TR10,P00386,Stress Management Workshop,2025-05-21,2025-05-23,17.3
P00386-TR11,P00386,Crowd Management,2024-11-10,2024-11-12,18.4
P00386-TR12,P00386,Physical Efficiency Test Preparation,2024-11-29,2024-12-02,27.6
P00386-TR13,P00386,Weapons Refresher,2025-12-03,2025-12-04,12.4
P00386-TR14,P00386,First Response and Trauma Care,2025-03-12,2025-03-14,16.9
P00386-TR15,P00386,Stress Management Workshop,2026-07-02,2026-07-03,4.8
P00387-TR01,P00387,Physical Efficiency Test Preparation,2026-08-04,2026-08-09,43.7
P00387-TR02,P00387,Jungle Warfare Refresher,2025-12-27,2025-12-29,14.7
P00387-TR03,P00387,Weapons Refresher,2025-08-24,2025-08-27,19.5
P00387-TR04,P00387,Communications and Signals,2025-07-29,2025-07-31,18.6
P00387-TR05,P00387,Physical Efficiency Test Preparation,2025-06-11,2025-06-13,14.7
P00387-TR06,P00387,Jungle Warfare Refresher,2026-01-04,2026-01-07,23.8
P00387-TR07,P00387,First Response and Trauma Care,2024-10-22,2024-10-23,11.2
P00387-TR08,P00387,Physical Efficiency Test Preparation,2024-09-24,2024-09-25,7.9
P00387-TR09,P00387,Crowd Management,2025-06-17,2025-06-19,12.3
P00387-TR10,P00387,First Response and Trauma Care,2025-04-26,2025-05-01,33.4
P00387-TR11,P00387,Counter-IED Awareness,2025-04-17,2025-04-22,40.7
P00387-TR12,P00387,First Response and Trauma Care,2026-02-24,2026-02-27,24.8
P00388-TR01,P00388,First Response and Trauma Care,2024-09-27,2024-09-30,21.8
P00388-TR02,P00388,Counter-IED Awareness,2024-09-08,2024-09-11,22.2
P00388-TR03,P00388,Crowd Management,2025-05-09,2025-05-11,20.5
P00388-TR04,P00388,Physical Efficiency Test Preparation,2025-06-12,2025-06-16,31.5
P00388-TR05,P00388,Stress Management Workshop,2025-11-13,2025-11-17,34.8
P00388-TR06,P00388,Crowd Management,2024-09-19,2024-09-22,22.3
P00388-TR07,P00388,Stress Management Workshop,2025-11-12,2025-11-14,20.3
P00388-TR08,P00388,Communications and Signals,2026-02-09,2026-02-12,22.8
P00388-TR09,P00388,Physical Efficiency Test Preparation,2025-08-24,2025-08-26,21.0
P00388-TR10,P00388,First Response and Trauma Care,2025-03-14,2025-03-15,7.4
P00389-TR01,P00389,Jungle Warfare Refresher,2025-07-21,2025-07-22,7.8
P00389-TR02,P00389,First Response and Trauma Care,2026-03-26,2026-03-31,39.6
P00389-TR03,P00389,Stress Management Workshop,2026-06-21,2026-06-24,24.2
P00389-TR04,P00389,Physical Efficiency Test Preparation,2024-10-16,2024-10-21,34.4
P00389-TR05,P00389,Jungle Warfare Refresher,2025-05-30,2025-06-04,40.7
P00389-TR06,P00389,Communications and Signals,2025-02-11,2025-02-13,22.2
P00389-TR07,P00389,Physical Efficiency Test Preparation,2025-03-25,2025-03-28,25.4
P00389-TR08,P00389,Jungle Warfare Refresher,2025-03-23,2025-03-25,21.8
P00389-TR09,P00389,Communications and Signals,2025-09-27,2025-09-30,18.4
P00390-TR01,P00390,First Response and Trauma Care,2025-01-20,2025-01-23,22.8
P00390-TR02,P00390,Stress Management Workshop,2026-04-20,2026-04-24,34.0
P00390-TR03,P00390,Physical Efficiency Test Preparation,2025-10-16,2025-10-18,19.0
P00390-TR04,P00390,Crowd Management,2026-02-11,2026-02-12,5.3
P00390-TR05,P00390,First Response and Trauma Care,2025-11-22,2025-11-23,10.1
P00390-TR06,P00390,Crowd Management,2025-01-09,2025-01-12,25.9
P00390-TR07,P00390,Communications and Signals,2025-12-18,2025-12-26,60.0
P00390-TR08,P00390,Stress Management Workshop,2026-07-18,2026-07-19,4.2
P00390-TR09,P00390,Jungle Warfare Refresher,2025-06-19,2025-06-21,15.8
P00390-TR10,P00390,Physical Efficiency Test Preparation,2025-07-07,2025-07-10,27.7
P00390-TR11,P00390,Crowd Management,2025-02-16,2025-02-19,21.0
P00390-TR12,P00390,Jungle Warfare Refresher,2025-12-22,2025-12-23,5.4
P00390-TR13,P00390,Communications and Signals,2026-08-12,2026-08-14,16.2
P00390-TR14,P00390,Crowd Management,2026-03-04,2026-03-08,32.4
P00390-TR15,P00390,Counter-IED Awareness,2024-10-21,2024-10-23,14.5
P00390-TR16,P00390,Jungle Warfare Refresher,2026-04-29,2026-05-01,13.9
P00390-TR17,P00390,Counter-IED Awareness,2026-06-01,2026-06-02,5.4
P00391-TR01,P00391,Physical Efficiency Test Preparation,2025-11-18,2025-11-22,32.5
P00391-TR02,P00391,Counter-IED Awareness,2026-01-10,2026-01-11,7.5
P00391-TR03,P00391,Stress Management Workshop,2026-08-20,2026-08-22,13.2
P00391-TR04,P00391,Counter-IED Awareness,2026-07-02,2026-07-05,17.7
P00391-TR05,P00391,Stress Management Workshop,2025-05-20,2025-05-22,12.7
P00391-TR06,P00391,Crowd Management,2025-01-12,2025-01-16,34.8
P00391-TR07,P00391,Crowd Management,2025-10-18,2025-10-19,11.1
P00391-TR08,P00391,Communications and Signals,2025-04-03,2025-04-06,23.3
P00391-TR09,P00391,Weapons Refresher,2025-02-23,2025-02-25,11.8
P00391-TR10,P00391,Physical Efficiency Test Preparation,2025-03-01,2025-03-02,13.8
P00391-TR11,P00391,Jungle Warfare Refresher,2024-12-31,2025-01-02,17.3
P00391-TR12,P00391,Jungle Warfare Refresher,2025-01-31,2025-02-02,21.3
P00391-TR13,P00391,Communications and Signals,2024-09-09,2024-09-10,10.5
P00391-TR14,P00391,First Response and Trauma Care,2025-07-24,2025-07-29,45.0
P00391-TR15,P00391,Counter-IED Awareness,2026-01-31,2026-02-01,5.5
P00391-TR16,P00391,Physical Efficiency Test Preparation,2025-01-25,2025-01-26,11.7
P00391-TR17,P00391,Counter-IED Awareness,2026-06-15,2026-06-18,25.8
P00391-TR18,P00391,Counter-IED Awareness,2025-08-12,2025-08-19,54.9
P00391-TR19,P00391,Counter-IED Awareness,2025-09-10,2025-09-13,19.4
P00392-TR01,P00392,First Response and Trauma Care,2024-09-21,2024-09-28,56.4
P00392-TR02,P00392,Weapons Refresher,2025-01-29,2025-02-06,60.0
P00392-TR03,P00392,Jungle Warfare Refresher,2025-06-29,2025-07-02,19.1
P00392-TR04,P00392,Communications and Signals,2024-12-15,2024-12-17,16.4
P00392-TR05,P00392,Jungle Warfare Refresher,2024-11-01,2024-11-04,24.1
P00392-TR06,P00392,Crowd Management,2026-04-19,2026-04-23,29.8
P00392-TR07,P00392,Physical Efficiency Test Preparation,2026-06-04,2026-06-05,13.4
P00392-TR08,P00392,Weapons Refresher,2026-08-06,2026-08-10,28.5
P00392-TR09,P00392,Counter-IED Awareness,2026-08-11,2026-08-12,12.5
P00392-TR10,P00392,Physical Efficiency Test Preparation,2026-05-02,2026-05-09,56.9
P00393-TR01,P00393,Stress Management Workshop,2026-01-04,2026-01-09,35.0
P00393-TR02,P00393,Stress Management Workshop,2025-07-03,2025-07-05,17.9
P00393-TR03,P00393,Jungle Warfare Refresher,2025-11-04,2025-11-10,47.4
P00393-TR04,P00393,Jungle Warfare Refresher,2024-10-03,2024-10-08,34.8
P00393-TR05,P00393,Jungle Warfare Refresher,2026-04-06,2026-04-08,11.8
P00394-TR01,P00394,Counter-IED Awareness,2025-04-18,2025-04-22,32.1
P00394-TR02,P00394,Counter-IED Awareness,2025-12-22,2025-12-29,54.7
P00394-TR03,P00394,Stress Management Workshop,2025-05-03,2025-05-07,34.7
P00394-TR04,P00394,Counter-IED Awareness,2026-08-20,2026-08-24,38.1
P00394-TR05,P00394,Weapons Refresher,2025-09-16,2025-09-17,8.9
P00394-TR06,P00394,Physical Efficiency Test Preparation,2024-11-23,2024-11-27,33.2
P00394-TR07,P00394,Counter-IED Awareness,2026-08-20,2026-08-23,21.6
P00394-TR08,P00394,Physical Efficiency Test Preparation,2025-12-19,2025-12-21,15.8
P00394-TR09,P00394,Counter-IED Awareness,2026-05-01,2026-05-02,5.9
P00394-TR10,P00394,First Response and Trauma Care,2025-02-18,2025-02-19,8.4
P00394-TR11,P00394,Stress Management Workshop,2026-08-25,2026-08-27,14.5
P00394-TR12,P00394,Counter-IED Awareness,2026-06-17,2026-06-20,21.5
P00395-TR01,P00395,Jungle Warfare Refresher,2025-07-28,2025-07-29,13.0
P00395-TR02,P00395,Weapons Refresher,2026-07-24,2026-07-27,24.9
P00395-TR03,P00395,Jungle Warfare Refresher,2025-10-27,2025-11-03,60.0
P00395-TR04,P00395,Counter-IED Awareness,2026-04-01,2026-04-02,4.4
P00396-TR01,P00396,Counter-IED Awareness,2024-11-21,2024-11-25,30.7
P00396-TR02,P00396,First Response and Trauma Care,2024-09-12,2024-09-14,17.4
P00396-TR03,P00396,Crowd Management,2025-05-19,2025-05-23,27.6
P00396-TR04,P00396,Communications and Signals,2025-04-05,2025-04-07,14.6
P00396-TR05,P00396,Crowd Management,2026-07-19,2026-07-22,25.3
P00397-TR01,P00397,Physical Efficiency Test Preparation,2026-08-27,2026-08-28,4.0
P00397-TR02,P00397,Jungle Warfare Refresher,2025-01-05,2025-01-08,24.1
P00397-TR03,P00397,Physical Efficiency Test Preparation,2025-12-16,2025-12-18,12.2
P00397-TR04,P00397,First Response and Trauma Care,2024-09-26,2024-09-30,35.5
P00397-TR05,P00397,Crowd Management,2025-05-19,2025-05-21,20.1
P00397-TR06,P00397,First Response and Trauma Care,2025-07-07,2025-07-10,24.1
P00397-TR07,P00397,Crowd Management,2025-06-13,2025-06-16,21.9
P00397-TR08,P00397,Stress Management Workshop,2026-04-29,2026-05-03,26.3
P00397-TR09,P00397,Stress Management Workshop,2026-06-28,2026-06-29,5.8
P00397-TR10,P00397,Crowd Management,2025-10-18,2025-10-19,4.0
P00397-TR11,P00397,Stress Management Workshop,2025-12-24,2025-12-27,21.6
P00397-TR12,P00397,Stress Management Workshop,2025-05-15,2025-05-17,18.6
P00398-TR01,P00398,Crowd Management,2025-06-22,2025-06-26,36.8
P00398-TR02,P00398,Communications and Signals,2026-02-20,2026-02-21,4.0
P00398-TR03,P00398,Jungle Warfare Refresher,2025-07-21,2025-07-24,25.6
P00398-TR04,P00398,Counter-IED Awareness,2025-02-11,2025-02-17,42.9
P00398-TR05,P00398,Crowd Management,2026-08-06,2026-08-08,10.3
P00399-TR01,P00399,Crowd Management,2025-10-29,2025-10-31,15.1
P00399-TR02,P00399,Jungle Warfare Refresher,2026-03-03,2026-03-05,14.8
P00399-TR03,P00399,Physical Efficiency Test Preparation,2024-10-01,2024-10-02,9.0
P00399-TR04,P00399,Communications and Signals,2026-01-16,2026-01-17,10.6
P00399-TR05,P00399,Jungle Warfare Refresher,2025-06-11,2025-06-14,23.1
P00399-TR06,P00399,Crowd Management,2025-04-07,2025-04-08,8.8
P00399-TR07,P00399,Counter-IED Awareness,2026-03-30,2026-04-03,37.5
P00399-TR08,P00399,Weapons Refresher,2024-11-05,2024-11-08,25.5
P00399-TR09,P00399,Physical Efficiency Test Preparation,2025-12-22,2025-12-24,11.0
P00399-TR10,P00399,Communications and Signals,2026-06-01,2026-06-03,14.2
P00399-TR11,P00399,First Response and Trauma Care,2026-07-06,2026-07-12,50.3
P00399-TR12,P00399,Communications and Signals,2025-03-07,2025-03-08,9.9
P00399-TR13,P00399,Stress Management Workshop,2026-04-18,2026-04-22,29.0
P00399-TR14,P00399,First Response and Trauma Care,2025-01-21,2025-01-22,10.1
P00400-TR01,P00400,First Response and Trauma Care,2024-09-10,2024-09-15,39.5
P00400-TR02,P00400,Jungle Warfare Refresher,2025-09-25,2025-09-30,36.8
P00400-TR03,P00400,First Response and Trauma Care,2026-01-10,2026-01-12,14.2
P00400-TR04,P00400,Counter-IED Awareness,2025-09-04,2025-09-06,22.9
P00400-TR05,P00400,Crowd Management,2026-04-20,2026-04-23,27.0
P00401-TR01,P00401,Counter-IED Awareness,2024-12-09,2024-12-11,14.8
P00401-TR02,P00401,Crowd Management,2024-11-07,2024-11-11,36.5
P00401-TR03,P00401,Weapons Refresher,2026-08-27,2026-08-31,27.1
P00401-TR04,P00401,First Response and Trauma Care,2024-12-01,2024-12-04,22.4
P00401-TR05,P00401,Stress Management Workshop,2026-02-26,2026-03-05,54.7
P00401-TR06,P00401,Crowd Management,2025-05-19,2025-05-20,9.8
P00401-TR07,P00401,First Response and Trauma Care,2026-05-09,2026-05-11,16.8
P00401-TR08,P00401,Jungle Warfare Refresher,2024-10-21,2024-10-25,26.6
P00401-TR09,P00401,Jungle Warfare Refresher,2025-06-12,2025-06-15,18.9
P00401-TR10,P00401,Communications and Signals,2026-07-06,2026-07-10,32.6
P00401-TR11,P00401,Weapons Refresher,2026-02-09,2026-02-11,16.1
P00402-TR01,P00402,Counter-IED Awareness,2026-04-23,2026-04-24,10.5
P00402-TR02,P00402,Counter-IED Awareness,2024-10-24,2024-10-26,19.4
P00402-TR03,P00402,Counter-IED Awareness,2026-06-28,2026-07-03,45.6
P00402-TR04,P00402,Jungle Warfare Refresher,2025-09-08,2025-09-09,4.7
P00402-TR05,P00402,Communications and Signals,2024-10-28,2024-11-02,39.8
P00402-TR06,P00402,Crowd Management,2025-12-09,2025-12-11,14.1
P00402-TR07,P00402,Communications and Signals,2026-07-11,2026-07-15,27.8
P00402-TR08,P00402,Weapons Refresher,2025-03-11,2025-03-14,22.9
P00402-TR09,P00402,Stress Management Workshop,2025-12-19,2025-12-21,13.7
P00402-TR10,P00402,First Response and Trauma Care,2025-10-31,2025-11-06,46.8
P00402-TR11,P00402,Communications and Signals,2025-10-11,2025-10-14,24.1
P00402-TR12,P00402,Physical Efficiency Test Preparation,2026-02-02,2026-02-04,16.9
P00402-TR13,P00402,Counter-IED Awareness,2026-03-12,2026-03-15,23.9
P00402-TR14,P00402,Stress Management Workshop,2025-06-10,2025-06-11,4.1
P00403-TR01,P00403,Communications and Signals,2024-11-28,2024-11-30,23.4
P00403-TR02,P00403,Physical Efficiency Test Preparation,2025-05-19,2025-05-22,30.1
P00403-TR03,P00403,Crowd Management,2026-05-15,2026-05-22,53.7
P00403-TR04,P00403,Counter-IED Awareness,2024-11-19,2024-11-24,36.5
P00403-TR05,P00403,Crowd Management,2025-12-10,2025-12-13,22.8
P00403-TR06,P00403,Counter-IED Awareness,2026-05-26,2026-05-29,30.8
P00403-TR07,P00403,Crowd Management,2026-02-10,2026-02-13,18.0
P00403-TR08,P00403,Communications and Signals,2025-04-10,2025-04-11,4.8
P00403-TR09,P00403,Crowd Management,2026-03-27,2026-03-31,33.3
P00403-TR10,P00403,Communications and Signals,2025-12-02,2025-12-05,18.8
P00403-TR11,P00403,Weapons Refresher,2026-02-27,2026-03-02,23.7
P00404-TR01,P00404,Physical Efficiency Test Preparation,2025-02-20,2025-02-22,10.9
P00404-TR02,P00404,Communications and Signals,2025-09-09,2025-09-11,21.9
P00404-TR03,P00404,Communications and Signals,2025-10-22,2025-10-26,35.2
P00404-TR04,P00404,Weapons Refresher,2025-04-10,2025-04-11,9.5
P00404-TR05,P00404,Jungle Warfare Refresher,2024-10-19,2024-10-22,19.5
P00404-TR06,P00404,Jungle Warfare Refresher,2025-11-21,2025-11-23,16.2
P00404-TR07,P00404,Stress Management Workshop,2026-02-07,2026-02-10,26.2
P00404-TR08,P00404,Jungle Warfare Refresher,2025-02-05,2025-02-08,22.5
P00404-TR09,P00404,Weapons Refresher,2025-11-12,2025-11-15,29.2
P00404-TR10,P00404,Weapons Refresher,2025-09-28,2025-09-30,9.7
P00404-TR11,P00404,First Response and Trauma Care,2026-08-18,2026-08-19,12.2
P00405-TR01,P00405,Physical Efficiency Test Preparation,2025-04-26,2025-04-27,12.1
P00405-TR02,P00405,First Response and Trauma Care,2024-10-13,2024-10-15,16.9
P00405-TR03,P00405,Counter-IED Awareness,2026-01-20,2026-01-21,12.4
P00405-TR04,P00405,Physical Efficiency Test Preparation,2024-12-09,2024-12-10,10.1
P00405-TR05,P00405,Weapons Refresher,2024-11-15,2024-11-20,37.1
P00405-TR06,P00405,Weapons Refresher,2024-10-03,2024-10-04,8.6
P00406-TR01,P00406,Counter-IED Awareness,2025-07-30,2025-07-31,7.2
P00406-TR02,P00406,Jungle Warfare Refresher,2024-09-23,2024-09-25,19.9
P00406-TR03,P00406,Stress Management Workshop,2025-09-21,2025-09-25,36.8
P00406-TR04,P00406,Weapons Refresher,2025-06-16,2025-06-20,30.4
P00406-TR05,P00406,First Response and Trauma Care,2024-12-04,2024-12-07,25.1
P00406-TR06,P00406,Physical Efficiency Test Preparation,2025-10-30,2025-11-02,28.2
P00406-TR07,P00406,Communications and Signals,2025-06-24,2025-06-26,10.8
P00406-TR08,P00406,Physical Efficiency Test Preparation,2026-04-24,2026-04-27,27.0
P00407-TR01,P00407,Crowd Management,2025-09-16,2025-09-18,18.7
P00407-TR02,P00407,Stress Management Workshop,2025-12-12,2025-12-14,13.9
P00407-TR03,P00407,First Response and Trauma Care,2025-07-14,2025-07-17,19.6
P00407-TR04,P00407,First Response and Trauma Care,2026-04-07,2026-04-10,22.4
P00407-TR05,P00407,Crowd Management,2026-04-27,2026-04-29,14.0
P00407-TR06,P00407,Physical Efficiency Test Preparation,2026-08-11,2026-08-13,14.5
P00407-TR07,P00407,Stress Management Workshop,2026-01-13,2026-01-15,18.7
P00407-TR08,P00407,Counter-IED Awareness,2026-06-28,2026-06-29,4.0
P00407-TR09,P00407,First Response and Trauma Care,2024-09-22,2024-09-25,22.9
P00407-TR10,P00407,Jungle Warfare Refresher,2024-10-27,2024-10-30,17.4
P00407-TR11,P00407,Stress Management Workshop,2025-06-29,2025-07-02,27.3
P00407-TR12,P00407,Physical Efficiency Test Preparation,2025-03-27,2025-03-28,7.8
P00408-TR01,P00408,Jungle Warfare Refresher,2025-01-29,2025-02-01,20.5
P00408-TR02,P00408,Weapons Refresher,2026-04-09,2026-04-11,18.5
P00408-TR03,P00408,First Response and Trauma Care,2025-11-22,2025-11-24,18.2
P00408-TR04,P00408,Crowd Management,2024-12-28,2025-01-01,38.2
P00408-TR05,P00408,First Response and Trauma Care,2026-05-08,2026-05-10,17.4
P00408-TR06,P00408,Jungle Warfare Refresher,2026-05-19,2026-05-24,39.7
P00408-TR07,P00408,Counter-IED Awareness,2026-01-04,2026-01-11,54.1
P00409-TR01,P00409,First Response and Trauma Care,2025-05-04,2025-05-05,12.2
P00409-TR02,P00409,First Response and Trauma Care,2025-05-08,2025-05-09,10.3
P00409-TR03,P00409,Jungle Warfare Refresher,2025-12-25,2025-12-26,4.0
P00409-TR04,P00409,Communications and Signals,2024-09-02,2024-09-05,24.1
P00409-TR05,P00409,First Response and Trauma Care,2025-06-27,2025-07-01,30.3
P00409-TR06,P00409,Stress Management Workshop,2026-06-05,2026-06-07,23.4
P00409-TR07,P00409,Counter-IED Awareness,2025-08-20,2025-08-21,7.9
P00410-TR01,P00410,Weapons Refresher,2026-07-16,2026-07-18,19.4
P00410-TR02,P00410,Counter-IED Awareness,2026-01-25,2026-01-26,11.7
P00410-TR03,P00410,Crowd Management,2025-12-30,2026-01-02,28.1
P00410-TR04,P00410,Jungle Warfare Refresher,2025-07-06,2025-07-08,15.7
P00410-TR05,P00410,Physical Efficiency Test Preparation,2025-12-15,2025-12-16,4.2
P00410-TR06,P00410,Jungle Warfare Refresher,2024-09-19,2024-09-23,26.2
P00410-TR07,P00410,Crowd Management,2025-05-16,2025-05-17,5.6
P00410-TR08,P00410,Counter-IED Awareness,2025-06-17,2025-06-23,48.0
P00410-TR09,P00410,Counter-IED Awareness,2025-09-17,2025-09-19,19.4
P00410-TR10,P00410,Jungle Warfare Refresher,2025-08-30,2025-09-01,11.9
P00410-TR11,P00410,Crowd Management,2025-08-07,2025-08-10,23.0
P00411-TR01,P00411,Stress Management Workshop,2026-08-16,2026-08-17,8.5
P00411-TR02,P00411,Counter-IED Awareness,2025-04-07,2025-04-10,26.6
P00411-TR03,P00411,Physical Efficiency Test Preparation,2025-06-03,2025-06-07,31.8
P00411-TR04,P00411,Communications and Signals,2025-11-17,2025-11-20,27.7
P00411-TR05,P00411,Crowd Management,2026-08-19,2026-08-22,23.0
P00411-TR06,P00411,Counter-IED Awareness,2025-10-06,2025-10-09,29.9
P00411-TR07,P00411,Jungle Warfare Refresher,2026-05-15,2026-05-16,8.4
P00411-TR08,P00411,Crowd Management,2025-05-17,2025-05-23,49.8
P00411-TR09,P00411,Jungle Warfare Refresher,2026-05-09,2026-05-11,15.9
P00411-TR10,P00411,Communications and Signals,2025-07-15,2025-07-20,43.2
P00412-TR01,P00412,Crowd Management,2026-04-23,2026-04-28,38.8
P00412-TR02,P00412,Weapons Refresher,2025-03-27,2025-03-28,13.4
P00412-TR03,P00412,Jungle Warfare Refresher,2025-05-03,2025-05-06,21.6
P00412-TR04,P00412,Counter-IED Awareness,2025-07-20,2025-07-21,11.2
P00412-TR05,P00412,Weapons Refresher,2025-09-21,2025-09-25,26.1
P00412-TR06,P00412,Counter-IED Awareness,2025-05-07,2025-05-10,22.9
P00412-TR07,P00412,Weapons Refresher,2024-11-25,2024-11-28,24.7
P00412-TR08,P00412,First Response and Trauma Care,2025-04-07,2025-04-11,28.4
P00412-TR09,P00412,Crowd Management,2026-01-26,2026-01-29,17.8
P00412-TR10,P00412,Crowd Management,2026-06-10,2026-06-15,43.3
P00412-TR11,P00412,Communications and Signals,2026-07-22,2026-07-23,15.1
P00412-TR12,P00412,Communications and Signals,2026-02-19,2026-02-23,29.8
P00412-TR13,P00412,Crowd Management,2026-06-02,2026-06-06,32.5
P00412-TR14,P00412,Crowd Management,2025-05-29,2025-05-31,15.9
P00413-TR01,P00413,Weapons Refresher,2026-08-18,2026-08-23,36.8
P00413-TR02,P00413,Stress Management Workshop,2025-02-01,2025-02-04,19.0
P00413-TR03,P00413,Jungle Warfare Refresher,2025-03-07,2025-03-12,39.8
P00413-TR04,P00413,Communications and Signals,2026-05-13,2026-05-19,50.5
P00413-TR05,P00413,Physical Efficiency Test Preparation,2025-05-21,2025-05-23,12.2
P00413-TR06,P00413,First Response and Trauma Care,2026-05-18,2026-05-22,25.1
P00413-TR07,P00413,Crowd Management,2025-04-04,2025-04-06,23.0
P00413-TR08,P00413,Jungle Warfare Refresher,2025-09-01,2025-09-03,21.7
P00413-TR09,P00413,Weapons Refresher,2024-11-30,2024-12-04,32.0
P00413-TR10,P00413,Counter-IED Awareness,2026-05-13,2026-05-15,20.5
P00414-TR01,P00414,Counter-IED Awareness,2026-06-11,2026-06-12,7.1
P00414-TR02,P00414,First Response and Trauma Care,2025-05-09,2025-05-12,19.3
P00414-TR03,P00414,Crowd Management,2024-12-27,2025-01-01,38.8
P00414-TR04,P00414,Communications and Signals,2026-05-05,2026-05-06,14.6
P00414-TR05,P00414,Weapons Refresher,2025-08-28,2025-09-03,48.5
P00414-TR06,P00414,Counter-IED Awareness,2026-04-25,2026-04-27,17.7
P00414-TR07,P00414,Counter-IED Awareness,2025-09-14,2025-09-17,22.8
P00414-TR08,P00414,Counter-IED Awareness,2025-12-23,2025-12-29,45.6
P00414-TR09,P00414,Communications and Signals,2025-08-28,2025-08-30,15.7
P00414-TR10,P00414,Counter-IED Awareness,2026-05-25,2026-05-26,12.0
P00414-TR11,P00414,Counter-IED Awareness,2025-09-12,2025-09-15,22.6
P00414-TR12,P00414,Counter-IED Awareness,2026-03-10,2026-03-14,37.1
P00415-TR01,P00415,Counter-IED Awareness,2026-04-24,2026-04-26,8.3
P00415-TR02,P00415,Counter-IED Awareness,2025-09-10,2025-09-16,48.5
P00415-TR03,P00415,First Response and Trauma Care,2025-10-10,2025-10-11,8.3
P00415-TR04,P00415,Physical Efficiency Test Preparation,2024-11-08,2024-11-13,41.3
P00415-TR05,P00415,Physical Efficiency Test Preparation,2024-12-16,2024-12-20,28.6
P00415-TR06,P00415,Jungle Warfare Refresher,2026-05-04,2026-05-07,18.8
P00415-TR07,P00415,Stress Management Workshop,2024-11-02,2024-11-05,21.7
P00415-TR08,P00415,Stress Management Workshop,2026-02-22,2026-02-26,33.3
P00415-TR09,P00415,Jungle Warfare Refresher,2025-04-14,2025-04-18,34.4
P00415-TR10,P00415,Crowd Management,2025-07-16,2025-07-17,8.3
P00415-TR11,P00415,Stress Management Workshop,2026-06-06,2026-06-08,18.9
P00415-TR12,P00415,Physical Efficiency Test Preparation,2025-04-11,2025-04-17,41.9
P00415-TR13,P00415,Stress Management Workshop,2026-03-22,2026-03-24,15.2
P00415-TR14,P00415,Crowd Management,2025-11-21,2025-11-25,29.6
P00415-TR15,P00415,First Response and Trauma Care,2026-05-07,2026-05-08,5.0
P00416-TR01,P00416,First Response and Trauma Care,2025-06-21,2025-06-25,35.6
P00416-TR02,P00416,Jungle Warfare Refresher,2026-03-10,2026-03-14,30.5
P00416-TR03,P00416,Physical Efficiency Test Preparation,2025-10-14,2025-10-15,4.0
P00416-TR04,P00416,Jungle Warfare Refresher,2025-12-10,2025-12-12,16.7
P00417-TR01,P00417,Communications and Signals,2026-04-02,2026-04-05,21.2
P00417-TR02,P00417,Communications and Signals,2026-07-16,2026-07-18,16.6
P00417-TR03,P00417,Crowd Management,2025-10-17,2025-10-21,28.8
P00417-TR04,P00417,Jungle Warfare Refresher,2024-11-14,2024-11-17,22.2
P00417-TR05,P00417,Weapons Refresher,2025-03-15,2025-03-18,24.0
P00417-TR06,P00417,Counter-IED Awareness,2026-05-25,2026-05-28,21.9
P00417-TR07,P00417,Counter-IED Awareness,2025-02-05,2025-02-06,6.0
P00417-TR08,P00417,Stress Management Workshop,2026-06-08,2026-06-12,34.2
P00417-TR09,P00417,Physical Efficiency Test Preparation,2025-11-21,2025-11-23,21.1
P00417-TR10,P00417,Stress Management Workshop,2026-02-08,2026-02-14,45.1
P00417-TR11,P00417,Communications and Signals,2024-12-01,2024-12-02,5.7
P00418-TR01,P00418,Physical Efficiency Test Preparation,2026-05-08,2026-05-11,29.8
P00418-TR02,P00418,First Response and Trauma Care,2025-01-05,2025-01-08,17.8
P00418-TR03,P00418,Communications and Signals,2025-10-17,2025-10-18,5.8
P00418-TR04,P00418,Crowd Management,2025-12-13,2025-12-15,16.5
P00418-TR05,P00418,Stress Management Workshop,2026-06-03,2026-06-04,4.0
P00418-TR06,P00418,Physical Efficiency Test Preparation,2025-10-08,2025-10-14,49.5
P00418-TR07,P00418,Stress Management Workshop,2026-07-21,2026-07-24,22.9
P00418-TR08,P00418,Counter-IED Awareness,2025-02-13,2025-02-16,26.8
P00419-TR01,P00419,Physical Efficiency Test Preparation,2026-04-17,2026-04-22,41.0
P00419-TR02,P00419,Stress Management Workshop,2026-06-26,2026-07-02,47.5
P00419-TR03,P00419,Communications and Signals,2025-06-26,2025-06-28,19.0
P00419-TR04,P00419,Counter-IED Awareness,2025-03-19,2025-03-23,27.0
P00419-TR05,P00419,Communications and Signals,2025-03-31,2025-04-02,16.4
P00419-TR06,P00419,Weapons Refresher,2025-03-28,2025-03-30,17.2
P00419-TR07,P00419,Weapons Refresher,2025-01-11,2025-01-15,28.5
P00419-TR08,P00419,Weapons Refresher,2025-06-30,2025-07-03,21.7
P00419-TR09,P00419,Stress Management Workshop,2026-06-28,2026-07-06,60.0
P00419-TR10,P00419,First Response and Trauma Care,2025-10-31,2025-11-02,16.4
P00419-TR11,P00419,Physical Efficiency Test Preparation,2024-11-16,2024-11-18,14.3
P00419-TR12,P00419,Jungle Warfare Refresher,2025-05-10,2025-05-11,6.8
P00419-TR13,P00419,Physical Efficiency Test Preparation,2024-10-16,2024-10-20,32.4
P00420-TR01,P00420,First Response and Trauma Care,2025-10-12,2025-10-14,19.0
P00420-TR02,P00420,First Response and Trauma Care,2026-06-23,2026-06-24,9.2
P00420-TR03,P00420,Counter-IED Awareness,2025-11-04,2025-11-07,19.9
P00420-TR04,P00420,Counter-IED Awareness,2025-11-19,2025-11-25,44.7
P00420-TR05,P00420,Weapons Refresher,2026-04-12,2026-04-14,15.7
P00420-TR06,P00420,First Response and Trauma Care,2026-07-10,2026-07-12,11.5
P00420-TR07,P00420,Physical Efficiency Test Preparation,2025-03-11,2025-03-16,41.1
P00420-TR08,P00420,Physical Efficiency Test Preparation,2025-04-11,2025-04-13,17.9
P00420-TR09,P00420,Stress Management Workshop,2025-05-20,2025-05-22,13.7
P00420-TR10,P00420,First Response and Trauma Care,2025-07-15,2025-07-17,19.4
P00420-TR11,P00420,Communications and Signals,2025-05-07,2025-05-08,9.2
P00420-TR12,P00420,First Response and Trauma Care,2026-02-20,2026-02-24,28.2
P00420-TR13,P00420,Stress Management Workshop,2025-02-10,2025-02-13,20.1
P00420-TR14,P00420,Stress Management Workshop,2025-12-03,2025-12-04,9.5
P00420-TR15,P00420,Communications and Signals,2026-08-18,2026-08-23,46.2
P00420-TR16,P00420,Communications and Signals,2026-05-31,2026-06-02,16.4
P00420-TR17,P00420,Communications and Signals,2025-02-08,2025-02-09,11.4
P00420-TR18,P00420,Weapons Refresher,2025-03-19,2025-03-20,10.6
P00420-TR19,P00420,First Response and Trauma Care,2025-02-14,2025-02-20,53.9
P00420-TR20,P00420,Physical Efficiency Test Preparation,2025-01-28,2025-02-01,29.5
P00421-TR01,P00421,Weapons Refresher,2025-06-23,2025-06-25,16.0
P00421-TR02,P00421,Counter-IED Awareness,2024-10-05,2024-10-09,32.1
P00421-TR03,P00421,Jungle Warfare Refresher,2024-11-24,2024-11-26,17.2
P00421-TR04,P00421,Stress Management Workshop,2025-03-18,2025-03-22,32.8
P00421-TR05,P00421,Stress Management Workshop,2026-02-17,2026-02-24,56.4
P00421-TR06,P00421,First Response and Trauma Care,2025-08-29,2025-09-01,26.0
P00421-TR07,P00421,Crowd Management,2024-12-13,2024-12-14,6.3
P00421-TR08,P00421,First Response and Trauma Care,2025-09-03,2025-09-04,8.3
P00422-TR01,P00422,Physical Efficiency Test Preparation,2026-06-28,2026-07-02,28.0
P00422-TR02,P00422,First Response and Trauma Care,2026-02-28,2026-03-05,38.1
P00422-TR03,P00422,Crowd Management,2025-02-27,2025-03-01,18.3
P00422-TR04,P00422,Counter-IED Awareness,2026-08-22,2026-08-27,46.0
P00422-TR05,P00422,Weapons Refresher,2026-04-20,2026-04-21,5.8
P00422-TR06,P00422,Crowd Management,2025-11-25,2025-11-29,30.8
P00422-TR07,P00422,First Response and Trauma Care,2025-04-21,2025-04-23,15.7
P00422-TR08,P00422,Jungle Warfare Refresher,2025-05-11,2025-05-15,31.9
P00422-TR09,P00422,Communications and Signals,2026-08-17,2026-08-18,4.4
P00423-TR01,P00423,Stress Management Workshop,2026-05-31,2026-06-05,40.5
P00423-TR02,P00423,Crowd Management,2025-05-17,2025-05-20,24.7
P00423-TR03,P00423,Jungle Warfare Refresher,2025-10-22,2025-10-23,5.7
P00423-TR04,P00423,Physical Efficiency Test Preparation,2026-04-16,2026-04-20,32.7
P00423-TR05,P00423,Physical Efficiency Test Preparation,2026-03-06,2026-03-08,11.9
P00423-TR06,P00423,Communications and Signals,2025-07-06,2025-07-09,25.4
P00423-TR07,P00423,Counter-IED Awareness,2024-10-31,2024-11-02,22.9
P00424-TR01,P00424,First Response and Trauma Care,2026-04-23,2026-04-25,18.0
P00424-TR02,P00424,First Response and Trauma Care,2025-08-18,2025-08-21,24.6
P00424-TR03,P00424,Weapons Refresher,2025-12-07,2025-12-13,50.0
P00424-TR04,P00424,Physical Efficiency Test Preparation,2025-03-13,2025-03-16,27.0
P00424-TR05,P00424,Communications and Signals,2025-04-23,2025-04-27,32.3
P00424-TR06,P00424,Physical Efficiency Test Preparation,2026-01-12,2026-01-14,20.5
P00424-TR07,P00424,Weapons Refresher,2025-12-17,2025-12-18,8.9
P00425-TR01,P00425,Counter-IED Awareness,2025-10-20,2025-10-22,16.9
P00425-TR02,P00425,Jungle Warfare Refresher,2025-06-26,2025-06-27,6.8
P00425-TR03,P00425,Weapons Refresher,2025-11-06,2025-11-08,13.2
P00425-TR04,P00425,Weapons Refresher,2025-06-25,2025-07-02,52.4
P00425-TR05,P00425,Physical Efficiency Test Preparation,2024-09-13,2024-09-21,57.1
P00425-TR06,P00425,Jungle Warfare Refresher,2026-06-24,2026-06-28,27.8
P00425-TR07,P00425,Communications and Signals,2025-04-28,2025-04-30,18.6
P00425-TR08,P00425,Physical Efficiency Test Preparation,2025-10-05,2025-10-08,24.4
P00425-TR09,P00425,Jungle Warfare Refresher,2025-02-24,2025-03-02,52.2
P00425-TR10,P00425,Weapons Refresher,2025-12-26,2025-12-29,23.1
P00425-TR11,P00425,Stress Management Workshop,2025-01-11,2025-01-17,45.9
P00425-TR12,P00425,Physical Efficiency Test Preparation,2026-04-13,2026-04-14,9.4
P00425-TR13,P00425,Crowd Management,2025-03-01,2025-03-03,12.5
P00425-TR14,P00425,Counter-IED Awareness,2025-10-15,2025-10-17,13.6
P00426-TR01,P00426,Jungle Warfare Refresher,2026-02-24,2026-03-01,36.1
P00426-TR02,P00426,Physical Efficiency Test Preparation,2025-08-08,2025-08-12,25.9
P00426-TR03,P00426,Physical Efficiency Test Preparation,2026-01-26,2026-01-28,11.3
P00426-TR04,P00426,Weapons Refresher,2025-04-29,2025-05-04,41.7
P00426-TR05,P00426,Physical Efficiency Test Preparation,2024-09-16,2024-09-19,19.7
P00426-TR06,P00426,Crowd Management,2024-10-05,2024-10-07,12.1
P00426-TR07,P00426,Physical Efficiency Test Preparation,2026-08-18,2026-08-20,20.5
P00426-TR08,P00426,Communications and Signals,2025-02-15,2025-02-16,12.8
P00426-TR09,P00426,First Response and Trauma Care,2024-10-09,2024-10-10,8.6
P00426-TR10,P00426,Physical Efficiency Test Preparation,2024-12-03,2024-12-05,14.9
P00427-TR01,P00427,Counter-IED Awareness,2026-01-04,2026-01-09,43.4
P00427-TR02,P00427,Crowd Management,2026-08-19,2026-08-21,19.0
P00428-TR01,P00428,Physical Efficiency Test Preparation,2026-01-04,2026-01-07,20.9
P00428-TR02,P00428,Weapons Refresher,2024-11-21,2024-11-23,19.4
P00428-TR03,P00428,Weapons Refresher,2026-02-14,2026-02-16,17.2
P00428-TR04,P00428,First Response and Trauma Care,2026-04-12,2026-04-13,6.6
P00428-TR05,P00428,Communications and Signals,2025-08-25,2025-08-27,15.9
P00428-TR06,P00428,Communications and Signals,2025-12-05,2025-12-07,16.8
P00428-TR07,P00428,Communications and Signals,2026-08-08,2026-08-10,14.0
P00428-TR08,P00428,Crowd Management,2025-01-23,2025-01-25,22.8
P00428-TR09,P00428,First Response and Trauma Care,2026-06-01,2026-06-03,12.2
P00428-TR10,P00428,Counter-IED Awareness,2025-05-04,2025-05-06,10.8
P00428-TR11,P00428,Crowd Management,2025-02-17,2025-02-19,19.4
P00428-TR12,P00428,Crowd Management,2026-07-28,2026-08-03,44.8
P00428-TR13,P00428,Counter-IED Awareness,2026-07-08,2026-07-09,8.7
P00428-TR14,P00428,Weapons Refresher,2024-12-01,2024-12-07,47.5
P00428-TR15,P00428,Weapons Refresher,2026-01-29,2026-01-31,14.7
P00428-TR16,P00428,Crowd Management,2024-09-23,2024-09-24,11.6
P00428-TR17,P00428,Stress Management Workshop,2025-01-02,2025-01-05,23.8
P00428-TR18,P00428,First Response and Trauma Care,2025-03-26,2025-03-29,23.2
P00429-TR01,P00429,Jungle Warfare Refresher,2025-05-22,2025-05-25,24.4
P00429-TR02,P00429,First Response and Trauma Care,2026-03-02,2026-03-04,17.4
P00429-TR03,P00429,Crowd Management,2025-10-29,2025-10-31,19.7
P00429-TR04,P00429,Crowd Management,2025-11-14,2025-11-15,12.7
P00429-TR05,P00429,Counter-IED Awareness,2025-04-07,2025-04-14,56.2
P00429-TR06,P00429,Weapons Refresher,2026-07-11,2026-07-14,20.6
P00429-TR07,P00429,Weapons Refresher,2024-12-30,2025-01-04,35.3
P00429-TR08,P00429,Weapons Refresher,2025-04-07,2025-04-11,32.4
P00429-TR09,P00429,Communications and Signals,2025-04-30,2025-05-02,10.6
P00429-TR10,P00429,Weapons Refresher,2026-06-04,2026-06-07,23.5
P00429-TR11,P00429,Counter-IED Awareness,2024-10-16,2024-10-17,10.3
P00429-TR12,P00429,Stress Management Workshop,2025-01-12,2025-01-13,11.1
P00429-TR13,P00429,Counter-IED Awareness,2024-11-19,2024-11-20,6.9
P00429-TR14,P00429,First Response and Trauma Care,2025-10-24,2025-10-27,25.2
P00429-TR15,P00429,Crowd Management,2025-11-14,2025-11-15,8.0
P00429-TR16,P00429,Jungle Warfare Refresher,2025-09-23,2025-09-25,18.8
P00429-TR17,P00429,Stress Management Workshop,2025-03-28,2025-04-01,26.1
P00429-TR18,P00429,Jungle Warfare Refresher,2025-05-20,2025-05-22,17.9
P00429-TR19,P00429,Stress Management Workshop,2026-01-31,2026-02-04,38.5
P00429-TR20,P00429,Physical Efficiency Test Preparation,2025-09-06,2025-09-09,23.1
P00429-TR21,P00429,Physical Efficiency Test Preparation,2024-11-09,2024-11-13,26.9
P00430-TR01,P00430,Physical Efficiency Test Preparation,2026-05-01,2026-05-05,25.3
P00430-TR02,P00430,Physical Efficiency Test Preparation,2024-10-18,2024-10-24,47.6
P00430-TR03,P00430,Crowd Management,2025-11-29,2025-11-30,7.1
P00430-TR04,P00430,Communications and Signals,2025-10-06,2025-10-11,41.9
P00430-TR05,P00430,Weapons Refresher,2024-11-28,2024-11-30,14.5
P00430-TR06,P00430,Jungle Warfare Refresher,2025-12-27,2025-12-29,18.7
P00430-TR07,P00430,Communications and Signals,2025-05-26,2025-05-28,12.0
P00430-TR08,P00430,Weapons Refresher,2026-02-27,2026-03-05,43.4
P00430-TR09,P00430,Stress Management Workshop,2026-06-20,2026-06-22,18.0
P00430-TR10,P00430,Counter-IED Awareness,2025-04-29,2025-04-30,5.5
P00431-TR01,P00431,First Response and Trauma Care,2025-12-26,2025-12-27,9.3
P00431-TR02,P00431,Jungle Warfare Refresher,2024-09-28,2024-09-29,12.3
P00431-TR03,P00431,First Response and Trauma Care,2026-08-05,2026-08-12,52.5
P00431-TR04,P00431,Jungle Warfare Refresher,2025-09-28,2025-10-01,16.7
P00431-TR05,P00431,Weapons Refresher,2026-08-03,2026-08-06,27.6
P00431-TR06,P00431,Crowd Management,2025-05-17,2025-05-19,15.7
P00431-TR07,P00431,Physical Efficiency Test Preparation,2025-05-19,2025-05-21,21.6
P00431-TR08,P00431,Counter-IED Awareness,2025-05-04,2025-05-06,19.4
P00431-TR09,P00431,Jungle Warfare Refresher,2025-05-26,2025-05-27,5.5
P00431-TR10,P00431,Crowd Management,2026-04-13,2026-04-14,7.9
P00431-TR11,P00431,Crowd Management,2025-09-15,2025-09-17,17.2
P00431-TR12,P00431,Crowd Management,2026-02-22,2026-02-24,17.5
P00431-TR13,P00431,Communications and Signals,2024-09-03,2024-09-06,20.2
P00431-TR14,P00431,Crowd Management,2026-04-09,2026-04-11,17.1
P00432-TR01,P00432,Jungle Warfare Refresher,2026-02-05,2026-02-10,37.1
P00432-TR02,P00432,Physical Efficiency Test Preparation,2026-07-28,2026-07-30,17.9
P00432-TR03,P00432,Counter-IED Awareness,2026-02-26,2026-02-28,15.1
P00432-TR04,P00432,Communications and Signals,2026-01-10,2026-01-14,31.8
P00432-TR05,P00432,Crowd Management,2025-01-14,2025-01-16,19.0
P00432-TR06,P00432,Weapons Refresher,2025-03-14,2025-03-20,48.8
P00433-TR01,P00433,First Response and Trauma Care,2024-12-02,2024-12-04,18.1
P00433-TR02,P00433,Physical Efficiency Test Preparation,2025-12-15,2025-12-19,28.5
P00433-TR03,P00433,Weapons Refresher,2026-05-23,2026-05-26,24.3
P00433-TR04,P00433,Stress Management Workshop,2026-07-27,2026-07-28,7.2
P00433-TR05,P00433,Physical Efficiency Test Preparation,2026-02-21,2026-02-22,4.3
P00433-TR06,P00433,Communications and Signals,2025-02-05,2025-02-08,24.9
P00433-TR07,P00433,Weapons Refresher,2025-01-13,2025-01-14,7.7
P00433-TR08,P00433,Jungle Warfare Refresher,2025-07-17,2025-07-20,27.5
P00433-TR09,P00433,Crowd Management,2025-02-14,2025-02-16,16.4
P00433-TR10,P00433,Communications and Signals,2024-12-15,2024-12-23,60.0
P00433-TR11,P00433,Jungle Warfare Refresher,2026-01-20,2026-01-24,33.2
P00433-TR12,P00433,Crowd Management,2025-04-14,2025-04-15,15.3
P00433-TR13,P00433,Crowd Management,2025-09-15,2025-09-16,11.5
P00433-TR14,P00433,Counter-IED Awareness,2025-09-11,2025-09-14,21.1
P00433-TR15,P00433,Weapons Refresher,2026-01-30,2026-01-31,4.9
P00433-TR16,P00433,Physical Efficiency Test Preparation,2025-09-10,2025-09-12,12.3
P00433-TR17,P00433,Stress Management Workshop,2025-12-15,2025-12-22,56.3
P00434-TR01,P00434,First Response and Trauma Care,2026-07-11,2026-07-15,35.4
P00434-TR02,P00434,Communications and Signals,2026-03-05,2026-03-07,10.2
P00434-TR03,P00434,Physical Efficiency Test Preparation,2026-05-13,2026-05-16,25.6
P00434-TR04,P00434,Crowd Management,2025-10-06,2025-10-11,37.5
P00434-TR05,P00434,Weapons Refresher,2024-10-28,2024-10-31,26.6
P00434-TR06,P00434,Counter-IED Awareness,2026-02-04,2026-02-07,19.8
P00434-TR07,P00434,Crowd Management,2025-09-28,2025-10-02,28.9
P00434-TR08,P00434,Physical Efficiency Test Preparation,2025-05-08,2025-05-10,16.5
P00434-TR09,P00434,Jungle Warfare Refresher,2024-09-12,2024-09-16,33.0
P00434-TR10,P00434,Jungle Warfare Refresher,2025-12-01,2025-12-02,14.9
P00434-TR11,P00434,Crowd Management,2025-02-16,2025-02-19,22.3
P00434-TR12,P00434,Jungle Warfare Refresher,2026-04-18,2026-04-20,10.8
P00434-TR13,P00434,Physical Efficiency Test Preparation,2024-09-10,2024-09-11,13.3
P00434-TR14,P00434,Physical Efficiency Test Preparation,2026-06-20,2026-06-23,25.3
P00435-TR01,P00435,Physical Efficiency Test Preparation,2025-01-07,2025-01-10,24.8
P00435-TR02,P00435,Counter-IED Awareness,2024-10-24,2024-10-26,16.0
P00435-TR03,P00435,Weapons Refresher,2025-11-22,2025-11-26,27.2
P00435-TR04,P00435,Stress Management Workshop,2026-01-11,2026-01-13,14.9
P00435-TR05,P00435,Stress Management Workshop,2025-08-29,2025-08-30,15.0
P00435-TR06,P00435,Jungle Warfare Refresher,2025-04-28,2025-04-30,14.8
P00435-TR07,P00435,Counter-IED Awareness,2025-11-02,2025-11-06,32.2
P00435-TR08,P00435,Weapons Refresher,2025-02-02,2025-02-03,8.4
P00435-TR09,P00435,Physical Efficiency Test Preparation,2026-02-11,2026-02-15,31.0
P00435-TR10,P00435,Crowd Management,2025-05-16,2025-05-17,7.6
P00435-TR11,P00435,Crowd Management,2024-10-19,2024-10-20,4.0
P00435-TR12,P00435,Counter-IED Awareness,2025-07-10,2025-07-14,39.2
P00435-TR13,P00435,Stress Management Workshop,2026-07-02,2026-07-04,16.8
P00435-TR14,P00435,First Response and Trauma Care,2026-02-13,2026-02-14,8.6
P00435-TR15,P00435,Stress Management Workshop,2025-01-30,2025-01-31,10.5
P00435-TR16,P00435,Crowd Management,2024-11-16,2024-11-17,11.9
P00435-TR17,P00435,Crowd Management,2025-08-26,2025-08-28,16.6
P00436-TR01,P00436,First Response and Trauma Care,2025-12-08,2025-12-14,43.3
P00436-TR02,P00436,Counter-IED Awareness,2026-06-29,2026-07-04,36.7
P00436-TR03,P00436,Stress Management Workshop,2024-10-08,2024-10-11,25.1
P00436-TR04,P00436,Stress Management Workshop,2025-10-25,2025-10-27,18.8
P00437-TR01,P00437,Jungle Warfare Refresher,2024-12-23,2024-12-26,27.1
P00437-TR02,P00437,Physical Efficiency Test Preparation,2026-01-25,2026-01-27,21.0
P00437-TR03,P00437,Weapons Refresher,2025-11-10,2025-11-12,19.7
P00437-TR04,P00437,Counter-IED Awareness,2026-01-21,2026-01-24,21.4
P00437-TR05,P00437,Counter-IED Awareness,2026-04-11,2026-04-13,21.4
P00437-TR06,P00437,Jungle Warfare Refresher,2025-01-24,2025-01-27,23.6
P00437-TR07,P00437,First Response and Trauma Care,2026-02-24,2026-02-27,27.1
P00438-TR01,P00438,Crowd Management,2025-09-04,2025-09-05,12.0
P00438-TR02,P00438,Counter-IED Awareness,2026-06-23,2026-06-25,13.3
P00438-TR03,P00438,Physical Efficiency Test Preparation,2025-07-07,2025-07-10,24.6
P00438-TR04,P00438,Jungle Warfare Refresher,2026-07-31,2026-08-03,23.5
P00438-TR05,P00438,Weapons Refresher,2024-11-30,2024-12-06,54.2
P00438-TR06,P00438,Weapons Refresher,2026-05-14,2026-05-19,43.2
P00438-TR07,P00438,Physical Efficiency Test Preparation,2026-05-23,2026-05-30,60.0
P00438-TR08,P00438,Weapons Refresher,2026-02-16,2026-02-18,16.7
P00438-TR09,P00438,Jungle Warfare Refresher,2025-06-26,2025-06-30,32.3
P00438-TR10,P00438,Stress Management Workshop,2025-12-08,2025-12-11,26.6
P00438-TR11,P00438,Weapons Refresher,2025-01-13,2025-01-17,29.6
P00438-TR12,P00438,Counter-IED Awareness,2026-04-07,2026-04-08,13.0
P00438-TR13,P00438,Counter-IED Awareness,2025-05-30,2025-06-01,14.6
P00438-TR14,P00438,First Response and Trauma Care,2025-08-27,2025-08-31,28.0
P00438-TR15,P00438,Stress Management Workshop,2026-02-15,2026-02-16,10.3
P00438-TR16,P00438,Crowd Management,2025-04-24,2025-04-27,26.2
P00439-TR01,P00439,Stress Management Workshop,2026-07-09,2026-07-12,22.5
P00440-TR01,P00440,Counter-IED Awareness,2026-05-10,2026-05-11,6.3
P00440-TR02,P00440,Physical Efficiency Test Preparation,2025-02-22,2025-02-24,15.4
P00440-TR03,P00440,Stress Management Workshop,2026-01-27,2026-01-29,21.6
P00440-TR04,P00440,First Response and Trauma Care,2025-05-03,2025-05-05,16.0
P00440-TR05,P00440,Stress Management Workshop,2025-07-23,2025-07-27,36.9
P00440-TR06,P00440,First Response and Trauma Care,2026-06-23,2026-06-27,32.4
P00440-TR07,P00440,Stress Management Workshop,2026-05-11,2026-05-15,28.7
P00440-TR08,P00440,Counter-IED Awareness,2026-05-15,2026-05-16,9.1
P00440-TR09,P00440,Counter-IED Awareness,2024-12-08,2024-12-16,59.8
P00440-TR10,P00440,Stress Management Workshop,2024-10-24,2024-10-27,22.3
P00441-TR01,P00441,Jungle Warfare Refresher,2025-01-28,2025-01-30,18.0
P00441-TR02,P00441,Counter-IED Awareness,2026-04-27,2026-04-30,20.6
P00441-TR03,P00441,Weapons Refresher,2025-01-04,2025-01-06,13.8
P00441-TR04,P00441,First Response and Trauma Care,2026-04-30,2026-05-02,15.0
P00441-TR05,P00441,Stress Management Workshop,2026-01-10,2026-01-13,24.5
P00441-TR06,P00441,Counter-IED Awareness,2025-03-01,2025-03-02,11.4
P00441-TR07,P00441,First Response and Trauma Care,2025-11-09,2025-11-10,12.2
P00441-TR08,P00441,Stress Management Workshop,2026-08-08,2026-08-09,5.3
P00441-TR09,P00441,Weapons Refresher,2026-03-10,2026-03-11,9.6
P00441-TR10,P00441,Jungle Warfare Refresher,2025-08-22,2025-08-23,12.9
P00441-TR11,P00441,Counter-IED Awareness,2026-04-07,2026-04-11,39.1
P00441-TR12,P00441,Weapons Refresher,2025-08-28,2025-09-01,28.3
P00441-TR13,P00441,Crowd Management,2026-08-26,2026-08-27,12.8
P00441-TR14,P00441,Counter-IED Awareness,2024-09-09,2024-09-10,8.5
P00441-TR15,P00441,Stress Management Workshop,2026-05-18,2026-05-20,15.5
P00441-TR16,P00441,Jungle Warfare Refresher,2025-08-19,2025-08-20,10.1
P00441-TR17,P00441,Weapons Refresher,2025-06-01,2025-06-03,11.4
P00441-TR18,P00441,Counter-IED Awareness,2025-09-20,2025-09-21,8.2
P00441-TR19,P00441,Counter-IED Awareness,2024-10-06,2024-10-13,54.5
P00441-TR20,P00441,Stress Management Workshop,2025-02-23,2025-02-25,11.1
P00441-TR21,P00441,Communications and Signals,2024-12-31,2025-01-03,27.3
P00441-TR22,P00441,Physical Efficiency Test Preparation,2026-01-12,2026-01-15,24.0
P00441-TR23,P00441,Jungle Warfare Refresher,2025-05-18,2025-05-19,8.8
P00441-TR24,P00441,Weapons Refresher,2024-09-22,2024-09-26,32.2
P00441-TR25,P00441,Stress Management Workshop,2026-03-17,2026-03-20,26.5
P00441-TR26,P00441,Stress Management Workshop,2026-06-02,2026-06-09,53.4
P00441-TR27,P00441,Crowd Management,2025-09-01,2025-09-07,42.2
P00441-TR28,P00441,Weapons Refresher,2025-12-27,2025-12-29,18.5
P00441-TR29,P00441,Counter-IED Awareness,2025-10-22,2025-10-27,36.0
P00441-TR30,P00441,Jungle Warfare Refresher,2026-08-30,2026-09-01,17.9
P00441-TR31,P00441,Jungle Warfare Refresher,2025-03-04,2025-03-06,13.8
P00441-TR32,P00441,Crowd Management,2025-12-31,2026-01-01,6.3
P00441-TR33,P00441,Communications and Signals,2024-10-29,2024-10-31,20.6
P00441-TR34,P00441,Weapons Refresher,2025-02-25,2025-02-27,18.8
P00441-TR35,P00441,Stress Management Workshop,2024-09-07,2024-09-09,16.9
P00441-TR36,P00441,Weapons Refresher,2025-03-27,2025-04-01,40.5
P00441-TR37,P00441,Physical Efficiency Test Preparation,2026-01-14,2026-01-16,15.1
P00441-TR38,P00441,Stress Management Workshop,2026-05-20,2026-05-23,22.2
P00441-TR39,P00441,Communications and Signals,2025-06-26,2025-06-28,10.8
P00441-TR40,P00441,Jungle Warfare Refresher,2026-07-02,2026-07-04,19.4
P00441-TR41,P00441,First Response and Trauma Care,2025-07-09,2025-07-11,18.3
P00441-TR42,P00441,Stress Management Workshop,2025-07-24,2025-07-27,23.8
P00441-TR43,P00441,Communications and Signals,2025-01-03,2025-01-05,16.1
P00442-TR01,P00442,Jungle Warfare Refresher,2025-07-03,2025-07-05,12.4
P00442-TR02,P00442,Counter-IED Awareness,2025-11-09,2025-11-10,9.8
P00442-TR03,P00442,Crowd Management,2026-06-16,2026-06-21,38.4
P00442-TR04,P00442,Communications and Signals,2025-03-31,2025-04-02,10.9
P00442-TR05,P00442,Crowd Management,2025-03-19,2025-03-23,31.8
P00442-TR06,P00442,Crowd Management,2024-12-31,2025-01-02,15.2
P00442-TR07,P00442,Stress Management Workshop,2026-06-23,2026-06-27,29.9
P00442-TR08,P00442,Weapons Refresher,2025-06-14,2025-06-15,7.8
P00442-TR09,P00442,Stress Management Workshop,2025-05-27,2025-05-30,19.7
P00442-TR10,P00442,Communications and Signals,2026-04-02,2026-04-04,14.8
P00442-TR11,P00442,Stress Management Workshop,2025-06-23,2025-06-24,13.9
P00442-TR12,P00442,Stress Management Workshop,2026-06-08,2026-06-15,55.1
P00442-TR13,P00442,Stress Management Workshop,2025-11-05,2025-11-09,36.3
P00442-TR14,P00442,First Response and Trauma Care,2026-05-22,2026-05-25,24.3
P00442-TR15,P00442,Communications and Signals,2026-05-27,2026-05-30,24.8
P00443-TR01,P00443,Crowd Management,2024-10-19,2024-10-22,24.8
P00443-TR02,P00443,Communications and Signals,2026-01-08,2026-01-10,19.0
P00443-TR03,P00443,Counter-IED Awareness,2025-04-16,2025-04-17,8.3
P00443-TR04,P00443,Physical Efficiency Test Preparation,2026-07-11,2026-07-15,32.5
P00443-TR05,P00443,Jungle Warfare Refresher,2024-10-22,2024-10-27,42.4
P00443-TR06,P00443,Crowd Management,2025-09-19,2025-09-21,11.6
P00443-TR07,P00443,Crowd Management,2025-08-16,2025-08-17,8.4
P00443-TR08,P00443,Physical Efficiency Test Preparation,2025-03-04,2025-03-08,38.4
P00443-TR09,P00443,Stress Management Workshop,2025-04-15,2025-04-18,19.9
P00443-TR10,P00443,Physical Efficiency Test Preparation,2025-09-23,2025-09-30,55.2
P00443-TR11,P00443,Crowd Management,2026-02-06,2026-02-08,19.4
P00443-TR12,P00443,Weapons Refresher,2026-03-11,2026-03-13,11.1
P00444-TR01,P00444,Jungle Warfare Refresher,2026-04-07,2026-04-09,8.6
P00444-TR02,P00444,Physical Efficiency Test Preparation,2025-05-14,2025-05-16,13.7
P00444-TR03,P00444,Stress Management Workshop,2025-04-01,2025-04-02,6.6
P00444-TR04,P00444,Communications and Signals,2026-07-02,2026-07-03,4.0
P00444-TR05,P00444,Counter-IED Awareness,2024-10-15,2024-10-17,17.0
P00444-TR06,P00444,Counter-IED Awareness,2024-10-19,2024-10-22,24.4
P00444-TR07,P00444,First Response and Trauma Care,2026-08-20,2026-08-21,8.0
P00444-TR08,P00444,Stress Management Workshop,2025-02-13,2025-02-17,31.0
P00444-TR09,P00444,Crowd Management,2026-05-16,2026-05-18,17.7
P00444-TR10,P00444,Crowd Management,2025-11-14,2025-11-17,26.1
P00444-TR11,P00444,Weapons Refresher,2024-11-18,2024-11-20,16.3
P00444-TR12,P00444,Jungle Warfare Refresher,2025-12-20,2025-12-21,8.1
P00444-TR13,P00444,Physical Efficiency Test Preparation,2025-10-02,2025-10-04,19.1
P00444-TR14,P00444,Communications and Signals,2025-02-12,2025-02-14,13.9
P00444-TR15,P00444,Weapons Refresher,2026-02-25,2026-02-26,5.6
P00444-TR16,P00444,First Response and Trauma Care,2025-09-08,2025-09-10,13.7
P00444-TR17,P00444,Crowd Management,2024-12-14,2024-12-16,18.9
P00444-TR18,P00444,Stress Management Workshop,2026-01-31,2026-02-01,10.2
P00444-TR19,P00444,First Response and Trauma Care,2025-09-05,2025-09-07,19.4
P00444-TR20,P00444,Stress Management Workshop,2025-03-24,2025-03-26,14.0
P00444-TR21,P00444,Communications and Signals,2025-10-25,2025-10-29,33.8
P00444-TR22,P00444,Weapons Refresher,2026-02-28,2026-03-01,9.4
P00445-TR01,P00445,Stress Management Workshop,2026-02-24,2026-02-25,5.6
P00445-TR02,P00445,Physical Efficiency Test Preparation,2025-10-22,2025-10-25,26.3
P00445-TR03,P00445,Communications and Signals,2025-06-30,2025-07-04,27.9
P00445-TR04,P00445,Communications and Signals,2025-08-03,2025-08-06,18.8
P00445-TR05,P00445,Jungle Warfare Refresher,2026-03-03,2026-03-06,30.0
P00445-TR06,P00445,Crowd Management,2026-04-30,2026-05-03,21.0
P00445-TR07,P00445,Weapons Refresher,2025-11-17,2025-11-18,9.8
P00445-TR08,P00445,First Response and Trauma Care,2024-09-09,2024-09-14,39.4
P00445-TR09,P00445,First Response and Trauma Care,2024-10-02,2024-10-05,19.4
P00445-TR10,P00445,Counter-IED Awareness,2025-09-07,2025-09-11,36.0
P00445-TR11,P00445,Physical Efficiency Test Preparation,2024-11-21,2024-11-23,12.0
P00446-TR01,P00446,Physical Efficiency Test Preparation,2026-03-08,2026-03-09,7.8
P00446-TR02,P00446,Counter-IED Awareness,2024-09-22,2024-09-24,15.4
P00446-TR03,P00446,Crowd Management,2025-01-17,2025-01-18,6.7
P00446-TR04,P00446,Jungle Warfare Refresher,2026-01-17,2026-01-18,10.7
P00446-TR05,P00446,Crowd Management,2026-05-13,2026-05-14,13.0
P00446-TR06,P00446,Crowd Management,2025-11-20,2025-11-25,38.4
P00446-TR07,P00446,Weapons Refresher,2026-03-17,2026-03-19,18.7
P00446-TR08,P00446,Weapons Refresher,2025-10-25,2025-10-28,24.5
P00446-TR09,P00446,Physical Efficiency Test Preparation,2025-08-28,2025-09-01,31.5
P00446-TR10,P00446,Communications and Signals,2026-04-06,2026-04-09,22.0
P00446-TR11,P00446,Physical Efficiency Test Preparation,2026-01-09,2026-01-10,9.6
P00446-TR12,P00446,First Response and Trauma Care,2026-06-26,2026-06-27,7.7
P00446-TR13,P00446,Communications and Signals,2026-04-11,2026-04-17,49.5
P00447-TR01,P00447,Weapons Refresher,2025-12-23,2025-12-24,12.6
P00447-TR02,P00447,First Response and Trauma Care,2026-01-28,2026-01-31,21.9
P00447-TR03,P00447,Communications and Signals,2026-02-11,2026-02-14,24.2
P00447-TR04,P00447,Communications and Signals,2024-10-27,2024-10-29,10.1
P00447-TR05,P00447,Jungle Warfare Refresher,2026-05-12,2026-05-17,41.3
P00447-TR06,P00447,Weapons Refresher,2024-10-19,2024-10-21,17.3
P00447-TR07,P00447,First Response and Trauma Care,2026-02-06,2026-02-09,23.9
P00447-TR08,P00447,First Response and Trauma Care,2025-07-24,2025-07-25,9.6
P00448-TR01,P00448,Communications and Signals,2025-04-30,2025-05-02,14.1
P00448-TR02,P00448,Stress Management Workshop,2025-05-10,2025-05-13,24.3
P00448-TR03,P00448,Jungle Warfare Refresher,2025-04-21,2025-04-25,29.0
P00448-TR04,P00448,Crowd Management,2025-11-14,2025-11-21,60.0
P00448-TR05,P00448,Jungle Warfare Refresher,2026-02-14,2026-02-15,8.3
P00448-TR06,P00448,Jungle Warfare Refresher,2025-01-17,2025-01-18,8.1
P00448-TR07,P00448,Physical Efficiency Test Preparation,2024-12-01,2024-12-03,20.2
P00448-TR08,P00448,First Response and Trauma Care,2025-08-15,2025-08-18,23.4
P00448-TR09,P00448,Communications and Signals,2026-01-09,2026-01-12,20.6
P00448-TR10,P00448,Stress Management Workshop,2024-10-23,2024-10-28,35.7
P00448-TR11,P00448,Communications and Signals,2026-07-07,2026-07-08,8.7
P00448-TR12,P00448,Stress Management Workshop,2025-10-17,2025-10-18,8.7
P00448-TR13,P00448,First Response and Trauma Care,2026-07-06,2026-07-10,30.4
P00448-TR14,P00448,Jungle Warfare Refresher,2026-02-16,2026-02-23,54.6
P00448-TR15,P00448,Physical Efficiency Test Preparation,2026-02-12,2026-02-18,45.3
P00449-TR01,P00449,Jungle Warfare Refresher,2024-10-31,2024-11-02,10.9
P00449-TR02,P00449,First Response and Trauma Care,2025-06-08,2025-06-11,24.8
P00449-TR03,P00449,Jungle Warfare Refresher,2025-08-06,2025-08-11,42.5
P00449-TR04,P00449,Jungle Warfare Refresher,2025-12-28,2026-01-02,37.6
P00449-TR05,P00449,Weapons Refresher,2026-08-02,2026-08-05,21.3
P00449-TR06,P00449,Weapons Refresher,2026-05-08,2026-05-10,18.4
P00449-TR07,P00449,First Response and Trauma Care,2026-02-14,2026-02-15,6.9
P00449-TR08,P00449,Crowd Management,2026-02-08,2026-02-11,19.2
P00449-TR09,P00449,Communications and Signals,2025-10-10,2025-10-15,34.8
P00449-TR10,P00449,Physical Efficiency Test Preparation,2025-12-24,2025-12-27,21.2
P00449-TR11,P00449,Counter-IED Awareness,2025-02-02,2025-02-04,9.0
P00449-TR12,P00449,Weapons Refresher,2026-06-15,2026-06-18,27.3
P00449-TR13,P00449,Physical Efficiency Test Preparation,2025-04-25,2025-04-29,27.5
P00450-TR01,P00450,Counter-IED Awareness,2026-02-16,2026-02-20,31.7
P00450-TR02,P00450,Physical Efficiency Test Preparation,2026-02-21,2026-02-26,38.5
P00450-TR03,P00450,Weapons Refresher,2025-10-09,2025-10-10,7.9
P00450-TR04,P00450,Stress Management Workshop,2026-03-28,2026-03-29,5.8
P00450-TR05,P00450,Weapons Refresher,2025-01-21,2025-01-27,44.8
P00450-TR06,P00450,Communications and Signals,2025-10-12,2025-10-16,31.4
P00450-TR07,P00450,Stress Management Workshop,2026-08-20,2026-08-23,22.0
P00450-TR08,P00450,Counter-IED Awareness,2026-08-24,2026-08-26,19.5
P00450-TR09,P00450,Jungle Warfare Refresher,2025-05-14,2025-05-15,9.8
P00451-TR01,P00451,Crowd Management,2025-06-14,2025-06-16,14.6
P00451-TR02,P00451,Jungle Warfare Refresher,2025-10-23,2025-10-26,31.1
P00451-TR03,P00451,First Response and Trauma Care,2024-10-30,2024-11-04,38.2
P00451-TR04,P00451,Weapons Refresher,2026-05-01,2026-05-03,20.4
P00451-TR05,P00451,Weapons Refresher,2025-12-04,2025-12-08,29.4
P00451-TR06,P00451,Physical Efficiency Test Preparation,2025-07-08,2025-07-09,6.8
P00451-TR07,P00451,Crowd Management,2025-04-21,2025-04-24,20.4
P00452-TR01,P00452,Crowd Management,2025-08-06,2025-08-08,18.5
P00452-TR02,P00452,Physical Efficiency Test Preparation,2024-10-27,2024-10-30,26.3
P00452-TR03,P00452,Crowd Management,2025-04-14,2025-04-16,18.5
P00452-TR04,P00452,Crowd Management,2025-07-06,2025-07-09,24.1
P00452-TR05,P00452,Weapons Refresher,2025-01-27,2025-01-30,26.3
P00452-TR06,P00452,Counter-IED Awareness,2025-12-18,2025-12-21,22.8
P00452-TR07,P00452,Physical Efficiency Test Preparation,2025-12-29,2025-12-31,16.6
P00452-TR08,P00452,Stress Management Workshop,2025-11-03,2025-11-06,27.7
P00452-TR09,P00452,Jungle Warfare Refresher,2024-12-12,2024-12-17,32.4
P00452-TR10,P00452,Stress Management Workshop,2026-05-30,2026-06-02,24.6
P00452-TR11,P00452,Jungle Warfare Refresher,2025-10-08,2025-10-09,9.9
P00452-TR12,P00452,First Response and Trauma Care,2025-06-09,2025-06-11,10.7
P00452-TR13,P00452,Jungle Warfare Refresher,2025-11-21,2025-11-26,40.4
P00452-TR14,P00452,First Response and Trauma Care,2025-08-24,2025-08-31,60.0
P00452-TR15,P00452,Crowd Management,2026-08-12,2026-08-13,9.7
P00452-TR16,P00452,Weapons Refresher,2025-10-23,2025-10-24,7.6
P00453-TR01,P00453,Counter-IED Awareness,2025-07-28,2025-07-30,16.4
P00453-TR02,P00453,Jungle Warfare Refresher,2025-04-21,2025-04-24,23.0
P00453-TR03,P00453,Weapons Refresher,2025-08-30,2025-09-02,23.1
P00453-TR04,P00453,Jungle Warfare Refresher,2025-04-29,2025-05-03,30.3
P00453-TR05,P00453,Counter-IED Awareness,2024-10-12,2024-10-13,12.5
P00453-TR06,P00453,Counter-IED Awareness,2025-01-31,2025-02-03,19.1
P00453-TR07,P00453,Jungle Warfare Refresher,2025-09-07,2025-09-10,27.2
P00453-TR08,P00453,Crowd Management,2026-06-24,2026-06-25,8.3
P00454-TR01,P00454,Communications and Signals,2024-09-25,2024-09-29,31.4
P00454-TR02,P00454,Jungle Warfare Refresher,2026-04-26,2026-05-02,45.8
P00454-TR03,P00454,Jungle Warfare Refresher,2025-05-01,2025-05-03,13.7
P00454-TR04,P00454,Crowd Management,2026-02-23,2026-02-26,17.6
P00454-TR05,P00454,First Response and Trauma Care,2024-12-17,2024-12-21,33.2
P00454-TR06,P00454,Stress Management Workshop,2024-12-18,2024-12-20,12.2
P00454-TR07,P00454,Counter-IED Awareness,2024-11-28,2024-12-01,21.0
P00454-TR08,P00454,Physical Efficiency Test Preparation,2025-02-09,2025-02-11,16.1
P00454-TR09,P00454,Crowd Management,2024-12-01,2024-12-03,14.6
P00454-TR10,P00454,Counter-IED Awareness,2024-12-16,2024-12-20,33.5
P00455-TR01,P00455,Communications and Signals,2025-06-30,2025-07-04,26.6
P00455-TR02,P00455,Weapons Refresher,2025-06-02,2025-06-04,20.4
P00455-TR03,P00455,Weapons Refresher,2024-10-28,2024-11-03,43.3
P00455-TR04,P00455,Physical Efficiency Test Preparation,2024-12-29,2025-01-05,60.0
P00455-TR05,P00455,Crowd Management,2025-06-26,2025-06-28,17.5
P00455-TR06,P00455,Stress Management Workshop,2025-01-01,2025-01-08,55.5
P00455-TR07,P00455,Weapons Refresher,2025-01-30,2025-02-01,20.5
P00455-TR08,P00455,Counter-IED Awareness,2026-04-21,2026-04-22,6.3
P00456-TR01,P00456,Crowd Management,2024-10-06,2024-10-08,18.6
P00457-TR01,P00457,First Response and Trauma Care,2025-11-01,2025-11-08,58.7
P00457-TR02,P00457,Communications and Signals,2025-12-02,2025-12-06,32.0
P00457-TR03,P00457,Crowd Management,2025-09-04,2025-09-07,21.5
P00457-TR04,P00457,Physical Efficiency Test Preparation,2025-08-19,2025-08-22,19.3
P00457-TR05,P00457,Physical Efficiency Test Preparation,2024-12-13,2024-12-16,22.1
P00457-TR06,P00457,Jungle Warfare Refresher,2026-01-15,2026-01-19,32.4
P00457-TR07,P00457,Jungle Warfare Refresher,2025-01-04,2025-01-06,17.1
P00457-TR08,P00457,Jungle Warfare Refresher,2025-03-16,2025-03-19,19.0
P00457-TR09,P00457,Crowd Management,2025-03-11,2025-03-15,29.6
P00458-TR01,P00458,Crowd Management,2025-03-13,2025-03-19,50.9
P00458-TR02,P00458,Jungle Warfare Refresher,2026-07-31,2026-08-01,14.9
P00458-TR03,P00458,Stress Management Workshop,2025-04-03,2025-04-07,31.8
P00458-TR04,P00458,First Response and Trauma Care,2026-03-09,2026-03-13,31.6
P00458-TR05,P00458,First Response and Trauma Care,2024-12-05,2024-12-08,22.8
P00458-TR06,P00458,Stress Management Workshop,2025-04-28,2025-05-02,27.7
P00458-TR07,P00458,Physical Efficiency Test Preparation,2025-06-17,2025-06-19,14.0
P00458-TR08,P00458,Weapons Refresher,2026-03-19,2026-03-24,42.0
P00458-TR09,P00458,Weapons Refresher,2025-08-17,2025-08-19,17.4
P00458-TR10,P00458,First Response and Trauma Care,2025-11-03,2025-11-08,37.4
P00458-TR11,P00458,Weapons Refresher,2024-09-30,2024-10-04,29.4
P00458-TR12,P00458,First Response and Trauma Care,2026-01-20,2026-01-21,9.1
P00459-TR01,P00459,Stress Management Workshop,2025-03-10,2025-03-12,18.5
P00459-TR02,P00459,Stress Management Workshop,2026-02-11,2026-02-14,26.5
P00459-TR03,P00459,Crowd Management,2026-01-09,2026-01-12,27.1
P00459-TR04,P00459,First Response and Trauma Care,2024-09-15,2024-09-20,38.0
P00459-TR05,P00459,Counter-IED Awareness,2025-09-13,2025-09-15,15.3
P00459-TR06,P00459,Jungle Warfare Refresher,2024-12-14,2024-12-15,10.1
P00459-TR07,P00459,Stress Management Workshop,2026-07-22,2026-07-23,10.9
P00459-TR08,P00459,Weapons Refresher,2024-11-21,2024-11-26,40.2
P00459-TR09,P00459,First Response and Trauma Care,2025-02-06,2025-02-09,24.5
P00459-TR10,P00459,Stress Management Workshop,2025-09-26,2025-09-27,8.0
P00459-TR11,P00459,Physical Efficiency Test Preparation,2024-11-13,2024-11-18,41.7
P00460-TR01,P00460,Crowd Management,2025-04-15,2025-04-18,25.9
P00460-TR02,P00460,Physical Efficiency Test Preparation,2025-07-10,2025-07-17,60.0
P00460-TR03,P00460,First Response and Trauma Care,2026-06-07,2026-06-09,9.7
P00460-TR04,P00460,Stress Management Workshop,2025-04-17,2025-04-23,44.0
P00460-TR05,P00460,Jungle Warfare Refresher,2025-11-25,2025-11-29,32.7
P00460-TR06,P00460,Counter-IED Awareness,2025-01-31,2025-02-07,60.0
P00460-TR07,P00460,Communications and Signals,2025-06-30,2025-07-02,21.0
P00460-TR08,P00460,Crowd Management,2025-04-29,2025-05-03,35.5
P00460-TR09,P00460,Counter-IED Awareness,2026-04-09,2026-04-11,16.0
P00460-TR10,P00460,Counter-IED Awareness,2024-09-24,2024-09-29,41.4
P00460-TR11,P00460,Stress Management Workshop,2025-03-09,2025-03-11,19.1
P00461-TR01,P00461,Crowd Management,2025-09-16,2025-09-17,10.0
P00461-TR02,P00461,Weapons Refresher,2025-01-06,2025-01-12,43.0
P00461-TR03,P00461,Counter-IED Awareness,2025-11-15,2025-11-16,8.6
P00461-TR04,P00461,Weapons Refresher,2025-09-27,2025-09-30,22.0
P00461-TR05,P00461,Jungle Warfare Refresher,2024-12-10,2024-12-11,8.7
P00461-TR06,P00461,Weapons Refresher,2026-04-12,2026-04-15,28.8
P00461-TR07,P00461,Weapons Refresher,2024-11-06,2024-11-07,13.3
P00462-TR01,P00462,Weapons Refresher,2025-12-05,2025-12-12,55.8
P00462-TR02,P00462,Physical Efficiency Test Preparation,2026-07-29,2026-08-01,25.2
P00462-TR03,P00462,Counter-IED Awareness,2024-09-09,2024-09-15,49.7
P00462-TR04,P00462,Crowd Management,2026-07-06,2026-07-11,35.8
P00462-TR05,P00462,Jungle Warfare Refresher,2026-01-28,2026-01-31,22.2
P00463-TR01,P00463,Physical Efficiency Test Preparation,2026-01-16,2026-01-18,12.4
P00463-TR02,P00463,Communications and Signals,2025-08-29,2025-08-31,16.5
P00463-TR03,P00463,Stress Management Workshop,2025-09-16,2025-09-22,41.3
P00463-TR04,P00463,Physical Efficiency Test Preparation,2026-08-05,2026-08-11,52.8
P00463-TR05,P00463,Weapons Refresher,2025-03-14,2025-03-16,14.7
P00463-TR06,P00463,Physical Efficiency Test Preparation,2025-05-18,2025-05-19,12.5
P00463-TR07,P00463,Physical Efficiency Test Preparation,2026-05-18,2026-05-21,19.0
P00463-TR08,P00463,Jungle Warfare Refresher,2025-08-25,2025-08-27,20.2
P00463-TR09,P00463,Physical Efficiency Test Preparation,2026-08-15,2026-08-17,14.6
P00464-TR01,P00464,First Response and Trauma Care,2024-09-09,2024-09-10,7.8
P00464-TR02,P00464,Crowd Management,2026-02-28,2026-03-02,17.8
P00464-TR03,P00464,Crowd Management,2024-10-16,2024-10-17,7.8
P00464-TR04,P00464,Stress Management Workshop,2026-04-15,2026-04-18,24.6
P00464-TR05,P00464,Counter-IED Awareness,2025-01-06,2025-01-09,18.5
P00464-TR06,P00464,Jungle Warfare Refresher,2025-08-30,2025-08-31,5.6
P00464-TR07,P00464,Weapons Refresher,2025-05-18,2025-05-22,28.9
P00464-TR08,P00464,First Response and Trauma Care,2026-05-05,2026-05-08,19.4
P00464-TR09,P00464,Stress Management Workshop,2026-07-07,2026-07-08,8.3
P00465-TR01,P00465,Counter-IED Awareness,2025-12-04,2025-12-07,24.5
P00465-TR02,P00465,First Response and Trauma Care,2026-07-08,2026-07-09,5.6
P00465-TR03,P00465,Weapons Refresher,2024-09-02,2024-09-03,11.3
P00465-TR04,P00465,Weapons Refresher,2025-07-22,2025-07-25,21.6
P00465-TR05,P00465,Weapons Refresher,2026-04-30,2026-05-03,20.6
P00465-TR06,P00465,Communications and Signals,2026-02-05,2026-02-09,32.3
P00465-TR07,P00465,Crowd Management,2025-08-20,2025-08-25,43.6
P00465-TR08,P00465,Crowd Management,2026-06-12,2026-06-15,20.4
P00465-TR09,P00465,Communications and Signals,2026-01-02,2026-01-03,13.1
P00466-TR01,P00466,Jungle Warfare Refresher,2026-07-31,2026-08-04,34.3
P00466-TR02,P00466,Stress Management Workshop,2026-03-11,2026-03-13,14.3
P00466-TR03,P00466,Communications and Signals,2025-09-22,2025-09-29,60.0
P00466-TR04,P00466,Stress Management Workshop,2025-01-29,2025-02-01,22.7
P00466-TR05,P00466,Counter-IED Awareness,2026-07-23,2026-07-24,9.9
P00466-TR06,P00466,Counter-IED Awareness,2026-08-03,2026-08-07,30.4
P00466-TR07,P00466,Counter-IED Awareness,2026-04-27,2026-04-30,25.8
P00466-TR08,P00466,Crowd Management,2025-09-30,2025-10-02,19.3
P00466-TR09,P00466,Stress Management Workshop,2024-10-24,2024-10-28,27.4
P00466-TR10,P00466,Jungle Warfare Refresher,2026-01-21,2026-01-22,5.1
P00467-TR01,P00467,Crowd Management,2025-07-31,2025-08-01,6.3
P00467-TR02,P00467,Physical Efficiency Test Preparation,2026-07-23,2026-07-26,19.3
P00467-TR03,P00467,Crowd Management,2026-07-25,2026-07-28,25.0
P00467-TR04,P00467,Communications and Signals,2026-04-25,2026-04-27,17.3
P00467-TR05,P00467,Jungle Warfare Refresher,2025-02-27,2025-03-03,36.7
P00467-TR06,P00467,First Response and Trauma Care,2026-04-07,2026-04-10,25.4
P00467-TR07,P00467,Stress Management Workshop,2026-07-08,2026-07-10,20.6
P00467-TR08,P00467,Counter-IED Awareness,2025-03-13,2025-03-20,52.2
P00467-TR09,P00467,Jungle Warfare Refresher,2025-10-22,2025-10-23,12.3
P00467-TR10,P00467,Counter-IED Awareness,2026-03-15,2026-03-17,13.9
P00467-TR11,P00467,Stress Management Workshop,2025-02-24,2025-02-28,30.6
P00467-TR12,P00467,Weapons Refresher,2026-08-20,2026-08-22,11.7
P00467-TR13,P00467,Stress Management Workshop,2025-04-17,2025-04-19,18.4
P00467-TR14,P00467,Stress Management Workshop,2025-09-04,2025-09-05,4.9
P00468-TR01,P00468,Communications and Signals,2025-01-03,2025-01-05,15.8
P00468-TR02,P00468,First Response and Trauma Care,2025-08-17,2025-08-19,15.2
P00468-TR03,P00468,Weapons Refresher,2025-02-28,2025-03-01,8.8
P00468-TR04,P00468,Communications and Signals,2024-10-30,2024-10-31,13.8
P00468-TR05,P00468,Counter-IED Awareness,2026-07-16,2026-07-17,6.7
P00468-TR06,P00468,First Response and Trauma Care,2026-04-09,2026-04-11,17.9
P00468-TR07,P00468,Communications and Signals,2025-12-10,2025-12-13,25.0
P00468-TR08,P00468,First Response and Trauma Care,2025-07-20,2025-07-22,17.7
P00468-TR09,P00468,Communications and Signals,2025-07-23,2025-07-26,19.4
P00468-TR10,P00468,Counter-IED Awareness,2025-10-11,2025-10-12,15.1
P00468-TR11,P00468,Physical Efficiency Test Preparation,2025-11-15,2025-11-17,15.0
P00468-TR12,P00468,Physical Efficiency Test Preparation,2024-12-15,2024-12-20,39.8
P00468-TR13,P00468,Counter-IED Awareness,2026-02-26,2026-03-02,31.5
P00468-TR14,P00468,Weapons Refresher,2025-03-05,2025-03-07,16.4
P00468-TR15,P00468,Counter-IED Awareness,2026-08-14,2026-08-18,30.1
P00469-TR01,P00469,Crowd Management,2024-10-06,2024-10-07,8.2
P00469-TR02,P00469,Weapons Refresher,2026-02-16,2026-02-19,27.6
P00469-TR03,P00469,Communications and Signals,2025-07-17,2025-07-22,34.8
P00469-TR04,P00469,Weapons Refresher,2026-01-28,2026-01-29,4.0
P00469-TR05,P00469,Counter-IED Awareness,2025-07-13,2025-07-16,27.4
P00469-TR06,P00469,Crowd Management,2026-07-04,2026-07-05,7.2
P00469-TR07,P00469,First Response and Trauma Care,2026-03-19,2026-03-21,11.7
P00469-TR08,P00469,Counter-IED Awareness,2026-07-20,2026-07-23,24.7
P00469-TR09,P00469,Communications and Signals,2025-01-10,2025-01-15,36.9
P00469-TR10,P00469,First Response and Trauma Care,2026-08-09,2026-08-12,21.7
P00469-TR11,P00469,Communications and Signals,2026-05-02,2026-05-05,27.0
P00469-TR12,P00469,Jungle Warfare Refresher,2025-08-14,2025-08-15,4.6
P00469-TR13,P00469,Weapons Refresher,2026-04-15,2026-04-17,10.1
P00469-TR14,P00469,First Response and Trauma Care,2025-02-09,2025-02-10,13.1
P00469-TR15,P00469,Stress Management Workshop,2026-05-27,2026-05-29,14.6
P00469-TR16,P00469,Communications and Signals,2025-02-27,2025-03-01,14.4
P00469-TR17,P00469,Physical Efficiency Test Preparation,2025-09-20,2025-09-22,14.5
P00469-TR18,P00469,Physical Efficiency Test Preparation,2026-02-23,2026-02-26,21.0
P00470-TR01,P00470,Stress Management Workshop,2026-08-04,2026-08-06,16.8
P00470-TR02,P00470,Jungle Warfare Refresher,2026-07-21,2026-07-25,31.1
P00470-TR03,P00470,Crowd Management,2025-12-16,2025-12-20,31.0
P00470-TR04,P00470,Stress Management Workshop,2026-04-06,2026-04-07,6.5
P00470-TR05,P00470,Stress Management Workshop,2026-05-12,2026-05-13,11.3
P00471-TR01,P00471,Weapons Refresher,2024-11-01,2024-11-03,16.7
P00471-TR02,P00471,Communications and Signals,2025-03-07,2025-03-10,20.1
P00471-TR03,P00471,First Response and Trauma Care,2025-05-06,2025-05-11,45.7
P00471-TR04,P00471,First Response and Trauma Care,2025-04-16,2025-04-19,23.7
P00471-TR05,P00471,Counter-IED Awareness,2026-02-10,2026-02-14,30.6
P00471-TR06,P00471,Counter-IED Awareness,2025-09-07,2025-09-09,16.4
P00471-TR07,P00471,Physical Efficiency Test Preparation,2024-11-20,2024-11-21,4.6
P00471-TR08,P00471,Crowd Management,2025-04-11,2025-04-13,20.0
P00471-TR09,P00471,First Response and Trauma Care,2026-07-21,2026-07-23,15.7
P00472-TR01,P00472,Stress Management Workshop,2025-05-15,2025-05-16,14.7
P00472-TR02,P00472,Jungle Warfare Refresher,2025-07-23,2025-07-25,19.6
P00472-TR03,P00472,Communications and Signals,2026-07-16,2026-07-19,19.5
P00472-TR04,P00472,Communications and Signals,2025-10-06,2025-10-07,7.4
P00472-TR05,P00472,Jungle Warfare Refresher,2026-01-11,2026-01-17,49.2
P00472-TR06,P00472,Counter-IED Awareness,2025-12-23,2025-12-29,43.6
P00472-TR07,P00472,Weapons Refresher,2026-07-04,2026-07-05,4.0
P00472-TR08,P00472,Counter-IED Awareness,2025-10-06,2025-10-11,42.0
P00472-TR09,P00472,Crowd Management,2025-04-22,2025-04-27,36.9
P00472-TR10,P00472,Stress Management Workshop,2026-02-15,2026-02-17,14.2
P00472-TR11,P00472,Counter-IED Awareness,2026-04-21,2026-04-26,45.6
P00473-TR01,P00473,First Response and Trauma Care,2025-12-09,2025-12-11,19.5
P00473-TR02,P00473,Stress Management Workshop,2026-07-16,2026-07-20,37.0
P00473-TR03,P00473,First Response and Trauma Care,2025-02-09,2025-02-10,12.1
P00473-TR04,P00473,Stress Management Workshop,2025-07-03,2025-07-06,25.1
P00473-TR05,P00473,Crowd Management,2024-10-25,2024-10-27,18.3
P00473-TR06,P00473,Jungle Warfare Refresher,2026-08-28,2026-09-01,27.0
P00473-TR07,P00473,Counter-IED Awareness,2026-04-19,2026-04-20,7.9
P00473-TR08,P00473,Physical Efficiency Test Preparation,2025-02-21,2025-02-25,28.2
P00473-TR09,P00473,Jungle Warfare Refresher,2026-04-17,2026-04-21,35.9
P00473-TR10,P00473,Weapons Refresher,2025-03-26,2025-03-29,21.4
P00473-TR11,P00473,First Response and Trauma Care,2025-11-10,2025-11-12,15.1
P00473-TR12,P00473,Crowd Management,2025-01-06,2025-01-09,22.6
P00473-TR13,P00473,Stress Management Workshop,2025-07-28,2025-07-30,12.4
P00473-TR14,P00473,Stress Management Workshop,2026-08-15,2026-08-17,13.7
P00473-TR15,P00473,Physical Efficiency Test Preparation,2025-08-15,2025-08-17,14.9
P00474-TR01,P00474,Jungle Warfare Refresher,2025-12-09,2025-12-16,59.8
P00474-TR02,P00474,Physical Efficiency Test Preparation,2026-03-28,2026-03-30,12.8
P00474-TR03,P00474,Communications and Signals,2026-04-24,2026-04-26,19.3
P00474-TR04,P00474,Communications and Signals,2026-01-04,2026-01-06,17.1
P00474-TR05,P00474,Weapons Refresher,2025-02-20,2025-02-23,24.6
P00474-TR06,P00474,Crowd Management,2024-10-09,2024-10-10,6.6
P00474-TR07,P00474,Crowd Management,2026-08-06,2026-08-07,6.4
P00474-TR08,P00474,Jungle Warfare Refresher,2026-03-14,2026-03-18,35.8
P00474-TR09,P00474,Physical Efficiency Test Preparation,2026-05-04,2026-05-07,28.8
P00474-TR10,P00474,Communications and Signals,2025-06-15,2025-06-18,22.2
P00475-TR01,P00475,Stress Management Workshop,2025-02-07,2025-02-08,13.5
P00475-TR02,P00475,Crowd Management,2025-10-16,2025-10-23,56.2
P00475-TR03,P00475,Jungle Warfare Refresher,2024-10-09,2024-10-13,26.0
P00475-TR04,P00475,Jungle Warfare Refresher,2026-06-20,2026-06-21,11.4
P00475-TR05,P00475,Physical Efficiency Test Preparation,2024-09-15,2024-09-17,19.0
P00475-TR06,P00475,First Response and Trauma Care,2025-06-06,2025-06-07,9.7
P00475-TR07,P00475,First Response and Trauma Care,2026-05-06,2026-05-09,25.7
P00475-TR08,P00475,Communications and Signals,2025-05-12,2025-05-14,13.2
P00475-TR09,P00475,Physical Efficiency Test Preparation,2025-07-31,2025-08-02,17.3
P00475-TR10,P00475,Counter-IED Awareness,2026-05-15,2026-05-17,22.8
P00475-TR11,P00475,Jungle Warfare Refresher,2025-09-11,2025-09-13,17.1
P00475-TR12,P00475,Communications and Signals,2025-12-30,2026-01-02,21.3
P00475-TR13,P00475,Crowd Management,2024-12-02,2024-12-03,12.2
P00476-TR01,P00476,First Response and Trauma Care,2026-04-08,2026-04-11,23.8
P00476-TR02,P00476,Communications and Signals,2026-02-09,2026-02-11,20.0
P00476-TR03,P00476,Crowd Management,2026-08-18,2026-08-21,25.8
P00476-TR04,P00476,Stress Management Workshop,2024-12-17,2024-12-18,4.0
P00476-TR05,P00476,Crowd Management,2025-06-23,2025-06-27,32.8
P00476-TR06,P00476,Stress Management Workshop,2025-11-18,2025-11-22,33.7
P00476-TR07,P00476,Weapons Refresher,2025-11-23,2025-11-25,16.5
P00476-TR08,P00476,Physical Efficiency Test Preparation,2024-12-21,2024-12-26,35.4
P00476-TR09,P00476,Crowd Management,2025-10-17,2025-10-20,21.7
P00476-TR10,P00476,Physical Efficiency Test Preparation,2026-07-29,2026-08-01,23.7
P00476-TR11,P00476,Physical Efficiency Test Preparation,2025-09-10,2025-09-11,9.9
P00476-TR12,P00476,Communications and Signals,2025-06-26,2025-07-02,47.3
P00476-TR13,P00476,Stress Management Workshop,2025-01-04,2025-01-06,9.8
P00476-TR14,P00476,Counter-IED Awareness,2025-04-23,2025-04-30,60.0
P00476-TR15,P00476,Crowd Management,2024-12-19,2024-12-21,17.3
P00477-TR01,P00477,Counter-IED Awareness,2026-06-22,2026-06-26,34.1
P00477-TR02,P00477,Stress Management Workshop,2025-05-01,2025-05-07,43.7
P00477-TR03,P00477,Communications and Signals,2025-02-05,2025-02-06,5.6
P00477-TR04,P00477,Stress Management Workshop,2026-01-31,2026-02-02,19.1
P00477-TR05,P00477,Weapons Refresher,2025-03-22,2025-03-24,17.5
P00477-TR06,P00477,Counter-IED Awareness,2025-07-10,2025-07-13,25.9
P00477-TR07,P00477,Stress Management Workshop,2026-08-22,2026-08-29,56.5
P00477-TR08,P00477,Weapons Refresher,2024-12-12,2024-12-13,5.5
P00477-TR09,P00477,Counter-IED Awareness,2025-03-07,2025-03-09,14.2
P00477-TR10,P00477,Stress Management Workshop,2025-08-20,2025-08-23,19.8
P00477-TR11,P00477,Jungle Warfare Refresher,2025-09-09,2025-09-10,10.5
P00477-TR12,P00477,First Response and Trauma Care,2025-07-07,2025-07-12,38.6
P00477-TR13,P00477,Stress Management Workshop,2026-06-05,2026-06-06,12.1
P00478-TR01,P00478,Crowd Management,2025-05-15,2025-05-18,23.3
P00478-TR02,P00478,First Response and Trauma Care,2025-05-04,2025-05-05,11.2
P00478-TR03,P00478,Communications and Signals,2025-09-25,2025-09-28,25.7
P00478-TR04,P00478,Weapons Refresher,2025-08-07,2025-08-11,25.9
P00478-TR05,P00478,Crowd Management,2026-05-04,2026-05-06,21.5
P00478-TR06,P00478,Counter-IED Awareness,2024-12-21,2024-12-22,13.3
P00478-TR07,P00478,Counter-IED Awareness,2025-10-25,2025-10-28,23.3
P00478-TR08,P00478,Counter-IED Awareness,2025-08-30,2025-09-05,47.2
P00478-TR09,P00478,Stress Management Workshop,2025-02-19,2025-02-20,8.8
P00479-TR01,P00479,Jungle Warfare Refresher,2025-06-22,2025-06-25,25.2
P00479-TR02,P00479,Counter-IED Awareness,2026-01-31,2026-02-03,22.8
P00479-TR03,P00479,Jungle Warfare Refresher,2025-07-09,2025-07-13,32.3
P00479-TR04,P00479,Physical Efficiency Test Preparation,2026-04-28,2026-05-02,32.6
P00479-TR05,P00479,Communications and Signals,2025-06-16,2025-06-18,14.8
P00479-TR06,P00479,First Response and Trauma Care,2025-11-01,2025-11-03,12.4
P00479-TR07,P00479,Communications and Signals,2026-06-23,2026-06-27,26.2
P00479-TR08,P00479,Crowd Management,2026-02-24,2026-02-27,25.5
P00479-TR09,P00479,Counter-IED Awareness,2025-05-16,2025-05-20,28.5
P00480-TR01,P00480,Weapons Refresher,2025-05-21,2025-05-22,11.2
P00480-TR02,P00480,Crowd Management,2026-07-18,2026-07-21,24.9
P00480-TR03,P00480,First Response and Trauma Care,2025-12-14,2025-12-19,34.0
P00480-TR04,P00480,Weapons Refresher,2026-06-13,2026-06-17,30.1
P00480-TR05,P00480,Crowd Management,2024-11-02,2024-11-08,40.7
P00480-TR06,P00480,Counter-IED Awareness,2026-05-14,2026-05-16,19.1
P00480-TR07,P00480,Jungle Warfare Refresher,2025-06-13,2025-06-17,32.6
P00480-TR08,P00480,Jungle Warfare Refresher,2025-02-01,2025-02-03,21.6
P00480-TR09,P00480,Counter-IED Awareness,2025-07-27,2025-07-29,13.2
P00480-TR10,P00480,Crowd Management,2025-08-13,2025-08-14,11.6
P00481-TR01,P00481,First Response and Trauma Care,2025-02-26,2025-02-28,15.2
P00481-TR02,P00481,Jungle Warfare Refresher,2024-10-31,2024-11-02,17.2
P00481-TR03,P00481,Physical Efficiency Test Preparation,2026-02-11,2026-02-13,20.6
P00481-TR04,P00481,Physical Efficiency Test Preparation,2025-08-15,2025-08-18,26.4
P00481-TR05,P00481,Stress Management Workshop,2026-07-08,2026-07-10,18.1
P00481-TR06,P00481,Crowd Management,2026-03-01,2026-03-04,24.6
P00481-TR07,P00481,Crowd Management,2025-11-17,2025-11-22,35.4
P00481-TR08,P00481,Jungle Warfare Refresher,2026-03-01,2026-03-04,22.8
P00481-TR09,P00481,Stress Management Workshop,2025-09-14,2025-09-16,11.7
P00482-TR01,P00482,Counter-IED Awareness,2025-06-13,2025-06-17,35.9
P00482-TR02,P00482,Communications and Signals,2026-03-27,2026-04-01,38.3
P00482-TR03,P00482,Communications and Signals,2025-05-15,2025-05-17,18.3
P00482-TR04,P00482,Counter-IED Awareness,2026-04-18,2026-04-20,11.7
P00482-TR05,P00482,Stress Management Workshop,2025-11-25,2025-11-26,6.3
P00482-TR06,P00482,Stress Management Workshop,2026-04-04,2026-04-06,13.4
P00482-TR07,P00482,Counter-IED Awareness,2025-09-01,2025-09-03,13.1
P00482-TR08,P00482,Stress Management Workshop,2025-12-10,2025-12-14,31.5
P00482-TR09,P00482,Crowd Management,2025-04-04,2025-04-08,29.3
P00482-TR10,P00482,Crowd Management,2025-09-02,2025-09-04,18.5
P00482-TR11,P00482,Weapons Refresher,2025-01-23,2025-01-25,20.1
P00482-TR12,P00482,Communications and Signals,2025-05-12,2025-05-15,24.8
P00482-TR13,P00482,Counter-IED Awareness,2026-06-09,2026-06-14,39.2
P00482-TR14,P00482,Stress Management Workshop,2024-10-01,2024-10-02,7.8
P00482-TR15,P00482,Communications and Signals,2024-11-05,2024-11-08,26.0
P00483-TR01,P00483,Physical Efficiency Test Preparation,2025-10-11,2025-10-13,18.5
P00483-TR02,P00483,Physical Efficiency Test Preparation,2025-03-31,2025-04-01,7.1
P00483-TR03,P00483,Counter-IED Awareness,2025-05-16,2025-05-21,41.9
P00483-TR04,P00483,Physical Efficiency Test Preparation,2026-06-18,2026-06-20,12.8
P00483-TR05,P00483,Weapons Refresher,2025-05-09,2025-05-11,16.1
P00483-TR06,P00483,Weapons Refresher,2025-01-29,2025-02-01,23.5
P00483-TR07,P00483,Jungle Warfare Refresher,2025-03-05,2025-03-08,24.7
P00483-TR08,P00483,Stress Management Workshop,2025-01-25,2025-01-27,9.7
P00483-TR09,P00483,Physical Efficiency Test Preparation,2026-08-28,2026-08-31,26.7
P00483-TR10,P00483,First Response and Trauma Care,2024-12-18,2024-12-20,15.5
P00483-TR11,P00483,Physical Efficiency Test Preparation,2024-11-26,2024-11-28,13.4
P00483-TR12,P00483,Counter-IED Awareness,2024-10-16,2024-10-19,23.8
P00483-TR13,P00483,Physical Efficiency Test Preparation,2025-03-14,2025-03-16,15.2
P00484-TR01,P00484,Physical Efficiency Test Preparation,2024-09-22,2024-09-26,32.5
P00484-TR02,P00484,Physical Efficiency Test Preparation,2026-08-09,2026-08-11,21.0
P00484-TR03,P00484,Stress Management Workshop,2024-12-12,2024-12-13,8.2
P00484-TR04,P00484,Counter-IED Awareness,2026-06-22,2026-06-28,50.3
P00484-TR05,P00484,Counter-IED Awareness,2025-11-03,2025-11-05,15.0
P00484-TR06,P00484,Stress Management Workshop,2025-09-24,2025-09-27,31.0
P00484-TR07,P00484,Communications and Signals,2025-07-16,2025-07-17,9.4
P00484-TR08,P00484,Counter-IED Awareness,2025-12-25,2025-12-26,11.5
P00484-TR09,P00484,First Response and Trauma Care,2026-01-06,2026-01-08,11.1
P00484-TR10,P00484,Weapons Refresher,2026-05-03,2026-05-07,35.1
P00484-TR11,P00484,Communications and Signals,2026-06-11,2026-06-12,7.1
P00484-TR12,P00484,Counter-IED Awareness,2025-12-25,2025-12-28,19.1
P00485-TR01,P00485,First Response and Trauma Care,2025-04-03,2025-04-04,7.6
P00485-TR02,P00485,Communications and Signals,2024-11-10,2024-11-12,13.6
P00485-TR03,P00485,Communications and Signals,2026-06-05,2026-06-11,44.7
P00485-TR04,P00485,Crowd Management,2025-05-06,2025-05-09,28.1
P00485-TR05,P00485,Physical Efficiency Test Preparation,2026-01-14,2026-01-16,17.9
P00485-TR06,P00485,Communications and Signals,2024-09-30,2024-10-01,6.2
P00485-TR07,P00485,Stress Management Workshop,2025-06-26,2025-06-28,13.5
P00485-TR08,P00485,Stress Management Workshop,2026-06-25,2026-06-27,16.6
P00486-TR01,P00486,Jungle Warfare Refresher,2025-04-29,2025-05-04,46.2
P00486-TR02,P00486,Crowd Management,2025-04-30,2025-05-06,42.9
P00486-TR03,P00486,Counter-IED Awareness,2026-07-28,2026-07-31,23.1
P00486-TR04,P00486,Crowd Management,2024-10-17,2024-10-22,35.3
P00486-TR05,P00486,Communications and Signals,2025-02-15,2025-02-18,27.3
P00486-TR06,P00486,Crowd Management,2025-01-20,2025-01-23,17.7
P00486-TR07,P00486,Crowd Management,2025-12-04,2025-12-09,38.3
P00486-TR08,P00486,First Response and Trauma Care,2025-03-10,2025-03-11,7.3
P00486-TR09,P00486,Physical Efficiency Test Preparation,2026-08-02,2026-08-04,16.4
P00486-TR10,P00486,Communications and Signals,2024-11-04,2024-11-05,8.7
P00486-TR11,P00486,Communications and Signals,2025-10-18,2025-10-20,14.4
P00486-TR12,P00486,Crowd Management,2025-04-12,2025-04-16,33.1
P00486-TR13,P00486,Physical Efficiency Test Preparation,2025-01-20,2025-01-24,27.9
P00486-TR14,P00486,First Response and Trauma Care,2026-01-12,2026-01-13,8.2
P00486-TR15,P00486,First Response and Trauma Care,2025-05-03,2025-05-08,38.6
P00486-TR16,P00486,Weapons Refresher,2026-04-01,2026-04-03,20.7
P00486-TR17,P00486,Physical Efficiency Test Preparation,2025-08-22,2025-08-24,14.5
P00487-TR01,P00487,Stress Management Workshop,2026-02-27,2026-03-02,28.4
P00487-TR02,P00487,Stress Management Workshop,2026-06-29,2026-07-02,23.6
P00487-TR03,P00487,First Response and Trauma Care,2025-09-22,2025-09-26,29.7
P00487-TR04,P00487,Physical Efficiency Test Preparation,2024-11-06,2024-11-07,7.1
P00487-TR05,P00487,Stress Management Workshop,2026-07-04,2026-07-09,38.1
P00487-TR06,P00487,Physical Efficiency Test Preparation,2026-05-31,2026-06-01,11.0
P00487-TR07,P00487,Stress Management Workshop,2025-10-13,2025-10-15,23.5
P00487-TR08,P00487,Physical Efficiency Test Preparation,2025-08-06,2025-08-09,19.0
P00487-TR09,P00487,Physical Efficiency Test Preparation,2025-05-17,2025-05-21,34.2
P00487-TR10,P00487,Communications and Signals,2024-09-20,2024-09-21,4.1
P00487-TR11,P00487,Communications and Signals,2025-01-11,2025-01-12,7.2
P00487-TR12,P00487,Jungle Warfare Refresher,2026-08-03,2026-08-08,36.9
P00487-TR13,P00487,Communications and Signals,2026-05-21,2026-05-23,11.2
P00487-TR14,P00487,Stress Management Workshop,2025-01-24,2025-01-27,23.1
P00487-TR15,P00487,Physical Efficiency Test Preparation,2026-03-25,2026-03-27,19.6
P00487-TR16,P00487,Jungle Warfare Refresher,2026-04-01,2026-04-03,11.3
P00487-TR17,P00487,First Response and Trauma Care,2025-07-03,2025-07-04,12.0
P00487-TR18,P00487,Communications and Signals,2026-06-19,2026-06-23,26.2
P00488-TR01,P00488,Weapons Refresher,2025-09-21,2025-09-27,47.9
P00488-TR02,P00488,Counter-IED Awareness,2026-06-08,2026-06-10,14.4
P00488-TR03,P00488,Stress Management Workshop,2025-04-15,2025-04-16,8.8
P00488-TR04,P00488,Crowd Management,2024-11-23,2024-11-25,13.6
P00488-TR05,P00488,Weapons Refresher,2025-11-10,2025-11-13,25.7
P00488-TR06,P00488,Jungle Warfare Refresher,2025-03-19,2025-03-23,30.2
P00489-TR01,P00489,Communications and Signals,2025-04-12,2025-04-13,7.5
P00489-TR02,P00489,First Response and Trauma Care,2026-01-08,2026-01-13,36.1
P00489-TR03,P00489,Stress Management Workshop,2025-10-07,2025-10-09,13.4
P00489-TR04,P00489,Communications and Signals,2025-05-09,2025-05-11,17.6
P00489-TR05,P00489,Jungle Warfare Refresher,2026-05-13,2026-05-15,15.4
P00489-TR06,P00489,Physical Efficiency Test Preparation,2026-04-23,2026-04-27,27.1
P00489-TR07,P00489,Stress Management Workshop,2025-01-28,2025-01-30,11.7
P00489-TR08,P00489,Jungle Warfare Refresher,2025-12-31,2026-01-01,7.5
P00489-TR09,P00489,Weapons Refresher,2024-10-08,2024-10-09,5.7
P00489-TR10,P00489,Crowd Management,2025-06-02,2025-06-03,5.4
P00489-TR11,P00489,Communications and Signals,2025-04-27,2025-05-01,30.6
P00489-TR12,P00489,Counter-IED Awareness,2026-07-15,2026-07-18,23.6
P00490-TR01,P00490,Physical Efficiency Test Preparation,2026-03-08,2026-03-11,26.6
P00490-TR02,P00490,Weapons Refresher,2025-01-16,2025-01-17,4.4
P00490-TR03,P00490,Weapons Refresher,2026-08-19,2026-08-24,37.5
P00490-TR04,P00490,Communications and Signals,2025-09-25,2025-09-27,19.7
P00490-TR05,P00490,Physical Efficiency Test Preparation,2025-01-31,2025-02-03,19.7
P00490-TR06,P00490,Physical Efficiency Test Preparation,2026-02-11,2026-02-13,9.7
P00490-TR07,P00490,Stress Management Workshop,2025-02-01,2025-02-04,21.5
P00490-TR08,P00490,Crowd Management,2025-07-10,2025-07-11,12.7
P00490-TR09,P00490,Stress Management Workshop,2026-06-26,2026-06-28,12.7
P00490-TR10,P00490,Jungle Warfare Refresher,2024-12-04,2024-12-07,25.2
P00490-TR11,P00490,Jungle Warfare Refresher,2025-05-03,2025-05-07,33.2
P00490-TR12,P00490,Counter-IED Awareness,2026-07-29,2026-08-01,26.3
P00490-TR13,P00490,Weapons Refresher,2025-10-12,2025-10-14,15.8
P00490-TR14,P00490,Jungle Warfare Refresher,2026-04-19,2026-04-20,4.0
P00490-TR15,P00490,Counter-IED Awareness,2026-02-17,2026-02-18,7.5
P00491-TR01,P00491,Crowd Management,2025-05-22,2025-05-24,12.7
P00491-TR02,P00491,Jungle Warfare Refresher,2025-10-15,2025-10-17,12.5
P00491-TR03,P00491,Jungle Warfare Refresher,2024-11-02,2024-11-03,5.4
P00491-TR04,P00491,First Response and Trauma Care,2025-07-30,2025-08-04,40.7
P00491-TR05,P00491,Jungle Warfare Refresher,2025-05-16,2025-05-18,20.8
P00491-TR06,P00491,Jungle Warfare Refresher,2024-10-29,2024-11-02,27.1
P00491-TR07,P00491,Stress Management Workshop,2025-05-30,2025-05-31,12.7
P00491-TR08,P00491,Counter-IED Awareness,2026-06-02,2026-06-04,12.6
P00491-TR09,P00491,First Response and Trauma Care,2025-06-21,2025-06-23,17.0
P00492-TR01,P00492,Jungle Warfare Refresher,2025-09-13,2025-09-18,37.9
P00492-TR02,P00492,First Response and Trauma Care,2025-05-04,2025-05-05,6.0
P00492-TR03,P00492,Crowd Management,2026-04-04,2026-04-07,23.6
P00492-TR04,P00492,Jungle Warfare Refresher,2025-02-05,2025-02-10,35.1
P00492-TR05,P00492,Weapons Refresher,2026-01-06,2026-01-10,30.7
P00492-TR06,P00492,Physical Efficiency Test Preparation,2026-02-18,2026-02-23,37.1
P00492-TR07,P00492,Weapons Refresher,2026-05-04,2026-05-08,34.4
P00492-TR08,P00492,Weapons Refresher,2026-05-18,2026-05-19,13.4
P00493-TR01,P00493,Physical Efficiency Test Preparation,2025-03-06,2025-03-08,14.8
P00493-TR02,P00493,Communications and Signals,2025-07-16,2025-07-19,29.1
P00493-TR03,P00493,Jungle Warfare Refresher,2024-09-30,2024-10-01,7.2
P00493-TR04,P00493,Communications and Signals,2025-10-21,2025-10-27,50.5
P00493-TR05,P00493,Jungle Warfare Refresher,2026-03-01,2026-03-05,34.6
P00493-TR06,P00493,Stress Management Workshop,2025-11-07,2025-11-11,35.0
P00493-TR07,P00493,Counter-IED Awareness,2024-09-18,2024-09-22,33.5
P00493-TR08,P00493,Physical Efficiency Test Preparation,2025-07-09,2025-07-12,19.8
P00493-TR09,P00493,First Response and Trauma Care,2026-06-24,2026-06-27,21.6
P00493-TR10,P00493,Physical Efficiency Test Preparation,2025-10-03,2025-10-05,16.1
P00494-TR01,P00494,Crowd Management,2026-05-21,2026-05-22,4.1
P00494-TR02,P00494,Stress Management Workshop,2026-03-19,2026-03-23,28.9
P00494-TR03,P00494,Crowd Management,2026-08-19,2026-08-22,18.2
P00494-TR04,P00494,Jungle Warfare Refresher,2025-10-23,2025-10-24,7.0
P00494-TR05,P00494,Communications and Signals,2024-10-28,2024-10-29,6.6
P00494-TR06,P00494,First Response and Trauma Care,2026-02-23,2026-02-25,18.1
P00494-TR07,P00494,Counter-IED Awareness,2025-05-21,2025-05-22,11.5
P00494-TR08,P00494,Counter-IED Awareness,2025-10-04,2025-10-07,23.5
P00494-TR09,P00494,Communications and Signals,2026-02-18,2026-02-21,27.9
P00494-TR10,P00494,Communications and Signals,2025-08-15,2025-08-20,40.5
P00494-TR11,P00494,Communications and Signals,2024-11-29,2024-12-01,19.2
P00494-TR12,P00494,Crowd Management,2024-12-04,2024-12-06,12.5
P00494-TR13,P00494,Crowd Management,2025-09-07,2025-09-08,6.3
P00494-TR14,P00494,Physical Efficiency Test Preparation,2025-01-12,2025-01-16,29.1
P00494-TR15,P00494,Weapons Refresher,2025-04-20,2025-04-26,44.8
P00494-TR16,P00494,Physical Efficiency Test Preparation,2024-11-09,2024-11-13,26.9
P00495-TR01,P00495,First Response and Trauma Care,2026-06-03,2026-06-05,8.6
P00495-TR02,P00495,Counter-IED Awareness,2025-07-21,2025-07-25,34.3
P00495-TR03,P00495,Physical Efficiency Test Preparation,2026-08-11,2026-08-15,34.0
P00495-TR04,P00495,First Response and Trauma Care,2025-01-16,2025-01-20,34.9
P00495-TR05,P00495,First Response and Trauma Care,2025-06-16,2025-06-17,5.7
P00495-TR06,P00495,Physical Efficiency Test Preparation,2025-05-31,2025-06-04,32.1
P00495-TR07,P00495,Weapons Refresher,2024-09-04,2024-09-08,32.3
P00495-TR08,P00495,Jungle Warfare Refresher,2025-11-29,2025-12-02,28.6
P00495-TR09,P00495,Counter-IED Awareness,2026-02-26,2026-02-27,5.0
P00496-TR01,P00496,Physical Efficiency Test Preparation,2026-07-04,2026-07-08,33.6
P00496-TR02,P00496,Counter-IED Awareness,2025-02-10,2025-02-12,15.3
P00496-TR03,P00496,Crowd Management,2026-07-14,2026-07-16,19.8
P00496-TR04,P00496,Communications and Signals,2026-07-31,2026-08-01,4.0
P00496-TR05,P00496,Communications and Signals,2026-02-14,2026-02-16,12.9
P00496-TR06,P00496,Communications and Signals,2025-06-16,2025-06-21,37.5
P00496-TR07,P00496,Counter-IED Awareness,2025-01-27,2025-01-30,23.5
P00496-TR08,P00496,Stress Management Workshop,2025-08-28,2025-08-29,5.3
P00496-TR09,P00496,Counter-IED Awareness,2025-08-12,2025-08-15,29.7
P00497-TR01,P00497,Physical Efficiency Test Preparation,2026-03-24,2026-03-26,19.7
P00497-TR02,P00497,First Response and Trauma Care,2025-08-16,2025-08-18,14.3
P00497-TR03,P00497,Stress Management Workshop,2025-07-03,2025-07-06,25.3
P00497-TR04,P00497,Counter-IED Awareness,2026-01-15,2026-01-16,4.4
P00497-TR05,P00497,First Response and Trauma Care,2025-07-12,2025-07-15,19.3
P00497-TR06,P00497,First Response and Trauma Care,2025-02-20,2025-02-27,51.2
P00497-TR07,P00497,Counter-IED Awareness,2025-04-17,2025-04-18,7.0
P00497-TR08,P00497,Counter-IED Awareness,2025-01-15,2025-01-16,4.0
P00497-TR09,P00497,Weapons Refresher,2025-08-10,2025-08-13,22.9
P00497-TR10,P00497,Crowd Management,2025-03-11,2025-03-12,9.6
P00497-TR11,P00497,Weapons Refresher,2024-12-30,2025-01-02,19.1
P00498-TR01,P00498,Counter-IED Awareness,2026-05-24,2026-05-28,32.5
P00498-TR02,P00498,Communications and Signals,2025-06-24,2025-06-30,45.5
P00498-TR03,P00498,First Response and Trauma Care,2024-10-24,2024-10-27,29.8
P00498-TR04,P00498,Communications and Signals,2025-02-02,2025-02-03,6.4
P00498-TR05,P00498,Communications and Signals,2025-05-25,2025-05-27,12.0
P00499-TR01,P00499,Crowd Management,2025-02-06,2025-02-08,10.8
P00499-TR02,P00499,Weapons Refresher,2026-06-27,2026-06-28,6.3
P00499-TR03,P00499,Physical Efficiency Test Preparation,2026-02-04,2026-02-05,7.9
P00499-TR04,P00499,First Response and Trauma Care,2024-09-03,2024-09-04,14.0
P00499-TR05,P00499,Counter-IED Awareness,2024-10-17,2024-10-19,17.5
P00499-TR06,P00499,Physical Efficiency Test Preparation,2024-12-07,2024-12-08,9.5
P00499-TR07,P00499,Weapons Refresher,2025-07-05,2025-07-06,9.8
P00499-TR08,P00499,Stress Management Workshop,2024-11-13,2024-11-17,33.9
P00499-TR09,P00499,Counter-IED Awareness,2026-03-06,2026-03-07,8.9
P00499-TR10,P00499,Counter-IED Awareness,2025-02-10,2025-02-11,7.6
P00499-TR11,P00499,First Response and Trauma Care,2025-04-25,2025-04-30,38.6
P00499-TR12,P00499,Stress Management Workshop,2024-09-12,2024-09-14,14.6
P00499-TR13,P00499,Stress Management Workshop,2026-07-11,2026-07-12,7.5
P00499-TR14,P00499,Communications and Signals,2024-12-17,2024-12-21,28.5
P00499-TR15,P00499,Crowd Management,2026-04-08,2026-04-12,29.8
P00499-TR16,P00499,Crowd Management,2024-12-18,2024-12-24,44.5
P00499-TR17,P00499,Counter-IED Awareness,2026-04-28,2026-04-29,8.0
P00499-TR18,P00499,Counter-IED Awareness,2026-05-18,2026-05-22,26.1
P00499-TR19,P00499,First Response and Trauma Care,2025-07-04,2025-07-08,29.2
P00499-TR20,P00499,First Response and Trauma Care,2025-10-15,2025-10-16,14.2
P00499-TR21,P00499,Counter-IED Awareness,2025-10-12,2025-10-14,16.3
P00499-TR22,P00499,Jungle Warfare Refresher,2026-03-29,2026-04-01,23.5
P00499-TR23,P00499,First Response and Trauma Care,2025-03-10,2025-03-11,4.6
P00500-TR01,P00500,Communications and Signals,2025-05-17,2025-05-20,16.6
P00500-TR02,P00500,Communications and Signals,2026-01-17,2026-01-25,60.0
P00500-TR03,P00500,Stress Management Workshop,2024-11-21,2024-11-23,11.4
P00500-TR04,P00500,Crowd Management,2025-01-18,2025-01-24,45.6
P00500-TR05,P00500,Stress Management Workshop,2025-05-19,2025-05-20,13.4
P00500-TR06,P00500,First Response and Trauma Care,2026-08-19,2026-08-22,18.3
P00500-TR07,P00500,First Response and Trauma Care,2024-10-06,2024-10-08,17.0
P00500-TR08,P00500,Physical Efficiency Test Preparation,2025-12-17,2025-12-22,39.0
P00500-TR09,P00500,Weapons Refresher,2025-10-30,2025-10-31,7.0
P00501-TR01,P00501,Stress Management Workshop,2025-09-17,2025-09-18,5.7
P00501-TR02,P00501,Counter-IED Awareness,2025-06-18,2025-06-21,18.5
P00501-TR03,P00501,Stress Management Workshop,2025-11-14,2025-11-21,60.0
P00501-TR04,P00501,Jungle Warfare Refresher,2025-12-08,2025-12-10,16.1
P00501-TR05,P00501,Jungle Warfare Refresher,2024-09-14,2024-09-16,17.6
P00501-TR06,P00501,Physical Efficiency Test Preparation,2024-10-26,2024-10-28,19.0
P00501-TR07,P00501,Counter-IED Awareness,2025-01-21,2025-01-24,22.6
P00501-TR08,P00501,Physical Efficiency Test Preparation,2026-07-14,2026-07-19,37.1
P00501-TR09,P00501,Jungle Warfare Refresher,2024-11-29,2024-12-01,16.6
P00501-TR10,P00501,Jungle Warfare Refresher,2025-11-14,2025-11-17,28.9
P00501-TR11,P00501,First Response and Trauma Care,2026-03-27,2026-03-31,27.6
P00501-TR12,P00501,Communications and Signals,2024-12-20,2024-12-22,22.4
P00501-TR13,P00501,Jungle Warfare Refresher,2025-04-05,2025-04-06,5.8
P00501-TR14,P00501,Stress Management Workshop,2025-07-27,2025-07-30,25.5
P00501-TR15,P00501,Communications and Signals,2026-01-14,2026-01-19,43.0
P00501-TR16,P00501,Counter-IED Awareness,2025-07-01,2025-07-04,25.6
P00501-TR17,P00501,Crowd Management,2025-08-14,2025-08-16,16.4
P00501-TR18,P00501,Communications and Signals,2025-04-27,2025-04-29,16.5
P00502-TR01,P00502,Weapons Refresher,2024-11-19,2024-11-22,17.4
P00502-TR02,P00502,Crowd Management,2025-10-22,2025-10-24,18.5
P00502-TR03,P00502,Physical Efficiency Test Preparation,2024-11-29,2024-12-03,26.4
P00502-TR04,P00502,Physical Efficiency Test Preparation,2026-08-22,2026-08-25,25.8
P00502-TR05,P00502,Weapons Refresher,2025-04-25,2025-04-26,5.6
P00502-TR06,P00502,First Response and Trauma Care,2025-05-21,2025-05-22,11.7
P00502-TR07,P00502,Weapons Refresher,2024-09-15,2024-09-18,23.7
P00502-TR08,P00502,Weapons Refresher,2025-05-06,2025-05-10,26.5
P00502-TR09,P00502,First Response and Trauma Care,2025-10-20,2025-10-23,19.7
P00502-TR10,P00502,Weapons Refresher,2026-02-10,2026-02-11,13.9
P00502-TR11,P00502,Weapons Refresher,2025-12-15,2025-12-18,19.4
P00502-TR12,P00502,Jungle Warfare Refresher,2026-05-14,2026-05-19,40.0
P00502-TR13,P00502,Crowd Management,2025-01-18,2025-01-19,10.4
P00502-TR14,P00502,Physical Efficiency Test Preparation,2024-10-18,2024-10-24,47.7
P00502-TR15,P00502,Weapons Refresher,2026-04-23,2026-04-26,26.6
P00502-TR16,P00502,Jungle Warfare Refresher,2026-01-09,2026-01-12,30.9
P00502-TR17,P00502,Stress Management Workshop,2025-10-21,2025-10-26,38.2
P00502-TR18,P00502,Physical Efficiency Test Preparation,2026-03-05,2026-03-09,31.3
P00503-TR01,P00503,Jungle Warfare Refresher,2024-11-08,2024-11-11,24.4
P00503-TR02,P00503,Physical Efficiency Test Preparation,2024-12-03,2024-12-07,36.9
P00503-TR03,P00503,Jungle Warfare Refresher,2025-02-24,2025-02-26,11.0
P00503-TR04,P00503,Physical Efficiency Test Preparation,2024-10-15,2024-10-16,10.7
P00503-TR05,P00503,Communications and Signals,2025-05-31,2025-06-03,24.0
P00503-TR06,P00503,Jungle Warfare Refresher,2025-04-01,2025-04-03,17.7
P00503-TR07,P00503,Communications and Signals,2026-03-19,2026-03-21,12.0
P00503-TR08,P00503,Communications and Signals,2024-10-02,2024-10-05,25.4
P00503-TR09,P00503,Communications and Signals,2025-06-28,2025-07-01,25.6
P00503-TR10,P00503,Crowd Management,2025-04-20,2025-04-21,11.9
P00503-TR11,P00503,Jungle Warfare Refresher,2024-09-25,2024-09-28,24.2
P00503-TR12,P00503,Weapons Refresher,2025-04-11,2025-04-12,6.9
P00503-TR13,P00503,Crowd Management,2026-06-26,2026-06-30,29.6
P00503-TR14,P00503,Stress Management Workshop,2025-08-13,2025-08-15,15.6
P00503-TR15,P00503,Physical Efficiency Test Preparation,2026-08-25,2026-08-27,18.9
P00504-TR01,P00504,Crowd Management,2025-10-23,2025-10-25,17.4
P00504-TR02,P00504,Counter-IED Awareness,2026-01-07,2026-01-08,11.5
P00504-TR03,P00504,First Response and Trauma Care,2026-04-17,2026-04-24,56.0
P00504-TR04,P00504,Counter-IED Awareness,2025-09-10,2025-09-14,32.8
P00504-TR05,P00504,Counter-IED Awareness,2024-12-20,2024-12-23,25.2
P00504-TR06,P00504,Communications and Signals,2025-02-27,2025-03-01,12.1
P00504-TR07,P00504,Jungle Warfare Refresher,2026-04-11,2026-04-15,31.5
P00504-TR08,P00504,Weapons Refresher,2024-11-02,2024-11-05,22.8
P00504-TR09,P00504,Counter-IED Awareness,2026-05-03,2026-05-05,12.1
P00504-TR10,P00504,Weapons Refresher,2025-09-13,2025-09-16,20.1
P00504-TR11,P00504,Physical Efficiency Test Preparation,2025-06-09,2025-06-11,11.2
P00504-TR12,P00504,Weapons Refresher,2025-11-14,2025-11-15,7.6
P00505-TR01,P00505,Physical Efficiency Test Preparation,2025-04-13,2025-04-14,8.8
P00505-TR02,P00505,Weapons Refresher,2026-01-19,2026-01-23,31.7
P00505-TR03,P00505,Stress Management Workshop,2024-10-29,2024-11-03,33.1
P00505-TR04,P00505,Communications and Signals,2025-07-15,2025-07-19,27.5
P00505-TR05,P00505,Weapons Refresher,2025-08-26,2025-08-28,10.5
P00505-TR06,P00505,Counter-IED Awareness,2025-03-05,2025-03-07,13.7
P00506-TR01,P00506,Stress Management Workshop,2025-04-01,2025-04-02,12.8
P00506-TR02,P00506,Crowd Management,2025-08-27,2025-08-29,18.2
P00506-TR03,P00506,Counter-IED Awareness,2025-03-19,2025-03-21,15.8
P00506-TR04,P00506,First Response and Trauma Care,2026-02-24,2026-02-27,24.9
P00506-TR05,P00506,Jungle Warfare Refresher,2024-12-24,2024-12-29,34.0
P00506-TR06,P00506,Jungle Warfare Refresher,2025-01-29,2025-02-01,18.8
P00506-TR07,P00506,Jungle Warfare Refresher,2025-01-29,2025-01-31,15.5
P00506-TR08,P00506,First Response and Trauma Care,2025-06-09,2025-06-11,15.9
P00506-TR09,P00506,Stress Management Workshop,2025-11-04,2025-11-07,29.0
P00506-TR10,P00506,Counter-IED Awareness,2026-06-26,2026-06-28,16.2
P00506-TR11,P00506,Weapons Refresher,2025-07-14,2025-07-19,35.6
P00506-TR12,P00506,Crowd Management,2026-01-13,2026-01-17,29.5
P00507-TR01,P00507,Stress Management Workshop,2026-08-02,2026-08-03,7.3
P00507-TR02,P00507,Physical Efficiency Test Preparation,2026-05-01,2026-05-06,39.1
P00507-TR03,P00507,First Response and Trauma Care,2024-11-22,2024-11-24,16.9
P00507-TR04,P00507,Crowd Management,2025-07-01,2025-07-06,37.8
P00507-TR05,P00507,Counter-IED Awareness,2025-10-20,2025-10-22,14.9
P00507-TR06,P00507,First Response and Trauma Care,2025-05-03,2025-05-05,16.5
P00507-TR07,P00507,Crowd Management,2025-12-26,2025-12-28,13.0
P00507-TR08,P00507,Counter-IED Awareness,2025-01-30,2025-02-01,17.5
P00507-TR09,P00507,Stress Management Workshop,2025-01-18,2025-01-21,19.9
P00507-TR10,P00507,Communications and Signals,2024-09-16,2024-09-20,30.4
P00507-TR11,P00507,Crowd Management,2026-06-12,2026-06-17,34.8
P00508-TR01,P00508,Counter-IED Awareness,2025-04-05,2025-04-09,28.3
P00508-TR02,P00508,Weapons Refresher,2024-11-10,2024-11-11,5.3
P00508-TR03,P00508,Physical Efficiency Test Preparation,2025-11-04,2025-11-07,19.4
P00508-TR04,P00508,Stress Management Workshop,2025-02-22,2025-02-23,8.0
P00508-TR05,P00508,Physical Efficiency Test Preparation,2025-04-28,2025-05-02,29.0
P00508-TR06,P00508,First Response and Trauma Care,2026-03-15,2026-03-20,40.0
P00508-TR07,P00508,Communications and Signals,2025-03-26,2025-03-29,19.0
P00508-TR08,P00508,Weapons Refresher,2026-07-16,2026-07-19,23.4
P00508-TR09,P00508,First Response and Trauma Care,2025-03-17,2025-03-19,18.1
P00509-TR01,P00509,Stress Management Workshop,2026-06-28,2026-07-01,25.8
P00509-TR02,P00509,Weapons Refresher,2024-12-20,2024-12-22,14.5
P00509-TR03,P00509,Jungle Warfare Refresher,2025-12-11,2025-12-12,10.6
P00509-TR04,P00509,Weapons Refresher,2026-04-06,2026-04-10,27.3
P00509-TR05,P00509,Counter-IED Awareness,2025-06-16,2025-06-18,17.2
P00509-TR06,P00509,Stress Management Workshop,2026-03-29,2026-03-31,16.3
P00509-TR07,P00509,Jungle Warfare Refresher,2024-10-24,2024-10-26,16.6
P00509-TR08,P00509,Counter-IED Awareness,2026-08-06,2026-08-09,19.5
P00509-TR09,P00509,Weapons Refresher,2024-11-09,2024-11-13,36.4
P00509-TR10,P00509,First Response and Trauma Care,2025-06-18,2025-06-22,26.6
P00509-TR11,P00509,Crowd Management,2025-12-05,2025-12-06,4.0
P00509-TR12,P00509,Weapons Refresher,2026-02-15,2026-02-19,26.3
P00510-TR01,P00510,Jungle Warfare Refresher,2024-12-05,2024-12-07,8.3
P00510-TR02,P00510,Weapons Refresher,2024-10-11,2024-10-13,13.2
P00510-TR03,P00510,First Response and Trauma Care,2026-04-11,2026-04-13,20.7
P00510-TR04,P00510,Counter-IED Awareness,2024-11-10,2024-11-12,15.8
P00510-TR05,P00510,Weapons Refresher,2025-01-21,2025-01-22,8.0
P00510-TR06,P00510,Counter-IED Awareness,2024-11-21,2024-11-23,13.5
P00510-TR07,P00510,First Response and Trauma Care,2025-08-14,2025-08-17,27.7
P00510-TR08,P00510,Communications and Signals,2025-06-23,2025-06-25,13.4
P00510-TR09,P00510,Weapons Refresher,2026-07-17,2026-07-21,30.0
P00510-TR10,P00510,Communications and Signals,2026-02-06,2026-02-09,24.1
P00510-TR11,P00510,Stress Management Workshop,2025-11-13,2025-11-14,7.1
P00510-TR12,P00510,Stress Management Workshop,2025-08-28,2025-09-03,48.1
P00510-TR13,P00510,Counter-IED Awareness,2025-06-23,2025-06-27,33.5
P00511-TR01,P00511,Weapons Refresher,2025-12-11,2025-12-17,44.3
P00511-TR02,P00511,Physical Efficiency Test Preparation,2026-02-09,2026-02-12,22.0
P00511-TR03,P00511,Communications and Signals,2024-09-30,2024-10-03,30.2
P00511-TR04,P00511,Counter-IED Awareness,2024-10-11,2024-10-14,17.2
P00511-TR05,P00511,Weapons Refresher,2026-05-01,2026-05-03,18.5
P00511-TR06,P00511,Stress Management Workshop,2025-03-29,2025-03-30,9.7
P00511-TR07,P00511,Jungle Warfare Refresher,2024-12-22,2024-12-25,22.6
P00511-TR08,P00511,Counter-IED Awareness,2026-03-16,2026-03-20,26.3
P00511-TR09,P00511,Crowd Management,2025-08-12,2025-08-14,17.0
P00511-TR10,P00511,First Response and Trauma Care,2026-05-28,2026-05-31,19.8
P00511-TR11,P00511,Physical Efficiency Test Preparation,2026-07-26,2026-07-29,23.1
P00511-TR12,P00511,Counter-IED Awareness,2025-12-18,2025-12-22,34.6
P00511-TR13,P00511,Communications and Signals,2026-05-28,2026-05-31,26.1
P00511-TR14,P00511,Communications and Signals,2026-07-13,2026-07-14,5.9
P00511-TR15,P00511,Counter-IED Awareness,2025-04-16,2025-04-24,60.0
P00511-TR16,P00511,Weapons Refresher,2025-08-20,2025-08-24,37.0
P00511-TR17,P00511,Stress Management Workshop,2026-01-03,2026-01-06,25.7
P00512-TR01,P00512,Communications and Signals,2026-04-10,2026-04-14,28.5
P00512-TR02,P00512,First Response and Trauma Care,2026-04-10,2026-04-16,50.2
P00512-TR03,P00512,Physical Efficiency Test Preparation,2025-03-18,2025-03-21,23.4
P00512-TR04,P00512,Crowd Management,2024-09-29,2024-10-02,30.8
P00512-TR05,P00512,Physical Efficiency Test Preparation,2024-12-30,2025-01-02,26.8
P00512-TR06,P00512,Jungle Warfare Refresher,2024-12-19,2024-12-20,6.9
P00512-TR07,P00512,Communications and Signals,2025-04-10,2025-04-14,31.8
P00512-TR08,P00512,First Response and Trauma Care,2025-01-22,2025-01-24,18.6
P00512-TR09,P00512,Physical Efficiency Test Preparation,2026-01-20,2026-01-21,5.2
P00512-TR10,P00512,Counter-IED Awareness,2025-07-07,2025-07-14,57.3
P00512-TR11,P00512,Counter-IED Awareness,2025-04-25,2025-04-26,6.2
P00512-TR12,P00512,Crowd Management,2024-11-18,2024-11-19,8.1
P00512-TR13,P00512,Stress Management Workshop,2026-06-01,2026-06-04,21.4
P00512-TR14,P00512,Weapons Refresher,2025-03-15,2025-03-16,7.8
P00513-TR01,P00513,Counter-IED Awareness,2024-10-07,2024-10-14,53.4
P00513-TR02,P00513,First Response and Trauma Care,2025-11-11,2025-11-14,30.1
P00513-TR03,P00513,Jungle Warfare Refresher,2026-02-12,2026-02-17,37.2
P00513-TR04,P00513,First Response and Trauma Care,2025-04-16,2025-04-19,17.8
P00513-TR05,P00513,First Response and Trauma Care,2026-06-30,2026-07-04,36.3
P00513-TR06,P00513,Stress Management Workshop,2026-05-24,2026-05-26,14.8
P00513-TR07,P00513,Jungle Warfare Refresher,2024-12-11,2024-12-13,20.7
P00513-TR08,P00513,Communications and Signals,2025-05-10,2025-05-12,22.9
P00513-TR09,P00513,Weapons Refresher,2025-09-17,2025-09-18,7.8
P00513-TR10,P00513,Counter-IED Awareness,2025-10-15,2025-10-16,14.0
P00513-TR11,P00513,Stress Management Workshop,2024-09-22,2024-09-25,23.6
P00513-TR12,P00513,Physical Efficiency Test Preparation,2025-11-24,2025-11-25,9.8
P00513-TR13,P00513,First Response and Trauma Care,2026-01-21,2026-01-23,16.4
P00514-TR01,P00514,Crowd Management,2025-10-14,2025-10-19,43.2
P00514-TR02,P00514,Weapons Refresher,2026-02-20,2026-02-24,26.3
P00514-TR03,P00514,Physical Efficiency Test Preparation,2024-09-09,2024-09-11,14.6
P00515-TR01,P00515,Physical Efficiency Test Preparation,2025-09-30,2025-10-01,9.6
P00515-TR02,P00515,Communications and Signals,2025-11-06,2025-11-13,60.0
P00515-TR03,P00515,First Response and Trauma Care,2025-03-26,2025-03-28,15.3
P00515-TR04,P00515,First Response and Trauma Care,2026-05-13,2026-05-15,17.0
P00515-TR05,P00515,Communications and Signals,2025-04-08,2025-04-10,21.3
P00515-TR06,P00515,First Response and Trauma Care,2025-03-20,2025-03-25,42.5
P00515-TR07,P00515,First Response and Trauma Care,2025-04-04,2025-04-05,9.5
P00515-TR08,P00515,Communications and Signals,2025-06-28,2025-06-29,11.6
P00515-TR09,P00515,Stress Management Workshop,2024-09-07,2024-09-10,24.1
P00516-TR01,P00516,Communications and Signals,2026-03-02,2026-03-05,24.2
P00516-TR02,P00516,Crowd Management,2026-06-02,2026-06-04,18.2
P00516-TR03,P00516,Counter-IED Awareness,2024-10-24,2024-10-26,12.9
P00516-TR04,P00516,First Response and Trauma Care,2026-02-20,2026-02-21,10.7
P00516-TR05,P00516,First Response and Trauma Care,2025-06-08,2025-06-16,60.0
P00516-TR06,P00516,Jungle Warfare Refresher,2025-01-28,2025-01-30,19.2
P00517-TR01,P00517,Weapons Refresher,2025-04-10,2025-04-14,25.5
P00517-TR02,P00517,Counter-IED Awareness,2024-10-25,2024-10-29,31.2
P00517-TR03,P00517,Counter-IED Awareness,2024-11-02,2024-11-05,20.9
P00517-TR04,P00517,Jungle Warfare Refresher,2025-06-14,2025-06-21,54.8
P00517-TR05,P00517,Jungle Warfare Refresher,2026-01-20,2026-01-24,30.5
P00517-TR06,P00517,Weapons Refresher,2025-10-12,2025-10-14,21.3
P00517-TR07,P00517,Crowd Management,2024-09-12,2024-09-14,16.2
P00517-TR08,P00517,Stress Management Workshop,2025-01-14,2025-01-16,13.5
P00518-TR01,P00518,Physical Efficiency Test Preparation,2026-08-27,2026-09-01,53.1
P00518-TR02,P00518,Physical Efficiency Test Preparation,2026-07-04,2026-07-08,28.6
P00518-TR03,P00518,Physical Efficiency Test Preparation,2026-08-28,2026-08-29,7.4
P00518-TR04,P00518,Stress Management Workshop,2025-08-19,2025-08-20,6.0
P00518-TR05,P00518,Crowd Management,2026-03-22,2026-03-23,4.0
P00518-TR06,P00518,Crowd Management,2025-12-29,2025-12-31,17.2
P00519-TR01,P00519,Crowd Management,2024-10-15,2024-10-21,47.6
P00519-TR02,P00519,Counter-IED Awareness,2024-09-10,2024-09-16,49.3
P00519-TR03,P00519,First Response and Trauma Care,2026-08-10,2026-08-14,26.7
P00519-TR04,P00519,Weapons Refresher,2026-06-04,2026-06-05,9.4
P00519-TR05,P00519,Weapons Refresher,2026-01-03,2026-01-10,51.0
P00519-TR06,P00519,Counter-IED Awareness,2025-09-21,2025-09-23,16.9
P00519-TR07,P00519,Stress Management Workshop,2026-08-05,2026-08-06,10.2
P00519-TR08,P00519,Weapons Refresher,2026-01-24,2026-01-28,34.2
P00519-TR09,P00519,Jungle Warfare Refresher,2026-07-24,2026-07-25,4.0
P00519-TR10,P00519,Communications and Signals,2026-06-02,2026-06-03,4.3
P00520-TR01,P00520,Stress Management Workshop,2024-10-31,2024-11-04,30.2
P00520-TR02,P00520,Crowd Management,2024-10-23,2024-10-24,8.3
P00520-TR03,P00520,Weapons Refresher,2025-03-02,2025-03-05,21.6
P00520-TR04,P00520,Stress Management Workshop,2025-05-26,2025-05-27,9.4
P00520-TR05,P00520,Physical Efficiency Test Preparation,2026-04-02,2026-04-05,23.3
P00520-TR06,P00520,Counter-IED Awareness,2025-04-04,2025-04-08,38.7
P00520-TR07,P00520,Physical Efficiency Test Preparation,2026-02-01,2026-02-06,36.9
P00520-TR08,P00520,Communications and Signals,2025-08-23,2025-08-24,11.6
P00520-TR09,P00520,Communications and Signals,2024-09-08,2024-09-12,33.3
P00520-TR10,P00520,Weapons Refresher,2025-09-26,2025-09-29,30.2
P00520-TR11,P00520,Physical Efficiency Test Preparation,2026-08-07,2026-08-11,27.6
P00521-TR01,P00521,First Response and Trauma Care,2026-05-03,2026-05-05,18.2
P00521-TR02,P00521,Jungle Warfare Refresher,2026-07-03,2026-07-04,11.3
P00521-TR03,P00521,Crowd Management,2024-11-13,2024-11-14,9.6
P00521-TR04,P00521,Stress Management Workshop,2025-09-28,2025-10-03,39.7
P00521-TR05,P00521,Crowd Management,2026-01-01,2026-01-05,27.9
P00521-TR06,P00521,First Response and Trauma Care,2025-08-25,2025-08-26,6.9
P00521-TR07,P00521,First Response and Trauma Care,2024-11-06,2024-11-10,30.3
P00521-TR08,P00521,Crowd Management,2024-11-02,2024-11-07,34.2
P00521-TR09,P00521,Crowd Management,2025-04-22,2025-04-24,12.3
P00521-TR10,P00521,Weapons Refresher,2025-09-04,2025-09-08,27.2
P00521-TR11,P00521,First Response and Trauma Care,2024-10-30,2024-11-04,37.6
P00521-TR12,P00521,First Response and Trauma Care,2024-10-08,2024-10-13,43.6
P00521-TR13,P00521,Stress Management Workshop,2025-07-25,2025-07-28,18.9
P00521-TR14,P00521,First Response and Trauma Care,2025-02-01,2025-02-04,23.9
P00522-TR01,P00522,Weapons Refresher,2025-07-03,2025-07-04,7.6
P00522-TR02,P00522,Crowd Management,2025-06-22,2025-06-23,9.6
P00522-TR03,P00522,Physical Efficiency Test Preparation,2024-10-29,2024-10-30,6.9
P00522-TR04,P00522,Physical Efficiency Test Preparation,2024-09-08,2024-09-10,18.3
P00522-TR05,P00522,Jungle Warfare Refresher,2026-08-15,2026-08-17,10.9
P00522-TR06,P00522,Crowd Management,2025-01-06,2025-01-12,46.3
P00522-TR07,P00522,Weapons Refresher,2025-09-27,2025-10-03,45.0
P00522-TR08,P00522,Counter-IED Awareness,2026-08-09,2026-08-11,12.4
P00522-TR09,P00522,Weapons Refresher,2025-11-05,2025-11-08,20.7
P00522-TR10,P00522,Counter-IED Awareness,2025-08-20,2025-08-22,15.0
P00522-TR11,P00522,Stress Management Workshop,2024-12-15,2024-12-19,28.1
P00522-TR12,P00522,Physical Efficiency Test Preparation,2026-04-18,2026-04-19,7.0
P00522-TR13,P00522,Crowd Management,2025-06-17,2025-06-19,16.9
P00522-TR14,P00522,Counter-IED Awareness,2026-02-06,2026-02-08,17.1
P00522-TR15,P00522,Weapons Refresher,2026-08-22,2026-08-26,29.3
P00522-TR16,P00522,First Response and Trauma Care,2025-09-04,2025-09-11,52.7
P00523-TR01,P00523,Physical Efficiency Test Preparation,2025-06-08,2025-06-12,36.1
P00523-TR02,P00523,First Response and Trauma Care,2025-02-17,2025-02-19,18.0
P00523-TR03,P00523,Counter-IED Awareness,2024-12-15,2024-12-17,13.5
P00523-TR04,P00523,Communications and Signals,2026-08-03,2026-08-08,44.9
P00523-TR05,P00523,Crowd Management,2025-09-18,2025-09-19,4.0
P00523-TR06,P00523,Crowd Management,2026-07-13,2026-07-20,48.6
P00523-TR07,P00523,Counter-IED Awareness,2025-08-27,2025-08-28,8.1
P00523-TR08,P00523,Communications and Signals,2025-02-18,2025-02-21,21.3
P00524-TR01,P00524,Counter-IED Awareness,2025-11-05,2025-11-09,25.9
P00524-TR02,P00524,Crowd Management,2025-10-02,2025-10-03,9.0
P00524-TR03,P00524,Crowd Management,2025-09-25,2025-09-26,4.0
P00524-TR04,P00524,First Response and Trauma Care,2026-05-08,2026-05-12,30.9
P00524-TR05,P00524,Communications and Signals,2024-09-22,2024-09-24,13.7
P00524-TR06,P00524,First Response and Trauma Care,2024-10-12,2024-10-17,41.6
P00524-TR07,P00524,Counter-IED Awareness,2026-04-20,2026-04-23,21.8
P00524-TR08,P00524,Communications and Signals,2025-12-27,2025-12-29,12.0
P00525-TR01,P00525,Communications and Signals,2026-06-18,2026-06-19,9.2
P00526-TR01,P00526,Weapons Refresher,2025-01-22,2025-01-25,25.1
P00526-TR02,P00526,Jungle Warfare Refresher,2025-04-17,2025-04-18,9.9
P00526-TR03,P00526,Weapons Refresher,2025-05-03,2025-05-04,6.0
P00526-TR04,P00526,First Response and Trauma Care,2024-12-08,2024-12-13,39.5
P00526-TR05,P00526,Physical Efficiency Test Preparation,2025-04-04,2025-04-06,13.6
P00526-TR06,P00526,Physical Efficiency Test Preparation,2024-12-11,2024-12-17,44.4
P00526-TR07,P00526,First Response and Trauma Care,2026-06-26,2026-06-28,18.5
P00526-TR08,P00526,Communications and Signals,2026-04-08,2026-04-15,60.0
P00526-TR09,P00526,Jungle Warfare Refresher,2025-08-17,2025-08-18,9.5
P00526-TR10,P00526,First Response and Trauma Care,2025-03-16,2025-03-18,16.8
P00527-TR01,P00527,Counter-IED Awareness,2026-07-05,2026-07-07,11.8
P00527-TR02,P00527,Physical Efficiency Test Preparation,2025-08-08,2025-08-10,17.7
P00527-TR03,P00527,Stress Management Workshop,2025-01-29,2025-01-31,16.4
P00527-TR04,P00527,Communications and Signals,2024-12-22,2024-12-24,18.3
P00527-TR05,P00527,Weapons Refresher,2025-06-18,2025-06-24,43.4
P00527-TR06,P00527,Crowd Management,2026-03-26,2026-03-28,18.7
P00527-TR07,P00527,First Response and Trauma Care,2026-02-25,2026-03-01,29.8
P00527-TR08,P00527,Physical Efficiency Test Preparation,2025-03-09,2025-03-11,18.8
P00527-TR09,P00527,Crowd Management,2025-09-18,2025-09-22,34.3
P00527-TR10,P00527,Physical Efficiency Test Preparation,2025-11-07,2025-11-12,39.1
P00527-TR11,P00527,Communications and Signals,2026-04-03,2026-04-06,23.9
P00527-TR12,P00527,Crowd Management,2026-07-12,2026-07-14,18.5
P00527-TR13,P00527,Weapons Refresher,2024-10-02,2024-10-06,35.4
P00527-TR14,P00527,Stress Management Workshop,2026-04-18,2026-04-19,11.1
P00528-TR01,P00528,Jungle Warfare Refresher,2024-10-26,2024-10-29,19.1
P00528-TR02,P00528,First Response and Trauma Care,2025-02-26,2025-02-27,5.8
P00528-TR03,P00528,Weapons Refresher,2025-11-27,2025-11-29,20.4
P00528-TR04,P00528,Communications and Signals,2025-06-04,2025-06-08,34.5
P00528-TR05,P00528,Physical Efficiency Test Preparation,2025-11-26,2025-11-30,31.2
P00528-TR06,P00528,First Response and Trauma Care,2026-08-05,2026-08-07,16.5
P00528-TR07,P00528,Communications and Signals,2025-01-01,2025-01-06,38.0
P00528-TR08,P00528,Weapons Refresher,2026-02-23,2026-02-24,7.5
P00528-TR09,P00528,Counter-IED Awareness,2025-02-10,2025-02-12,19.6
P00528-TR10,P00528,Physical Efficiency Test Preparation,2025-08-05,2025-08-07,8.3
P00528-TR11,P00528,Communications and Signals,2026-04-25,2026-04-26,12.2
P00528-TR12,P00528,Stress Management Workshop,2026-02-09,2026-02-10,6.0
P00528-TR13,P00528,First Response and Trauma Care,2025-03-21,2025-03-23,15.7
P00528-TR14,P00528,Physical Efficiency Test Preparation,2025-05-18,2025-05-21,27.1
P00528-TR15,P00528,Communications and Signals,2025-07-05,2025-07-12,60.0
P00528-TR16,P00528,Communications and Signals,2025-01-18,2025-01-21,21.5
P00528-TR17,P00528,First Response and Trauma Care,2024-09-08,2024-09-09,6.0
P00529-TR01,P00529,Counter-IED Awareness,2025-04-09,2025-04-13,32.1
P00529-TR02,P00529,Weapons Refresher,2026-03-29,2026-03-31,20.6
P00529-TR03,P00529,Jungle Warfare Refresher,2026-04-20,2026-04-26,44.6
P00529-TR04,P00529,Jungle Warfare Refresher,2025-09-27,2025-09-30,29.3
P00529-TR05,P00529,Communications and Signals,2025-09-09,2025-09-12,19.1
P00529-TR06,P00529,Crowd Management,2026-03-13,2026-03-14,4.0
P00529-TR07,P00529,Crowd Management,2024-09-01,2024-09-05,28.6
P00529-TR08,P00529,Physical Efficiency Test Preparation,2025-07-31,2025-08-05,38.8
P00529-TR09,P00529,Counter-IED Awareness,2025-01-24,2025-01-27,25.3
P00529-TR10,P00529,Jungle Warfare Refresher,2025-03-09,2025-03-12,22.1
P00530-TR01,P00530,First Response and Trauma Care,2025-11-12,2025-11-13,11.2
P00530-TR02,P00530,Physical Efficiency Test Preparation,2025-09-02,2025-09-05,22.1
P00530-TR03,P00530,Crowd Management,2026-04-04,2026-04-07,26.9
P00530-TR04,P00530,Weapons Refresher,2025-03-11,2025-03-12,11.3
P00530-TR05,P00530,Communications and Signals,2026-04-23,2026-04-26,22.4
P00530-TR06,P00530,First Response and Trauma Care,2025-03-06,2025-03-12,49.3
P00530-TR07,P00530,Counter-IED Awareness,2026-04-03,2026-04-10,60.0
P00530-TR08,P00530,Communications and Signals,2026-05-23,2026-05-27,31.6
P00530-TR09,P00530,Jungle Warfare Refresher,2025-04-07,2025-04-10,22.1
P00530-TR10,P00530,Crowd Management,2025-05-21,2025-05-27,49.8
P00530-TR11,P00530,First Response and Trauma Care,2025-09-21,2025-09-24,21.3
P00530-TR12,P00530,Counter-IED Awareness,2025-08-30,2025-09-03,30.4
P00530-TR13,P00530,Weapons Refresher,2025-04-24,2025-04-27,21.3
P00531-TR01,P00531,Communications and Signals,2024-11-04,2024-11-05,6.6
P00531-TR02,P00531,Crowd Management,2024-12-15,2024-12-18,23.9
P00531-TR03,P00531,Weapons Refresher,2026-04-11,2026-04-13,14.1
P00531-TR04,P00531,Stress Management Workshop,2025-01-20,2025-01-23,21.2
P00531-TR05,P00531,Stress Management Workshop,2025-04-15,2025-04-18,24.1
P00531-TR06,P00531,Jungle Warfare Refresher,2025-09-08,2025-09-14,45.0
P00531-TR07,P00531,Crowd Management,2025-06-20,2025-06-22,20.7
P00531-TR08,P00531,Jungle Warfare Refresher,2026-01-03,2026-01-06,28.6
P00531-TR09,P00531,Jungle Warfare Refresher,2025-02-11,2025-02-15,31.0
P00531-TR10,P00531,Communications and Signals,2026-03-30,2026-04-03,33.6
P00531-TR11,P00531,Counter-IED Awareness,2025-06-11,2025-06-18,52.2
P00531-TR12,P00531,First Response and Trauma Care,2026-01-17,2026-01-19,16.5
P00531-TR13,P00531,Communications and Signals,2024-09-29,2024-09-30,8.7
P00532-TR01,P00532,Stress Management Workshop,2025-08-22,2025-08-27,40.3
P00532-TR02,P00532,Physical Efficiency Test Preparation,2026-04-08,2026-04-10,8.8
P00532-TR03,P00532,Jungle Warfare Refresher,2026-01-19,2026-01-24,43.8
P00532-TR04,P00532,Counter-IED Awareness,2026-04-15,2026-04-18,26.6
P00532-TR05,P00532,Jungle Warfare Refresher,2026-03-28,2026-04-01,37.6
P00532-TR06,P00532,First Response and Trauma Care,2026-06-28,2026-06-29,9.5
P00532-TR07,P00532,Counter-IED Awareness,2024-10-26,2024-10-29,17.6
P00532-TR08,P00532,First Response and Trauma Care,2025-05-20,2025-05-23,26.0
P00532-TR09,P00532,Counter-IED Awareness,2025-10-01,2025-10-03,17.9
P00532-TR10,P00532,First Response and Trauma Care,2025-09-03,2025-09-08,43.0
P00533-TR01,P00533,Crowd Management,2026-02-09,2026-02-12,26.0
P00533-TR02,P00533,Physical Efficiency Test Preparation,2024-09-02,2024-09-10,60.0
P00533-TR03,P00533,Weapons Refresher,2025-07-06,2025-07-11,36.6
P00533-TR04,P00533,First Response and Trauma Care,2025-06-21,2025-06-23,16.9
P00533-TR05,P00533,Weapons Refresher,2024-11-02,2024-11-05,23.0
P00533-TR06,P00533,Weapons Refresher,2024-12-26,2024-12-29,18.5
P00533-TR07,P00533,Jungle Warfare Refresher,2025-01-23,2025-01-27,36.1
P00533-TR08,P00533,First Response and Trauma Care,2025-12-30,2026-01-04,39.5
P00534-TR01,P00534,Physical Efficiency Test Preparation,2025-04-27,2025-05-02,34.0
P00534-TR02,P00534,Crowd Management,2025-12-13,2025-12-15,17.4
P00534-TR03,P00534,Weapons Refresher,2025-01-01,2025-01-02,6.8
P00534-TR04,P00534,First Response and Trauma Care,2025-07-22,2025-07-28,49.0
P00534-TR05,P00534,Jungle Warfare Refresher,2026-01-18,2026-01-22,33.0
P00534-TR06,P00534,Jungle Warfare Refresher,2026-01-02,2026-01-03,7.3
P00534-TR07,P00534,Communications and Signals,2026-03-14,2026-03-15,8.8
P00534-TR08,P00534,Stress Management Workshop,2025-04-02,2025-04-03,5.9
P00534-TR09,P00534,Communications and Signals,2024-12-22,2024-12-23,12.4
P00534-TR10,P00534,Weapons Refresher,2025-05-21,2025-05-22,7.4
P00534-TR11,P00534,Weapons Refresher,2025-06-03,2025-06-05,11.4
P00534-TR12,P00534,Counter-IED Awareness,2025-09-09,2025-09-11,13.8
P00534-TR13,P00534,Physical Efficiency Test Preparation,2026-07-23,2026-07-31,57.9
P00535-TR01,P00535,Communications and Signals,2024-12-28,2025-01-01,32.9
P00535-TR02,P00535,Physical Efficiency Test Preparation,2025-10-05,2025-10-06,4.0
P00535-TR03,P00535,Jungle Warfare Refresher,2025-08-16,2025-08-17,9.6
P00535-TR04,P00535,Jungle Warfare Refresher,2024-09-16,2024-09-19,23.5
P00535-TR05,P00535,Weapons Refresher,2025-02-19,2025-02-22,25.5
P00535-TR06,P00535,Crowd Management,2024-09-16,2024-09-22,46.3
P00535-TR07,P00535,Crowd Management,2025-09-15,2025-09-18,21.7
P00535-TR08,P00535,Jungle Warfare Refresher,2025-10-03,2025-10-06,20.6
P00535-TR09,P00535,Crowd Management,2026-04-02,2026-04-05,26.1
P00535-TR10,P00535,Weapons Refresher,2025-07-18,2025-07-20,16.1
P00535-TR11,P00535,Counter-IED Awareness,2025-12-04,2025-12-08,35.4
P00535-TR12,P00535,Crowd Management,2025-07-17,2025-07-22,38.6
P00535-TR13,P00535,Stress Management Workshop,2025-05-15,2025-05-17,16.6
P00535-TR14,P00535,Counter-IED Awareness,2025-12-11,2025-12-13,17.5
P00535-TR15,P00535,Jungle Warfare Refresher,2025-04-26,2025-05-01,37.8
P00535-TR16,P00535,Counter-IED Awareness,2026-07-18,2026-07-20,16.7
P00535-TR17,P00535,First Response and Trauma Care,2024-12-29,2024-12-30,13.2
P00535-TR18,P00535,Weapons Refresher,2026-04-30,2026-05-03,20.5
P00535-TR19,P00535,Physical Efficiency Test Preparation,2025-04-22,2025-04-23,7.2
P00535-TR20,P00535,Counter-IED Awareness,2025-02-11,2025-02-13,14.6
P00535-TR21,P00535,Counter-IED Awareness,2024-12-29,2025-01-01,26.0
P00535-TR22,P00535,First Response and Trauma Care,2025-11-28,2025-12-04,48.4
P00535-TR23,P00535,First Response and Trauma Care,2025-12-31,2026-01-02,15.5
P00535-TR24,P00535,Weapons Refresher,2025-09-04,2025-09-05,4.0
P00535-TR25,P00535,Jungle Warfare Refresher,2025-04-01,2025-04-04,23.0
P00535-TR26,P00535,Crowd Management,2024-09-17,2024-09-18,10.1
P00535-TR27,P00535,Jungle Warfare Refresher,2026-08-14,2026-08-15,9.2
P00535-TR28,P00535,Weapons Refresher,2024-10-09,2024-10-12,21.4
P00535-TR29,P00535,Physical Efficiency Test Preparation,2025-03-02,2025-03-04,15.2
P00535-TR30,P00535,Crowd Management,2025-10-11,2025-10-15,26.2
P00535-TR31,P00535,Weapons Refresher,2026-08-02,2026-08-04,14.4
P00535-TR32,P00535,Jungle Warfare Refresher,2025-11-18,2025-11-19,4.1
P00535-TR33,P00535,Counter-IED Awareness,2026-05-10,2026-05-14,29.3
P00536-TR01,P00536,Stress Management Workshop,2025-08-27,2025-08-30,18.8
P00536-TR02,P00536,Physical Efficiency Test Preparation,2025-03-24,2025-03-26,13.5
P00536-TR03,P00536,Jungle Warfare Refresher,2026-05-18,2026-05-20,22.1
P00536-TR04,P00536,Jungle Warfare Refresher,2026-07-02,2026-07-04,13.3
P00536-TR05,P00536,Crowd Management,2026-08-13,2026-08-15,19.4
P00536-TR06,P00536,Communications and Signals,2026-06-05,2026-06-08,20.0
P00536-TR07,P00536,Counter-IED Awareness,2026-08-11,2026-08-14,21.1
P00536-TR08,P00536,Crowd Management,2026-04-08,2026-04-09,10.8
P00536-TR09,P00536,Physical Efficiency Test Preparation,2025-08-29,2025-08-31,10.1
P00536-TR10,P00536,First Response and Trauma Care,2026-04-18,2026-04-21,26.5
P00536-TR11,P00536,Stress Management Workshop,2025-07-29,2025-07-31,14.4
P00536-TR12,P00536,Crowd Management,2025-05-12,2025-05-14,20.8
P00536-TR13,P00536,Weapons Refresher,2026-01-09,2026-01-11,15.3
P00536-TR14,P00536,Jungle Warfare Refresher,2025-06-14,2025-06-16,13.7
P00536-TR15,P00536,Physical Efficiency Test Preparation,2025-03-08,2025-03-09,5.2
P00536-TR16,P00536,Jungle Warfare Refresher,2025-04-08,2025-04-09,5.4
P00536-TR17,P00536,Communications and Signals,2025-09-27,2025-09-29,19.4
P00536-TR18,P00536,First Response and Trauma Care,2024-09-09,2024-09-10,8.9
P00536-TR19,P00536,Jungle Warfare Refresher,2025-04-01,2025-04-05,24.5
P00536-TR20,P00536,Communications and Signals,2025-06-03,2025-06-05,16.7
P00536-TR21,P00536,First Response and Trauma Care,2025-02-03,2025-02-06,23.7
P00536-TR22,P00536,First Response and Trauma Care,2024-09-26,2024-09-27,7.5
P00537-TR01,P00537,Stress Management Workshop,2026-08-23,2026-08-26,21.6
P00537-TR02,P00537,Communications and Signals,2024-09-27,2024-10-02,34.4
P00537-TR03,P00537,Jungle Warfare Refresher,2025-07-05,2025-07-06,7.4
P00537-TR04,P00537,Physical Efficiency Test Preparation,2026-02-28,2026-03-01,6.4
P00537-TR05,P00537,Physical Efficiency Test Preparation,2024-10-05,2024-10-10,41.5
P00537-TR06,P00537,Counter-IED Awareness,2026-02-12,2026-02-15,26.0
P00537-TR07,P00537,Crowd Management,2025-02-12,2025-02-14,21.4
P00537-TR08,P00537,Stress Management Workshop,2025-07-28,2025-07-30,15.2
P00538-TR01,P00538,Weapons Refresher,2025-10-05,2025-10-10,37.7
P00538-TR02,P00538,Communications and Signals,2025-09-26,2025-09-28,9.8
P00538-TR03,P00538,First Response and Trauma Care,2024-10-21,2024-10-22,8.5
P00538-TR04,P00538,Counter-IED Awareness,2026-01-01,2026-01-03,14.9
P00538-TR05,P00538,Crowd Management,2025-05-16,2025-05-18,14.3
P00538-TR06,P00538,Physical Efficiency Test Preparation,2025-10-30,2025-11-03,28.0
P00538-TR07,P00538,Physical Efficiency Test Preparation,2025-10-19,2025-10-20,13.5
P00538-TR08,P00538,Stress Management Workshop,2025-05-30,2025-06-01,14.6
P00538-TR09,P00538,First Response and Trauma Care,2026-06-17,2026-06-18,4.1
P00538-TR10,P00538,Jungle Warfare Refresher,2026-03-15,2026-03-18,24.3
P00538-TR11,P00538,Communications and Signals,2026-07-28,2026-07-30,15.4
P00538-TR12,P00538,Weapons Refresher,2026-01-29,2026-02-01,25.3
P00538-TR13,P00538,First Response and Trauma Care,2025-06-05,2025-06-07,12.3
P00538-TR14,P00538,Jungle Warfare Refresher,2024-12-31,2025-01-02,16.0
P00538-TR15,P00538,First Response and Trauma Care,2024-09-30,2024-10-03,23.3
P00538-TR16,P00538,Crowd Management,2025-03-12,2025-03-15,23.6
P00539-TR01,P00539,Physical Efficiency Test Preparation,2025-01-12,2025-01-15,26.5
P00539-TR02,P00539,Stress Management Workshop,2026-04-08,2026-04-12,32.0
P00539-TR03,P00539,Physical Efficiency Test Preparation,2025-10-27,2025-11-03,60.0
P00539-TR04,P00539,Communications and Signals,2024-09-15,2024-09-17,15.8
P00539-TR05,P00539,Crowd Management,2025-07-09,2025-07-14,34.5
P00539-TR06,P00539,First Response and Trauma Care,2024-11-16,2024-11-19,23.4
P00540-TR01,P00540,First Response and Trauma Care,2026-05-02,2026-05-05,20.9
P00540-TR02,P00540,Weapons Refresher,2024-09-17,2024-09-18,9.9
P00540-TR03,P00540,Weapons Refresher,2026-04-22,2026-04-24,16.7
P00540-TR04,P00540,Communications and Signals,2024-09-03,2024-09-08,44.9
P00540-TR05,P00540,Counter-IED Awareness,2026-03-23,2026-03-24,10.0
P00540-TR06,P00540,Jungle Warfare Refresher,2025-12-27,2025-12-29,15.2
P00540-TR07,P00540,Physical Efficiency Test Preparation,2025-08-08,2025-08-09,9.8
P00540-TR08,P00540,First Response and Trauma Care,2024-09-28,2024-10-02,33.9
P00540-TR09,P00540,Physical Efficiency Test Preparation,2024-11-06,2024-11-08,20.5
P00540-TR10,P00540,First Response and Trauma Care,2026-05-02,2026-05-05,26.8
P00541-TR01,P00541,Crowd Management,2025-08-06,2025-08-11,38.8
P00541-TR02,P00541,Weapons Refresher,2026-03-14,2026-03-17,25.8
P00541-TR03,P00541,First Response and Trauma Care,2024-10-06,2024-10-08,17.4
P00541-TR04,P00541,Jungle Warfare Refresher,2026-06-10,2026-06-11,6.2
P00542-TR01,P00542,Stress Management Workshop,2026-03-13,2026-03-16,20.1
P00542-TR02,P00542,Physical Efficiency Test Preparation,2025-04-27,2025-04-29,15.6
P00542-TR03,P00542,Physical Efficiency Test Preparation,2024-08-31,2024-09-05,38.6
P00542-TR04,P00542,Stress Management Workshop,2025-05-19,2025-05-21,15.1
P00543-TR01,P00543,Crowd Management,2025-09-23,2025-09-27,31.8
P00543-TR02,P00543,Communications and Signals,2026-06-05,2026-06-08,22.6
P00543-TR03,P00543,First Response and Trauma Care,2025-02-27,2025-03-02,21.9
P00543-TR04,P00543,Counter-IED Awareness,2025-01-20,2025-01-23,21.5
P00543-TR05,P00543,Crowd Management,2025-07-26,2025-07-31,37.1
P00543-TR06,P00543,Communications and Signals,2025-08-19,2025-08-24,34.5
P00543-TR07,P00543,Weapons Refresher,2024-08-31,2024-09-01,4.0
P00543-TR08,P00543,Communications and Signals,2026-06-06,2026-06-13,60.0
P00543-TR09,P00543,Physical Efficiency Test Preparation,2026-08-09,2026-08-12,27.1
P00544-TR01,P00544,Jungle Warfare Refresher,2026-02-03,2026-02-04,12.3
P00544-TR02,P00544,Jungle Warfare Refresher,2026-04-12,2026-04-15,19.0
P00544-TR03,P00544,Crowd Management,2025-06-14,2025-06-17,20.4
P00544-TR04,P00544,Communications and Signals,2025-04-23,2025-04-29,45.4
P00544-TR05,P00544,Counter-IED Awareness,2026-07-21,2026-07-23,12.1
P00544-TR06,P00544,First Response and Trauma Care,2025-08-20,2025-08-23,18.1
P00544-TR07,P00544,Counter-IED Awareness,2026-05-21,2026-05-26,37.8
P00545-TR01,P00545,Communications and Signals,2026-03-15,2026-03-16,12.7
P00545-TR02,P00545,Crowd Management,2025-10-15,2025-10-17,11.9
P00545-TR03,P00545,Weapons Refresher,2026-03-25,2026-03-29,29.1
P00545-TR04,P00545,Stress Management Workshop,2025-01-24,2025-01-28,32.0
P00545-TR05,P00545,Crowd Management,2026-06-28,2026-07-03,38.7
P00545-TR06,P00545,Crowd Management,2024-12-25,2024-12-30,41.2
P00545-TR07,P00545,Jungle Warfare Refresher,2025-07-11,2025-07-15,35.5
P00545-TR08,P00545,Communications and Signals,2026-08-18,2026-08-20,17.5
P00545-TR09,P00545,Communications and Signals,2026-08-17,2026-08-19,10.7
P00545-TR10,P00545,Physical Efficiency Test Preparation,2025-12-02,2025-12-08,49.4
P00545-TR11,P00545,Crowd Management,2025-07-12,2025-07-13,4.5
P00545-TR12,P00545,Jungle Warfare Refresher,2026-08-30,2026-09-01,18.7
P00545-TR13,P00545,Communications and Signals,2026-01-23,2026-01-29,44.5
P00545-TR14,P00545,Counter-IED Awareness,2026-04-03,2026-04-06,18.5
P00546-TR01,P00546,Stress Management Workshop,2026-03-11,2026-03-16,45.1
P00546-TR02,P00546,Crowd Management,2026-04-14,2026-04-16,13.3
P00546-TR03,P00546,Physical Efficiency Test Preparation,2024-10-07,2024-10-11,32.1
P00546-TR04,P00546,Counter-IED Awareness,2026-05-20,2026-05-23,19.3
P00546-TR05,P00546,Crowd Management,2025-10-07,2025-10-10,22.7
P00546-TR06,P00546,Jungle Warfare Refresher,2026-04-27,2026-05-01,24.9
P00546-TR07,P00546,Weapons Refresher,2025-05-19,2025-05-23,35.1
P00546-TR08,P00546,Crowd Management,2025-02-23,2025-03-02,60.0
P00546-TR09,P00546,Counter-IED Awareness,2026-03-23,2026-03-28,37.9
P00547-TR01,P00547,Physical Efficiency Test Preparation,2026-07-18,2026-07-21,24.0
P00547-TR02,P00547,First Response and Trauma Care,2025-06-02,2025-06-06,37.4
P00548-TR01,P00548,Stress Management Workshop,2025-09-28,2025-09-30,10.5
P00548-TR02,P00548,Communications and Signals,2025-06-09,2025-06-10,8.9
P00548-TR03,P00548,First Response and Trauma Care,2024-10-18,2024-10-20,18.3
P00548-TR04,P00548,Physical Efficiency Test Preparation,2025-08-25,2025-08-28,19.9
P00548-TR05,P00548,Communications and Signals,2026-06-22,2026-06-23,8.5
P00548-TR06,P00548,First Response and Trauma Care,2026-07-06,2026-07-07,11.1
P00548-TR07,P00548,Stress Management Workshop,2024-12-28,2024-12-30,13.6
P00548-TR08,P00548,First Response and Trauma Care,2025-01-20,2025-01-27,60.0
P00548-TR09,P00548,Counter-IED Awareness,2026-03-30,2026-04-01,21.2
P00548-TR10,P00548,First Response and Trauma Care,2026-07-18,2026-07-21,22.1
P00548-TR11,P00548,Counter-IED Awareness,2026-06-09,2026-06-10,8.1
P00549-TR01,P00549,Crowd Management,2024-12-05,2024-12-06,7.9
P00549-TR02,P00549,Physical Efficiency Test Preparation,2024-10-25,2024-10-27,15.1
P00549-TR03,P00549,First Response and Trauma Care,2025-09-09,2025-09-12,19.4
P00549-TR04,P00549,Jungle Warfare Refresher,2025-03-11,2025-03-12,11.4
P00549-TR05,P00549,Stress Management Workshop,2026-02-16,2026-02-18,15.3
P00549-TR06,P00549,First Response and Trauma Care,2026-05-10,2026-05-14,29.8
P00550-TR01,P00550,Crowd Management,2026-07-29,2026-08-01,19.6
P00550-TR02,P00550,Stress Management Workshop,2026-03-30,2026-04-02,16.4
P00550-TR03,P00550,Jungle Warfare Refresher,2026-01-09,2026-01-10,7.0
P00550-TR04,P00550,Counter-IED Awareness,2024-10-04,2024-10-05,4.0
P00550-TR05,P00550,Counter-IED Awareness,2026-01-02,2026-01-05,27.3
P00550-TR06,P00550,Weapons Refresher,2025-06-20,2025-06-24,37.7
P00550-TR07,P00550,Jungle Warfare Refresher,2025-10-04,2025-10-07,30.2
P00550-TR08,P00550,Physical Efficiency Test Preparation,2025-09-18,2025-09-22,30.9
P00551-TR01,P00551,Stress Management Workshop,2024-12-23,2024-12-29,52.9
P00551-TR02,P00551,Counter-IED Awareness,2026-08-09,2026-08-10,4.0
P00551-TR03,P00551,Jungle Warfare Refresher,2025-02-19,2025-02-21,12.7
P00551-TR04,P00551,Communications and Signals,2026-06-16,2026-06-17,10.6
P00551-TR05,P00551,Counter-IED Awareness,2025-06-12,2025-06-14,14.4
P00551-TR06,P00551,Stress Management Workshop,2026-08-28,2026-09-01,38.8
P00551-TR07,P00551,Communications and Signals,2024-12-28,2024-12-31,18.2
P00551-TR08,P00551,Crowd Management,2025-01-25,2025-01-26,14.7
P00551-TR09,P00551,Communications and Signals,2026-08-03,2026-08-05,17.7
P00551-TR10,P00551,Communications and Signals,2026-07-24,2026-07-30,46.4
P00551-TR11,P00551,Jungle Warfare Refresher,2025-03-14,2025-03-15,9.3
P00551-TR12,P00551,Communications and Signals,2024-10-28,2024-10-29,7.2
P00551-TR13,P00551,Counter-IED Awareness,2024-08-31,2024-09-02,18.5
P00551-TR14,P00551,Stress Management Workshop,2026-06-11,2026-06-17,45.8
P00552-TR01,P00552,Communications and Signals,2025-09-05,2025-09-08,23.5
P00552-TR02,P00552,Stress Management Workshop,2024-10-04,2024-10-09,47.6
P00552-TR03,P00552,Stress Management Workshop,2025-09-16,2025-09-18,10.1
P00552-TR04,P00552,Counter-IED Awareness,2025-10-16,2025-10-19,23.6
P00552-TR05,P00552,Jungle Warfare Refresher,2025-04-30,2025-05-02,14.7
P00552-TR06,P00552,Crowd Management,2026-02-22,2026-02-26,35.2
P00552-TR07,P00552,First Response and Trauma Care,2025-05-06,2025-05-08,20.8
P00553-TR01,P00553,Communications and Signals,2025-01-13,2025-01-15,14.6
P00553-TR02,P00553,Counter-IED Awareness,2025-07-05,2025-07-07,17.2
P00553-TR03,P00553,Communications and Signals,2026-02-07,2026-02-08,10.1
P00553-TR04,P00553,First Response and Trauma Care,2024-12-18,2024-12-25,60.0
P00553-TR05,P00553,Counter-IED Awareness,2026-02-19,2026-02-21,19.2
P00553-TR06,P00553,Weapons Refresher,2025-05-10,2025-05-13,19.2
P00553-TR07,P00553,First Response and Trauma Care,2025-02-16,2025-02-18,13.9
P00554-TR01,P00554,Jungle Warfare Refresher,2025-07-06,2025-07-08,12.1
P00554-TR02,P00554,Counter-IED Awareness,2025-11-04,2025-11-07,25.4
P00554-TR03,P00554,Weapons Refresher,2026-05-01,2026-05-02,5.5
P00554-TR04,P00554,Jungle Warfare Refresher,2025-11-16,2025-11-17,8.9
P00554-TR05,P00554,Stress Management Workshop,2025-12-10,2025-12-11,10.9
P00554-TR06,P00554,Crowd Management,2026-01-29,2026-01-30,4.0
P00554-TR07,P00554,First Response and Trauma Care,2025-12-12,2025-12-19,52.0
P00554-TR08,P00554,Stress Management Workshop,2026-07-18,2026-07-21,22.4
P00554-TR09,P00554,Jungle Warfare Refresher,2025-08-07,2025-08-08,6.7
P00555-TR01,P00555,Jungle Warfare Refresher,2025-06-16,2025-06-17,12.2
P00555-TR02,P00555,Physical Efficiency Test Preparation,2025-05-14,2025-05-16,18.3
P00555-TR03,P00555,Crowd Management,2026-08-01,2026-08-04,21.9
P00555-TR04,P00555,Crowd Management,2025-12-15,2025-12-23,60.0
P00555-TR05,P00555,Counter-IED Awareness,2024-11-03,2024-11-06,27.9
P00556-TR01,P00556,Stress Management Workshop,2026-06-10,2026-06-13,22.6
P00556-TR02,P00556,Communications and Signals,2024-10-08,2024-10-10,17.2
P00556-TR03,P00556,First Response and Trauma Care,2026-07-13,2026-07-15,18.5
P00556-TR04,P00556,Physical Efficiency Test Preparation,2026-04-02,2026-04-06,35.7
P00556-TR05,P00556,Counter-IED Awareness,2026-07-08,2026-07-11,24.6
P00556-TR06,P00556,First Response and Trauma Care,2025-04-09,2025-04-11,15.2
P00556-TR07,P00556,First Response and Trauma Care,2025-01-27,2025-01-29,14.9
P00556-TR08,P00556,Physical Efficiency Test Preparation,2025-01-27,2025-01-29,16.2
P00556-TR09,P00556,Crowd Management,2026-01-08,2026-01-10,21.5
P00556-TR10,P00556,First Response and Trauma Care,2026-08-25,2026-08-26,6.5
P00556-TR11,P00556,Jungle Warfare Refresher,2025-03-27,2025-03-29,9.5
P00557-TR01,P00557,Weapons Refresher,2026-08-26,2026-09-01,42.3
P00557-TR02,P00557,Weapons Refresher,2026-08-04,2026-08-07,19.6
P00557-TR03,P00557,First Response and Trauma Care,2025-07-03,2025-07-08,33.5
P00557-TR04,P00557,First Response and Trauma Care,2025-01-22,2025-01-28,42.3
P00557-TR05,P00557,Counter-IED Awareness,2025-05-31,2025-06-01,10.5
P00557-TR06,P00557,First Response and Trauma Care,2025-09-25,2025-09-26,14.7
P00557-TR07,P00557,Counter-IED Awareness,2026-03-14,2026-03-18,26.8
P00557-TR08,P00557,Weapons Refresher,2026-08-09,2026-08-12,25.2
P00557-TR09,P00557,Communications and Signals,2025-07-26,2025-07-29,22.8
P00558-TR01,P00558,Stress Management Workshop,2025-02-02,2025-02-05,22.6
P00558-TR02,P00558,Communications and Signals,2025-01-11,2025-01-14,21.1
P00558-TR03,P00558,Communications and Signals,2024-10-15,2024-10-18,19.8
P00558-TR04,P00558,Jungle Warfare Refresher,2024-09-04,2024-09-10,45.8
P00558-TR05,P00558,Stress Management Workshop,2025-04-18,2025-04-23,42.9
P00559-TR01,P00559,First Response and Trauma Care,2026-07-18,2026-07-22,33.5
P00559-TR02,P00559,Weapons Refresher,2026-06-01,2026-06-02,14.1
P00559-TR03,P00559,Counter-IED Awareness,2024-09-18,2024-09-23,37.1
P00559-TR04,P00559,Physical Efficiency Test Preparation,2026-07-03,2026-07-06,24.0
P00559-TR05,P00559,First Response and Trauma Care,2025-09-07,2025-09-09,19.1
P00559-TR06,P00559,Jungle Warfare Refresher,2024-12-22,2024-12-28,46.0
P00559-TR07,P00559,First Response and Trauma Care,2025-11-12,2025-11-13,8.2
P00559-TR08,P00559,Counter-IED Awareness,2025-07-14,2025-07-16,11.8
P00559-TR09,P00559,Physical Efficiency Test Preparation,2026-06-15,2026-06-16,4.0
P00559-TR10,P00559,Counter-IED Awareness,2026-08-28,2026-08-29,4.6
P00559-TR11,P00559,Communications and Signals,2026-02-22,2026-02-23,11.0
P00559-TR12,P00559,Counter-IED Awareness,2025-07-31,2025-08-06,47.6
P00559-TR13,P00559,Stress Management Workshop,2025-11-20,2025-11-23,28.3
P00559-TR14,P00559,Stress Management Workshop,2025-07-11,2025-07-13,16.1
P00559-TR15,P00559,First Response and Trauma Care,2024-11-23,2024-11-28,37.8
P00560-TR01,P00560,Counter-IED Awareness,2025-07-13,2025-07-15,16.7
P00560-TR02,P00560,Communications and Signals,2026-03-26,2026-04-01,49.9
P00560-TR03,P00560,Physical Efficiency Test Preparation,2024-11-13,2024-11-15,19.2
P00560-TR04,P00560,Crowd Management,2025-03-07,2025-03-08,8.8
P00560-TR05,P00560,Counter-IED Awareness,2025-06-16,2025-06-23,60.0
P00560-TR06,P00560,Jungle Warfare Refresher,2026-01-23,2026-01-26,20.6
P00560-TR07,P00560,Weapons Refresher,2026-08-27,2026-08-30,23.3
P00560-TR08,P00560,Counter-IED Awareness,2025-05-31,2025-06-03,23.9
P00560-TR09,P00560,Jungle Warfare Refresher,2026-05-01,2026-05-07,46.5
P00560-TR10,P00560,Jungle Warfare Refresher,2025-11-12,2025-11-13,12.9
P00560-TR11,P00560,First Response and Trauma Care,2026-02-16,2026-02-17,7.6
P00561-TR01,P00561,First Response and Trauma Care,2025-12-08,2025-12-14,52.7
P00561-TR02,P00561,Jungle Warfare Refresher,2025-01-25,2025-01-26,7.6
P00561-TR03,P00561,First Response and Trauma Care,2025-09-19,2025-09-21,17.3
P00561-TR04,P00561,First Response and Trauma Care,2025-03-02,2025-03-06,36.1
P00561-TR05,P00561,Physical Efficiency Test Preparation,2026-05-11,2026-05-16,36.4
P00561-TR06,P00561,Weapons Refresher,2025-10-03,2025-10-06,20.1
P00561-TR07,P00561,Crowd Management,2025-11-18,2025-11-23,34.9
P00561-TR08,P00561,Stress Management Workshop,2025-12-20,2025-12-24,34.4
P00562-TR01,P00562,Jungle Warfare Refresher,2024-12-07,2024-12-10,21.7
P00562-TR02,P00562,Counter-IED Awareness,2025-02-04,2025-02-11,59.9
P00562-TR03,P00562,Communications and Signals,2026-02-07,2026-02-12,41.1
P00562-TR04,P00562,Jungle Warfare Refresher,2025-11-24,2025-11-26,21.0
P00562-TR05,P00562,Communications and Signals,2026-07-30,2026-08-02,20.7
P00562-TR06,P00562,Physical Efficiency Test Preparation,2026-03-11,2026-03-16,39.2
P00562-TR07,P00562,Jungle Warfare Refresher,2024-10-19,2024-10-21,21.2
P00563-TR01,P00563,Jungle Warfare Refresher,2025-09-15,2025-09-18,26.2
P00563-TR02,P00563,Counter-IED Awareness,2026-02-19,2026-02-21,21.3
P00563-TR03,P00563,Weapons Refresher,2026-03-03,2026-03-04,4.9
P00563-TR04,P00563,First Response and Trauma Care,2025-03-14,2025-03-18,31.6
P00563-TR05,P00563,Stress Management Workshop,2025-07-09,2025-07-10,4.0
P00563-TR06,P00563,First Response and Trauma Care,2024-12-06,2024-12-11,38.7
P00563-TR07,P00563,Physical Efficiency Test Preparation,2026-06-12,2026-06-13,10.2
P00563-TR08,P00563,Counter-IED Awareness,2026-01-16,2026-01-19,21.6
P00563-TR09,P00563,Jungle Warfare Refresher,2024-09-05,2024-09-06,9.7
P00563-TR10,P00563,First Response and Trauma Care,2026-03-09,2026-03-11,14.5
P00564-TR01,P00564,Jungle Warfare Refresher,2026-07-06,2026-07-08,12.0
P00564-TR02,P00564,Communications and Signals,2026-05-09,2026-05-16,51.0
P00564-TR03,P00564,Weapons Refresher,2024-11-09,2024-11-11,13.6
P00564-TR04,P00564,Jungle Warfare Refresher,2025-10-14,2025-10-17,28.7
P00564-TR05,P00564,Physical Efficiency Test Preparation,2026-07-15,2026-07-17,23.6
P00564-TR06,P00564,Jungle Warfare Refresher,2026-05-15,2026-05-17,16.6
P00564-TR07,P00564,Crowd Management,2025-11-04,2025-11-06,17.3
P00564-TR08,P00564,Stress Management Workshop,2025-01-02,2025-01-05,22.4
P00564-TR09,P00564,Counter-IED Awareness,2025-10-04,2025-10-06,10.6
P00565-TR01,P00565,First Response and Trauma Care,2024-11-01,2024-11-05,33.4
P00565-TR02,P00565,Weapons Refresher,2024-11-15,2024-11-18,24.9
P00565-TR03,P00565,First Response and Trauma Care,2025-01-28,2025-01-29,6.7
P00565-TR04,P00565,Communications and Signals,2025-01-14,2025-01-19,32.9
P00565-TR05,P00565,Stress Management Workshop,2025-10-18,2025-10-21,19.7
P00565-TR06,P00565,Stress Management Workshop,2025-07-11,2025-07-12,4.0
P00565-TR07,P00565,Weapons Refresher,2025-07-23,2025-07-27,35.6
P00565-TR08,P00565,Counter-IED Awareness,2026-07-02,2026-07-03,11.9
P00565-TR09,P00565,Physical Efficiency Test Preparation,2025-11-09,2025-11-12,21.4
P00566-TR01,P00566,Stress Management Workshop,2026-01-09,2026-01-11,15.1
P00566-TR02,P00566,Communications and Signals,2025-03-26,2025-03-27,12.3
P00566-TR03,P00566,Weapons Refresher,2024-11-07,2024-11-09,16.4
P00566-TR04,P00566,Physical Efficiency Test Preparation,2026-06-30,2026-07-01,4.0
P00566-TR05,P00566,First Response and Trauma Care,2025-04-30,2025-05-03,28.3
P00566-TR06,P00566,Weapons Refresher,2025-11-04,2025-11-07,26.7
P00566-TR07,P00566,First Response and Trauma Care,2025-01-15,2025-01-16,12.9
P00566-TR08,P00566,Counter-IED Awareness,2025-04-11,2025-04-14,26.4
P00566-TR09,P00566,First Response and Trauma Care,2025-11-29,2025-12-03,32.9
P00566-TR10,P00566,Physical Efficiency Test Preparation,2025-01-04,2025-01-07,22.2
P00566-TR11,P00566,Crowd Management,2025-06-15,2025-06-16,6.4
P00566-TR12,P00566,First Response and Trauma Care,2026-02-16,2026-02-17,5.9
P00568-TR01,P00568,Counter-IED Awareness,2025-07-13,2025-07-16,27.6
P00568-TR02,P00568,Physical Efficiency Test Preparation,2025-05-27,2025-06-01,46.0
P00568-TR03,P00568,First Response and Trauma Care,2026-05-25,2026-05-26,5.0
P00568-TR04,P00568,First Response and Trauma Care,2024-10-22,2024-10-25,26.2
P00568-TR05,P00568,Crowd Management,2026-01-16,2026-01-18,19.5
P00568-TR06,P00568,First Response and Trauma Care,2025-06-03,2025-06-07,29.6
P00568-TR07,P00568,Jungle Warfare Refresher,2026-03-31,2026-04-01,8.7
P00568-TR08,P00568,Crowd Management,2025-07-22,2025-07-24,21.0
P00568-TR09,P00568,Stress Management Workshop,2026-05-13,2026-05-15,8.3
P00568-TR10,P00568,Crowd Management,2025-12-11,2025-12-12,9.6
P00568-TR11,P00568,Jungle Warfare Refresher,2025-06-20,2025-06-22,15.8
P00568-TR12,P00568,First Response and Trauma Care,2026-03-17,2026-03-21,39.4
P00568-TR13,P00568,Counter-IED Awareness,2025-05-20,2025-05-25,42.6
P00568-TR14,P00568,Counter-IED Awareness,2025-01-25,2025-01-26,6.7
P00568-TR15,P00568,Counter-IED Awareness,2024-09-24,2024-09-25,13.3
P00569-TR01,P00569,Stress Management Workshop,2026-02-24,2026-02-28,28.0
P00569-TR02,P00569,Jungle Warfare Refresher,2025-08-12,2025-08-16,28.1
P00569-TR03,P00569,Stress Management Workshop,2025-09-28,2025-10-03,39.4
P00569-TR04,P00569,Physical Efficiency Test Preparation,2025-06-18,2025-06-23,38.3
P00569-TR05,P00569,Jungle Warfare Refresher,2025-09-20,2025-09-23,23.9
P00569-TR06,P00569,Weapons Refresher,2024-11-03,2024-11-07,35.8
P00570-TR01,P00570,Stress Management Workshop,2025-01-08,2025-01-10,15.0
P00570-TR02,P00570,Weapons Refresher,2025-05-01,2025-05-04,17.8
P00570-TR03,P00570,Weapons Refresher,2025-09-13,2025-09-15,16.7
P00570-TR04,P00570,Jungle Warfare Refresher,2026-08-02,2026-08-04,17.3
P00570-TR05,P00570,Crowd Management,2026-04-02,2026-04-07,44.0
P00570-TR06,P00570,Counter-IED Awareness,2024-11-29,2024-12-02,17.9
P00570-TR07,P00570,Jungle Warfare Refresher,2025-01-01,2025-01-06,42.0
P00570-TR08,P00570,Weapons Refresher,2026-07-25,2026-07-27,12.0
P00570-TR09,P00570,Communications and Signals,2026-07-29,2026-08-02,30.8
P00570-TR10,P00570,Weapons Refresher,2024-09-20,2024-09-23,20.6
P00570-TR11,P00570,Crowd Management,2026-07-09,2026-07-12,27.0
P00570-TR12,P00570,Jungle Warfare Refresher,2026-04-16,2026-04-20,29.3
P00570-TR13,P00570,Crowd Management,2025-08-19,2025-08-22,20.3
P00570-TR14,P00570,Communications and Signals,2025-12-11,2025-12-14,21.4
P00571-TR01,P00571,First Response and Trauma Care,2025-09-03,2025-09-07,27.2
P00571-TR02,P00571,Counter-IED Awareness,2025-01-22,2025-01-25,29.2
P00571-TR03,P00571,Communications and Signals,2025-12-14,2025-12-21,53.8
P00571-TR04,P00571,Jungle Warfare Refresher,2026-03-03,2026-03-08,37.5
P00571-TR05,P00571,Crowd Management,2025-05-15,2025-05-18,18.9
P00571-TR06,P00571,Communications and Signals,2024-10-17,2024-10-19,15.7
P00571-TR07,P00571,First Response and Trauma Care,2026-08-03,2026-08-05,11.6
P00571-TR08,P00571,Physical Efficiency Test Preparation,2024-10-22,2024-10-27,38.9
P00571-TR09,P00571,Weapons Refresher,2025-06-27,2025-06-28,13.7
P00571-TR10,P00571,Physical Efficiency Test Preparation,2026-01-21,2026-01-22,7.2
P00572-TR01,P00572,Communications and Signals,2026-02-12,2026-02-13,4.1
P00572-TR02,P00572,Physical Efficiency Test Preparation,2025-08-27,2025-08-29,20.2
P00572-TR03,P00572,Crowd Management,2026-06-02,2026-06-05,18.4
P00572-TR04,P00572,Crowd Management,2026-04-22,2026-04-24,16.8
P00572-TR05,P00572,Physical Efficiency Test Preparation,2026-06-06,2026-06-12,46.9
P00572-TR06,P00572,Stress Management Workshop,2024-09-02,2024-09-07,38.5
P00572-TR07,P00572,First Response and Trauma Care,2026-05-31,2026-06-04,32.2
P00572-TR08,P00572,Jungle Warfare Refresher,2025-03-09,2025-03-13,31.5
P00572-TR09,P00572,Communications and Signals,2026-08-05,2026-08-06,4.0
P00572-TR10,P00572,Physical Efficiency Test Preparation,2025-11-30,2025-12-01,5.9
P00572-TR11,P00572,Communications and Signals,2026-07-18,2026-07-19,9.7
P00572-TR12,P00572,Communications and Signals,2026-03-16,2026-03-19,22.6
P00572-TR13,P00572,Counter-IED Awareness,2025-08-03,2025-08-05,14.3
P00572-TR14,P00572,Communications and Signals,2025-04-26,2025-04-27,11.3
P00572-TR15,P00572,Physical Efficiency Test Preparation,2026-04-25,2026-04-26,6.3
P00572-TR16,P00572,Weapons Refresher,2025-04-08,2025-04-10,14.1
P00572-TR17,P00572,Crowd Management,2025-03-02,2025-03-04,16.2
P00572-TR18,P00572,Weapons Refresher,2025-02-20,2025-02-24,26.2
P00572-TR19,P00572,First Response and Trauma Care,2024-12-02,2024-12-03,13.6
P00572-TR20,P00572,Weapons Refresher,2026-07-29,2026-07-31,13.0
P00572-TR21,P00572,Counter-IED Awareness,2025-07-12,2025-07-13,5.9
P00573-TR01,P00573,Weapons Refresher,2026-08-16,2026-08-18,16.1
P00573-TR02,P00573,First Response and Trauma Care,2026-05-24,2026-05-27,23.9
P00573-TR03,P00573,Communications and Signals,2024-10-16,2024-10-18,9.4
P00573-TR04,P00573,Physical Efficiency Test Preparation,2025-09-14,2025-09-15,11.2
P00573-TR05,P00573,Counter-IED Awareness,2025-09-22,2025-09-23,11.2
P00573-TR06,P00573,Jungle Warfare Refresher,2026-01-19,2026-01-21,17.1
P00573-TR07,P00573,Crowd Management,2025-07-21,2025-07-22,15.1
P00573-TR08,P00573,Weapons Refresher,2025-05-06,2025-05-08,17.9
P00573-TR09,P00573,Weapons Refresher,2025-01-29,2025-01-31,14.5
P00573-TR10,P00573,Jungle Warfare Refresher,2026-07-28,2026-08-01,29.4
P00573-TR11,P00573,Physical Efficiency Test Preparation,2025-05-24,2025-05-26,19.8
P00573-TR12,P00573,Counter-IED Awareness,2025-04-06,2025-04-10,33.4
P00573-TR13,P00573,Communications and Signals,2026-08-05,2026-08-09,28.8
P00573-TR14,P00573,Jungle Warfare Refresher,2025-01-07,2025-01-09,17.7
P00573-TR15,P00573,First Response and Trauma Care,2025-10-07,2025-10-09,16.5
P00573-TR16,P00573,Jungle Warfare Refresher,2024-10-01,2024-10-03,13.7
P00574-TR01,P00574,Jungle Warfare Refresher,2024-12-19,2024-12-22,20.9
P00574-TR02,P00574,First Response and Trauma Care,2026-03-17,2026-03-19,10.6
P00574-TR03,P00574,Crowd Management,2026-07-04,2026-07-08,32.1
P00574-TR04,P00574,First Response and Trauma Care,2025-07-19,2025-07-24,33.6
P00574-TR05,P00574,Jungle Warfare Refresher,2025-10-21,2025-10-25,26.7
P00574-TR06,P00574,Jungle Warfare Refresher,2026-03-21,2026-03-23,12.4
P00574-TR07,P00574,Communications and Signals,2025-12-05,2025-12-09,32.2
P00574-TR08,P00574,Physical Efficiency Test Preparation,2025-12-14,2025-12-18,31.2
P00574-TR09,P00574,First Response and Trauma Care,2025-11-02,2025-11-04,16.3
P00574-TR10,P00574,Crowd Management,2026-03-17,2026-03-21,35.2
P00574-TR11,P00574,Crowd Management,2026-02-28,2026-03-03,18.0
P00574-TR12,P00574,First Response and Trauma Care,2025-07-12,2025-07-16,26.5
P00574-TR13,P00574,Stress Management Workshop,2026-06-05,2026-06-10,37.9
P00574-TR14,P00574,Physical Efficiency Test Preparation,2024-11-08,2024-11-09,14.8
P00575-TR01,P00575,Weapons Refresher,2026-02-22,2026-02-28,50.9
P00575-TR02,P00575,First Response and Trauma Care,2026-08-24,2026-08-25,14.7
P00575-TR03,P00575,Stress Management Workshop,2025-04-02,2025-04-04,15.4
P00575-TR04,P00575,First Response and Trauma Care,2025-11-13,2025-11-16,27.5
P00575-TR05,P00575,Weapons Refresher,2025-11-26,2025-12-03,55.5
P00575-TR06,P00575,Communications and Signals,2026-05-16,2026-05-21,39.1
P00575-TR07,P00575,Weapons Refresher,2025-09-05,2025-09-11,49.2
P00575-TR08,P00575,Jungle Warfare Refresher,2026-01-02,2026-01-03,7.8
P00575-TR09,P00575,First Response and Trauma Care,2025-01-26,2025-01-27,12.0
P00575-TR10,P00575,Counter-IED Awareness,2024-10-25,2024-10-28,27.1
P00575-TR11,P00575,Crowd Management,2024-12-28,2025-01-04,54.4
P00575-TR12,P00575,First Response and Trauma Care,2025-01-10,2025-01-13,21.5
P00576-TR01,P00576,Communications and Signals,2026-03-30,2026-04-04,40.0
P00576-TR02,P00576,First Response and Trauma Care,2025-08-18,2025-08-24,44.9
P00576-TR03,P00576,Jungle Warfare Refresher,2025-10-31,2025-11-01,10.7
P00576-TR04,P00576,Weapons Refresher,2025-09-11,2025-09-13,18.5
P00576-TR05,P00576,Crowd Management,2024-09-28,2024-10-01,20.9
P00576-TR06,P00576,Physical Efficiency Test Preparation,2024-10-05,2024-10-07,17.9
P00576-TR07,P00576,Counter-IED Awareness,2024-12-13,2024-12-15,17.3
P00576-TR08,P00576,Weapons Refresher,2026-07-13,2026-07-15,17.5
P00576-TR09,P00576,Stress Management Workshop,2025-08-25,2025-08-28,24.0
P00577-TR01,P00577,Crowd Management,2026-08-02,2026-08-04,18.8
P00577-TR02,P00577,Physical Efficiency Test Preparation,2025-04-17,2025-04-21,27.7
P00577-TR03,P00577,Physical Efficiency Test Preparation,2025-01-10,2025-01-12,20.3
P00577-TR04,P00577,Jungle Warfare Refresher,2026-04-17,2026-04-18,8.1
P00577-TR05,P00577,Communications and Signals,2024-09-19,2024-09-21,17.2
P00577-TR06,P00577,Counter-IED Awareness,2025-12-21,2025-12-24,16.6
P00577-TR07,P00577,First Response and Trauma Care,2025-08-12,2025-08-20,58.4
P00577-TR08,P00577,Stress Management Workshop,2024-09-18,2024-09-22,34.3
P00577-TR09,P00577,Communications and Signals,2025-09-24,2025-09-26,13.8
P00577-TR10,P00577,Stress Management Workshop,2026-05-07,2026-05-09,23.0
P00577-TR11,P00577,Weapons Refresher,2026-07-11,2026-07-14,22.6
P00577-TR12,P00577,Counter-IED Awareness,2024-10-08,2024-10-09,8.6
P00578-TR01,P00578,Stress Management Workshop,2025-06-26,2025-06-30,25.9
P00578-TR02,P00578,Communications and Signals,2026-05-16,2026-05-17,11.1
P00578-TR03,P00578,Crowd Management,2025-03-08,2025-03-10,18.8
P00578-TR04,P00578,Weapons Refresher,2024-09-12,2024-09-13,5.2
P00578-TR05,P00578,Jungle Warfare Refresher,2026-08-11,2026-08-14,26.5
P00578-TR06,P00578,Stress Management Workshop,2025-09-16,2025-09-18,9.8
P00578-TR07,P00578,Stress Management Workshop,2026-02-16,2026-02-18,16.2
P00578-TR08,P00578,Jungle Warfare Refresher,2025-10-23,2025-10-25,15.7
P00578-TR09,P00578,First Response and Trauma Care,2025-09-02,2025-09-04,15.9
P00578-TR10,P00578,Counter-IED Awareness,2025-05-08,2025-05-10,19.0
P00578-TR11,P00578,Crowd Management,2024-12-07,2024-12-09,13.5
P00578-TR12,P00578,Crowd Management,2025-05-20,2025-05-21,12.8
P00578-TR13,P00578,First Response and Trauma Care,2025-01-20,2025-01-21,9.1
P00579-TR01,P00579,Counter-IED Awareness,2025-08-09,2025-08-11,17.3
P00579-TR02,P00579,Counter-IED Awareness,2026-08-21,2026-08-22,4.1
P00579-TR03,P00579,Jungle Warfare Refresher,2025-08-21,2025-08-28,51.4
P00579-TR04,P00579,Crowd Management,2025-11-12,2025-11-13,6.0
P00579-TR05,P00579,Physical Efficiency Test Preparation,2025-03-04,2025-03-09,39.9
P00579-TR06,P00579,Communications and Signals,2026-08-12,2026-08-15,29.5
P00579-TR07,P00579,Stress Management Workshop,2025-08-19,2025-08-20,12.5
P00579-TR08,P00579,Jungle Warfare Refresher,2025-01-09,2025-01-11,19.3
P00579-TR09,P00579,Communications and Signals,2026-07-27,2026-07-29,18.5
P00579-TR10,P00579,Communications and Signals,2025-07-01,2025-07-02,9.4
P00579-TR11,P00579,Physical Efficiency Test Preparation,2025-07-21,2025-07-24,27.2
P00580-TR01,P00580,Weapons Refresher,2025-04-26,2025-04-29,25.7
P00580-TR02,P00580,Communications and Signals,2026-03-22,2026-03-23,9.9
P00580-TR03,P00580,Physical Efficiency Test Preparation,2026-04-18,2026-04-21,18.5
P00580-TR04,P00580,Stress Management Workshop,2025-02-26,2025-03-01,22.8
P00580-TR05,P00580,Stress Management Workshop,2025-05-15,2025-05-17,14.6
P00580-TR06,P00580,Stress Management Workshop,2025-05-27,2025-05-30,25.0
P00580-TR07,P00580,Crowd Management,2025-04-05,2025-04-10,35.6
P00580-TR08,P00580,Crowd Management,2024-12-14,2024-12-16,15.3
P00580-TR09,P00580,First Response and Trauma Care,2025-02-07,2025-02-08,4.2
P00580-TR10,P00580,Counter-IED Awareness,2025-02-15,2025-02-18,20.2
P00580-TR11,P00580,Stress Management Workshop,2026-06-13,2026-06-18,38.9
P00580-TR12,P00580,Physical Efficiency Test Preparation,2024-10-27,2024-10-30,25.7
P00580-TR13,P00580,First Response and Trauma Care,2025-01-24,2025-01-27,27.8
P00580-TR14,P00580,Jungle Warfare Refresher,2025-03-22,2025-03-23,10.2
P00580-TR15,P00580,First Response and Trauma Care,2026-04-23,2026-04-27,33.5
P00580-TR16,P00580,Stress Management Workshop,2025-02-02,2025-02-03,4.7
P00581-TR01,P00581,Communications and Signals,2025-07-19,2025-07-22,20.3
P00581-TR02,P00581,Counter-IED Awareness,2026-06-07,2026-06-09,18.2
P00581-TR03,P00581,Communications and Signals,2025-08-20,2025-08-21,9.1
P00581-TR04,P00581,Counter-IED Awareness,2025-12-10,2025-12-13,28.0
P00581-TR05,P00581,Crowd Management,2024-11-11,2024-11-15,34.1
P00581-TR06,P00581,Crowd Management,2025-12-07,2025-12-08,6.4
P00581-TR07,P00581,Physical Efficiency Test Preparation,2026-04-14,2026-04-18,31.6
P00581-TR08,P00581,Communications and Signals,2025-09-18,2025-09-20,20.3
P00581-TR09,P00581,First Response and Trauma Care,2026-05-21,2026-05-23,17.0
P00582-TR01,P00582,Physical Efficiency Test Preparation,2025-07-19,2025-07-21,18.2
P00582-TR02,P00582,Stress Management Workshop,2025-03-30,2025-04-02,24.3
P00582-TR03,P00582,Jungle Warfare Refresher,2026-06-08,2026-06-10,16.2
P00582-TR04,P00582,Physical Efficiency Test Preparation,2026-05-25,2026-05-31,49.0
P00582-TR05,P00582,Jungle Warfare Refresher,2025-05-08,2025-05-13,45.9
P00582-TR06,P00582,Jungle Warfare Refresher,2026-08-22,2026-08-25,23.0
P00582-TR07,P00582,Physical Efficiency Test Preparation,2024-12-14,2024-12-15,4.0
P00582-TR08,P00582,Physical Efficiency Test Preparation,2025-12-29,2026-01-03,37.3
P00583-TR01,P00583,First Response and Trauma Care,2026-05-02,2026-05-05,22.3
P00583-TR02,P00583,Stress Management Workshop,2026-01-05,2026-01-08,27.7
P00583-TR03,P00583,Stress Management Workshop,2025-02-10,2025-02-14,33.0
P00583-TR04,P00583,Jungle Warfare Refresher,2024-10-26,2024-10-29,22.4
P00583-TR05,P00583,Stress Management Workshop,2024-12-01,2024-12-04,23.9
P00583-TR06,P00583,Stress Management Workshop,2026-01-21,2026-01-23,14.1
P00583-TR07,P00583,Stress Management Workshop,2025-10-27,2025-10-29,13.0
P00583-TR08,P00583,Physical Efficiency Test Preparation,2024-10-01,2024-10-05,31.2
P00584-TR01,P00584,Physical Efficiency Test Preparation,2025-10-29,2025-10-30,11.7
P00584-TR02,P00584,Jungle Warfare Refresher,2024-09-08,2024-09-09,10.0
P00584-TR03,P00584,Crowd Management,2026-06-15,2026-06-16,5.0
P00584-TR04,P00584,Communications and Signals,2025-02-01,2025-02-08,54.3
P00584-TR05,P00584,First Response and Trauma Care,2025-07-23,2025-07-24,15.5
P00584-TR06,P00584,Physical Efficiency Test Preparation,2024-11-16,2024-11-19,28.7
P00584-TR07,P00584,Counter-IED Awareness,2024-12-25,2024-12-27,19.0
P00584-TR08,P00584,Physical Efficiency Test Preparation,2025-10-03,2025-10-06,19.7
P00584-TR09,P00584,Stress Management Workshop,2025-04-04,2025-04-11,56.0
P00584-TR10,P00584,Jungle Warfare Refresher,2025-05-19,2025-05-23,25.7
P00584-TR11,P00584,Counter-IED Awareness,2025-05-21,2025-05-23,13.8
P00584-TR12,P00584,Communications and Signals,2024-10-21,2024-10-23,14.6
P00584-TR13,P00584,Jungle Warfare Refresher,2025-09-19,2025-09-20,8.0
P00584-TR14,P00584,Stress Management Workshop,2025-10-03,2025-10-06,22.5
P00584-TR15,P00584,Crowd Management,2025-05-17,2025-05-20,24.6
P00584-TR16,P00584,Crowd Management,2025-07-21,2025-07-23,14.2
P00584-TR17,P00584,Physical Efficiency Test Preparation,2025-01-16,2025-01-20,30.5
P00584-TR18,P00584,Weapons Refresher,2026-02-16,2026-02-17,6.9
P00584-TR19,P00584,First Response and Trauma Care,2025-07-06,2025-07-09,17.3
P00584-TR20,P00584,Weapons Refresher,2025-09-27,2025-09-29,20.9
P00585-TR01,P00585,Stress Management Workshop,2024-10-15,2024-10-16,9.6
P00585-TR02,P00585,Physical Efficiency Test Preparation,2025-12-29,2026-01-04,44.2
P00585-TR03,P00585,Physical Efficiency Test Preparation,2025-10-11,2025-10-13,19.0
P00585-TR04,P00585,Communications and Signals,2025-05-06,2025-05-07,11.4
P00585-TR05,P00585,Counter-IED Awareness,2026-04-05,2026-04-10,37.7
P00585-TR06,P00585,First Response and Trauma Care,2026-06-14,2026-06-15,9.0
P00586-TR01,P00586,Counter-IED Awareness,2026-08-08,2026-08-10,19.8
P00586-TR02,P00586,Stress Management Workshop,2025-01-20,2025-01-23,23.4
P00586-TR03,P00586,Jungle Warfare Refresher,2024-09-15,2024-09-18,24.6
P00586-TR04,P00586,Physical Efficiency Test Preparation,2025-01-20,2025-01-24,26.3
P00586-TR05,P00586,Counter-IED Awareness,2025-12-13,2025-12-16,24.7
P00586-TR06,P00586,Stress Management Workshop,2025-02-10,2025-02-13,19.5
P00586-TR07,P00586,Communications and Signals,2026-06-13,2026-06-15,18.9
P00586-TR08,P00586,Jungle Warfare Refresher,2025-11-05,2025-11-09,35.9
P00586-TR09,P00586,Crowd Management,2026-05-12,2026-05-16,32.3
P00586-TR10,P00586,Counter-IED Awareness,2025-02-28,2025-03-02,10.4
P00586-TR11,P00586,First Response and Trauma Care,2026-01-29,2026-01-31,14.1
P00586-TR12,P00586,Stress Management Workshop,2025-09-06,2025-09-07,11.6
P00587-TR01,P00587,Crowd Management,2026-05-15,2026-05-18,27.3
P00587-TR02,P00587,Stress Management Workshop,2025-05-21,2025-05-24,23.7
P00587-TR03,P00587,Jungle Warfare Refresher,2025-04-08,2025-04-09,9.7
P00587-TR04,P00587,Stress Management Workshop,2025-07-16,2025-07-18,18.4
P00587-TR05,P00587,Counter-IED Awareness,2026-05-06,2026-05-08,19.5
P00587-TR06,P00587,Stress Management Workshop,2026-02-03,2026-02-07,28.7
P00587-TR07,P00587,First Response and Trauma Care,2026-02-27,2026-03-01,13.2
P00588-TR01,P00588,Counter-IED Awareness,2025-06-13,2025-06-17,30.8
P00588-TR02,P00588,Stress Management Workshop,2025-05-16,2025-05-23,52.7
P00588-TR03,P00588,Stress Management Workshop,2024-12-30,2024-12-31,4.0
P00588-TR04,P00588,First Response and Trauma Care,2026-02-21,2026-02-23,15.5
P00588-TR05,P00588,First Response and Trauma Care,2024-12-21,2024-12-25,35.1
P00588-TR06,P00588,Jungle Warfare Refresher,2025-08-13,2025-08-18,39.8
P00588-TR07,P00588,First Response and Trauma Care,2025-09-06,2025-09-11,36.9
P00588-TR08,P00588,Communications and Signals,2025-09-14,2025-09-16,16.2
P00588-TR09,P00588,Communications and Signals,2025-05-13,2025-05-14,9.8
P00588-TR10,P00588,Counter-IED Awareness,2025-04-03,2025-04-04,4.0
P00588-TR11,P00588,Counter-IED Awareness,2025-03-11,2025-03-15,25.7
P00588-TR12,P00588,Weapons Refresher,2025-07-29,2025-08-03,40.2
P00588-TR13,P00588,Physical Efficiency Test Preparation,2025-06-19,2025-06-24,39.1
P00588-TR14,P00588,Jungle Warfare Refresher,2026-04-13,2026-04-16,20.6
P00588-TR15,P00588,Communications and Signals,2025-09-02,2025-09-05,19.3
P00588-TR16,P00588,First Response and Trauma Care,2026-03-22,2026-03-26,28.1
P00588-TR17,P00588,Jungle Warfare Refresher,2025-06-06,2025-06-07,14.5
P00588-TR18,P00588,Counter-IED Awareness,2025-10-31,2025-11-02,11.0
P00589-TR01,P00589,Crowd Management,2026-05-14,2026-05-18,37.0
P00589-TR02,P00589,Physical Efficiency Test Preparation,2025-10-08,2025-10-11,27.6
P00589-TR03,P00589,Physical Efficiency Test Preparation,2024-09-24,2024-09-26,16.8
P00589-TR04,P00589,Jungle Warfare Refresher,2025-04-22,2025-04-28,45.4
P00589-TR05,P00589,Jungle Warfare Refresher,2025-08-11,2025-08-13,14.4
P00589-TR06,P00589,Jungle Warfare Refresher,2025-07-03,2025-07-05,15.5
P00589-TR07,P00589,Weapons Refresher,2025-12-02,2025-12-07,39.7
P00589-TR08,P00589,Weapons Refresher,2024-12-20,2024-12-22,16.3
P00589-TR09,P00589,Crowd Management,2026-03-13,2026-03-14,4.5
P00590-TR01,P00590,Counter-IED Awareness,2026-04-20,2026-04-22,10.3
P00590-TR02,P00590,First Response and Trauma Care,2026-01-03,2026-01-06,27.6
P00590-TR03,P00590,Weapons Refresher,2026-03-19,2026-03-24,38.4
P00590-TR04,P00590,First Response and Trauma Care,2025-01-13,2025-01-15,12.4
P00590-TR05,P00590,Jungle Warfare Refresher,2025-09-09,2025-09-11,11.4
P00590-TR06,P00590,Physical Efficiency Test Preparation,2025-03-21,2025-03-25,34.4
P00590-TR07,P00590,Crowd Management,2024-12-19,2024-12-22,20.7
P00590-TR08,P00590,Weapons Refresher,2025-11-18,2025-11-26,59.0
P00590-TR09,P00590,Physical Efficiency Test Preparation,2025-03-20,2025-03-24,31.4
P00590-TR10,P00590,Jungle Warfare Refresher,2025-01-25,2025-01-29,32.4
P00591-TR01,P00591,Physical Efficiency Test Preparation,2025-03-23,2025-03-26,19.8
P00591-TR02,P00591,Counter-IED Awareness,2024-12-18,2024-12-19,8.7
P00591-TR03,P00591,First Response and Trauma Care,2025-11-08,2025-11-13,41.8
P00591-TR04,P00591,Weapons Refresher,2025-09-13,2025-09-15,21.0
P00591-TR05,P00591,Counter-IED Awareness,2025-04-02,2025-04-06,32.0
P00591-TR06,P00591,Stress Management Workshop,2026-07-08,2026-07-15,55.0
P00591-TR07,P00591,Communications and Signals,2026-07-28,2026-07-29,5.5
P00591-TR08,P00591,Stress Management Workshop,2025-06-30,2025-07-03,27.0
P00591-TR09,P00591,Stress Management Workshop,2025-08-19,2025-08-22,25.1
P00591-TR10,P00591,Physical Efficiency Test Preparation,2025-04-27,2025-04-29,15.2
P00591-TR11,P00591,Physical Efficiency Test Preparation,2025-06-27,2025-06-30,23.3
P00591-TR12,P00591,Physical Efficiency Test Preparation,2025-12-16,2025-12-17,8.3
P00591-TR13,P00591,Jungle Warfare Refresher,2025-04-18,2025-04-19,12.1
P00591-TR14,P00591,Crowd Management,2025-09-18,2025-09-19,9.3
P00591-TR15,P00591,Physical Efficiency Test Preparation,2025-09-04,2025-09-05,5.5
P00591-TR16,P00591,Stress Management Workshop,2026-08-27,2026-08-28,8.4
P00592-TR01,P00592,Stress Management Workshop,2024-12-12,2024-12-13,8.5
P00592-TR02,P00592,Communications and Signals,2024-09-20,2024-09-23,21.9
P00592-TR03,P00592,Jungle Warfare Refresher,2024-12-02,2024-12-06,31.9
P00592-TR04,P00592,Counter-IED Awareness,2025-12-14,2025-12-19,40.5
P00592-TR05,P00592,Crowd Management,2025-01-31,2025-02-03,20.7
P00592-TR06,P00592,Communications and Signals,2025-06-03,2025-06-04,10.5
P00592-TR07,P00592,Stress Management Workshop,2024-10-31,2024-11-03,23.9
P00592-TR08,P00592,Communications and Signals,2026-03-27,2026-04-03,49.6
P00592-TR09,P00592,Crowd Management,2025-04-20,2025-04-23,27.3
P00592-TR10,P00592,Stress Management Workshop,2026-08-14,2026-08-20,41.4
P00593-TR01,P00593,First Response and Trauma Care,2024-10-19,2024-10-22,23.9
P00593-TR02,P00593,Jungle Warfare Refresher,2024-10-13,2024-10-14,10.3
P00593-TR03,P00593,Crowd Management,2026-01-24,2026-01-26,18.5
P00593-TR04,P00593,Jungle Warfare Refresher,2025-12-04,2025-12-06,22.8
P00593-TR05,P00593,First Response and Trauma Care,2026-02-28,2026-03-03,27.5
P00593-TR06,P00593,First Response and Trauma Care,2026-05-07,2026-05-08,10.2
P00593-TR07,P00593,Stress Management Workshop,2025-06-17,2025-06-22,41.8
P00593-TR08,P00593,Stress Management Workshop,2025-12-01,2025-12-03,20.5
P00593-TR09,P00593,Crowd Management,2025-03-21,2025-03-24,25.5
P00593-TR10,P00593,Communications and Signals,2025-05-29,2025-06-03,41.3
P00593-TR11,P00593,Crowd Management,2025-04-23,2025-04-25,20.1
P00593-TR12,P00593,Crowd Management,2025-05-13,2025-05-15,10.2
P00593-TR13,P00593,Jungle Warfare Refresher,2025-07-21,2025-07-24,22.4
P00593-TR14,P00593,Physical Efficiency Test Preparation,2025-08-09,2025-08-12,23.8
P00593-TR15,P00593,Jungle Warfare Refresher,2026-02-16,2026-02-18,13.3
P00593-TR16,P00593,Counter-IED Awareness,2025-02-18,2025-02-20,14.2
P00593-TR17,P00593,Jungle Warfare Refresher,2025-06-05,2025-06-07,21.9
P00594-TR01,P00594,First Response and Trauma Care,2025-08-05,2025-08-11,47.7
P00594-TR02,P00594,Counter-IED Awareness,2025-06-30,2025-07-03,20.7
P00594-TR03,P00594,Jungle Warfare Refresher,2024-12-27,2025-01-01,39.1
P00594-TR04,P00594,Crowd Management,2025-11-14,2025-11-16,11.1
P00594-TR05,P00594,First Response and Trauma Care,2024-10-14,2024-10-19,38.5
P00594-TR06,P00594,Physical Efficiency Test Preparation,2025-04-08,2025-04-10,10.9
P00594-TR07,P00594,Jungle Warfare Refresher,2026-06-15,2026-06-17,18.9
P00594-TR08,P00594,Jungle Warfare Refresher,2024-11-13,2024-11-17,33.9
P00594-TR09,P00594,Stress Management Workshop,2024-09-13,2024-09-15,19.8
P00594-TR10,P00594,Stress Management Workshop,2024-11-09,2024-11-14,37.2
P00594-TR11,P00594,Crowd Management,2024-12-02,2024-12-03,5.7
P00594-TR12,P00594,First Response and Trauma Care,2024-12-23,2024-12-31,60.0
P00594-TR13,P00594,Physical Efficiency Test Preparation,2026-04-15,2026-04-17,16.8
P00594-TR14,P00594,First Response and Trauma Care,2026-05-04,2026-05-05,11.4
P00594-TR15,P00594,Communications and Signals,2025-11-01,2025-11-02,14.7
P00594-TR16,P00594,Jungle Warfare Refresher,2025-07-27,2025-07-30,24.6
P00594-TR17,P00594,Crowd Management,2026-05-05,2026-05-10,38.1
P00595-TR01,P00595,Crowd Management,2026-03-01,2026-03-03,14.0
P00595-TR02,P00595,First Response and Trauma Care,2026-07-19,2026-07-22,20.4
P00595-TR03,P00595,Stress Management Workshop,2026-05-12,2026-05-19,51.9
P00596-TR01,P00596,Stress Management Workshop,2026-02-02,2026-02-05,21.2
P00596-TR02,P00596,Crowd Management,2025-08-02,2025-08-04,14.4
P00596-TR03,P00596,Physical Efficiency Test Preparation,2025-11-04,2025-11-05,13.3
P00596-TR04,P00596,Weapons Refresher,2025-01-08,2025-01-15,54.4
P00596-TR05,P00596,Crowd Management,2024-09-10,2024-09-14,25.5
P00596-TR06,P00596,Weapons Refresher,2026-06-03,2026-06-04,9.6
P00596-TR07,P00596,Communications and Signals,2026-07-31,2026-08-05,40.6
P00597-TR01,P00597,Physical Efficiency Test Preparation,2025-06-16,2025-06-19,22.5
P00597-TR02,P00597,Counter-IED Awareness,2024-12-07,2024-12-09,15.1
P00597-TR03,P00597,Jungle Warfare Refresher,2025-02-09,2025-02-16,49.0
P00597-TR04,P00597,Crowd Management,2025-11-21,2025-11-25,33.0
P00597-TR05,P00597,Jungle Warfare Refresher,2025-04-17,2025-04-20,21.6
P00597-TR06,P00597,Physical Efficiency Test Preparation,2025-03-31,2025-04-02,17.8
P00597-TR07,P00597,Communications and Signals,2026-01-27,2026-01-31,25.6
P00597-TR08,P00597,Weapons Refresher,2025-10-04,2025-10-05,7.2
P00597-TR09,P00597,First Response and Trauma Care,2024-10-16,2024-10-22,45.0
P00597-TR10,P00597,Stress Management Workshop,2025-09-19,2025-09-23,30.5
P00597-TR11,P00597,Communications and Signals,2025-06-27,2025-07-01,32.6
P00597-TR12,P00597,First Response and Trauma Care,2026-08-02,2026-08-04,16.9
P00597-TR13,P00597,Weapons Refresher,2025-03-16,2025-03-17,7.3
P00598-TR01,P00598,Stress Management Workshop,2025-12-07,2025-12-11,29.6
P00598-TR02,P00598,Counter-IED Awareness,2025-12-23,2025-12-27,34.9
P00598-TR03,P00598,Jungle Warfare Refresher,2025-06-30,2025-07-02,14.2
P00598-TR04,P00598,Physical Efficiency Test Preparation,2026-08-05,2026-08-08,19.2
P00598-TR05,P00598,Jungle Warfare Refresher,2025-05-28,2025-05-31,17.8
P00598-TR06,P00598,Counter-IED Awareness,2025-09-17,2025-09-20,21.5
P00598-TR07,P00598,Counter-IED Awareness,2025-08-03,2025-08-05,14.7
P00598-TR08,P00598,Physical Efficiency Test Preparation,2025-03-03,2025-03-05,14.7
P00598-TR09,P00598,Jungle Warfare Refresher,2025-01-12,2025-01-15,27.3
P00598-TR10,P00598,First Response and Trauma Care,2026-01-20,2026-01-22,17.4
P00598-TR11,P00598,Communications and Signals,2026-03-22,2026-03-24,14.4
P00598-TR12,P00598,Counter-IED Awareness,2025-02-02,2025-02-06,31.6
P00598-TR13,P00598,Counter-IED Awareness,2025-07-23,2025-07-24,5.8
P00598-TR14,P00598,Jungle Warfare Refresher,2026-03-22,2026-03-24,14.5
P00598-TR15,P00598,Weapons Refresher,2024-11-10,2024-11-12,15.2
P00598-TR16,P00598,First Response and Trauma Care,2025-11-10,2025-11-11,8.1
P00598-TR17,P00598,Jungle Warfare Refresher,2026-06-30,2026-07-01,8.1
P00598-TR18,P00598,Physical Efficiency Test Preparation,2025-09-29,2025-10-03,26.0
P00599-TR01,P00599,Stress Management Workshop,2025-10-01,2025-10-03,18.0
P00599-TR02,P00599,Physical Efficiency Test Preparation,2026-05-19,2026-05-20,6.9
P00599-TR03,P00599,Crowd Management,2025-08-09,2025-08-10,13.6
P00599-TR04,P00599,Crowd Management,2026-07-08,2026-07-10,17.9
P00599-TR05,P00599,Jungle Warfare Refresher,2026-07-18,2026-07-20,15.7
P00599-TR06,P00599,Communications and Signals,2025-01-03,2025-01-07,32.5
P00599-TR07,P00599,Crowd Management,2026-04-05,2026-04-10,34.5
P00599-TR08,P00599,Physical Efficiency Test Preparation,2026-04-17,2026-04-19,15.4
P00599-TR09,P00599,Weapons Refresher,2025-02-06,2025-02-07,9.9
P00599-TR10,P00599,Stress Management Workshop,2026-07-11,2026-07-15,26.5
P00599-TR11,P00599,Communications and Signals,2025-11-09,2025-11-11,20.8
P00599-TR12,P00599,Stress Management Workshop,2026-03-16,2026-03-17,9.5
P00599-TR13,P00599,Physical Efficiency Test Preparation,2026-01-15,2026-01-18,25.8
P00599-TR14,P00599,Jungle Warfare Refresher,2026-06-15,2026-06-17,11.9
P00600-TR01,P00600,Counter-IED Awareness,2025-03-06,2025-03-08,15.6
P00600-TR02,P00600,First Response and Trauma Care,2024-09-07,2024-09-10,24.0
P00600-TR03,P00600,Physical Efficiency Test Preparation,2025-04-29,2025-05-06,51.8
P00600-TR04,P00600,Counter-IED Awareness,2025-09-14,2025-09-18,28.4
P00600-TR05,P00600,Communications and Signals,2025-08-11,2025-08-13,20.1
P00600-TR06,P00600,Communications and Signals,2025-03-24,2025-03-25,8.6
P00600-TR07,P00600,Weapons Refresher,2026-07-23,2026-07-25,13.9
P00601-TR01,P00601,First Response and Trauma Care,2025-11-30,2025-12-05,40.4
P00601-TR02,P00601,Physical Efficiency Test Preparation,2025-09-12,2025-09-17,44.9
P00601-TR03,P00601,Jungle Warfare Refresher,2025-12-12,2025-12-15,23.6
P00601-TR04,P00601,First Response and Trauma Care,2025-04-24,2025-04-26,14.0
P00601-TR05,P00601,Communications and Signals,2024-09-20,2024-09-22,13.9
P00601-TR06,P00601,Jungle Warfare Refresher,2024-09-19,2024-09-21,13.8
P00601-TR07,P00601,Weapons Refresher,2024-09-08,2024-09-12,26.9
P00601-TR08,P00601,Physical Efficiency Test Preparation,2025-11-27,2025-11-29,15.7
P00601-TR09,P00601,Communications and Signals,2025-02-22,2025-02-24,9.6
P00601-TR10,P00601,Communications and Signals,2026-02-21,2026-02-26,38.2
P00601-TR11,P00601,First Response and Trauma Care,2025-09-16,2025-09-17,12.2
P00602-TR01,P00602,Jungle Warfare Refresher,2026-06-01,2026-06-08,53.4
P00602-TR02,P00602,Communications and Signals,2026-01-10,2026-01-15,36.9
P00602-TR03,P00602,Physical Efficiency Test Preparation,2025-02-02,2025-02-06,31.4
P00602-TR04,P00602,Counter-IED Awareness,2026-05-03,2026-05-10,49.8
P00602-TR05,P00602,Weapons Refresher,2025-05-22,2025-05-24,17.7
P00602-TR06,P00602,First Response and Trauma Care,2025-09-25,2025-10-01,47.0
P00602-TR07,P00602,Stress Management Workshop,2024-11-16,2024-11-20,31.7
P00602-TR08,P00602,Weapons Refresher,2025-11-29,2025-11-30,10.2
P00602-TR09,P00602,Weapons Refresher,2025-03-23,2025-03-26,22.9
P00602-TR10,P00602,Jungle Warfare Refresher,2024-09-03,2024-09-05,14.2
P00602-TR11,P00602,Weapons Refresher,2026-02-05,2026-02-08,21.0
P00602-TR12,P00602,Jungle Warfare Refresher,2026-06-05,2026-06-07,14.0
P00602-TR13,P00602,Weapons Refresher,2026-04-02,2026-04-08,46.1
P00602-TR14,P00602,Communications and Signals,2024-11-16,2024-11-17,8.6
P00603-TR01,P00603,Weapons Refresher,2025-08-23,2025-08-25,15.6
P00603-TR02,P00603,Counter-IED Awareness,2025-10-15,2025-10-17,16.4
P00603-TR03,P00603,Weapons Refresher,2026-05-11,2026-05-16,41.2
P00603-TR04,P00603,Physical Efficiency Test Preparation,2026-08-09,2026-08-10,6.9
P00603-TR05,P00603,First Response and Trauma Care,2025-06-16,2025-06-20,32.8
P00603-TR06,P00603,Crowd Management,2025-08-18,2025-08-21,20.9
P00603-TR07,P00603,Stress Management Workshop,2026-06-15,2026-06-16,7.2
P00603-TR08,P00603,Stress Management Workshop,2026-04-30,2026-05-02,14.4
P00604-TR01,P00604,First Response and Trauma Care,2026-08-23,2026-08-24,5.5
P00604-TR02,P00604,Stress Management Workshop,2025-02-12,2025-02-15,20.0
P00604-TR03,P00604,Counter-IED Awareness,2026-03-28,2026-03-29,11.2
P00604-TR04,P00604,Jungle Warfare Refresher,2025-04-16,2025-04-19,19.8
P00604-TR05,P00604,Crowd Management,2026-07-08,2026-07-10,20.7
P00604-TR06,P00604,Jungle Warfare Refresher,2025-09-03,2025-09-04,15.4
P00604-TR07,P00604,Communications and Signals,2025-10-17,2025-10-18,12.0
P00604-TR08,P00604,Physical Efficiency Test Preparation,2025-12-29,2025-12-30,11.3
P00604-TR09,P00604,Weapons Refresher,2024-12-06,2024-12-07,14.6
P00604-TR10,P00604,Physical Efficiency Test Preparation,2025-01-26,2025-01-29,20.3
P00605-TR01,P00605,Jungle Warfare Refresher,2025-05-12,2025-05-14,20.4
P00605-TR02,P00605,Communications and Signals,2025-11-13,2025-11-15,16.4
P00605-TR03,P00605,Counter-IED Awareness,2025-01-04,2025-01-05,4.3
P00605-TR04,P00605,Communications and Signals,2025-08-23,2025-08-27,34.2
P00605-TR05,P00605,Physical Efficiency Test Preparation,2026-07-27,2026-07-31,32.2
P00605-TR06,P00605,Weapons Refresher,2025-01-20,2025-01-23,21.0
P00605-TR07,P00605,Jungle Warfare Refresher,2026-07-11,2026-07-13,11.9
P00605-TR08,P00605,Stress Management Workshop,2025-12-22,2025-12-26,28.7
P00605-TR09,P00605,Communications and Signals,2024-12-13,2024-12-17,37.4
P00605-TR10,P00605,First Response and Trauma Care,2024-09-16,2024-09-19,18.6
P00605-TR11,P00605,Crowd Management,2026-01-11,2026-01-12,15.2
P00605-TR12,P00605,Physical Efficiency Test Preparation,2025-09-12,2025-09-16,27.4
P00605-TR13,P00605,Weapons Refresher,2025-08-01,2025-08-09,59.3
P00605-TR14,P00605,Jungle Warfare Refresher,2025-06-20,2025-06-21,8.0
P00606-TR01,P00606,Jungle Warfare Refresher,2026-02-01,2026-02-05,29.8
P00606-TR02,P00606,Weapons Refresher,2025-01-30,2025-01-31,11.0
P00606-TR03,P00606,Communications and Signals,2025-01-10,2025-01-14,33.1
P00606-TR04,P00606,Jungle Warfare Refresher,2025-09-06,2025-09-10,27.3
P00606-TR05,P00606,Communications and Signals,2025-04-23,2025-04-26,26.6
P00606-TR06,P00606,Crowd Management,2026-07-29,2026-08-01,19.3
P00606-TR07,P00606,Crowd Management,2025-06-24,2025-06-27,21.8
P00606-TR08,P00606,Counter-IED Awareness,2026-06-17,2026-06-18,8.9
P00606-TR09,P00606,Stress Management Workshop,2026-08-09,2026-08-13,32.4
P00607-TR01,P00607,Stress Management Workshop,2025-12-08,2025-12-10,13.6
P00607-TR02,P00607,Physical Efficiency Test Preparation,2025-11-07,2025-11-08,9.5
P00607-TR03,P00607,Crowd Management,2026-01-24,2026-01-26,19.9
P00607-TR04,P00607,Jungle Warfare Refresher,2025-06-29,2025-07-05,50.8
P00607-TR05,P00607,Communications and Signals,2025-11-01,2025-11-02,4.0
P00607-TR06,P00607,Physical Efficiency Test Preparation,2025-05-04,2025-05-11,52.1
P00607-TR07,P00607,Communications and Signals,2026-03-25,2026-03-26,11.3
P00607-TR08,P00607,Jungle Warfare Refresher,2025-10-30,2025-11-04,35.9
P00607-TR09,P00607,Stress Management Workshop,2025-06-22,2025-06-25,23.0
P00607-TR10,P00607,Jungle Warfare Refresher,2024-12-14,2024-12-17,30.8
P00607-TR11,P00607,Communications and Signals,2025-02-11,2025-02-13,14.6
P00607-TR12,P00607,Physical Efficiency Test Preparation,2026-06-02,2026-06-05,24.0
P00607-TR13,P00607,Stress Management Workshop,2026-06-10,2026-06-13,29.4
P00608-TR01,P00608,Weapons Refresher,2025-02-02,2025-02-06,26.0
P00608-TR02,P00608,Weapons Refresher,2026-05-31,2026-06-02,21.2
P00608-TR03,P00608,Stress Management Workshop,2026-01-08,2026-01-11,23.9
P00608-TR04,P00608,Stress Management Workshop,2026-01-22,2026-01-23,11.3
P00608-TR05,P00608,Physical Efficiency Test Preparation,2025-04-15,2025-04-18,20.4
P00608-TR06,P00608,Crowd Management,2026-02-18,2026-02-23,37.6
P00608-TR07,P00608,Stress Management Workshop,2025-02-16,2025-02-20,26.2
P00608-TR08,P00608,Counter-IED Awareness,2025-10-16,2025-10-17,6.3
P00609-TR01,P00609,First Response and Trauma Care,2025-11-14,2025-11-17,22.5
P00609-TR02,P00609,First Response and Trauma Care,2025-11-25,2025-11-27,13.8
P00609-TR03,P00609,Crowd Management,2026-08-15,2026-08-16,12.8
P00609-TR04,P00609,Stress Management Workshop,2025-03-02,2025-03-06,38.7
P00609-TR05,P00609,Counter-IED Awareness,2025-07-18,2025-07-22,28.7
P00609-TR06,P00609,Jungle Warfare Refresher,2026-04-07,2026-04-12,34.3
P00609-TR07,P00609,Stress Management Workshop,2024-11-14,2024-11-18,31.9
P00609-TR08,P00609,Counter-IED Awareness,2026-01-31,2026-02-02,19.8
P00609-TR09,P00609,Jungle Warfare Refresher,2024-12-04,2024-12-07,23.4
P00609-TR10,P00609,First Response and Trauma Care,2026-04-21,2026-04-22,5.9
P00609-TR11,P00609,Stress Management Workshop,2024-09-25,2024-09-26,8.5
P00610-TR01,P00610,Physical Efficiency Test Preparation,2026-08-07,2026-08-12,40.2
P00610-TR02,P00610,Counter-IED Awareness,2024-10-04,2024-10-05,12.5
P00610-TR03,P00610,First Response and Trauma Care,2024-12-08,2024-12-15,50.4
P00610-TR04,P00610,Weapons Refresher,2025-07-29,2025-08-01,27.8
P00610-TR05,P00610,Counter-IED Awareness,2025-04-13,2025-04-16,22.3
P00610-TR06,P00610,Stress Management Workshop,2026-08-11,2026-08-17,52.9
P00610-TR07,P00610,Counter-IED Awareness,2026-07-17,2026-07-19,13.8
P00610-TR08,P00610,Physical Efficiency Test Preparation,2026-06-26,2026-06-27,9.2
P00610-TR09,P00610,Jungle Warfare Refresher,2025-04-05,2025-04-07,13.2
P00610-TR10,P00610,Crowd Management,2026-04-14,2026-04-15,5.3
P00610-TR11,P00610,First Response and Trauma Care,2025-05-13,2025-05-16,21.3
P00610-TR12,P00610,First Response and Trauma Care,2025-09-30,2025-10-01,6.6
P00610-TR13,P00610,Counter-IED Awareness,2024-10-24,2024-10-27,23.0
P00610-TR14,P00610,Crowd Management,2025-10-08,2025-10-10,15.3
P00610-TR15,P00610,First Response and Trauma Care,2025-10-12,2025-10-16,30.6
P00610-TR16,P00610,Jungle Warfare Refresher,2026-02-07,2026-02-09,13.6
P00611-TR01,P00611,Weapons Refresher,2026-06-01,2026-06-04,27.8
P00611-TR02,P00611,First Response and Trauma Care,2025-06-25,2025-06-27,11.3
P00611-TR03,P00611,Stress Management Workshop,2025-03-06,2025-03-12,51.1
P00611-TR04,P00611,Weapons Refresher,2025-04-13,2025-04-16,22.7
P00611-TR05,P00611,Physical Efficiency Test Preparation,2026-07-08,2026-07-09,5.0
P00611-TR06,P00611,Physical Efficiency Test Preparation,2025-11-18,2025-11-19,12.9
P00611-TR07,P00611,Counter-IED Awareness,2026-01-11,2026-01-15,30.0
P00611-TR08,P00611,First Response and Trauma Care,2025-11-08,2025-11-10,16.2
P00611-TR09,P00611,Physical Efficiency Test Preparation,2025-01-27,2025-01-30,18.8
P00611-TR10,P00611,Physical Efficiency Test Preparation,2026-08-20,2026-08-21,8.7
P00611-TR11,P00611,Crowd Management,2025-04-27,2025-04-30,28.2
P00611-TR12,P00611,Counter-IED Awareness,2024-12-09,2024-12-10,7.5
P00612-TR01,P00612,Crowd Management,2025-12-16,2025-12-19,18.8
P00612-TR02,P00612,Crowd Management,2025-02-28,2025-03-01,7.6
P00612-TR03,P00612,Jungle Warfare Refresher,2025-02-09,2025-02-13,30.8
P00612-TR04,P00612,First Response and Trauma Care,2025-02-03,2025-02-10,56.0
P00612-TR05,P00612,Stress Management Workshop,2025-10-04,2025-10-06,20.1
P00612-TR06,P00612,Jungle Warfare Refresher,2026-01-17,2026-01-22,39.8
P00612-TR07,P00612,Stress Management Workshop,2025-01-23,2025-01-28,38.2
P00612-TR08,P00612,Jungle Warfare Refresher,2026-02-16,2026-02-18,16.7
P00612-TR09,P00612,Physical Efficiency Test Preparation,2025-12-17,2025-12-18,8.9
P00613-TR01,P00613,Counter-IED Awareness,2026-05-31,2026-06-02,13.9
P00613-TR02,P00613,Communications and Signals,2026-07-28,2026-07-31,23.0
P00613-TR03,P00613,Communications and Signals,2026-06-18,2026-06-19,4.0
P00613-TR04,P00613,Crowd Management,2026-04-23,2026-04-28,41.0
P00613-TR05,P00613,First Response and Trauma Care,2025-01-29,2025-02-01,24.2
P00613-TR06,P00613,Jungle Warfare Refresher,2024-10-17,2024-10-20,21.8
P00613-TR07,P00613,Physical Efficiency Test Preparation,2024-09-06,2024-09-07,6.3
P00613-TR08,P00613,Weapons Refresher,2025-05-09,2025-05-13,34.4
P00613-TR09,P00613,First Response and Trauma Care,2024-12-16,2024-12-21,40.3
P00613-TR10,P00613,Crowd Management,2024-12-18,2024-12-22,30.3
P00613-TR11,P00613,Stress Management Workshop,2025-04-17,2025-04-18,5.0
P00614-TR01,P00614,Communications and Signals,2025-03-07,2025-03-13,47.2
P00614-TR02,P00614,Crowd Management,2025-12-23,2025-12-29,49.2
P00614-TR03,P00614,Weapons Refresher,2026-07-31,2026-08-04,30.0
P00614-TR04,P00614,Jungle Warfare Refresher,2025-03-09,2025-03-11,17.7
P00614-TR05,P00614,Communications and Signals,2026-05-13,2026-05-18,39.8
P00614-TR06,P00614,Physical Efficiency Test Preparation,2026-04-14,2026-04-15,7.5
P00615-TR01,P00615,Jungle Warfare Refresher,2026-04-06,2026-04-07,11.3
P00615-TR02,P00615,Communications and Signals,2025-07-26,2025-07-29,19.2
P00615-TR03,P00615,Jungle Warfare Refresher,2024-12-01,2024-12-02,15.5
P00615-TR04,P00615,First Response and Trauma Care,2026-05-08,2026-05-13,45.4
P00615-TR05,P00615,First Response and Trauma Care,2024-08-31,2024-09-02,18.0
P00615-TR06,P00615,Physical Efficiency Test Preparation,2025-10-05,2025-10-08,18.3
P00615-TR07,P00615,Jungle Warfare Refresher,2026-04-02,2026-04-08,45.5
P00615-TR08,P00615,Crowd Management,2026-04-30,2026-05-03,24.9
P00615-TR09,P00615,Counter-IED Awareness,2024-11-03,2024-11-08,41.6
P00615-TR10,P00615,Crowd Management,2025-07-24,2025-07-28,34.3
P00615-TR11,P00615,Counter-IED Awareness,2025-08-24,2025-08-27,23.0
P00616-TR01,P00616,First Response and Trauma Care,2025-08-31,2025-09-02,12.6
P00616-TR02,P00616,Physical Efficiency Test Preparation,2025-12-25,2025-12-29,28.8
P00616-TR03,P00616,Counter-IED Awareness,2026-05-21,2026-05-23,19.0
P00616-TR04,P00616,Weapons Refresher,2025-10-08,2025-10-11,24.0
P00616-TR05,P00616,First Response and Trauma Care,2025-02-21,2025-02-24,18.4
P00616-TR06,P00616,Physical Efficiency Test Preparation,2025-12-28,2026-01-02,39.7
P00616-TR07,P00616,First Response and Trauma Care,2025-09-07,2025-09-10,21.8
P00616-TR08,P00616,Counter-IED Awareness,2024-10-11,2024-10-15,33.2
P00616-TR09,P00616,Stress Management Workshop,2025-10-09,2025-10-14,43.7
P00616-TR10,P00616,First Response and Trauma Care,2026-05-16,2026-05-18,16.0
P00616-TR11,P00616,Counter-IED Awareness,2024-09-19,2024-09-22,25.0
P00616-TR12,P00616,Communications and Signals,2025-10-10,2025-10-16,50.5
P00616-TR13,P00616,Stress Management Workshop,2025-12-29,2025-12-31,18.2
P00616-TR14,P00616,Jungle Warfare Refresher,2025-01-18,2025-01-21,19.5
P00616-TR15,P00616,Counter-IED Awareness,2025-06-13,2025-06-14,8.2
P00616-TR16,P00616,Weapons Refresher,2025-04-16,2025-04-17,8.0
P00616-TR17,P00616,First Response and Trauma Care,2024-09-09,2024-09-11,11.0
P00617-TR01,P00617,Communications and Signals,2026-05-07,2026-05-10,23.9
P00617-TR02,P00617,First Response and Trauma Care,2025-10-08,2025-10-09,10.0
P00617-TR03,P00617,First Response and Trauma Care,2025-07-26,2025-07-28,15.0
P00617-TR04,P00617,Communications and Signals,2026-03-05,2026-03-10,37.6
P00617-TR05,P00617,Stress Management Workshop,2024-10-04,2024-10-08,29.7
P00617-TR06,P00617,Physical Efficiency Test Preparation,2025-10-12,2025-10-15,24.7
P00617-TR07,P00617,Communications and Signals,2026-06-17,2026-06-18,4.0
P00617-TR08,P00617,Counter-IED Awareness,2025-07-26,2025-07-28,18.9
P00617-TR09,P00617,Communications and Signals,2024-09-09,2024-09-12,28.7
P00617-TR10,P00617,First Response and Trauma Care,2026-03-17,2026-03-18,7.1
P00618-TR01,P00618,Weapons Refresher,2026-01-14,2026-01-17,19.1
P00618-TR02,P00618,Physical Efficiency Test Preparation,2024-11-29,2024-12-02,20.8
P00618-TR03,P00618,Crowd Management,2025-01-15,2025-01-17,13.5
P00618-TR04,P00618,Physical Efficiency Test Preparation,2025-07-29,2025-07-31,14.3
P00618-TR05,P00618,Jungle Warfare Refresher,2026-08-14,2026-08-17,21.6
P00618-TR06,P00618,Weapons Refresher,2024-09-18,2024-09-19,4.9
P00618-TR07,P00618,Counter-IED Awareness,2025-07-22,2025-07-25,25.3
P00618-TR08,P00618,Weapons Refresher,2025-08-14,2025-08-15,10.3
P00618-TR09,P00618,Stress Management Workshop,2025-02-16,2025-02-20,34.5
P00618-TR10,P00618,First Response and Trauma Care,2026-02-01,2026-02-08,60.0
P00618-TR11,P00618,First Response and Trauma Care,2025-01-04,2025-01-10,47.0
P00618-TR12,P00618,Communications and Signals,2025-05-19,2025-05-21,17.4
P00618-TR13,P00618,Weapons Refresher,2025-12-23,2025-12-24,9.9
P00618-TR14,P00618,Crowd Management,2025-01-17,2025-01-19,13.1
P00619-TR01,P00619,Communications and Signals,2025-01-05,2025-01-09,32.6
P00619-TR02,P00619,Weapons Refresher,2024-10-27,2024-10-31,32.9
P00619-TR03,P00619,Counter-IED Awareness,2026-07-06,2026-07-10,34.6
P00619-TR04,P00619,Jungle Warfare Refresher,2025-05-11,2025-05-15,30.4
P00619-TR05,P00619,Communications and Signals,2024-09-05,2024-09-09,29.4
P00619-TR06,P00619,Stress Management Workshop,2025-11-21,2025-11-22,14.4
P00619-TR07,P00619,First Response and Trauma Care,2025-07-03,2025-07-08,42.7
P00619-TR08,P00619,Weapons Refresher,2025-10-08,2025-10-09,11.3
P00620-TR01,P00620,Stress Management Workshop,2024-11-22,2024-11-24,19.5
P00620-TR02,P00620,Physical Efficiency Test Preparation,2024-12-02,2024-12-05,24.3
P00620-TR03,P00620,Communications and Signals,2026-02-23,2026-03-02,54.2
P00620-TR04,P00620,Communications and Signals,2024-12-20,2024-12-23,18.1
P00620-TR05,P00620,Communications and Signals,2026-05-29,2026-06-01,20.5
P00620-TR06,P00620,Stress Management Workshop,2024-12-10,2024-12-13,25.2
P00620-TR07,P00620,Communications and Signals,2026-05-20,2026-05-26,42.7
P00621-TR01,P00621,Communications and Signals,2025-09-18,2025-09-21,22.3
P00621-TR02,P00621,Physical Efficiency Test Preparation,2025-11-16,2025-11-17,11.9
P00622-TR01,P00622,Weapons Refresher,2026-02-16,2026-02-17,7.5
P00622-TR02,P00622,Crowd Management,2025-11-27,2025-12-01,28.3
P00622-TR03,P00622,Communications and Signals,2025-10-12,2025-10-16,34.1
P00622-TR04,P00622,Physical Efficiency Test Preparation,2025-04-14,2025-04-17,27.0
P00622-TR05,P00622,Weapons Refresher,2026-01-21,2026-01-23,13.2
P00622-TR06,P00622,Weapons Refresher,2026-01-14,2026-01-19,44.4
P00622-TR07,P00622,Counter-IED Awareness,2026-03-19,2026-03-21,17.3
P00622-TR08,P00622,Communications and Signals,2025-11-28,2025-12-02,25.8
P00622-TR09,P00622,Physical Efficiency Test Preparation,2026-01-16,2026-01-17,11.5
P00622-TR10,P00622,Physical Efficiency Test Preparation,2026-05-18,2026-05-21,27.1
P00622-TR11,P00622,Stress Management Workshop,2025-07-05,2025-07-09,29.0
P00622-TR12,P00622,Physical Efficiency Test Preparation,2025-06-06,2025-06-09,20.5
P00622-TR13,P00622,Communications and Signals,2026-08-21,2026-08-24,19.0
P00622-TR14,P00622,First Response and Trauma Care,2026-06-30,2026-07-01,4.0
P00622-TR15,P00622,Weapons Refresher,2026-06-10,2026-06-11,8.1
P00623-TR01,P00623,Physical Efficiency Test Preparation,2025-08-13,2025-08-14,9.5
P00623-TR02,P00623,Weapons Refresher,2026-08-13,2026-08-16,21.0
P00623-TR03,P00623,Stress Management Workshop,2025-07-31,2025-08-02,15.5
P00623-TR04,P00623,Weapons Refresher,2024-09-13,2024-09-17,31.0
P00623-TR05,P00623,First Response and Trauma Care,2025-04-09,2025-04-11,15.6
P00623-TR06,P00623,Communications and Signals,2025-04-16,2025-04-18,13.4
P00623-TR07,P00623,Counter-IED Awareness,2025-04-12,2025-04-13,5.7
P00623-TR08,P00623,Stress Management Workshop,2025-12-22,2025-12-24,12.4
P00623-TR09,P00623,Communications and Signals,2026-05-08,2026-05-10,16.4
P00624-TR01,P00624,Counter-IED Awareness,2025-12-16,2025-12-19,24.9
P00624-TR02,P00624,Crowd Management,2025-10-23,2025-10-29,49.1
P00624-TR03,P00624,Jungle Warfare Refresher,2026-06-13,2026-06-15,16.1
P00624-TR04,P00624,Communications and Signals,2026-01-08,2026-01-15,49.6
P00624-TR05,P00624,First Response and Trauma Care,2025-04-26,2025-04-28,15.2
P00624-TR06,P00624,Communications and Signals,2026-05-26,2026-05-27,9.6
P00625-TR01,P00625,Communications and Signals,2026-05-19,2026-05-21,15.1
P00625-TR02,P00625,Communications and Signals,2026-08-08,2026-08-11,24.8
P00625-TR03,P00625,Crowd Management,2025-10-13,2025-10-15,17.3
P00625-TR04,P00625,Counter-IED Awareness,2024-11-20,2024-11-22,13.0
P00625-TR05,P00625,Physical Efficiency Test Preparation,2026-03-26,2026-03-29,22.5
P00625-TR06,P00625,Weapons Refresher,2025-01-04,2025-01-07,21.6
P00625-TR07,P00625,First Response and Trauma Care,2024-09-13,2024-09-17,36.7
P00625-TR08,P00625,Communications and Signals,2025-04-28,2025-05-01,17.1
P00625-TR09,P00625,First Response and Trauma Care,2025-06-13,2025-06-14,7.8
P00625-TR10,P00625,Physical Efficiency Test Preparation,2025-08-07,2025-08-12,38.9
P00626-TR01,P00626,Communications and Signals,2024-11-05,2024-11-08,21.4
P00626-TR02,P00626,Stress Management Workshop,2025-05-11,2025-05-15,31.3
P00626-TR03,P00626,Weapons Refresher,2025-01-23,2025-01-25,14.6
P00626-TR04,P00626,First Response and Trauma Care,2025-07-28,2025-08-01,34.6
P00626-TR05,P00626,Weapons Refresher,2026-05-10,2026-05-13,25.7
P00626-TR06,P00626,Stress Management Workshop,2025-07-18,2025-07-22,30.8
P00626-TR07,P00626,Physical Efficiency Test Preparation,2026-04-27,2026-04-29,9.7
P00626-TR08,P00626,Counter-IED Awareness,2025-03-24,2025-03-27,24.0
P00626-TR09,P00626,Weapons Refresher,2026-04-18,2026-04-21,22.3
P00626-TR10,P00626,Communications and Signals,2025-12-05,2025-12-06,7.0
P00626-TR11,P00626,Crowd Management,2026-07-22,2026-07-24,21.0
P00626-TR12,P00626,Jungle Warfare Refresher,2025-09-05,2025-09-07,8.5
P00626-TR13,P00626,Stress Management Workshop,2024-10-24,2024-10-25,6.7
P00627-TR01,P00627,Crowd Management,2026-04-03,2026-04-04,11.1
P00627-TR02,P00627,Crowd Management,2025-01-27,2025-01-30,23.9
P00627-TR03,P00627,Weapons Refresher,2025-04-16,2025-04-18,17.9
P00627-TR04,P00627,Stress Management Workshop,2025-09-11,2025-09-17,46.7
P00627-TR05,P00627,Stress Management Workshop,2026-04-10,2026-04-13,20.1
P00627-TR06,P00627,Counter-IED Awareness,2026-05-20,2026-05-21,8.0
P00627-TR07,P00627,Weapons Refresher,2026-07-15,2026-07-18,16.5
P00627-TR08,P00627,Crowd Management,2026-04-22,2026-04-24,12.3
P00627-TR09,P00627,Weapons Refresher,2025-06-07,2025-06-08,13.7
P00627-TR10,P00627,Weapons Refresher,2026-08-03,2026-08-06,29.3
P00628-TR01,P00628,Weapons Refresher,2024-10-10,2024-10-13,29.2
P00628-TR02,P00628,Communications and Signals,2024-10-16,2024-10-21,37.4
P00628-TR03,P00628,Physical Efficiency Test Preparation,2026-01-20,2026-01-22,15.1
P00628-TR04,P00628,Crowd Management,2025-12-08,2025-12-12,33.6
P00628-TR05,P00628,Crowd Management,2025-10-23,2025-10-28,46.3
P00628-TR06,P00628,Crowd Management,2024-09-18,2024-09-20,15.5
P00628-TR07,P00628,Counter-IED Awareness,2025-01-04,2025-01-05,11.7
P00628-TR08,P00628,Communications and Signals,2025-03-21,2025-03-23,15.8
P00629-TR01,P00629,Weapons Refresher,2024-09-04,2024-09-08,29.6
P00629-TR02,P00629,Physical Efficiency Test Preparation,2026-01-05,2026-01-09,30.3
P00629-TR03,P00629,Weapons Refresher,2025-05-23,2025-05-25,16.5
P00629-TR04,P00629,Crowd Management,2026-08-30,2026-08-31,7.4
P00629-TR05,P00629,Physical Efficiency Test Preparation,2026-05-08,2026-05-10,14.3
P00629-TR06,P00629,Jungle Warfare Refresher,2025-04-28,2025-05-01,24.8
P00629-TR07,P00629,Physical Efficiency Test Preparation,2025-07-21,2025-07-22,12.8
P00630-TR01,P00630,First Response and Trauma Care,2026-07-10,2026-07-11,4.0
P00630-TR02,P00630,Jungle Warfare Refresher,2024-09-29,2024-10-04,41.3
P00630-TR03,P00630,Weapons Refresher,2024-11-27,2024-11-30,22.8
P00630-TR04,P00630,Jungle Warfare Refresher,2026-03-01,2026-03-05,33.7
P00630-TR05,P00630,Crowd Management,2025-01-07,2025-01-08,10.6
P00630-TR06,P00630,Communications and Signals,2026-02-23,2026-02-24,6.1
P00630-TR07,P00630,First Response and Trauma Care,2025-03-01,2025-03-02,4.2
P00630-TR08,P00630,Weapons Refresher,2024-09-22,2024-09-25,21.5
P00630-TR09,P00630,Weapons Refresher,2024-10-31,2024-11-01,11.4
P00630-TR10,P00630,First Response and Trauma Care,2026-03-29,2026-03-31,12.5
P00630-TR11,P00630,Communications and Signals,2024-09-20,2024-09-23,22.1
P00630-TR12,P00630,Jungle Warfare Refresher,2025-05-29,2025-06-01,24.4
P00630-TR13,P00630,Weapons Refresher,2024-10-22,2024-10-23,4.9
P00630-TR14,P00630,Communications and Signals,2024-12-15,2024-12-16,7.5
P00631-TR01,P00631,First Response and Trauma Care,2024-10-14,2024-10-15,13.6
P00631-TR02,P00631,Counter-IED Awareness,2024-11-25,2024-11-28,26.4
P00631-TR03,P00631,Crowd Management,2026-03-27,2026-03-29,14.1
P00631-TR04,P00631,Counter-IED Awareness,2024-12-25,2025-01-01,51.2
P00631-TR05,P00631,Crowd Management,2025-10-11,2025-10-13,11.7
P00631-TR06,P00631,Weapons Refresher,2025-01-22,2025-01-23,8.8
P00631-TR07,P00631,Counter-IED Awareness,2025-09-15,2025-09-22,52.9
P00631-TR08,P00631,Stress Management Workshop,2025-02-17,2025-02-23,50.3
P00631-TR09,P00631,Jungle Warfare Refresher,2025-12-05,2025-12-06,8.0
P00632-TR01,P00632,First Response and Trauma Care,2025-04-02,2025-04-05,22.8
P00632-TR02,P00632,First Response and Trauma Care,2025-02-21,2025-02-23,9.7
P00632-TR03,P00632,Crowd Management,2026-03-02,2026-03-04,22.2
P00632-TR04,P00632,Jungle Warfare Refresher,2025-06-29,2025-07-01,18.6
P00632-TR05,P00632,Counter-IED Awareness,2025-06-23,2025-06-25,23.2
P00632-TR06,P00632,Weapons Refresher,2025-05-12,2025-05-15,18.2
P00632-TR07,P00632,Crowd Management,2025-10-31,2025-11-02,13.8
P00632-TR08,P00632,Physical Efficiency Test Preparation,2025-06-16,2025-06-21,38.6
P00632-TR09,P00632,Jungle Warfare Refresher,2025-12-29,2026-01-01,23.9
P00632-TR10,P00632,Crowd Management,2025-11-08,2025-11-09,7.9
P00633-TR01,P00633,First Response and Trauma Care,2026-07-04,2026-07-06,23.4
P00633-TR02,P00633,Crowd Management,2026-04-20,2026-04-24,34.9
P00633-TR03,P00633,Jungle Warfare Refresher,2026-07-10,2026-07-11,8.4
P00633-TR04,P00633,Crowd Management,2025-06-06,2025-06-08,13.6
P00633-TR05,P00633,Crowd Management,2026-02-15,2026-02-18,22.3
P00633-TR06,P00633,Crowd Management,2025-12-12,2025-12-14,17.0
P00633-TR07,P00633,Counter-IED Awareness,2025-03-09,2025-03-11,15.5
P00633-TR08,P00633,Physical Efficiency Test Preparation,2026-04-19,2026-04-20,4.0
P00633-TR09,P00633,Crowd Management,2026-05-27,2026-05-29,14.5
P00633-TR10,P00633,First Response and Trauma Care,2026-04-14,2026-04-18,27.4
P00633-TR11,P00633,First Response and Trauma Care,2024-09-11,2024-09-12,8.3
P00633-TR12,P00633,Physical Efficiency Test Preparation,2025-10-18,2025-10-20,13.1
P00633-TR13,P00633,Counter-IED Awareness,2026-08-18,2026-08-21,22.8
P00633-TR14,P00633,Crowd Management,2024-10-27,2024-10-30,23.2
P00634-TR01,P00634,Communications and Signals,2025-08-05,2025-08-12,60.0
P00634-TR02,P00634,Counter-IED Awareness,2025-05-04,2025-05-07,27.6
P00634-TR03,P00634,Communications and Signals,2026-06-18,2026-06-19,10.1
P00634-TR04,P00634,Communications and Signals,2025-06-20,2025-06-23,30.1
P00634-TR05,P00634,Communications and Signals,2025-01-20,2025-01-22,9.8
P00634-TR06,P00634,Counter-IED Awareness,2026-06-17,2026-06-18,6.9
P00634-TR07,P00634,Crowd Management,2026-06-02,2026-06-05,30.3
P00634-TR08,P00634,Counter-IED Awareness,2026-08-30,2026-08-31,7.3
P00634-TR09,P00634,Physical Efficiency Test Preparation,2026-04-20,2026-04-22,16.2
P00634-TR10,P00634,Crowd Management,2026-04-28,2026-05-01,24.6
P00635-TR01,P00635,Stress Management Workshop,2024-10-22,2024-10-24,16.1
P00635-TR02,P00635,Jungle Warfare Refresher,2026-01-18,2026-01-21,24.2
P00635-TR03,P00635,Counter-IED Awareness,2025-07-26,2025-07-29,21.1
P00635-TR04,P00635,Stress Management Workshop,2026-07-24,2026-07-28,26.7
P00635-TR05,P00635,Weapons Refresher,2026-03-06,2026-03-11,39.9
P00635-TR06,P00635,Crowd Management,2024-12-18,2024-12-21,19.5
P00635-TR07,P00635,Physical Efficiency Test Preparation,2025-08-22,2025-08-23,6.9
P00636-TR01,P00636,Jungle Warfare Refresher,2025-07-20,2025-07-25,38.7
P00636-TR02,P00636,Crowd Management,2026-05-25,2026-05-26,9.0
P00636-TR03,P00636,Communications and Signals,2025-12-20,2025-12-21,13.8
P00636-TR04,P00636,Crowd Management,2026-03-07,2026-03-08,9.8
P00636-TR05,P00636,First Response and Trauma Care,2025-05-19,2025-05-22,29.9
P00636-TR06,P00636,Weapons Refresher,2025-08-27,2025-08-28,7.0
P00636-TR07,P00636,Stress Management Workshop,2025-11-14,2025-11-18,27.4
P00637-TR01,P00637,Communications and Signals,2024-10-25,2024-10-28,22.4
P00637-TR02,P00637,Physical Efficiency Test Preparation,2025-11-14,2025-11-17,24.3
P00637-TR03,P00637,Crowd Management,2025-09-28,2025-10-04,45.5
P00637-TR04,P00637,Communications and Signals,2025-02-16,2025-02-18,15.3
P00637-TR05,P00637,Physical Efficiency Test Preparation,2025-09-18,2025-09-24,46.0
P00637-TR06,P00637,Communications and Signals,2025-01-21,2025-01-22,4.9
P00637-TR07,P00637,Crowd Management,2025-05-06,2025-05-09,22.8
P00638-TR01,P00638,Stress Management Workshop,2025-11-11,2025-11-15,33.3
P00638-TR02,P00638,First Response and Trauma Care,2025-04-03,2025-04-04,5.7
P00638-TR03,P00638,Communications and Signals,2025-11-12,2025-11-14,20.6
P00638-TR04,P00638,Physical Efficiency Test Preparation,2026-07-14,2026-07-15,7.8
P00638-TR05,P00638,Counter-IED Awareness,2025-03-19,2025-03-21,14.3
P00638-TR06,P00638,Stress Management Workshop,2026-01-20,2026-01-23,21.4
P00638-TR07,P00638,Crowd Management,2026-04-08,2026-04-13,39.4
P00638-TR08,P00638,Counter-IED Awareness,2025-10-12,2025-10-16,29.5
P00638-TR09,P00638,Jungle Warfare Refresher,2025-01-28,2025-01-29,12.9
P00638-TR10,P00638,Stress Management Workshop,2026-07-20,2026-07-22,16.2
P00638-TR11,P00638,Crowd Management,2026-01-08,2026-01-09,4.0
P00638-TR12,P00638,Physical Efficiency Test Preparation,2025-08-12,2025-08-14,15.0
P00638-TR13,P00638,Communications and Signals,2026-06-13,2026-06-16,24.4
P00638-TR14,P00638,Stress Management Workshop,2025-11-16,2025-11-17,5.5
P00638-TR15,P00638,Stress Management Workshop,2024-10-29,2024-10-30,9.3
P00639-TR01,P00639,Weapons Refresher,2025-02-18,2025-02-19,7.1
P00639-TR02,P00639,Crowd Management,2024-10-01,2024-10-04,27.0
P00639-TR03,P00639,Physical Efficiency Test Preparation,2024-11-03,2024-11-06,31.1
P00639-TR04,P00639,Counter-IED Awareness,2025-07-21,2025-07-23,15.4
P00639-TR05,P00639,Jungle Warfare Refresher,2025-10-11,2025-10-12,4.3
P00639-TR06,P00639,Counter-IED Awareness,2026-06-26,2026-06-28,11.7
P00639-TR07,P00639,Physical Efficiency Test Preparation,2025-09-26,2025-09-29,24.3
P00639-TR08,P00639,Stress Management Workshop,2025-06-27,2025-06-28,10.0
P00639-TR09,P00639,Stress Management Workshop,2025-09-21,2025-09-24,21.3
P00639-TR10,P00639,First Response and Trauma Care,2024-10-05,2024-10-09,26.9
P00639-TR11,P00639,Crowd Management,2026-03-22,2026-03-24,17.5
P00639-TR12,P00639,Jungle Warfare Refresher,2024-09-29,2024-10-01,12.6
P00639-TR13,P00639,Physical Efficiency Test Preparation,2025-06-07,2025-06-09,14.8
P00639-TR14,P00639,Weapons Refresher,2024-10-22,2024-10-27,38.2
P00639-TR15,P00639,Counter-IED Awareness,2026-06-30,2026-07-05,39.0
P00640-TR01,P00640,Counter-IED Awareness,2026-01-10,2026-01-12,15.1
P00640-TR02,P00640,Communications and Signals,2026-03-08,2026-03-09,10.0
P00640-TR03,P00640,Stress Management Workshop,2026-07-12,2026-07-16,29.7
P00640-TR04,P00640,Stress Management Workshop,2025-12-19,2025-12-24,38.4
P00640-TR05,P00640,Jungle Warfare Refresher,2024-09-28,2024-10-05,56.2
P00640-TR06,P00640,Crowd Management,2025-11-28,2025-11-29,4.0
P00640-TR07,P00640,Weapons Refresher,2026-03-12,2026-03-19,60.0
P00640-TR08,P00640,Physical Efficiency Test Preparation,2025-09-30,2025-10-02,17.5
P00640-TR09,P00640,Crowd Management,2025-11-21,2025-11-22,6.7
P00640-TR10,P00640,Physical Efficiency Test Preparation,2025-07-16,2025-07-18,15.5
P00640-TR11,P00640,Communications and Signals,2026-05-14,2026-05-19,41.5
P00640-TR12,P00640,Crowd Management,2025-07-29,2025-07-31,16.5
P00640-TR13,P00640,Counter-IED Awareness,2025-06-09,2025-06-10,10.1
P00640-TR14,P00640,Stress Management Workshop,2025-01-26,2025-01-27,10.5
P00640-TR15,P00640,Stress Management Workshop,2025-10-08,2025-10-12,27.9
P00640-TR16,P00640,Stress Management Workshop,2026-06-18,2026-06-24,45.4
P00640-TR17,P00640,Communications and Signals,2024-11-06,2024-11-09,25.8
P00640-TR18,P00640,Jungle Warfare Refresher,2025-05-21,2025-05-23,10.1
P00640-TR19,P00640,First Response and Trauma Care,2025-10-20,2025-10-23,20.3
P00640-TR20,P00640,First Response and Trauma Care,2024-11-26,2024-11-29,19.9
P00640-TR21,P00640,Communications and Signals,2025-07-13,2025-07-15,11.9
P00640-TR22,P00640,Physical Efficiency Test Preparation,2026-05-24,2026-05-26,21.8
P00640-TR23,P00640,Communications and Signals,2025-07-01,2025-07-04,26.1
P00640-TR24,P00640,Communications and Signals,2025-05-19,2025-05-21,14.7
P00640-TR25,P00640,Jungle Warfare Refresher,2025-02-05,2025-02-09,31.2
P00640-TR26,P00640,Physical Efficiency Test Preparation,2026-06-19,2026-06-25,46.8
P00640-TR27,P00640,Physical Efficiency Test Preparation,2025-02-23,2025-02-26,23.9
P00640-TR28,P00640,Weapons Refresher,2025-02-22,2025-02-23,8.7
P00640-TR29,P00640,First Response and Trauma Care,2025-02-04,2025-02-05,9.2
P00640-TR30,P00640,Counter-IED Awareness,2025-10-10,2025-10-14,36.0
P00640-TR31,P00640,Counter-IED Awareness,2026-03-13,2026-03-17,30.2
P00640-TR32,P00640,Communications and Signals,2025-11-23,2025-11-26,24.8
P00640-TR33,P00640,First Response and Trauma Care,2024-10-28,2024-10-30,16.3
P00640-TR34,P00640,Stress Management Workshop,2025-09-23,2025-09-25,16.0
P00640-TR35,P00640,Stress Management Workshop,2025-04-09,2025-04-10,9.5
P00640-TR36,P00640,Communications and Signals,2024-10-23,2024-10-28,40.2
P00640-TR37,P00640,Crowd Management,2025-05-11,2025-05-13,11.3
P00640-TR38,P00640,Crowd Management,2024-09-08,2024-09-12,24.3
P00640-TR39,P00640,Physical Efficiency Test Preparation,2025-06-25,2025-06-26,12.7
P00640-TR40,P00640,Crowd Management,2026-06-06,2026-06-07,10.1
P00640-TR41,P00640,Communications and Signals,2024-12-05,2024-12-06,10.9
P00641-TR01,P00641,Stress Management Workshop,2026-08-10,2026-08-14,28.9
P00641-TR02,P00641,Counter-IED Awareness,2025-06-02,2025-06-04,21.2
P00641-TR03,P00641,Crowd Management,2025-06-25,2025-06-28,27.0
P00641-TR04,P00641,Physical Efficiency Test Preparation,2024-09-22,2024-09-24,21.5
P00641-TR05,P00641,Weapons Refresher,2026-04-29,2026-05-02,28.8
P00641-TR06,P00641,Communications and Signals,2025-04-11,2025-04-15,28.2
P00641-TR07,P00641,Weapons Refresher,2025-11-07,2025-11-15,60.0
P00641-TR08,P00641,Communications and Signals,2024-12-02,2024-12-05,19.2
P00641-TR09,P00641,Counter-IED Awareness,2025-08-13,2025-08-14,5.8
P00641-TR10,P00641,Stress Management Workshop,2025-10-10,2025-10-12,16.5
P00641-TR11,P00641,Physical Efficiency Test Preparation,2025-03-14,2025-03-16,19.3
P00641-TR12,P00641,Physical Efficiency Test Preparation,2025-03-17,2025-03-21,38.6
P00641-TR13,P00641,First Response and Trauma Care,2026-04-06,2026-04-10,28.8
P00642-TR01,P00642,Weapons Refresher,2025-04-14,2025-04-15,5.5
P00642-TR02,P00642,Weapons Refresher,2026-04-27,2026-04-30,21.7
P00642-TR03,P00642,Jungle Warfare Refresher,2026-03-22,2026-03-26,29.7
P00642-TR04,P00642,Stress Management Workshop,2025-11-24,2025-11-26,17.4
P00642-TR05,P00642,Weapons Refresher,2025-02-05,2025-02-07,13.1
P00642-TR06,P00642,Stress Management Workshop,2024-11-22,2024-11-23,8.9
P00642-TR07,P00642,Communications and Signals,2025-12-22,2025-12-24,21.1
P00642-TR08,P00642,Physical Efficiency Test Preparation,2024-11-29,2024-12-01,12.0
P00642-TR09,P00642,Stress Management Workshop,2026-04-14,2026-04-18,26.1
P00642-TR10,P00642,Physical Efficiency Test Preparation,2025-03-21,2025-03-22,7.9
P00642-TR11,P00642,Crowd Management,2024-11-17,2024-11-19,15.0
P00642-TR12,P00642,Jungle Warfare Refresher,2025-03-18,2025-03-22,32.1
P00642-TR13,P00642,Crowd Management,2024-10-18,2024-10-20,17.2
P00642-TR14,P00642,Communications and Signals,2025-01-28,2025-01-29,9.5
P00643-TR01,P00643,First Response and Trauma Care,2025-10-02,2025-10-06,34.0
P00643-TR02,P00643,Physical Efficiency Test Preparation,2025-05-06,2025-05-09,27.4
P00643-TR03,P00643,Counter-IED Awareness,2025-05-24,2025-05-26,14.2
P00643-TR04,P00643,Communications and Signals,2025-11-28,2025-11-30,10.6
P00643-TR05,P00643,Weapons Refresher,2026-04-22,2026-04-25,20.0
P00643-TR06,P00643,Communications and Signals,2026-05-11,2026-05-12,9.3
P00643-TR07,P00643,First Response and Trauma Care,2026-04-09,2026-04-14,39.4
P00643-TR08,P00643,Communications and Signals,2026-07-26,2026-07-31,46.5
P00643-TR09,P00643,Counter-IED Awareness,2025-01-11,2025-01-12,14.9
P00643-TR10,P00643,Communications and Signals,2025-02-25,2025-02-27,12.0
P00643-TR11,P00643,Jungle Warfare Refresher,2024-09-27,2024-09-28,5.0
P00643-TR12,P00643,Jungle Warfare Refresher,2025-05-24,2025-05-25,4.9
P00643-TR13,P00643,Counter-IED Awareness,2025-11-24,2025-11-27,19.9
P00643-TR14,P00643,First Response and Trauma Care,2025-11-07,2025-11-10,17.0
P00644-TR01,P00644,Physical Efficiency Test Preparation,2025-12-22,2025-12-28,40.2
P00644-TR02,P00644,Stress Management Workshop,2025-08-31,2025-09-02,12.0
P00644-TR03,P00644,Crowd Management,2025-12-31,2026-01-01,13.0
P00644-TR04,P00644,Communications and Signals,2025-09-09,2025-09-12,17.4
P00644-TR05,P00644,Crowd Management,2024-10-05,2024-10-06,7.6
P00644-TR06,P00644,Crowd Management,2026-08-23,2026-08-24,7.3
P00644-TR07,P00644,Weapons Refresher,2024-09-22,2024-09-25,28.9
P00644-TR08,P00644,Crowd Management,2025-09-28,2025-10-02,25.6
P00644-TR09,P00644,Crowd Management,2025-05-29,2025-06-03,37.2
P00644-TR10,P00644,Weapons Refresher,2025-12-11,2025-12-14,27.7
P00644-TR11,P00644,Physical Efficiency Test Preparation,2025-04-02,2025-04-04,20.6
P00644-TR12,P00644,First Response and Trauma Care,2026-02-11,2026-02-13,13.6
P00644-TR13,P00644,Stress Management Workshop,2025-08-12,2025-08-19,53.3
P00645-TR01,P00645,First Response and Trauma Care,2024-11-05,2024-11-07,20.0
P00645-TR02,P00645,Communications and Signals,2025-03-17,2025-03-19,14.9
P00645-TR03,P00645,Stress Management Workshop,2026-06-13,2026-06-14,8.0
P00645-TR04,P00645,Weapons Refresher,2025-09-03,2025-09-06,28.7
P00645-TR05,P00645,Weapons Refresher,2026-05-19,2026-05-22,24.7
P00645-TR06,P00645,Physical Efficiency Test Preparation,2026-03-27,2026-03-29,16.5
P00645-TR07,P00645,Crowd Management,2025-01-02,2025-01-08,46.0
P00645-TR08,P00645,First Response and Trauma Care,2025-11-09,2025-11-10,9.7
P00645-TR09,P00645,Weapons Refresher,2026-01-12,2026-01-13,7.2
P00645-TR10,P00645,Communications and Signals,2025-11-14,2025-11-17,18.5
P00646-TR01,P00646,Crowd Management,2025-05-26,2025-05-29,24.3
P00646-TR02,P00646,Communications and Signals,2025-05-22,2025-05-23,13.2
P00646-TR03,P00646,Physical Efficiency Test Preparation,2026-06-24,2026-06-29,33.9
P00646-TR04,P00646,Jungle Warfare Refresher,2025-09-19,2025-09-24,38.9
P00646-TR05,P00646,Counter-IED Awareness,2025-06-10,2025-06-12,19.6
P00646-TR06,P00646,Physical Efficiency Test Preparation,2026-02-24,2026-02-25,4.0
P00646-TR07,P00646,First Response and Trauma Care,2024-10-11,2024-10-13,13.7
P00646-TR08,P00646,Communications and Signals,2025-10-24,2025-10-25,9.8
P00646-TR09,P00646,Crowd Management,2026-03-09,2026-03-11,12.6
P00646-TR10,P00646,First Response and Trauma Care,2026-07-18,2026-07-19,10.0
P00646-TR11,P00646,Crowd Management,2025-05-03,2025-05-05,12.6
P00647-TR01,P00647,Weapons Refresher,2026-02-22,2026-02-27,36.8
P00647-TR02,P00647,Stress Management Workshop,2025-06-03,2025-06-07,30.8
P00647-TR03,P00647,Weapons Refresher,2025-01-04,2025-01-06,9.8
P00647-TR04,P00647,Jungle Warfare Refresher,2026-01-31,2026-02-03,24.0
P00647-TR05,P00647,Jungle Warfare Refresher,2026-01-06,2026-01-12,44.3
P00647-TR06,P00647,Physical Efficiency Test Preparation,2025-12-24,2025-12-25,8.8
P00647-TR07,P00647,Weapons Refresher,2025-09-21,2025-09-24,25.5
P00647-TR08,P00647,Physical Efficiency Test Preparation,2025-01-26,2025-01-30,28.7
P00647-TR09,P00647,Jungle Warfare Refresher,2025-09-06,2025-09-07,9.0
P00648-TR01,P00648,Communications and Signals,2026-03-28,2026-03-29,8.1
P00648-TR02,P00648,Communications and Signals,2025-07-03,2025-07-05,14.3
P00648-TR03,P00648,Counter-IED Awareness,2025-03-13,2025-03-14,10.4
P00648-TR04,P00648,Crowd Management,2026-01-17,2026-01-21,28.5
P00648-TR05,P00648,Counter-IED Awareness,2026-02-06,2026-02-09,23.5
P00648-TR06,P00648,Crowd Management,2025-04-08,2025-04-13,34.1
P00648-TR07,P00648,Weapons Refresher,2026-05-14,2026-05-18,34.5
P00648-TR08,P00648,Communications and Signals,2025-03-25,2025-03-27,15.3
P00648-TR09,P00648,Weapons Refresher,2025-07-10,2025-07-12,11.8
P00648-TR10,P00648,Counter-IED Awareness,2024-09-19,2024-09-22,18.3
P00648-TR11,P00648,Crowd Management,2025-05-26,2025-05-28,17.7
P00648-TR12,P00648,First Response and Trauma Care,2025-10-27,2025-10-29,14.3
P00648-TR13,P00648,Physical Efficiency Test Preparation,2026-06-25,2026-06-26,6.7
P00648-TR14,P00648,Stress Management Workshop,2026-02-03,2026-02-08,37.9
P00648-TR15,P00648,Jungle Warfare Refresher,2025-07-31,2025-08-04,28.0
P00648-TR16,P00648,Counter-IED Awareness,2025-09-25,2025-09-27,15.4
P00649-TR01,P00649,Communications and Signals,2024-12-14,2024-12-16,18.1
P00649-TR02,P00649,Physical Efficiency Test Preparation,2026-08-01,2026-08-06,40.9
P00649-TR03,P00649,Counter-IED Awareness,2024-10-16,2024-10-20,34.1
P00649-TR04,P00649,Stress Management Workshop,2026-01-12,2026-01-17,36.4
P00649-TR05,P00649,Communications and Signals,2025-03-17,2025-03-20,27.9
P00649-TR06,P00649,Weapons Refresher,2024-11-22,2024-11-23,9.6
P00649-TR07,P00649,Physical Efficiency Test Preparation,2025-11-04,2025-11-10,45.9
P00649-TR08,P00649,Crowd Management,2024-11-19,2024-11-20,4.0
P00649-TR09,P00649,Crowd Management,2026-01-09,2026-01-10,10.4
P00649-TR10,P00649,Counter-IED Awareness,2025-08-05,2025-08-07,21.4
P00649-TR11,P00649,Crowd Management,2026-07-03,2026-07-04,6.8
P00650-TR01,P00650,Communications and Signals,2024-10-10,2024-10-14,33.0
P00650-TR02,P00650,Stress Management Workshop,2025-10-17,2025-10-18,4.9
P00650-TR03,P00650,Communications and Signals,2026-02-10,2026-02-13,25.9
P00650-TR04,P00650,Jungle Warfare Refresher,2025-08-05,2025-08-08,19.7
P00650-TR05,P00650,Communications and Signals,2025-12-05,2025-12-07,23.1
P00650-TR06,P00650,Communications and Signals,2024-12-10,2024-12-15,36.2
P00650-TR07,P00650,Jungle Warfare Refresher,2025-11-12,2025-11-18,43.3
P00650-TR08,P00650,Physical Efficiency Test Preparation,2025-08-02,2025-08-03,10.8
P00651-TR01,P00651,Stress Management Workshop,2026-05-26,2026-06-01,42.2
P00651-TR02,P00651,Communications and Signals,2026-08-26,2026-08-27,5.4
P00651-TR03,P00651,Counter-IED Awareness,2024-11-14,2024-11-18,33.8
P00651-TR04,P00651,Counter-IED Awareness,2024-12-01,2024-12-03,11.2
P00651-TR05,P00651,Jungle Warfare Refresher,2024-10-23,2024-10-26,26.4
P00651-TR06,P00651,First Response and Trauma Care,2026-01-28,2026-01-31,24.8
P00651-TR07,P00651,Jungle Warfare Refresher,2025-01-10,2025-01-12,20.8
P00651-TR08,P00651,Jungle Warfare Refresher,2024-09-19,2024-09-22,25.6
P00651-TR09,P00651,Crowd Management,2025-09-04,2025-09-08,37.4
P00652-TR01,P00652,Physical Efficiency Test Preparation,2025-11-23,2025-11-26,21.7
P00652-TR02,P00652,Communications and Signals,2025-11-04,2025-11-07,25.5
P00652-TR03,P00652,Weapons Refresher,2025-12-12,2025-12-16,38.6
P00652-TR04,P00652,Stress Management Workshop,2026-05-12,2026-05-15,19.0
P00652-TR05,P00652,Stress Management Workshop,2026-01-05,2026-01-07,22.5
P00652-TR06,P00652,Physical Efficiency Test Preparation,2026-06-02,2026-06-04,16.2
P00652-TR07,P00652,First Response and Trauma Care,2024-11-21,2024-11-24,24.5
P00652-TR08,P00652,Stress Management Workshop,2024-09-14,2024-09-15,7.4
P00653-TR01,P00653,Crowd Management,2026-02-07,2026-02-09,14.5
P00653-TR02,P00653,Crowd Management,2026-06-28,2026-06-30,19.1
P00653-TR03,P00653,Crowd Management,2025-11-27,2025-11-28,9.0
P00653-TR04,P00653,Stress Management Workshop,2026-02-04,2026-02-05,7.2
P00653-TR05,P00653,Counter-IED Awareness,2025-06-07,2025-06-09,13.3
P00653-TR06,P00653,Stress Management Workshop,2025-02-01,2025-02-06,41.4
P00654-TR01,P00654,Crowd Management,2024-12-25,2024-12-31,45.2
P00654-TR02,P00654,Crowd Management,2024-10-26,2024-10-27,4.0
P00654-TR03,P00654,Weapons Refresher,2026-04-11,2026-04-18,57.0
P00655-TR01,P00655,Physical Efficiency Test Preparation,2026-03-24,2026-03-27,24.1
P00655-TR02,P00655,Weapons Refresher,2025-04-21,2025-04-25,35.6
P00655-TR03,P00655,Crowd Management,2026-08-19,2026-08-23,29.2
P00655-TR04,P00655,Stress Management Workshop,2026-04-27,2026-04-29,16.8
P00655-TR05,P00655,Counter-IED Awareness,2025-06-13,2025-06-17,30.7
P00655-TR06,P00655,Crowd Management,2024-12-26,2024-12-31,40.2
P00655-TR07,P00655,Weapons Refresher,2025-07-26,2025-07-27,11.1
P00656-TR01,P00656,Communications and Signals,2026-05-28,2026-05-30,13.0
P00656-TR02,P00656,Stress Management Workshop,2025-11-23,2025-11-25,22.3
P00656-TR03,P00656,Communications and Signals,2026-04-12,2026-04-13,12.3
P00656-TR04,P00656,Jungle Warfare Refresher,2025-04-25,2025-04-29,30.0
P00657-TR01,P00657,First Response and Trauma Care,2024-11-10,2024-11-12,17.6
P00657-TR02,P00657,First Response and Trauma Care,2025-12-17,2025-12-23,45.8
P00657-TR03,P00657,Weapons Refresher,2026-08-12,2026-08-15,21.4
P00657-TR04,P00657,Crowd Management,2026-07-09,2026-07-13,31.4
P00657-TR05,P00657,First Response and Trauma Care,2025-05-04,2025-05-07,28.0
P00657-TR06,P00657,Counter-IED Awareness,2025-03-03,2025-03-04,7.5
P00657-TR07,P00657,Crowd Management,2025-08-22,2025-08-24,19.4
P00657-TR08,P00657,Counter-IED Awareness,2024-11-25,2024-11-26,14.4
P00657-TR09,P00657,Jungle Warfare Refresher,2026-06-03,2026-06-06,23.4
P00657-TR10,P00657,Communications and Signals,2025-07-23,2025-07-25,16.3
P00658-TR01,P00658,First Response and Trauma Care,2024-09-21,2024-09-26,32.6
P00658-TR02,P00658,Physical Efficiency Test Preparation,2024-09-16,2024-09-20,29.5
P00658-TR03,P00658,Crowd Management,2025-12-04,2025-12-08,29.7
P00658-TR04,P00658,Jungle Warfare Refresher,2025-10-11,2025-10-13,16.2
P00658-TR05,P00658,Stress Management Workshop,2024-12-11,2024-12-14,29.0
P00658-TR06,P00658,First Response and Trauma Care,2026-07-14,2026-07-16,22.8
P00658-TR07,P00658,Weapons Refresher,2025-03-23,2025-03-24,14.9
P00658-TR08,P00658,Stress Management Workshop,2025-03-05,2025-03-07,18.8
P00658-TR09,P00658,Jungle Warfare Refresher,2026-08-27,2026-08-28,13.8
P00658-TR10,P00658,Communications and Signals,2025-04-02,2025-04-04,18.5
P00658-TR11,P00658,Communications and Signals,2025-01-30,2025-02-02,20.8
P00658-TR12,P00658,Crowd Management,2026-08-18,2026-08-20,17.8
P00658-TR13,P00658,Jungle Warfare Refresher,2026-03-12,2026-03-14,12.6
P00658-TR14,P00658,Weapons Refresher,2024-09-17,2024-09-20,21.8
P00659-TR01,P00659,Crowd Management,2026-04-22,2026-04-24,14.4
P00659-TR02,P00659,First Response and Trauma Care,2025-02-21,2025-02-23,16.6
P00659-TR03,P00659,Jungle Warfare Refresher,2026-03-20,2026-03-23,25.1
P00659-TR04,P00659,Counter-IED Awareness,2026-04-25,2026-04-28,22.0
P00659-TR05,P00659,Counter-IED Awareness,2025-10-17,2025-10-20,22.5
P00659-TR06,P00659,Communications and Signals,2026-08-29,2026-08-31,16.6
P00659-TR07,P00659,Counter-IED Awareness,2025-08-26,2025-08-28,11.3
P00659-TR08,P00659,Counter-IED Awareness,2025-10-01,2025-10-03,17.6
P00659-TR09,P00659,Physical Efficiency Test Preparation,2025-06-11,2025-06-15,33.3
P00659-TR10,P00659,First Response and Trauma Care,2026-04-29,2026-05-01,10.5
P00659-TR11,P00659,Stress Management Workshop,2026-06-03,2026-06-04,5.8
P00659-TR12,P00659,Communications and Signals,2026-08-17,2026-08-19,19.2
P00659-TR13,P00659,Weapons Refresher,2026-08-15,2026-08-16,10.9
P00659-TR14,P00659,First Response and Trauma Care,2026-05-01,2026-05-03,11.4
P00659-TR15,P00659,Communications and Signals,2026-01-11,2026-01-12,9.4
P00659-TR16,P00659,Crowd Management,2025-02-07,2025-02-09,17.9
P00659-TR17,P00659,Jungle Warfare Refresher,2024-12-09,2024-12-11,10.4
P00659-TR18,P00659,Stress Management Workshop,2025-01-04,2025-01-05,5.7
P00659-TR19,P00659,Jungle Warfare Refresher,2026-01-17,2026-01-18,11.7
P00659-TR20,P00659,Crowd Management,2026-04-04,2026-04-08,31.8
P00660-TR01,P00660,Communications and Signals,2025-11-02,2025-11-06,30.1
P00660-TR02,P00660,First Response and Trauma Care,2024-10-22,2024-10-24,16.1
P00660-TR03,P00660,Jungle Warfare Refresher,2025-11-20,2025-11-27,50.5
P00660-TR04,P00660,Jungle Warfare Refresher,2025-08-11,2025-08-14,24.6
P00660-TR05,P00660,Weapons Refresher,2024-11-28,2024-12-05,60.0
P00660-TR06,P00660,Physical Efficiency Test Preparation,2024-11-30,2024-12-03,25.8
P00660-TR07,P00660,Stress Management Workshop,2025-07-02,2025-07-04,15.5
P00660-TR08,P00660,Crowd Management,2025-04-26,2025-04-29,21.8
P00661-TR01,P00661,Weapons Refresher,2025-06-15,2025-06-16,9.3
P00661-TR02,P00661,Jungle Warfare Refresher,2025-11-10,2025-11-11,4.0
P00661-TR03,P00661,Stress Management Workshop,2025-03-03,2025-03-08,44.4
P00661-TR04,P00661,Jungle Warfare Refresher,2026-08-03,2026-08-04,4.4
P00661-TR05,P00661,Communications and Signals,2026-08-16,2026-08-20,32.2
P00661-TR06,P00661,Communications and Signals,2025-06-19,2025-06-21,13.9
P00661-TR07,P00661,Physical Efficiency Test Preparation,2025-01-22,2025-01-25,20.3
P00661-TR08,P00661,First Response and Trauma Care,2025-10-06,2025-10-07,7.1
P00661-TR09,P00661,First Response and Trauma Care,2025-06-06,2025-06-07,13.1
P00661-TR10,P00661,Jungle Warfare Refresher,2025-12-12,2025-12-14,18.8
P00661-TR11,P00661,Communications and Signals,2026-08-18,2026-08-19,12.3
P00661-TR12,P00661,Crowd Management,2025-01-23,2025-01-25,18.2
P00661-TR13,P00661,Crowd Management,2025-12-30,2026-01-02,26.3
P00661-TR14,P00661,First Response and Trauma Care,2025-02-05,2025-02-12,60.0
P00661-TR15,P00661,Physical Efficiency Test Preparation,2025-06-09,2025-06-12,28.1
P00662-TR01,P00662,Stress Management Workshop,2025-02-19,2025-02-22,24.3
P00662-TR02,P00662,Weapons Refresher,2026-04-02,2026-04-06,32.9
P00662-TR03,P00662,Weapons Refresher,2026-08-29,2026-09-01,33.9
P00662-TR04,P00662,Counter-IED Awareness,2025-12-19,2025-12-25,47.4
P00662-TR05,P00662,Crowd Management,2025-12-30,2026-01-01,10.7
P00662-TR06,P00662,Weapons Refresher,2026-04-19,2026-04-22,21.2
P00663-TR01,P00663,Counter-IED Awareness,2026-06-09,2026-06-13,26.6
P00663-TR02,P00663,Weapons Refresher,2026-06-08,2026-06-13,43.1
P00663-TR03,P00663,Weapons Refresher,2026-05-09,2026-05-14,46.1
P00663-TR04,P00663,Crowd Management,2025-05-21,2025-05-25,30.9
P00663-TR05,P00663,Stress Management Workshop,2026-07-29,2026-08-02,26.6
P00663-TR06,P00663,Weapons Refresher,2026-03-16,2026-03-20,28.3
P00663-TR07,P00663,Weapons Refresher,2026-03-22,2026-03-24,9.2
P00663-TR08,P00663,Physical Efficiency Test Preparation,2025-04-23,2025-04-26,31.4
P00663-TR09,P00663,Counter-IED Awareness,2025-10-18,2025-10-21,17.1
P00663-TR10,P00663,First Response and Trauma Care,2025-11-14,2025-11-17,25.1
P00663-TR11,P00663,Jungle Warfare Refresher,2025-09-07,2025-09-08,7.6
P00663-TR12,P00663,Crowd Management,2025-12-22,2025-12-26,31.7
P00664-TR01,P00664,Counter-IED Awareness,2026-01-07,2026-01-09,10.7
P00664-TR02,P00664,Crowd Management,2025-05-10,2025-05-12,15.2
P00664-TR03,P00664,Stress Management Workshop,2025-10-18,2025-10-26,60.0
P00664-TR04,P00664,Crowd Management,2026-02-10,2026-02-12,16.6
P00664-TR05,P00664,Counter-IED Awareness,2025-05-14,2025-05-21,60.0
P00664-TR06,P00664,Stress Management Workshop,2026-05-19,2026-05-21,10.9
P00665-TR01,P00665,Crowd Management,2025-01-10,2025-01-12,18.6
P00665-TR02,P00665,Counter-IED Awareness,2024-09-23,2024-09-26,23.6
P00665-TR03,P00665,Counter-IED Awareness,2026-03-14,2026-03-17,19.9
P00665-TR04,P00665,Weapons Refresher,2026-07-07,2026-07-11,31.4
P00665-TR05,P00665,Jungle Warfare Refresher,2024-10-11,2024-10-13,16.2
P00665-TR06,P00665,Stress Management Workshop,2024-11-16,2024-11-17,9.7
P00665-TR07,P00665,Weapons Refresher,2025-10-21,2025-10-23,21.9
P00665-TR08,P00665,Jungle Warfare Refresher,2026-02-06,2026-02-08,14.7
P00666-TR01,P00666,Physical Efficiency Test Preparation,2025-11-18,2025-11-22,33.5
P00666-TR02,P00666,Counter-IED Awareness,2026-08-01,2026-08-08,57.3
P00666-TR03,P00666,Counter-IED Awareness,2026-06-25,2026-06-26,8.0
P00666-TR04,P00666,Stress Management Workshop,2025-02-24,2025-02-25,5.9
P00666-TR05,P00666,Physical Efficiency Test Preparation,2025-06-02,2025-06-05,21.5
P00666-TR06,P00666,Counter-IED Awareness,2026-06-04,2026-06-05,4.0
P00667-TR01,P00667,Jungle Warfare Refresher,2025-12-23,2025-12-25,14.4
P00667-TR02,P00667,Jungle Warfare Refresher,2024-09-20,2024-09-24,37.3
P00667-TR03,P00667,Physical Efficiency Test Preparation,2025-09-29,2025-10-01,16.0
P00667-TR04,P00667,Jungle Warfare Refresher,2026-03-29,2026-04-01,28.9
P00667-TR05,P00667,Weapons Refresher,2026-07-04,2026-07-06,15.7
P00667-TR06,P00667,Communications and Signals,2025-03-03,2025-03-05,19.9
P00667-TR07,P00667,Stress Management Workshop,2024-10-23,2024-10-26,18.6
P00667-TR08,P00667,Stress Management Workshop,2025-10-07,2025-10-09,14.6
P00667-TR09,P00667,Stress Management Workshop,2024-10-11,2024-10-12,9.5
P00667-TR10,P00667,Stress Management Workshop,2025-03-07,2025-03-09,14.6
P00667-TR11,P00667,Communications and Signals,2025-06-07,2025-06-10,22.0
P00667-TR12,P00667,Jungle Warfare Refresher,2026-08-09,2026-08-13,30.5
P00667-TR13,P00667,Weapons Refresher,2025-11-14,2025-11-17,24.7
P00667-TR14,P00667,Weapons Refresher,2024-09-23,2024-09-24,12.1
P00668-TR01,P00668,Weapons Refresher,2026-08-22,2026-08-24,13.6
P00668-TR02,P00668,Physical Efficiency Test Preparation,2024-10-28,2024-10-30,15.0
P00668-TR03,P00668,Crowd Management,2025-07-23,2025-07-27,27.4
P00668-TR04,P00668,Stress Management Workshop,2026-02-02,2026-02-08,47.2
P00668-TR05,P00668,Counter-IED Awareness,2025-09-25,2025-09-29,34.4
P00668-TR06,P00668,Stress Management Workshop,2024-12-01,2024-12-03,14.6
P00668-TR07,P00668,Communications and Signals,2026-07-09,2026-07-11,13.9
P00668-TR08,P00668,First Response and Trauma Care,2024-12-07,2024-12-10,26.7
P00668-TR09,P00668,Jungle Warfare Refresher,2025-06-10,2025-06-13,16.8
P00668-TR10,P00668,Jungle Warfare Refresher,2026-01-21,2026-01-26,33.9
P00668-TR11,P00668,Crowd Management,2025-03-12,2025-03-13,8.0
P00669-TR01,P00669,Counter-IED Awareness,2024-09-09,2024-09-14,44.4
P00669-TR02,P00669,Counter-IED Awareness,2026-06-14,2026-06-20,45.8
P00669-TR03,P00669,First Response and Trauma Care,2025-09-07,2025-09-09,10.3
P00669-TR04,P00669,First Response and Trauma Care,2024-12-29,2024-12-31,15.1
P00669-TR05,P00669,Crowd Management,2025-05-23,2025-05-27,29.9
P00669-TR06,P00669,Counter-IED Awareness,2026-07-02,2026-07-06,34.9
P00669-TR07,P00669,Counter-IED Awareness,2024-11-18,2024-11-20,12.6
P00669-TR08,P00669,Communications and Signals,2026-04-09,2026-04-15,43.6
P00669-TR09,P00669,Stress Management Workshop,2024-09-08,2024-09-10,14.1
P00669-TR10,P00669,Physical Efficiency Test Preparation,2025-03-17,2025-03-19,19.8
P00669-TR11,P00669,Stress Management Workshop,2025-06-10,2025-06-14,29.8
P00670-TR01,P00670,Stress Management Workshop,2025-03-04,2025-03-06,13.2
P00670-TR02,P00670,Jungle Warfare Refresher,2024-11-23,2024-11-25,14.6
P00670-TR03,P00670,First Response and Trauma Care,2026-07-04,2026-07-07,23.2
P00670-TR04,P00670,Communications and Signals,2025-08-08,2025-08-12,29.3
P00670-TR05,P00670,Crowd Management,2026-06-26,2026-06-29,21.9
P00670-TR06,P00670,Counter-IED Awareness,2025-02-07,2025-02-08,8.5
P00670-TR07,P00670,Stress Management Workshop,2025-11-05,2025-11-07,14.7
P00670-TR08,P00670,Communications and Signals,2026-07-29,2026-07-31,9.8
P00670-TR09,P00670,Communications and Signals,2026-03-27,2026-03-29,16.1
P00670-TR10,P00670,Communications and Signals,2024-09-05,2024-09-07,14.8
P00670-TR11,P00670,Communications and Signals,2025-10-24,2025-10-28,31.9
P00670-TR12,P00670,Stress Management Workshop,2026-08-10,2026-08-14,33.9
P00670-TR13,P00670,Crowd Management,2026-08-08,2026-08-13,40.3
P00670-TR14,P00670,Jungle Warfare Refresher,2026-06-02,2026-06-10,58.5
P00670-TR15,P00670,Counter-IED Awareness,2026-05-03,2026-05-06,20.1
P00671-TR01,P00671,Jungle Warfare Refresher,2025-06-25,2025-06-27,12.1
P00671-TR02,P00671,Weapons Refresher,2025-11-14,2025-11-16,18.0
P00671-TR03,P00671,Stress Management Workshop,2025-04-22,2025-04-24,14.5
P00671-TR04,P00671,Crowd Management,2026-02-23,2026-02-25,11.8
P00671-TR05,P00671,Weapons Refresher,2024-11-28,2024-12-04,53.1
P00671-TR06,P00671,Counter-IED Awareness,2025-04-11,2025-04-18,51.1
P00671-TR07,P00671,Stress Management Workshop,2024-09-30,2024-10-03,26.6
P00671-TR08,P00671,Physical Efficiency Test Preparation,2025-03-09,2025-03-10,9.8
P00671-TR09,P00671,First Response and Trauma Care,2026-08-12,2026-08-15,22.0
P00671-TR10,P00671,First Response and Trauma Care,2026-08-22,2026-08-26,30.2
P00671-TR11,P00671,Crowd Management,2026-08-02,2026-08-04,21.4
P00671-TR12,P00671,Crowd Management,2025-05-19,2025-05-23,32.3
P00672-TR01,P00672,Weapons Refresher,2025-01-20,2025-01-26,48.9
P00672-TR02,P00672,Communications and Signals,2025-08-13,2025-08-14,4.0
P00672-TR03,P00672,Counter-IED Awareness,2025-11-07,2025-11-10,26.0
P00672-TR04,P00672,Crowd Management,2025-02-17,2025-02-20,22.0
P00672-TR05,P00672,Jungle Warfare Refresher,2026-04-13,2026-04-15,12.5
P00672-TR06,P00672,Crowd Management,2025-12-24,2025-12-27,29.7
P00672-TR07,P00672,Physical Efficiency Test Preparation,2025-11-07,2025-11-12,41.3
P00672-TR08,P00672,First Response and Trauma Care,2025-03-08,2025-03-10,10.0
P00672-TR09,P00672,Crowd Management,2024-11-03,2024-11-06,23.0
P00672-TR10,P00672,First Response and Trauma Care,2025-07-01,2025-07-07,48.8
P00672-TR11,P00672,First Response and Trauma Care,2024-11-13,2024-11-15,17.6
P00672-TR12,P00672,Stress Management Workshop,2025-04-10,2025-04-13,24.6
P00672-TR13,P00672,Jungle Warfare Refresher,2026-04-06,2026-04-10,36.8
P00672-TR14,P00672,Crowd Management,2024-12-28,2024-12-29,7.3
P00672-TR15,P00672,Stress Management Workshop,2025-07-19,2025-07-22,23.1
P00672-TR16,P00672,Crowd Management,2024-10-12,2024-10-13,12.8
P00673-TR01,P00673,First Response and Trauma Care,2025-02-15,2025-02-18,20.6
P00673-TR02,P00673,Stress Management Workshop,2025-03-02,2025-03-03,9.6
P00673-TR03,P00673,Jungle Warfare Refresher,2025-07-19,2025-07-22,29.7
P00673-TR04,P00673,Crowd Management,2026-02-14,2026-02-16,15.8
P00673-TR05,P00673,Weapons Refresher,2024-10-23,2024-10-31,59.0
P00673-TR06,P00673,Weapons Refresher,2025-12-27,2025-12-28,9.1
P00673-TR07,P00673,Jungle Warfare Refresher,2025-02-11,2025-02-17,43.1
P00673-TR08,P00673,Physical Efficiency Test Preparation,2026-06-19,2026-06-23,32.7
P00674-TR01,P00674,Physical Efficiency Test Preparation,2026-01-20,2026-01-24,27.1
P00674-TR02,P00674,Counter-IED Awareness,2025-03-22,2025-03-24,14.1
P00674-TR03,P00674,Stress Management Workshop,2025-10-09,2025-10-12,26.8
P00674-TR04,P00674,Communications and Signals,2026-01-27,2026-01-28,6.1
P00674-TR05,P00674,Communications and Signals,2026-07-14,2026-07-16,14.5
P00674-TR06,P00674,Stress Management Workshop,2025-04-06,2025-04-07,12.1
P00674-TR07,P00674,Stress Management Workshop,2026-04-27,2026-04-28,7.2
P00674-TR08,P00674,Stress Management Workshop,2025-04-19,2025-04-23,29.6
P00674-TR09,P00674,Weapons Refresher,2025-03-09,2025-03-12,20.3
P00674-TR10,P00674,Crowd Management,2026-03-31,2026-04-02,13.2
P00674-TR11,P00674,Physical Efficiency Test Preparation,2025-03-04,2025-03-05,11.3
P00674-TR12,P00674,Weapons Refresher,2024-12-11,2024-12-13,14.1
P00674-TR13,P00674,Physical Efficiency Test Preparation,2026-03-16,2026-03-18,13.9
P00674-TR14,P00674,Stress Management Workshop,2026-04-04,2026-04-06,20.7
P00674-TR15,P00674,Communications and Signals,2026-02-05,2026-02-07,10.8
P00674-TR16,P00674,Crowd Management,2026-03-01,2026-03-03,10.1
P00674-TR17,P00674,Counter-IED Awareness,2025-04-22,2025-04-23,4.8
P00674-TR18,P00674,Counter-IED Awareness,2025-05-26,2025-05-29,23.9
P00674-TR19,P00674,Physical Efficiency Test Preparation,2025-11-13,2025-11-14,7.6
P00675-TR01,P00675,Counter-IED Awareness,2024-12-28,2025-01-02,43.0
P00675-TR02,P00675,Jungle Warfare Refresher,2026-07-18,2026-07-20,19.4
P00675-TR03,P00675,Counter-IED Awareness,2026-06-20,2026-06-25,45.5
P00675-TR04,P00675,First Response and Trauma Care,2025-06-16,2025-06-21,43.7
P00675-TR05,P00675,Jungle Warfare Refresher,2026-04-03,2026-04-06,27.3
P00675-TR06,P00675,First Response and Trauma Care,2025-06-23,2025-06-24,4.3
P00676-TR01,P00676,Physical Efficiency Test Preparation,2024-11-09,2024-11-16,55.3
P00676-TR02,P00676,Jungle Warfare Refresher,2026-08-26,2026-08-28,21.5
P00676-TR03,P00676,Counter-IED Awareness,2026-05-12,2026-05-16,35.8
P00676-TR04,P00676,Weapons Refresher,2026-03-25,2026-03-27,16.3
P00676-TR05,P00676,Physical Efficiency Test Preparation,2026-06-26,2026-06-27,13.1
P00677-TR01,P00677,Weapons Refresher,2024-10-09,2024-10-13,31.7
P00677-TR02,P00677,Counter-IED Awareness,2024-11-21,2024-11-23,16.5
P00677-TR03,P00677,First Response and Trauma Care,2024-09-14,2024-09-15,11.3
P00677-TR04,P00677,Stress Management Workshop,2025-08-31,2025-09-01,11.3
P00677-TR05,P00677,Communications and Signals,2025-07-26,2025-07-29,17.5
P00677-TR06,P00677,Crowd Management,2025-07-26,2025-07-28,12.9
P00677-TR07,P00677,First Response and Trauma Care,2025-07-23,2025-07-25,19.5
P00677-TR08,P00677,Stress Management Workshop,2025-12-19,2025-12-21,18.9
P00677-TR09,P00677,First Response and Trauma Care,2026-01-07,2026-01-11,32.3
P00677-TR10,P00677,Stress Management Workshop,2026-07-14,2026-07-15,10.3
P00678-TR01,P00678,Stress Management Workshop,2025-03-29,2025-03-31,13.6
P00678-TR02,P00678,Physical Efficiency Test Preparation,2025-08-19,2025-08-24,36.6
P00678-TR03,P00678,Physical Efficiency Test Preparation,2026-07-14,2026-07-15,7.8
P00679-TR01,P00679,Weapons Refresher,2026-06-11,2026-06-12,5.0
P00679-TR02,P00679,Stress Management Workshop,2025-11-14,2025-11-17,23.7
P00679-TR03,P00679,Counter-IED Awareness,2024-12-14,2024-12-16,12.1
P00679-TR04,P00679,Weapons Refresher,2026-01-12,2026-01-13,9.7
P00679-TR05,P00679,Crowd Management,2026-03-02,2026-03-04,13.4
P00679-TR06,P00679,Counter-IED Awareness,2025-07-01,2025-07-02,8.9
P00679-TR07,P00679,First Response and Trauma Care,2024-12-10,2024-12-11,6.7
P00679-TR08,P00679,Physical Efficiency Test Preparation,2026-04-13,2026-04-18,38.5
P00679-TR09,P00679,Physical Efficiency Test Preparation,2026-07-26,2026-07-29,28.9
P00679-TR10,P00679,Jungle Warfare Refresher,2026-06-24,2026-07-01,60.0
P00679-TR11,P00679,First Response and Trauma Care,2026-04-26,2026-04-30,35.5
P00679-TR12,P00679,Stress Management Workshop,2026-06-16,2026-06-19,23.6
P00680-TR01,P00680,Physical Efficiency Test Preparation,2025-11-24,2025-11-25,11.7
P00680-TR02,P00680,First Response and Trauma Care,2025-07-01,2025-07-09,60.0
P00680-TR03,P00680,First Response and Trauma Care,2026-01-17,2026-01-19,18.5
P00680-TR04,P00680,Counter-IED Awareness,2024-11-23,2024-11-28,37.2
P00680-TR05,P00680,Counter-IED Awareness,2026-05-17,2026-05-19,16.2
P00680-TR06,P00680,First Response and Trauma Care,2024-12-02,2024-12-05,30.2
P00681-TR01,P00681,First Response and Trauma Care,2025-01-08,2025-01-13,34.4
P00681-TR02,P00681,Counter-IED Awareness,2025-06-28,2025-07-03,38.4
P00681-TR03,P00681,Stress Management Workshop,2024-09-29,2024-09-30,15.0
P00681-TR04,P00681,Physical Efficiency Test Preparation,2025-07-06,2025-07-09,30.0
P00681-TR05,P00681,Physical Efficiency Test Preparation,2024-10-26,2024-10-28,16.5
P00681-TR06,P00681,Weapons Refresher,2025-03-21,2025-03-23,17.8
P00681-TR07,P00681,Stress Management Workshop,2025-07-12,2025-07-14,17.4
P00681-TR08,P00681,Stress Management Workshop,2024-12-14,2024-12-15,11.8
P00681-TR09,P00681,Physical Efficiency Test Preparation,2026-03-07,2026-03-12,37.0
P00681-TR10,P00681,Jungle Warfare Refresher,2025-11-18,2025-11-23,36.5
P00681-TR11,P00681,Jungle Warfare Refresher,2025-04-17,2025-04-23,41.4
P00681-TR12,P00681,Jungle Warfare Refresher,2025-08-12,2025-08-15,21.1
P00681-TR13,P00681,First Response and Trauma Care,2025-01-03,2025-01-05,16.7
P00682-TR01,P00682,Stress Management Workshop,2025-11-09,2025-11-10,9.1
P00682-TR02,P00682,Stress Management Workshop,2026-08-26,2026-08-29,26.7
P00682-TR03,P00682,Physical Efficiency Test Preparation,2025-04-25,2025-04-27,16.0
P00682-TR04,P00682,Stress Management Workshop,2024-11-21,2024-11-23,14.2
P00682-TR05,P00682,Jungle Warfare Refresher,2025-07-26,2025-07-30,34.5
P00682-TR06,P00682,Physical Efficiency Test Preparation,2026-03-26,2026-03-29,28.6
P00682-TR07,P00682,Communications and Signals,2025-04-13,2025-04-15,10.2
P00682-TR08,P00682,Weapons Refresher,2025-07-08,2025-07-12,29.5
P00683-TR01,P00683,Crowd Management,2024-11-01,2024-11-06,33.5
P00683-TR02,P00683,Jungle Warfare Refresher,2025-09-10,2025-09-14,29.5
P00683-TR03,P00683,Physical Efficiency Test Preparation,2026-07-13,2026-07-14,15.2
P00683-TR04,P00683,Crowd Management,2025-05-31,2025-06-04,33.9
P00683-TR05,P00683,First Response and Trauma Care,2025-02-22,2025-02-23,12.7
P00683-TR06,P00683,Crowd Management,2024-11-03,2024-11-05,15.8
P00683-TR07,P00683,Weapons Refresher,2026-08-03,2026-08-07,30.2
P00683-TR08,P00683,Stress Management Workshop,2025-03-20,2025-03-22,16.4
P00683-TR09,P00683,Physical Efficiency Test Preparation,2026-01-17,2026-01-18,7.3
P00683-TR10,P00683,Weapons Refresher,2024-10-22,2024-10-23,13.8
P00684-TR01,P00684,Stress Management Workshop,2025-05-15,2025-05-20,44.3
P00684-TR02,P00684,Weapons Refresher,2026-07-14,2026-07-18,27.9
P00684-TR03,P00684,Jungle Warfare Refresher,2024-12-03,2024-12-06,28.9
P00684-TR04,P00684,Crowd Management,2025-01-27,2025-02-01,36.2
P00684-TR05,P00684,Counter-IED Awareness,2025-01-19,2025-01-20,5.9
P00684-TR06,P00684,Jungle Warfare Refresher,2025-10-07,2025-10-11,33.6
P00684-TR07,P00684,Jungle Warfare Refresher,2024-11-14,2024-11-17,18.4
P00684-TR08,P00684,Stress Management Workshop,2026-04-23,2026-04-26,24.1
P00684-TR09,P00684,Stress Management Workshop,2025-01-25,2025-01-27,15.6
P00684-TR10,P00684,Crowd Management,2025-02-22,2025-02-23,10.1
P00684-TR11,P00684,First Response and Trauma Care,2025-02-21,2025-02-23,9.6
P00684-TR12,P00684,Crowd Management,2025-04-22,2025-04-23,12.1
P00684-TR13,P00684,Stress Management Workshop,2026-07-24,2026-07-26,18.0
P00684-TR14,P00684,Counter-IED Awareness,2025-06-14,2025-06-15,6.0
P00684-TR15,P00684,First Response and Trauma Care,2026-03-16,2026-03-17,7.8
P00684-TR16,P00684,Counter-IED Awareness,2025-07-31,2025-08-05,43.0
P00685-TR01,P00685,Communications and Signals,2025-01-28,2025-01-29,12.2
P00685-TR02,P00685,First Response and Trauma Care,2024-10-02,2024-10-05,19.8
P00685-TR03,P00685,Crowd Management,2025-08-11,2025-08-13,12.4
P00685-TR04,P00685,Counter-IED Awareness,2025-07-08,2025-07-11,19.8
P00685-TR05,P00685,Stress Management Workshop,2026-07-25,2026-07-29,36.5
P00685-TR06,P00685,First Response and Trauma Care,2025-09-25,2025-09-30,35.9
P00685-TR07,P00685,Communications and Signals,2026-08-13,2026-08-15,15.1
P00685-TR08,P00685,Stress Management Workshop,2026-03-26,2026-03-29,28.1
P00685-TR09,P00685,Counter-IED Awareness,2025-04-14,2025-04-20,48.1
P00685-TR10,P00685,Stress Management Workshop,2025-09-03,2025-09-06,19.7
P00685-TR11,P00685,Weapons Refresher,2025-04-04,2025-04-07,17.5
P00685-TR12,P00685,Weapons Refresher,2024-12-03,2024-12-05,17.3
P00685-TR13,P00685,Jungle Warfare Refresher,2024-09-29,2024-09-30,6.6
P00686-TR01,P00686,Jungle Warfare Refresher,2025-07-28,2025-08-02,41.2
P00686-TR02,P00686,Weapons Refresher,2024-12-16,2024-12-22,44.5
P00686-TR03,P00686,Physical Efficiency Test Preparation,2024-12-29,2025-01-02,33.8
P00687-TR01,P00687,Counter-IED Awareness,2026-08-29,2026-08-31,13.2
P00687-TR02,P00687,Stress Management Workshop,2026-04-12,2026-04-15,26.2
P00687-TR03,P00687,First Response and Trauma Care,2025-07-23,2025-07-24,7.5
P00687-TR04,P00687,Jungle Warfare Refresher,2025-03-23,2025-03-27,32.4
P00687-TR05,P00687,Jungle Warfare Refresher,2025-08-28,2025-08-29,6.4
P00687-TR06,P00687,Jungle Warfare Refresher,2026-04-15,2026-04-19,33.1
P00687-TR07,P00687,Jungle Warfare Refresher,2025-04-21,2025-04-23,21.6
P00687-TR08,P00687,Stress Management Workshop,2025-01-03,2025-01-07,27.2
P00687-TR09,P00687,Communications and Signals,2025-08-02,2025-08-03,9.1
P00687-TR10,P00687,Communications and Signals,2025-01-13,2025-01-16,25.1
P00687-TR11,P00687,Communications and Signals,2024-10-31,2024-11-03,22.9
P00687-TR12,P00687,Crowd Management,2024-12-18,2024-12-21,26.9
P00687-TR13,P00687,Physical Efficiency Test Preparation,2025-06-21,2025-06-25,30.4
P00687-TR14,P00687,Weapons Refresher,2025-02-05,2025-02-08,26.7
P00687-TR15,P00687,Weapons Refresher,2026-06-05,2026-06-06,4.0
P00687-TR16,P00687,Stress Management Workshop,2025-01-15,2025-01-19,32.6
P00687-TR17,P00687,Counter-IED Awareness,2025-09-10,2025-09-12,13.8
P00687-TR18,P00687,First Response and Trauma Care,2025-01-31,2025-02-05,35.4
P00687-TR19,P00687,Crowd Management,2025-06-27,2025-07-02,38.3
P00687-TR20,P00687,Counter-IED Awareness,2026-02-27,2026-03-04,40.0
P00687-TR21,P00687,Crowd Management,2025-11-04,2025-11-06,19.6
P00687-TR22,P00687,Crowd Management,2024-11-13,2024-11-16,19.6
P00687-TR23,P00687,Communications and Signals,2024-12-20,2024-12-23,20.9
P00687-TR24,P00687,Crowd Management,2024-09-24,2024-09-28,33.3
P00687-TR25,P00687,Physical Efficiency Test Preparation,2026-03-04,2026-03-05,7.3
P00687-TR26,P00687,Crowd Management,2025-10-03,2025-10-06,20.3
P00687-TR27,P00687,Communications and Signals,2025-09-08,2025-09-09,11.8
P00687-TR28,P00687,Weapons Refresher,2026-01-18,2026-01-21,23.7
P00687-TR29,P00687,First Response and Trauma Care,2024-12-08,2024-12-10,19.3
P00687-TR30,P00687,Communications and Signals,2025-11-15,2025-11-16,10.2
P00687-TR31,P00687,Stress Management Workshop,2025-04-22,2025-04-23,4.8
P00687-TR32,P00687,Crowd Management,2026-03-12,2026-03-16,28.6
P00687-TR33,P00687,Crowd Management,2026-05-07,2026-05-12,40.6
P00687-TR34,P00687,Crowd Management,2025-07-02,2025-07-03,5.8
P00687-TR35,P00687,Weapons Refresher,2025-03-19,2025-03-20,10.5
P00687-TR36,P00687,First Response and Trauma Care,2025-05-28,2025-06-01,31.2
P00687-TR37,P00687,Counter-IED Awareness,2026-02-09,2026-02-11,18.2
P00687-TR38,P00687,Stress Management Workshop,2026-03-05,2026-03-07,13.2
P00688-TR01,P00688,Weapons Refresher,2025-12-13,2025-12-15,18.0
P00688-TR02,P00688,Stress Management Workshop,2026-04-28,2026-05-05,58.4
P00688-TR03,P00688,Crowd Management,2025-02-13,2025-02-18,36.9
P00688-TR04,P00688,Weapons Refresher,2026-06-24,2026-06-25,6.6
P00689-TR01,P00689,Stress Management Workshop,2025-06-11,2025-06-15,30.6
P00689-TR02,P00689,Communications and Signals,2025-12-03,2025-12-06,24.8
P00689-TR03,P00689,Physical Efficiency Test Preparation,2026-06-19,2026-06-22,26.3
P00689-TR04,P00689,Communications and Signals,2026-05-06,2026-05-10,34.8
P00689-TR05,P00689,First Response and Trauma Care,2025-11-16,2025-11-20,38.1
P00689-TR06,P00689,Stress Management Workshop,2026-06-12,2026-06-14,16.6
P00689-TR07,P00689,Counter-IED Awareness,2025-09-29,2025-09-30,6.3
P00689-TR08,P00689,Jungle Warfare Refresher,2026-04-06,2026-04-08,19.0
P00689-TR09,P00689,Communications and Signals,2025-01-06,2025-01-08,13.5
P00689-TR10,P00689,First Response and Trauma Care,2025-01-19,2025-01-20,11.0
P00689-TR11,P00689,First Response and Trauma Care,2024-11-14,2024-11-16,17.9
P00689-TR12,P00689,First Response and Trauma Care,2024-10-15,2024-10-17,15.7
P00689-TR13,P00689,Physical Efficiency Test Preparation,2024-12-16,2024-12-20,31.5
P00689-TR14,P00689,Counter-IED Awareness,2026-06-15,2026-06-19,31.6
P00689-TR15,P00689,Communications and Signals,2026-04-14,2026-04-16,12.1
P00689-TR16,P00689,First Response and Trauma Care,2024-12-02,2024-12-04,9.7
P00689-TR17,P00689,Stress Management Workshop,2025-10-03,2025-10-05,18.4
P00690-TR01,P00690,Jungle Warfare Refresher,2026-01-02,2026-01-05,26.1
P00690-TR02,P00690,Crowd Management,2024-10-31,2024-11-02,19.9
P00690-TR03,P00690,First Response and Trauma Care,2024-10-12,2024-10-14,16.5
P00690-TR04,P00690,Counter-IED Awareness,2025-10-10,2025-10-11,12.1
P00690-TR05,P00690,Crowd Management,2026-08-22,2026-08-26,31.2
P00690-TR06,P00690,Crowd Management,2026-03-13,2026-03-14,12.8
P00690-TR07,P00690,First Response and Trauma Care,2025-05-12,2025-05-14,12.8
P00690-TR08,P00690,Jungle Warfare Refresher,2024-10-31,2024-11-01,9.8
P00690-TR09,P00690,Jungle Warfare Refresher,2025-09-22,2025-09-24,17.1
P00690-TR10,P00690,Weapons Refresher,2025-05-21,2025-05-22,5.2
P00690-TR11,P00690,Stress Management Workshop,2025-11-14,2025-11-19,36.8
P00690-TR12,P00690,Crowd Management,2026-07-03,2026-07-06,24.1
P00690-TR13,P00690,First Response and Trauma Care,2026-01-09,2026-01-11,16.2
P00690-TR14,P00690,Physical Efficiency Test Preparation,2025-06-27,2025-06-30,27.3
P00690-TR15,P00690,Crowd Management,2025-08-11,2025-08-14,22.8
P00690-TR16,P00690,Physical Efficiency Test Preparation,2025-12-19,2025-12-24,40.3
P00690-TR17,P00690,Counter-IED Awareness,2025-06-16,2025-06-17,9.5
P00690-TR18,P00690,Physical Efficiency Test Preparation,2025-09-07,2025-09-11,28.5
P00690-TR19,P00690,Crowd Management,2026-07-08,2026-07-13,37.8
P00690-TR20,P00690,Physical Efficiency Test Preparation,2026-03-23,2026-03-24,5.1
P00691-TR01,P00691,Jungle Warfare Refresher,2024-10-09,2024-10-12,28.4
P00691-TR02,P00691,Counter-IED Awareness,2024-10-29,2024-11-01,23.7
P00691-TR03,P00691,Weapons Refresher,2026-01-30,2026-01-31,9.0
P00691-TR04,P00691,Jungle Warfare Refresher,2026-07-01,2026-07-06,39.2
P00691-TR05,P00691,Weapons Refresher,2025-01-16,2025-01-17,6.9
P00691-TR06,P00691,Communications and Signals,2026-04-17,2026-04-18,12.6
P00691-TR07,P00691,Crowd Management,2025-02-04,2025-02-07,24.0
P00691-TR08,P00691,Crowd Management,2025-07-13,2025-07-19,45.8
P00691-TR09,P00691,Stress Management Workshop,2025-12-05,2025-12-06,7.9
P00691-TR10,P00691,Communications and Signals,2025-02-05,2025-02-07,12.3
P00692-TR01,P00692,Crowd Management,2024-11-17,2024-11-18,12.8
P00692-TR02,P00692,First Response and Trauma Care,2026-04-28,2026-04-30,19.1
P00692-TR03,P00692,Counter-IED Awareness,2026-05-06,2026-05-08,20.0
P00692-TR04,P00692,Jungle Warfare Refresher,2025-11-24,2025-11-27,23.7
P00692-TR05,P00692,Weapons Refresher,2026-06-18,2026-06-19,8.9
P00692-TR06,P00692,Counter-IED Awareness,2025-02-13,2025-02-15,18.7
P00692-TR07,P00692,Jungle Warfare Refresher,2025-07-03,2025-07-06,23.7
P00692-TR08,P00692,Stress Management Workshop,2026-07-26,2026-07-27,5.2
P00692-TR09,P00692,Physical Efficiency Test Preparation,2025-06-10,2025-06-12,14.1
P00692-TR10,P00692,Stress Management Workshop,2026-07-30,2026-07-31,15.2
P00693-TR01,P00693,First Response and Trauma Care,2026-04-04,2026-04-07,29.4
P00693-TR02,P00693,Weapons Refresher,2024-12-23,2024-12-26,27.9
P00693-TR03,P00693,First Response and Trauma Care,2025-03-26,2025-04-01,44.9
P00693-TR04,P00693,Crowd Management,2026-08-18,2026-08-21,26.0
P00693-TR05,P00693,Counter-IED Awareness,2024-12-28,2024-12-29,10.7
P00693-TR06,P00693,Counter-IED Awareness,2025-11-02,2025-11-08,53.3
P00693-TR07,P00693,Crowd Management,2025-07-02,2025-07-05,23.9
P00693-TR08,P00693,Counter-IED Awareness,2026-03-22,2026-03-25,23.5
P00693-TR09,P00693,Counter-IED Awareness,2024-10-14,2024-10-21,57.9
P00693-TR10,P00693,Weapons Refresher,2026-06-21,2026-06-22,10.9
P00693-TR11,P00693,Counter-IED Awareness,2026-08-03,2026-08-06,23.8
P00694-TR01,P00694,Weapons Refresher,2026-02-19,2026-02-23,33.0
P00694-TR02,P00694,Physical Efficiency Test Preparation,2026-02-12,2026-02-15,21.4
P00694-TR03,P00694,Crowd Management,2026-08-08,2026-08-12,36.1
P00694-TR04,P00694,Communications and Signals,2025-04-06,2025-04-08,14.2
P00694-TR05,P00694,Stress Management Workshop,2025-06-21,2025-06-22,8.7
P00695-TR01,P00695,Communications and Signals,2025-03-30,2025-04-01,10.8
P00695-TR02,P00695,First Response and Trauma Care,2025-12-05,2025-12-07,17.8
P00695-TR03,P00695,Counter-IED Awareness,2026-05-16,2026-05-19,21.7
P00695-TR04,P00695,Weapons Refresher,2025-06-24,2025-06-29,37.8
P00695-TR05,P00695,Counter-IED Awareness,2024-10-21,2024-10-23,10.9
P00695-TR06,P00695,Counter-IED Awareness,2026-01-11,2026-01-12,9.3
P00695-TR07,P00695,Stress Management Workshop,2025-08-01,2025-08-03,9.3
P00695-TR08,P00695,Weapons Refresher,2025-12-23,2025-12-25,15.0
P00695-TR09,P00695,Communications and Signals,2025-07-17,2025-07-18,8.7
P00695-TR10,P00695,Communications and Signals,2026-06-18,2026-06-21,28.4
P00695-TR11,P00695,Stress Management Workshop,2026-06-02,2026-06-08,45.6
P00695-TR12,P00695,Crowd Management,2026-05-13,2026-05-16,21.9
P00695-TR13,P00695,Communications and Signals,2026-02-09,2026-02-11,16.1
P00695-TR14,P00695,Communications and Signals,2024-10-04,2024-10-07,23.9
P00695-TR15,P00695,Weapons Refresher,2025-03-12,2025-03-19,56.2
P00695-TR16,P00695,Communications and Signals,2026-02-26,2026-02-27,8.7
P00695-TR17,P00695,Weapons Refresher,2025-09-19,2025-09-22,27.1
P00695-TR18,P00695,Counter-IED Awareness,2025-05-04,2025-05-07,17.0
P00695-TR19,P00695,First Response and Trauma Care,2024-09-12,2024-09-14,20.0
P00696-TR01,P00696,Jungle Warfare Refresher,2025-02-13,2025-02-14,7.9
P00696-TR02,P00696,Communications and Signals,2026-05-28,2026-06-01,37.8
P00696-TR03,P00696,Physical Efficiency Test Preparation,2025-07-16,2025-07-18,16.0
P00696-TR04,P00696,Jungle Warfare Refresher,2024-12-25,2024-12-27,11.4
P00696-TR05,P00696,Jungle Warfare Refresher,2024-09-16,2024-09-20,34.8
P00696-TR06,P00696,Physical Efficiency Test Preparation,2024-11-11,2024-11-16,41.7
P00696-TR07,P00696,Counter-IED Awareness,2026-07-26,2026-07-28,16.6
P00696-TR08,P00696,Physical Efficiency Test Preparation,2025-01-28,2025-01-30,17.5
P00696-TR09,P00696,Weapons Refresher,2025-09-23,2025-09-28,38.6
P00697-TR01,P00697,First Response and Trauma Care,2024-12-19,2024-12-21,16.0
P00697-TR02,P00697,Communications and Signals,2026-08-08,2026-08-09,5.0
P00697-TR03,P00697,Counter-IED Awareness,2026-08-24,2026-08-27,21.6
P00697-TR04,P00697,Counter-IED Awareness,2026-01-31,2026-02-02,12.6
P00697-TR05,P00697,Communications and Signals,2026-08-06,2026-08-11,41.1
P00697-TR06,P00697,First Response and Trauma Care,2026-02-21,2026-02-22,9.6
P00697-TR07,P00697,Communications and Signals,2025-12-02,2025-12-07,38.0
P00697-TR08,P00697,Physical Efficiency Test Preparation,2025-10-05,2025-10-08,24.9
P00697-TR09,P00697,Jungle Warfare Refresher,2025-02-12,2025-02-17,35.8
P00697-TR10,P00697,Communications and Signals,2025-09-24,2025-09-28,34.7
P00697-TR11,P00697,Crowd Management,2026-01-04,2026-01-07,27.0
P00697-TR12,P00697,Communications and Signals,2025-04-22,2025-04-26,33.3
P00697-TR13,P00697,First Response and Trauma Care,2025-06-03,2025-06-04,10.3
P00697-TR14,P00697,Stress Management Workshop,2025-08-07,2025-08-10,29.4
P00698-TR01,P00698,Weapons Refresher,2026-03-24,2026-03-28,31.5
P00698-TR02,P00698,Physical Efficiency Test Preparation,2025-01-26,2025-01-28,10.5
P00698-TR03,P00698,Physical Efficiency Test Preparation,2024-09-03,2024-09-06,22.5
P00698-TR04,P00698,Communications and Signals,2025-12-27,2026-01-01,36.4
P00698-TR05,P00698,Communications and Signals,2024-09-20,2024-09-22,10.0
P00698-TR06,P00698,Weapons Refresher,2024-12-02,2024-12-04,20.3
P00698-TR07,P00698,Weapons Refresher,2024-09-11,2024-09-12,4.1
P00698-TR08,P00698,Jungle Warfare Refresher,2026-02-19,2026-02-20,7.6
P00698-TR09,P00698,Counter-IED Awareness,2026-02-09,2026-02-10,6.8
P00698-TR10,P00698,Counter-IED Awareness,2024-09-15,2024-09-17,13.3
P00698-TR11,P00698,Stress Management Workshop,2025-04-12,2025-04-15,29.0
P00698-TR12,P00698,Physical Efficiency Test Preparation,2024-09-20,2024-09-22,14.2
P00699-TR01,P00699,First Response and Trauma Care,2026-03-28,2026-03-31,26.2
P00699-TR02,P00699,Stress Management Workshop,2026-04-11,2026-04-15,35.3
P00699-TR03,P00699,Physical Efficiency Test Preparation,2025-07-03,2025-07-06,19.8
P00699-TR04,P00699,Crowd Management,2025-01-19,2025-01-21,21.7
P00699-TR05,P00699,Jungle Warfare Refresher,2025-05-12,2025-05-14,23.4
P00699-TR06,P00699,Counter-IED Awareness,2026-01-22,2026-01-24,11.4
P00699-TR07,P00699,First Response and Trauma Care,2025-03-31,2025-04-01,12.2
P00699-TR08,P00699,Jungle Warfare Refresher,2026-07-22,2026-07-24,18.2
P00699-TR09,P00699,Communications and Signals,2026-07-10,2026-07-11,8.9
P00699-TR10,P00699,First Response and Trauma Care,2024-11-26,2024-12-01,38.4
P00699-TR11,P00699,Crowd Management,2026-03-18,2026-03-20,14.8
P00699-TR12,P00699,Stress Management Workshop,2025-05-10,2025-05-11,9.2
P00699-TR13,P00699,Stress Management Workshop,2026-08-13,2026-08-16,26.3
P00699-TR14,P00699,Communications and Signals,2024-10-21,2024-10-22,8.9
P00699-TR15,P00699,Counter-IED Awareness,2026-05-30,2026-06-03,35.4
P00699-TR16,P00699,Crowd Management,2026-02-06,2026-02-07,5.8
P00700-TR01,P00700,Weapons Refresher,2025-05-29,2025-06-01,23.7
P00700-TR02,P00700,Stress Management Workshop,2025-12-02,2025-12-04,22.8
P00700-TR03,P00700,Jungle Warfare Refresher,2024-12-17,2024-12-21,30.7
P00700-TR04,P00700,Crowd Management,2026-04-29,2026-05-01,18.5
P00700-TR05,P00700,First Response and Trauma Care,2024-11-16,2024-11-19,28.6
P00700-TR06,P00700,Jungle Warfare Refresher,2025-10-15,2025-10-19,32.4
P00701-TR01,P00701,Weapons Refresher,2025-09-23,2025-09-27,32.8
P00701-TR02,P00701,Crowd Management,2025-04-21,2025-04-24,23.5
P00701-TR03,P00701,Stress Management Workshop,2024-09-14,2024-09-17,17.1
P00701-TR04,P00701,Weapons Refresher,2025-07-19,2025-07-20,5.3
P00701-TR05,P00701,Communications and Signals,2025-07-28,2025-07-30,12.3
P00701-TR06,P00701,Physical Efficiency Test Preparation,2025-02-13,2025-02-14,8.5
P00701-TR07,P00701,Communications and Signals,2025-02-24,2025-02-27,20.7
P00701-TR08,P00701,First Response and Trauma Care,2025-08-27,2025-08-31,28.8
P00701-TR09,P00701,Communications and Signals,2024-09-08,2024-09-10,9.8
P00701-TR10,P00701,Stress Management Workshop,2026-06-15,2026-06-16,8.3
P00701-TR11,P00701,Jungle Warfare Refresher,2025-11-03,2025-11-04,11.8
P00701-TR12,P00701,Weapons Refresher,2026-04-17,2026-04-19,15.1
P00701-TR13,P00701,Counter-IED Awareness,2024-09-14,2024-09-15,7.2
P00701-TR14,P00701,Jungle Warfare Refresher,2025-09-24,2025-09-26,11.8
P00701-TR15,P00701,Jungle Warfare Refresher,2026-07-29,2026-08-03,38.9
P00701-TR16,P00701,Crowd Management,2025-03-18,2025-03-20,16.0
P00701-TR17,P00701,Stress Management Workshop,2025-02-06,2025-02-10,33.6
P00702-TR01,P00702,First Response and Trauma Care,2025-07-12,2025-07-15,28.3
P00702-TR02,P00702,Crowd Management,2025-02-21,2025-02-24,23.9
P00702-TR03,P00702,Crowd Management,2025-07-02,2025-07-04,18.3
P00702-TR04,P00702,Jungle Warfare Refresher,2024-11-20,2024-11-23,27.7
P00702-TR05,P00702,First Response and Trauma Care,2024-12-26,2024-12-27,10.7
P00702-TR06,P00702,Jungle Warfare Refresher,2025-04-06,2025-04-10,33.4
P00702-TR07,P00702,Crowd Management,2026-06-07,2026-06-10,18.9
P00703-TR01,P00703,Counter-IED Awareness,2025-09-07,2025-09-08,7.9
P00703-TR02,P00703,Counter-IED Awareness,2026-03-26,2026-03-30,36.2
P00703-TR03,P00703,Counter-IED Awareness,2025-07-03,2025-07-09,41.2
P00703-TR04,P00703,Stress Management Workshop,2025-10-03,2025-10-05,9.2
P00703-TR05,P00703,Communications and Signals,2025-02-15,2025-02-17,19.3
P00703-TR06,P00703,Weapons Refresher,2026-07-21,2026-07-23,17.5
P00703-TR07,P00703,Crowd Management,2026-01-07,2026-01-08,10.5
P00703-TR08,P00703,Counter-IED Awareness,2025-02-24,2025-03-01,41.5
P00703-TR09,P00703,Crowd Management,2026-03-07,2026-03-08,7.6
P00703-TR10,P00703,Counter-IED Awareness,2025-08-15,2025-08-16,11.3
P00703-TR11,P00703,Weapons Refresher,2026-07-03,2026-07-04,10.0
P00704-TR01,P00704,Weapons Refresher,2026-07-30,2026-07-31,11.0
P00704-TR02,P00704,Communications and Signals,2025-01-11,2025-01-13,18.8
P00704-TR03,P00704,First Response and Trauma Care,2026-01-09,2026-01-12,21.3
P00704-TR04,P00704,Counter-IED Awareness,2025-09-02,2025-09-03,12.1
P00704-TR05,P00704,Stress Management Workshop,2025-03-02,2025-03-04,14.1
P00704-TR06,P00704,First Response and Trauma Care,2025-10-19,2025-10-20,13.2
P00704-TR07,P00704,Jungle Warfare Refresher,2025-09-10,2025-09-13,23.8
P00704-TR08,P00704,Physical Efficiency Test Preparation,2026-07-08,2026-07-10,20.1
P00704-TR09,P00704,Stress Management Workshop,2025-10-19,2025-10-20,12.1
P00704-TR10,P00704,Counter-IED Awareness,2026-08-28,2026-08-29,8.6
P00704-TR11,P00704,Weapons Refresher,2026-04-29,2026-05-03,34.7
P00704-TR12,P00704,Jungle Warfare Refresher,2025-11-08,2025-11-09,4.2
P00705-TR01,P00705,Jungle Warfare Refresher,2025-11-20,2025-11-23,18.0
P00705-TR02,P00705,Weapons Refresher,2024-10-31,2024-11-03,20.9
P00705-TR03,P00705,Stress Management Workshop,2026-06-09,2026-06-13,25.7
P00705-TR04,P00705,Stress Management Workshop,2024-11-13,2024-11-14,9.1
P00705-TR05,P00705,Stress Management Workshop,2025-09-19,2025-09-21,17.1
P00705-TR06,P00705,Stress Management Workshop,2024-10-08,2024-10-11,23.0
P00705-TR07,P00705,Communications and Signals,2025-01-24,2025-01-30,49.4
P00705-TR08,P00705,Counter-IED Awareness,2025-12-06,2025-12-10,27.7
P00705-TR09,P00705,First Response and Trauma Care,2024-11-19,2024-11-21,15.4
P00705-TR10,P00705,First Response and Trauma Care,2026-06-25,2026-06-26,7.6
P00705-TR11,P00705,Crowd Management,2026-05-17,2026-05-19,19.4
P00705-TR12,P00705,Jungle Warfare Refresher,2026-08-21,2026-08-25,38.0
P00705-TR13,P00705,Weapons Refresher,2025-10-24,2025-10-25,11.2
P00706-TR01,P00706,Counter-IED Awareness,2025-09-15,2025-09-18,28.0
P00706-TR02,P00706,Weapons Refresher,2025-05-18,2025-05-21,23.8
P00706-TR03,P00706,Stress Management Workshop,2024-10-30,2024-11-02,30.1
P00706-TR04,P00706,Communications and Signals,2024-09-15,2024-09-19,31.6
P00706-TR05,P00706,First Response and Trauma Care,2024-11-26,2024-12-03,56.1
P00706-TR06,P00706,Jungle Warfare Refresher,2025-06-21,2025-06-24,24.4
P00706-TR07,P00706,Crowd Management,2025-12-04,2025-12-09,36.2
P00706-TR08,P00706,First Response and Trauma Care,2025-03-29,2025-04-04,45.4
P00707-TR01,P00707,Communications and Signals,2025-07-07,2025-07-08,7.6
P00707-TR02,P00707,Jungle Warfare Refresher,2025-09-12,2025-09-16,30.9
P00707-TR03,P00707,Jungle Warfare Refresher,2026-04-22,2026-04-24,21.5
P00707-TR04,P00707,Stress Management Workshop,2025-09-18,2025-09-21,23.5
P00707-TR05,P00707,Counter-IED Awareness,2026-03-14,2026-03-17,23.0
P00707-TR06,P00707,Physical Efficiency Test Preparation,2026-04-28,2026-04-30,9.8
P00707-TR07,P00707,First Response and Trauma Care,2026-06-05,2026-06-11,42.9
P00707-TR08,P00707,First Response and Trauma Care,2024-11-27,2024-11-30,27.0
P00707-TR09,P00707,Weapons Refresher,2025-07-07,2025-07-08,8.2
P00707-TR10,P00707,First Response and Trauma Care,2025-02-26,2025-03-03,36.3
P00707-TR11,P00707,Weapons Refresher,2025-02-08,2025-02-10,13.7
P00707-TR12,P00707,Weapons Refresher,2025-06-07,2025-06-08,6.2
P00707-TR13,P00707,Jungle Warfare Refresher,2024-09-19,2024-09-20,14.3
P00707-TR14,P00707,Counter-IED Awareness,2026-06-11,2026-06-13,13.9
P00707-TR15,P00707,First Response and Trauma Care,2025-08-02,2025-08-04,18.0
P00708-TR01,P00708,Crowd Management,2024-11-03,2024-11-05,16.2
P00708-TR02,P00708,Weapons Refresher,2025-03-31,2025-04-03,22.8
P00708-TR03,P00708,Weapons Refresher,2026-04-01,2026-04-02,8.6
P00708-TR04,P00708,Physical Efficiency Test Preparation,2026-08-27,2026-08-29,13.2
P00708-TR05,P00708,Weapons Refresher,2025-06-19,2025-06-21,17.2
P00708-TR06,P00708,Physical Efficiency Test Preparation,2026-04-17,2026-04-19,14.0
P00708-TR07,P00708,Jungle Warfare Refresher,2024-11-03,2024-11-05,15.0
P00708-TR08,P00708,Counter-IED Awareness,2025-07-28,2025-08-01,32.9
P00708-TR09,P00708,First Response and Trauma Care,2025-06-27,2025-06-29,19.8
P00708-TR10,P00708,Jungle Warfare Refresher,2025-02-20,2025-02-25,39.4
P00708-TR11,P00708,First Response and Trauma Care,2025-04-24,2025-04-28,35.0
P00708-TR12,P00708,Stress Management Workshop,2025-02-03,2025-02-05,11.3
P00708-TR13,P00708,Physical Efficiency Test Preparation,2025-01-05,2025-01-09,28.3
P00708-TR14,P00708,Communications and Signals,2025-08-27,2025-08-29,12.8
P00708-TR15,P00708,First Response and Trauma Care,2025-10-14,2025-10-17,20.8
P00709-TR01,P00709,Communications and Signals,2026-03-08,2026-03-13,39.2
P00709-TR02,P00709,Weapons Refresher,2025-07-16,2025-07-19,25.0
P00709-TR03,P00709,Weapons Refresher,2024-09-02,2024-09-04,13.4
P00709-TR04,P00709,Stress Management Workshop,2026-05-11,2026-05-13,14.8
P00709-TR05,P00709,First Response and Trauma Care,2025-08-04,2025-08-08,31.6
P00709-TR06,P00709,Weapons Refresher,2026-01-11,2026-01-18,55.6
P00709-TR07,P00709,Jungle Warfare Refresher,2024-10-12,2024-10-13,4.0
P00709-TR08,P00709,Communications and Signals,2025-02-05,2025-02-06,10.1
P00709-TR09,P00709,Weapons Refresher,2025-03-03,2025-03-04,9.8
P00709-TR10,P00709,Jungle Warfare Refresher,2026-05-15,2026-05-16,8.1
P00709-TR11,P00709,Crowd Management,2026-01-17,2026-01-18,8.5
P00709-TR12,P00709,First Response and Trauma Care,2026-05-07,2026-05-08,6.0
P00710-TR01,P00710,Physical Efficiency Test Preparation,2025-11-05,2025-11-10,38.3
P00710-TR02,P00710,Communications and Signals,2025-09-26,2025-09-28,13.3
P00710-TR03,P00710,First Response and Trauma Care,2025-09-18,2025-09-22,31.6
P00710-TR04,P00710,Stress Management Workshop,2025-08-01,2025-08-04,24.4
P00710-TR05,P00710,First Response and Trauma Care,2025-02-01,2025-02-06,42.9
P00710-TR06,P00710,Jungle Warfare Refresher,2026-05-01,2026-05-04,19.6
P00710-TR07,P00710,Jungle Warfare Refresher,2025-01-07,2025-01-10,21.7
P00710-TR08,P00710,Counter-IED Awareness,2024-11-19,2024-11-21,16.9
P00710-TR09,P00710,Stress Management Workshop,2024-09-16,2024-09-18,11.6
P00710-TR10,P00710,Counter-IED Awareness,2024-12-18,2024-12-22,28.8
P00710-TR11,P00710,Jungle Warfare Refresher,2026-05-25,2026-05-29,29.9
P00710-TR12,P00710,Crowd Management,2025-03-14,2025-03-15,12.0
P00710-TR13,P00710,Jungle Warfare Refresher,2026-07-12,2026-07-16,32.0
P00710-TR14,P00710,Stress Management Workshop,2025-03-11,2025-03-14,25.4
P00710-TR15,P00710,Physical Efficiency Test Preparation,2024-12-21,2024-12-24,22.1
P00711-TR01,P00711,Counter-IED Awareness,2025-04-11,2025-04-15,29.6
P00711-TR02,P00711,First Response and Trauma Care,2025-06-17,2025-06-21,34.0
P00711-TR03,P00711,Physical Efficiency Test Preparation,2025-10-31,2025-11-08,60.0
P00711-TR04,P00711,Stress Management Workshop,2025-04-26,2025-04-27,9.1
P00711-TR05,P00711,First Response and Trauma Care,2025-01-02,2025-01-03,8.9
P00711-TR06,P00711,Physical Efficiency Test Preparation,2024-11-07,2024-11-08,4.1
P00712-TR01,P00712,Jungle Warfare Refresher,2026-04-22,2026-04-25,26.7
P00712-TR02,P00712,Communications and Signals,2025-09-24,2025-09-26,22.2
P00712-TR03,P00712,Communications and Signals,2026-04-26,2026-04-27,6.3
P00712-TR04,P00712,Jungle Warfare Refresher,2026-03-02,2026-03-03,8.7
P00712-TR05,P00712,Crowd Management,2026-06-26,2026-07-02,42.6
P00712-TR06,P00712,Jungle Warfare Refresher,2026-07-10,2026-07-12,21.4
P00712-TR07,P00712,First Response and Trauma Care,2025-07-09,2025-07-10,4.0
P00712-TR08,P00712,Crowd Management,2026-01-04,2026-01-08,37.7
P00712-TR09,P00712,Jungle Warfare Refresher,2025-08-23,2025-08-28,36.4
P00712-TR10,P00712,Communications and Signals,2024-12-01,2024-12-04,25.3
P00712-TR11,P00712,Stress Management Workshop,2026-03-05,2026-03-08,19.0
P00712-TR12,P00712,Stress Management Workshop,2025-07-23,2025-07-24,7.6
P00712-TR13,P00712,Stress Management Workshop,2026-03-21,2026-03-25,26.7
P00713-TR01,P00713,Jungle Warfare Refresher,2026-08-17,2026-08-22,36.9
P00713-TR02,P00713,Stress Management Workshop,2024-09-02,2024-09-05,24.1
P00713-TR03,P00713,Jungle Warfare Refresher,2025-06-27,2025-06-29,14.8
P00713-TR04,P00713,Crowd Management,2024-11-30,2024-12-01,14.0
P00713-TR05,P00713,Jungle Warfare Refresher,2024-12-24,2024-12-26,17.5
P00713-TR06,P00713,First Response and Trauma Care,2024-09-16,2024-09-21,37.1
P00714-TR01,P00714,Crowd Management,2025-12-16,2025-12-21,42.9
P00714-TR02,P00714,Weapons Refresher,2025-01-15,2025-01-16,12.9
P00714-TR03,P00714,Stress Management Workshop,2026-03-29,2026-04-01,22.9
P00714-TR04,P00714,First Response and Trauma Care,2025-02-15,2025-02-17,16.1
P00714-TR05,P00714,Crowd Management,2025-06-04,2025-06-06,14.3
P00714-TR06,P00714,Crowd Management,2026-04-05,2026-04-10,40.7
P00714-TR07,P00714,Weapons Refresher,2026-06-28,2026-06-30,19.4
P00714-TR08,P00714,First Response and Trauma Care,2026-01-01,2026-01-04,23.8
P00714-TR09,P00714,Physical Efficiency Test Preparation,2024-10-21,2024-10-24,27.9
P00714-TR10,P00714,Jungle Warfare Refresher,2024-12-28,2024-12-29,6.5
P00714-TR11,P00714,Stress Management Workshop,2025-03-05,2025-03-08,23.2
P00715-TR01,P00715,Communications and Signals,2025-08-07,2025-08-13,49.3
P00715-TR02,P00715,Stress Management Workshop,2024-11-18,2024-11-22,25.5
P00715-TR03,P00715,Physical Efficiency Test Preparation,2025-11-26,2025-11-28,12.5
P00715-TR04,P00715,First Response and Trauma Care,2024-12-28,2024-12-31,21.8
P00715-TR05,P00715,Communications and Signals,2025-05-07,2025-05-08,5.6
P00715-TR06,P00715,Crowd Management,2024-10-29,2024-11-02,36.9
P00716-TR01,P00716,First Response and Trauma Care,2026-05-08,2026-05-09,4.7
P00716-TR02,P00716,Weapons Refresher,2025-01-01,2025-01-03,16.8
P00716-TR03,P00716,Jungle Warfare Refresher,2026-03-06,2026-03-09,25.9
P00716-TR04,P00716,Crowd Management,2026-01-04,2026-01-06,20.6
P00716-TR05,P00716,Crowd Management,2024-09-30,2024-10-01,11.1
P00716-TR06,P00716,Weapons Refresher,2025-05-09,2025-05-13,36.5
P00716-TR07,P00716,Weapons Refresher,2026-01-04,2026-01-06,20.1
P00716-TR08,P00716,First Response and Trauma Care,2025-01-23,2025-01-25,9.4
P00716-TR09,P00716,Jungle Warfare Refresher,2024-10-31,2024-11-02,22.9
P00716-TR10,P00716,First Response and Trauma Care,2024-11-10,2024-11-14,32.6
P00716-TR11,P00716,Weapons Refresher,2025-04-21,2025-04-23,12.0
P00716-TR12,P00716,Crowd Management,2025-03-04,2025-03-08,29.3
P00716-TR13,P00716,Counter-IED Awareness,2026-02-05,2026-02-10,34.6
P00716-TR14,P00716,Crowd Management,2025-04-16,2025-04-19,22.2
P00716-TR15,P00716,Communications and Signals,2024-12-16,2024-12-23,51.5
P00716-TR16,P00716,First Response and Trauma Care,2026-05-24,2026-05-25,12.0
P00717-TR01,P00717,Physical Efficiency Test Preparation,2025-10-09,2025-10-11,10.0
P00717-TR02,P00717,First Response and Trauma Care,2025-11-02,2025-11-06,36.2
P00717-TR03,P00717,Crowd Management,2025-04-29,2025-05-02,20.1
P00717-TR04,P00717,Weapons Refresher,2025-07-28,2025-07-31,22.0
P00717-TR05,P00717,Physical Efficiency Test Preparation,2025-03-03,2025-03-04,5.8
P00717-TR06,P00717,Jungle Warfare Refresher,2025-03-27,2025-04-01,44.1
P00717-TR07,P00717,First Response and Trauma Care,2025-03-08,2025-03-10,17.8
P00717-TR08,P00717,Crowd Management,2025-09-21,2025-09-22,13.5
P00717-TR09,P00717,Crowd Management,2024-10-04,2024-10-07,24.6
P00717-TR10,P00717,Communications and Signals,2026-08-30,2026-09-01,33.7
P00717-TR11,P00717,First Response and Trauma Care,2026-08-01,2026-08-03,15.0
P00717-TR12,P00717,Counter-IED Awareness,2025-04-16,2025-04-18,17.6
P00717-TR13,P00717,Physical Efficiency Test Preparation,2025-04-04,2025-04-05,5.2
P00718-TR01,P00718,First Response and Trauma Care,2025-09-22,2025-09-26,27.0
P00718-TR02,P00718,Counter-IED Awareness,2025-02-15,2025-02-21,44.8
P00718-TR03,P00718,Crowd Management,2025-04-13,2025-04-16,26.3
P00718-TR04,P00718,Communications and Signals,2026-03-29,2026-04-04,47.7
P00718-TR05,P00718,Communications and Signals,2025-05-10,2025-05-11,4.0
P00718-TR06,P00718,Stress Management Workshop,2024-12-24,2024-12-25,4.0
P00718-TR07,P00718,Stress Management Workshop,2026-06-29,2026-07-01,14.8
P00718-TR08,P00718,First Response and Trauma Care,2026-06-16,2026-06-19,30.1
P00718-TR09,P00718,Weapons Refresher,2025-01-12,2025-01-13,12.9
P00718-TR10,P00718,First Response and Trauma Care,2025-11-03,2025-11-06,26.2
P00718-TR11,P00718,Crowd Management,2025-12-13,2025-12-15,16.8
P00719-TR01,P00719,Stress Management Workshop,2025-12-13,2025-12-16,27.1
P00719-TR02,P00719,Weapons Refresher,2026-04-03,2026-04-09,45.7
P00719-TR03,P00719,Stress Management Workshop,2024-11-12,2024-11-13,12.5
P00720-TR01,P00720,Communications and Signals,2024-11-08,2024-11-13,39.7
P00720-TR02,P00720,Communications and Signals,2026-05-24,2026-05-27,19.3
P00720-TR03,P00720,Counter-IED Awareness,2025-06-10,2025-06-14,25.6
P00720-TR04,P00720,Stress Management Workshop,2025-01-06,2025-01-11,43.8
P00720-TR05,P00720,Weapons Refresher,2025-09-09,2025-09-13,26.2
P00720-TR06,P00720,Physical Efficiency Test Preparation,2025-10-25,2025-10-27,15.0
P00720-TR07,P00720,Stress Management Workshop,2025-11-10,2025-11-12,11.4
P00720-TR08,P00720,Counter-IED Awareness,2026-06-02,2026-06-03,7.6
P00721-TR01,P00721,Counter-IED Awareness,2024-12-19,2024-12-22,23.5
P00721-TR02,P00721,Crowd Management,2025-09-17,2025-09-19,16.1
P00721-TR03,P00721,Weapons Refresher,2025-11-20,2025-11-21,7.7
P00721-TR04,P00721,Crowd Management,2025-09-21,2025-09-22,8.2
P00721-TR05,P00721,First Response and Trauma Care,2024-10-15,2024-10-22,57.7
P00721-TR06,P00721,First Response and Trauma Care,2026-07-19,2026-07-22,23.9
P00721-TR07,P00721,Communications and Signals,2026-02-11,2026-02-16,38.3
P00721-TR08,P00721,Stress Management Workshop,2024-09-28,2024-10-01,23.2
P00721-TR09,P00721,Communications and Signals,2024-11-09,2024-11-12,22.4
P00721-TR10,P00721,Crowd Management,2025-04-21,2025-04-24,28.0
P00721-TR11,P00721,Physical Efficiency Test Preparation,2025-03-28,2025-03-30,11.3
P00721-TR12,P00721,Physical Efficiency Test Preparation,2026-05-29,2026-06-02,30.2
P00721-TR13,P00721,Crowd Management,2025-09-02,2025-09-05,23.7
P00722-TR01,P00722,Weapons Refresher,2025-05-13,2025-05-14,6.5
P00722-TR02,P00722,Stress Management Workshop,2025-03-06,2025-03-13,55.5
P00722-TR03,P00722,Weapons Refresher,2025-05-27,2025-05-30,21.3
P00723-TR01,P00723,Weapons Refresher,2026-01-04,2026-01-06,14.2
P00723-TR02,P00723,Counter-IED Awareness,2025-05-27,2025-05-28,14.0
P00723-TR03,P00723,Physical Efficiency Test Preparation,2026-06-10,2026-06-13,23.4
P00723-TR04,P00723,Weapons Refresher,2025-09-06,2025-09-07,6.7
P00723-TR05,P00723,Physical Efficiency Test Preparation,2025-05-09,2025-05-10,10.6
P00723-TR06,P00723,Communications and Signals,2026-01-14,2026-01-15,11.2
P00723-TR07,P00723,Crowd Management,2024-11-02,2024-11-04,11.1
P00723-TR08,P00723,Jungle Warfare Refresher,2025-07-22,2025-07-24,14.0
P00723-TR09,P00723,Stress Management Workshop,2025-12-15,2025-12-17,15.1
P00723-TR10,P00723,Stress Management Workshop,2025-08-30,2025-09-01,16.0
P00723-TR11,P00723,Counter-IED Awareness,2025-05-25,2025-05-28,22.1
P00723-TR12,P00723,Weapons Refresher,2025-01-18,2025-01-20,16.9
P00723-TR13,P00723,Stress Management Workshop,2026-04-25,2026-04-27,20.3
P00723-TR14,P00723,Counter-IED Awareness,2025-07-11,2025-07-13,18.4
P00723-TR15,P00723,Communications and Signals,2026-03-30,2026-03-31,6.4
P00724-TR01,P00724,Jungle Warfare Refresher,2025-08-17,2025-08-19,16.8
P00724-TR02,P00724,First Response and Trauma Care,2025-08-02,2025-08-04,17.7
P00724-TR03,P00724,Stress Management Workshop,2025-02-13,2025-02-16,26.9
P00724-TR04,P00724,Jungle Warfare Refresher,2025-09-14,2025-09-17,25.8
P00724-TR05,P00724,Jungle Warfare Refresher,2025-12-01,2025-12-07,48.5
P00724-TR06,P00724,Jungle Warfare Refresher,2026-07-26,2026-07-28,14.6
P00724-TR07,P00724,Counter-IED Awareness,2025-08-03,2025-08-05,12.9
P00724-TR08,P00724,Physical Efficiency Test Preparation,2026-01-24,2026-01-27,29.3
P00724-TR09,P00724,Weapons Refresher,2026-03-28,2026-03-30,9.6
P00724-TR10,P00724,Crowd Management,2024-10-01,2024-10-04,26.4
P00724-TR11,P00724,Communications and Signals,2025-04-08,2025-04-09,8.8
P00724-TR12,P00724,Crowd Management,2024-12-08,2024-12-09,4.6
P00724-TR13,P00724,Communications and Signals,2025-03-03,2025-03-05,14.1
P00724-TR14,P00724,Physical Efficiency Test Preparation,2024-11-27,2024-11-29,12.3
P00724-TR15,P00724,Stress Management Workshop,2026-07-31,2026-08-02,16.4
P00724-TR16,P00724,Stress Management Workshop,2024-11-05,2024-11-08,24.2
P00724-TR17,P00724,Stress Management Workshop,2026-03-29,2026-03-30,6.9
P00724-TR18,P00724,Communications and Signals,2026-07-03,2026-07-05,19.1
P00724-TR19,P00724,First Response and Trauma Care,2025-01-28,2025-02-01,32.5
P00724-TR20,P00724,Crowd Management,2026-03-22,2026-03-27,40.0
P00724-TR21,P00724,Stress Management Workshop,2025-02-21,2025-02-23,14.3
P00725-TR01,P00725,Counter-IED Awareness,2026-05-30,2026-06-04,46.0
P00725-TR02,P00725,Communications and Signals,2026-04-11,2026-04-19,58.2
P00725-TR03,P00725,Counter-IED Awareness,2025-05-03,2025-05-04,7.6
P00726-TR01,P00726,Physical Efficiency Test Preparation,2026-07-13,2026-07-14,8.3
P00726-TR02,P00726,Jungle Warfare Refresher,2025-11-26,2025-11-28,16.1
P00726-TR03,P00726,Crowd Management,2024-11-19,2024-11-23,32.6
P00726-TR04,P00726,Stress Management Workshop,2025-07-20,2025-07-21,4.5
P00726-TR05,P00726,Counter-IED Awareness,2025-02-22,2025-02-24,14.3
P00726-TR06,P00726,Physical Efficiency Test Preparation,2026-01-04,2026-01-06,10.9
P00726-TR07,P00726,Crowd Management,2026-07-05,2026-07-09,30.9
P00726-TR08,P00726,Counter-IED Awareness,2025-08-02,2025-08-04,16.3
P00726-TR09,P00726,Physical Efficiency Test Preparation,2025-08-31,2025-09-03,23.7
P00726-TR10,P00726,Weapons Refresher,2026-01-08,2026-01-11,24.2
P00726-TR11,P00726,First Response and Trauma Care,2025-04-04,2025-04-05,13.1
P00727-TR01,P00727,Communications and Signals,2026-07-02,2026-07-03,4.0
P00727-TR02,P00727,Stress Management Workshop,2025-02-13,2025-02-14,6.6
P00727-TR03,P00727,First Response and Trauma Care,2024-12-25,2024-12-26,5.3
P00727-TR04,P00727,Stress Management Workshop,2025-05-13,2025-05-16,21.9
P00727-TR05,P00727,Counter-IED Awareness,2025-10-01,2025-10-02,10.1
P00727-TR06,P00727,First Response and Trauma Care,2025-12-19,2025-12-22,28.2
P00727-TR07,P00727,Crowd Management,2025-09-27,2025-09-29,11.9
P00727-TR08,P00727,Weapons Refresher,2026-01-29,2026-02-01,22.5
P00727-TR09,P00727,Crowd Management,2026-08-11,2026-08-13,20.1
P00728-TR01,P00728,First Response and Trauma Care,2024-11-21,2024-11-24,22.4
P00728-TR02,P00728,Jungle Warfare Refresher,2025-05-16,2025-05-19,27.2
P00728-TR03,P00728,Jungle Warfare Refresher,2024-10-27,2024-10-30,26.4
P00728-TR04,P00728,Communications and Signals,2026-03-25,2026-03-27,13.6
P00728-TR05,P00728,Physical Efficiency Test Preparation,2026-01-21,2026-01-25,33.8
P00728-TR06,P00728,Crowd Management,2026-07-07,2026-07-09,19.1
P00728-TR07,P00728,First Response and Trauma Care,2025-09-14,2025-09-15,13.2
P00728-TR08,P00728,Physical Efficiency Test Preparation,2024-12-16,2024-12-18,14.0
P00728-TR09,P00728,Counter-IED Awareness,2025-03-10,2025-03-16,42.5
P00728-TR10,P00728,Physical Efficiency Test Preparation,2025-10-07,2025-10-09,14.8
P00728-TR11,P00728,Physical Efficiency Test Preparation,2025-03-11,2025-03-13,13.9
P00728-TR12,P00728,Counter-IED Awareness,2026-07-01,2026-07-09,57.7
P00729-TR01,P00729,First Response and Trauma Care,2025-06-14,2025-06-16,16.7
P00729-TR02,P00729,Counter-IED Awareness,2025-03-23,2025-03-26,27.5
P00729-TR03,P00729,Stress Management Workshop,2026-01-30,2026-02-01,16.5
P00729-TR04,P00729,Crowd Management,2026-05-20,2026-05-22,16.1
P00729-TR05,P00729,Crowd Management,2025-07-31,2025-08-03,19.1
P00729-TR06,P00729,Weapons Refresher,2026-04-30,2026-05-02,15.6
P00730-TR01,P00730,Counter-IED Awareness,2024-11-23,2024-11-24,6.5
P00730-TR02,P00730,Stress Management Workshop,2026-06-27,2026-07-01,30.1
P00730-TR03,P00730,Jungle Warfare Refresher,2024-12-08,2024-12-12,28.2
P00730-TR04,P00730,First Response and Trauma Care,2026-01-10,2026-01-11,8.1
P00730-TR05,P00730,First Response and Trauma Care,2026-04-25,2026-04-26,13.0
P00730-TR06,P00730,First Response and Trauma Care,2026-06-29,2026-07-02,16.9
P00730-TR07,P00730,Weapons Refresher,2026-06-19,2026-06-23,30.8
P00730-TR08,P00730,Counter-IED Awareness,2025-08-23,2025-08-27,36.9
P00730-TR09,P00730,Stress Management Workshop,2025-07-18,2025-07-21,19.2
P00731-TR01,P00731,Weapons Refresher,2024-10-01,2024-10-02,4.0
P00731-TR02,P00731,Stress Management Workshop,2025-01-16,2025-01-18,17.5
P00731-TR03,P00731,Stress Management Workshop,2025-06-10,2025-06-11,11.2
P00731-TR04,P00731,Jungle Warfare Refresher,2026-04-13,2026-04-18,37.5
P00731-TR05,P00731,Weapons Refresher,2024-12-13,2024-12-16,23.9
P00731-TR06,P00731,Communications and Signals,2025-07-29,2025-08-01,23.6
P00731-TR07,P00731,Counter-IED Awareness,2026-04-28,2026-05-01,25.5
P00731-TR08,P00731,First Response and Trauma Care,2025-10-18,2025-10-19,4.0
P00731-TR09,P00731,Communications and Signals,2025-06-23,2025-06-29,42.5
P00731-TR10,P00731,Counter-IED Awareness,2025-01-04,2025-01-08,32.3
P00731-TR11,P00731,Communications and Signals,2026-02-28,2026-03-02,9.9
P00731-TR12,P00731,Physical Efficiency Test Preparation,2025-05-03,2025-05-05,14.4
P00731-TR13,P00731,Stress Management Workshop,2025-09-11,2025-09-15,26.9
P00731-TR14,P00731,First Response and Trauma Care,2024-09-09,2024-09-14,46.3
P00732-TR01,P00732,Counter-IED Awareness,2024-11-26,2024-11-30,33.3
P00732-TR02,P00732,First Response and Trauma Care,2024-12-08,2024-12-09,11.1
P00732-TR03,P00732,Stress Management Workshop,2025-01-29,2025-01-31,16.4
P00732-TR04,P00732,Stress Management Workshop,2026-01-26,2026-01-31,38.9
P00732-TR05,P00732,Communications and Signals,2026-08-11,2026-08-13,19.4
P00732-TR06,P00732,Weapons Refresher,2026-05-21,2026-05-24,20.0
P00732-TR07,P00732,Communications and Signals,2026-01-29,2026-01-30,8.4
P00732-TR08,P00732,Physical Efficiency Test Preparation,2024-11-17,2024-11-19,13.7
P00732-TR09,P00732,Counter-IED Awareness,2026-07-16,2026-07-19,21.0
P00732-TR10,P00732,Communications and Signals,2025-10-18,2025-10-20,13.8
P00732-TR11,P00732,Crowd Management,2025-12-02,2025-12-03,8.7
P00732-TR12,P00732,Communications and Signals,2024-11-29,2024-12-02,19.2
P00732-TR13,P00732,Weapons Refresher,2024-12-17,2024-12-19,8.4
P00732-TR14,P00732,First Response and Trauma Care,2024-09-26,2024-09-27,12.1
P00732-TR15,P00732,Communications and Signals,2026-08-14,2026-08-16,14.2
P00732-TR16,P00732,Counter-IED Awareness,2025-04-04,2025-04-05,5.9
P00732-TR17,P00732,Jungle Warfare Refresher,2025-08-14,2025-08-15,9.6
P00733-TR01,P00733,Jungle Warfare Refresher,2025-03-01,2025-03-04,22.8
P00733-TR02,P00733,Jungle Warfare Refresher,2025-05-07,2025-05-10,22.8
P00733-TR03,P00733,Crowd Management,2025-11-19,2025-11-22,19.2
P00733-TR04,P00733,Crowd Management,2024-12-17,2024-12-23,46.1
P00733-TR05,P00733,Communications and Signals,2026-05-15,2026-05-16,13.8
P00733-TR06,P00733,First Response and Trauma Care,2026-05-25,2026-05-31,44.3
P00733-TR07,P00733,First Response and Trauma Care,2024-12-13,2024-12-16,21.9
P00733-TR08,P00733,First Response and Trauma Care,2025-01-27,2025-01-29,9.9
P00733-TR09,P00733,Weapons Refresher,2025-12-15,2025-12-18,25.7
P00733-TR10,P00733,First Response and Trauma Care,2026-06-10,2026-06-12,19.7
P00734-TR01,P00734,Crowd Management,2026-01-22,2026-01-24,10.5
P00734-TR02,P00734,Weapons Refresher,2025-11-24,2025-11-28,30.3
P00734-TR03,P00734,Jungle Warfare Refresher,2025-07-06,2025-07-08,15.7
P00735-TR01,P00735,Stress Management Workshop,2025-10-31,2025-11-04,30.1
P00735-TR02,P00735,Stress Management Workshop,2025-10-18,2025-10-20,14.9
P00735-TR03,P00735,Crowd Management,2025-08-31,2025-09-02,18.0
P00735-TR04,P00735,Communications and Signals,2026-03-14,2026-03-15,11.6
P00735-TR05,P00735,Physical Efficiency Test Preparation,2026-06-11,2026-06-15,31.8
P00735-TR06,P00735,Physical Efficiency Test Preparation,2025-06-19,2025-06-23,31.5
P00736-TR01,P00736,Crowd Management,2025-02-07,2025-02-09,13.2
P00736-TR02,P00736,Communications and Signals,2026-05-03,2026-05-08,42.8
P00736-TR03,P00736,Communications and Signals,2024-11-09,2024-11-10,15.2
P00736-TR04,P00736,Crowd Management,2025-06-10,2025-06-13,21.3
P00736-TR05,P00736,Counter-IED Awareness,2025-07-26,2025-07-27,8.6
P00736-TR06,P00736,Stress Management Workshop,2024-12-24,2024-12-26,20.1
P00736-TR07,P00736,Crowd Management,2026-01-05,2026-01-07,18.8
P00736-TR08,P00736,Physical Efficiency Test Preparation,2024-11-26,2024-11-29,21.3
P00736-TR09,P00736,Weapons Refresher,2026-08-12,2026-08-13,6.1
P00737-TR01,P00737,Counter-IED Awareness,2025-05-16,2025-05-18,15.0
P00737-TR02,P00737,Jungle Warfare Refresher,2025-12-21,2025-12-22,13.6
P00737-TR03,P00737,Physical Efficiency Test Preparation,2026-06-04,2026-06-07,26.4
P00737-TR04,P00737,Jungle Warfare Refresher,2026-08-24,2026-08-27,29.2
P00737-TR05,P00737,Jungle Warfare Refresher,2026-06-23,2026-06-25,11.6
P00737-TR06,P00737,First Response and Trauma Care,2024-11-22,2024-11-26,27.5
P00737-TR07,P00737,Stress Management Workshop,2025-01-02,2025-01-04,16.0
P00737-TR08,P00737,Counter-IED Awareness,2024-11-28,2024-11-30,15.3
P00737-TR09,P00737,Stress Management Workshop,2025-08-10,2025-08-14,31.7
P00737-TR10,P00737,Physical Efficiency Test Preparation,2026-01-31,2026-02-01,6.4
P00737-TR11,P00737,Physical Efficiency Test Preparation,2025-07-11,2025-07-14,21.9
P00737-TR12,P00737,Counter-IED Awareness,2026-03-03,2026-03-04,5.8
P00737-TR13,P00737,Weapons Refresher,2025-04-17,2025-04-19,12.6
P00737-TR14,P00737,Crowd Management,2024-10-18,2024-10-19,5.8
P00737-TR15,P00737,Communications and Signals,2026-08-01,2026-08-05,27.9
P00737-TR16,P00737,Communications and Signals,2026-02-13,2026-02-17,28.5
P00737-TR17,P00737,Counter-IED Awareness,2026-04-22,2026-04-23,12.0
P00737-TR18,P00737,Counter-IED Awareness,2025-10-03,2025-10-04,10.8
P00738-TR01,P00738,Communications and Signals,2025-11-16,2025-11-17,14.1
P00738-TR02,P00738,Weapons Refresher,2025-03-19,2025-03-23,32.3
P00738-TR03,P00738,Physical Efficiency Test Preparation,2025-12-08,2025-12-12,30.3
P00738-TR04,P00738,Jungle Warfare Refresher,2025-08-03,2025-08-05,19.1
P00738-TR05,P00738,Physical Efficiency Test Preparation,2025-02-24,2025-02-25,4.5
P00738-TR06,P00738,First Response and Trauma Care,2025-02-26,2025-02-27,5.8
P00738-TR07,P00738,Physical Efficiency Test Preparation,2024-12-09,2024-12-10,8.4
P00738-TR08,P00738,Physical Efficiency Test Preparation,2026-05-08,2026-05-11,18.3
P00738-TR09,P00738,Crowd Management,2026-01-02,2026-01-05,18.8
P00739-TR01,P00739,Weapons Refresher,2025-07-11,2025-07-15,32.8
P00739-TR02,P00739,Stress Management Workshop,2025-01-13,2025-01-17,30.9
P00739-TR03,P00739,Communications and Signals,2025-06-24,2025-06-26,13.9
P00739-TR04,P00739,Stress Management Workshop,2025-09-17,2025-09-20,22.8
P00739-TR05,P00739,Jungle Warfare Refresher,2025-02-04,2025-02-07,22.7
P00740-TR01,P00740,Counter-IED Awareness,2025-09-20,2025-09-24,28.3
P00740-TR02,P00740,Communications and Signals,2026-01-07,2026-01-11,28.8
P00740-TR03,P00740,Stress Management Workshop,2026-04-06,2026-04-10,31.6
P00740-TR04,P00740,Communications and Signals,2025-09-11,2025-09-17,46.5
P00740-TR05,P00740,Jungle Warfare Refresher,2024-09-14,2024-09-15,4.0
P00740-TR06,P00740,First Response and Trauma Care,2026-01-30,2026-02-02,24.9
P00740-TR07,P00740,Physical Efficiency Test Preparation,2026-04-12,2026-04-16,33.4
P00740-TR08,P00740,Counter-IED Awareness,2026-01-15,2026-01-18,24.9
P00740-TR09,P00740,Stress Management Workshop,2026-07-25,2026-07-27,17.6
P00740-TR10,P00740,Weapons Refresher,2025-09-27,2025-09-30,18.1
P00741-TR01,P00741,Crowd Management,2025-12-25,2025-12-28,21.6
P00741-TR02,P00741,Stress Management Workshop,2025-05-16,2025-05-18,15.1
P00741-TR03,P00741,Communications and Signals,2025-09-15,2025-09-19,32.8
P00741-TR04,P00741,Weapons Refresher,2025-06-03,2025-06-06,29.2
P00741-TR05,P00741,Counter-IED Awareness,2024-12-21,2024-12-27,47.9
P00741-TR06,P00741,Crowd Management,2026-04-07,2026-04-09,15.7
P00741-TR07,P00741,Stress Management Workshop,2025-03-25,2025-03-27,20.3
P00741-TR08,P00741,Weapons Refresher,2024-09-17,2024-09-19,11.8
P00741-TR09,P00741,Counter-IED Awareness,2026-01-12,2026-01-15,20.2
P00741-TR10,P00741,Crowd Management,2025-12-19,2025-12-20,4.5
P00741-TR11,P00741,Weapons Refresher,2025-10-27,2025-10-28,11.8
P00741-TR12,P00741,Counter-IED Awareness,2026-07-23,2026-07-24,9.9
P00741-TR13,P00741,Communications and Signals,2025-10-15,2025-10-18,28.4
P00742-TR01,P00742,Communications and Signals,2025-09-12,2025-09-16,35.3
P00742-TR02,P00742,Counter-IED Awareness,2024-11-19,2024-11-20,14.7
P00742-TR03,P00742,First Response and Trauma Care,2026-06-03,2026-06-05,14.7
P00742-TR04,P00742,Crowd Management,2025-10-06,2025-10-09,24.3
P00742-TR05,P00742,Counter-IED Awareness,2024-09-12,2024-09-19,55.3
P00742-TR06,P00742,First Response and Trauma Care,2025-01-16,2025-01-19,24.2
P00742-TR07,P00742,Jungle Warfare Refresher,2025-05-29,2025-05-30,4.0
P00742-TR08,P00742,Stress Management Workshop,2026-06-12,2026-06-13,13.1
P00742-TR09,P00742,Stress Management Workshop,2025-05-11,2025-05-19,60.0
P00742-TR10,P00742,Crowd Management,2025-04-25,2025-04-30,41.1
P00742-TR11,P00742,Crowd Management,2026-07-14,2026-07-16,19.3
P00742-TR12,P00742,First Response and Trauma Care,2024-11-24,2024-11-26,18.9
P00743-TR01,P00743,Counter-IED Awareness,2025-08-23,2025-08-24,14.8
P00743-TR02,P00743,Weapons Refresher,2025-05-28,2025-05-31,27.8
P00743-TR03,P00743,Communications and Signals,2025-03-01,2025-03-04,19.2
P00743-TR04,P00743,Stress Management Workshop,2025-08-11,2025-08-13,14.1
P00743-TR05,P00743,Physical Efficiency Test Preparation,2025-01-10,2025-01-11,9.2
P00743-TR06,P00743,Communications and Signals,2026-06-23,2026-06-26,28.5
P00743-TR07,P00743,Jungle Warfare Refresher,2026-07-28,2026-07-31,25.2
P00743-TR08,P00743,Stress Management Workshop,2025-06-15,2025-06-19,33.0
P00743-TR09,P00743,First Response and Trauma Care,2025-10-09,2025-10-10,8.5
P00743-TR10,P00743,Weapons Refresher,2026-02-03,2026-02-07,30.0
P00743-TR11,P00743,Stress Management Workshop,2025-05-09,2025-05-14,45.5
P00743-TR12,P00743,Weapons Refresher,2026-01-09,2026-01-11,15.3
P00744-TR01,P00744,Physical Efficiency Test Preparation,2025-05-29,2025-05-31,16.8
P00744-TR02,P00744,Crowd Management,2026-05-23,2026-05-26,23.3
P00744-TR03,P00744,Weapons Refresher,2024-12-29,2025-01-02,28.5
P00744-TR04,P00744,Physical Efficiency Test Preparation,2024-10-17,2024-10-21,27.9
P00744-TR05,P00744,Crowd Management,2026-02-17,2026-02-20,19.3
P00744-TR06,P00744,Weapons Refresher,2024-09-25,2024-09-30,38.4
P00744-TR07,P00744,Jungle Warfare Refresher,2025-06-01,2025-06-04,22.8
P00744-TR08,P00744,Counter-IED Awareness,2025-04-07,2025-04-08,8.1
P00744-TR09,P00744,Counter-IED Awareness,2025-09-13,2025-09-15,14.5
P00744-TR10,P00744,Weapons Refresher,2025-07-08,2025-07-09,4.2
P00744-TR11,P00744,Stress Management Workshop,2026-03-28,2026-03-31,24.3
P00744-TR12,P00744,First Response and Trauma Care,2024-11-25,2024-11-26,8.5
P00744-TR13,P00744,Communications and Signals,2026-03-24,2026-03-26,20.5
P00744-TR14,P00744,Jungle Warfare Refresher,2026-06-02,2026-06-04,17.2
P00745-TR01,P00745,Jungle Warfare Refresher,2026-07-01,2026-07-03,16.7
P00745-TR02,P00745,First Response and Trauma Care,2025-05-26,2025-05-30,30.6
P00745-TR03,P00745,Stress Management Workshop,2025-10-24,2025-10-29,39.4
P00745-TR04,P00745,Jungle Warfare Refresher,2024-12-17,2024-12-21,31.2
P00745-TR05,P00745,Weapons Refresher,2025-09-17,2025-09-19,14.0
P00745-TR06,P00745,Counter-IED Awareness,2025-12-21,2025-12-22,14.6
P00745-TR07,P00745,First Response and Trauma Care,2025-08-12,2025-08-13,6.8
P00745-TR08,P00745,Physical Efficiency Test Preparation,2026-03-04,2026-03-05,5.2
P00745-TR09,P00745,Stress Management Workshop,2026-04-10,2026-04-15,37.9
P00745-TR10,P00745,Counter-IED Awareness,2025-01-20,2025-01-24,29.3
P00745-TR11,P00745,Weapons Refresher,2025-01-29,2025-01-31,19.5
P00745-TR12,P00745,Jungle Warfare Refresher,2026-04-19,2026-04-24,41.6
P00745-TR13,P00745,First Response and Trauma Care,2025-08-24,2025-08-28,31.9
P00746-TR01,P00746,Counter-IED Awareness,2025-12-12,2025-12-16,26.8
P00746-TR02,P00746,Counter-IED Awareness,2024-12-04,2024-12-05,11.3
P00746-TR03,P00746,Weapons Refresher,2026-06-30,2026-07-01,4.0
P00746-TR04,P00746,Communications and Signals,2025-04-03,2025-04-07,35.9
P00746-TR05,P00746,Jungle Warfare Refresher,2026-07-10,2026-07-13,20.4
P00746-TR06,P00746,Jungle Warfare Refresher,2024-09-13,2024-09-17,32.5
P00746-TR07,P00746,Physical Efficiency Test Preparation,2026-03-09,2026-03-12,24.9
P00746-TR08,P00746,Physical Efficiency Test Preparation,2026-04-17,2026-04-20,20.9
P00746-TR09,P00746,Weapons Refresher,2025-10-19,2025-10-21,13.9
P00746-TR10,P00746,Physical Efficiency Test Preparation,2026-03-03,2026-03-07,29.8
P00746-TR11,P00746,Weapons Refresher,2024-10-26,2024-10-29,22.7
P00746-TR12,P00746,Stress Management Workshop,2026-02-03,2026-02-06,29.8
P00746-TR13,P00746,Jungle Warfare Refresher,2025-02-02,2025-02-03,6.3
P00746-TR14,P00746,Crowd Management,2025-06-07,2025-06-08,4.0
P00746-TR15,P00746,Stress Management Workshop,2025-09-28,2025-09-29,4.7
P00746-TR16,P00746,Counter-IED Awareness,2026-07-20,2026-07-24,31.7
P00747-TR01,P00747,Counter-IED Awareness,2025-12-31,2026-01-03,27.3
P00747-TR02,P00747,Communications and Signals,2026-03-09,2026-03-11,18.8
P00747-TR03,P00747,Weapons Refresher,2025-02-13,2025-02-17,30.7
P00747-TR04,P00747,Communications and Signals,2025-06-28,2025-06-29,8.6
P00747-TR05,P00747,Communications and Signals,2025-07-16,2025-07-19,25.6
P00747-TR06,P00747,Communications and Signals,2026-07-28,2026-07-29,10.9
P00747-TR07,P00747,First Response and Trauma Care,2025-06-20,2025-06-21,6.3
P00747-TR08,P00747,Crowd Management,2025-12-26,2025-12-29,18.2
P00747-TR09,P00747,Stress Management Workshop,2025-12-29,2025-12-30,8.1
P00747-TR10,P00747,Stress Management Workshop,2025-03-12,2025-03-14,12.3
P00747-TR11,P00747,Jungle Warfare Refresher,2025-02-24,2025-02-26,14.6
P00747-TR12,P00747,Communications and Signals,2025-04-28,2025-04-29,7.8
P00748-TR01,P00748,Stress Management Workshop,2025-11-15,2025-11-19,30.5
P00748-TR02,P00748,Physical Efficiency Test Preparation,2025-10-04,2025-10-11,52.5
P00748-TR03,P00748,Communications and Signals,2026-05-13,2026-05-14,8.7
P00748-TR04,P00748,Communications and Signals,2026-08-19,2026-08-20,7.6
P00748-TR05,P00748,Physical Efficiency Test Preparation,2025-05-10,2025-05-15,39.3
P00748-TR06,P00748,Communications and Signals,2026-06-08,2026-06-10,15.3
P00748-TR07,P00748,Jungle Warfare Refresher,2025-07-21,2025-07-22,14.4
P00748-TR08,P00748,Stress Management Workshop,2025-12-18,2025-12-21,22.3
P00748-TR09,P00748,Physical Efficiency Test Preparation,2026-03-26,2026-03-28,18.4
P00748-TR10,P00748,First Response and Trauma Care,2025-10-14,2025-10-18,27.4
P00748-TR11,P00748,Stress Management Workshop,2025-10-21,2025-10-23,20.0
P00748-TR12,P00748,Counter-IED Awareness,2026-02-10,2026-02-13,23.0
P00748-TR13,P00748,Stress Management Workshop,2025-08-19,2025-08-24,38.6
P00748-TR14,P00748,Counter-IED Awareness,2025-11-19,2025-11-20,5.6
P00748-TR15,P00748,Stress Management Workshop,2026-07-01,2026-07-02,11.7
P00748-TR16,P00748,Counter-IED Awareness,2024-11-08,2024-11-15,54.7
P00749-TR01,P00749,Weapons Refresher,2025-05-25,2025-05-30,45.0
P00749-TR02,P00749,Crowd Management,2026-01-09,2026-01-11,15.8
P00749-TR03,P00749,Weapons Refresher,2025-12-11,2025-12-12,8.2
P00749-TR04,P00749,Jungle Warfare Refresher,2024-12-19,2024-12-22,25.3
P00749-TR05,P00749,Counter-IED Awareness,2025-06-13,2025-06-20,56.8
P00749-TR06,P00749,Crowd Management,2024-11-05,2024-11-07,16.4
P00749-TR07,P00749,Weapons Refresher,2025-09-23,2025-09-27,35.1
P00749-TR08,P00749,Physical Efficiency Test Preparation,2026-03-31,2026-04-03,26.1
P00749-TR09,P00749,First Response and Trauma Care,2026-08-17,2026-08-21,31.9
P00749-TR10,P00749,Stress Management Workshop,2025-04-02,2025-04-04,17.7
P00749-TR11,P00749,Weapons Refresher,2026-04-30,2026-05-03,30.5
P00749-TR12,P00749,First Response and Trauma Care,2025-11-28,2025-11-30,14.6
P00750-TR01,P00750,Crowd Management,2024-12-23,2024-12-25,14.2
P00750-TR02,P00750,Communications and Signals,2026-04-29,2026-05-02,23.6
P00751-TR01,P00751,Physical Efficiency Test Preparation,2026-08-23,2026-08-25,16.0
P00751-TR02,P00751,Jungle Warfare Refresher,2024-12-30,2025-01-01,13.8
P00751-TR03,P00751,Crowd Management,2026-05-12,2026-05-17,39.2
P00751-TR04,P00751,Communications and Signals,2025-05-13,2025-05-16,19.5
P00751-TR05,P00751,Jungle Warfare Refresher,2025-04-09,2025-04-12,25.4
P00751-TR06,P00751,Counter-IED Awareness,2025-09-25,2025-09-27,13.7
P00751-TR07,P00751,First Response and Trauma Care,2026-07-09,2026-07-12,19.6
P00751-TR08,P00751,Jungle Warfare Refresher,2024-12-12,2024-12-14,9.5
P00751-TR09,P00751,Physical Efficiency Test Preparation,2026-08-10,2026-08-11,4.4
P00752-TR01,P00752,Stress Management Workshop,2025-07-26,2025-07-29,24.8
P00752-TR02,P00752,Communications and Signals,2026-03-12,2026-03-13,5.9
P00752-TR03,P00752,Jungle Warfare Refresher,2025-10-04,2025-10-09,39.5
P00752-TR04,P00752,Weapons Refresher,2026-03-26,2026-03-27,7.8
P00752-TR05,P00752,Physical Efficiency Test Preparation,2025-05-10,2025-05-11,5.3
P00752-TR06,P00752,Jungle Warfare Refresher,2026-03-28,2026-03-31,23.5
P00753-TR01,P00753,Communications and Signals,2025-10-08,2025-10-12,33.8
P00753-TR02,P00753,Communications and Signals,2026-06-21,2026-06-26,39.8
P00753-TR03,P00753,Weapons Refresher,2025-09-01,2025-09-04,22.1
P00753-TR04,P00753,Weapons Refresher,2024-09-05,2024-09-10,35.3
P00753-TR05,P00753,Stress Management Workshop,2025-01-07,2025-01-13,46.0
P00753-TR06,P00753,Jungle Warfare Refresher,2025-07-06,2025-07-11,34.0
P00753-TR07,P00753,First Response and Trauma Care,2025-11-25,2025-11-29,33.1
P00753-TR08,P00753,Weapons Refresher,2024-12-01,2024-12-03,19.5
P00753-TR09,P00753,Physical Efficiency Test Preparation,2024-11-29,2024-12-02,26.7
P00753-TR10,P00753,Crowd Management,2025-09-26,2025-09-30,27.8
P00753-TR11,P00753,Stress Management Workshop,2025-10-19,2025-10-21,19.0
P00753-TR12,P00753,Communications and Signals,2024-12-21,2024-12-22,13.0
P00753-TR13,P00753,Physical Efficiency Test Preparation,2025-10-26,2025-10-31,42.5
P00753-TR14,P00753,Jungle Warfare Refresher,2026-08-26,2026-08-29,24.2
P00754-TR01,P00754,Counter-IED Awareness,2026-08-12,2026-08-15,28.9
P00754-TR02,P00754,Crowd Management,2026-04-07,2026-04-10,18.3
P00754-TR03,P00754,Crowd Management,2024-12-12,2024-12-18,43.4
P00754-TR04,P00754,Communications and Signals,2025-05-11,2025-05-14,18.9
P00754-TR05,P00754,Counter-IED Awareness,2025-03-16,2025-03-17,4.0
P00755-TR01,P00755,Physical Efficiency Test Preparation,2026-01-03,2026-01-08,35.0
P00755-TR02,P00755,Physical Efficiency Test Preparation,2025-04-04,2025-04-07,27.1
P00755-TR03,P00755,Counter-IED Awareness,2026-06-26,2026-06-27,12.5
P00755-TR04,P00755,Communications and Signals,2025-05-14,2025-05-17,27.7
P00755-TR05,P00755,First Response and Trauma Care,2025-09-11,2025-09-12,4.6
P00755-TR06,P00755,Physical Efficiency Test Preparation,2026-08-05,2026-08-10,40.3
P00755-TR07,P00755,Physical Efficiency Test Preparation,2025-01-06,2025-01-09,27.9
P00755-TR08,P00755,Counter-IED Awareness,2025-10-29,2025-11-01,22.0
P00755-TR09,P00755,Physical Efficiency Test Preparation,2025-10-03,2025-10-05,20.7
P00755-TR10,P00755,Weapons Refresher,2025-02-24,2025-02-26,17.8
P00756-TR01,P00756,Jungle Warfare Refresher,2026-01-27,2026-01-30,24.0
P00756-TR02,P00756,Stress Management Workshop,2024-10-09,2024-10-12,18.4
P00756-TR03,P00756,Jungle Warfare Refresher,2026-05-10,2026-05-13,23.2
P00756-TR04,P00756,Jungle Warfare Refresher,2024-10-16,2024-10-18,17.7
P00756-TR05,P00756,Crowd Management,2025-05-21,2025-05-22,10.9
P00756-TR06,P00756,Crowd Management,2026-05-25,2026-05-28,19.5
P00756-TR07,P00756,Counter-IED Awareness,2025-09-25,2025-10-01,47.5
P00756-TR08,P00756,Stress Management Workshop,2026-03-14,2026-03-15,9.8
P00756-TR09,P00756,Jungle Warfare Refresher,2025-04-06,2025-04-08,16.3
P00756-TR10,P00756,Counter-IED Awareness,2025-07-27,2025-07-29,19.9
P00756-TR11,P00756,Crowd Management,2025-02-17,2025-02-19,14.7
P00756-TR12,P00756,Stress Management Workshop,2025-06-28,2025-07-05,59.2
P00757-TR01,P00757,Communications and Signals,2025-03-17,2025-03-18,5.9
P00757-TR02,P00757,Counter-IED Awareness,2025-03-18,2025-03-19,14.5
P00757-TR03,P00757,Crowd Management,2025-10-01,2025-10-04,26.2
P00757-TR04,P00757,Stress Management Workshop,2025-02-05,2025-02-11,43.5
P00757-TR05,P00757,Counter-IED Awareness,2026-05-11,2026-05-14,18.8
P00757-TR06,P00757,Physical Efficiency Test Preparation,2025-07-04,2025-07-05,10.4
P00757-TR07,P00757,Stress Management Workshop,2026-04-26,2026-04-29,30.2
P00757-TR08,P00757,First Response and Trauma Care,2025-02-17,2025-02-19,19.3
P00757-TR09,P00757,Physical Efficiency Test Preparation,2025-09-18,2025-09-20,11.9
P00757-TR10,P00757,Crowd Management,2024-10-06,2024-10-07,8.7
P00757-TR11,P00757,Jungle Warfare Refresher,2024-11-23,2024-11-26,25.8
P00757-TR12,P00757,Jungle Warfare Refresher,2025-05-31,2025-06-05,33.9
P00758-TR01,P00758,Physical Efficiency Test Preparation,2025-03-02,2025-03-05,23.9
P00758-TR02,P00758,Physical Efficiency Test Preparation,2025-08-15,2025-08-19,34.8
P00758-TR03,P00758,Stress Management Workshop,2026-03-27,2026-03-30,24.1
P00758-TR04,P00758,Communications and Signals,2025-01-06,2025-01-09,29.0
P00758-TR05,P00758,First Response and Trauma Care,2025-04-23,2025-04-25,13.9
P00758-TR06,P00758,First Response and Trauma Care,2026-08-24,2026-08-28,29.2
P00758-TR07,P00758,Communications and Signals,2025-06-08,2025-06-09,7.1
P00758-TR08,P00758,Jungle Warfare Refresher,2025-06-19,2025-06-20,6.4
P00758-TR09,P00758,Jungle Warfare Refresher,2026-02-10,2026-02-12,16.9
P00758-TR10,P00758,Communications and Signals,2025-09-06,2025-09-10,28.7
P00758-TR11,P00758,Jungle Warfare Refresher,2026-04-03,2026-04-06,23.1
P00758-TR12,P00758,Crowd Management,2026-06-29,2026-07-02,30.0
P00759-TR01,P00759,Communications and Signals,2025-02-27,2025-02-28,7.6
P00759-TR02,P00759,First Response and Trauma Care,2025-12-14,2025-12-17,20.7
P00759-TR03,P00759,First Response and Trauma Care,2024-12-06,2024-12-09,24.2
P00759-TR04,P00759,Jungle Warfare Refresher,2025-04-21,2025-04-26,41.6
P00759-TR05,P00759,Counter-IED Awareness,2025-03-19,2025-03-22,25.6
P00759-TR06,P00759,Jungle Warfare Refresher,2025-11-09,2025-11-15,46.9
P00759-TR07,P00759,First Response and Trauma Care,2026-05-02,2026-05-04,10.9
P00759-TR08,P00759,Counter-IED Awareness,2025-09-25,2025-09-28,21.3
P00759-TR09,P00759,Weapons Refresher,2026-06-11,2026-06-12,15.7
P00760-TR01,P00760,Weapons Refresher,2025-09-25,2025-09-28,23.7
P00760-TR02,P00760,First Response and Trauma Care,2025-01-02,2025-01-03,9.3
P00760-TR03,P00760,Counter-IED Awareness,2026-05-05,2026-05-08,28.5
P00760-TR04,P00760,Jungle Warfare Refresher,2026-08-05,2026-08-09,30.5
P00760-TR05,P00760,Crowd Management,2026-03-18,2026-03-25,53.7
P00760-TR06,P00760,Jungle Warfare Refresher,2025-12-23,2025-12-25,19.2
P00761-TR01,P00761,Jungle Warfare Refresher,2026-01-05,2026-01-08,22.9
P00761-TR02,P00761,Communications and Signals,2026-07-04,2026-07-06,10.3
P00761-TR03,P00761,Communications and Signals,2025-11-27,2025-12-03,48.3
P00761-TR04,P00761,Counter-IED Awareness,2026-06-20,2026-06-24,26.2
P00761-TR05,P00761,Communications and Signals,2024-09-12,2024-09-14,13.4
P00762-TR01,P00762,Communications and Signals,2025-11-09,2025-11-10,10.3
P00762-TR02,P00762,Physical Efficiency Test Preparation,2026-01-06,2026-01-07,4.5
P00762-TR03,P00762,First Response and Trauma Care,2025-11-18,2025-11-19,10.1
P00762-TR04,P00762,First Response and Trauma Care,2026-03-11,2026-03-12,10.3
P00762-TR05,P00762,Physical Efficiency Test Preparation,2026-04-13,2026-04-14,9.3
P00762-TR06,P00762,Weapons Refresher,2025-05-08,2025-05-12,31.4
P00762-TR07,P00762,Counter-IED Awareness,2025-04-03,2025-04-07,28.7
P00762-TR08,P00762,Counter-IED Awareness,2026-03-17,2026-03-19,14.1
P00762-TR09,P00762,Communications and Signals,2026-07-22,2026-07-25,20.8
P00762-TR10,P00762,Physical Efficiency Test Preparation,2024-11-01,2024-11-04,26.5
P00762-TR11,P00762,First Response and Trauma Care,2026-08-30,2026-09-01,18.1
P00762-TR12,P00762,Crowd Management,2025-10-25,2025-10-28,19.6
P00762-TR13,P00762,Counter-IED Awareness,2025-02-20,2025-02-26,42.6
P00762-TR14,P00762,Weapons Refresher,2025-02-09,2025-02-10,8.2
P00762-TR15,P00762,Weapons Refresher,2026-04-30,2026-05-02,20.0
P00762-TR16,P00762,Weapons Refresher,2026-02-17,2026-02-21,31.2
P00762-TR17,P00762,First Response and Trauma Care,2025-03-17,2025-03-19,15.9
P00762-TR18,P00762,Stress Management Workshop,2025-08-26,2025-08-27,6.2
P00763-TR01,P00763,Communications and Signals,2025-07-27,2025-07-31,29.7
P00763-TR02,P00763,Weapons Refresher,2025-05-09,2025-05-13,33.4
P00763-TR03,P00763,Jungle Warfare Refresher,2025-11-30,2025-12-04,33.1
P00763-TR04,P00763,Stress Management Workshop,2024-10-26,2024-10-28,19.0
P00763-TR05,P00763,Stress Management Workshop,2026-07-30,2026-08-04,39.4
P00763-TR06,P00763,Communications and Signals,2025-12-11,2025-12-14,23.7
P00763-TR07,P00763,Weapons Refresher,2025-04-23,2025-04-27,27.2
P00763-TR08,P00763,Crowd Management,2026-08-04,2026-08-06,19.0
P00764-TR01,P00764,Crowd Management,2024-11-10,2024-11-13,24.8
P00764-TR02,P00764,Jungle Warfare Refresher,2025-01-09,2025-01-13,34.0
P00764-TR03,P00764,Stress Management Workshop,2026-01-03,2026-01-05,16.2
P00764-TR04,P00764,Crowd Management,2026-08-21,2026-08-23,18.2
P00764-TR05,P00764,Stress Management Workshop,2025-10-15,2025-10-17,20.0
P00764-TR06,P00764,Communications and Signals,2024-09-08,2024-09-11,24.6
P00764-TR07,P00764,Physical Efficiency Test Preparation,2025-08-20,2025-08-21,9.9
P00764-TR08,P00764,Counter-IED Awareness,2026-08-10,2026-08-13,21.2
P00764-TR09,P00764,Communications and Signals,2025-03-01,2025-03-02,5.7
P00765-TR01,P00765,Stress Management Workshop,2025-05-25,2025-05-26,6.8
P00765-TR02,P00765,Communications and Signals,2025-10-10,2025-10-15,40.8
P00765-TR03,P00765,Physical Efficiency Test Preparation,2025-06-04,2025-06-08,31.4
P00765-TR04,P00765,First Response and Trauma Care,2026-03-14,2026-03-17,21.5
P00765-TR05,P00765,Counter-IED Awareness,2026-06-10,2026-06-14,27.8
P00765-TR06,P00765,Counter-IED Awareness,2025-03-16,2025-03-20,33.8
P00765-TR07,P00765,Physical Efficiency Test Preparation,2025-10-24,2025-10-30,47.2
P00765-TR08,P00765,Counter-IED Awareness,2025-07-03,2025-07-07,32.5
P00765-TR09,P00765,Counter-IED Awareness,2024-10-27,2024-10-30,26.0
P00765-TR10,P00765,Jungle Warfare Refresher,2025-05-26,2025-05-31,40.5
P00765-TR11,P00765,Crowd Management,2026-08-17,2026-08-20,24.0
P00765-TR12,P00765,Jungle Warfare Refresher,2025-03-04,2025-03-05,5.7
P00765-TR13,P00765,Counter-IED Awareness,2026-05-30,2026-06-02,28.7
P00766-TR01,P00766,Counter-IED Awareness,2025-07-12,2025-07-13,11.8
P00766-TR02,P00766,Crowd Management,2026-07-02,2026-07-04,21.9
P00766-TR03,P00766,Jungle Warfare Refresher,2024-10-16,2024-10-18,19.4
P00766-TR04,P00766,Crowd Management,2026-04-24,2026-04-25,9.7
P00766-TR05,P00766,First Response and Trauma Care,2026-03-31,2026-04-02,13.7
P00766-TR06,P00766,Crowd Management,2025-10-10,2025-10-11,12.0
P00766-TR07,P00766,First Response and Trauma Care,2024-09-17,2024-09-21,32.2
P00766-TR08,P00766,Physical Efficiency Test Preparation,2025-11-19,2025-11-22,30.0
P00766-TR09,P00766,Counter-IED Awareness,2025-02-08,2025-02-10,16.7
P00766-TR10,P00766,Crowd Management,2025-11-14,2025-11-16,12.0
P00766-TR11,P00766,Crowd Management,2026-04-21,2026-04-22,5.1
P00766-TR12,P00766,Weapons Refresher,2025-12-29,2025-12-31,16.0
P00766-TR13,P00766,Crowd Management,2026-01-23,2026-01-28,43.7
P00766-TR14,P00766,First Response and Trauma Care,2024-10-15,2024-10-17,14.1
P00766-TR15,P00766,Stress Management Workshop,2026-02-07,2026-02-09,21.2
P00766-TR16,P00766,Crowd Management,2025-08-06,2025-08-11,37.8
P00766-TR17,P00766,Counter-IED Awareness,2026-07-11,2026-07-13,13.1
P00766-TR18,P00766,Jungle Warfare Refresher,2026-02-10,2026-02-12,14.8
P00767-TR01,P00767,First Response and Trauma Care,2026-07-05,2026-07-06,13.2
P00767-TR02,P00767,Weapons Refresher,2024-09-22,2024-09-25,17.3
P00767-TR03,P00767,First Response and Trauma Care,2025-01-10,2025-01-12,22.0
P00767-TR04,P00767,Physical Efficiency Test Preparation,2026-08-16,2026-08-17,7.2
P00767-TR05,P00767,Physical Efficiency Test Preparation,2026-06-03,2026-06-08,39.0
P00768-TR01,P00768,Crowd Management,2024-10-10,2024-10-16,43.1
P00768-TR02,P00768,Weapons Refresher,2026-08-16,2026-08-18,16.9
P00768-TR03,P00768,Communications and Signals,2026-03-04,2026-03-09,35.5
P00768-TR04,P00768,Stress Management Workshop,2025-09-07,2025-09-12,44.4
P00768-TR05,P00768,First Response and Trauma Care,2026-06-14,2026-06-16,15.4
P00768-TR06,P00768,Weapons Refresher,2026-08-30,2026-09-01,16.1
P00768-TR07,P00768,Stress Management Workshop,2025-07-21,2025-07-25,33.1
P00768-TR08,P00768,Counter-IED Awareness,2025-06-27,2025-06-29,18.3
P00769-TR01,P00769,Physical Efficiency Test Preparation,2025-11-22,2025-11-24,12.9
P00769-TR02,P00769,Communications and Signals,2025-07-29,2025-08-02,27.3
P00769-TR03,P00769,Communications and Signals,2026-04-21,2026-04-22,11.2
P00769-TR04,P00769,Counter-IED Awareness,2026-05-08,2026-05-12,31.9
P00769-TR05,P00769,Jungle Warfare Refresher,2024-10-08,2024-10-10,18.0
P00769-TR06,P00769,Physical Efficiency Test Preparation,2026-04-14,2026-04-16,16.8
P00769-TR07,P00769,Stress Management Workshop,2026-04-19,2026-04-20,4.8
P00769-TR08,P00769,Weapons Refresher,2025-02-15,2025-02-17,17.8
P00769-TR09,P00769,Counter-IED Awareness,2025-12-26,2025-12-29,20.8
P00769-TR10,P00769,First Response and Trauma Care,2025-05-02,2025-05-07,42.8
P00769-TR11,P00769,Jungle Warfare Refresher,2026-02-20,2026-02-21,9.0
P00769-TR12,P00769,Stress Management Workshop,2025-04-01,2025-04-03,18.7
P00769-TR13,P00769,Stress Management Workshop,2025-07-25,2025-07-27,15.9
P00769-TR14,P00769,Stress Management Workshop,2025-02-14,2025-02-15,7.3
P00769-TR15,P00769,First Response and Trauma Care,2026-03-14,2026-03-19,41.4
P00769-TR16,P00769,Counter-IED Awareness,2025-03-09,2025-03-13,29.2
P00769-TR17,P00769,Jungle Warfare Refresher,2025-08-19,2025-08-21,16.8
P00769-TR18,P00769,Counter-IED Awareness,2025-01-18,2025-01-21,19.6
P00770-TR01,P00770,Counter-IED Awareness,2026-02-21,2026-02-24,17.8
P00770-TR02,P00770,Counter-IED Awareness,2025-09-03,2025-09-08,38.9
P00770-TR03,P00770,Communications and Signals,2025-11-22,2025-11-30,60.0
P00770-TR04,P00770,Communications and Signals,2024-11-16,2024-11-19,23.0
P00770-TR05,P00770,First Response and Trauma Care,2024-10-05,2024-10-06,5.0
P00770-TR06,P00770,Crowd Management,2025-09-13,2025-09-16,19.5
P00770-TR07,P00770,Crowd Management,2025-09-18,2025-09-21,25.5
P00770-TR08,P00770,Crowd Management,2024-10-08,2024-10-10,20.0
P00770-TR09,P00770,Communications and Signals,2025-11-17,2025-11-19,16.0
P00770-TR10,P00770,Jungle Warfare Refresher,2025-01-27,2025-01-30,23.8
P00770-TR11,P00770,Crowd Management,2025-06-22,2025-06-23,11.2
P00771-TR01,P00771,Crowd Management,2025-09-14,2025-09-16,10.7
P00771-TR02,P00771,Weapons Refresher,2024-09-20,2024-09-21,8.1
P00771-TR03,P00771,Crowd Management,2024-12-24,2024-12-26,13.9
P00771-TR04,P00771,Jungle Warfare Refresher,2025-01-16,2025-01-18,11.8
P00771-TR05,P00771,Crowd Management,2025-02-17,2025-02-23,44.4
P00771-TR06,P00771,Stress Management Workshop,2026-03-17,2026-03-21,35.6
P00771-TR07,P00771,Communications and Signals,2025-04-21,2025-04-26,45.0
P00771-TR08,P00771,Counter-IED Awareness,2025-06-20,2025-06-25,33.2
P00771-TR09,P00771,Crowd Management,2025-11-25,2025-11-26,8.6
P00771-TR10,P00771,First Response and Trauma Care,2026-08-28,2026-08-29,4.0
P00771-TR11,P00771,Physical Efficiency Test Preparation,2025-12-24,2025-12-27,24.0
P00771-TR12,P00771,Communications and Signals,2025-07-13,2025-07-15,18.2
P00771-TR13,P00771,Weapons Refresher,2025-05-26,2025-05-27,4.7
P00772-TR01,P00772,Stress Management Workshop,2025-07-10,2025-07-12,14.3
P00772-TR02,P00772,Communications and Signals,2025-05-20,2025-05-23,25.4
P00772-TR03,P00772,Weapons Refresher,2024-11-18,2024-11-23,42.9
P00772-TR04,P00772,Counter-IED Awareness,2025-09-23,2025-09-27,29.8
P00772-TR05,P00772,First Response and Trauma Care,2024-11-04,2024-11-08,37.2
P00772-TR06,P00772,First Response and Trauma Care,2025-08-05,2025-08-07,20.8
P00772-TR07,P00772,Crowd Management,2025-11-07,2025-11-09,15.0
P00773-TR01,P00773,Counter-IED Awareness,2024-09-01,2024-09-02,4.0
P00773-TR02,P00773,Weapons Refresher,2025-10-03,2025-10-05,14.8
P00773-TR03,P00773,Counter-IED Awareness,2026-07-13,2026-07-14,7.3
P00773-TR04,P00773,Crowd Management,2025-12-25,2025-12-27,13.5
P00773-TR05,P00773,Counter-IED Awareness,2025-03-21,2025-03-23,13.9
P00773-TR06,P00773,Counter-IED Awareness,2024-12-17,2024-12-20,28.4
P00773-TR07,P00773,Counter-IED Awareness,2025-10-19,2025-10-23,38.5
P00773-TR08,P00773,Counter-IED Awareness,2024-11-23,2024-11-26,30.3
P00773-TR09,P00773,Physical Efficiency Test Preparation,2025-06-29,2025-07-01,16.0
P00773-TR10,P00773,Stress Management Workshop,2026-02-26,2026-02-27,4.5
P00773-TR11,P00773,Communications and Signals,2026-02-18,2026-02-20,22.3
P00774-TR01,P00774,Stress Management Workshop,2025-10-21,2025-10-25,34.0
P00774-TR02,P00774,First Response and Trauma Care,2025-05-01,2025-05-02,14.9
P00774-TR03,P00774,Physical Efficiency Test Preparation,2024-10-29,2024-10-31,20.4
P00774-TR04,P00774,Weapons Refresher,2024-10-24,2024-10-29,40.2
P00774-TR05,P00774,Weapons Refresher,2025-05-13,2025-05-18,39.9
P00774-TR06,P00774,Jungle Warfare Refresher,2026-07-25,2026-07-28,29.0
P00774-TR07,P00774,Crowd Management,2025-02-06,2025-02-07,8.3
P00774-TR08,P00774,Stress Management Workshop,2025-04-21,2025-04-26,37.0
P00774-TR09,P00774,Weapons Refresher,2025-04-30,2025-05-02,16.9
P00774-TR10,P00774,First Response and Trauma Care,2026-03-18,2026-03-24,51.4
P00774-TR11,P00774,Weapons Refresher,2026-02-28,2026-03-03,28.7
P00775-TR01,P00775,Jungle Warfare Refresher,2025-12-06,2025-12-10,34.0
P00775-TR02,P00775,First Response and Trauma Care,2025-01-26,2025-01-29,18.0
P00775-TR03,P00775,Stress Management Workshop,2025-12-13,2025-12-16,29.2
P00775-TR04,P00775,Communications and Signals,2024-11-19,2024-11-21,13.7
P00775-TR05,P00775,Physical Efficiency Test Preparation,2026-04-04,2026-04-07,21.8
P00775-TR06,P00775,Crowd Management,2025-12-14,2025-12-18,31.7
P00775-TR07,P00775,Weapons Refresher,2025-02-23,2025-02-28,39.7
P00775-TR08,P00775,Crowd Management,2025-08-19,2025-08-20,4.8
P00776-TR01,P00776,First Response and Trauma Care,2025-02-09,2025-02-11,14.3
P00776-TR02,P00776,First Response and Trauma Care,2025-03-03,2025-03-05,16.1
P00776-TR03,P00776,Weapons Refresher,2026-03-19,2026-03-24,39.9
P00776-TR04,P00776,Weapons Refresher,2025-05-26,2025-05-29,22.6
P00776-TR05,P00776,Crowd Management,2025-05-06,2025-05-07,12.2
P00776-TR06,P00776,First Response and Trauma Care,2025-09-24,2025-09-30,53.5
P00776-TR07,P00776,Physical Efficiency Test Preparation,2026-07-20,2026-07-23,24.2
P00776-TR08,P00776,Weapons Refresher,2026-01-28,2026-01-30,13.6
P00777-TR01,P00777,Jungle Warfare Refresher,2024-09-28,2024-09-29,13.1
P00777-TR02,P00777,Stress Management Workshop,2026-04-13,2026-04-16,20.3
P00777-TR03,P00777,Weapons Refresher,2025-07-19,2025-07-22,22.4
P00777-TR04,P00777,Jungle Warfare Refresher,2025-01-11,2025-01-12,5.8
P00777-TR05,P00777,First Response and Trauma Care,2024-10-06,2024-10-08,17.5
P00777-TR06,P00777,Crowd Management,2025-06-04,2025-06-05,4.0
P00777-TR07,P00777,Stress Management Workshop,2025-02-25,2025-02-26,4.7
P00777-TR08,P00777,Communications and Signals,2026-02-28,2026-03-02,21.8
P00777-TR09,P00777,Stress Management Workshop,2026-07-25,2026-07-29,25.8
P00777-TR10,P00777,Physical Efficiency Test Preparation,2025-06-11,2025-06-14,20.0
P00777-TR11,P00777,Weapons Refresher,2026-01-21,2026-01-24,18.3
P00777-TR12,P00777,First Response and Trauma Care,2025-02-15,2025-02-17,11.5
P00777-TR13,P00777,Jungle Warfare Refresher,2024-11-10,2024-11-12,16.1
P00777-TR14,P00777,Crowd Management,2024-11-21,2024-11-22,13.1
P00777-TR15,P00777,Stress Management Workshop,2026-08-20,2026-08-22,9.8
P00777-TR16,P00777,Counter-IED Awareness,2024-12-27,2024-12-29,22.5
P00777-TR17,P00777,Counter-IED Awareness,2025-02-28,2025-03-02,23.7
P00777-TR18,P00777,Communications and Signals,2025-08-20,2025-08-22,21.4
P00777-TR19,P00777,Communications and Signals,2025-11-03,2025-11-05,12.2
P00777-TR20,P00777,First Response and Trauma Care,2026-03-22,2026-03-26,32.0
P00778-TR01,P00778,Weapons Refresher,2025-04-09,2025-04-12,26.8
P00778-TR02,P00778,Jungle Warfare Refresher,2026-07-16,2026-07-18,16.3
P00778-TR03,P00778,Crowd Management,2026-01-26,2026-01-29,23.4
P00778-TR04,P00778,Weapons Refresher,2026-08-13,2026-08-14,10.5
P00778-TR05,P00778,Communications and Signals,2025-05-10,2025-05-17,60.0
P00778-TR06,P00778,Crowd Management,2025-06-18,2025-06-20,15.3
P00778-TR07,P00778,Physical Efficiency Test Preparation,2024-12-22,2024-12-27,44.2
P00778-TR08,P00778,Stress Management Workshop,2024-09-19,2024-09-22,23.5
P00778-TR09,P00778,Crowd Management,2024-12-27,2024-12-28,4.0
P00778-TR10,P00778,Physical Efficiency Test Preparation,2025-02-14,2025-02-17,20.5
P00778-TR11,P00778,First Response and Trauma Care,2026-07-25,2026-07-27,16.9
P00779-TR01,P00779,First Response and Trauma Care,2025-09-27,2025-09-28,10.3
P00779-TR02,P00779,Counter-IED Awareness,2025-05-30,2025-06-02,24.6
P00779-TR03,P00779,Physical Efficiency Test Preparation,2026-08-01,2026-08-03,19.7
P00779-TR04,P00779,Crowd Management,2025-05-18,2025-05-20,8.9
P00779-TR05,P00779,Communications and Signals,2025-11-04,2025-11-06,13.9
P00779-TR06,P00779,First Response and Trauma Care,2025-06-02,2025-06-10,60.0
P00779-TR07,P00779,Weapons Refresher,2024-12-16,2024-12-19,24.3
P00780-TR01,P00780,Counter-IED Awareness,2026-02-13,2026-02-14,9.4
P00780-TR02,P00780,Counter-IED Awareness,2025-08-12,2025-08-14,12.7
P00780-TR03,P00780,Counter-IED Awareness,2025-04-11,2025-04-12,8.9
P00780-TR04,P00780,Communications and Signals,2026-05-20,2026-05-22,22.4
P00780-TR05,P00780,First Response and Trauma Care,2026-03-17,2026-03-19,20.7
P00780-TR06,P00780,Stress Management Workshop,2024-11-12,2024-11-17,37.3
P00780-TR07,P00780,Physical Efficiency Test Preparation,2025-04-11,2025-04-12,10.6
P00780-TR08,P00780,Stress Management Workshop,2026-08-12,2026-08-13,6.9
P00780-TR09,P00780,Communications and Signals,2026-06-12,2026-06-14,19.8
P00780-TR10,P00780,Physical Efficiency Test Preparation,2026-07-04,2026-07-10,48.9
P00780-TR11,P00780,Crowd Management,2026-01-10,2026-01-12,14.1
P00780-TR12,P00780,Crowd Management,2025-08-06,2025-08-09,30.2
P00780-TR13,P00780,Stress Management Workshop,2024-11-12,2024-11-13,8.6
P00780-TR14,P00780,Jungle Warfare Refresher,2025-01-17,2025-01-19,16.1
P00780-TR15,P00780,Stress Management Workshop,2025-12-18,2025-12-20,17.0
P00780-TR16,P00780,Weapons Refresher,2024-11-24,2024-11-26,14.1
P00780-TR17,P00780,Jungle Warfare Refresher,2026-04-02,2026-04-04,19.6
P00780-TR18,P00780,Jungle Warfare Refresher,2026-07-15,2026-07-16,6.2
P00780-TR19,P00780,Stress Management Workshop,2025-07-18,2025-07-20,9.4
P00780-TR20,P00780,Stress Management Workshop,2025-07-24,2025-07-27,28.6
P00780-TR21,P00780,Communications and Signals,2025-11-26,2025-11-29,20.7
P00780-TR22,P00780,Stress Management Workshop,2025-04-06,2025-04-09,22.8
P00780-TR23,P00780,Communications and Signals,2026-04-12,2026-04-14,12.1
P00781-TR01,P00781,Jungle Warfare Refresher,2026-07-28,2026-08-02,43.9
P00781-TR02,P00781,Communications and Signals,2025-12-16,2025-12-17,11.1
P00781-TR03,P00781,Physical Efficiency Test Preparation,2025-11-05,2025-11-08,21.8
P00781-TR04,P00781,Communications and Signals,2025-02-02,2025-02-09,57.5
P00781-TR05,P00781,Jungle Warfare Refresher,2025-02-16,2025-02-22,43.5
P00781-TR06,P00781,Physical Efficiency Test Preparation,2025-02-26,2025-03-01,22.6
P00781-TR07,P00781,Weapons Refresher,2026-07-28,2026-07-30,16.2
P00782-TR01,P00782,Crowd Management,2026-04-29,2026-04-30,4.0
P00782-TR02,P00782,Physical Efficiency Test Preparation,2026-01-07,2026-01-12,37.5
P00782-TR03,P00782,Crowd Management,2025-05-26,2025-05-29,29.9
P00782-TR04,P00782,Crowd Management,2026-04-25,2026-04-28,22.2
P00782-TR05,P00782,Jungle Warfare Refresher,2025-02-14,2025-02-15,4.6
P00782-TR06,P00782,First Response and Trauma Care,2025-06-29,2025-07-02,19.9
P00782-TR07,P00782,Counter-IED Awareness,2024-11-29,2024-11-30,4.7
P00783-TR01,P00783,First Response and Trauma Care,2024-12-23,2024-12-26,28.2
P00783-TR02,P00783,Counter-IED Awareness,2025-09-06,2025-09-14,60.0
P00783-TR03,P00783,First Response and Trauma Care,2025-06-20,2025-06-25,39.0
P00783-TR04,P00783,Weapons Refresher,2024-12-10,2024-12-12,15.7
P00783-TR05,P00783,Counter-IED Awareness,2025-04-08,2025-04-09,11.5
P00783-TR06,P00783,Physical Efficiency Test Preparation,2025-06-21,2025-06-24,23.9
P00783-TR07,P00783,Physical Efficiency Test Preparation,2025-05-25,2025-05-26,6.8
P00783-TR08,P00783,Weapons Refresher,2024-09-03,2024-09-06,30.1
P00783-TR09,P00783,Physical Efficiency Test Preparation,2025-11-14,2025-11-19,45.0
P00783-TR10,P00783,Counter-IED Awareness,2025-03-27,2025-03-30,29.0
P00785-TR01,P00785,First Response and Trauma Care,2024-11-24,2024-11-28,31.5
P00785-TR02,P00785,Weapons Refresher,2025-11-11,2025-11-15,32.4
P00785-TR03,P00785,Communications and Signals,2025-06-30,2025-07-01,10.2
P00785-TR04,P00785,Crowd Management,2026-05-10,2026-05-14,32.7
P00785-TR05,P00785,Crowd Management,2024-12-28,2024-12-31,28.4
P00785-TR06,P00785,Communications and Signals,2025-09-03,2025-09-04,4.3
P00785-TR07,P00785,Jungle Warfare Refresher,2025-02-08,2025-02-11,28.1
P00785-TR08,P00785,Jungle Warfare Refresher,2024-09-10,2024-09-12,19.3
P00785-TR09,P00785,First Response and Trauma Care,2025-11-11,2025-11-13,21.1
P00785-TR10,P00785,Weapons Refresher,2025-03-06,2025-03-07,11.3
P00785-TR11,P00785,Weapons Refresher,2025-09-02,2025-09-05,27.8
P00785-TR12,P00785,First Response and Trauma Care,2025-12-23,2025-12-26,16.8
P00785-TR13,P00785,Stress Management Workshop,2025-02-16,2025-02-21,37.6
P00785-TR14,P00785,First Response and Trauma Care,2025-01-10,2025-01-12,13.6
P00785-TR15,P00785,Weapons Refresher,2025-06-29,2025-06-30,4.5
P00786-TR01,P00786,Jungle Warfare Refresher,2025-06-21,2025-06-26,34.4
P00786-TR02,P00786,Counter-IED Awareness,2025-12-25,2025-12-29,35.7
P00786-TR03,P00786,Jungle Warfare Refresher,2025-10-02,2025-10-03,6.2
P00786-TR04,P00786,Crowd Management,2025-10-11,2025-10-13,15.2
P00786-TR05,P00786,Crowd Management,2026-08-10,2026-08-12,13.1
P00786-TR06,P00786,First Response and Trauma Care,2025-02-19,2025-02-20,10.4
P00786-TR07,P00786,Counter-IED Awareness,2025-12-31,2026-01-04,26.3
P00786-TR08,P00786,Physical Efficiency Test Preparation,2024-10-08,2024-10-13,39.8
P00786-TR09,P00786,Communications and Signals,2024-12-10,2024-12-11,8.5
P00787-TR01,P00787,Weapons Refresher,2024-11-21,2024-11-26,42.8
P00787-TR02,P00787,Weapons Refresher,2025-11-11,2025-11-14,27.4
P00787-TR03,P00787,Communications and Signals,2025-12-27,2025-12-31,37.3
P00787-TR04,P00787,Jungle Warfare Refresher,2025-06-14,2025-06-21,57.2
P00787-TR05,P00787,Crowd Management,2025-07-30,2025-08-01,17.4
P00787-TR06,P00787,Jungle Warfare Refresher,2026-03-12,2026-03-14,15.1
P00787-TR07,P00787,Weapons Refresher,2024-10-14,2024-10-15,5.5
P00787-TR08,P00787,Jungle Warfare Refresher,2026-01-24,2026-01-27,25.7
P00787-TR09,P00787,First Response and Trauma Care,2025-12-30,2025-12-31,6.4
P00787-TR10,P00787,Physical Efficiency Test Preparation,2025-12-01,2025-12-04,24.0
P00788-TR01,P00788,First Response and Trauma Care,2025-11-14,2025-11-17,23.5
P00788-TR02,P00788,Counter-IED Awareness,2026-01-02,2026-01-03,7.1
P00788-TR03,P00788,Jungle Warfare Refresher,2025-01-06,2025-01-10,27.3
P00788-TR04,P00788,Stress Management Workshop,2025-09-08,2025-09-10,14.4
P00788-TR05,P00788,Stress Management Workshop,2025-03-01,2025-03-06,45.1
P00788-TR06,P00788,Communications and Signals,2025-09-20,2025-09-25,46.4
P00788-TR07,P00788,Weapons Refresher,2024-11-26,2024-11-28,14.8
P00788-TR08,P00788,Stress Management Workshop,2026-06-14,2026-06-15,9.3
P00789-TR01,P00789,Physical Efficiency Test Preparation,2026-04-01,2026-04-02,5.3
P00789-TR02,P00789,Jungle Warfare Refresher,2025-01-11,2025-01-14,24.3
P00789-TR03,P00789,Communications and Signals,2024-12-07,2024-12-09,14.9
P00789-TR04,P00789,Physical Efficiency Test Preparation,2026-08-11,2026-08-14,18.7
P00789-TR05,P00789,Stress Management Workshop,2026-04-05,2026-04-07,20.2
P00789-TR06,P00789,Jungle Warfare Refresher,2025-01-31,2025-02-03,23.5
P00789-TR07,P00789,Crowd Management,2025-09-26,2025-09-27,4.7
P00789-TR08,P00789,Jungle Warfare Refresher,2024-12-03,2024-12-06,22.4
P00790-TR01,P00790,Communications and Signals,2025-04-23,2025-04-24,4.4
P00790-TR02,P00790,Counter-IED Awareness,2025-08-23,2025-08-26,19.7
P00790-TR03,P00790,Crowd Management,2026-07-05,2026-07-06,11.5
P00790-TR04,P00790,Crowd Management,2026-03-16,2026-03-20,30.6
P00790-TR05,P00790,Physical Efficiency Test Preparation,2024-09-19,2024-09-26,52.1
P00791-TR01,P00791,Physical Efficiency Test Preparation,2026-05-15,2026-05-16,4.0
P00791-TR02,P00791,Counter-IED Awareness,2026-08-07,2026-08-10,23.7
P00791-TR03,P00791,Physical Efficiency Test Preparation,2026-08-08,2026-08-13,39.8
P00791-TR04,P00791,Crowd Management,2026-06-27,2026-06-30,25.4
P00791-TR05,P00791,Stress Management Workshop,2026-04-27,2026-05-01,33.2
P00791-TR06,P00791,Crowd Management,2025-12-16,2025-12-19,21.5
P00791-TR07,P00791,Crowd Management,2026-08-21,2026-08-23,19.3
P00791-TR08,P00791,Jungle Warfare Refresher,2025-09-04,2025-09-06,9.6
P00791-TR09,P00791,First Response and Trauma Care,2026-04-01,2026-04-03,13.9
P00791-TR10,P00791,Weapons Refresher,2024-12-08,2024-12-10,22.8
P00791-TR11,P00791,Communications and Signals,2025-06-24,2025-06-26,14.8
P00792-TR01,P00792,Communications and Signals,2025-06-11,2025-06-13,20.6
P00792-TR02,P00792,Communications and Signals,2025-02-17,2025-02-20,18.1
P00792-TR03,P00792,Crowd Management,2024-10-07,2024-10-08,11.9
P00792-TR04,P00792,First Response and Trauma Care,2025-09-23,2025-09-24,4.3
P00792-TR05,P00792,Communications and Signals,2026-03-27,2026-03-29,21.1
P00792-TR06,P00792,Counter-IED Awareness,2025-03-10,2025-03-14,33.6
P00792-TR07,P00792,Weapons Refresher,2025-06-09,2025-06-10,12.6
P00792-TR08,P00792,Communications and Signals,2026-05-10,2026-05-12,18.0
P00792-TR09,P00792,Weapons Refresher,2025-09-13,2025-09-15,13.1
P00792-TR10,P00792,First Response and Trauma Care,2025-04-29,2025-05-01,11.2
P00792-TR11,P00792,Communications and Signals,2024-09-04,2024-09-08,29.3
P00792-TR12,P00792,Communications and Signals,2025-06-24,2025-07-02,60.0
P00792-TR13,P00792,Physical Efficiency Test Preparation,2024-11-20,2024-11-24,28.4
P00792-TR14,P00792,Physical Efficiency Test Preparation,2025-09-04,2025-09-05,5.1
P00793-TR01,P00793,First Response and Trauma Care,2025-08-12,2025-08-14,19.4
P00793-TR02,P00793,Crowd Management,2026-03-31,2026-04-06,49.9
P00793-TR03,P00793,Weapons Refresher,2026-07-30,2026-08-01,22.7
P00793-TR04,P00793,Crowd Management,2024-10-20,2024-10-22,11.0
P00793-TR05,P00793,First Response and Trauma Care,2024-11-03,2024-11-04,6.7
P00793-TR06,P00793,Communications and Signals,2025-05-28,2025-05-30,15.4
P00793-TR07,P00793,Counter-IED Awareness,2025-07-23,2025-07-27,29.3
P00793-TR08,P00793,Jungle Warfare Refresher,2026-02-09,2026-02-11,12.3
P00793-TR09,P00793,Jungle Warfare Refresher,2026-07-24,2026-07-27,22.2
P00793-TR10,P00793,First Response and Trauma Care,2025-01-08,2025-01-10,21.1
P00794-TR01,P00794,Communications and Signals,2025-07-16,2025-07-19,25.5
P00794-TR02,P00794,Physical Efficiency Test Preparation,2024-11-24,2024-11-27,25.2
P00794-TR03,P00794,Counter-IED Awareness,2025-12-05,2025-12-08,21.4
P00794-TR04,P00794,Physical Efficiency Test Preparation,2025-05-20,2025-05-25,36.0
P00794-TR05,P00794,Physical Efficiency Test Preparation,2026-05-28,2026-05-30,20.7
P00794-TR06,P00794,Physical Efficiency Test Preparation,2026-07-05,2026-07-08,29.7
P00794-TR07,P00794,Crowd Management,2024-11-05,2024-11-06,5.3
P00795-TR01,P00795,Stress Management Workshop,2025-10-31,2025-11-03,22.7
P00795-TR02,P00795,Communications and Signals,2026-07-03,2026-07-04,14.1
P00795-TR03,P00795,Counter-IED Awareness,2025-11-07,2025-11-12,38.6
P00795-TR04,P00795,Physical Efficiency Test Preparation,2026-06-04,2026-06-05,5.8
P00795-TR05,P00795,Physical Efficiency Test Preparation,2025-11-18,2025-11-24,45.8
P00795-TR06,P00795,Jungle Warfare Refresher,2025-04-21,2025-04-24,22.9
P00795-TR07,P00795,Counter-IED Awareness,2025-09-18,2025-09-21,20.1
P00795-TR08,P00795,Jungle Warfare Refresher,2026-02-21,2026-02-25,28.6
P00796-TR01,P00796,Weapons Refresher,2024-10-05,2024-10-07,14.9
P00796-TR02,P00796,First Response and Trauma Care,2025-11-03,2025-11-06,25.9
P00796-TR03,P00796,Communications and Signals,2024-11-20,2024-11-27,54.4
P00796-TR04,P00796,Counter-IED Awareness,2025-02-08,2025-02-09,9.3
P00796-TR05,P00796,Weapons Refresher,2024-10-21,2024-10-29,60.0
P00796-TR06,P00796,Crowd Management,2024-12-28,2025-01-04,58.7
P00796-TR07,P00796,Crowd Management,2024-11-13,2024-11-14,13.7
P00797-TR01,P00797,Jungle Warfare Refresher,2025-12-26,2025-12-29,20.5
P00797-TR02,P00797,Stress Management Workshop,2025-08-17,2025-08-22,39.7
P00797-TR03,P00797,Physical Efficiency Test Preparation,2025-06-02,2025-06-07,43.8
P00797-TR04,P00797,Stress Management Workshop,2025-03-08,2025-03-10,17.7
P00797-TR05,P00797,Counter-IED Awareness,2026-01-16,2026-01-18,13.3
P00797-TR06,P00797,Physical Efficiency Test Preparation,2024-09-01,2024-09-05,32.0
P00797-TR07,P00797,Physical Efficiency Test Preparation,2026-03-22,2026-03-24,21.0
P00797-TR08,P00797,Weapons Refresher,2024-09-18,2024-09-20,9.3
P00797-TR09,P00797,Weapons Refresher,2025-08-17,2025-08-18,13.4
P00797-TR10,P00797,Weapons Refresher,2025-04-27,2025-04-30,21.6
P00797-TR11,P00797,Crowd Management,2025-09-27,2025-09-28,8.2
P00798-TR01,P00798,Crowd Management,2024-11-05,2024-11-08,25.4
P00798-TR02,P00798,Communications and Signals,2026-05-02,2026-05-04,15.5
P00798-TR03,P00798,Communications and Signals,2026-06-30,2026-07-04,31.9
P00798-TR04,P00798,Weapons Refresher,2025-09-16,2025-09-18,14.4
P00798-TR05,P00798,Communications and Signals,2026-06-21,2026-06-25,26.0
P00798-TR06,P00798,Communications and Signals,2025-08-26,2025-08-27,4.1
P00798-TR07,P00798,Counter-IED Awareness,2025-05-10,2025-05-15,43.3
P00798-TR08,P00798,Weapons Refresher,2024-11-27,2024-11-29,22.0
P00798-TR09,P00798,Physical Efficiency Test Preparation,2025-06-18,2025-06-20,17.2
P00799-TR01,P00799,Stress Management Workshop,2025-02-02,2025-02-04,11.5
P00799-TR02,P00799,Weapons Refresher,2025-12-30,2025-12-31,5.6
P00799-TR03,P00799,Crowd Management,2025-02-28,2025-03-02,12.0
P00799-TR04,P00799,Weapons Refresher,2025-01-24,2025-01-28,30.9
P00799-TR05,P00799,Counter-IED Awareness,2026-02-17,2026-02-18,9.0
P00799-TR06,P00799,First Response and Trauma Care,2026-06-22,2026-06-27,37.9
P00799-TR07,P00799,Counter-IED Awareness,2026-05-05,2026-05-08,22.7
P00799-TR08,P00799,Crowd Management,2026-07-01,2026-07-02,7.4
P00800-TR01,P00800,Physical Efficiency Test Preparation,2025-07-21,2025-07-22,9.5
P00800-TR02,P00800,Counter-IED Awareness,2025-11-09,2025-11-14,38.8
P00800-TR03,P00800,Crowd Management,2026-08-02,2026-08-06,31.4
P00800-TR04,P00800,Crowd Management,2026-08-17,2026-08-20,24.3
P00800-TR05,P00800,Physical Efficiency Test Preparation,2025-08-28,2025-08-29,8.0
P00800-TR06,P00800,Weapons Refresher,2025-04-15,2025-04-21,45.8
P00800-TR07,P00800,Crowd Management,2025-03-18,2025-03-20,14.7
P00800-TR08,P00800,Jungle Warfare Refresher,2024-10-20,2024-10-22,17.3
P00800-TR09,P00800,Communications and Signals,2025-06-04,2025-06-07,24.3
P00800-TR10,P00800,Stress Management Workshop,2025-11-28,2025-12-02,35.3
P00800-TR11,P00800,Weapons Refresher,2025-09-22,2025-09-23,4.2
P00800-TR12,P00800,Stress Management Workshop,2024-11-19,2024-11-22,18.1
P00800-TR13,P00800,Weapons Refresher,2024-10-26,2024-10-29,24.5
P00800-TR14,P00800,Crowd Management,2025-08-08,2025-08-14,50.8
P00800-TR15,P00800,First Response and Trauma Care,2025-06-11,2025-06-13,18.5
P00800-TR16,P00800,Counter-IED Awareness,2025-11-14,2025-11-15,12.6
